{"type":"FeatureCollection","name":"tidal_current_mask_fine","generated_at":"2026-09-20T18:33:45+00:00","source":"MARC PREVIMER harmonic atlases (MARS2D, Tidal ToolBox analysis of the 2008-2009 replay); MARC PREVIMER harmonic atlases (MARS2D, Tidal ToolBox analysis of the 2008-2009 replay); MARC PREVIMER harmonic atlases (MARS2D, Tidal ToolBox analysis of the 2008-2009 replay); MARC PREVIMER harmonic atlases (MARS2D, Tidal ToolBox analysis of the 2008-2009 replay); MARC PREVIMER harmonic atlases (MARS2D, Tidal ToolBox analysis of the 2008-2009 replay); MARC PREVIMER harmonic atlases (MARS2D, Tidal ToolBox analysis of the 2008-2009 replay); BSH Stroemungsvorhersagen (operational surface-current forecast); BSH Stroemungsvorhersagen (operational surface-current forecast); BSH Stroemungsvorhersagen (operational surface-current forecast); BSH Stroemungsvorhersagen (operational surface-current forecast), harmonic atlases in the standard format (docs/harmonic_atlas_format.md)","features":[{"type":"Feature","properties":{"threshold_kt":0.5,"kind":"mask","atlas":"FINIS, MANW, MANE, SUDBZH, AQUI, MANGA, BSH_DB, BSH_IDB, BSH_AUSALT, BSH_CUXBRU","resolution_m":90,"method":"max speed over 15 days hourly, all constituents","area_deg2":33.73},"geometry":{"type":"MultiPolygon","coordinates":[[[[-4.328,43.41800000000288],[-4.309,43.41800000000288],[-4.309,43.408500000002874],[-4.2995,43.408500000002874],[-4.309,43.389500000002876],[-4.328,43.389500000002876],[-4.328,43.39900000000287],[-4.3375,43.39900000000287],[-4.328,43.41800000000288]]],[[[-3.5346,47.64899999999952],[-3.5346,47.659199999999515],[-3.5300000000000002,47.659199999999515],[-3.5300000000000002,47.664500000002874],[-3.5205,47.664500000002874],[-3.5205,47.67400000000288],[-3.4635000000000002,47.67400000000288],[-3.4635000000000002,47.664500000002874],[-3.454,47.664500000002874],[-3.454,47.645500000002876],[-3.4635000000000002,47.645500000002876],[-3.4635000000000002,47.63600000000287],[-3.473,47.63600000000287],[-3.473,47.645500000002876],[-3.521,47.645500000002876],[-3.521,47.64219999999952],[-3.527600000006715,47.645500000002876],[-3.5300000000000002,47.645500000002876],[-3.5300000000000002,47.64669999999952],[-3.5346,47.64899999999952]]],[[[-3.986,47.769000000002876],[-3.986,47.76119999999952],[-3.9766000000000004,47.76119999999952],[-3.9766000000000004,47.75779999999952],[-3.963,47.75439999999952],[-3.963,47.750999999999515],[-3.9596,47.750999999999515],[-3.9596,47.74079999999952],[-3.9562,47.74079999999952],[-3.9562,47.73739999999952],[-3.963,47.73399999999952],[-3.963,47.73059999999952],[-3.9698,47.73059999999952],[-3.9698,47.72719999999952],[-3.9765,47.72719999999952],[-3.9765,47.72150000000288],[-3.9575,47.72150000000288],[-3.9575,47.712000000002874],[-3.9195,47.712000000002874],[-3.9195,47.693000000002876],[-3.91,47.693000000002876],[-3.91,47.65500000000287],[-3.9195,47.65500000000287],[-3.9195,47.645500000002876],[-3.9868,47.645500000002876],[-3.9868,47.63539999999952],[-3.9901999999999997,47.63539999999952],[-3.9901999999999997,47.631999999999515],[-3.997,47.631999999999515],[-4.0004,47.63879999999952],[-4.0106,47.63879999999952],[-4.0106,47.64219999999952],[-4.0412,47.64219999999952],[-4.0412,47.63539999999952],[-4.0582,47.63539999999952],[-4.0582,47.631999999999515],[-4.065,47.631999999999515],[-4.0684000000000005,47.625199999999516],[-4.082,47.62179999999952],[-4.082,47.61839999999952],[-4.0888,47.61839999999952],[-4.0888,47.61159999999952],[-4.0956,47.61159999999952],[-4.0956,47.60819999999952],[-4.1024,47.60479999999952],[-4.1024,47.59459999999952],[-4.1058,47.59459999999952],[-4.1058,47.58439999999952],[-4.1092,47.58439999999952],[-4.1092,47.55379999999952],[-4.1024,47.55039999999952],[-4.1024,47.543599999999515],[-4.099,47.543599999999515],[-4.099,47.536799999999516],[-4.0956,47.536799999999516],[-4.0956,47.52659999999952],[-4.0922,47.52659999999952],[-4.0922,47.51979999999952],[-4.0888,47.51979999999952],[-4.0888,47.509599999999516],[-4.0854,47.509599999999516],[-4.0854,47.50279999999952],[-4.0786,47.49939999999952],[-4.0786,47.49259999999952],[-4.0718,47.48919999999952],[-4.0718,47.485799999999514],[-4.065,47.482399999999515],[-4.065,47.478999999999516],[-4.0616,47.478999999999516],[-4.0616,47.47559999999952],[-4.0582,47.47559999999952],[-4.0582,47.47219999999952],[-4.0548,47.47219999999952],[-4.0548,47.46879999999952],[-4.0514,47.46879999999952],[-4.0514,47.46539999999952],[-4.048,47.46539999999952],[-4.048,47.46199999999952],[-4.0412,47.46199999999952],[-4.0412,47.45859999999952],[-4.0344,47.45859999999952],[-4.0344,47.455199999999515],[-4.0276,47.455199999999515],[-4.0276,47.451799999999515],[-4.014,47.448399999999516],[-4.014,47.44499999999952],[-4.0072,47.44499999999952],[-4.0072,47.44159999999952],[-4.0004,47.44159999999952],[-4.0004,47.43819999999952],[-3.997,47.43819999999952],[-3.997,47.43479999999952],[-3.9936,47.43479999999952],[-3.9936,47.43139999999952],[-3.9868,47.42799999999952],[-3.9868,47.424599999999515],[-3.98,47.421199999999516],[-3.9766000000000004,47.41439999999952],[-3.9664,47.41439999999952],[-3.9664,47.41099999999952],[-3.9596,47.41099999999952],[-3.9596,47.40759999999952],[-3.9494,47.40759999999952],[-3.9459999999999997,47.40079999999952],[-3.9358,47.40079999999952],[-3.9358,47.39739999999952],[-3.9290000000000003,47.39739999999952],[-3.9290000000000003,47.39439999999928],[-3.926,47.39439999999928],[-3.926,47.39779999999928],[-3.9090000000000003,47.39779999999928],[-3.9090000000000003,47.40119999999928],[-3.9022,47.40119999999928],[-3.9022,47.40459999999928],[-3.8886000000000003,47.40459999999928],[-3.8852,47.411399999999276],[-3.875,47.411399999999276],[-3.875,47.414799999999275],[-3.8682000000000003,47.414799999999275],[-3.8682000000000003,47.418199999999274],[-3.8478000000000003,47.418199999999274],[-3.8444000000000003,47.42499999999928],[-3.8308,47.42499999999928],[-3.8308,47.42839999999928],[-3.8240000000000003,47.42839999999928],[-3.8240000000000003,47.43179999999928],[-3.8104,47.43179999999928],[-3.807,47.438599999999276],[-3.7968,47.438599999999276],[-3.7968,47.441999999999275],[-3.79,47.441999999999275],[-3.79,47.445399999999275],[-3.7798000000000003,47.445399999999275],[-3.7798000000000003,47.45219999999928],[-3.7594000000000003,47.45219999999928],[-3.7594000000000003,47.45559999999928],[-3.7390000000000003,47.45899999999928],[-3.7356000000000003,47.46579999999928],[-3.7288,47.46579999999928],[-3.7288,47.472599999999275],[-3.722,47.472599999999275],[-3.722,47.47939999999928],[-3.7152000000000003,47.47939999999928],[-3.7152000000000003,47.48619999999928],[-3.7118,47.48619999999928],[-3.7118,47.499799999999276],[-3.7084,47.499799999999276],[-3.705,47.526999999999276],[-3.7084,47.526999999999276],[-3.7084,47.55079999999928],[-3.7118,47.55079999999928],[-3.7118,47.560999999999275],[-3.7152000000000003,47.560999999999275],[-3.7186,47.57459999999928],[-3.7254,47.57459999999928],[-3.7254,47.58479999999928],[-3.722,47.58479999999928],[-3.722,47.60179999999928],[-3.7254,47.60179999999928],[-3.7254,47.645999999999276],[-3.7288,47.645999999999276],[-3.7288,47.656199999999274],[-3.7322,47.656199999999274],[-3.7322,47.683399999999274],[-3.7390000000000003,47.683399999999274],[-3.7390000000000003,47.68679999999928],[-3.7458,47.69019999999928],[-3.7458,47.69359999999928],[-3.7492,47.69359999999928],[-3.7492,47.69699999999928],[-3.7560000000000002,47.69699999999928],[-3.7560000000000002,47.70039999999928],[-3.7594000000000003,47.70039999999928],[-3.7594000000000003,47.707199999999276],[-3.7662,47.710599999999275],[-3.7662,47.713999999999274],[-3.7628,47.713999999999274],[-3.7628,47.71739999999928],[-3.7560000000000002,47.71739999999928],[-3.7560000000000002,47.72079999999928],[-3.7526,47.72079999999928],[-3.7526,47.72419999999928],[-3.7492,47.72419999999928],[-3.7492,47.72759999999928],[-3.7458,47.72759999999928],[-3.7458,47.73099999999928],[-3.7390000000000003,47.734399999999276],[-3.7390000000000003,47.741199999999274],[-3.7322,47.74459999999928],[-3.7322,47.75139999999928],[-3.7288,47.75139999999928],[-3.7288,47.768399999999275],[-3.7322,47.768399999999275],[-3.7322,47.77519999999928],[-3.7118,47.77859999999928],[-3.7118,47.78539999999928],[-3.705,47.78539999999928],[-3.7016,47.77859999999928],[-3.6744000000000003,47.77859999999928],[-3.6744000000000003,47.77519999999928],[-3.6676,47.77519999999928],[-3.6676,47.771799999999274],[-3.6642,47.771799999999274],[-3.6642,47.503199999999275],[-3.6676,47.503199999999275],[-3.6676,47.475999999999274],[-3.6642,47.475999999999274],[-3.6642,47.350199999999276],[-3.6710000000000003,47.350199999999276],[-3.6710000000000003,47.34679999999928],[-3.6846,47.34679999999928],[-3.6846,47.34339999999928],[-3.7288,47.34339999999928],[-3.7288,47.33999999999928],[-3.8609999999999998,47.33999999999928],[-3.8609999999999998,47.33959999999952],[-3.8542,47.33959999999952],[-3.8542,47.336199999999515],[-3.8508,47.336199999999515],[-3.8508,47.332799999999516],[-3.8440000000000003,47.332799999999516],[-3.8406000000000002,47.32599999999952],[-3.8338,47.32599999999952],[-3.8338,47.31919999999952],[-3.827,47.31919999999952],[-3.827,47.31579999999952],[-3.8202,47.31239999999952],[-3.8202,47.308999999999514],[-3.8167999999999997,47.308999999999514],[-3.8134,47.302199999999516],[-3.81,47.302199999999516],[-3.81,47.28519999999952],[-3.8066,47.28519999999952],[-3.8066,47.28179999999952],[-3.7998000000000003,47.28179999999952],[-3.7964,47.274999999999515],[-3.7896,47.274999999999515],[-3.7896,47.26819999999952],[-3.7862,47.26819999999952],[-3.7828,47.26139999999952],[-3.7794,47.26139999999952],[-3.7794,47.25119999999952],[-3.7828,47.25119999999952],[-3.7828,47.244399999999516],[-3.7862,47.244399999999516],[-3.7862,47.23079999999952],[-3.7828,47.23079999999952],[-3.7828,47.22399999999952],[-3.776,47.22059999999952],[-3.7747000000016775,47.218000000002874],[-3.739,47.218000000002874],[-3.739,47.20850000000287],[-3.6915,47.20850000000287],[-3.682,47.18950000000287],[-3.6535,47.18950000000287],[-3.644,47.170500000002875],[-3.625,47.170500000002875],[-3.625,47.16100000000287],[-3.549,47.151500000002876],[-3.5395,47.13250000000287],[-3.4255,47.123000000002875],[-3.4255,47.13250000000287],[-3.3875,47.13250000000287],[-3.378,47.151500000002876],[-3.359,47.151500000002876],[-3.3495,47.170500000002875],[-3.34,47.170500000002875],[-3.34,47.18950000000287],[-3.3305000000000002,47.18950000000287],[-3.321,47.20850000000287],[-3.2925,47.20850000000287],[-3.2925,47.218000000002874],[-3.283,47.218000000002874],[-3.283,47.23700000000287],[-3.2640000000000002,47.23700000000287],[-3.2640000000000002,47.275000000002876],[-3.2735,47.275000000002876],[-3.2735,47.29879999999952],[-3.2796000000000003,47.29879999999952],[-3.2796000000000003,47.305599999999515],[-3.2830000000000004,47.305599999999515],[-3.2830000000000004,47.308999999999514],[-3.2932,47.308999999999514],[-3.2932,47.31239999999952],[-3.3068,47.31579999999952],[-3.3102,47.32259999999952],[-3.3204000000000002,47.32259999999952],[-3.3204000000000002,47.32599999999952],[-3.3272000000000004,47.32599999999952],[-3.3272000000000004,47.32939999999952],[-3.3374,47.32939999999952],[-3.3407999999999998,47.336199999999515],[-3.3476,47.336199999999515],[-3.3476,47.341500000002874],[-3.3495,47.341500000002874],[-3.350249999998323,47.34299999999952],[-3.351,47.34299999999952],[-3.3544,47.34979999999952],[-3.3680000000000003,47.34979999999952],[-3.3680000000000003,47.35659999999952],[-3.3714000000000004,47.35659999999952],[-3.3714000000000004,47.359999999999516],[-3.3724000000067127,47.36050000000287],[-3.378,47.36050000000287],[-3.378,47.36329999999951],[-3.3782,47.363399999999515],[-3.3782,47.366799999999515],[-3.3816,47.366799999999515],[-3.3849333333355687,47.37346666667066],[-3.3851999999932936,47.37359999999952],[-3.3884,47.37359999999952],[-3.3884,47.37520000000287],[-3.3970000000000002,47.37950000000287],[-3.3970000000000002,47.417500000002875],[-3.4065,47.417500000002875],[-3.4065,47.45550000000287],[-3.416,47.45550000000287],[-3.416,47.465000000002874],[-3.4065,47.465000000002874],[-3.4065,47.47450000000288],[-3.378,47.47450000000288],[-3.378,47.48400000000287],[-3.3685,47.48400000000287],[-3.3685,47.51250000000287],[-3.378,47.51250000000287],[-3.3875,47.53150000000287],[-3.4065,47.53150000000287],[-3.416,47.569500000002876],[-3.435,47.57900000000287],[-3.435,47.588500000002874],[-3.4445,47.588500000002874],[-3.4445,47.60750000000287],[-3.4635000000000002,47.60750000000287],[-3.4635000000000002,47.617000000002875],[-3.4258,47.617000000002875],[-3.4258,47.61839999999952],[-3.419,47.61839999999952],[-3.4156000000000004,47.625199999999516],[-3.4088000000000003,47.625199999999516],[-3.4088000000000003,47.628599999999516],[-3.3918,47.628599999999516],[-3.3918,47.62650000000287],[-3.3875,47.62650000000287],[-3.3875,47.62134999999952],[-3.3816,47.61839999999952],[-3.3816,47.617000000002875],[-3.3685,47.617000000002875],[-3.3685,47.60750000000287],[-3.3495,47.59800000000287],[-3.3495,47.57900000000287],[-3.34,47.57900000000287],[-3.34,47.55050000000287],[-3.3305000000000002,47.55050000000287],[-3.3305000000000002,47.541000000002875],[-3.2925,47.541000000002875],[-3.283,47.522000000002876],[-3.226,47.522000000002876],[-3.226,47.51250000000287],[-3.207,47.51250000000287],[-3.207,47.50300000000287],[-3.1405000000000003,47.50300000000287],[-3.1310000000000002,47.48400000000287],[-3.093,47.48400000000287],[-3.093,47.485799999999514],[-3.0994,47.485799999999514],[-3.0994,47.49259999999952],[-3.096,47.49259999999952],[-3.096,47.49599999999952],[-3.093,47.49749999999952],[-3.093,47.50300000000287],[-3.0824,47.50300000000287],[-3.0824,47.50619999999952],[-3.0740000000000003,47.50619999999952],[-3.0740000000000003,47.51250000000287],[-3.0384499999983205,47.51250000000287],[-3.0382,47.512999999999515],[-3.036,47.512999999999515],[-3.036,47.522000000002876],[-2.998,47.522000000002876],[-2.998,47.512999999999515],[-2.9804,47.512999999999515],[-2.9804,47.51250000000287],[-2.979,47.51250000000287],[-2.979,47.509599999999516],[-2.9736000000000002,47.509599999999516],[-2.9736000000000002,47.50619999999952],[-2.9566,47.50619999999952],[-2.9566,47.50300000000287],[-2.9505,47.50300000000287],[-2.9505,47.52337499999952],[-2.9634,47.52659999999952],[-2.9634,47.53339999999952],[-2.9702,47.536799999999516],[-2.9702,47.540199999999516],[-2.9668,47.540199999999516],[-2.9668,47.54699999999952],[-2.96,47.54699999999952],[-2.96,47.55050000000287],[-2.96,47.55379999999952],[-2.9505,47.55379999999952],[-2.9505,47.56000000000287],[-2.9410000000000003,47.56000000000287],[-2.935720000001343,47.570560000000185],[-2.9362,47.570799999999515],[-2.9362,47.57759999999952],[-2.9464,47.57759999999952],[-2.9464,47.58779999999952],[-2.9328000000000003,47.59119999999952],[-2.9328000000000003,47.58779999999952],[-2.892,47.58779999999952],[-2.892,47.58439999999952],[-2.875,47.58439999999952],[-2.875,47.59459999999952],[-2.8648000000000002,47.59459999999952],[-2.8648000000000002,47.601399999999515],[-2.858,47.60479999999952],[-2.858,47.61159999999952],[-2.8546,47.61159999999952],[-2.8546,47.61499999999952],[-2.8478000000000003,47.61499999999952],[-2.8478000000000003,47.62179999999952],[-2.8172,47.62179999999952],[-2.8172,47.61839999999952],[-2.807,47.61839999999952],[-2.807,47.62179999999952],[-2.8002000000000002,47.62179999999952],[-2.7968,47.61499999999952],[-2.789,47.61499999999952],[-2.789,47.617000000002875],[-2.7795,47.617000000002875],[-2.77,47.63600000000287],[-2.7605,47.63600000000287],[-2.7605,47.645500000002876],[-2.751,47.645500000002876],[-2.751,47.588500000002874],[-2.77,47.588500000002874],[-2.77,47.57900000000287],[-2.773,47.57900000000287],[-2.773,47.57759999999952],[-2.7795,47.57759999999952],[-2.7795,47.55050000000287],[-2.786549999998325,47.55050000000287],[-2.7866,47.55039999999952],[-2.789,47.55039999999952],[-2.789,47.53150000000287],[-2.8080000000000003,47.522000000002876],[-2.8080000000000003,47.51250000000287],[-2.827,47.51250000000287],[-2.8365,47.53150000000287],[-2.865,47.53150000000287],[-2.865,47.541000000002875],[-2.9124000000000003,47.541000000002875],[-2.9124000000000003,47.536799999999516],[-2.9022,47.536799999999516],[-2.9022,47.51979999999952],[-2.9056,47.51979999999952],[-2.9056,47.512999999999515],[-2.9124000000000003,47.512999999999515],[-2.9124000000000003,47.509599999999516],[-2.9158,47.509599999999516],[-2.9158,47.50279999999952],[-2.9362,47.50279999999952],[-2.9362,47.50619999999952],[-2.9396,47.50619999999952],[-2.9410000000000003,47.50899999999952],[-2.9410000000000003,47.48400000000287],[-2.9315,47.48400000000287],[-2.922,47.465000000002874],[-2.9125,47.465000000002874],[-2.9125,47.45550000000287],[-2.903,47.45550000000287],[-2.903,47.40079999999952],[-2.8954,47.40079999999952],[-2.8954,47.398500000002876],[-2.884,47.398500000002876],[-2.884,47.393999999999515],[-2.8614,47.393999999999515],[-2.8614,47.390599999999516],[-2.8546,47.390599999999516],[-2.8546,47.38719999999952],[-2.8342,47.38719999999952],[-2.8342,47.390599999999516],[-2.8274,47.390599999999516],[-2.8274,47.393999999999515],[-2.8138,47.393999999999515],[-2.8138,47.39739999999952],[-2.8080000000000003,47.39739999999952],[-2.8080000000000003,47.398500000002876],[-2.807,47.398500000002876],[-2.807,47.40079999999952],[-2.7934,47.40079999999952],[-2.7934,47.40419999999952],[-2.789,47.40529999999952],[-2.789,47.40800000000287],[-2.779599999998324,47.40800000000287],[-2.7795,47.40819999999952],[-2.7795,47.43650000000287],[-2.789,47.43650000000287],[-2.789,47.446000000002876],[-2.8080000000000003,47.45550000000287],[-2.8080000000000003,47.47450000000288],[-2.751,47.47450000000288],[-2.7415000000000003,47.45550000000287],[-2.694,47.45550000000287],[-2.694,47.465000000002874],[-2.6750000000000003,47.465000000002874],[-2.6750000000000003,47.48400000000287],[-2.6744000000000003,47.484300000002875],[-2.6744000000000003,47.485799999999514],[-2.671400000006717,47.485799999999514],[-2.6676,47.487700000002874],[-2.6676,47.49259999999952],[-2.65780000000671,47.49259999999952],[-2.6574,47.49280000000287],[-2.6574,47.50619999999952],[-2.656,47.50619999999952],[-2.656,47.51250000000287],[-2.650849999998321,47.51250000000287],[-2.6506000000000003,47.512999999999515],[-2.6404,47.512999999999515],[-2.6404,47.51639999999952],[-2.6275,47.51962499999952],[-2.6275,47.522000000002876],[-2.6268000000000002,47.522000000002876],[-2.6268000000000002,47.52659999999952],[-2.62,47.52659999999952],[-2.6166,47.53339999999952],[-2.5962,47.53339999999952],[-2.5962,47.52999999999952],[-2.5996,47.52999999999952],[-2.5996,47.52659999999952],[-2.6098000000000003,47.52659999999952],[-2.6098000000000003,47.52319999999952],[-2.6166,47.52319999999952],[-2.616899999999161,47.522000000002876],[-2.6085000000000003,47.522000000002876],[-2.6085000000000003,47.50300000000287],[-2.561,47.50300000000287],[-2.561,47.617000000002875],[-2.5515,47.617000000002875],[-2.5420000000000003,47.541000000002875],[-2.523,47.541000000002875],[-2.523,47.522000000002876],[-2.4755000000000003,47.522000000002876],[-2.466,47.56000000000287],[-2.4565,47.56000000000287],[-2.447,47.57900000000287],[-2.428,47.57900000000287],[-2.428,47.541000000002875],[-2.4375,47.541000000002875],[-2.4375,47.53150000000287],[-2.447,47.53150000000287],[-2.447,47.51250000000287],[-2.4565,47.51250000000287],[-2.4565,47.49599999999952],[-2.4432,47.49599999999952],[-2.4432,47.49939999999952],[-2.4364000000000003,47.49939999999952],[-2.4364000000000003,47.50279999999952],[-2.4296,47.50279999999952],[-2.4296,47.49939999999952],[-2.4126000000000003,47.49939999999952],[-2.4126000000000003,47.48919999999952],[-2.4432,47.48919999999952],[-2.4432,47.49259999999952],[-2.4565,47.49259999999952],[-2.4565,47.47450000000288],[-2.5044,47.47450000000288],[-2.5044,47.455199999999515],[-2.5180000000000002,47.455199999999515],[-2.5180000000000002,47.451799999999515],[-2.523,47.451799999999515],[-2.523,47.43119999999952],[-2.5214000000000003,47.42799999999952],[-2.5146,47.42799999999952],[-2.5146,47.42700000000287],[-2.485,47.42700000000287],[-2.485,47.43650000000287],[-2.4375,47.43650000000287],[-2.4375,47.37950000000287],[-2.447,47.37950000000287],[-2.447,47.35100000000287],[-2.4375,47.35100000000287],[-2.4375,47.33200000000287],[-2.447,47.33200000000287],[-2.447,47.275000000002876],[-2.428,47.275000000002876],[-2.428,47.26550000000287],[-2.4126000000000003,47.26550000000287],[-2.4126000000000003,47.26819999999952],[-2.3854,47.26819999999952],[-2.3854,47.26479999999952],[-2.3786,47.26479999999952],[-2.3786,47.26139999999952],[-2.3752,47.26139999999952],[-2.3752,47.247799999999515],[-2.365,47.247799999999515],[-2.365,47.25119999999952],[-2.3548,47.25119999999952],[-2.3548,47.25459999999952],[-2.3480000000000003,47.25459999999952],[-2.3480000000000003,47.25119999999952],[-2.3425000000000002,47.25119999999952],[-2.3425000000000002,47.25600000000287],[-2.314,47.25600000000287],[-2.314,47.275000000002876],[-2.3045,47.275000000002876],[-2.3045,47.294000000002875],[-2.295,47.294000000002875],[-2.295,47.322500000002876],[-2.2855000000000003,47.322500000002876],[-2.2855000000000003,47.370000000002875],[-2.2760000000000002,47.370000000002875],[-2.2760000000000002,47.38900000000287],[-2.2665,47.38900000000287],[-2.257,47.42700000000287],[-2.2475,47.42700000000287],[-2.2475,47.446000000002876],[-2.238,47.446000000002876],[-2.238,47.465000000002874],[-2.2285,47.465000000002874],[-2.2190000000000003,47.50300000000287],[-2.2095000000000002,47.50300000000287],[-2.2095000000000002,47.522000000002876],[-2.2,47.522000000002876],[-2.1905,47.56000000000287],[-2.1715,47.569500000002876],[-2.1715,47.588500000002874],[-2.1525000000000003,47.59800000000287],[-2.1525000000000003,47.617000000002875],[-2.1430000000000002,47.617000000002875],[-2.1335,47.65500000000287],[-2.124,47.65500000000287],[-2.124,47.664500000002874],[-2.105,47.664500000002874],[-2.105,47.693000000002876],[-2.0860000000000003,47.70250000000287],[-2.0860000000000003,47.72150000000288],[-2.0765000000000002,47.72150000000288],[-2.0765000000000002,47.740500000002875],[-2.067,47.740500000002875],[-2.0575,47.77850000000287],[-2.048,47.77850000000287],[-2.048,47.79750000000287],[-2.029,47.80700000000287],[-2.0195000000000003,47.84500000000287],[-2.0100000000000002,47.84500000000287],[-2.0100000000000002,47.864000000002875],[-2.0005,47.864000000002875],[-2.0005,47.88300000000287],[-1.9909999999999997,47.88300000000287],[-1.9909999999999997,47.90200000000287],[-1.9815000000000005,47.90200000000287],[-1.9815000000000005,47.92100000000288],[-1.9625000000000004,47.93050000000287],[-1.9625000000000004,47.94950000000287],[-1.9245,47.94950000000287],[-1.9245,47.892500000002876],[-1.9340000000000002,47.892500000002876],[-1.9340000000000002,47.82600000000287],[-1.9435000000000002,47.82600000000287],[-1.9435000000000002,47.75950000000287],[-1.9530000000000003,47.75950000000287],[-1.9530000000000003,47.693000000002876],[-1.9625000000000004,47.693000000002876],[-1.9625000000000004,47.62650000000287],[-1.9720000000000004,47.62650000000287],[-1.9720000000000004,47.47450000000288],[-1.9815000000000005,47.47450000000288],[-1.9815000000000005,47.417500000002875],[-1.9909999999999997,47.417500000002875],[-1.9909999999999997,47.341500000002874],[-2.0005,47.341500000002874],[-2.0005,47.322500000002876],[-2.0100000000000002,47.322500000002876],[-2.0100000000000002,47.28450000000287],[-2.0195000000000003,47.28450000000287],[-2.0195000000000003,47.20850000000287],[-2.029,47.20850000000287],[-2.029,47.18950000000287],[-2.0385,47.18950000000287],[-2.0385,47.16100000000287],[-2.048,47.16100000000287],[-2.048,47.123000000002875],[-2.0575,47.123000000002875],[-2.0575,47.075500000002876],[-2.029,47.075500000002876],[-2.0195000000000003,47.05650000000287],[-2.0005,47.047000000002875],[-2.0005,47.028000000002876],[-2.0318,47.028000000002876],[-2.0318,47.02679999999952],[-2.0352,47.02679999999952],[-2.0352,47.02339999999952],[-2.0385,47.02339999999952],[-2.0385,47.00900000000287],[-2.048,47.00900000000287],[-2.048,46.971000000002874],[-2.0575,46.971000000002874],[-2.0575,46.93300000000287],[-2.105,46.93300000000287],[-2.105,46.91400000000287],[-2.1145,46.91400000000287],[-2.1145,46.88550000000287],[-2.1335,46.88550000000287],[-2.1335,46.89342499999952],[-2.144,46.890799999999516],[-2.144,46.887399999999516],[-2.162,46.887399999999516],[-2.162,46.88550000000287],[-2.1678,46.88550000000287],[-2.1678,46.87719999999952],[-2.1712000000000002,46.87719999999952],[-2.1712000000000002,46.88399999999952],[-2.1715,46.88399999999952],[-2.1715,46.87379999999952],[-2.1712000000000002,46.87379999999952],[-2.1678,46.860199999999516],[-2.1644,46.860199999999516],[-2.1644,46.84999999999952],[-2.161999999999039,46.84879999999904],[-2.1534,46.84879999999904],[-2.1534,46.82159999999904],[-2.15,46.82159999999904],[-2.15,46.81479999999904],[-2.1432,46.81139999999904],[-2.1432,46.80799999999903],[-2.133,46.80799999999903],[-2.1296,46.801199999999035],[-2.1228,46.801199999999035],[-2.1228,46.797799999999036],[-2.116,46.79439999999904],[-2.116,46.79099999999904],[-2.1058,46.79099999999904],[-2.1058,46.78759999999904],[-2.099,46.78759999999904],[-2.099,46.777399999999034],[-2.0956,46.777399999999034],[-2.0956,46.770599999999035],[-2.0888,46.770599999999035],[-2.0888,46.76039999999904],[-2.0752,46.76039999999904],[-2.0718,46.75359999999904],[-2.0616000000000003,46.75359999999904],[-2.0616000000000003,46.75019999999903],[-2.048,46.75019999999903],[-2.048,46.746799999999034],[-2.0446,46.746799999999034],[-2.0446,46.73659999999904],[-2.0412,46.73659999999904],[-2.0412,46.73319999999904],[-2.0276,46.73319999999904],[-2.0276,46.72639999999904],[-2.0242,46.72639999999904],[-2.0242,46.72299999999904],[-2.031,46.72299999999904],[-2.031,46.71959999999903],[-2.0344,46.71959999999903],[-2.0344,46.709399999999036],[-2.0412,46.70599999999904],[-2.0412,46.70259999999904],[-2.0514,46.70259999999904],[-2.0548,46.69579999999904],[-2.065,46.69579999999904],[-2.065,46.685599999999035],[-2.0582000000000003,46.682199999999035],[-2.0582000000000003,46.67539999999904],[-2.0548,46.67539999999904],[-2.0548,46.66859999999904],[-2.0514,46.66859999999904],[-2.0514,46.66179999999903],[-2.048,46.66179999999903],[-2.048,46.654999999999035],[-2.0446,46.654999999999035],[-2.0446,46.64479999999904],[-2.0412,46.64479999999904],[-2.0412,46.63799999999904],[-2.0344,46.63459999999904],[-2.0344,46.627799999999034],[-2.031,46.627799999999034],[-2.031,46.624399999999035],[-2.0242,46.620999999999036],[-2.0242,46.61759999999904],[-2.0208,46.61759999999904],[-2.0208,46.61419999999904],[-2.0140000000000002,46.61079999999904],[-2.0140000000000002,46.60739999999904],[-2.0106,46.60739999999904],[-2.0106,46.600599999999034],[-2.0038,46.597199999999035],[-2.0038,46.590399999999036],[-1.997,46.58699999999904],[-1.997,46.58019999999904],[-1.9902,46.57679999999904],[-1.9902,46.57339999999903],[-1.9834,46.57339999999903],[-1.98,46.566599999999035],[-1.9732,46.566599999999035],[-1.9732,46.559799999999036],[-1.9698,46.559799999999036],[-1.9664000000000001,46.55299999999904],[-1.963,46.55299999999904],[-1.963,46.54619999999904],[-1.9596,46.54619999999904],[-1.9596,46.539399999999034],[-1.946,46.539399999999034],[-1.946,46.535999999999035],[-1.9358,46.535999999999035],[-1.9358,46.532599999999036],[-1.9188,46.532599999999036],[-1.9188,46.52919999999904],[-1.9154,46.52919999999904],[-1.9120000000000001,46.52239999999904],[-1.9086,46.52239999999904],[-1.9086,46.51899999999904],[-1.895,46.51559999999904],[-1.895,46.512199999999034],[-1.8746,46.512199999999034],[-1.8746,46.508799999999034],[-1.8644,46.508799999999034],[-1.8644,46.505399999999035],[-1.8508,46.505399999999035],[-1.8508,46.501999999999036],[-1.8406,46.501999999999036],[-1.8406,46.505399999999035],[-1.8390000000000004,46.505399999999035],[-1.8390000000000004,46.505500000002876],[-1.8010000000000002,46.505500000002876],[-1.8010000000000002,46.48839999999904],[-1.7930000000000001,46.48839999999904],[-1.7930000000000001,46.481599999999034],[-1.7896,46.481599999999034],[-1.7862,46.474799999999036],[-1.7590000000000001,46.474799999999036],[-1.7590000000000001,46.46799999999904],[-1.7488000000000001,46.46799999999904],[-1.7488000000000001,46.46459999999904],[-1.742,46.46459999999904],[-1.742,46.46119999999904],[-1.7318,46.46119999999904],[-1.73020000000192,46.458000000002876],[-1.7060000000000004,46.458000000002876],[-1.7060000000000004,46.46750000000287],[-1.6965000000000003,46.46750000000287],[-1.6965000000000003,46.458000000002876],[-1.6870000000000003,46.458000000002876],[-1.6870000000000003,46.43959999999904],[-1.6867000000019168,46.43900000000287],[-1.6395,46.43900000000287],[-1.6395,46.44850000000287],[-1.6204999999999998,46.458000000002876],[-1.6204999999999998,46.477000000002874],[-1.6109999999999998,46.477000000002874],[-1.6109999999999998,46.505500000002876],[-1.6014999999999997,46.505500000002876],[-1.6014999999999997,46.524500000002874],[-1.5730000000000004,46.524500000002874],[-1.5730000000000004,46.57200000000287],[-1.5635000000000003,46.57200000000287],[-1.5635000000000003,46.600500000002874],[-1.5445000000000002,46.61000000000287],[-1.5445000000000002,46.59100000000287],[-1.5350000000000001,46.59100000000287],[-1.5350000000000001,46.42000000000287],[-1.5255,46.42000000000287],[-1.5255,46.39204999999903],[-1.5210000000000001,46.389799999999035],[-1.5210000000000001,46.382000000002876],[-1.5065,46.382000000002876],[-1.498499999998081,46.36599999999903],[-1.4938,46.36599999999903],[-1.4938,46.36300000000287],[-1.4590000000000005,46.36300000000287],[-1.4495000000000005,46.382000000002876],[-1.4305000000000003,46.39150000000287],[-1.4210000000000003,46.41050000000287],[-1.4115000000000002,46.41050000000287],[-1.4115000000000002,46.39150000000287],[-1.4210000000000003,46.39150000000287],[-1.4210000000000003,46.34400000000287],[-1.3925,46.34400000000287],[-1.3925,46.353500000002875],[-1.383,46.353500000002875],[-1.383,46.335399999999034],[-1.3816000000000002,46.335399999999034],[-1.3816000000000002,46.33415000000288],[-1.3729999999846358,46.331999999999034],[-1.3714000000000002,46.331999999999034],[-1.3714000000000002,46.33160000000287],[-1.3449999999999998,46.32500000000287],[-1.3449999999999998,46.31550000000287],[-1.3354999999999997,46.31550000000287],[-1.3354999999999997,46.30819999999903],[-1.3272000000000002,46.30819999999903],[-1.3272000000000002,46.306000000002875],[-1.3165000000000004,46.306000000002875],[-1.3165000000000004,46.297999999999035],[-1.3136,46.297999999999035],[-1.3136,46.29601666666954],[-1.2595,46.28700000000288],[-1.25,46.26800000000287],[-1.2024999999999997,46.26800000000287],[-1.2024999999999997,46.28700000000288],[-1.1844000000000001,46.29605000000287],[-1.1844000000000001,46.30819999999903],[-1.1747000000153645,46.30819999999903],[-1.161100000015333,46.31159999999904],[-1.1674,46.31159999999904],[-1.1674,46.31499999999904],[-1.14750000001533,46.31499999999904],[-1.1455000000000002,46.31550000000287],[-1.1455000000000002,46.31199999999904],[-1.1436000000000002,46.30819999999903],[-1.1402,46.30819999999903],[-1.1402,46.294599999999036],[-1.1334000000000002,46.29119999999904],[-1.1334000000000002,46.28099999999904],[-1.1368,46.28099999999904],[-1.1368,46.28439999999904],[-1.1455000000000002,46.28439999999904],[-1.1455000000000002,46.277500000002874],[-1.1360000000000001,46.277500000002874],[-1.1360000000000001,46.267399999999036],[-1.1334000000000002,46.267399999999036],[-1.1334000000000002,46.26399999999904],[-1.1360000000000001,46.262699999999036],[-1.1360000000000001,46.258500000002876],[-1.1402,46.258500000002876],[-1.1402,46.25719999999904],[-1.1504,46.25719999999904],[-1.1538000000000002,46.25039999999904],[-1.1550000000000002,46.25039999999904],[-1.1550000000000002,46.23950000000287],[-1.1740000000000004,46.23950000000287],[-1.1835000000000004,46.22050000000287],[-1.1946,46.22050000000287],[-1.1946,46.21979999999904],[-1.1980000000000002,46.21979999999904],[-1.1980000000000002,46.216399999999034],[-1.2082000000000002,46.216399999999034],[-1.2082000000000002,46.209599999999035],[-1.2119999999999997,46.207699999999036],[-1.2119999999999997,46.20150000000287],[-1.215,46.20150000000287],[-1.215,46.19259999999904],[-1.2214999999999998,46.18934999999903],[-1.2214999999999998,46.182500000002875],[-1.22347499999904,46.182500000002875],[-1.2252,46.17559999999904],[-1.2286000000000001,46.17559999999904],[-1.2286000000000001,46.17219999999904],[-1.2309999999999999,46.17099999999904],[-1.2309999999999999,46.154000000002874],[-1.2024999999999997,46.154000000002874],[-1.1962999999980815,46.14159999999904],[-1.1946,46.14159999999904],[-1.1946,46.138200000002875],[-1.1930000000000005,46.135000000002876],[-1.1740000000000004,46.135000000002876],[-1.1740000000000004,46.12550000000287],[-1.1645000000000003,46.12550000000287],[-1.1645000000000003,46.115374999999034],[-1.1606,46.11439999999904],[-1.1606,46.10759999999904],[-1.1562000000153427,46.106500000002875],[-1.1550000000000002,46.106500000002875],[-1.1550000000000002,46.10619999999904],[-1.147,46.10419999999904],[-1.147,46.10079999999903],[-1.1368,46.10079999999903],[-1.1368,46.097399999999034],[-1.1360000000076755,46.09700000000287],[-1.1265,46.09700000000287],[-1.119899999998082,46.08379999999904],[-1.1198000000000001,46.08379999999904],[-1.1198000000000001,46.083600000002875],[-1.1181999999980825,46.08039999999904],[-1.1130000000000002,46.08039999999904],[-1.1130000000000002,46.07800000000287],[-1.0979999999999999,46.07800000000287],[-1.0979999999999999,46.04639999999904],[-1.096,46.04639999999904],[-1.096,46.04299999999904],[-1.0824,46.04299999999904],[-1.0824,46.04000000000288],[-1.0789999999999997,46.04000000000288],[-1.0789999999999997,46.039599999999034],[-1.0756000000000001,46.039599999999034],[-1.0756000000000001,46.036199999999035],[-1.0789999999999997,46.036199999999035],[-1.0789999999999997,46.01919999999904],[-1.0756000000000001,46.01919999999904],[-1.0756000000000001,46.01579999999904],[-1.0688000000000002,46.01579999999904],[-1.0688000000000002,46.008999999999034],[-1.0756000000000001,46.008999999999034],[-1.0756000000000001,45.99879999999904],[-1.0892000000000002,45.99879999999904],[-1.0892000000000002,46.00200000000287],[-1.0979999999999999,46.00200000000287],[-1.0979999999999999,45.978399999999034],[-1.096,45.978399999999034],[-1.096,45.974999999999035],[-1.0930000000076732,45.97350000000287],[-1.0600000000000005,45.97350000000287],[-1.0600000000000005,45.964000000002876],[-1.0505000000000004,45.964000000002876],[-1.0505000000000004,45.94500000000287],[-0.984,45.94500000000287],[-0.984,45.935500000002875],[-1.0884999999999998,45.935500000002875],[-1.0892000000000002,45.932700000002875],[-1.0892000000000002,45.92399999999904],[-1.0913750000009583,45.92399999999904],[-1.0979999999999999,45.89750000000287],[-1.1028,45.89750000000287],[-1.1028,45.89339999999903],[-1.1062,45.89339999999903],[-1.1062,45.889999999999034],[-1.1075,45.889999999999034],[-1.1075,45.888000000002876],[-1.1265,45.888000000002876],[-1.1360000000000001,45.86900000000287],[-1.1550000000000002,45.859500000002875],[-1.1550000000000002,45.840500000002876],[-1.1740000000000004,45.840500000002876],[-1.1740000000000004,45.83899999999904],[-1.1708,45.83899999999904],[-1.1708,45.81859999999904],[-1.1606,45.81859999999904],[-1.1606,45.812000000002875],[-1.1455000000000002,45.812000000002875],[-1.1455000000000002,45.80499999999903],[-1.1436000000000002,45.80499999999903],[-1.1436000000000002,45.80250000000287],[-1.1360000000000001,45.80250000000287],[-1.1360000000000001,45.74550000000287],[-1.1265,45.74550000000287],[-1.1265,45.736000000002875],[-1.0505000000000004,45.736000000002875],[-1.0505000000000004,45.74550000000287],[-1.0315000000000003,45.74550000000287],[-1.0315000000000003,45.75500000000287],[-1.0030000000000001,45.75500000000287],[-0.9935,45.77400000000287],[-0.9459999999999997,45.77400000000287],[-0.9459999999999997,45.783500000002874],[-0.9080000000000004,45.783500000002874],[-0.9080000000000004,45.79300000000288],[-0.8605,45.79300000000288],[-0.8605,45.80250000000287],[-0.8224999999999998,45.80250000000287],[-0.8224999999999998,45.812000000002875],[-0.7845000000000004,45.812000000002875],[-0.7845000000000004,45.82150000000287],[-0.7750000000000004,45.82150000000287],[-0.7750000000000004,45.80250000000287],[-0.7845000000000004,45.80250000000287],[-0.7940000000000005,45.764500000002876],[-0.8035000000000005,45.764500000002876],[-0.8035000000000005,45.74550000000287],[-0.8129999999999997,45.74550000000287],[-0.8129999999999997,45.71700000000287],[-0.8224999999999998,45.71700000000287],[-0.8224999999999998,45.688500000002875],[-0.8035000000000005,45.688500000002875],[-0.8035000000000005,45.67900000000287],[-0.8129999999999997,45.67900000000287],[-0.8129999999999997,45.660000000002874],[-0.8224999999999998,45.660000000002874],[-0.8224999999999998,45.641000000002876],[-0.8319999999999999,45.641000000002876],[-0.8414999999999999,45.60300000000287],[-0.8605,45.59350000000288],[-0.8605,45.55550000000287],[-0.8700000000000001,45.55550000000287],[-0.8700000000000001,45.50919999999903],[-0.8682000000000003,45.50919999999903],[-0.8682000000000003,45.50800000000287],[-0.8605,45.50800000000287],[-0.8605,45.502399999999035],[-0.8580000000000001,45.502399999999035],[-0.8580000000000001,45.498999999999036],[-0.8478000000000003,45.498999999999036],[-0.8475500000019175,45.49850000000287],[-0.8414999999999999,45.49850000000287],[-0.8414999999999999,45.49219999999904],[-0.8342,45.49219999999904],[-0.8342,45.489000000002875],[-0.8035000000000005,45.489000000002875],[-0.7940000000000005,45.50800000000287],[-0.7845000000000004,45.50800000000287],[-0.7845000000000004,45.517500000002876],[-0.7655000000000003,45.517500000002876],[-0.7655000000000003,45.52700000000287],[-0.7560000000000002,45.52700000000287],[-0.7560000000000002,45.50800000000287],[-0.7655000000000003,45.50800000000287],[-0.7655000000000003,45.489000000002875],[-0.7750000000000004,45.489000000002875],[-0.7750000000000004,45.441500000002875],[-0.7655000000000003,45.441500000002875],[-0.7655000000000003,45.42419999999904],[-0.7627999999999999,45.42419999999904],[-0.7627999999999999,45.42250000000287],[-0.7465000000000002,45.42250000000287],[-0.7465000000000002,45.413000000002874],[-0.6705000000000005,45.42250000000287],[-0.6610000000000005,45.441500000002875],[-0.6230000000000002,45.441500000002875],[-0.6230000000000002,45.45100000000287],[-0.6040000000000001,45.45100000000287],[-0.6040000000000001,45.460500000002874],[-0.5659999999999998,45.460500000002874],[-0.5564999999999998,45.47950000000287],[-0.5185000000000004,45.47950000000287],[-0.5185000000000004,45.489000000002875],[-0.4995000000000003,45.489000000002875],[-0.4995000000000003,45.49850000000287],[-0.4710000000000001,45.49850000000287],[-0.4710000000000001,45.50800000000287],[-0.45199999999999996,45.50800000000287],[-0.45199999999999996,45.517500000002876],[-0.4139999999999997,45.517500000002876],[-0.4045000000000005,45.536500000002874],[-0.36650000000000027,45.536500000002874],[-0.36650000000000027,45.54600000000288],[-0.34750000000000014,45.54600000000288],[-0.34750000000000014,45.55550000000287],[-0.31899999999999995,45.55550000000287],[-0.31899999999999995,45.565000000002875],[-0.2999999999999998,45.565000000002875],[-0.2999999999999998,45.57450000000287],[-0.26200000000000045,45.57450000000287],[-0.26200000000000045,45.584000000002874],[-0.24300000000000033,45.584000000002874],[-0.24300000000000033,45.59350000000288],[-0.21450000000000014,45.59350000000288],[-0.21450000000000014,45.60300000000287],[-0.1955,45.60300000000287],[-0.1955,45.612500000002875],[-0.15749999999999975,45.612500000002875],[-0.14800000000000058,45.63150000000287],[-0.11000000000000032,45.63150000000287],[-0.11000000000000032,45.641000000002876],[-0.07200000000000006,45.65050000000287],[-0.07200000000000006,45.660000000002874],[-0.052999999999999936,45.660000000002874],[-0.052999999999999936,45.66950000000287],[-0.015000000000000568,45.66950000000287],[-0.015000000000000568,45.67900000000287],[0.0039999999999995595,45.67900000000287],[0.0039999999999995595,45.688500000002875],[0.03249999999999975,45.688500000002875],[0.03249999999999975,45.69800000000287],[0.05149999999999988,45.69800000000287],[0.05149999999999988,45.707500000002874],[0.08000000000000007,45.707500000002874],[0.08000000000000007,45.71700000000287],[0.0990000000000002,45.71700000000287],[0.0990000000000002,45.72650000000287],[0.1274999999999995,45.72650000000287],[0.1274999999999995,45.71700000000287],[0.14649999999999963,45.707500000002874],[0.14649999999999963,45.67900000000287],[0.1559999999999997,45.67900000000287],[0.1559999999999997,45.63150000000287],[0.16549999999999976,45.63150000000287],[0.16549999999999976,45.612500000002875],[0.17499999999999982,45.612500000002875],[0.17499999999999982,45.584000000002874],[0.1844999999999999,45.584000000002874],[0.1844999999999999,45.55550000000287],[0.19399999999999995,45.55550000000287],[0.19399999999999995,45.517500000002876],[0.21300000000000008,45.50800000000287],[0.21300000000000008,45.460500000002874],[0.20350000000000001,45.460500000002874],[0.20350000000000001,45.45100000000287],[0.1559999999999997,45.45100000000287],[0.1559999999999997,45.441500000002875],[0.13699999999999957,45.441500000002875],[0.13699999999999957,45.43200000000287],[0.08950000000000014,45.43200000000287],[0.08950000000000014,45.42250000000287],[0.06099999999999994,45.42250000000287],[0.06099999999999994,45.413000000002874],[0.013499999999999623,45.413000000002874],[0.013499999999999623,45.40350000000287],[-0.0055000000000005045,45.40350000000287],[-0.0055000000000005045,45.394000000002876],[-0.052999999999999936,45.394000000002876],[-0.052999999999999936,45.38450000000287],[-0.07200000000000006,45.38450000000287],[-0.07200000000000006,45.37500000000287],[-0.11950000000000038,45.37500000000287],[-0.11950000000000038,45.365500000002875],[-0.1385000000000005,45.365500000002875],[-0.1385000000000005,45.35600000000287],[-0.18599999999999994,45.35600000000287],[-0.18599999999999994,45.34650000000288],[-0.21450000000000014,45.34650000000288],[-0.21450000000000014,45.337000000002874],[-0.26200000000000045,45.337000000002874],[-0.26200000000000045,45.32750000000287],[-0.29049999999999976,45.32750000000287],[-0.29049999999999976,45.318000000002876],[-0.3380000000000001,45.318000000002876],[-0.3380000000000001,45.30850000000287],[-0.36650000000000027,45.30850000000287],[-0.36650000000000027,45.29900000000288],[-0.42349999999999977,45.29900000000288],[-0.42349999999999977,45.289500000002874],[-0.45199999999999996,45.289500000002874],[-0.45199999999999996,45.28000000000287],[-0.4995000000000003,45.28000000000287],[-0.4995000000000003,45.270500000002876],[-0.5185000000000004,45.270500000002876],[-0.5185000000000004,45.26100000000287],[-0.5469999999999997,45.26100000000287],[-0.5469999999999997,45.25150000000287],[-0.5754999999999999,45.25150000000287],[-0.5754999999999999,45.242000000002875],[-0.6040000000000001,45.242000000002875],[-0.6135000000000002,45.22300000000287],[-0.6420000000000003,45.22300000000287],[-0.6515000000000004,45.20400000000287],[-0.6989999999999998,45.20400000000287],[-0.6989999999999998,45.166000000002875],[-0.6894999999999998,45.166000000002875],[-0.6894999999999998,45.13750000000287],[-0.6705000000000005,45.13750000000287],[-0.6705000000000005,45.118500000002875],[-0.6610000000000005,45.118500000002875],[-0.6610000000000005,45.10900000000287],[-0.6705000000000005,45.10900000000287],[-0.6799999999999997,45.071000000002876],[-0.6894999999999998,45.071000000002876],[-0.6894999999999998,45.05200000000287],[-0.6989999999999998,45.05200000000287],[-0.6989999999999998,45.01400000000287],[-0.7084999999999999,45.01400000000287],[-0.7084999999999999,44.995000000002875],[-0.718,44.995000000002875],[-0.718,44.97600000000287],[-0.7370000000000001,44.966500000002874],[-0.7370000000000001,44.947500000002876],[-0.7465000000000002,44.947500000002876],[-0.7465000000000002,44.92850000000287],[-0.7560000000000002,44.92850000000287],[-0.7560000000000002,44.90950000000287],[-0.7655000000000003,44.90950000000287],[-0.7655000000000003,44.89050000000287],[-0.7750000000000004,44.89050000000287],[-0.7750000000000004,44.871500000002875],[-0.7845000000000004,44.871500000002875],[-0.7845000000000004,44.85250000000288],[-0.7940000000000005,44.85250000000288],[-0.7940000000000005,44.843000000002874],[-0.8035000000000005,44.843000000002874],[-0.8129999999999997,44.86200000000287],[-0.8224999999999998,44.86200000000287],[-0.8224999999999998,44.871500000002875],[-0.8414999999999999,44.871500000002875],[-0.8414999999999999,44.88100000000287],[-0.851,44.88100000000287],[-0.851,44.89050000000287],[-0.8605,44.89050000000287],[-0.8700000000000001,44.90950000000287],[-0.8890000000000002,44.90950000000287],[-0.8890000000000002,44.919000000002875],[-0.8985000000000003,44.919000000002875],[-0.9080000000000004,44.93800000000287],[-0.9175000000000004,44.93800000000287],[-0.9175000000000004,44.947500000002876],[-0.9270000000000005,44.947500000002876],[-0.9270000000000005,44.97600000000287],[-0.9365000000000006,44.97600000000287],[-0.9365000000000006,45.01400000000287],[-0.9459999999999997,45.01400000000287],[-0.9459999999999997,45.071000000002876],[-0.9554999999999998,45.071000000002876],[-0.9554999999999998,45.18500000000287],[-0.9649999999999999,45.18500000000287],[-0.9649999999999999,45.213500000002874],[-0.9554999999999998,45.213500000002874],[-0.9554999999999998,45.23250000000287],[-0.9365000000000006,45.23250000000287],[-0.9365000000000006,45.25150000000287],[-0.9175000000000004,45.25150000000287],[-0.9175000000000004,45.270500000002876],[-0.8985000000000003,45.270500000002876],[-0.8985000000000003,45.289500000002874],[-0.8795000000000002,45.289500000002874],[-0.8795000000000002,45.30850000000287],[-0.8700000000000001,45.30850000000287],[-0.8700000000000001,45.337000000002874],[-0.9080000000000004,45.337000000002874],[-0.9080000000000004,45.34650000000288],[-0.8985000000000003,45.34650000000288],[-0.8985000000000003,45.38450000000287],[-0.8890000000000002,45.38450000000287],[-0.8890000000000002,45.409099999999036],[-0.8919999999999999,45.410599999999036],[-0.8919999999999999,45.414500000002874],[-0.9080000000000004,45.42250000000287],[-0.9080000000000004,45.43099999999904],[-0.9090000000000003,45.43099999999904],[-0.9090000000000003,45.43200000000287],[-0.9365000000000006,45.43200000000287],[-0.9459999999999997,45.413000000002874],[-0.984,45.413000000002874],[-0.984,45.460500000002874],[-0.9935,45.460500000002874],[-0.9935,45.47000000000287],[-1.0315000000000003,45.47000000000287],[-1.0315000000000003,45.495799999999036],[-1.0328500000019174,45.49850000000287],[-1.0410000000000004,45.49850000000287],[-1.0449428571417625,45.51427142856992],[-1.0484,45.51599999999904],[-1.0484,45.52619999999904],[-1.0479249999990412,45.52619999999904],[-1.0505000000000004,45.536500000002874],[-1.0884999999999998,45.536500000002874],[-1.0884999999999998,45.517500000002876],[-1.0979999999999999,45.517500000002876],[-1.0979999999999999,45.489000000002875],[-1.1075,45.489000000002875],[-1.1075,45.47000000000287],[-1.1550000000000002,45.47000000000287],[-1.1550000000000002,45.460500000002874],[-1.1627999999923286,45.460500000002874],[-1.1674,45.45819999999904],[-1.1674,45.444599999999035],[-1.1708,45.444599999999035],[-1.1708,45.43439999999904],[-1.1674,45.43439999999904],[-1.1674,45.42759999999904],[-1.1708,45.42759999999904],[-1.1708,45.417399999999034],[-1.1740000000000004,45.417399999999034],[-1.1740000000000004,45.394000000002876],[-1.181,45.394000000002876],[-1.181,45.390199999999034],[-1.1776000000000002,45.390199999999034],[-1.1776000000000002,45.383399999999035],[-1.181,45.383399999999035],[-1.181,45.36299999999903],[-1.1835000000000004,45.36299999999903],[-1.1835000000000004,45.35600000000287],[-1.1852749999995205,45.35600000000287],[-1.1878000000000002,45.33579999999904],[-1.1912,45.33579999999904],[-1.1912,45.328999999999034],[-1.1946,45.328999999999034],[-1.1946,45.298399999999035],[-1.1912,45.298399999999035],[-1.1912,45.28819999999904],[-1.1946,45.28819999999904],[-1.1946,45.271199999999034],[-1.1878000000000002,45.271199999999034],[-1.1878000000000002,45.267799999999035],[-1.1912,45.267799999999035],[-1.1912,45.23039999999904],[-1.1946,45.23039999999904],[-1.1946,45.18619999999903],[-1.1980000000000002,45.18619999999903],[-1.1980000000000002,45.16579999999904],[-1.2014,45.16579999999904],[-1.2014,45.14199999999904],[-1.2048,45.14199999999904],[-1.2048,45.10799999999904],[-1.2082000000000002,45.10799999999904],[-1.2082000000000002,45.094399999999034],[-1.2116,45.094399999999034],[-1.2116,45.07739999999904],[-1.2184000000000001,45.07739999999904],[-1.2184000000000001,45.07059999999904],[-1.2252,45.07059999999904],[-1.2252,45.06719999999903],[-1.2286000000000001,45.06719999999903],[-1.2286000000000001,45.063799999999034],[-1.2354,45.060399999999035],[-1.2354,45.04679999999904],[-1.2286000000000001,45.04679999999904],[-1.2286000000000001,45.03999999999904],[-1.2218,45.03999999999904],[-1.2218,44.99239999999904],[-1.2252,44.99239999999904],[-1.2252,44.98219999999904],[-1.2286000000000001,44.98219999999904],[-1.2286000000000001,44.975399999999034],[-1.2320000000000002,44.975399999999034],[-1.2320000000000002,44.96519999999904],[-1.2388000000000001,44.96179999999904],[-1.2388000000000001,44.95499999999904],[-1.2456,44.95159999999904],[-1.2456,44.944799999999034],[-1.249,44.944799999999034],[-1.249,44.937999999999036],[-1.2524000000000002,44.937999999999036],[-1.2524000000000002,44.90399999999904],[-1.2558,44.90399999999904],[-1.2558,44.89719999999904],[-1.2592,44.89719999999904],[-1.2592,44.883599999999035],[-1.2626000000000002,44.883599999999035],[-1.2626000000000002,44.87679999999904],[-1.266,44.87679999999904],[-1.266,44.856399999999034],[-1.2592,44.852999999999035],[-1.2592,44.84279999999904],[-1.2626000000000002,44.84279999999904],[-1.2626000000000002,44.83599999999904],[-1.266,44.83599999999904],[-1.266,44.83259999999903],[-1.2728000000000002,44.829199999999034],[-1.2728000000000002,44.822399999999035],[-1.2830000000000001,44.822399999999035],[-1.2830000000000001,44.818999999999036],[-1.2864,44.818999999999036],[-1.2864,44.795199999999035],[-1.2898,44.795199999999035],[-1.2898,44.78839999999904],[-1.3374000000000001,44.78839999999904],[-1.3374000000000001,44.791799999999036],[-1.3612000000000002,44.791799999999036],[-1.3612000000000002,44.78839999999904],[-1.3714000000000002,44.78839999999904],[-1.3714000000000002,44.78499999999904],[-1.3748,44.78499999999904],[-1.3748,44.77139999999903],[-1.3306,44.77139999999903],[-1.3306,44.761199999999036],[-1.334,44.761199999999036],[-1.334,44.75439999999904],[-1.3374000000000001,44.75439999999904],[-1.3374000000000001,44.74759999999904],[-1.3408,44.74759999999904],[-1.3408,44.740799999999034],[-1.3442,44.740799999999034],[-1.3476000000000001,44.706799999999035],[-1.3510000000000002,44.706799999999035],[-1.3544,44.69999999999904],[-1.3612000000000002,44.69999999999904],[-1.3612000000000002,44.703399999999036],[-1.3714000000000002,44.703399999999036],[-1.3714000000000002,44.706799999999035],[-1.3782,44.706799999999035],[-1.3782,44.710199999999034],[-1.3918000000000001,44.710199999999034],[-1.3952,44.71699999999904],[-1.4020000000000001,44.71699999999904],[-1.4054,44.72379999999904],[-1.4156000000000002,44.72379999999904],[-1.419,44.730599999999036],[-1.4292,44.730599999999036],[-1.4292,44.733999999999035],[-1.4394,44.733999999999035],[-1.4394,44.737399999999035],[-1.4564000000000001,44.737399999999035],[-1.4564000000000001,44.740799999999034],[-1.4632,44.740799999999034],[-1.4666000000000001,44.74759999999904],[-1.4734,44.74759999999904],[-1.4768000000000001,44.75439999999904],[-1.4938,44.75439999999904],[-1.4972,44.761199999999036],[-1.5074,44.761199999999036],[-1.5108000000000001,44.767999999999034],[-1.5210000000000001,44.767999999999034],[-1.5210000000000001,44.77139999999903],[-1.5278,44.77139999999903],[-1.5278,44.77479999999904],[-1.5414,44.77479999999904],[-1.5448000000000002,44.78159999999904],[-1.5516,44.78159999999904],[-1.5516,44.78499999999904],[-1.5584,44.78839999999904],[-1.5584,44.795199999999035],[-1.5788,44.795199999999035],[-1.5788,44.798599999999034],[-1.5856000000000001,44.798599999999034],[-1.589,44.80539999999904],[-1.6026,44.80539999999904],[-1.6026,44.80199999999904],[-1.657,44.80199999999904],[-1.657,44.795199999999035],[-1.6706,44.795199999999035],[-1.6706,44.78839999999904],[-1.7046000000000001,44.78499999999904],[-1.7046000000000001,44.78159999999904],[-1.7624,44.78159999999904],[-1.7624,44.77139999999903],[-1.7862,44.77139999999903],[-1.7896,44.764599999999035],[-1.8032000000000001,44.764599999999035],[-1.8032000000000001,44.761199999999036],[-1.8338,44.761199999999036],[-1.8338,44.75439999999904],[-1.844,44.75439999999904],[-1.844,44.75099999999904],[-1.8576000000000001,44.75099999999904],[-1.8576000000000001,44.74759999999904],[-1.8678000000000001,44.74759999999904],[-1.8678000000000001,44.74419999999904],[-1.8848,44.74419999999904],[-1.8848,44.740799999999034],[-1.9086,44.740799999999034],[-1.9086,44.737399999999035],[-1.9222000000000001,44.737399999999035],[-1.9222000000000001,44.733999999999035],[-2.0038,44.733999999999035],[-2.0038,44.730599999999036],[-2.0106,44.730599999999036],[-2.0140000000000002,44.72379999999904],[-2.0378,44.72379999999904],[-2.0378,44.72719999999904],[-2.048,44.72719999999904],[-2.048,44.730599999999036],[-2.0548,44.730599999999036],[-2.0548,44.733999999999035],[-2.0616000000000003,44.737399999999035],[-2.0616000000000003,44.740799999999034],[-2.0956,44.740799999999034],[-2.0956,44.737399999999035],[-2.1058,44.737399999999035],[-2.1058,44.733999999999035],[-2.1364,44.733999999999035],[-2.1364,44.730599999999036],[-2.1432,44.730599999999036],[-2.1466000000000003,44.72379999999904],[-2.1602,44.72379999999904],[-2.1602,44.730599999999036],[-2.167,44.730599999999036],[-2.167,44.737399999999035],[-2.1602,44.740799999999034],[-2.1602,44.74419999999904],[-2.1568,44.74419999999904],[-2.1568,44.75099999999904],[-2.1534,44.75099999999904],[-2.15,44.75779999999904],[-2.1432,44.75779999999904],[-2.1398,44.764599999999035],[-2.1194,44.764599999999035],[-2.116,44.75779999999904],[-2.0854,44.75779999999904],[-2.0854,44.767999999999034],[-2.0956,44.767999999999034],[-2.0956,44.77139999999903],[-2.1092,44.77139999999903],[-2.1092,44.77479999999904],[-2.116,44.77479999999904],[-2.116,44.77819999999904],[-2.1024000000000003,44.78159999999904],[-2.1024000000000003,44.78499999999904],[-2.0888,44.78499999999904],[-2.0888,44.795199999999035],[-2.0956,44.795199999999035],[-2.099,44.80199999999904],[-2.1194,44.80199999999904],[-2.1194,44.80539999999904],[-2.1262,44.80539999999904],[-2.1262,44.81559999999904],[-2.1228,44.81559999999904],[-2.1228,44.818999999999036],[-2.116,44.818999999999036],[-2.116,44.829199999999034],[-2.1262,44.829199999999034],[-2.1296,44.83599999999904],[-2.133,44.83599999999904],[-2.133,44.83939999999904],[-2.1398,44.84279999999904],[-2.1398,44.84619999999904],[-2.1432,44.84619999999904],[-2.1432,44.849599999999036],[-2.1636,44.849599999999036],[-2.1636,44.84619999999904],[-2.1738,44.84619999999904],[-2.1738,44.84279999999904],[-2.1806,44.84279999999904],[-2.1806,44.825799999999035],[-2.1772,44.825799999999035],[-2.1806,44.80539999999904],[-2.184,44.80539999999904],[-2.184,44.80199999999904],[-2.1908000000000003,44.80199999999904],[-2.1908000000000003,44.80539999999904],[-2.1942,44.80539999999904],[-2.1942,44.89050000000287],[-2.2,44.89050000000287],[-2.2,44.89719999999904],[-2.201,44.89719999999904],[-2.201,44.900000000002876],[-2.2095000000000002,44.900000000002876],[-2.2190000000000003,44.919000000002875],[-2.238,44.92850000000287],[-2.238,44.947500000002876],[-2.257,44.95700000000287],[-2.257,44.966500000002874],[-2.2855000000000003,44.966500000002874],[-2.295,44.98550000000287],[-2.3045,44.98550000000287],[-2.3045,44.995000000002875],[-2.3235,44.995000000002875],[-2.3235,45.00450000000287],[-2.333,45.00450000000287],[-2.333,45.01400000000287],[-2.3805,45.01400000000287],[-2.39,45.03300000000287],[-2.4185,45.03300000000287],[-2.428,45.05200000000287],[-2.4755000000000003,45.05200000000287],[-2.4755000000000003,45.06150000000287],[-2.4945,45.06150000000287],[-2.4945,45.071000000002876],[-2.523,45.071000000002876],[-2.523,45.08050000000287],[-2.5420000000000003,45.08050000000287],[-2.5420000000000003,45.090000000002874],[-2.618,45.090000000002874],[-2.6275,45.10900000000287],[-2.6465,45.10900000000287],[-2.6465,45.118500000002875],[-2.6655,45.118500000002875],[-2.6655,45.12800000000287],[-2.7225,45.12800000000287],[-2.7225,45.13750000000287],[-2.7605,45.13750000000287],[-2.7605,45.12800000000287],[-2.7795,45.12800000000287],[-2.789,45.147000000002876],[-2.884,45.15650000000287],[-2.884,45.166000000002875],[-2.8935,45.166000000002875],[-2.8935,45.18500000000287],[-2.903,45.18500000000287],[-2.903,45.20400000000287],[-2.922,45.20400000000287],[-2.9315,45.22300000000287],[-3.0265,45.22300000000287],[-3.0265,45.242000000002875],[-3.0455,45.242000000002875],[-3.055,45.26100000000287],[-3.0835,45.26100000000287],[-3.093,45.28000000000287],[-3.112,45.28000000000287],[-3.112,45.29900000000288],[-3.1310000000000002,45.30850000000287],[-3.1310000000000002,45.318000000002876],[-3.15,45.32750000000287],[-3.15,45.337000000002874],[-3.169,45.337000000002874],[-3.169,45.34650000000288],[-3.1975000000000002,45.34650000000288],[-3.1975000000000002,45.35600000000287],[-3.226,45.35600000000287],[-3.226,45.37500000000287],[-3.2355,45.37500000000287],[-3.2355,45.40350000000287],[-3.2545,45.413000000002874],[-3.2545,45.47950000000287],[-3.2640000000000002,45.47950000000287],[-3.2640000000000002,45.489000000002875],[-3.321,45.49850000000287],[-3.321,45.50800000000287],[-3.34,45.50800000000287],[-3.34,45.52700000000287],[-3.359,45.52700000000287],[-3.3685,45.54600000000288],[-3.3875,45.54600000000288],[-3.3875,45.55550000000287],[-3.416,45.55550000000287],[-3.416,45.565000000002875],[-3.4255,45.565000000002875],[-3.4255,45.584000000002874],[-3.435,45.584000000002874],[-3.435,45.60300000000287],[-3.454,45.60300000000287],[-3.4635000000000002,45.641000000002876],[-3.4825,45.641000000002876],[-3.492,45.660000000002874],[-3.511,45.660000000002874],[-3.5205,45.67900000000287],[-3.5395,45.67900000000287],[-3.5395,45.688500000002875],[-3.5585,45.69800000000287],[-3.568,45.71700000000287],[-3.5775,45.71700000000287],[-3.5775,45.72650000000287],[-3.587,45.72650000000287],[-3.587,45.736000000002875],[-3.606,45.74550000000287],[-3.6155,45.764500000002876],[-3.6345,45.77400000000287],[-3.6345,45.783500000002874],[-3.682,45.783500000002874],[-3.682,45.79300000000288],[-3.72,45.80250000000287],[-3.72,45.82150000000287],[-3.739,45.82150000000287],[-3.739,45.831000000002874],[-3.7485,45.831000000002874],[-3.7485,45.87850000000287],[-3.7675,45.87850000000287],[-3.7675,45.89750000000287],[-3.7865,45.89750000000287],[-3.7960000000000003,45.91650000000287],[-3.815,45.91650000000287],[-3.815,45.92600000000287],[-3.853,45.935500000002875],[-3.8625000000000003,45.954500000002874],[-3.8815,45.954500000002874],[-3.8815,45.964000000002876],[-3.9005,45.97350000000287],[-3.9005,45.983000000002875],[-3.9195,45.99250000000287],[-3.9195,46.00200000000287],[-3.9290000000000003,46.00200000000287],[-3.9290000000000003,46.02100000000287],[-3.9385,46.02100000000287],[-3.9385,46.030500000002874],[-3.9575,46.030500000002874],[-3.967,46.04950000000287],[-4.0145,46.04950000000287],[-4.024,46.06850000000287],[-4.043,46.06850000000287],[-4.043,46.07800000000287],[-4.0525,46.07800000000287],[-4.0525,46.087500000002876],[-4.0715,46.09700000000287],[-4.0715,46.106500000002875],[-4.0905000000000005,46.106500000002875],[-4.1,46.12550000000287],[-4.1285,46.12550000000287],[-4.1285,46.14450000000287],[-4.1475,46.14450000000287],[-4.157,46.16350000000287],[-4.176,46.16350000000287],[-4.176,46.182500000002875],[-4.195,46.19200000000287],[-4.195,46.20150000000287],[-4.2235,46.20150000000287],[-4.2330000000000005,46.22050000000287],[-4.252,46.22050000000287],[-4.252,46.23950000000287],[-4.2615,46.23950000000287],[-4.2615,46.29650000000287],[-4.271,46.29650000000287],[-4.271,46.306000000002875],[-4.29,46.31550000000287],[-4.2995,46.334500000002876],[-4.3469999999999995,46.334500000002876],[-4.3469999999999995,46.32500000000287],[-4.3565000000000005,46.32500000000287],[-4.3565000000000005,46.334500000002876],[-4.3945,46.334500000002876],[-4.404,46.353500000002875],[-4.442,46.353500000002875],[-4.442,46.36300000000287],[-4.461,46.36300000000287],[-4.461,46.37250000000287],[-4.4990000000000006,46.37250000000287],[-4.5085,46.39150000000287],[-4.537,46.39150000000287],[-4.537,46.401000000002874],[-4.556,46.401000000002874],[-4.5655,46.42000000000287],[-4.575,46.42000000000287],[-4.575,46.429500000002875],[-4.594,46.43900000000287],[-4.594,46.44850000000287],[-4.6225000000000005,46.44850000000287],[-4.6225000000000005,46.458000000002876],[-4.651,46.458000000002876],[-4.6605,46.477000000002874],[-4.6795,46.477000000002874],[-4.6795,46.49600000000287],[-4.6985,46.49600000000287],[-4.708,46.51500000000287],[-4.7555,46.51500000000287],[-4.765000000000001,46.53400000000288],[-4.784,46.54350000000287],[-4.784,46.57200000000287],[-4.7935,46.57200000000287],[-4.7935,46.59100000000287],[-4.8125,46.59100000000287],[-4.8125,46.629000000002875],[-4.822,46.629000000002875],[-4.822,46.68600000000287],[-4.841,46.68600000000287],[-4.8505,46.705000000002876],[-4.879,46.705000000002876],[-4.879,46.71450000000287],[-4.898,46.71450000000287],[-4.898,46.724000000002874],[-4.917,46.724000000002874],[-4.917,46.73350000000288],[-4.9835,46.73350000000288],[-4.993,46.752500000002875],[-5.0025,46.752500000002875],[-5.0025,46.78100000000288],[-5.0120000000000005,46.78100000000288],[-5.0120000000000005,46.800000000002875],[-5.031,46.80950000000287],[-5.031,46.81900000000287],[-5.0595,46.81900000000287],[-5.0595,46.828500000002876],[-5.0785,46.828500000002876],[-5.0785,46.83800000000287],[-5.164,46.83800000000287],[-5.164,46.828500000002876],[-5.183,46.828500000002876],[-5.183,46.83800000000287],[-5.2115,46.83800000000287],[-5.2115,46.847500000002874],[-5.2305,46.847500000002874],[-5.2305,46.85700000000287],[-5.24,46.85700000000287],[-5.24,46.876000000002875],[-5.2495,46.876000000002875],[-5.2495,46.895000000002874],[-5.259,46.895000000002874],[-5.259,46.93300000000287],[-5.2685,46.93300000000287],[-5.2780000000000005,46.952000000002876],[-5.297,46.952000000002876],[-5.3065,46.971000000002874],[-5.392,46.971000000002874],[-5.392,46.96150000000287],[-5.4205,46.96150000000287],[-5.4205,46.98050000000288],[-5.411,46.98050000000288],[-5.411,47.00900000000287],[-5.4205,47.00900000000287],[-5.43,47.028000000002876],[-5.449,47.028000000002876],[-5.449,47.03750000000287],[-5.4775,47.03750000000287],[-5.4775,47.047000000002875],[-5.5440000000000005,47.047000000002875],[-5.5440000000000005,47.03750000000287],[-5.5725,47.03750000000287],[-5.5725,47.028000000002876],[-5.601,47.028000000002876],[-5.601,47.03750000000287],[-5.6105,47.03750000000287],[-5.6105,47.05650000000287],[-5.62,47.05650000000287],[-5.62,47.10400000000287],[-5.639,47.10400000000287],[-5.6485,47.142000000002874],[-5.658,47.142000000002874],[-5.658,47.151500000002876],[-5.677,47.16100000000287],[-5.677,47.18000000000287],[-5.6865,47.18000000000287],[-5.6865,47.199000000002876],[-5.7055,47.199000000002876],[-5.715,47.218000000002874],[-5.734,47.218000000002874],[-5.734,50.37200000000287],[-5.7245,50.37200000000287],[-5.7245,50.35300000000287],[-5.715,50.35300000000287],[-5.715,50.32450000000287],[-5.7055,50.32450000000287],[-5.7055,50.29600000000287],[-5.696,50.29600000000287],[-5.696,50.27700000000287],[-5.6865,50.27700000000287],[-5.677,50.22000000000287],[-5.6675,50.22000000000287],[-5.6675,50.20100000000287],[-5.658,50.20100000000287],[-5.658,50.18200000000287],[-5.6485,50.18200000000287],[-5.6485,50.07750000000287],[-5.62,50.07750000000287],[-5.62,50.05850000000287],[-5.6105,50.05850000000287],[-5.6105,50.04900000000287],[-5.582,50.04900000000287],[-5.582,50.07750000000287],[-5.563,50.07750000000287],[-5.563,50.068000000002876],[-5.5345,50.068000000002876],[-5.5345,50.05850000000287],[-5.5155,50.05850000000287],[-5.506,50.039500000002874],[-5.468,50.039500000002874],[-5.468,50.04900000000287],[-5.4395,50.04900000000287],[-5.4395,50.09650000000288],[-5.43,50.09650000000288],[-5.43,50.115500000002875],[-5.411,50.115500000002875],[-5.411,50.05850000000287],[-5.4015,50.05850000000287],[-5.392,50.039500000002874],[-5.2780000000000005,50.039500000002874],[-5.2780000000000005,50.020500000002876],[-5.2685,50.020500000002876],[-5.2685,50.01100000000287],[-5.221,50.01100000000287],[-5.221,50.020500000002876],[-5.202,50.03000000000287],[-5.202,50.05850000000287],[-5.1925,50.05850000000287],[-5.1925,50.07750000000287],[-5.164,50.07750000000287],[-5.1545,50.05850000000287],[-5.0595,50.05850000000287],[-5.0595,50.09650000000288],[-5.0215,50.09650000000288],[-5.0215,50.144000000002876],[-4.993,50.144000000002876],[-4.993,50.18200000000287],[-4.9835,50.18200000000287],[-4.9835,50.17250000000287],[-4.9265,50.17250000000287],[-4.9265,50.191500000002875],[-4.917,50.191500000002875],[-4.917,50.20100000000287],[-4.8505,50.20100000000287],[-4.8505,50.210500000002874],[-4.841,50.210500000002874],[-4.8315,50.22950000000287],[-4.822,50.22950000000287],[-4.822,50.25800000000287],[-4.765000000000001,50.25800000000287],[-4.765000000000001,50.267500000002876],[-4.7555,50.267500000002876],[-4.7555,50.25800000000287],[-4.7175,50.25800000000287],[-4.7175,50.24850000000287],[-4.6795,50.24850000000287],[-4.6795,50.25800000000287],[-4.651,50.25800000000287],[-4.651,50.27700000000287],[-4.6129999999999995,50.27700000000287],[-4.6129999999999995,50.29600000000287],[-4.5655,50.29600000000287],[-4.5655,50.30550000000287],[-4.5465,50.315000000002875],[-4.5465,50.50500000000287],[-4.537,50.50500000000287],[-4.537,50.46700000000288],[-4.5275,50.46700000000288],[-4.5275,50.438500000002875],[-4.518,50.438500000002875],[-4.518,50.40050000000287],[-4.5085,50.40050000000287],[-4.5085,50.35300000000287],[-4.4990000000000006,50.35300000000287],[-4.4990000000000006,50.334000000002874],[-4.3945,50.334000000002874],[-4.3945,50.34350000000288],[-4.385,50.34350000000288],[-4.3755,50.362500000002875],[-4.366,50.362500000002875],[-4.366,50.391000000002876],[-4.3565000000000005,50.391000000002876],[-4.3565000000000005,50.334000000002874],[-4.328,50.334000000002874],[-4.328,50.32450000000287],[-4.2045,50.32450000000287],[-4.2045,50.315000000002875],[-4.119,50.315000000002875],[-4.119,50.334000000002874],[-4.109500000000001,50.334000000002874],[-4.109500000000001,50.34350000000288],[-4.0905000000000005,50.35300000000287],[-4.0905000000000005,50.37200000000287],[-4.0809999999999995,50.37200000000287],[-4.0715,50.391000000002876],[-4.0525,50.391000000002876],[-4.043,50.410000000002874],[-4.0335,50.410000000002874],[-4.0335,50.362500000002875],[-4.0145,50.35300000000287],[-4.0145,50.32450000000287],[-4.005,50.32450000000287],[-4.005,50.30550000000287],[-3.9955,50.30550000000287],[-3.9955,50.29600000000287],[-3.9385,50.29600000000287],[-3.9385,50.315000000002875],[-3.9195,50.30550000000287],[-3.9195,50.29600000000287],[-3.891,50.29600000000287],[-3.891,50.315000000002875],[-3.8815,50.315000000002875],[-3.8815,50.334000000002874],[-3.872,50.334000000002874],[-3.872,50.35300000000287],[-3.8625000000000003,50.35300000000287],[-3.8625000000000003,50.37200000000287],[-3.853,50.37200000000287],[-3.853,50.391000000002876],[-3.8435,50.391000000002876],[-3.8435,50.410000000002874],[-3.834,50.410000000002874],[-3.834,50.42900000000287],[-3.8245,50.42900000000287],[-3.8245,50.44800000000287],[-3.815,50.44800000000287],[-3.815,50.46700000000288],[-3.8055,50.46700000000288],[-3.8055,50.486000000002875],[-3.7960000000000003,50.486000000002875],[-3.7960000000000003,50.49550000000287],[-3.7865,50.49550000000287],[-3.7865,50.46700000000288],[-3.758,50.46700000000288],[-3.758,50.457500000002874],[-3.72,50.44800000000287],[-3.7105,50.42900000000287],[-3.682,50.42900000000287],[-3.6725,50.410000000002874],[-3.644,50.410000000002874],[-3.6345,50.391000000002876],[-3.6155,50.391000000002876],[-3.6155,50.38150000000287],[-3.587,50.38150000000287],[-3.587,50.37200000000287],[-3.5395,50.37200000000287],[-3.5395,50.38150000000287],[-3.5205,50.38150000000287],[-3.5205,50.391000000002876],[-3.5015,50.40050000000287],[-3.5015,50.46700000000288],[-3.492,50.46700000000288],[-3.492,50.486000000002875],[-3.4825,50.486000000002875],[-3.4825,50.50500000000287],[-3.473,50.50500000000287],[-3.4635000000000002,50.562000000002875],[-3.435,50.562000000002875],[-3.435,50.57150000000287],[-3.416,50.57150000000287],[-3.416,50.581000000002874],[-3.3970000000000002,50.581000000002874],[-3.3970000000000002,50.60000000000287],[-3.3875,50.60000000000287],[-3.3875,50.74250000000287],[-3.3970000000000002,50.74250000000287],[-3.3970000000000002,50.761500000002876],[-3.3875,50.761500000002876],[-3.3875,50.75200000000287],[-3.3685,50.74250000000287],[-3.3685,50.72350000000287],[-3.359,50.72350000000287],[-3.359,50.714000000002876],[-3.34,50.714000000002876],[-3.3305000000000002,50.69500000000287],[-3.321,50.69500000000287],[-3.321,50.67600000000287],[-3.302,50.67600000000287],[-3.302,50.657000000002874],[-3.2355,50.657000000002874],[-3.2355,50.66650000000287],[-3.2165,50.66650000000287],[-3.2165,50.67600000000287],[-3.188,50.67600000000287],[-3.188,50.704500000002874],[-3.1785,50.704500000002874],[-3.1785,51.008500000002876],[-3.169,51.008500000002876],[-3.169,50.94200000000287],[-3.1595,50.94200000000287],[-3.1595,50.885000000002876],[-3.15,50.885000000002876],[-3.15,50.84700000000287],[-3.1310000000000002,50.837500000002876],[-3.1310000000000002,50.809000000002875],[-3.1215,50.809000000002875],[-3.1215,50.79000000000288],[-3.112,50.79000000000288],[-3.112,50.77100000000287],[-3.1025,50.77100000000287],[-3.1025,50.75200000000287],[-3.093,50.75200000000287],[-3.093,50.733000000002875],[-3.0835,50.733000000002875],[-3.0835,50.72350000000287],[-3.055,50.72350000000287],[-3.055,51.04650000000287],[-3.0455,51.04650000000287],[-3.0455,50.98950000000287],[-3.036,50.98950000000287],[-3.036,50.932500000002875],[-3.0265,50.932500000002875],[-3.0265,50.89450000000287],[-3.017,50.89450000000287],[-3.0075000000000003,50.837500000002876],[-2.9885,50.82800000000287],[-2.9885,50.809000000002875],[-2.979,50.809000000002875],[-2.979,50.79000000000288],[-2.9695,50.79000000000288],[-2.96,50.75200000000287],[-2.9410000000000003,50.75200000000287],[-2.9410000000000003,50.74250000000287],[-2.922,50.733000000002875],[-2.922,50.714000000002876],[-2.884,50.714000000002876],[-2.884,50.72350000000287],[-2.8555,50.72350000000287],[-2.8555,50.733000000002875],[-2.8365,50.74250000000287],[-2.8365,50.77100000000287],[-2.827,50.77100000000287],[-2.827,50.809000000002875],[-2.8175,50.809000000002875],[-2.8175,50.84700000000287],[-2.8080000000000003,50.84700000000287],[-2.8080000000000003,50.89450000000287],[-2.7985,50.89450000000287],[-2.7985,50.95150000000287],[-2.7795,50.95150000000287],[-2.7795,51.01800000000287],[-2.77,51.01800000000287],[-2.7605,51.151000000002874],[-2.751,51.151000000002874],[-2.751,51.19850000000287],[-2.7415000000000003,51.19850000000287],[-2.7415000000000003,51.24600000000287],[-2.732,51.24600000000287],[-2.732,51.29350000000287],[-2.7225,51.29350000000287],[-2.7225,51.34100000000287],[-2.713,51.34100000000287],[-2.713,51.38850000000287],[-2.7035,51.38850000000287],[-2.7035,51.426500000002875],[-2.694,51.426500000002875],[-2.694,51.474000000002874],[-2.6845,51.474000000002874],[-2.6845,51.521500000002874],[-2.6750000000000003,51.521500000002874],[-2.6750000000000003,51.56900000000287],[-2.6655,51.56900000000287],[-2.6655,51.61650000000287],[-2.656,51.61650000000287],[-2.656,51.63550000000287],[-2.6275,51.63550000000287],[-2.6275,51.597500000002874],[-2.637,51.597500000002874],[-2.637,51.54050000000287],[-2.6465,51.54050000000287],[-2.656,51.426500000002875],[-2.6655,51.426500000002875],[-2.6655,51.36950000000287],[-2.6750000000000003,51.36950000000287],[-2.6845,51.255500000002876],[-2.694,51.255500000002876],[-2.694,51.208000000002876],[-2.7035,51.208000000002876],[-2.7035,51.151000000002874],[-2.713,51.151000000002874],[-2.713,51.09400000000287],[-2.7225,51.09400000000287],[-2.7225,51.03700000000288],[-2.732,51.03700000000288],[-2.732,50.980000000002875],[-2.7415000000000003,50.980000000002875],[-2.7415000000000003,50.92300000000287],[-2.751,50.92300000000287],[-2.7605,50.809000000002875],[-2.732,50.809000000002875],[-2.732,50.837500000002876],[-2.7035,50.837500000002876],[-2.7035,50.84700000000287],[-2.694,50.84700000000287],[-2.694,50.86600000000287],[-2.6845,50.86600000000287],[-2.6845,50.89450000000287],[-2.6750000000000003,50.89450000000287],[-2.6750000000000003,50.91350000000287],[-2.6655,50.91350000000287],[-2.6655,50.95150000000287],[-2.656,50.95150000000287],[-2.656,50.97050000000287],[-2.6465,50.97050000000287],[-2.6465,50.99900000000287],[-2.637,50.99900000000287],[-2.637,51.027500000002874],[-2.6275,51.027500000002874],[-2.6275,51.056000000002875],[-2.618,51.056000000002875],[-2.618,51.103500000002875],[-2.6085000000000003,51.103500000002875],[-2.599,51.16050000000287],[-2.5895,51.16050000000287],[-2.58,51.21750000000287],[-2.5705,51.21750000000287],[-2.5705,51.23650000000287],[-2.561,51.23650000000287],[-2.561,51.274500000002874],[-2.5515,51.274500000002874],[-2.5515,51.29350000000287],[-2.5420000000000003,51.29350000000287],[-2.5420000000000003,51.32200000000287],[-2.5325,51.32200000000287],[-2.5325,51.350500000002874],[-2.523,51.350500000002874],[-2.523,51.379000000002875],[-2.5135,51.379000000002875],[-2.5135,51.40750000000288],[-2.504,51.40750000000288],[-2.504,51.426500000002875],[-2.4945,51.426500000002875],[-2.4945,51.455000000002876],[-2.485,51.455000000002876],[-2.485,51.48350000000287],[-2.4755000000000003,51.48350000000287],[-2.466,51.54050000000287],[-2.4375,51.54050000000287],[-2.4375,51.53100000000288],[-2.447,51.53100000000288],[-2.447,51.502500000002875],[-2.4565,51.502500000002875],[-2.4565,51.474000000002874],[-2.466,51.474000000002874],[-2.466,51.44550000000287],[-2.4755000000000003,51.44550000000287],[-2.4755000000000003,51.41700000000287],[-2.485,51.41700000000287],[-2.485,51.379000000002875],[-2.4945,51.379000000002875],[-2.504,51.32200000000287],[-2.5135,51.32200000000287],[-2.5135,51.29350000000287],[-2.485,51.29350000000287],[-2.485,51.31250000000287],[-2.4755000000000003,51.31250000000287],[-2.4755000000000003,51.34100000000287],[-2.466,51.34100000000287],[-2.466,51.36950000000287],[-2.4565,51.36950000000287],[-2.4565,51.38850000000287],[-2.447,51.38850000000287],[-2.447,51.41700000000287],[-2.4375,51.41700000000287],[-2.4375,51.44550000000287],[-2.428,51.44550000000287],[-2.428,51.379000000002875],[-2.4375,51.379000000002875],[-2.4375,51.32200000000287],[-2.447,51.32200000000287],[-2.447,51.255500000002876],[-2.4565,51.255500000002876],[-2.4565,51.179500000002875],[-2.466,51.179500000002875],[-2.466,51.103500000002875],[-2.4755000000000003,51.103500000002875],[-2.4755000000000003,51.01800000000287],[-2.485,51.01800000000287],[-2.485,50.95150000000287],[-2.4945,50.95150000000287],[-2.4945,50.87550000000287],[-2.504,50.87550000000287],[-2.504,50.69500000000287],[-2.4945,50.69500000000287],[-2.4945,50.638000000002876],[-2.485,50.638000000002876],[-2.485,50.60000000000287],[-2.4755000000000003,50.60000000000287],[-2.4755000000000003,50.581000000002874],[-2.466,50.581000000002874],[-2.466,50.562000000002875],[-2.4375,50.562000000002875],[-2.4375,50.57150000000287],[-2.4185,50.57150000000287],[-2.4185,50.60000000000287],[-2.3805,50.60000000000287],[-2.371,50.61900000000287],[-2.3425000000000002,50.61900000000287],[-2.3425000000000002,50.657000000002874],[-2.333,50.657000000002874],[-2.333,50.69500000000287],[-2.3235,50.69500000000287],[-2.314,50.77100000000287],[-2.3045,50.77100000000287],[-2.3045,50.81850000000287],[-2.295,50.81850000000287],[-2.295,50.885000000002876],[-2.2855000000000003,50.885000000002876],[-2.2855000000000003,50.932500000002875],[-2.2760000000000002,50.932500000002875],[-2.2760000000000002,50.98950000000287],[-2.2665,50.98950000000287],[-2.2665,51.06550000000287],[-2.257,51.06550000000287],[-2.257,51.14150000000287],[-2.2475,51.14150000000287],[-2.2475,51.24600000000287],[-2.238,51.24600000000287],[-2.238,51.26500000000287],[-2.2190000000000003,51.26500000000287],[-2.2190000000000003,51.227000000002874],[-2.2095000000000002,51.227000000002874],[-2.2095000000000002,51.179500000002875],[-2.2,51.179500000002875],[-2.2,51.151000000002874],[-2.1905,51.151000000002874],[-2.1905,51.12250000000287],[-2.181,51.12250000000287],[-2.181,51.084500000002876],[-2.1715,51.084500000002876],[-2.1715,51.04650000000287],[-2.162,51.04650000000287],[-2.162,51.01800000000287],[-2.1525000000000003,51.01800000000287],[-2.1525000000000003,50.97050000000287],[-2.1430000000000002,50.97050000000287],[-2.1430000000000002,50.932500000002875],[-2.1335,50.932500000002875],[-2.1335,50.904000000002874],[-2.124,50.904000000002874],[-2.1145,50.84700000000287],[-2.105,50.84700000000287],[-2.105,50.82800000000287],[-2.0955,50.82800000000287],[-2.0955,50.809000000002875],[-2.0860000000000003,50.809000000002875],[-2.0860000000000003,50.77100000000287],[-2.0765000000000002,50.77100000000287],[-2.0765000000000002,50.75200000000287],[-2.067,50.75200000000287],[-2.067,50.733000000002875],[-2.0575,50.733000000002875],[-2.0575,50.704500000002874],[-2.048,50.704500000002874],[-2.048,50.685500000002875],[-2.029,50.685500000002875],[-2.029,50.67600000000287],[-2.0195000000000003,50.67600000000287],[-2.0100000000000002,50.657000000002874],[-2.0005,50.657000000002874],[-1.9909999999999997,50.638000000002876],[-1.9340000000000002,50.638000000002876],[-1.9340000000000002,50.67600000000287],[-1.9245,50.67600000000287],[-1.915,50.69500000000287],[-1.896,50.69500000000287],[-1.896,50.704500000002874],[-1.8769999999999998,50.704500000002874],[-1.8769999999999998,51.255500000002876],[-1.8674999999999997,51.255500000002876],[-1.8674999999999997,51.48350000000287],[-1.8769999999999998,51.48350000000287],[-1.8769999999999998,51.56900000000287],[-1.8864999999999998,51.56900000000287],[-1.8864999999999998,51.645000000002874],[-1.8580000000000005,51.645000000002874],[-1.8580000000000005,51.65450000000288],[-1.8105000000000002,51.65450000000288],[-1.8105000000000002,51.66400000000287],[-1.782,51.66400000000287],[-1.782,51.65450000000288],[-1.7725,51.65450000000288],[-1.7725,51.626000000002875],[-1.763,51.626000000002875],[-1.763,51.597500000002874],[-1.7534999999999998,51.597500000002874],[-1.7534999999999998,51.55950000000287],[-1.7439999999999998,51.55950000000287],[-1.7439999999999998,51.521500000002874],[-1.7344999999999997,51.521500000002874],[-1.7250000000000005,51.46450000000287],[-1.7155000000000005,51.46450000000287],[-1.7155000000000005,51.43600000000287],[-1.6965000000000003,51.43600000000287],[-1.6965000000000003,51.40750000000288],[-1.6870000000000003,51.40750000000288],[-1.6870000000000003,51.36950000000287],[-1.6680000000000001,51.36950000000287],[-1.6680000000000001,51.31250000000287],[-1.6585,51.31250000000287],[-1.6585,51.28400000000288],[-1.649,51.28400000000288],[-1.649,51.255500000002876],[-1.6395,51.255500000002876],[-1.6395,51.23650000000287],[-1.63,51.23650000000287],[-1.63,51.21750000000287],[-1.6204999999999998,51.21750000000287],[-1.6109999999999998,51.179500000002875],[-1.6014999999999997,51.179500000002875],[-1.6014999999999997,51.16050000000287],[-1.5920000000000005,51.16050000000287],[-1.5920000000000005,51.14150000000287],[-1.5825000000000005,51.14150000000287],[-1.5825000000000005,51.12250000000287],[-1.5730000000000004,51.12250000000287],[-1.5730000000000004,51.103500000002875],[-1.5540000000000003,51.09400000000287],[-1.5540000000000003,51.07500000000287],[-1.5445000000000002,51.07500000000287],[-1.5350000000000001,51.03700000000288],[-1.516,51.027500000002874],[-1.516,51.008500000002876],[-1.5065,51.008500000002876],[-1.5065,50.980000000002875],[-1.4874999999999998,50.97050000000287],[-1.4779999999999998,50.932500000002875],[-1.4684999999999997,50.932500000002875],[-1.4590000000000005,50.91350000000287],[-1.4400000000000004,50.904000000002874],[-1.4305000000000003,50.885000000002876],[-1.4210000000000003,50.885000000002876],[-1.4115000000000002,50.86600000000287],[-1.3925,50.86600000000287],[-1.3925,50.84700000000287],[-1.3735,50.84700000000287],[-1.3639999999999999,50.82800000000287],[-1.3544999999999998,50.82800000000287],[-1.3544999999999998,50.81850000000287],[-1.3260000000000005,50.81850000000287],[-1.3260000000000005,50.86600000000287],[-1.2785000000000002,50.86600000000287],[-1.2785000000000002,50.87550000000287],[-1.25,50.87550000000287],[-1.25,50.885000000002876],[-1.2405,50.885000000002876],[-1.2405,50.904000000002874],[-1.2214999999999998,50.91350000000287],[-1.2214999999999998,50.932500000002875],[-1.2119999999999997,50.932500000002875],[-1.2119999999999997,50.95150000000287],[-1.2024999999999997,50.95150000000287],[-1.2024999999999997,50.980000000002875],[-1.1930000000000005,50.980000000002875],[-1.1930000000000005,51.008500000002876],[-1.1835000000000004,51.008500000002876],[-1.1835000000000004,51.027500000002874],[-1.1740000000000004,51.027500000002874],[-1.1740000000000004,51.056000000002875],[-1.1645000000000003,51.056000000002875],[-1.1550000000000002,51.11300000000287],[-1.1455000000000002,51.11300000000287],[-1.1455000000000002,51.132000000002876],[-1.1360000000000001,51.132000000002876],[-1.1360000000000001,51.16050000000287],[-1.1265,51.16050000000287],[-1.1265,51.179500000002875],[-1.117,51.179500000002875],[-1.117,51.208000000002876],[-1.1075,51.208000000002876],[-1.1075,51.227000000002874],[-1.0979999999999999,51.227000000002874],[-1.0979999999999999,51.24600000000287],[-1.0884999999999998,51.24600000000287],[-1.0884999999999998,51.274500000002874],[-1.0789999999999997,51.274500000002874],[-1.0789999999999997,51.29350000000287],[-1.0600000000000005,51.29350000000287],[-1.0600000000000005,51.31250000000287],[-1.0505000000000004,51.31250000000287],[-1.0505000000000004,51.36000000000287],[-1.0410000000000004,51.36000000000287],[-1.0410000000000004,51.41700000000287],[-1.0315000000000003,51.41700000000287],[-1.0315000000000003,51.46450000000287],[-1.0220000000000002,51.46450000000287],[-1.0220000000000002,51.521500000002874],[-1.0125000000000002,51.521500000002874],[-1.0030000000000001,51.61650000000287],[-0.9935,51.61650000000287],[-0.9935,51.65450000000288],[-0.984,51.65450000000288],[-0.984,51.69250000000287],[-0.9744999999999999,51.69250000000287],[-0.9744999999999999,51.008500000002876],[-0.9459999999999997,51.008500000002876],[-0.9459999999999997,50.980000000002875],[-0.9649999999999999,50.980000000002875],[-0.9649999999999999,50.94200000000287],[-0.9554999999999998,50.94200000000287],[-0.9554999999999998,50.86600000000287],[-0.9459999999999997,50.86600000000287],[-0.9459999999999997,50.79000000000288],[-0.9365000000000006,50.79000000000288],[-0.9365000000000006,50.78499999999928],[-0.9358,50.78499999999928],[-0.9324000000000001,50.79179999999928],[-0.9188000000000001,50.79179999999928],[-0.9188000000000001,50.79519999999928],[-0.9154,50.79519999999928],[-0.9154,50.81219999999928],[-0.9188000000000001,50.81219999999928],[-0.9188000000000001,50.81559999999928],[-0.9154,50.81559999999928],[-0.9154,50.81899999999928],[-0.9086000000000001,50.81899999999928],[-0.9052,50.825799999999276],[-0.8984000000000001,50.825799999999276],[-0.8984000000000001,50.832599999999275],[-0.8882000000000001,50.832599999999275],[-0.8848,50.83939999999928],[-0.8712,50.84279999999928],[-0.8712,50.84619999999928],[-0.8644000000000001,50.84619999999928],[-0.8644000000000001,50.84959999999928],[-0.8551000000008985,50.84959999999928],[-0.851,50.86600000000287],[-0.8319999999999999,50.87550000000287],[-0.8319999999999999,50.904000000002874],[-0.8129999999999997,50.91350000000287],[-0.8129999999999997,50.932500000002875],[-0.7940000000000005,50.932500000002875],[-0.7940000000000005,50.961000000002876],[-0.8035000000000005,50.961000000002876],[-0.8035000000000005,50.99900000000287],[-0.7940000000000005,50.99900000000287],[-0.7940000000000005,51.11300000000287],[-0.7845000000000004,51.11300000000287],[-0.7845000000000004,51.255500000002876],[-0.7750000000000004,51.255500000002876],[-0.7750000000000004,51.44550000000287],[-0.7845000000000004,51.44550000000287],[-0.7845000000000004,51.55950000000287],[-0.7750000000000004,51.55950000000287],[-0.7750000000000004,51.63550000000287],[-0.7845000000000004,51.63550000000287],[-0.7845000000000004,51.702000000002876],[-0.7655000000000003,51.702000000002876],[-0.7655000000000003,51.71150000000287],[-0.7275,51.71150000000287],[-0.7275,51.721000000002874],[-0.6325000000000003,51.721000000002874],[-0.6325000000000003,51.73050000000287],[-0.4900000000000002,51.73050000000287],[-0.4900000000000002,51.74000000000287],[-0.45199999999999996,51.74000000000287],[-0.45199999999999996,51.73050000000287],[-0.43299999999999983,51.721000000002874],[-0.43299999999999983,51.702000000002876],[-0.4139999999999997,51.702000000002876],[-0.4139999999999997,51.66400000000287],[-0.4045000000000005,51.66400000000287],[-0.4045000000000005,51.597500000002874],[-0.39500000000000046,51.597500000002874],[-0.39500000000000046,51.53100000000288],[-0.3855000000000004,51.53100000000288],[-0.3855000000000004,51.46450000000287],[-0.37600000000000033,51.46450000000287],[-0.37600000000000033,51.398000000002874],[-0.36650000000000027,51.398000000002874],[-0.36650000000000027,51.331500000002876],[-0.3380000000000001,51.331500000002876],[-0.3380000000000001,51.398000000002874],[-0.34750000000000014,51.398000000002874],[-0.34750000000000014,51.49300000000287],[-0.3570000000000002,51.49300000000287],[-0.3570000000000002,51.58800000000287],[-0.36650000000000027,51.58800000000287],[-0.36650000000000027,51.645000000002874],[-0.3570000000000002,51.645000000002874],[-0.3570000000000002,51.63550000000287],[-0.34750000000000014,51.63550000000287],[-0.3380000000000001,51.61650000000287],[-0.3285,51.61650000000287],[-0.3285,51.597500000002874],[-0.3094999999999999,51.597500000002874],[-0.3094999999999999,51.578500000002876],[-0.29049999999999976,51.578500000002876],[-0.29049999999999976,51.55950000000287],[-0.2715000000000005,51.550000000002875],[-0.2715000000000005,51.53100000000288],[-0.2525000000000004,51.53100000000288],[-0.24300000000000033,51.51200000000287],[-0.23350000000000026,51.51200000000287],[-0.2240000000000002,51.49300000000287],[-0.21450000000000014,51.49300000000287],[-0.21450000000000014,51.48350000000287],[-0.20500000000000007,51.48350000000287],[-0.20500000000000007,50.96519999999928],[-0.1946000000000001,50.96519999999928],[-0.1946000000000001,50.87550000000287],[-0.17649999999999988,50.87550000000287],[-0.17649999999999988,50.961000000002876],[-0.16699999999999982,50.961000000002876],[-0.16699999999999982,50.89450000000287],[-0.1385000000000005,50.89450000000287],[-0.1385000000000005,50.92300000000287],[-0.12900000000000045,50.92300000000287],[-0.12900000000000045,50.95150000000287],[-0.11950000000000038,50.95150000000287],[-0.11950000000000038,50.98950000000287],[-0.11000000000000032,50.98950000000287],[-0.11000000000000032,51.01800000000287],[-0.10050000000000026,51.01800000000287],[-0.10050000000000026,51.056000000002875],[-0.09100000000000019,51.056000000002875],[-0.09100000000000019,51.084500000002876],[-0.08150000000000013,51.084500000002876],[-0.08150000000000013,51.12250000000287],[-0.07200000000000006,51.12250000000287],[-0.07200000000000006,51.208000000002876],[-0.0625,51.208000000002876],[-0.0625,51.26500000000287],[-0.052999999999999936,51.26500000000287],[-0.052999999999999936,51.31250000000287],[-0.03399999999999981,51.303000000002875],[-0.03399999999999981,51.29350000000287],[-0.015000000000000568,51.29350000000287],[-0.015000000000000568,51.28400000000288],[-0.0055000000000005045,51.28400000000288],[-0.0055000000000005045,51.274500000002874],[0.0039999999999995595,51.274500000002874],[0.013499999999999623,51.255500000002876],[0.03249999999999975,51.255500000002876],[0.041999999999999815,51.23650000000287],[0.06099999999999994,51.23650000000287],[0.07050000000000001,51.21750000000287],[0.08000000000000007,51.21750000000287],[0.08000000000000007,51.208000000002876],[0.11799999999999944,51.19850000000287],[0.1274999999999995,51.179500000002875],[0.1559999999999997,51.179500000002875],[0.16549999999999976,51.16050000000287],[0.2604999999999995,51.16050000000287],[0.2604999999999995,51.151000000002874],[0.3650000000000002,51.151000000002874],[0.3650000000000002,51.14150000000287],[0.45999999999999996,51.14150000000287],[0.45999999999999996,51.151000000002874],[0.4980000000000002,51.151000000002874],[0.4980000000000002,51.16050000000287],[0.5264999999999995,51.16050000000287],[0.5264999999999995,51.151000000002874],[0.5834999999999999,51.151000000002874],[0.5834999999999999,51.14150000000287],[0.593,51.14150000000287],[0.593,51.12250000000287],[0.6025,51.12250000000287],[0.6025,51.103500000002875],[0.6120000000000001,51.103500000002875],[0.6120000000000001,51.084500000002876],[0.6215000000000002,51.084500000002876],[0.6215000000000002,51.06550000000287],[0.6310000000000002,51.06550000000287],[0.6310000000000002,51.04650000000287],[0.6499999999999995,51.03700000000288],[0.6499999999999995,51.027500000002874],[0.6594999999999995,51.027500000002874],[0.6594999999999995,51.008500000002876],[0.6689999999999996,51.008500000002876],[0.6689999999999996,50.99900000000287],[0.6879999999999997,50.98950000000287],[0.6879999999999997,50.97050000000287],[0.7069999999999999,50.961000000002876],[0.7069999999999999,50.94200000000287],[0.726,50.932500000002875],[0.726,50.91350000000287],[0.754,50.91350000000287],[0.754,50.914199999999276],[0.8019999999999996,50.914199999999276],[0.8019999999999996,50.92300000000287],[0.8209999999999997,50.92300000000287],[0.8209999999999997,50.94200000000287],[0.8399999999999999,50.95150000000287],[0.8399999999999999,50.98950000000287],[0.9064999999999994,50.98950000000287],[0.9064999999999994,51.008500000002876],[0.9254999999999995,51.01800000000287],[0.9254999999999995,51.06550000000287],[0.9159999999999995,51.06550000000287],[0.9159999999999995,51.084500000002876],[0.9064999999999994,51.084500000002876],[0.9064999999999994,51.09400000000287],[0.8875000000000002,51.09400000000287],[0.8780000000000001,51.132000000002876],[0.859,51.14150000000287],[0.859,51.16050000000287],[0.8399999999999999,51.17000000000287],[0.8399999999999999,51.18900000000287],[0.8494999999999999,51.18900000000287],[0.8494999999999999,51.19850000000287],[1.0110000000000001,51.19850000000287],[1.0205000000000002,51.14150000000287],[1.0300000000000002,51.14150000000287],[1.0394999999999994,51.103500000002875],[1.0489999999999995,51.103500000002875],[1.0584999999999996,51.084500000002876],[1.0735999999999999,51.084500000002876],[1.0735999999999999,51.11139999999928],[1.0701999999999998,51.11139999999928],[1.0701999999999998,51.124999999999275],[1.0735999999999999,51.124999999999275],[1.0735999999999999,51.11819999999928],[1.077,51.11819999999928],[1.077,51.11479999999928],[1.0905999999999998,51.11479999999928],[1.0905999999999998,51.124999999999275],[1.0871999999999997,51.124999999999275],[1.0871999999999997,51.13179999999928],[1.0837999999999997,51.13179999999928],[1.0837999999999997,51.13859999999928],[1.0871999999999997,51.13859999999928],[1.0871999999999997,51.14879999999928],[1.0804,51.14879999999928],[1.0804,51.16239999999928],[1.077,51.16239999999928],[1.077,51.179399999999276],[1.0735999999999999,51.179399999999276],[1.0735999999999999,51.19639999999928],[1.0701999999999998,51.19639999999928],[1.0701999999999998,51.19979999999928],[1.0804,51.19979999999928],[1.0804,51.20319999999928],[1.0871999999999997,51.20319999999928],[1.0871999999999997,51.20659999999928],[1.0974,51.20659999999928],[1.0974,51.213399999999275],[1.1517999999999997,51.213399999999275],[1.1551999999999998,51.22019999999928],[1.1654,51.22019999999928],[1.1687999999999996,51.22699999999928],[1.1724999999999994,51.22699999999928],[1.1724999999999994,51.227000000002874],[1.1440000000000001,51.227000000002874],[1.1440000000000001,51.350500000002874],[1.1345,51.350500000002874],[1.1345,51.379000000002875],[1.0964999999999998,51.379000000002875],[1.0964999999999998,51.36000000000287],[1.0869999999999997,51.36000000000287],[1.0869999999999997,51.29350000000287],[1.0964999999999998,51.29350000000287],[1.0964999999999998,51.28400000000288],[1.0869999999999997,51.28400000000288],[1.0869999999999997,51.24600000000287],[1.0964999999999998,51.24600000000287],[1.0964999999999998,51.227000000002874],[1.0489999999999995,51.227000000002874],[1.0489999999999995,51.21750000000287],[1.0300000000000002,51.21750000000287],[1.0300000000000002,51.208000000002876],[1.0205000000000002,51.208000000002876],[1.0205000000000002,51.24600000000287],[1.0110000000000001,51.24600000000287],[1.0110000000000001,51.29350000000287],[1.0015,51.29350000000287],[1.0015,51.331500000002876],[0.992,51.331500000002876],[0.992,51.34100000000287],[0.9729999999999999,51.34100000000287],[0.9729999999999999,51.350500000002874],[0.9444999999999997,51.350500000002874],[0.9444999999999997,51.36000000000287],[0.9254999999999995,51.36000000000287],[0.9254999999999995,51.398000000002874],[0.9064999999999994,51.398000000002874],[0.8970000000000002,51.41700000000287],[0.8494999999999999,51.41700000000287],[0.8494999999999999,51.426500000002875],[0.8114999999999997,51.426500000002875],[0.8114999999999997,51.40750000000288],[0.8019999999999996,51.40750000000288],[0.8019999999999996,51.398000000002874],[0.7545000000000002,51.398000000002874],[0.7545000000000002,51.38850000000287],[0.7450000000000001,51.38850000000287],[0.7355,51.36950000000287],[0.726,51.36950000000287],[0.726,51.36000000000287],[0.7164999999999999,51.36000000000287],[0.7069999999999999,51.34100000000287],[0.6974999999999998,51.34100000000287],[0.6974999999999998,51.41700000000287],[0.6879999999999997,51.41700000000287],[0.6879999999999997,51.426500000002875],[0.6689999999999996,51.426500000002875],[0.6689999999999996,51.455000000002876],[0.6404999999999994,51.455000000002876],[0.6404999999999994,51.44550000000287],[0.6310000000000002,51.44550000000287],[0.6310000000000002,51.48350000000287],[0.6025,51.48350000000287],[0.6025,51.43600000000287],[0.593,51.43600000000287],[0.593,51.40750000000288],[0.5739999999999998,51.398000000002874],[0.5739999999999998,51.36000000000287],[0.5644999999999998,51.36000000000287],[0.5644999999999998,51.34100000000287],[0.5549999999999997,51.34100000000287],[0.5549999999999997,51.31250000000287],[0.5359999999999996,51.31250000000287],[0.5359999999999996,51.34100000000287],[0.5264999999999995,51.34100000000287],[0.5169999999999995,51.398000000002874],[0.5074999999999994,51.398000000002874],[0.4980000000000002,51.43600000000287],[0.48850000000000016,51.43600000000287],[0.48850000000000016,51.455000000002876],[0.4790000000000001,51.455000000002876],[0.4790000000000001,51.49300000000287],[0.46950000000000003,51.49300000000287],[0.45999999999999996,51.550000000002875],[0.4504999999999999,51.550000000002875],[0.4504999999999999,51.56900000000287],[0.44099999999999984,51.56900000000287],[0.44099999999999984,51.597500000002874],[0.4314999999999998,51.597500000002874],[0.4314999999999998,51.626000000002875],[0.4219999999999997,51.626000000002875],[0.4219999999999997,51.645000000002874],[0.44099999999999984,51.63550000000287],[0.44099999999999984,51.61650000000287],[0.4504999999999999,51.61650000000287],[0.4504999999999999,51.60700000000287],[0.46950000000000003,51.597500000002874],[0.46950000000000003,51.578500000002876],[0.4790000000000001,51.578500000002876],[0.4790000000000001,51.55950000000287],[0.4980000000000002,51.550000000002875],[0.4980000000000002,51.54050000000287],[0.5074999999999994,51.54050000000287],[0.5074999999999994,51.521500000002874],[0.5264999999999995,51.521500000002874],[0.5264999999999995,51.51200000000287],[0.5834999999999999,51.521500000002874],[0.5834999999999999,51.73050000000287],[0.6025,51.721000000002874],[0.6025,51.71150000000287],[0.6404999999999994,51.702000000002876],[0.6499999999999995,51.68300000000287],[0.6689999999999996,51.68300000000287],[0.6784999999999997,51.66400000000287],[0.6974999999999998,51.66400000000287],[0.7069999999999999,51.645000000002874],[0.7450000000000001,51.645000000002874],[0.7450000000000001,51.63550000000287],[0.8209999999999997,51.63550000000287],[0.8209999999999997,51.626000000002875],[0.859,51.626000000002875],[0.8685,51.645000000002874],[0.8875000000000002,51.645000000002874],[0.8875000000000002,51.66400000000287],[0.9064999999999994,51.66400000000287],[0.9064999999999994,51.68300000000287],[0.9254999999999995,51.68300000000287],[0.9254999999999995,51.69250000000287],[0.9444999999999997,51.69250000000287],[0.9444999999999997,51.702000000002876],[0.9539999999999997,51.702000000002876],[0.9539999999999997,51.74000000000287],[0.9254999999999995,51.74000000000287],[0.9254999999999995,51.749500000002875],[0.9064999999999994,51.749500000002875],[0.9064999999999994,51.968000000002874],[0.9159999999999995,51.968000000002874],[0.9159999999999995,51.95850000000287],[0.9349999999999996,51.949000000002876],[0.9444999999999997,51.93000000000287],[0.9634999999999998,51.93000000000287],[0.9729999999999999,51.91100000000287],[0.9824999999999999,51.91100000000287],[0.9824999999999999,51.901500000002876],[1.0015,51.901500000002876],[1.0015,51.892000000002874],[1.0300000000000002,51.892000000002874],[1.0300000000000002,51.88250000000287],[1.0489999999999995,51.88250000000287],[1.0489999999999995,51.873000000002875],[1.1059999999999999,51.873000000002875],[1.1059999999999999,51.86350000000287],[1.1155,51.86350000000287],[1.1155,51.85400000000287],[1.1345,51.844500000002874],[1.1440000000000001,51.825500000002876],[1.1535000000000002,51.825500000002876],[1.1535000000000002,51.81600000000287],[1.1819999999999995,51.81600000000287],[1.1819999999999995,51.825500000002876],[1.2009999999999996,51.825500000002876],[1.2009999999999996,51.892000000002874],[1.2199999999999998,51.892000000002874],[1.2199999999999998,51.91100000000287],[1.2294999999999998,51.91100000000287],[1.2294999999999998,51.920500000002875],[1.2675,51.920500000002875],[1.2675,51.949000000002876],[1.2485,51.95850000000287],[1.2389999999999999,51.97750000000287],[1.2199999999999998,51.97750000000287],[1.2199999999999998,52.00600000000287],[4.183999999999999,52.00600000000287],[4.183999999999999,51.86350000000287],[4.1745,51.86350000000287],[4.164999999999999,51.88250000000287],[4.1365,51.88250000000287],[4.1365,51.892000000002874],[4.1175,51.892000000002874],[4.1175,51.901500000002876],[4.089,51.901500000002876],[4.0794999999999995,51.920500000002875],[4.060499999999999,51.920500000002875],[4.060499999999999,51.93000000000287],[4.051,51.93000000000287],[4.051,51.93950000000287],[4.032,51.93950000000287],[4.032,51.95850000000287],[3.9749999999999996,51.95850000000287],[3.9749999999999996,51.93000000000287],[3.9939999999999998,51.93000000000287],[3.9939999999999998,51.920500000002875],[3.9845000000000006,51.920500000002875],[3.9845000000000006,51.892000000002874],[3.9939999999999998,51.892000000002874],[3.9939999999999998,51.85400000000287],[4.003499999999999,51.85400000000287],[4.003499999999999,51.83500000000287],[3.9939999999999998,51.83500000000287],[3.9939999999999998,51.78750000000287],[3.9749999999999996,51.78750000000287],[3.9749999999999996,51.74000000000287],[3.9655000000000005,51.74000000000287],[3.9655000000000005,51.749500000002875],[3.8895,51.749500000002875],[3.8895,51.74000000000287],[3.879999999999999,51.74000000000287],[3.879999999999999,51.66400000000287],[3.8895,51.66400000000287],[3.8895,51.645000000002874],[3.9369999999999994,51.645000000002874],[3.9369999999999994,51.65450000000288],[3.9749999999999996,51.66400000000287],[3.9749999999999996,51.61650000000287],[3.9655000000000005,51.61650000000287],[3.9655000000000005,51.58800000000287],[3.9749999999999996,51.58800000000287],[3.9749999999999996,51.578500000002876],[3.9939999999999998,51.578500000002876],[3.9939999999999998,51.56900000000287],[3.9845000000000006,51.56900000000287],[3.9845000000000006,51.54050000000287],[3.9939999999999998,51.54050000000287],[3.9845000000000006,51.521500000002874],[3.9749999999999996,51.521500000002874],[3.9749999999999996,51.54050000000287],[3.9369999999999994,51.54050000000287],[3.9369999999999994,51.53100000000288],[3.9275,51.53100000000288],[3.9275,51.51200000000287],[3.9179999999999993,51.51200000000287],[3.9179999999999993,51.46450000000287],[3.9369999999999994,51.46450000000287],[3.9465000000000003,51.44550000000287],[3.9559999999999995,51.44550000000287],[3.9559999999999995,51.41700000000287],[4.013,51.41700000000287],[4.013,51.40750000000288],[4.022499999999999,51.40750000000288],[4.022499999999999,51.398000000002874],[4.013,51.398000000002874],[4.013,51.331500000002876],[3.9939999999999998,51.34100000000287],[3.9939999999999998,51.36000000000287],[3.9845000000000006,51.36000000000287],[3.9845000000000006,51.36950000000287],[3.9275,51.36950000000287],[3.9275,51.274500000002874],[3.9369999999999994,51.274500000002874],[3.9369999999999994,51.24600000000287],[3.9465000000000003,51.24600000000287],[3.9465000000000003,51.21750000000287],[3.9559999999999995,51.21750000000287],[3.9559999999999995,51.179500000002875],[3.9655000000000005,51.179500000002875],[3.9655000000000005,51.16050000000287],[3.9559999999999995,51.16050000000287],[3.9559999999999995,51.09400000000287],[3.9655000000000005,51.09400000000287],[3.9655000000000005,51.008500000002876],[3.9749999999999996,51.008500000002876],[3.9749999999999996,50.97050000000287],[3.9845000000000006,50.97050000000287],[3.9845000000000006,50.92300000000287],[3.9939999999999998,50.92300000000287],[4.003499999999999,50.84700000000287],[4.013,50.84700000000287],[4.022499999999999,50.77100000000287],[4.032,50.77100000000287],[4.032,50.733000000002875],[4.041499999999999,50.733000000002875],[4.051,50.638000000002876],[4.060499999999999,50.638000000002876],[4.060499999999999,50.60000000000287],[4.07,50.60000000000287],[4.07,50.562000000002875],[4.0794999999999995,50.562000000002875],[4.0794999999999995,50.514500000002876],[4.089,50.514500000002876],[4.089,50.46700000000288],[4.0985,50.46700000000288],[4.0985,50.438500000002875],[4.089,50.438500000002875],[4.089,50.42900000000287],[4.060499999999999,50.42900000000287],[4.060499999999999,50.41950000000287],[3.9845000000000006,50.41950000000287],[3.9845000000000006,50.410000000002874],[3.9369999999999994,50.410000000002874],[3.9369999999999994,50.40050000000287],[3.775499999999999,50.40050000000287],[3.775499999999999,50.91350000000287],[3.747,50.91350000000287],[3.747,50.87550000000287],[3.737499999999999,50.87550000000287],[3.737499999999999,50.81850000000287],[3.7089999999999996,50.81850000000287],[3.6995000000000005,50.704500000002874],[3.6899999999999995,50.704500000002874],[3.6899999999999995,50.64750000000287],[3.6805000000000003,50.64750000000287],[3.6805000000000003,50.60000000000287],[3.6709999999999994,50.60000000000287],[3.6709999999999994,50.55250000000287],[3.6615,50.55250000000287],[3.6615,50.50500000000287],[3.6519999999999992,50.50500000000287],[3.6519999999999992,50.457500000002874],[3.6425,50.457500000002874],[3.6425,50.41950000000287],[3.632999999999999,50.41950000000287],[3.632999999999999,50.47650000000287],[3.6425,50.47650000000287],[3.6425,50.562000000002875],[3.6519999999999992,50.562000000002875],[3.6519999999999992,50.638000000002876],[3.6615,50.638000000002876],[3.6615,50.733000000002875],[3.6709999999999994,50.733000000002875],[3.6709999999999994,50.809000000002875],[3.6805000000000003,50.809000000002875],[3.6805000000000003,50.89450000000287],[3.6899999999999995,50.89450000000287],[3.6899999999999995,50.980000000002875],[3.6995000000000005,50.980000000002875],[3.6995000000000005,51.06550000000287],[3.7089999999999996,51.06550000000287],[3.7185000000000006,51.21750000000287],[3.7279999999999998,51.21750000000287],[3.7279999999999998,51.274500000002874],[3.737499999999999,51.274500000002874],[3.737499999999999,51.32200000000287],[3.7279999999999998,51.32200000000287],[3.7279999999999998,51.34100000000287],[3.7185000000000006,51.34100000000287],[3.7185000000000006,51.36950000000287],[3.6899999999999995,51.36950000000287],[3.6899999999999995,51.38850000000287],[3.632999999999999,51.38850000000287],[3.632999999999999,51.379000000002875],[3.6045,51.379000000002875],[3.6045,51.331500000002876],[3.5950000000000006,51.331500000002876],[3.5950000000000006,51.303000000002875],[3.5854999999999997,51.303000000002875],[3.5760000000000005,51.24600000000287],[3.5664999999999996,51.24600000000287],[3.5570000000000004,51.208000000002876],[3.5474999999999994,51.208000000002876],[3.5474999999999994,51.16050000000287],[3.5380000000000003,51.16050000000287],[3.5380000000000003,51.18900000000287],[3.519,51.18900000000287],[3.519,51.208000000002876],[3.509499999999999,51.208000000002876],[3.509499999999999,51.227000000002874],[3.5,51.227000000002874],[3.490499999999999,51.28400000000288],[3.471499999999999,51.29350000000287],[3.471499999999999,51.31250000000287],[3.4619999999999997,51.31250000000287],[3.4619999999999997,51.34100000000287],[3.4525000000000006,51.34100000000287],[3.4525000000000006,51.350500000002874],[3.4335000000000004,51.36000000000287],[3.4239999999999995,51.379000000002875],[3.3955,51.379000000002875],[3.3955,51.36000000000287],[3.3859999999999992,51.36000000000287],[3.3859999999999992,50.91350000000287],[3.3575,50.91350000000287],[3.3575,50.885000000002876],[3.347999999999999,50.885000000002876],[3.347999999999999,50.932500000002875],[3.3385,50.932500000002875],[3.3385,50.99900000000287],[3.3290000000000006,50.99900000000287],[3.3290000000000006,51.06550000000287],[3.3194999999999997,51.06550000000287],[3.3194999999999997,51.19850000000287],[3.3100000000000005,51.19850000000287],[3.3100000000000005,51.21750000000287],[3.3004999999999995,51.21750000000287],[3.3004999999999995,51.255500000002876],[3.2910000000000004,51.255500000002876],[3.2910000000000004,51.28400000000288],[3.2814999999999994,51.28400000000288],[3.2814999999999994,51.303000000002875],[3.2720000000000002,51.303000000002875],[3.2720000000000002,51.34100000000287],[3.243499999999999,51.34100000000287],[3.243499999999999,50.99900000000287],[3.253,50.99900000000287],[3.253,50.94200000000287],[3.2624999999999993,50.94200000000287],[3.2624999999999993,50.91350000000287],[3.253,50.91350000000287],[3.253,50.89450000000287],[3.224499999999999,50.89450000000287],[3.224499999999999,50.91350000000287],[3.215,50.91350000000287],[3.215,50.94200000000287],[3.205499999999999,50.94200000000287],[3.205499999999999,50.961000000002876],[3.1959999999999997,50.961000000002876],[3.1865000000000006,50.99900000000287],[3.1769999999999996,50.99900000000287],[3.1769999999999996,51.01800000000287],[3.1579999999999995,51.027500000002874],[3.1579999999999995,51.04650000000287],[3.1485000000000003,51.04650000000287],[3.1485000000000003,51.056000000002875],[3.1389999999999993,51.056000000002875],[3.1295,51.09400000000287],[3.119999999999999,51.09400000000287],[3.119999999999999,51.11300000000287],[3.1105,51.11300000000287],[3.1105,51.14150000000287],[3.100999999999999,51.14150000000287],[3.100999999999999,51.16050000000287],[3.0725,51.16050000000287],[3.0725,51.12250000000287],[3.081999999999999,51.12250000000287],[3.081999999999999,51.103500000002875],[3.0915,51.103500000002875],[3.100999999999999,51.04650000000287],[3.1105,51.04650000000287],[3.1105,51.027500000002874],[3.119999999999999,51.027500000002874],[3.119999999999999,50.97050000000287],[3.1295,50.97050000000287],[3.1389999999999993,50.932500000002875],[3.1485000000000003,50.932500000002875],[3.1485000000000003,50.904000000002874],[3.1579999999999995,50.904000000002874],[3.1579999999999995,50.885000000002876],[3.1675000000000004,50.885000000002876],[3.1769999999999996,50.82800000000287],[3.1865000000000006,50.82800000000287],[3.1865000000000006,50.809000000002875],[3.1959999999999997,50.809000000002875],[3.205499999999999,50.75200000000287],[3.215,50.75200000000287],[3.215,50.733000000002875],[3.224499999999999,50.733000000002875],[3.224499999999999,50.704500000002874],[3.234,50.704500000002874],[3.234,50.67600000000287],[3.243499999999999,50.67600000000287],[3.243499999999999,50.657000000002874],[3.253,50.657000000002874],[3.253,50.638000000002876],[3.2624999999999993,50.638000000002876],[3.2720000000000002,50.581000000002874],[3.2814999999999994,50.581000000002874],[3.2814999999999994,50.562000000002875],[3.2910000000000004,50.562000000002875],[3.3004999999999995,50.52400000000287],[3.3100000000000005,50.52400000000287],[3.3194999999999997,50.46700000000288],[3.3290000000000006,50.46700000000288],[3.3290000000000006,50.44800000000287],[3.3385,50.44800000000287],[3.3385,50.41950000000287],[3.347999999999999,50.41950000000287],[3.347999999999999,50.40050000000287],[3.3100000000000005,50.391000000002876],[3.3100000000000005,50.38150000000287],[3.2814999999999994,50.38150000000287],[3.2814999999999994,50.37200000000287],[3.243499999999999,50.362500000002875],[3.243499999999999,50.35300000000287],[3.224499999999999,50.35300000000287],[3.224499999999999,50.34350000000288],[3.1959999999999997,50.34350000000288],[3.1959999999999997,50.334000000002874],[3.1769999999999996,50.334000000002874],[3.1769999999999996,50.32450000000287],[3.1389999999999993,50.32450000000287],[3.1389999999999993,50.315000000002875],[3.119999999999999,50.315000000002875],[3.119999999999999,50.30550000000287],[3.1105,50.30550000000287],[3.1105,50.34350000000288],[3.100999999999999,50.34350000000288],[3.100999999999999,50.362500000002875],[3.0915,50.362500000002875],[3.0915,50.38150000000287],[3.081999999999999,50.38150000000287],[3.081999999999999,50.40050000000287],[3.0725,50.40050000000287],[3.0725,50.410000000002874],[3.0534999999999997,50.410000000002874],[3.0534999999999997,50.438500000002875],[3.0440000000000005,50.438500000002875],[3.0440000000000005,50.457500000002874],[3.0344999999999995,50.457500000002874],[3.0344999999999995,50.47650000000287],[3.0250000000000004,50.47650000000287],[3.0250000000000004,50.50500000000287],[3.0154999999999994,50.50500000000287],[3.0154999999999994,50.52400000000287],[3.0060000000000002,50.52400000000287],[3.0060000000000002,50.55250000000287],[2.9964999999999993,50.55250000000287],[2.987,50.590500000002876],[2.977499999999999,50.590500000002876],[2.977499999999999,50.61900000000287],[2.968,50.61900000000287],[2.968,50.638000000002876],[2.958499999999999,50.638000000002876],[2.949,50.67600000000287],[2.939499999999999,50.67600000000287],[2.939499999999999,50.69500000000287],[2.9299999999999997,50.69500000000287],[2.9299999999999997,50.72350000000287],[2.9205000000000005,50.72350000000287],[2.9205000000000005,50.74250000000287],[2.9109999999999996,50.74250000000287],[2.9109999999999996,50.761500000002876],[2.9015000000000004,50.761500000002876],[2.9015000000000004,50.79000000000288],[2.8919999999999995,50.79000000000288],[2.8919999999999995,50.809000000002875],[2.8825000000000003,50.809000000002875],[2.8825000000000003,50.837500000002876],[2.8729999999999993,50.837500000002876],[2.8729999999999993,50.856500000002875],[2.8635,50.856500000002875],[2.8635,50.87550000000287],[2.853999999999999,50.87550000000287],[2.853999999999999,50.89450000000287],[2.834999999999999,50.904000000002874],[2.8255,50.94200000000287],[2.815999999999999,50.94200000000287],[2.815999999999999,50.95150000000287],[2.8064999999999998,50.95150000000287],[2.8064999999999998,50.97050000000287],[2.7874999999999996,50.980000000002875],[2.7874999999999996,50.99900000000287],[2.7780000000000005,50.99900000000287],[2.7780000000000005,51.01800000000287],[2.7684999999999995,51.01800000000287],[2.7590000000000003,51.056000000002875],[2.7494999999999994,51.056000000002875],[2.7494999999999994,51.07500000000287],[2.74,51.07500000000287],[2.74,51.09400000000287],[2.7304999999999993,51.09400000000287],[2.7304999999999993,51.103500000002875],[2.711499999999999,51.11300000000287],[2.711499999999999,51.132000000002876],[2.6647999999999996,51.132000000002876],[2.6647999999999996,51.124999999999275],[2.6639999999999997,51.124999999999275],[2.6639999999999997,51.027500000002874],[2.6735000000000007,51.027500000002874],[2.6735000000000007,50.97050000000287],[2.683,50.97050000000287],[2.683,50.932500000002875],[2.692499999999999,50.932500000002875],[2.692499999999999,50.885000000002876],[2.702,50.885000000002876],[2.702,50.84700000000287],[2.711499999999999,50.84700000000287],[2.721,50.79000000000288],[2.7304999999999993,50.79000000000288],[2.7304999999999993,50.77100000000287],[2.721,50.77100000000287],[2.721,50.72350000000287],[2.7304999999999993,50.72350000000287],[2.7304999999999993,50.69500000000287],[2.74,50.69500000000287],[2.74,50.67600000000287],[2.7494999999999994,50.67600000000287],[2.7590000000000003,50.61900000000287],[2.7684999999999995,50.61900000000287],[2.7684999999999995,50.60000000000287],[2.7780000000000005,50.60000000000287],[2.7874999999999996,50.54300000000287],[2.7970000000000006,50.54300000000287],[2.7970000000000006,50.52400000000287],[2.8064999999999998,50.52400000000287],[2.8064999999999998,50.49550000000287],[2.815999999999999,50.49550000000287],[2.815999999999999,50.46700000000288],[2.8255,50.46700000000288],[2.8255,50.438500000002875],[2.834999999999999,50.438500000002875],[2.834999999999999,50.410000000002874],[2.8445,50.410000000002874],[2.8445,50.37200000000287],[2.853999999999999,50.37200000000287],[2.853999999999999,50.35300000000287],[2.8635,50.35300000000287],[2.8635,50.315000000002875],[2.8729999999999993,50.315000000002875],[2.8729999999999993,50.286500000002874],[2.8825000000000003,50.286500000002874],[2.8825000000000003,50.25800000000287],[2.8919999999999995,50.25800000000287],[2.8919999999999995,50.22000000000287],[2.8729999999999993,50.22000000000287],[2.8729999999999993,50.210500000002874],[2.8445,50.210500000002874],[2.8445,50.20100000000287],[2.8255,50.20100000000287],[2.8255,50.191500000002875],[2.7780000000000005,50.191500000002875],[2.7780000000000005,50.18200000000287],[2.7590000000000003,50.18200000000287],[2.7590000000000003,50.17250000000287],[2.721,50.17250000000287],[2.721,50.163000000002874],[2.692499999999999,50.163000000002874],[2.692499999999999,50.15350000000287],[2.5975,50.144000000002876],[2.5975,50.15350000000287],[2.5785,50.15350000000287],[2.5785,50.17250000000287],[2.5595,50.17250000000287],[2.549999999999999,50.191500000002875],[2.5310000000000006,50.20100000000287],[2.5310000000000006,50.24850000000287],[2.5214999999999996,50.24850000000287],[2.5214999999999996,50.30550000000287],[2.5120000000000005,50.30550000000287],[2.5120000000000005,50.38150000000287],[2.5024999999999995,50.38150000000287],[2.5024999999999995,50.438500000002875],[2.4930000000000003,50.438500000002875],[2.4930000000000003,50.50500000000287],[2.4834999999999994,50.50500000000287],[2.4834999999999994,50.57150000000287],[2.474,50.57150000000287],[2.474,50.704500000002874],[2.4644999999999992,50.704500000002874],[2.4644999999999992,50.77100000000287],[2.455,50.77100000000287],[2.455,50.837500000002876],[2.445499999999999,50.837500000002876],[2.445499999999999,50.904000000002874],[2.436,50.904000000002874],[2.436,50.92300000000287],[2.426499999999999,50.92300000000287],[2.426499999999999,50.980000000002875],[2.417,50.980000000002875],[2.417,51.01800000000287],[2.4075000000000006,51.01800000000287],[2.4075000000000006,51.03700000000288],[2.3599999999999994,51.03700000000288],[2.3599999999999994,51.056000000002875],[2.3418,51.056000000002875],[2.3418,51.05359999999928],[2.3315,51.05359999999928],[2.3315,51.03700000000288],[2.3247999999999998,51.03700000000288],[2.3247999999999998,51.02639999999928],[2.3282,51.02639999999928],[2.3282,50.982199999999274],[2.3247999999999998,50.982199999999274],[2.3247999999999998,50.99579999999928],[2.3213999999999997,50.99579999999928],[2.3213999999999997,51.005999999999275],[2.3179999999999996,51.005999999999275],[2.3145999999999995,51.02639999999928],[2.3077999999999994,51.02639999999928],[2.3077999999999994,51.039999999999274],[2.3043999999999993,51.039999999999274],[2.3043999999999993,51.04650000000287],[2.2942,51.04650000000287],[2.2942,51.04339999999928],[2.2908,51.04339999999928],[2.2908,50.99919999999928],[2.2874,50.99919999999928],[2.2874,51.01619999999928],[2.284,51.01619999999928],[2.284,51.02639999999928],[2.2703999999999995,51.02639999999928],[2.2703999999999995,51.009399999999275],[2.2737999999999996,51.009399999999275],[2.2737999999999996,50.99919999999928],[2.2669999999999995,50.99919999999928],[2.2669999999999995,50.982199999999274],[2.2635999999999994,50.982199999999274],[2.2635999999999994,50.98899999999928],[2.2601999999999993,50.98899999999928],[2.2601999999999993,50.99919999999928],[2.2568,50.99919999999928],[2.2568,51.009399999999275],[2.2534,51.009399999999275],[2.2534,51.01619999999928],[2.2466,51.01959999999928],[2.2466,51.02299999999928],[2.2363999999999997,51.02299999999928],[2.2363999999999997,51.036599999999275],[2.2174999999999994,51.036599999999275],[2.2174999999999994,51.027500000002874],[2.1984999999999992,51.027500000002874],[2.1984999999999992,51.033199999999276],[2.1955999999999998,51.033199999999276],[2.1955999999999998,51.02979999999928],[2.1887999999999996,51.02979999999928],[2.1887999999999996,51.036599999999275],[2.1513999999999998,51.036599999999275],[2.1513999999999998,51.033199999999276],[2.151,51.033199999999276],[2.151,51.01800000000287],[2.1445999999999996,51.01800000000287],[2.1445999999999996,51.01619999999928],[2.1415000000000006,51.01619999999928],[2.1415000000000006,50.95150000000287],[2.1319999999999997,50.95150000000287],[2.1319999999999997,50.97050000000287],[2.1225000000000005,50.97050000000287],[2.1225000000000005,50.980000000002875],[2.0939999999999994,50.980000000002875],[2.0939999999999994,50.99900000000287],[2.0655,50.99900000000287],[2.0655,50.98950000000287],[2.055999999999999,50.98950000000287],[2.055999999999999,50.99900000000287],[1.9989999999999997,50.99900000000287],[1.9989999999999997,50.98950000000287],[1.9799999999999995,50.980000000002875],[1.9799999999999995,50.932500000002875],[1.9894999999999996,50.932500000002875],[1.9894999999999996,50.904000000002874],[1.9989999999999997,50.904000000002874],[1.9989999999999997,50.856500000002875],[2.0084999999999997,50.856500000002875],[2.0084999999999997,50.809000000002875],[2.0180000000000007,50.809000000002875],[2.0180000000000007,50.75200000000287],[2.0275,50.75200000000287],[2.0275,50.714000000002876],[2.036999999999999,50.714000000002876],[2.036999999999999,50.657000000002874],[2.0465,50.657000000002874],[2.0465,50.60000000000287],[2.055999999999999,50.60000000000287],[2.055999999999999,50.562000000002875],[2.0465,50.562000000002875],[2.0465,50.57150000000287],[2.0275,50.57150000000287],[2.0275,50.581000000002874],[1.9989999999999997,50.581000000002874],[1.9989999999999997,50.590500000002876],[1.9894999999999996,50.590500000002876],[1.9799999999999995,50.609500000002875],[1.9704999999999995,50.609500000002875],[1.9704999999999995,50.62850000000287],[1.9420000000000002,50.62850000000287],[1.9325,50.64750000000287],[1.904,50.64750000000287],[1.8944999999999999,50.66650000000287],[1.8754999999999997,50.66650000000287],[1.8659999999999997,50.685500000002875],[1.8469999999999995,50.685500000002875],[1.8469999999999995,50.704500000002874],[1.7995,50.704500000002874],[1.7995,50.714000000002876],[1.771,50.714000000002876],[1.771,50.72350000000287],[1.7044999999999995,50.72350000000287],[1.7044999999999995,50.733000000002875],[1.6855000000000002,50.733000000002875],[1.6855000000000002,50.74250000000287],[1.5809999999999995,50.74250000000287],[1.5809999999999995,50.714000000002876],[1.5904999999999996,50.714000000002876],[1.5904999999999996,50.69500000000287],[1.6094999999999997,50.69500000000287],[1.6189999999999998,50.67600000000287],[1.6284999999999998,50.67600000000287],[1.6284999999999998,50.66650000000287],[1.5904999999999996,50.66650000000287],[1.5904999999999996,50.638000000002876],[1.7329999999999997,50.638000000002876],[1.7329999999999997,50.62850000000287],[1.7044999999999995,50.62850000000287],[1.6949999999999994,50.609500000002875],[1.657,50.609500000002875],[1.6475,50.590500000002876],[1.6189999999999998,50.590500000002876],[1.6189999999999998,50.57150000000287],[1.6094999999999997,50.57150000000287],[1.6094999999999997,50.55250000000287],[1.5999999999999996,50.55250000000287],[1.5999999999999996,50.49550000000287],[1.6094999999999997,50.49550000000287],[1.6094999999999997,50.486000000002875],[1.5714999999999995,50.486000000002875],[1.5714999999999995,50.410000000002874],[1.5999999999999996,50.410000000002874],[1.5999999999999996,50.38150000000287],[1.5904999999999996,50.38150000000287],[1.5904999999999996,50.37359999999928],[1.6039999999999996,50.37359999999928],[1.6039999999999996,50.37019999999928],[1.5904999999999996,50.37019999999928],[1.5904999999999996,50.34350000000288],[1.5619999999999994,50.34350000000288],[1.5619999999999994,50.334000000002874],[1.5430000000000001,50.334000000002874],[1.5430000000000001,50.32450000000287],[1.5393999999999997,50.32450000000287],[1.5393999999999997,50.32259999999928],[1.5359999999999996,50.32259999999928],[1.5359999999999996,50.31579999999928],[1.5335,50.31579999999928],[1.5335,50.271599999999275],[1.5359999999999996,50.271599999999275],[1.5393999999999997,50.264799999999276],[1.5461999999999998,50.264799999999276],[1.5461999999999998,50.25800000000287],[1.5714999999999995,50.25800000000287],[1.5766000000017963,50.24779999999928],[1.5768,50.24779999999928],[1.5801999999999996,50.240999999999275],[1.5869999999999997,50.240999999999275],[1.5869999999999997,50.239000000002875],[1.6094999999999997,50.239000000002875],[1.6094999999999997,50.25800000000287],[1.6284999999999998,50.25800000000287],[1.6284999999999998,50.267500000002876],[1.6475,50.27700000000287],[1.6475,50.29600000000287],[1.6760000000000002,50.29600000000287],[1.6760000000000002,50.267500000002876],[1.6665,50.267500000002876],[1.6665,50.22950000000287],[1.657,50.22950000000287],[1.657,50.22059999999928],[1.6583999999999999,50.22059999999928],[1.6583999999999999,50.210399999999275],[1.657,50.210399999999275],[1.657,50.20100000000287],[1.6665,50.20100000000287],[1.6665,50.19679999999928],[1.6685999999999996,50.19679999999928],[1.6685999999999996,50.19339999999928],[1.6753999999999998,50.19339999999928],[1.6753999999999998,50.18999999999928],[1.6665,50.18999999999928],[1.6665,50.18200000000287],[1.6481999999999997,50.18200000000287],[1.6481999999999997,50.179799999999275],[1.6475,50.17944999999928],[1.6475,50.163000000002874],[1.638,50.163000000002874],[1.638,50.144000000002876],[1.6284999999999998,50.144000000002876],[1.6284999999999998,50.12500000000287],[1.6094999999999997,50.12500000000287],[1.6094999999999997,50.087000000002874],[1.5999999999999996,50.087000000002874],[1.5999999999999996,50.191500000002875],[1.5525000000000002,50.191500000002875],[1.5525000000000002,50.17250000000287],[1.5430000000000001,50.17250000000287],[1.5430000000000001,50.15350000000287],[1.5393999999999997,50.15350000000287],[1.5393999999999997,50.14239999999928],[1.5326,50.14239999999928],[1.5326,50.144000000002876],[1.5145,50.144000000002876],[1.5145,50.15350000000287],[1.469800000007194,50.15350000000287],[1.468,50.152599999999275],[1.468,50.14239999999928],[1.4669999999999996,50.14239999999928],[1.4669999999999996,50.13450000000287],[1.4611999999999998,50.13160000000287],[1.4611999999999998,50.12879999999928],[1.4543999999999997,50.125399999999274],[1.4543999999999997,50.118599999999276],[1.4509999999999996,50.118599999999276],[1.4509999999999996,50.11519999999928],[1.4479999999999995,50.11369999999928],[1.4479999999999995,50.10600000000287],[1.4407999999999999,50.10600000000287],[1.4407999999999999,50.10499999999928],[1.4373999999999998,50.10499999999928],[1.4373999999999998,50.10159999999928],[1.4305999999999996,50.10159999999928],[1.4305999999999996,50.094799999999275],[1.4238,50.094799999999275],[1.4203999999999999,50.087999999999276],[1.4195000000000002,50.087999999999276],[1.4195000000000002,49.97300000000287],[1.4289999999999994,49.97300000000287],[1.4289999999999994,49.944500000002876],[1.4384999999999994,49.944500000002876],[1.4384999999999994,49.916000000002875],[1.4479999999999995,49.916000000002875],[1.4479999999999995,49.897000000002876],[1.4574999999999996,49.897000000002876],[1.4574999999999996,49.87800000000287],[1.4669999999999996,49.87800000000287],[1.4669999999999996,49.84950000000288],[1.4764999999999997,49.84950000000288],[1.4764999999999997,49.83050000000287],[1.4859999999999998,49.83050000000287],[1.4859999999999998,49.81150000000287],[1.4954999999999998,49.81150000000287],[1.4954999999999998,49.78300000000287],[1.505,49.78300000000287],[1.505,49.76400000000287],[1.5145,49.76400000000287],[1.5145,49.73550000000287],[1.4954999999999998,49.745000000002875],[1.4954999999999998,49.76400000000287],[1.4859999999999998,49.76400000000287],[1.4764999999999997,49.80200000000287],[1.4669999999999996,49.80200000000287],[1.4669999999999996,49.821000000002876],[1.4574999999999996,49.821000000002876],[1.4574999999999996,49.840000000002874],[1.4479999999999995,49.840000000002874],[1.4384999999999994,49.87800000000287],[1.4289999999999994,49.87800000000287],[1.4289999999999994,49.897000000002876],[1.4195000000000002,49.897000000002876],[1.4195000000000002,49.90650000000287],[1.391,49.90650000000287],[1.391,49.916000000002875],[1.3815,49.916000000002875],[1.3815,49.93500000000287],[1.3719999999999999,49.93500000000287],[1.3719999999999999,49.944500000002876],[1.3529999999999998,49.95400000000287],[1.3434999999999997,49.992000000002875],[1.3339999999999996,49.992000000002875],[1.3244999999999996,50.01100000000287],[1.3149999999999995,50.01100000000287],[1.3149999999999995,50.03000000000287],[1.2775000000017975,50.03000000000287],[1.2770000000000001,50.02899999999928],[1.2770000000000001,50.01100000000287],[1.2571999999999997,50.01100000000287],[1.2571999999999997,50.009799999999274],[1.2538,50.009799999999274],[1.2538,50.006399999999275],[1.2469999999999999,50.006399999999275],[1.2469999999999999,50.002999999999275],[1.2401999999999997,50.002999999999275],[1.2401999999999997,49.999599999999276],[1.2333999999999996,49.999599999999276],[1.2333999999999996,49.99619999999928],[1.2231999999999998,49.99619999999928],[1.2197999999999998,49.98939999999928],[1.2129999999999996,49.98939999999928],[1.2104999999999997,49.984399999999276],[1.2104999999999997,49.97300000000287],[1.187800000001797,49.97300000000287],[1.1858,49.968999999999276],[1.1799999999982027,49.968999999999276],[1.1724999999999994,49.95400000000287],[1.1535000000000002,49.95400000000287],[1.1535000000000002,49.88750000000287],[1.1630000000000003,49.88750000000287],[1.1630000000000003,49.84950000000288],[1.1724999999999994,49.84950000000288],[1.1724999999999994,49.821000000002876],[1.1819999999999995,49.821000000002876],[1.1819999999999995,49.75450000000287],[1.1914999999999996,49.75450000000287],[1.2009999999999996,49.697500000002876],[1.2104999999999997,49.697500000002876],[1.2104999999999997,49.650000000002876],[1.1914999999999996,49.650000000002876],[1.1914999999999996,49.593000000002874],[1.1819999999999995,49.593000000002874],[1.1724999999999994,49.650000000002876],[1.1630000000000003,49.650000000002876],[1.1630000000000003,49.669000000002875],[1.1535000000000002,49.669000000002875],[1.1535000000000002,49.70700000000287],[1.1440000000000001,49.70700000000287],[1.1440000000000001,49.72600000000287],[1.1345,49.72600000000287],[1.1345,49.76400000000287],[1.125,49.76400000000287],[1.125,49.80200000000287],[1.1155,49.80200000000287],[1.1059999999999999,49.87800000000287],[1.0869999999999997,49.87800000000287],[1.0869999999999997,49.88750000000287],[1.0584999999999996,49.88750000000287],[1.0584999999999996,49.87800000000287],[1.0489999999999995,49.87800000000287],[1.0489999999999995,49.916000000002875],[1.0110000000000001,49.916000000002875],[1.0110000000000001,49.697500000002876],[1.0015,49.697500000002876],[1.0015,49.88750000000287],[0.9729999999999999,49.88750000000287],[0.9729999999999999,49.90650000000287],[0.9303076923093527,49.913615384617984],[0.9274,49.90779999999928],[0.9159999999999995,49.90779999999928],[0.9159999999999995,49.90650000000287],[0.9036,49.90650000000287],[0.9036,49.90439999999928],[0.8970000000000002,49.90439999999928],[0.8970000000000002,49.897000000002876],[0.8628,49.897000000002876],[0.8628,49.89419999999928],[0.859,49.89419999999928],[0.859,49.87800000000287],[0.8494999999999999,49.87800000000287],[0.8494999999999999,49.88750000000287],[0.8355999999999999,49.88750000000287],[0.8355999999999999,49.887399999999275],[0.8209999999999997,49.887399999999275],[0.8209999999999997,49.85900000000287],[0.8114999999999997,49.85900000000287],[0.8114999999999997,49.87800000000287],[0.7879999999999998,49.87800000000287],[0.7879999999999998,49.87719999999928],[0.7829999999999995,49.87719999999928],[0.7829999999999995,49.868500000002875],[0.7734999999999994,49.868500000002875],[0.7734999999999994,49.716500000002874],[0.7545000000000002,49.716500000002874],[0.7545000000000002,49.53600000000287],[0.7355,49.53600000000287],[0.7355,49.545500000002875],[0.726,49.545500000002875],[0.726,49.61200000000287],[0.7164999999999999,49.61200000000287],[0.7164999999999999,49.697500000002876],[0.7069999999999999,49.697500000002876],[0.7069999999999999,49.72600000000287],[0.6974999999999998,49.72600000000287],[0.6974999999999998,49.78300000000287],[0.6310000000000002,49.78300000000287],[0.6310000000000002,49.76400000000287],[0.6215000000000002,49.76400000000287],[0.6215000000000002,49.72600000000287],[0.6310000000000002,49.72600000000287],[0.6310000000000002,49.67850000000287],[0.6215000000000002,49.67850000000287],[0.6215000000000002,49.697500000002876],[0.6120000000000001,49.697500000002876],[0.6120000000000001,49.716500000002874],[0.6025,49.716500000002874],[0.6025,49.73550000000287],[0.593,49.73550000000287],[0.593,49.76400000000287],[0.5834999999999999,49.76400000000287],[0.5834999999999999,49.773500000002876],[0.5359999999999996,49.773500000002876],[0.5359999999999996,49.75450000000287],[0.5074999999999994,49.75450000000287],[0.5074999999999994,49.773500000002876],[0.48850000000000016,49.78300000000287],[0.48850000000000016,49.792500000002875],[0.4314999999999998,49.78300000000287],[0.4314999999999998,49.773500000002876],[0.4219999999999997,49.773500000002876],[0.4219999999999997,49.745000000002875],[0.4314999999999998,49.745000000002875],[0.4314999999999998,49.716500000002874],[0.44099999999999984,49.716500000002874],[0.4504999999999999,49.65950000000287],[0.45999999999999996,49.65950000000287],[0.45999999999999996,49.62559999999928],[0.47520000000000007,49.62559999999928],[0.47520000000000007,49.62899999999928],[0.5261999999999998,49.62899999999928],[0.5261999999999998,49.62559999999928],[0.5329999999999999,49.62559999999928],[0.5364,49.618799999999275],[0.5465999999999998,49.618799999999275],[0.5465999999999998,49.60179999999928],[0.5431999999999997,49.60179999999928],[0.5431999999999997,49.588199999999276],[0.5398000000000001,49.588199999999276],[0.5398000000000001,49.57799999999928],[0.5364,49.57799999999928],[0.5364,49.564399999999274],[0.5329999999999999,49.564399999999274],[0.5329999999999999,49.54739999999928],[0.5295999999999998,49.54739999999928],[0.5295999999999998,49.533799999999275],[0.5261999999999998,49.533799999999275],[0.5261999999999998,49.51679999999928],[0.5227999999999997,49.51679999999928],[0.5227999999999997,49.503199999999275],[0.516,49.503199999999275],[0.516,49.48959999999928],[0.5126,49.48959999999928],[0.5126,49.469199999999276],[0.5091999999999999,49.469199999999276],[0.5091999999999999,49.46239999999928],[0.5057999999999998,49.46239999999928],[0.5057999999999998,49.48619999999928],[0.49560000000000004,49.48619999999928],[0.49560000000000004,49.472599999999275],[0.49219999999999997,49.472599999999275],[0.49219999999999997,49.46239999999928],[0.49560000000000004,49.46239999999928],[0.49560000000000004,49.441999999999275],[0.49899999999999967,49.441999999999275],[0.49899999999999967,49.43179999999928],[0.5023999999999997,49.43179999999928],[0.5023999999999997,49.40459999999928],[0.5057999999999998,49.40459999999928],[0.5091999999999999,49.37059999999928],[0.5126,49.37059999999928],[0.5126,49.350199999999276],[0.516,49.350199999999276],[0.516,49.33659999999928],[0.5057999999999998,49.33659999999928],[0.5023999999999997,49.32979999999928],[0.49219999999999997,49.32979999999928],[0.4887999999999999,49.322999999999276],[0.4785999999999997,49.322999999999276],[0.4785999999999997,49.31959999999928],[0.4718,49.31959999999928],[0.4718,49.31619999999928],[0.4581999999999997,49.31619999999928],[0.4581999999999997,49.31279999999928],[0.4514,49.31279999999928],[0.4514,49.30939999999928],[0.4343999999999997,49.30939999999928],[0.4343999999999997,49.30599999999928],[0.4241999999999999,49.30599999999928],[0.4241999999999999,49.30259999999928],[0.40039999999999987,49.30259999999928],[0.40039999999999987,49.299199999999274],[0.38680000000000003,49.299199999999274],[0.38680000000000003,49.295799999999275],[0.3595999999999999,49.295799999999275],[0.3595999999999999,49.292399999999276],[0.33919999999999995,49.292399999999276],[0.33919999999999995,49.28899999999928],[0.32699999999999996,49.28899999999928],[0.32699999999999996,49.21300000000287],[0.3365,49.21300000000287],[0.3460000000000001,49.080000000002876],[0.35550000000000015,49.080000000002876],[0.35550000000000015,49.023000000002874],[0.3650000000000002,49.023000000002874],[0.3650000000000002,48.956500000002876],[0.3745000000000003,48.956500000002876],[0.3745000000000003,48.89000000000287],[0.38399999999999945,48.89000000000287],[0.38399999999999945,48.833000000002876],[0.3934999999999995,48.833000000002876],[0.3934999999999995,48.776000000002874],[0.4029999999999996,48.776000000002874],[0.4029999999999996,48.709500000002876],[0.3745000000000003,48.709500000002876],[0.3745000000000003,48.74750000000287],[0.3650000000000002,48.74750000000287],[0.3650000000000002,48.76650000000287],[0.35550000000000015,48.76650000000287],[0.35550000000000015,48.804500000002875],[0.3460000000000001,48.804500000002875],[0.3460000000000001,48.82350000000287],[0.3365,48.82350000000287],[0.3365,48.852000000002874],[0.32699999999999996,48.852000000002874],[0.3174999999999999,48.90900000000288],[0.30799999999999983,48.90900000000288],[0.30799999999999983,48.93750000000287],[0.29849999999999977,48.93750000000287],[0.29849999999999977,48.975500000002874],[0.2889999999999997,48.975500000002874],[0.2889999999999997,49.004000000002875],[0.27949999999999964,49.004000000002875],[0.27949999999999964,49.03250000000287],[0.2699999999999996,49.03250000000287],[0.2699999999999996,49.051500000002875],[0.25099999999999945,49.051500000002875],[0.25099999999999945,49.07050000000287],[0.2320000000000002,49.080000000002876],[0.2320000000000002,49.099000000002874],[0.21300000000000008,49.10850000000287],[0.21300000000000008,49.127500000002875],[0.20350000000000001,49.127500000002875],[0.19399999999999995,49.146500000002874],[0.1844999999999999,49.146500000002874],[0.17499999999999982,49.18450000000287],[0.16549999999999976,49.18450000000287],[0.16549999999999976,49.19400000000287],[0.14649999999999963,49.203500000002876],[0.14649999999999963,49.222500000002874],[0.13699999999999957,49.222500000002874],[0.1274999999999995,49.24150000000287],[0.11799999999999944,49.24150000000287],[0.10850000000000026,49.27950000000288],[0.08950000000000014,49.28900000000287],[0.08950000000000014,49.298500000002875],[0.07050000000000001,49.30800000000287],[0.07050000000000001,49.31750000000287],[0.06099999999999994,49.31750000000287],[0.05149999999999988,49.33650000000287],[0.022999999999999687,49.33650000000287],[0.022999999999999687,49.327000000002876],[0.013499999999999623,49.327000000002876],[0.013499999999999623,49.298500000002875],[0.022999999999999687,49.298500000002875],[0.022999999999999687,49.27950000000288],[0.0039999999999995595,49.28900000000287],[0.0039999999999995595,49.30800000000287],[-0.024499999999999744,49.30800000000287],[-0.024499999999999744,49.31750000000287],[-0.039249999998201945,49.31750000000287],[-0.04160000000000008,49.31279999999928],[-0.04500000000000015,49.31279999999928],[-0.04500000000000015,49.31619999999928],[-0.052999999999999936,49.31619999999928],[-0.052999999999999936,49.298500000002875],[-0.0625,49.298500000002875],[-0.0625,49.30800000000287],[-0.09100000000000019,49.30800000000287],[-0.09100000000000019,49.298500000002875],[-0.14360000000000017,49.298500000002875],[-0.14360000000000017,49.295799999999275],[-0.15783750000044972,49.295799999999275],[-0.16699999999999982,49.222500000002874],[-0.17649999999999988,49.222500000002874],[-0.17649999999999988,49.270000000002874],[-0.16699999999999982,49.270000000002874],[-0.16699999999999982,49.295799999999275],[-0.2240000000000002,49.295799999999275],[-0.2240000000000002,49.27950000000288],[-0.2320000000000002,49.27950000000288],[-0.2320000000000002,49.27879999999928],[-0.23880000000000012,49.27879999999928],[-0.23880000000000012,49.27950000000288],[-0.24300000000000033,49.27950000000288],[-0.24300000000000033,49.28379999999928],[-0.24560000000000004,49.28899999999928],[-0.2490000000000001,49.28899999999928],[-0.2490000000000001,49.292399999999276],[-0.2558,49.292399999999276],[-0.2558,49.295799999999275],[-0.27280000000000015,49.295799999999275],[-0.2757894736861018,49.30177894737148],[-0.28399999996407665,49.30259999999928],[-0.2932000000000001,49.30259999999928],[-0.2932000000000001,49.30352000000287],[-0.3380000000000001,49.30800000000287],[-0.3380000000000001,49.298500000002875],[-0.3570000000000002,49.298500000002875],[-0.36650000000000027,49.26050000000287],[-0.37600000000000033,49.26050000000287],[-0.37600000000000033,49.24150000000287],[-0.4139999999999997,49.24150000000287],[-0.4139999999999997,49.222500000002874],[-0.43299999999999983,49.222500000002874],[-0.43299999999999983,49.203500000002876],[-0.45199999999999996,49.203500000002876],[-0.45199999999999996,49.327000000002876],[-0.4615,49.327000000002876],[-0.4615,49.33999999999928],[-0.4700000000000002,49.33999999999928],[-0.4700000000000002,49.34339999999928],[-0.4802000000000002,49.34339999999928],[-0.4802000000000002,49.346000000002874],[-0.4900000000000002,49.346000000002874],[-0.4900000000000002,49.33650000000287],[-0.4995000000000003,49.33650000000287],[-0.5090000000000003,49.31750000000287],[-0.5185000000000004,49.31750000000287],[-0.5185000000000004,49.27950000000288],[-0.5312000000000001,49.27950000000288],[-0.5312000000000001,49.27539999999928],[-0.5346000000000002,49.27539999999928],[-0.5346000000000002,49.241399999999274],[-0.5375000000000005,49.241399999999274],[-0.5375000000000005,49.127500000002875],[-0.5469999999999997,49.127500000002875],[-0.5469999999999997,49.08950000000287],[-0.5564999999999998,49.08950000000287],[-0.5564999999999998,49.15600000000288],[-0.5659999999999998,49.15600000000288],[-0.5659999999999998,49.203500000002876],[-0.5564999999999998,49.203500000002876],[-0.5564999999999998,49.31750000000287],[-0.5659999999999998,49.31750000000287],[-0.5659999999999998,49.33650000000287],[-0.5754999999999999,49.33650000000287],[-0.5821499999982008,49.34979999999928],[-0.5902000000000003,49.34979999999928],[-0.5902000000000003,49.34639999999928],[-0.6276000000000002,49.34639999999928],[-0.6276000000000002,49.34979999999928],[-0.6400000000000001,49.34979999999928],[-0.6400000000000001,49.34679999999928],[-0.6514000000000006,49.34679999999928],[-0.6514000000000006,49.34639999999928],[-0.6560500000017986,49.34639999999928],[-0.6610000000000005,49.33650000000287],[-0.6799999999999997,49.327000000002876],[-0.6799999999999997,49.34213333333261],[-0.6876,49.34339999999928],[-0.6876,49.346000000002874],[-0.6894999999999998,49.346000000002874],[-0.6894999999999998,49.34639999999928],[-0.7262000000000004,49.34639999999928],[-0.7262000000000004,49.34679999999928],[-0.7275,49.34679999999928],[-0.7275,49.31750000000287],[-0.7465000000000002,49.31750000000287],[-0.7465000000000002,49.24150000000287],[-0.7655000000000003,49.23200000000287],[-0.7655000000000003,49.18450000000287],[-0.7750000000000004,49.18450000000287],[-0.7750000000000004,49.127500000002875],[-0.7845000000000004,49.127500000002875],[-0.7845000000000004,49.08950000000287],[-0.7940000000000005,49.08950000000287],[-0.7940000000000005,49.03250000000287],[-0.8035000000000005,49.03250000000287],[-0.8035000000000005,48.99450000000287],[-0.8129999999999997,48.99450000000287],[-0.7940000000000005,49.18450000000287],[-0.8035000000000005,49.18450000000287],[-0.8035000000000005,49.28900000000287],[-0.8129999999999997,49.28900000000287],[-0.8129999999999997,49.298500000002875],[-0.8414999999999999,49.298500000002875],[-0.8414999999999999,49.35550000000288],[-0.8605,49.35550000000288],[-0.8663499999982017,49.36719999999928],[-0.8712,49.36719999999928],[-0.8744000000000005,49.37359999999928],[-0.8826,49.37359999999928],[-0.8827999999999996,49.37399999999928],[-0.8848,49.37399999999928],[-0.885050000001799,49.374500000002875],[-0.9080000000000004,49.374500000002875],[-0.9080000000000004,49.36500000000287],[-0.9270000000000005,49.35550000000288],[-0.9270000000000005,49.33650000000287],[-0.9365000000000006,49.33650000000287],[-0.9365000000000006,49.31750000000287],[-0.9459999999999997,49.31750000000287],[-0.9459999999999997,49.28900000000287],[-0.9554999999999998,49.28900000000287],[-0.9554999999999998,49.26050000000287],[-0.9649999999999999,49.26050000000287],[-0.9744999999999999,49.18450000000287],[-0.984,49.18450000000287],[-0.984,49.16550000000287],[-0.9935,49.16550000000287],[-0.9935,49.222500000002874],[-1.0030000000000001,49.222500000002874],[-0.9935,49.31750000000287],[-1.0030000000000001,49.31750000000287],[-1.0125000000000002,49.393500000002874],[-1.0695000000000006,49.393500000002874],[-1.0695000000000006,49.374500000002875],[-1.1031499999982015,49.374500000002875],[-1.1036000000000001,49.37359999999928],[-1.1104000000000003,49.37359999999928],[-1.1138000000000003,49.36679999999928],[-1.117,49.36679999999928],[-1.117,49.36500000000287],[-1.124,49.36500000000287],[-1.124,49.363399999999274],[-1.1274000000000002,49.363399999999274],[-1.1274000000000002,49.36500000000287],[-1.141,49.36500000000287],[-1.141,49.363399999999274],[-1.1444,49.363399999999274],[-1.1444,49.36500000000287],[-1.1455000000000002,49.36500000000287],[-1.1455000000000002,49.35550000000288],[-1.1550000000000002,49.35550000000288],[-1.1550000000000002,49.36679999999928],[-1.1580000000000004,49.36679999999928],[-1.1580000000000004,49.37019999999928],[-1.1550000000000002,49.37019999999928],[-1.1550000000000002,49.393500000002874],[-1.1645000000000003,49.393500000002874],[-1.1645000000000003,49.420599999999276],[-1.1648,49.421199999999274],[-1.1716000000000002,49.421199999999274],[-1.1716000000000002,49.422000000002875],[-1.1930000000000005,49.422000000002875],[-1.1930000000000005,49.43679999999928],[-1.1951000000017986,49.44100000000287],[-1.2119999999999997,49.44100000000287],[-1.2119999999999997,49.451799999999274],[-1.2124000000000001,49.451799999999274],[-1.2158000000000002,49.45859999999928],[-1.2226000000000004,49.45859999999928],[-1.2226000000000004,49.46539999999928],[-1.2294,49.46539999999928],[-1.2294,49.46879999999928],[-1.230800000007195,49.469500000002874],[-1.2405,49.469500000002874],[-1.2405,49.477749999999276],[-1.2430000000000003,49.478999999999274],[-1.2430000000000003,49.47900000000287],[-1.25,49.47900000000287],[-1.25,49.48659999999928],[-1.2528500000008997,49.498000000002875],[-1.2690000000000001,49.498000000002875],[-1.2690000000000001,49.51299999999928],[-1.2702,49.51299999999928],[-1.2702,49.517000000002874],[-1.2785000000000002,49.517000000002874],[-1.2785000000000002,49.52659999999928],[-1.2804000000000002,49.52659999999928],[-1.2804000000000002,49.53600000000287],[-1.2880000000000003,49.53600000000287],[-1.2880000000000003,49.574000000002876],[-1.2702,49.574000000002876],[-1.2702,49.57419999999928],[-1.2634000000000003,49.57419999999928],[-1.2634000000000003,49.57759999999928],[-1.2595,49.57759999999928],[-1.2595,49.58350000000287],[-1.2566000000000002,49.58350000000287],[-1.2566000000000002,49.597999999999274],[-1.2532,49.597999999999274],[-1.2532,49.60139999999928],[-1.2332000000071919,49.60139999999928],[-1.2328000000000001,49.601600000002875],[-1.2328000000000001,49.60479999999928],[-1.2309999999999999,49.60569999999928],[-1.2309999999999999,49.63100000000287],[-1.2880000000000003,49.63100000000287],[-1.2880000000000003,49.64050000000287],[-1.3165000000000004,49.64050000000287],[-1.3165000000000004,49.63100000000287],[-1.3544999999999998,49.63100000000287],[-1.3544999999999998,49.68800000000287],[-1.383,49.68800000000287],[-1.383,49.60250000000288],[-1.3925,49.60250000000288],[-1.3925,49.593000000002874],[-1.4210000000000003,49.593000000002874],[-1.4305000000000003,49.55500000000287],[-1.4495000000000005,49.55500000000287],[-1.4590000000000005,49.593000000002874],[-1.4684999999999997,49.593000000002874],[-1.4779999999999998,49.61200000000287],[-1.4874999999999998,49.61200000000287],[-1.4874999999999998,49.63100000000287],[-1.4969999999999999,49.63100000000287],[-1.4969999999999999,49.650000000002876],[-1.5065,49.650000000002876],[-1.5065,49.65950000000287],[-1.5252000000000003,49.65950000000287],[-1.5252000000000003,49.659199999999274],[-1.5592000000000001,49.659199999999274],[-1.5592000000000001,49.65950000000287],[-1.5635000000000003,49.65950000000287],[-1.5635000000000003,49.66259999999928],[-1.5660000000000003,49.66259999999928],[-1.5687615384631983,49.668123076925674],[-1.5942636363616753,49.66387272727593],[-1.5966,49.659199999999274],[-1.6204999999999998,49.659199999999274],[-1.6204999999999998,49.650000000002876],[-1.63,49.650000000002876],[-1.63,49.63100000000287],[-1.6395,49.63100000000287],[-1.6395,49.58350000000287],[-1.649,49.58350000000287],[-1.649,49.650000000002876],[-1.6585,49.650000000002876],[-1.6585,49.66599999999928],[-1.6646,49.66599999999928],[-1.6646,49.669000000002875],[-1.6870000000000003,49.669000000002875],[-1.6870000000000003,49.65950000000287],[-1.7060000000000004,49.650000000002876],[-1.7155000000000005,49.61200000000287],[-1.7250000000000005,49.61200000000287],[-1.7250000000000005,49.53600000000287],[-1.7155000000000005,49.53600000000287],[-1.7155000000000005,49.526500000002876],[-1.6965000000000003,49.526500000002876],[-1.6965000000000003,49.50750000000287],[-1.6775000000000002,49.50750000000287],[-1.6680000000000001,49.48850000000287],[-1.649,49.48850000000287],[-1.649,49.47900000000287],[-1.5730000000000004,49.46000000000287],[-1.5730000000000004,49.44100000000287],[-1.5825000000000005,49.44100000000287],[-1.5825000000000005,49.43150000000287],[-1.6014999999999997,49.422000000002875],[-1.6014999999999997,49.393500000002874],[-1.5920000000000005,49.393500000002874],[-1.5920000000000005,49.38400000000287],[-1.6109999999999998,49.38400000000287],[-1.6109999999999998,49.35550000000288],[-1.6204999999999998,49.35550000000288],[-1.6204999999999998,49.33650000000287],[-1.649,49.33650000000287],[-1.649,49.30800000000287],[-1.6204999999999998,49.30800000000287],[-1.6204999999999998,49.327000000002876],[-1.5920000000000005,49.327000000002876],[-1.5920000000000005,49.33650000000287],[-1.5730000000000004,49.33650000000287],[-1.5730000000000004,49.327000000002876],[-1.5825000000000005,49.327000000002876],[-1.5825000000000005,49.31750000000287],[-1.6014999999999997,49.31750000000287],[-1.6014999999999997,49.298500000002875],[-1.6204999999999998,49.298500000002875],[-1.6204999999999998,49.27950000000288],[-1.6395,49.27950000000288],[-1.6395,49.24150000000287],[-1.6204999999999998,49.24150000000287],[-1.6204999999999998,49.23200000000287],[-1.6109999999999998,49.23200000000287],[-1.6109999999999998,49.19400000000287],[-1.5350000000000001,49.203500000002876],[-1.5350000000000001,49.19400000000287],[-1.5445000000000002,49.19400000000287],[-1.5445000000000002,49.18450000000287],[-1.5635000000000003,49.175000000002875],[-1.5635000000000003,49.16550000000287],[-1.5825000000000005,49.16550000000287],[-1.5920000000000005,49.146500000002874],[-1.6014999999999997,49.146500000002874],[-1.6014999999999997,49.127500000002875],[-1.6068000000000002,49.127500000002875],[-1.6068000000000002,49.121999999999275],[-1.6102000000000003,49.121999999999275],[-1.6102000000000003,49.11179999999928],[-1.6109999999999998,49.11139999999928],[-1.6109999999999998,49.099000000002874],[-1.5920000000000005,49.099000000002874],[-1.5920000000000005,49.080000000002876],[-1.5540000000000003,49.080000000002876],[-1.5540000000000003,49.07050000000287],[-1.5730000000000004,49.07050000000287],[-1.5730000000000004,49.03250000000287],[-1.5825000000000005,49.03250000000287],[-1.5825000000000005,49.004000000002875],[-1.5730000000000004,49.004000000002875],[-1.5730000000000004,48.98500000000287],[-1.516,48.975500000002874],[-1.516,48.96600000000287],[-1.4779999999999998,48.96600000000287],[-1.4779999999999998,48.956500000002876],[-1.5350000000000001,48.956500000002876],[-1.5350000000000001,48.93750000000287],[-1.5524,48.93750000000287],[-1.5524,48.914599999999275],[-1.5558,48.914599999999275],[-1.5558,48.928000000002875],[-1.5635000000000003,48.928000000002875],[-1.5635000000000003,48.899500000002874],[-1.5728,48.899500000002874],[-1.5728,48.890799999999274],[-1.5694000000000004,48.890799999999274],[-1.5694000000000004,48.887399999999275],[-1.5730000000000004,48.887399999999275],[-1.5730000000000004,48.852000000002874],[-1.5635000000000003,48.852000000002874],[-1.5635000000000003,48.84250000000287],[-1.5966,48.84250000000287],[-1.5966,48.83979999999928],[-1.6014999999999997,48.83979999999928],[-1.6014999999999997,48.829599999999274],[-1.6,48.829599999999274],[-1.6,48.822799999999276],[-1.5966,48.822799999999276],[-1.5966,48.81599999999928],[-1.5932000000000004,48.81599999999928],[-1.5932000000000004,48.80919999999928],[-1.5898000000000003,48.80919999999928],[-1.5898000000000003,48.80239999999928],[-1.5830000000000002,48.80239999999928],[-1.5830000000000002,48.798999999999275],[-1.5796000000000001,48.798999999999275],[-1.5796000000000001,48.78539999999928],[-1.5728,48.78199999999928],[-1.5728,48.776000000002874],[-1.5255,48.776000000002874],[-1.516,48.79500000000287],[-1.4969999999999999,48.79500000000287],[-1.4874999999999998,48.81400000000287],[-1.4590000000000005,48.81400000000287],[-1.4495000000000005,48.833000000002876],[-1.4210000000000003,48.833000000002876],[-1.4210000000000003,48.84250000000287],[-1.383,48.84250000000287],[-1.383,48.833000000002876],[-1.3925,48.833000000002876],[-1.3925,48.81400000000287],[-1.4020000000000001,48.81400000000287],[-1.4020000000000001,48.709500000002876],[-1.3544999999999998,48.709500000002876],[-1.3544999999999998,48.71900000000287],[-1.3449999999999998,48.71900000000287],[-1.3449999999999998,48.73800000000287],[-1.3354999999999997,48.73800000000287],[-1.3260000000000005,48.757000000002876],[-1.3165000000000004,48.757000000002876],[-1.3165000000000004,48.776000000002874],[-1.3070000000000004,48.776000000002874],[-1.2975000000000003,48.79500000000287],[-1.2880000000000003,48.79500000000287],[-1.2880000000000003,48.804500000002875],[-1.2785000000000002,48.804500000002875],[-1.2690000000000001,48.82350000000287],[-1.2595,48.82350000000287],[-1.2595,48.833000000002876],[-1.25,48.833000000002876],[-1.25,48.852000000002874],[-1.2309999999999999,48.852000000002874],[-1.2309999999999999,48.87100000000287],[-1.2214999999999998,48.87100000000287],[-1.2214999999999998,48.880500000002876],[-1.2119999999999997,48.880500000002876],[-1.2024999999999997,48.899500000002874],[-1.1930000000000005,48.899500000002874],[-1.1930000000000005,48.90900000000288],[-1.1835000000000004,48.90900000000288],[-1.1835000000000004,48.928000000002875],[-1.1645000000000003,48.928000000002875],[-1.1645000000000003,48.94700000000287],[-1.1550000000000002,48.94700000000287],[-1.1550000000000002,48.956500000002876],[-1.1360000000000001,48.956500000002876],[-1.1360000000000001,48.94700000000287],[-1.0979999999999999,48.94700000000287],[-1.0979999999999999,48.93750000000287],[-1.0789999999999997,48.93750000000287],[-1.0789999999999997,48.928000000002875],[-1.0410000000000004,48.928000000002875],[-1.0410000000000004,48.91850000000287],[-1.0220000000000002,48.91850000000287],[-1.0220000000000002,48.90900000000288],[-0.984,48.90900000000288],[-0.984,48.899500000002874],[-0.9744999999999999,48.899500000002874],[-0.9744999999999999,48.89000000000287],[-0.9554999999999998,48.880500000002876],[-0.9554999999999998,48.87100000000287],[-0.9365000000000006,48.87100000000287],[-0.9270000000000005,48.852000000002874],[-0.9080000000000004,48.852000000002874],[-0.9080000000000004,48.833000000002876],[-0.8890000000000002,48.833000000002876],[-0.8890000000000002,48.82350000000287],[-0.8795000000000002,48.82350000000287],[-0.8795000000000002,48.81400000000287],[-0.8605,48.804500000002875],[-0.8605,48.79500000000287],[-0.8414999999999999,48.79500000000287],[-0.8414999999999999,48.776000000002874],[-0.8224999999999998,48.776000000002874],[-0.8224999999999998,48.76650000000287],[-0.8035000000000005,48.757000000002876],[-0.7940000000000005,48.73800000000287],[-0.7845000000000004,48.73800000000287],[-0.7750000000000004,48.71900000000287],[-0.7560000000000002,48.709500000002876],[-0.7560000000000002,48.70000000000287],[-0.7465000000000002,48.70000000000287],[-0.7465000000000002,48.69050000000287],[-0.7275,48.681000000002875],[-0.7275,48.67150000000287],[-0.7084999999999999,48.66200000000288],[-0.7084999999999999,48.652500000002874],[-0.6989999999999998,48.652500000002874],[-0.6989999999999998,48.633500000002876],[-0.6894999999999998,48.633500000002876],[-0.6894999999999998,48.62400000000287],[-0.6705000000000005,48.61450000000287],[-0.6705000000000005,48.59550000000287],[-0.6515000000000004,48.586000000002876],[-0.6420000000000003,48.56700000000287],[-0.6325000000000003,48.56700000000287],[-0.6230000000000002,48.54800000000287],[-0.6135000000000002,48.54800000000287],[-0.6135000000000002,48.53850000000287],[-0.6040000000000001,48.53850000000287],[-0.6040000000000001,48.51950000000287],[-0.5945,48.51950000000287],[-0.585,48.50050000000287],[-0.5754999999999999,48.50050000000287],[-0.5754999999999999,48.49100000000287],[-0.5659999999999998,48.49100000000287],[-0.5564999999999998,48.45300000000287],[-0.5375000000000005,48.44350000000287],[-0.5375000000000005,48.42450000000287],[-0.5280000000000005,48.42450000000287],[-0.5185000000000004,48.386500000002876],[-0.5090000000000003,48.386500000002876],[-0.5090000000000003,48.36750000000287],[-0.4995000000000003,48.36750000000287],[-0.4995000000000003,48.358000000002875],[-0.5090000000000003,48.358000000002875],[-0.5090000000000003,48.329500000002874],[-0.5185000000000004,48.329500000002874],[-0.5185000000000004,48.30100000000287],[-0.5280000000000005,48.30100000000287],[-0.5280000000000005,48.282000000002874],[-0.5375000000000005,48.282000000002874],[-0.5375000000000005,48.263000000002876],[-0.5469999999999997,48.263000000002876],[-0.5469999999999997,48.24400000000287],[-0.5564999999999998,48.24400000000287],[-0.5564999999999998,48.22500000000287],[-0.5659999999999998,48.22500000000287],[-0.5754999999999999,48.187000000002875],[-0.585,48.187000000002875],[-0.585,48.16800000000288],[-0.5945,48.16800000000288],[-0.5945,48.14900000000287],[-0.6040000000000001,48.14900000000287],[-0.6135000000000002,48.13000000000287],[-0.6230000000000002,48.13000000000287],[-0.6230000000000002,48.111000000002875],[-0.6325000000000003,48.111000000002875],[-0.6325000000000003,48.10150000000287],[-0.6515000000000004,48.09200000000287],[-0.6515000000000004,48.07300000000287],[-0.6610000000000005,48.07300000000287],[-0.6705000000000005,48.05400000000287],[-0.6799999999999997,48.05400000000287],[-0.6799999999999997,48.035000000002874],[-0.6989999999999998,48.02550000000287],[-0.6989999999999998,48.00650000000287],[-0.7084999999999999,48.00650000000287],[-0.7084999999999999,47.99700000000287],[-0.7275,47.987500000002875],[-0.7370000000000001,47.96850000000288],[-0.7465000000000002,47.96850000000288],[-0.7465000000000002,47.959000000002874],[-0.7560000000000002,47.959000000002874],[-0.7655000000000003,47.940000000002875],[-0.7845000000000004,47.940000000002875],[-0.7845000000000004,47.93050000000287],[-0.8035000000000005,47.92100000000288],[-0.8035000000000005,47.911500000002874],[-0.8224999999999998,47.911500000002874],[-0.8319999999999999,47.892500000002876],[-0.851,47.892500000002876],[-0.8605,47.87350000000287],[-0.8795000000000002,47.87350000000287],[-0.8890000000000002,47.85450000000287],[-0.9080000000000004,47.85450000000287],[-0.9175000000000004,47.835500000002874],[-0.9365000000000006,47.835500000002874],[-0.9365000000000006,47.82600000000287],[-0.9554999999999998,47.82600000000287],[-0.9554999999999998,47.816500000002875],[-0.9744999999999999,47.816500000002875],[-0.9744999999999999,47.80700000000287],[-0.9935,47.80700000000287],[-0.9935,47.79750000000287],[-1.0220000000000002,47.79750000000287],[-1.0315000000000003,47.77850000000287],[-1.0695000000000006,47.77850000000287],[-1.0695000000000006,47.769000000002876],[-1.0884999999999998,47.769000000002876],[-1.0884999999999998,47.75950000000287],[-1.1265,47.75950000000287],[-1.1265,47.75000000000287],[-1.1645000000000003,47.740500000002875],[-1.1645000000000003,47.75000000000287],[-1.1835000000000004,47.75000000000287],[-1.1835000000000004,47.75950000000287],[-1.2119999999999997,47.75950000000287],[-1.2119999999999997,47.769000000002876],[-1.2309999999999999,47.769000000002876],[-1.2309999999999999,47.77850000000287],[-1.2690000000000001,47.77850000000287],[-1.2785000000000002,47.79750000000287],[-1.3165000000000004,47.79750000000287],[-1.3165000000000004,47.80700000000287],[-1.3354999999999997,47.80700000000287],[-1.3354999999999997,47.816500000002875],[-1.3735,47.816500000002875],[-1.3735,47.82600000000287],[-1.3925,47.82600000000287],[-1.3925,47.835500000002874],[-1.4210000000000003,47.835500000002874],[-1.4210000000000003,47.84500000000287],[-1.4400000000000004,47.84500000000287],[-1.4400000000000004,47.85450000000287],[-1.4779999999999998,47.85450000000287],[-1.4779999999999998,47.864000000002875],[-1.516,47.864000000002875],[-1.5255,47.88300000000287],[-1.5350000000000001,47.88300000000287],[-1.5350000000000001,48.00650000000287],[-1.5445000000000002,48.00650000000287],[-1.5445000000000002,48.206000000002874],[-1.5540000000000003,48.206000000002874],[-1.5540000000000003,48.22500000000287],[-1.5635000000000003,48.22500000000287],[-1.5635000000000003,48.282000000002874],[-1.5730000000000004,48.282000000002874],[-1.5730000000000004,48.33900000000287],[-1.5825000000000005,48.33900000000287],[-1.5825000000000005,48.39600000000287],[-1.5920000000000005,48.39600000000287],[-1.5920000000000005,48.42450000000287],[-1.6109999999999998,48.42450000000287],[-1.6109999999999998,48.49100000000287],[-1.6204999999999998,48.49100000000287],[-1.6204999999999998,48.54800000000287],[-1.63,48.54800000000287],[-1.63,48.56700000000287],[-1.6395,48.56700000000287],[-1.6395,48.586000000002876],[-1.6585,48.586000000002876],[-1.6585,48.605000000002875],[-1.6680000000000001,48.605000000002875],[-1.6680000000000001,48.61450000000287],[-1.6965000000000003,48.61450000000287],[-1.6965000000000003,48.206000000002874],[-1.7060000000000004,48.206000000002874],[-1.7060000000000004,47.92100000000288],[-1.7155000000000005,47.92100000000288],[-1.7155000000000005,47.93050000000287],[-1.7250000000000005,47.93050000000287],[-1.7250000000000005,48.47200000000287],[-1.7534999999999998,48.47200000000287],[-1.7534999999999998,47.93050000000287],[-1.782,47.93050000000287],[-1.782,48.510000000002876],[-1.8105000000000002,48.510000000002876],[-1.8105000000000002,48.61450000000287],[-1.8200000000000003,48.61450000000287],[-1.8200000000000003,48.622199999999275],[-1.8210000000000002,48.622199999999275],[-1.8210000000000002,48.62400000000287],[-1.8390000000000004,48.62400000000287],[-1.843199999998204,48.63239999999928],[-1.8448000000000002,48.63239999999928],[-1.8448000000000002,48.635600000002874],[-1.8449333333309383,48.63586666666475],[-1.8516000000000004,48.63919999999928],[-1.8535000000017974,48.64300000000287],[-1.8674999999999997,48.64300000000287],[-1.8674999999999997,48.67150000000287],[-1.896,48.67150000000287],[-1.896,48.66200000000288],[-1.9055,48.66200000000288],[-1.9055,48.67150000000287],[-1.9435000000000002,48.67150000000287],[-1.9435000000000002,48.62400000000287],[-1.9530000000000003,48.62400000000287],[-1.9530000000000003,48.633500000002876],[-1.9815000000000005,48.633500000002876],[-1.9815000000000005,48.64300000000287],[-2.0385,48.64300000000287],[-2.0385,48.633500000002876],[-2.048,48.633500000002876],[-2.048,48.61450000000287],[-2.0575,48.61450000000287],[-2.0575,48.59550000000287],[-2.0765000000000002,48.59550000000287],[-2.0765000000000002,48.605000000002875],[-2.0860000000000003,48.605000000002875],[-2.0860000000000003,48.62400000000287],[-2.1335,48.62400000000287],[-2.1335,48.61450000000287],[-2.1525000000000003,48.61450000000287],[-2.1525000000000003,48.62400000000287],[-2.178,48.62400000000287],[-2.178,48.622199999999275],[-2.1882,48.622199999999275],[-2.1882,48.62400000000287],[-2.2,48.62400000000287],[-2.2,48.56700000000287],[-2.2095000000000002,48.56700000000287],[-2.2095000000000002,48.54800000000287],[-2.2190000000000003,48.54800000000287],[-2.2285,48.510000000002876],[-2.238,48.510000000002876],[-2.238,48.49100000000287],[-2.2475,48.49100000000287],[-2.2475,48.45300000000287],[-2.257,48.45300000000287],[-2.257,48.434000000002875],[-2.2665,48.434000000002875],[-2.2665,48.41500000000288],[-2.2760000000000002,48.41500000000288],[-2.2760000000000002,48.386500000002876],[-2.2855000000000003,48.386500000002876],[-2.2855000000000003,48.36750000000287],[-2.295,48.36750000000287],[-2.295,48.33900000000287],[-2.3045,48.33900000000287],[-2.3045,48.32000000000287],[-2.314,48.32000000000287],[-2.314,48.30100000000287],[-2.3235,48.30100000000287],[-2.3235,48.282000000002874],[-2.333,48.282000000002874],[-2.333,48.263000000002876],[-2.3425000000000002,48.263000000002876],[-2.3425000000000002,48.234500000002875],[-2.3520000000000003,48.234500000002875],[-2.3615,48.19650000000287],[-2.371,48.19650000000287],[-2.371,48.34850000000287],[-2.3615,48.34850000000287],[-2.3615,48.37700000000287],[-2.3425000000000002,48.386500000002876],[-2.3425000000000002,48.405500000002874],[-2.333,48.405500000002874],[-2.3235,48.44350000000287],[-2.314,48.44350000000287],[-2.314,48.45300000000287],[-2.295,48.462500000002876],[-2.295,48.481500000002875],[-2.2855000000000003,48.481500000002875],[-2.2855000000000003,48.50050000000287],[-2.2760000000000002,48.50050000000287],[-2.2760000000000002,48.51950000000287],[-2.257,48.529000000002874],[-2.257,48.54800000000287],[-2.2475,48.54800000000287],[-2.2475,48.557500000002875],[-2.238,48.557500000002875],[-2.238,48.57650000000287],[-2.2190000000000003,48.586000000002876],[-2.2190000000000003,48.60859999999928],[-2.2256,48.60859999999928],[-2.2256,48.615399999999276],[-2.229,48.615399999999276],[-2.229,48.618799999999275],[-2.2358000000000002,48.618799999999275],[-2.2358000000000002,48.62559999999928],[-2.2392000000000003,48.62559999999928],[-2.2392000000000003,48.63239999999928],[-2.2426000000000004,48.63239999999928],[-2.2426000000000004,48.63919999999928],[-2.246,48.63919999999928],[-2.246,48.64259999999928],[-2.2766,48.64259999999928],[-2.2766,48.64420000000287],[-2.2791999999982013,48.649399999999275],[-2.2800000000000002,48.649399999999275],[-2.2800000000000002,48.651000000002874],[-2.2808999999982005,48.652799999999274],[-2.2868,48.652799999999274],[-2.2891000000009,48.66200000000288],[-2.3235,48.66200000000288],[-2.3235,48.64300000000287],[-2.333,48.64300000000287],[-2.333,48.62400000000287],[-2.3425000000000002,48.62400000000287],[-2.3425000000000002,48.586000000002876],[-2.3615,48.586000000002876],[-2.3615,48.61450000000287],[-2.3805,48.61450000000287],[-2.3805,48.64300000000287],[-2.39,48.64300000000287],[-2.39,48.645999999999276],[-2.3922000000000003,48.645999999999276],[-2.3922000000000003,48.649399999999275],[-2.4024,48.649399999999275],[-2.4024,48.652500000002874],[-2.4126000000000003,48.652500000002874],[-2.4126000000000003,48.649399999999275],[-2.4287750000008996,48.649399999999275],[-2.4375,48.61450000000287],[-2.447,48.61450000000287],[-2.447,48.633500000002876],[-2.4565,48.633500000002876],[-2.4565,48.64300000000287],[-2.4704,48.64300000000287],[-2.4704,48.64259999999928],[-2.484,48.64259999999928],[-2.484,48.63919999999928],[-2.4908,48.63919999999928],[-2.4908,48.63579999999928],[-2.504,48.63579999999928],[-2.504,48.633500000002876],[-2.5044,48.633500000002876],[-2.5044,48.615399999999276],[-2.5112,48.615399999999276],[-2.5112,48.60859999999928],[-2.5146,48.60859999999928],[-2.5146,48.60519999999928],[-2.5325,48.60519999999928],[-2.5325,48.605000000002875],[-2.5418000000000003,48.605000000002875],[-2.5418000000000003,48.60179999999928],[-2.552,48.60179999999928],[-2.552,48.59839999999928],[-2.5588,48.59839999999928],[-2.5588,48.594999999999274],[-2.5622000000000003,48.594999999999274],[-2.5622000000000003,48.59839999999928],[-2.5962,48.59839999999928],[-2.5996,48.591599999999275],[-2.6064000000000003,48.591599999999275],[-2.6064000000000003,48.588199999999276],[-2.6132,48.588199999999276],[-2.6132,48.58479999999928],[-2.6234,48.58479999999928],[-2.6268000000000002,48.57799999999928],[-2.637,48.57799999999928],[-2.637,48.557599999999276],[-2.6302000000000003,48.557599999999276],[-2.6302000000000003,48.557500000002875],[-2.618,48.557500000002875],[-2.618,48.54800000000287],[-2.637,48.54800000000287],[-2.637,48.53850000000287],[-2.6655,48.53850000000287],[-2.6655,48.51950000000287],[-2.6812,48.51950000000287],[-2.6812,48.51339999999928],[-2.6914000000000002,48.51339999999928],[-2.6914000000000002,48.52019999999928],[-2.6948000000000003,48.52019999999928],[-2.6948000000000003,48.529000000002874],[-2.7035,48.529000000002874],[-2.7035,48.53850000000287],[-2.7225,48.53850000000287],[-2.7225,48.560999999999275],[-2.7288,48.560999999999275],[-2.7288,48.56779999999928],[-2.7322,48.56779999999928],[-2.7322,48.57119999999928],[-2.7390000000000003,48.57119999999928],[-2.7390000000000003,48.57459999999928],[-2.7458,48.57459999999928],[-2.7458,48.57799999999928],[-2.7696,48.57799999999928],[-2.7696,48.58139999999928],[-2.7764,48.58139999999928],[-2.7764,48.588199999999276],[-2.7798000000000003,48.588199999999276],[-2.7798000000000003,48.594999999999274],[-2.7832000000000003,48.594999999999274],[-2.7832000000000003,48.59839999999928],[-2.7934,48.59839999999928],[-2.796700000001798,48.605000000002875],[-2.7985,48.605000000002875],[-2.7985,48.59550000000287],[-2.8080000000000003,48.59550000000287],[-2.8080000000000003,48.61199999999928],[-2.8138,48.61199999999928],[-2.8138,48.62400000000287],[-2.884,48.62400000000287],[-2.8935,48.605000000002875],[-2.922,48.605000000002875],[-2.922,48.59550000000287],[-2.9410000000000003,48.586000000002876],[-2.9410000000000003,48.57650000000287],[-2.96,48.57650000000287],[-2.96,48.56700000000287],[-2.979,48.557500000002875],[-2.979,48.54800000000287],[-2.998,48.54800000000287],[-2.998,48.557500000002875],[-2.9885,48.557500000002875],[-2.9885,48.57650000000287],[-2.979,48.57650000000287],[-2.979,48.586000000002876],[-2.96,48.59550000000287],[-2.96,48.62400000000287],[-2.9695,48.62400000000287],[-2.9695,48.633500000002876],[-2.96,48.633500000002876],[-2.96,48.652500000002874],[-2.9505,48.652500000002874],[-2.9505,48.681000000002875],[-2.9315,48.681000000002875],[-2.9315,48.71900000000287],[-2.979,48.71900000000287],[-2.979,48.709500000002876],[-2.9885,48.709500000002876],[-2.9885,48.76650000000287],[-2.998,48.76650000000287],[-2.998,48.78539999999928],[-3.0076,48.78539999999928],[-3.0076,48.78199999999928],[-3.011,48.78199999999928],[-3.011,48.78550000000287],[-3.017,48.78550000000287],[-3.017,48.804500000002875],[-3.0455,48.804500000002875],[-3.0455,48.79500000000287],[-3.055,48.79500000000287],[-3.055,48.81939999999928],[-3.0688000000000004,48.81939999999928],[-3.0688000000000004,48.82350000000287],[-3.112,48.82350000000287],[-3.1215,48.804500000002875],[-3.1405000000000003,48.804500000002875],[-3.1405000000000003,48.79500000000287],[-3.15,48.79500000000287],[-3.15,48.76650000000287],[-3.1595,48.76650000000287],[-3.1595,48.728500000002875],[-3.169,48.728500000002875],[-3.169,48.74750000000287],[-3.1785,48.74750000000287],[-3.1785,48.78550000000287],[-3.188,48.78550000000287],[-3.188,48.804500000002875],[-3.1975000000000002,48.804500000002875],[-3.1975000000000002,48.826199999999275],[-3.2014,48.826199999999275],[-3.2014,48.832999999999274],[-3.1980000000000004,48.832999999999274],[-3.1980000000000004,48.84250000000287],[-3.2165,48.84250000000287],[-3.2165,48.86150000000288],[-3.2592,48.86150000000288],[-3.2592,48.860199999999274],[-3.2646500000018017,48.860199999999274],[-3.2735,48.84250000000287],[-3.2925,48.84250000000287],[-3.2925,48.852000000002874],[-3.317,48.852000000002874],[-3.317,48.84999999999928],[-3.3238000000000003,48.84999999999928],[-3.3272000000000004,48.84319999999928],[-3.3407999999999998,48.83979999999928],[-3.3442,48.832999999999274],[-3.3714000000000004,48.832999999999274],[-3.3714000000000004,48.829599999999274],[-3.3797000000018005,48.829599999999274],[-3.3875,48.81400000000287],[-3.4122000000000003,48.8098833333362],[-3.4122000000000003,48.80919999999928],[-3.416300000021561,48.80919999999928],[-3.4445,48.804500000002875],[-3.454,48.78550000000287],[-3.4635000000000002,48.78550000000287],[-3.4635000000000002,48.804500000002875],[-3.492,48.804500000002875],[-3.492,48.79500000000287],[-3.5015,48.79500000000287],[-3.5015,48.804500000002875],[-3.5205,48.81400000000287],[-3.5205,48.82350000000287],[-3.549,48.82350000000287],[-3.549,48.81400000000287],[-3.5652,48.81400000000287],[-3.5652,48.81259999999928],[-3.568,48.81259999999928],[-3.568,48.804500000002875],[-3.5965000000000003,48.804500000002875],[-3.5965000000000003,48.785749999999275],[-3.5958,48.78539999999928],[-3.5958,48.776000000002874],[-3.5775,48.776000000002874],[-3.5775,48.76650000000287],[-3.587,48.76650000000287],[-3.587,48.757000000002876],[-3.606,48.757000000002876],[-3.606,48.74799999999928],[-3.606,48.74750000000287],[-3.6264000000000003,48.74750000000287],[-3.6264000000000003,48.741199999999274],[-3.6298000000000004,48.741199999999274],[-3.6298000000000004,48.73099999999928],[-3.6332,48.73099999999928],[-3.6332,48.72079999999928],[-3.6345,48.72079999999928],[-3.6345,48.710599999999275],[-3.6332,48.710599999999275],[-3.6298000000000004,48.69699999999928],[-3.64,48.69699999999928],[-3.64,48.69359999999928],[-3.6433999999999997,48.69359999999928],[-3.6433999999999997,48.69699999999928],[-3.644,48.69699999999928],[-3.644,48.69050000000287],[-3.6535,48.69050000000287],[-3.6535,48.69699999999928],[-3.6536,48.69699999999928],[-3.6536,48.69359999999928],[-3.657,48.69359999999928],[-3.657,48.69699999999928],[-3.6638,48.69699999999928],[-3.6638,48.70000000000287],[-3.6642,48.70000000000287],[-3.6642,48.68979999999928],[-3.6710000000000003,48.68979999999928],[-3.6710000000000003,48.69659999999928],[-3.6948000000000003,48.69659999999928],[-3.695,48.69699999999928],[-3.7012,48.69699999999928],[-3.7012,48.70000000000287],[-3.72,48.70000000000287],[-3.72,48.69050000000287],[-3.7295000000000003,48.69050000000287],[-3.7295000000000003,48.67150000000287],[-3.739,48.67150000000287],[-3.739,48.64300000000287],[-3.7485,48.64300000000287],[-3.7485,48.57650000000287],[-3.739,48.57650000000287],[-3.739,48.53850000000287],[-3.7295000000000003,48.53850000000287],[-3.7295000000000003,48.51950000000287],[-3.7105,48.510000000002876],[-3.7105,48.481500000002875],[-3.701,48.481500000002875],[-3.701,48.39600000000287],[-3.6915,48.39600000000287],[-3.6915,48.37700000000287],[-3.701,48.37700000000287],[-3.701,48.34850000000287],[-3.6915,48.34850000000287],[-3.6915,48.27250000000287],[-3.682,48.27250000000287],[-3.682,48.24400000000287],[-3.7960000000000003,48.24400000000287],[-3.7960000000000003,48.25350000000287],[-3.853,48.25350000000287],[-3.853,48.263000000002876],[-3.8815,48.263000000002876],[-3.8815,48.25350000000287],[-3.891,48.25350000000287],[-3.891,48.24400000000287],[-3.91,48.234500000002875],[-3.91,48.22500000000287],[-3.9290000000000003,48.22500000000287],[-3.9385,48.206000000002874],[-3.9575,48.206000000002874],[-3.967,48.187000000002875],[-3.986,48.187000000002875],[-3.9955,48.16800000000288],[-4.0715,48.16800000000288],[-4.0715,48.17750000000287],[-4.109500000000001,48.17750000000287],[-4.109500000000001,48.187000000002875],[-4.138,48.187000000002875],[-4.138,48.19650000000287],[-4.1665,48.19650000000287],[-4.1665,48.187000000002875],[-4.176,48.187000000002875],[-4.176,48.19650000000287],[-4.195,48.19650000000287],[-4.195,48.206000000002874],[-4.2235,48.206000000002874],[-4.2235,48.215500000002876],[-4.2425,48.215500000002876],[-4.2425,48.22500000000287],[-4.271,48.22500000000287],[-4.2805,48.24400000000287],[-4.3375,48.24400000000287],[-4.3469999999999995,48.282000000002874],[-4.3748000000000005,48.282000000002874],[-4.3748000000000005,48.28179999999928],[-4.4122,48.28179999999928],[-4.4122,48.282000000002874],[-4.423,48.282000000002874],[-4.4325,48.263000000002876],[-4.4515,48.263000000002876],[-4.4515,48.282000000002874],[-4.4705,48.29150000000287],[-4.4705,48.30100000000287],[-4.537,48.30100000000287],[-4.537,48.310500000002875],[-4.575,48.310500000002875],[-4.575,48.30100000000287],[-4.5924,48.30100000000287],[-4.5924,48.298799999999275],[-4.594,48.298799999999275],[-4.594,48.282000000002874],[-4.6035,48.282000000002874],[-4.6129999999999995,48.263000000002876],[-4.6225000000000005,48.263000000002876],[-4.6225000000000005,48.234500000002875],[-4.651,48.234500000002875],[-4.651,48.22500000000287],[-4.6605,48.22500000000287],[-4.6605,48.20039999999928],[-4.6604,48.20019999999928],[-4.657,48.20019999999928],[-4.657,48.187000000002875],[-4.651,48.187000000002875],[-4.651,48.179799999999275],[-4.6502,48.179799999999275],[-4.6468,48.17299999999928],[-4.6366,48.17299999999928],[-4.6341000000018,48.16800000000288],[-4.632,48.16800000000288],[-4.632,48.16619999999928],[-4.623,48.16619999999928],[-4.623,48.16279999999928],[-4.6094,48.16279999999928],[-4.6094,48.16619999999928],[-4.6026,48.16619999999928],[-4.6026,48.16959999999928],[-4.5958000000000006,48.16959999999928],[-4.5958000000000006,48.17299999999928],[-4.567750000001798,48.17299999999928],[-4.5655,48.17750000000287],[-4.5323499999982015,48.17750000000287],[-4.5312,48.179799999999275],[-4.5244,48.179799999999275],[-4.5244,48.186599999999274],[-4.504,48.186599999999274],[-4.504,48.179799999999275],[-4.499400000007193,48.17750000000287],[-4.4990000000000006,48.17750000000287],[-4.4990000000000006,48.17729999999928],[-4.4972,48.176399999999276],[-4.4972,48.17299999999928],[-4.4904,48.17299999999928],[-4.4904,48.16800000000288],[-4.4895,48.16800000000288],[-4.4895,48.16619999999928],[-4.487,48.16619999999928],[-4.487,48.15939999999928],[-4.4836,48.15939999999928],[-4.4836,48.152599999999275],[-4.4802,48.152599999999275],[-4.4802,48.13559999999928],[-4.4768,48.13559999999928],[-4.4768,48.125399999999274],[-4.4734,48.125399999999274],[-4.4734,48.12195000000287],[-4.4705,48.12050000000287],[-4.4705,48.11714999999928],[-4.4666,48.11519999999928],[-4.4666,48.11179999999928],[-4.4597999999999995,48.11179999999928],[-4.4597999999999995,48.10839999999928],[-4.4564,48.10839999999928],[-4.4564,48.10499999999928],[-4.4597999999999995,48.10499999999928],[-4.4597999999999995,48.094799999999275],[-4.4666,48.094799999999275],[-4.4666,48.09819999999928],[-4.4705,48.09819999999928],[-4.4705,48.09200000000287],[-4.4972,48.09200000000287],[-4.4972,48.087999999999276],[-4.5085,48.087999999999276],[-4.5085,48.04450000000287],[-4.5275,48.04450000000287],[-4.5275,48.07300000000287],[-4.537,48.07300000000287],[-4.537,48.082500000002874],[-4.5652,48.082500000002874],[-4.5652,48.08119999999928],[-4.5655,48.08119999999928],[-4.5655,48.00650000000287],[-4.556,48.00650000000287],[-4.556,47.999599999999276],[-4.555,47.999599999999276],[-4.5516000000000005,47.99279999999928],[-4.5346,47.99279999999928],[-4.5346,47.98939999999928],[-4.5312,47.98939999999928],[-4.5312,47.987500000002875],[-4.5275,47.987500000002875],[-4.524749999998201,47.976499999995674],[-4.5244,47.975799999999275],[-4.5176,47.972399999999276],[-4.5176,47.96559999999928],[-4.5142,47.96559999999928],[-4.5142,47.95879999999928],[-4.5108,47.95879999999928],[-4.5108,47.95199999999928],[-4.504,47.95199999999928],[-4.504,47.945199999999275],[-4.4972,47.945199999999275],[-4.4972,47.93839999999928],[-4.4938,47.93839999999928],[-4.4904,47.93159999999928],[-4.487,47.93159999999928],[-4.487,47.92479999999928],[-4.4802,47.92139999999928],[-4.4802,47.917999999999275],[-4.4734,47.917999999999275],[-4.4734,47.911199999999276],[-4.470000000000001,47.911199999999276],[-4.470000000000001,47.89759999999928],[-4.4666,47.89759999999928],[-4.4666,47.89419999999928],[-4.4597999999999995,47.89419999999928],[-4.4597999999999995,47.887399999999275],[-4.4564,47.887399999999275],[-4.4564,47.880599999999276],[-4.453,47.880599999999276],[-4.453,47.87379999999928],[-4.4496,47.87379999999928],[-4.4462,47.86699999999928],[-4.4394,47.86699999999928],[-4.436,47.860199999999274],[-4.4292,47.860199999999274],[-4.426350000001799,47.85450000000287],[-4.423,47.85450000000287],[-4.423,47.853399999999276],[-4.4190000000000005,47.853399999999276],[-4.4156,47.84659999999928],[-4.4092000000143665,47.84500000000287],[-4.3945,47.84500000000287],[-4.3945,47.835500000002874],[-4.385,47.835500000002874],[-4.385,47.832999999999274],[-4.385,47.829599999999274],[-4.381600000000001,47.829599999999274],[-4.381600000000001,47.822799999999276],[-4.385,47.822799999999276],[-4.385,47.798999999999275],[-4.381600000000001,47.798999999999275],[-4.381600000000001,47.78879999999928],[-4.3714,47.78879999999928],[-4.3714,47.788000000002874],[-4.3565000000000005,47.788000000002874],[-4.3565000000000005,47.78539999999928],[-4.351,47.78539999999928],[-4.351,47.78879999999928],[-4.3476,47.78879999999928],[-4.3476,47.78199999999928],[-4.326600000021552,47.77850000000287],[-4.309,47.77850000000287],[-4.309,47.775566666665945],[-4.3068,47.77519999999928],[-4.3068,47.771799999999274],[-4.2966,47.771799999999274],[-4.2966,47.769000000002876],[-4.2864,47.769000000002876],[-4.2864,47.78199999999928],[-4.283,47.78199999999928],[-4.283,47.78879999999928],[-4.2805,47.78879999999928],[-4.2805,47.79750000000287],[-4.271,47.79750000000287],[-4.264949999998203,47.78539999999928],[-4.2592,47.78539999999928],[-4.2592,47.78199999999928],[-4.2524,47.78199999999928],[-4.2524,47.77395000000288],[-4.248099999992799,47.771799999999274],[-4.2422,47.771799999999274],[-4.2422,47.77519999999928],[-4.2388,47.77519999999928],[-4.2388,47.771799999999274],[-4.2316,47.771799999999274],[-4.2316,47.79859999999952],[-4.2146,47.79859999999952],[-4.2146,47.79519999999952],[-4.2078,47.79519999999952],[-4.2078,47.79179999999952],[-4.1975999999999996,47.79179999999952],[-4.1975999999999996,47.79859999999952],[-4.1942,47.79859999999952],[-4.1942,47.79519999999952],[-4.1772,47.79519999999952],[-4.1772,47.801999999999516],[-4.167,47.801999999999516],[-4.167,47.805399999999516],[-4.1665,47.805399999999516],[-4.1665,47.80700000000287],[-4.1636,47.80700000000287],[-4.1636,47.81219999999952],[-4.154400000001675,47.81219999999952],[-4.1534,47.81420000000287],[-4.1534,47.82919999999952],[-4.15,47.82919999999952],[-4.15,47.832599999999516],[-4.1364,47.832599999999516],[-4.1364,47.82919999999952],[-4.1296,47.82919999999952],[-4.1296,47.82579999999952],[-4.116,47.82579999999952],[-4.116,47.82239999999952],[-4.1024,47.82239999999952],[-4.1024,47.82579999999952],[-4.099,47.82579999999952],[-4.0956,47.81899999999952],[-4.0684000000000005,47.81899999999952],[-4.0684000000000005,47.82239999999952],[-4.0548,47.82579999999952],[-4.0548,47.832599999999516],[-4.048,47.832599999999516],[-4.048,47.835999999999515],[-4.0378,47.835999999999515],[-4.0378,47.839399999999515],[-4.031,47.839399999999515],[-4.031,47.835999999999515],[-4.0276,47.835999999999515],[-4.0276,47.82919999999952],[-4.0038,47.82919999999952],[-4.0038,47.82579999999952],[-4.0004,47.82579999999952],[-4.0004,47.805399999999516],[-4.0038,47.805399999999516],[-4.0004,47.78499999999952],[-3.9901999999999997,47.78499999999952],[-3.9901999999999997,47.78159999999952],[-3.9868,47.78159999999952],[-3.9868,47.769400000002875],[-3.986,47.769000000002876]],[[-3.112,48.852000000002874],[-3.1215,48.852000000002874],[-3.1215,48.86150000000288],[-3.1402,48.86150000000288],[-3.1402,48.860199999999274],[-3.1436,48.860199999999274],[-3.1436,48.86150000000288],[-3.15,48.86150000000288],[-3.15,48.833000000002876],[-3.1405000000000003,48.833000000002876],[-3.1405000000000003,48.82350000000287],[-3.112,48.82350000000287],[-3.112,48.852000000002874]],[[-4.0715,47.72379999999952],[-4.082,47.72379999999952],[-4.082,47.713599999999516],[-4.0715,47.713599999999516],[-4.0715,47.72379999999952]],[[-3.9328000000000003,48.66259999999928],[-3.9396,48.66259999999928],[-3.9396,48.66449999999928],[-3.9426,48.66299999999928],[-3.9426,48.679999999999275],[-3.9494,48.683399999999274],[-3.9494,48.69050000000287],[-3.9575,48.69050000000287],[-3.9575,48.70000000000287],[-3.986,48.70000000000287],[-3.986,48.72759999999928],[-4.0174,48.72759999999928],[-4.0174,48.72419999999928],[-4.0208,48.72419999999928],[-4.0208,48.72719999999928],[-4.0212,48.72719999999928],[-4.0212,48.72759999999928],[-4.0412,48.72759999999928],[-4.0416,48.72679999999928],[-4.0416,48.72379999999928],[-4.043,48.72379999999928],[-4.043,48.709500000002876],[-4.062,48.709500000002876],[-4.062,48.70000000000287],[-4.087499999998202,48.70000000000287],[-4.0888,48.69739999999928],[-4.0888,48.69699999999928],[-4.089,48.69699999999928],[-4.0892,48.69659999999928],[-4.0905000000000005,48.69659999999928],[-4.0905000000000005,48.69050000000287],[-4.1,48.69050000000287],[-4.1,48.67150000000287],[-4.109500000000001,48.67150000000287],[-4.109500000000001,48.69050000000287],[-4.119,48.69050000000287],[-4.119,48.69999999999928],[-4.1266,48.69999999999928],[-4.1266,48.69659999999928],[-4.13,48.69659999999928],[-4.131700000001798,48.70000000000287],[-4.157,48.70000000000287],[-4.157,48.69050000000287],[-4.176,48.69050000000287],[-4.176,48.66200000000288],[-4.1855,48.66200000000288],[-4.1855,48.67150000000287],[-4.2286,48.67150000000287],[-4.2286,48.66939999999928],[-4.2388,48.66939999999928],[-4.2388,48.66259999999928],[-4.2422,48.66259999999928],[-4.2456,48.655799999999275],[-4.271,48.655799999999275],[-4.271,48.652500000002874],[-4.2812499999982006,48.652500000002874],[-4.283,48.648999999999276],[-4.2898,48.648999999999276],[-4.2898,48.652500000002874],[-4.29,48.652500000002874],[-4.29,48.67150000000287],[-4.3884,48.67150000000287],[-4.3884,48.66939999999928],[-4.3945,48.66939999999928],[-4.3945,48.66200000000288],[-4.4515,48.66200000000288],[-4.4515,48.64300000000287],[-4.4895,48.633500000002876],[-4.4895,48.605000000002875],[-4.4990000000000006,48.605000000002875],[-4.4990000000000006,48.586000000002876],[-4.5085,48.586000000002876],[-4.5085,48.557500000002875],[-4.4990000000000006,48.557500000002875],[-4.4990000000000006,48.51950000000287],[-4.4895,48.51950000000287],[-4.4895,48.50050000000287],[-4.4990000000000006,48.50050000000287],[-4.4990000000000006,48.49100000000287],[-4.5275,48.49100000000287],[-4.5275,48.481500000002875],[-4.537,48.481500000002875],[-4.537,48.44350000000287],[-4.5275,48.44350000000287],[-4.5275,48.42450000000287],[-4.518,48.42450000000287],[-4.518,48.386500000002876],[-4.5085,48.386500000002876],[-4.5085,48.37359999999928],[-4.504,48.37359999999928],[-4.504,48.36750000000287],[-4.4938,48.36750000000287],[-4.4938,48.37019999999928],[-4.4904,48.37019999999928],[-4.487,48.37699999999928],[-4.4836,48.37699999999928],[-4.4836,48.38039999999928],[-4.4734,48.38039999999928],[-4.470000000000001,48.37359999999928],[-4.4597999999999995,48.37359999999928],[-4.458099999998202,48.37700000000287],[-4.461,48.37700000000287],[-4.461,48.41500000000288],[-4.4515,48.41500000000288],[-4.4515,48.39600000000287],[-4.442,48.39600000000287],[-4.442,48.386500000002876],[-4.436,48.386500000002876],[-4.436,48.387199999999275],[-4.4292,48.387199999999275],[-4.4292,48.390599999999274],[-4.3952,48.39399999999928],[-4.3918,48.40079999999928],[-4.3714,48.40079999999928],[-4.3714,48.40419999999928],[-4.3646,48.40419999999928],[-4.3612,48.39739999999928],[-4.368,48.39739999999928],[-4.3714,48.390599999999274],[-4.3884,48.390599999999274],[-4.3918,48.383799999999276],[-4.402,48.383799999999276],[-4.402,48.38039999999928],[-4.4088,48.38039999999928],[-4.4088,48.37699999999928],[-4.4122,48.37699999999928],[-4.4122,48.37359999999928],[-4.4156,48.37359999999928],[-4.4156,48.37019999999928],[-4.420999999992819,48.36750000000287],[-4.4135,48.36750000000287],[-4.4135,48.358000000002875],[-4.3755,48.34850000000287],[-4.3755,48.329500000002874],[-4.373049999998201,48.329500000002874],[-4.3714,48.332799999999274],[-4.3442,48.332799999999274],[-4.3408,48.33959999999928],[-4.3204,48.34299999999928],[-4.3204,48.34639999999928],[-4.3,48.34639999999928],[-4.3,48.34299999999928],[-4.2966,48.34299999999928],[-4.2966,48.33619999999928],[-4.317,48.33619999999928],[-4.317,48.332799999999274],[-4.3272,48.332799999999274],[-4.3272,48.329500000002874],[-4.252,48.329500000002874],[-4.252,48.34850000000287],[-4.2330000000000005,48.34850000000287],[-4.2235,48.36750000000287],[-4.2045,48.36750000000287],[-4.195,48.386500000002876],[-4.176,48.39600000000287],[-4.176,48.405500000002874],[-4.157,48.405500000002874],[-4.1475,48.42450000000287],[-4.1285,48.42450000000287],[-4.1285,48.434000000002875],[-4.109500000000001,48.44350000000287],[-4.1,48.462500000002876],[-4.0715,48.462500000002876],[-4.0715,48.45300000000287],[-4.062,48.45300000000287],[-4.0715,48.434000000002875],[-4.0905000000000005,48.434000000002875],[-4.0905000000000005,48.42450000000287],[-4.109500000000001,48.41500000000288],[-4.119,48.39600000000287],[-4.138,48.39600000000287],[-4.138,48.386500000002876],[-4.1475,48.386500000002876],[-4.1475,48.37700000000287],[-4.157,48.37700000000287],[-4.1665,48.358000000002875],[-4.1855,48.358000000002875],[-4.195,48.33900000000287],[-4.214,48.33900000000287],[-4.214,48.30100000000287],[-3.9290000000000003,48.30100000000287],[-3.9290000000000003,48.33900000000287],[-3.9385,48.33900000000287],[-3.9385,48.358000000002875],[-3.9575,48.358000000002875],[-3.9575,48.405500000002874],[-3.948,48.405500000002874],[-3.948,48.462500000002876],[-3.9385,48.462500000002876],[-3.9385,48.50050000000287],[-3.9290000000000003,48.50050000000287],[-3.9290000000000003,48.529000000002874],[-3.9195,48.529000000002874],[-3.9195,48.557500000002875],[-3.91,48.557500000002875],[-3.91,48.586000000002876],[-3.9195,48.586000000002876],[-3.9195,48.61450000000287],[-3.91,48.61450000000287],[-3.91,48.67150000000287],[-3.9328000000000003,48.67150000000287],[-3.9328000000000003,48.66259999999928]],[[-4.6225000000000005,48.61159999999928],[-4.6225000000000005,48.586000000002876],[-4.594,48.586000000002876],[-4.594,48.61159999999928],[-4.6225000000000005,48.61159999999928]],[[-4.657,48.58439999999928],[-4.6808,48.58439999999928],[-4.6808,48.58099999999928],[-4.689,48.57963333333261],[-4.689,48.557500000002875],[-4.6795,48.557500000002875],[-4.6795,48.51950000000287],[-4.67,48.51950000000287],[-4.67,48.481500000002875],[-4.632,48.481500000002875],[-4.632,48.57650000000287],[-4.6415,48.57650000000287],[-4.6415,48.586000000002876],[-4.656199999998201,48.586000000002876],[-4.657,48.58439999999928]],[[-4.7522,48.32259999999928],[-4.7522,48.310500000002875],[-4.746,48.310500000002875],[-4.746,48.30899999999928],[-4.742,48.30899999999928],[-4.742,48.31239999999928],[-4.7352,48.31579999999928],[-4.7352,48.32259999999928],[-4.7318,48.32259999999928],[-4.7318,48.325999999999276],[-4.7148,48.325999999999276],[-4.7148,48.332799999999274],[-4.708,48.332799999999274],[-4.708,48.33900000000287],[-4.7012,48.33900000000287],[-4.7012,48.33959999999928],[-4.6808,48.33959999999928],[-4.6808,48.33619999999928],[-4.6672,48.33619999999928],[-4.6672,48.33959999999928],[-4.657,48.33959999999928],[-4.657,48.34299999999928],[-4.6536,48.34299999999928],[-4.6536,48.33959999999928],[-4.632,48.33959999999928],[-4.632,48.386500000002876],[-4.6225000000000005,48.386500000002876],[-4.6225000000000005,48.405500000002874],[-4.6129999999999995,48.405500000002874],[-4.6129999999999995,48.45300000000287],[-4.6225000000000005,48.45300000000287],[-4.6225000000000005,48.462500000002876],[-4.67,48.462500000002876],[-4.67,48.47200000000287],[-4.689,48.47200000000287],[-4.6985,48.49100000000287],[-4.765000000000001,48.49100000000287],[-4.765000000000001,48.45300000000287],[-4.7364999999999995,48.45300000000287],[-4.7364999999999995,48.44350000000287],[-4.6985,48.44350000000287],[-4.6985,48.434000000002875],[-4.727,48.434000000002875],[-4.727,48.41500000000288],[-4.765000000000001,48.405500000002874],[-4.765000000000001,48.358000000002875],[-4.7555,48.358000000002875],[-4.7555,48.323424999999276],[-4.7522,48.32259999999928]],[[-4.4632000000000005,48.363399999999274],[-4.4632000000000005,48.34639999999928],[-4.4597999999999995,48.34639999999928],[-4.4597999999999995,48.33959999999928],[-4.4564,48.33959999999928],[-4.4564,48.329500000002874],[-4.4325,48.329500000002874],[-4.4325,48.358000000002875],[-4.442,48.358000000002875],[-4.4446999999982,48.363399999999274],[-4.4632000000000005,48.363399999999274]],[[-4.2388,47.76159999999928],[-4.2388,47.74799999999928],[-4.252,47.74667999999928],[-4.252,47.740500000002875],[-4.262299999994013,47.74564999999988],[-4.2728,47.74459999999928],[-4.2728,47.74799999999928],[-4.2864,47.74799999999928],[-4.2864,47.75139999999928],[-4.2966,47.75139999999928],[-4.2966,47.74799999999928],[-4.305250000001798,47.74799999999928],[-4.309,47.740500000002875],[-4.3375,47.740500000002875],[-4.3469999999999995,47.72150000000288],[-4.3612,47.72150000000288],[-4.3612,47.72079999999928],[-4.368,47.72079999999928],[-4.368,47.713999999999274],[-4.3755,47.713999999999274],[-4.3755,47.712000000002874],[-4.3791999999982005,47.712000000002874],[-4.381600000000001,47.707199999999276],[-4.3918,47.707199999999276],[-4.3918,47.703799999999276],[-4.402,47.703799999999276],[-4.402,47.70039999999928],[-4.4088,47.69699999999928],[-4.4088,47.69019999999928],[-4.4122,47.69019999999928],[-4.4156,47.683399999999274],[-4.4190000000000005,47.683399999999274],[-4.4190000000000005,47.676599999999276],[-4.425800000000001,47.67319999999928],[-4.4292,47.65959999999928],[-4.4326,47.65959999999928],[-4.4326,47.649399999999275],[-4.436,47.649399999999275],[-4.436,47.63919999999928],[-4.4394,47.63919999999928],[-4.4394,47.622199999999275],[-4.436,47.622199999999275],[-4.436,47.58479999999928],[-4.4326,47.58479999999928],[-4.4326,47.564399999999274],[-4.4292,47.564399999999274],[-4.4292,47.55419999999928],[-4.4224,47.55079999999928],[-4.4224,47.537199999999274],[-4.4156,47.533799999999275],[-4.4156,47.52359999999928],[-4.4122,47.52359999999928],[-4.4122,47.50999999999928],[-4.4088,47.50999999999928],[-4.4088,47.48619999999928],[-4.404400000007186,47.48400000000287],[-4.3945,47.48400000000287],[-4.385,47.465000000002874],[-4.366,47.465000000002874],[-4.366,47.446000000002876],[-4.3578,47.446000000002876],[-4.3578,47.44879999999928],[-4.351,47.45219999999928],[-4.351,47.45899999999928],[-4.3408,47.45899999999928],[-4.337400000000001,47.46579999999928],[-4.3238,47.46579999999928],[-4.3204,47.472599999999275],[-4.2592,47.472599999999275],[-4.2592,47.469199999999276],[-4.2490000000000006,47.469199999999276],[-4.2490000000000006,47.46579999999928],[-4.232,47.46579999999928],[-4.232,47.46239999999928],[-4.2316,47.462299999999274],[-4.2316,47.567399999999516],[-4.2282,47.567399999999516],[-4.2282,47.61499999999952],[-4.2316,47.61499999999952],[-4.2316,47.76339999999928],[-4.2388,47.76159999999928]],[[-2.5135,47.40474999999952],[-2.5135,47.398500000002876],[-2.5146,47.398500000002876],[-2.5146,47.39739999999952],[-2.5248,47.39739999999952],[-2.5248,47.393999999999515],[-2.5325,47.392074999999515],[-2.5325,47.38900000000287],[-2.5391999999983215,47.38900000000287],[-2.5418000000000003,47.38379999999952],[-2.5420000000000003,47.38379999999952],[-2.5420000000000003,47.37950000000287],[-2.557199999993296,47.37950000000287],[-2.5622000000000003,47.37699999999952],[-2.5622000000000003,47.37019999999952],[-2.5705,47.37019999999952],[-2.5705,47.36050000000287],[-2.5826000000000002,47.36050000000287],[-2.5826000000000002,47.359999999999516],[-2.5860000000000003,47.359999999999516],[-2.5860000000000003,47.35659999999952],[-2.5928,47.35659999999952],[-2.5962,47.34979999999952],[-2.6064000000000003,47.34979999999952],[-2.6064000000000003,47.34299999999952],[-2.6085000000000003,47.34299999999952],[-2.6085000000000003,47.31300000000287],[-2.618,47.31300000000287],[-2.618,47.29199999999952],[-2.6132,47.29199999999952],[-2.6132,47.29879999999952],[-2.6064000000000003,47.29539999999952],[-2.6064000000000003,47.29199999999952],[-2.5962,47.29199999999952],[-2.5962,47.302199999999516],[-2.5996,47.302199999999516],[-2.5996,47.308999999999514],[-2.5928,47.308999999999514],[-2.5928,47.305599999999515],[-2.5826000000000002,47.305599999999515],[-2.5792,47.31239999999952],[-2.5656000000000003,47.31239999999952],[-2.5656000000000003,47.31579999999952],[-2.5554,47.31579999999952],[-2.5554,47.31239999999952],[-2.5486,47.31239999999952],[-2.5486,47.308999999999514],[-2.5452000000000004,47.308999999999514],[-2.5452000000000004,47.29879999999952],[-2.552,47.29539999999952],[-2.552,47.29199999999952],[-2.5554,47.29199999999952],[-2.5554,47.28859999999952],[-2.5622000000000003,47.28859999999952],[-2.5622000000000003,47.29199999999952],[-2.5758,47.29199999999952],[-2.5758,47.29539999999952],[-2.5928,47.29539999999952],[-2.5928,47.28519999999952],[-2.5894,47.28519999999952],[-2.5894,47.278399999999515],[-2.5860000000000003,47.278399999999515],[-2.5860000000000003,47.275000000002876],[-2.58,47.275000000002876],[-2.5705,47.25600000000287],[-2.5420000000000003,47.25600000000287],[-2.5420000000000003,47.26550000000287],[-2.5325,47.26550000000287],[-2.5325,47.31300000000287],[-2.5135,47.31300000000287],[-2.5135,47.322500000002876],[-2.4945,47.322500000002876],[-2.4945,47.33200000000287],[-2.4755000000000003,47.33200000000287],[-2.4755000000000003,47.341500000002874],[-2.466,47.341500000002874],[-2.4755000000000003,47.417500000002875],[-2.5078,47.417500000002875],[-2.5078,47.40759999999952],[-2.5135,47.40474999999952]],[[-2.3038000000000003,46.98599999999952],[-2.3045,46.98599999999952],[-2.3045,46.975799999999516],[-2.3004000000000002,46.975799999999516],[-2.3004000000000002,46.97239999999952],[-2.2868,46.97239999999952],[-2.2868,46.96899999999952],[-2.2834000000000003,46.96899999999952],[-2.2834000000000003,46.96559999999952],[-2.2902,46.96559999999952],[-2.2902,46.96899999999952],[-2.3038000000000003,46.96899999999952],[-2.3038000000000003,46.96150000000287],[-2.2855000000000003,46.96150000000287],[-2.2855000000000003,46.95539999999952],[-2.2834000000000003,46.95539999999952],[-2.2834000000000003,46.96219999999952],[-2.2766,46.96219999999952],[-2.2766,46.952000000002876],[-2.2426000000000004,46.952000000002876],[-2.2426000000000004,46.95539999999952],[-2.238,46.95482499999952],[-2.238,46.96150000000287],[-2.2190000000000003,46.96150000000287],[-2.2190000000000003,46.99000000000287],[-2.2285,46.99000000000287],[-2.2285,47.00900000000287],[-2.257,47.00900000000287],[-2.257,46.999500000002875],[-2.2760000000000002,46.999500000002875],[-2.2760000000000002,47.00900000000287],[-2.3045,47.00900000000287],[-2.3045,46.98939999999952],[-2.3038000000000003,46.98939999999952],[-2.3038000000000003,46.98599999999952]],[[-2.2190000000000003,46.952449999999516],[-2.2154000000000003,46.951999999999515],[-2.2154000000000003,46.94519999999952],[-2.2188000000000003,46.94519999999952],[-2.2188000000000003,46.948599999999516],[-2.2190000000000003,46.948599999999516],[-2.2190000000000003,46.93839999999952],[-2.2188000000000003,46.93839999999952],[-2.2188000000000003,46.93499999999952],[-2.214800000006702,46.93300000000287],[-2.2095000000000002,46.93300000000287],[-2.2095000000000002,46.923500000002875],[-2.162,46.923500000002875],[-2.162,46.952000000002876],[-2.2190000000000003,46.96150000000287],[-2.2190000000000003,46.952449999999516]],[[-3.226,47.31300000000287],[-3.226,47.341500000002874],[-3.2355,47.341500000002874],[-3.2355,47.35100000000287],[-3.2626,47.35100000000287],[-3.2626,47.34299999999952],[-3.2558,47.33959999999952],[-3.2558,47.322500000002876],[-3.2545,47.322500000002876],[-3.2545,47.31919999999952],[-3.2524,47.31919999999952],[-3.2524,47.31300000000287],[-3.226,47.31300000000287]],[[-3.0756,47.31579999999952],[-3.079,47.31579999999952],[-3.079,47.341500000002874],[-3.112,47.341500000002874],[-3.112,47.33200000000287],[-3.1215,47.33200000000287],[-3.1215,47.341500000002874],[-3.169,47.341500000002874],[-3.169,47.33200000000287],[-3.188,47.33200000000287],[-3.188,47.294000000002875],[-3.15,47.294000000002875],[-3.15,47.31300000000287],[-3.1310000000000002,47.31300000000287],[-3.1215,47.294000000002875],[-3.0835,47.294000000002875],[-3.0835,47.30350000000287],[-3.0740000000000003,47.30350000000287],[-3.0740000000000003,47.31239999999952],[-3.0756,47.31239999999952],[-3.0756,47.31579999999952]],[[-2.8478000000000003,47.59459999999952],[-2.8546,47.59119999999952],[-2.8546,47.588500000002874],[-2.846,47.588500000002874],[-2.846,47.57900000000287],[-2.8138,47.57900000000287],[-2.8138,47.58099999999952],[-2.8080000000000003,47.58099999999952],[-2.8080000000000003,47.588500000002874],[-2.8036000000000003,47.588500000002874],[-2.8036000000000003,47.59119999999952],[-2.8002000000000002,47.59119999999952],[-2.8002000000000002,47.588500000002874],[-2.789,47.588500000002874],[-2.789,47.60479999999952],[-2.8478000000000003,47.60479999999952],[-2.8478000000000003,47.59459999999952]],[[-2.6845,48.52019999999928],[-2.6845,48.529000000002874],[-2.6846,48.529000000002874],[-2.6846,48.52019999999928],[-2.6845,48.52019999999928]],[[-2.620800000021581,49.472199999999276],[-2.637,49.469500000002874],[-2.637,49.46000000000287],[-2.6655,49.46000000000287],[-2.6655,49.43150000000287],[-2.637,49.43150000000287],[-2.637,49.44100000000287],[-2.5895,49.44100000000287],[-2.5895,49.450500000002876],[-2.58,49.450500000002876],[-2.58,49.47900000000287],[-2.612509090907129,49.47358181818502],[-2.6132,49.472199999999276],[-2.620800000021581,49.472199999999276]],[[-2.5248,49.46539999999928],[-2.523,49.46629999999928],[-2.523,49.48850000000287],[-2.5420000000000003,49.48850000000287],[-2.5420000000000003,49.498000000002875],[-2.5705,49.498000000002875],[-2.5705,49.450500000002876],[-2.561,49.450500000002876],[-2.561,49.44100000000287],[-2.5325,49.44100000000287],[-2.5325,49.450500000002876],[-2.523,49.450500000002876],[-2.523,49.45859999999928],[-2.5248,49.45859999999928],[-2.5248,49.46539999999928]],[[-2.2358000000000002,49.21719999999928],[-2.2324,49.21719999999928],[-2.2324,49.21300000000287],[-2.2285,49.21300000000287],[-2.2285,49.19400000000287],[-2.2,49.19400000000287],[-2.2,49.175000000002875],[-2.1644,49.175000000002875],[-2.1644,49.176399999999276],[-2.161,49.176399999999276],[-2.161,49.175000000002875],[-2.1474,49.175000000002875],[-2.1474,49.179799999999275],[-2.144,49.179799999999275],[-2.144,49.183199999999275],[-2.1372,49.183199999999275],[-2.1338000000000004,49.176399999999276],[-2.1304000000000003,49.176399999999276],[-2.1304000000000003,49.175000000002875],[-2.105,49.175000000002875],[-2.105,49.15600000000288],[-2.0100000000000002,49.15600000000288],[-2.0100000000000002,49.16619999999928],[-2.0114,49.16619999999928],[-2.0114,49.16959999999928],[-2.0182,49.17299999999928],[-2.0182,49.179799999999275],[-2.0216000000000003,49.179799999999275],[-2.0216000000000003,49.19030000000287],[-2.029,49.19400000000287],[-2.029,49.21300000000287],[-2.0860000000000003,49.203500000002876],[-2.0955,49.222500000002874],[-2.2095000000000002,49.222500000002874],[-2.2095000000000002,49.24150000000287],[-2.238,49.24150000000287],[-2.238,49.22399999999928],[-2.2358000000000002,49.22399999999928],[-2.2358000000000002,49.21719999999928]],[[-0.8593500000008997,50.832599999999275],[-0.8644000000000001,50.832599999999275],[-0.8644000000000001,50.829199999999275],[-0.8746,50.829199999999275],[-0.8746,50.825799999999276],[-0.8780000000000001,50.825799999999276],[-0.8814,50.81899999999928],[-0.8882000000000001,50.81899999999928],[-0.8882000000000001,50.81559999999928],[-0.8916000000000002,50.81559999999928],[-0.8916000000000002,50.798599999999276],[-0.8848,50.798599999999276],[-0.8814,50.79179999999928],[-0.8795000000000002,50.79179999999928],[-0.8795000000000002,50.81850000000287],[-0.8605,50.82800000000287],[-0.8593500000008997,50.832599999999275]],[[0.4139999999999997,49.60859999999928],[0.4139999999999997,49.61199999999928],[0.4276,49.61199999999928],[0.42760000000179765,49.61200000000287],[0.41249999999999964,49.61200000000287],[0.41249999999999964,49.60859999999928],[0.4139999999999997,49.60859999999928]],[[0.2889999999999997,49.593000000002874],[0.2889999999999997,49.61200000000287],[0.27949999999999964,49.61200000000287],[0.27949999999999964,49.63100000000287],[0.2699999999999996,49.63100000000287],[0.2699999999999996,49.650000000002876],[0.25099999999999945,49.650000000002876],[0.25099999999999945,49.67850000000287],[0.2320000000000002,49.68800000000287],[0.2320000000000002,49.697500000002876],[0.19399999999999995,49.697500000002876],[0.19399999999999995,49.669000000002875],[0.18619999999999992,49.669000000002875],[0.18619999999999992,49.66299999999928],[0.17939999999999978,49.66299999999928],[0.17639999999820122,49.669000000002875],[0.14880000000000004,49.669000000002875],[0.14880000000000004,49.66299999999928],[0.14649999999999963,49.66299999999928],[0.14649999999999963,49.652799999999274],[0.14880000000000004,49.652799999999274],[0.14880000000000004,49.649399999999275],[0.14649999999999963,49.649399999999275],[0.14649999999999963,49.63579999999928],[0.14880000000000004,49.63579999999928],[0.14880000000000004,49.622199999999275],[0.15219999999999967,49.622199999999275],[0.15219999999999967,49.621500000002875],[0.1559999999999997,49.621500000002875],[0.1573500000017997,49.618799999999275],[0.1589999999999998,49.618799999999275],[0.1589999999999998,49.615500000002875],[0.16549999999999976,49.60250000000288],[0.1844999999999999,49.60250000000288],[0.19399999999999995,49.58350000000287],[0.21300000000000008,49.58350000000287],[0.22250000000000014,49.56450000000287],[0.2320000000000002,49.56450000000287],[0.2320000000000002,49.55500000000287],[0.20999999999999996,49.55500000000287],[0.20999999999999996,49.55419999999928],[0.20350000000000001,49.550949999999276],[0.20350000000000001,49.45374999999928],[0.2065999999999999,49.45219999999928],[0.2065999999999999,49.44879999999928],[0.21340000000000003,49.44879999999928],[0.21340000000000003,49.445399999999275],[0.24150000000000027,49.445399999999275],[0.24150000000000027,49.450500000002876],[0.25099999999999945,49.450500000002876],[0.25099999999999945,49.445399999999275],[0.25760000000000005,49.445399999999275],[0.25760000000000005,49.441999999999275],[0.27459999999999996,49.441999999999275],[0.27459999999999996,49.44100000000287],[0.29849999999999977,49.44100000000287],[0.29849999999999977,49.438599999999276],[0.32559999999999967,49.438599999999276],[0.32559999999999967,49.441999999999275],[0.3426,49.441999999999275],[0.3426,49.445399999999275],[0.3799999999999999,49.445399999999275],[0.38339999999999996,49.45219999999928],[0.3969999999999998,49.45219999999928],[0.3969999999999998,49.472599999999275],[0.40039999999999987,49.472599999999275],[0.40039999999999987,49.48619999999928],[0.3969999999999998,49.48619999999928],[0.39359999999999973,49.52019999999928],[0.39019999999999966,49.52019999999928],[0.39019999999999966,49.54739999999928],[0.38680000000000003,49.54739999999928],[0.38680000000000003,49.56779999999928],[0.38339999999999996,49.56779999999928],[0.38339999999999996,49.58479999999928],[0.3799999999999999,49.58479999999928],[0.38339999999999996,49.59839999999928],[0.3969999999999998,49.59839999999928],[0.3990500000017986,49.60250000000288],[0.3745000000000003,49.60250000000288],[0.3745000000000003,49.593000000002874],[0.2889999999999997,49.593000000002874]],[[-1.1930000000000005,45.74550000000287],[-1.2119999999999997,45.74550000000287],[-1.2214999999999998,45.764500000002876],[-1.2405,45.764500000002876],[-1.25,45.783500000002874],[-1.2730749999990412,45.783500000002874],[-1.2762,45.770999999999034],[-1.2796,45.770999999999034],[-1.2796,45.75399999999904],[-1.2762,45.75399999999904],[-1.2728000000000002,45.74719999999904],[-1.2626000000000002,45.74719999999904],[-1.2626000000000002,45.743799999999034],[-1.2558,45.743799999999034],[-1.2558,45.740399999999035],[-1.2524000000000002,45.740399999999035],[-1.2524000000000002,45.733599999999036],[-1.2456,45.73019999999904],[-1.2456,45.709799999999035],[-1.2422000000000002,45.709799999999035],[-1.2422000000000002,45.707500000002874],[-1.2405,45.707500000002874],[-1.2309999999999999,45.688500000002875],[-1.1980000000000002,45.688500000002875],[-1.1980000000000002,45.68939999999904],[-1.1946,45.68939999999904],[-1.1946,45.688500000002875],[-1.1740000000000004,45.688500000002875],[-1.1740000000000004,45.707500000002874],[-1.1455000000000002,45.707500000002874],[-1.1455000000000002,45.75500000000287],[-1.1550000000000002,45.75500000000287],[-1.1550000000000002,45.77400000000287],[-1.1645000000000003,45.77400000000287],[-1.1645000000000003,45.801599999999034],[-1.1776000000000002,45.801599999999034],[-1.1776000000000002,45.798199999999035],[-1.1878000000000002,45.798199999999035],[-1.1878000000000002,45.794799999999036],[-1.1930000000000005,45.794799999999036],[-1.1930000000000005,45.74550000000287]],[[-1.5414,46.19939999999904],[-1.538,46.19259999999904],[-1.5278,46.19259999999904],[-1.5278,46.19200000000287],[-1.4684999999999997,46.19200000000287],[-1.4684999999999997,46.20150000000287],[-1.4590000000000005,46.20150000000287],[-1.4590000000000005,46.185799999999034],[-1.4564000000000001,46.185799999999034],[-1.4547500000019202,46.182500000002875],[-1.4305000000000003,46.182500000002875],[-1.4305000000000003,46.17559999999904],[-1.4258000000000002,46.17559999999904],[-1.4258000000000002,46.17300000000287],[-1.383,46.17300000000287],[-1.37579999999808,46.15859999999903],[-1.368,46.15859999999903],[-1.3657000000019197,46.154000000002874],[-1.3165000000000004,46.154000000002874],[-1.3165000000000004,46.14159999999904],[-1.3034000000000001,46.14159999999904],[-1.3034000000000001,46.13819999999904],[-1.2785000000000002,46.14131249999904],[-1.2785000000000002,46.182500000002875],[-1.3070000000000004,46.182500000002875],[-1.3137499999980828,46.19599999999904],[-1.3238,46.19599999999904],[-1.3265500000019181,46.20150000000287],[-1.3449999999999998,46.20150000000287],[-1.3449999999999998,46.19200000000287],[-1.3544999999999998,46.19200000000287],[-1.3544999999999998,46.211000000002876],[-1.3925,46.211000000002876],[-1.3937931034464215,46.21358620689572],[-1.4020000000000001,46.212999999999035],[-1.4020000000000001,46.22999999999904],[-1.4088,46.22999999999904],[-1.4088,46.230000000002875],[-1.4210000000000003,46.230000000002875],[-1.4210000000000003,46.23339999999904],[-1.4224,46.23339999999904],[-1.4224,46.236799999999036],[-1.4360000000000002,46.236799999999036],[-1.4360000000000002,46.23339999999904],[-1.4496,46.23339999999904],[-1.4496,46.22999999999904],[-1.4700000000000002,46.22999999999904],[-1.4700000000000002,46.22319999999904],[-1.4836,46.22319999999904],[-1.4836,46.21979999999904],[-1.4904000000000002,46.21979999999904],[-1.4836,46.23339999999904],[-1.4768000000000001,46.23339999999904],[-1.4768000000000001,46.236799999999036],[-1.4700000000000002,46.236799999999036],[-1.4700000000000002,46.23950000000287],[-1.516,46.23950000000287],[-1.516,46.25379999999904],[-1.5445000000000002,46.25379999999904],[-1.5445000000000002,46.23950000000287],[-1.5730000000000004,46.23950000000287],[-1.5730000000000004,46.22659999999904],[-1.5686,46.22659999999904],[-1.5686,46.212999999999035],[-1.5606000000153646,46.211000000002876],[-1.5540000000000003,46.211000000002876],[-1.5481999999980827,46.19939999999904],[-1.5414,46.19939999999904]],[[-1.3925,45.983000000002875],[-1.3925,45.97350000000287],[-1.4020000000000001,45.97350000000287],[-1.4020000000000001,45.96819999999904],[-1.3986,45.96819999999904],[-1.3986,45.951199999999034],[-1.3952,45.951199999999034],[-1.3952,45.94500000000287],[-1.3925,45.94500000000287],[-1.3925,45.94304999999903],[-1.3884,45.940999999999036],[-1.3884,45.913799999999036],[-1.3782,45.913799999999036],[-1.3782,45.90359999999904],[-1.385,45.90359999999904],[-1.3884,45.889999999999034],[-1.3952,45.886599999999035],[-1.3952,45.86959999999904],[-1.3918000000000001,45.86959999999904],[-1.3918000000000001,45.862799999999034],[-1.3884,45.862799999999034],[-1.3884,45.852599999999036],[-1.3816000000000002,45.852599999999036],[-1.3782,45.84579999999904],[-1.3714000000000002,45.84579999999904],[-1.368,45.83899999999904],[-1.3476000000000001,45.83559999999903],[-1.3476000000000001,45.828799999999035],[-1.3374000000000001,45.828799999999035],[-1.3374000000000001,45.825399999999036],[-1.3238,45.825399999999036],[-1.3238,45.821999999999036],[-1.3204,45.821999999999036],[-1.3170000000000002,45.81519999999904],[-1.3136,45.81519999999904],[-1.3136,45.81179999999904],[-1.3,45.81179999999904],[-1.3,45.80839999999904],[-1.2796,45.80839999999904],[-1.2796,45.81179999999904],[-1.2785000000000002,45.81179999999904],[-1.2785000000000002,45.812000000002875],[-1.2694,45.812000000002875],[-1.2694,45.81519999999904],[-1.2626000000000002,45.81519999999904],[-1.2626000000000002,45.812000000002875],[-1.2309999999999999,45.812000000002875],[-1.2309999999999999,45.840500000002876],[-1.1930000000000005,45.840500000002876],[-1.1930000000000005,45.907000000002874],[-1.2119999999999997,45.91650000000287],[-1.2214999999999998,45.935500000002875],[-1.2309999999999999,45.935500000002875],[-1.2309999999999999,45.97350000000287],[-1.2595,45.97350000000287],[-1.2595,45.98859999999904],[-1.266,45.98859999999904],[-1.266,45.98519999999904],[-1.2728000000000002,45.98519999999904],[-1.2728000000000002,45.98859999999904],[-1.2864,45.99199999999904],[-1.2864,45.99250000000287],[-1.3070000000000004,45.99250000000287],[-1.3118499999980817,46.002199999999036],[-1.3136,46.002199999999036],[-1.3136,46.005599999999035],[-1.3204,46.008999999999034],[-1.3204,46.011500000002876],[-1.3354999999999997,46.011500000002876],[-1.3420571428549497,46.02461428571277],[-1.3476000000000001,46.02599999999904],[-1.3476000000000001,46.029399999999036],[-1.3498000000076764,46.030500000002874],[-1.4115000000000002,46.030500000002874],[-1.4115000000000002,46.01714999999904],[-1.4088,46.01579999999904],[-1.4088,46.00200000000287],[-1.4020000000000001,46.00200000000287],[-1.4020000000000001,45.98859999999904],[-1.4020000000000001,45.983000000002875],[-1.3925,45.983000000002875]],[[3.747,51.51200000000287],[3.747,51.597500000002874],[3.7185000000000006,51.597500000002874],[3.7185000000000006,51.58800000000287],[3.7089999999999996,51.58800000000287],[3.7089999999999996,51.54050000000287],[3.6899999999999995,51.54050000000287],[3.6899999999999995,51.51200000000287],[3.747,51.51200000000287]],[[3.6425,51.51200000000287],[3.6425,51.48350000000287],[3.6519999999999992,51.48350000000287],[3.6519999999999992,51.46450000000287],[3.6805000000000003,51.46450000000287],[3.6805000000000003,51.48350000000287],[3.6899999999999995,51.48350000000287],[3.6899999999999995,51.51200000000287],[3.6425,51.51200000000287]],[[3.9369999999999994,51.426500000002875],[3.9179999999999993,51.43600000000287],[3.9085,51.455000000002876],[3.8895,51.455000000002876],[3.8895,51.474000000002874],[3.860999999999999,51.474000000002874],[3.860999999999999,51.44550000000287],[3.879999999999999,51.44550000000287],[3.879999999999999,51.426500000002875],[3.898999999999999,51.41700000000287],[3.898999999999999,51.398000000002874],[3.9085,51.398000000002874],[3.9085,51.38850000000287],[3.9369999999999994,51.38850000000287],[3.9369999999999994,51.426500000002875]],[[1.2770000000000001,51.301799999999275],[1.3719999999999999,51.301799999999275],[1.3719999999999999,51.303000000002875],[1.3815,51.303000000002875],[1.391,51.36000000000287],[1.3815,51.36000000000287],[1.3815,51.379000000002875],[1.3529999999999998,51.379000000002875],[1.3529999999999998,51.36950000000287],[1.3339999999999996,51.36950000000287],[1.3339999999999996,51.36000000000287],[1.3149999999999995,51.350500000002874],[1.3149999999999995,51.331500000002876],[1.2959999999999994,51.32200000000287],[1.2959999999999994,51.303000000002875],[1.2770000000000001,51.303000000002875],[1.2770000000000001,51.301799999999275]],[[1.2675,51.255500000002876],[1.2770000000000001,51.255500000002876],[1.2770000000000001,51.24600000000287],[1.3244999999999996,51.24600000000287],[1.3244999999999996,51.255500000002876],[1.3529999999999998,51.255500000002876],[1.3624999999999998,51.274500000002874],[1.3719999999999999,51.274500000002874],[1.3719999999999999,51.28819999999928],[1.2770000000000001,51.28819999999928],[1.2770000000000001,51.28400000000288],[1.2675,51.28400000000288],[1.2675,51.255500000002876]],[[-0.3570000000000002,51.26500000000287],[-0.3285,51.26500000000287],[-0.3285,51.303000000002875],[-0.3570000000000002,51.303000000002875],[-0.3570000000000002,51.26500000000287]],[[1.1535000000000002,51.23650000000287],[1.1819999999999995,51.23650000000287],[1.1819999999999995,51.26500000000287],[1.1535000000000002,51.26500000000287],[1.1535000000000002,51.23650000000287]],[[-1.0695000000000006,51.19850000000287],[-1.0979999999999999,51.19850000000287],[-1.1075,51.14150000000287],[-1.117,51.14150000000287],[-1.117,51.103500000002875],[-1.0884999999999998,51.103500000002875],[-1.0884999999999998,51.11300000000287],[-1.0695000000000006,51.11300000000287],[-1.0695000000000006,51.19850000000287]],[[0.9254999999999995,50.95764999999928],[0.9307999999999996,50.95499999999928],[0.9307999999999996,50.951599999999274],[0.9341999999999997,50.951599999999274],[0.9341999999999997,50.95150000000287],[0.9349999999999996,50.95150000000287],[0.9349999999999996,50.944799999999276],[0.9409999999999998,50.944799999999276],[0.9409999999999998,50.94200000000287],[0.9716,50.94200000000287],[0.9716,50.95499999999928],[0.9729999999999999,50.95569999999928],[0.9729999999999999,50.97050000000287],[0.9634999999999998,50.97050000000287],[0.9634999999999998,50.980000000002875],[0.9254999999999995,50.980000000002875],[0.9254999999999995,50.95764999999928]],[[1.904,50.885000000002876],[1.9325,50.885000000002876],[1.9325,50.980000000002875],[1.904,50.980000000002875],[1.904,50.885000000002876]],[[1.9135,50.82800000000287],[1.9420000000000002,50.82800000000287],[1.9420000000000002,50.856500000002875],[1.9135,50.856500000002875],[1.9135,50.82800000000287]],[[-1.2214999999999998,50.74250000000287],[-1.2309999999999999,50.74250000000287],[-1.2405,50.761500000002876],[-1.2880000000000003,50.761500000002876],[-1.2880000000000003,50.74250000000287],[-1.2975000000000003,50.74250000000287],[-1.2975000000000003,50.67600000000287],[-1.2785000000000002,50.67600000000287],[-1.2785000000000002,50.66650000000287],[-1.2309999999999999,50.66650000000287],[-1.2309999999999999,50.714000000002876],[-1.2214999999999998,50.714000000002876],[-1.2214999999999998,50.74250000000287]],[[-1.1360000000000001,50.72350000000287],[-1.1455000000000002,50.72350000000287],[-1.1455000000000002,50.733000000002875],[-1.1740000000000004,50.733000000002875],[-1.1740000000000004,50.69500000000287],[-1.1360000000000001,50.69500000000287],[-1.1360000000000001,50.72350000000287]],[[-1.117,50.69500000000287],[-1.0789999999999997,50.69500000000287],[-1.0789999999999997,50.72350000000287],[-1.117,50.72350000000287],[-1.117,50.69500000000287]],[[-3.8055,50.391000000002876],[-3.7865,50.40050000000287],[-3.7865,50.410000000002874],[-3.777,50.410000000002874],[-3.777,50.457500000002874],[-3.8055,50.457500000002874],[-3.815,50.41950000000287],[-3.8245,50.41950000000287],[-3.8245,50.40050000000287],[-3.834,50.40050000000287],[-3.834,50.37200000000287],[-3.8055,50.37200000000287],[-3.8055,50.391000000002876]],[[-3.8435,50.29600000000287],[-3.853,50.29600000000287],[-3.8625000000000003,50.27700000000287],[-3.872,50.27700000000287],[-3.872,50.24850000000287],[-3.834,50.24850000000287],[-3.8245,50.267500000002876],[-3.815,50.267500000002876],[-3.815,50.27700000000287],[-3.7960000000000003,50.27700000000287],[-3.7960000000000003,50.29600000000287],[-3.777,50.30550000000287],[-3.777,50.22000000000287],[-3.7485,50.22000000000287],[-3.7485,50.239000000002875],[-3.7295000000000003,50.24850000000287],[-3.7295000000000003,50.29600000000287],[-3.739,50.29600000000287],[-3.739,50.32450000000287],[-3.7485,50.32450000000287],[-3.758,50.362500000002875],[-3.7960000000000003,50.362500000002875],[-3.8055,50.34350000000288],[-3.815,50.34350000000288],[-3.815,50.32450000000287],[-3.8245,50.32450000000287],[-3.834,50.30550000000287],[-3.8435,50.30550000000287],[-3.8435,50.29600000000287]],[[-1.4495000000000005,49.64050000000287],[-1.4210000000000003,49.64050000000287],[-1.4210000000000003,49.669000000002875],[-1.4495000000000005,49.669000000002875],[-1.4495000000000005,49.64050000000287]],[[-4.6035,48.510000000002876],[-4.594,48.510000000002876],[-4.594,48.481500000002875],[-4.5655,48.481500000002875],[-4.5655,48.53850000000287],[-4.575,48.53850000000287],[-4.575,48.56700000000287],[-4.6035,48.56700000000287],[-4.6035,48.510000000002876]],[[-2.466,46.600500000002874],[-2.4090000000000003,46.600500000002874],[-2.4090000000000003,46.61000000000287],[-2.39,46.61000000000287],[-2.39,46.61950000000287],[-2.3805,46.61950000000287],[-2.3805,46.66700000000287],[-2.4090000000000003,46.66700000000287],[-2.4090000000000003,46.676500000002875],[-2.428,46.676500000002875],[-2.428,46.68600000000287],[-2.485,46.68600000000287],[-2.485,46.676500000002875],[-2.4945,46.676500000002875],[-2.4945,46.65750000000287],[-2.504,46.65750000000287],[-2.504,46.61950000000287],[-2.485,46.61950000000287],[-2.485,46.61000000000287],[-2.466,46.61000000000287],[-2.466,46.600500000002874]]],[[[-3.7866,47.764999999999276],[-3.7832000000000003,47.75819999999928],[-3.7798000000000003,47.75819999999928],[-3.7798000000000003,47.75139999999928],[-3.7764,47.75139999999928],[-3.7764,47.74799999999928],[-3.79,47.74799999999928],[-3.79,47.741199999999274],[-3.8002000000000002,47.741199999999274],[-3.8002000000000002,47.74459999999928],[-3.807,47.74799999999928],[-3.807,47.75479999999928],[-3.8104,47.75479999999928],[-3.8138,47.76159999999928],[-3.8342,47.76159999999928],[-3.8342,47.768399999999275],[-3.8274,47.768399999999275],[-3.8274,47.771799999999274],[-3.8104,47.771799999999274],[-3.8104,47.77859999999928],[-3.8036000000000003,47.78199999999928],[-3.8036000000000003,47.792199999999276],[-3.8002000000000002,47.792199999999276],[-3.8002000000000002,47.78539999999928],[-3.7968,47.78539999999928],[-3.7934,47.77859999999928],[-3.7866,47.77859999999928],[-3.7866,47.77519999999928],[-3.7934,47.77519999999928],[-3.7934,47.764999999999276],[-3.7866,47.764999999999276]]],[[[-3.8852,47.77859999999928],[-3.8886000000000003,47.77859999999928],[-3.8852,47.78539999999928],[-3.8784,47.78539999999928],[-3.8784,47.792199999999276],[-3.8716,47.792199999999276],[-3.8716,47.795599999999276],[-3.8648000000000002,47.795599999999276],[-3.8648000000000002,47.792199999999276],[-3.8546,47.792199999999276],[-3.8546,47.78199999999928],[-3.8682000000000003,47.78199999999928],[-3.8682000000000003,47.77519999999928],[-3.8852,47.77519999999928],[-3.8852,47.77859999999928]]],[[[-4.1636,47.832599999999516],[-4.1738,47.832599999999516],[-4.1738,47.832999999999274],[-4.1742,47.832999999999274],[-4.1742,47.835999999999515],[-4.1772,47.835999999999515],[-4.1772,47.83639999999928],[-4.1776,47.83639999999928],[-4.1776,47.86359999999928],[-4.1708,47.86359999999928],[-4.1708,47.86239999999952],[-4.1704,47.863199999999516],[-4.167,47.863199999999516],[-4.1636,47.85639999999952],[-4.167,47.85639999999952],[-4.167,47.84279999999952],[-4.1636,47.84279999999952],[-4.1602,47.835999999999515],[-4.1636,47.835999999999515],[-4.1636,47.832599999999516]]],[[[-4.3442,48.41099999999928],[-4.3408,48.41099999999928],[-4.3408,48.40419999999928],[-4.3442,48.40419999999928],[-4.3442,48.40079999999928],[-4.351,48.40079999999928],[-4.351,48.41099999999928],[-4.3442,48.414399999999276],[-4.3442,48.41099999999928]]],[[[-2.1704,43.75479999999904],[-2.1704,43.74459999999904],[-2.1636,43.74119999999904],[-2.1636,43.737799999999034],[-2.1534,43.737799999999034],[-2.1534,43.730999999999035],[-2.1466000000000003,43.730999999999035],[-2.1466000000000003,43.727599999999036],[-2.1432,43.727599999999036],[-2.1398,43.72079999999904],[-2.1364,43.72079999999904],[-2.1364,43.71059999999903],[-2.133,43.71059999999903],[-2.133,43.696999999999036],[-2.1262,43.69359999999904],[-2.1262,43.68679999999904],[-2.133,43.68679999999904],[-2.133,43.67999999999904],[-2.1398,43.676599999999034],[-2.1398,43.66639999999904],[-2.1466000000000003,43.66639999999904],[-2.1466000000000003,43.66299999999904],[-2.1534,43.65959999999904],[-2.1534,43.65619999999904],[-2.1602,43.65619999999904],[-2.1636,43.649399999999034],[-2.1738,43.649399999999034],[-2.1738,43.642599999999035],[-2.1806,43.642599999999035],[-2.1806,43.62559999999904],[-2.1738,43.62559999999904],[-2.1738,43.618799999999034],[-2.167,43.618799999999034],[-2.1636,43.611999999999036],[-2.1568,43.611999999999036],[-2.1568,43.608599999999036],[-2.15,43.60519999999904],[-2.1466000000000003,43.59839999999904],[-2.1398,43.59839999999904],[-2.1398,43.59499999999904],[-2.1364,43.59499999999904],[-2.1364,43.59159999999903],[-2.1296,43.59159999999903],[-2.1296,43.584799999999035],[-2.1228,43.584799999999035],[-2.1228,43.57799999999904],[-2.116,43.57799999999904],[-2.116,43.57119999999904],[-2.1058,43.57119999999904],[-2.1024000000000003,43.56439999999904],[-2.0922,43.56439999999904],[-2.0922,43.560999999999034],[-2.0854,43.560999999999034],[-2.0854,43.557599999999034],[-2.0718,43.557599999999034],[-2.0684,43.550799999999036],[-2.0582000000000003,43.550799999999036],[-2.0582000000000003,43.54739999999904],[-2.0446,43.54739999999904],[-2.0446,43.54399999999904],[-1.98,43.54399999999904],[-1.98,43.54739999999904],[-1.9698,43.54739999999904],[-1.9698,43.550799999999036],[-1.9562000000000002,43.550799999999036],[-1.9562000000000002,43.54399999999904],[-1.9494,43.54059999999904],[-1.9494,43.53379999999903],[-1.9528,43.53379999999903],[-1.9528,43.523599999999036],[-1.9562000000000002,43.523599999999036],[-1.9562000000000002,43.50999999999904],[-1.9528,43.50999999999904],[-1.9528,43.499799999999034],[-1.9562000000000002,43.499799999999034],[-1.9562000000000002,43.492999999999036],[-1.9596,43.492999999999036],[-1.9596,43.469199999999034],[-1.9562000000000002,43.469199999999034],[-1.9562000000000002,43.44879999999904],[-1.9596,43.44879999999904],[-1.9596,43.44539999999904],[-1.9664000000000001,43.44539999999904],[-1.9664000000000001,43.42839999999904],[-1.9732,43.42499999999904],[-1.9732,43.42159999999904],[-1.9766000000000001,43.42159999999904],[-1.9766000000000001,43.407999999999035],[-1.9698,43.404599999999036],[-1.9664000000000001,43.38419999999903],[-1.9596,43.380799999999034],[-1.9562000000000002,43.373999999999036],[-1.9528,43.373999999999036],[-1.9528,43.37059999999904],[-1.946,43.37059999999904],[-1.946,43.36379999999904],[-1.9426,43.36379999999904],[-1.9426,43.36039999999904],[-1.946,43.36039999999904],[-1.946,43.353599999999034],[-1.9528,43.353599999999034],[-1.9528,43.350199999999035],[-1.9596,43.350199999999035],[-1.9596,43.353599999999034],[-1.9698,43.353599999999034],[-1.9732,43.346799999999035],[-1.98,43.346799999999035],[-1.98,43.350199999999035],[-1.9834,43.350199999999035],[-1.9834,43.36039999999904],[-1.9868000000000001,43.36039999999904],[-1.9868000000000001,43.36379999999904],[-2.0038,43.36379999999904],[-2.0038,43.36039999999904],[-2.0106,43.36039999999904],[-2.0140000000000002,43.353599999999034],[-2.0174000000000003,43.353599999999034],[-2.0174000000000003,43.33319999999904],[-2.0344,43.33319999999904],[-2.0378,43.32639999999904],[-2.0718,43.32639999999904],[-2.0718,43.322999999999034],[-2.0786,43.319599999999035],[-2.0786,43.31279999999904],[-2.1772,43.31279999999904],[-2.1772,43.316199999999036],[-2.1908000000000003,43.316199999999036],[-2.1908000000000003,43.319599999999035],[-2.1942,43.319599999999035],[-2.1942,43.50999999999904],[-2.1976,43.50999999999904],[-2.1976,43.523599999999036],[-2.1942,43.523599999999036],[-2.1942,43.649399999999034],[-2.1908000000000003,43.649399999999034],[-2.1908000000000003,43.65959999999904],[-2.1874000000000002,43.65959999999904],[-2.1874000000000002,43.676599999999034],[-2.1908000000000003,43.676599999999034],[-2.1908000000000003,43.734399999999034],[-2.1942,43.734399999999034],[-2.1942,43.737799999999034],[-2.1908000000000003,43.737799999999034],[-2.1908000000000003,43.761599999999035],[-2.1772,43.764999999999034],[-2.1772,43.77859999999904],[-2.167,43.77859999999904],[-2.167,43.77519999999904],[-2.1636,43.77519999999904],[-2.1636,43.77179999999904],[-2.1568,43.77179999999904],[-2.1568,43.761599999999035],[-2.1602,43.761599999999035],[-2.1636,43.75479999999904],[-2.1704,43.75479999999904]],[[-2.184,43.57799999999904],[-2.1704,43.57799999999904],[-2.1704,43.581399999999036],[-2.1602,43.581399999999036],[-2.1602,43.59159999999903],[-2.167,43.59499999999904],[-2.167,43.60179999999904],[-2.184,43.60179999999904],[-2.184,43.57799999999904]]],[[[-1.5244,43.85679999999903],[-1.5244,43.853399999999034],[-1.5142,43.853399999999034],[-1.5142,43.849999999999035],[-1.5074,43.849999999999035],[-1.5074,43.84319999999904],[-1.5108000000000001,43.84319999999904],[-1.5108000000000001,43.82959999999904],[-1.5176,43.82959999999904],[-1.5176,43.819399999999035],[-1.4836,43.819399999999035],[-1.4802000000000002,43.81259999999904],[-1.4734,43.81259999999904],[-1.4734,43.80579999999904],[-1.4564000000000001,43.80579999999904],[-1.4564000000000001,43.80239999999904],[-1.4428,43.80239999999904],[-1.4428,43.80579999999904],[-1.4360000000000002,43.80579999999904],[-1.4360000000000002,43.79899999999904],[-1.4292,43.79899999999904],[-1.4224,43.785399999999036],[-1.4258000000000002,43.785399999999036],[-1.4258000000000002,43.78199999999904],[-1.4700000000000002,43.78199999999904],[-1.4700000000000002,43.77859999999904],[-1.4734,43.77859999999904],[-1.4734,43.788799999999036],[-1.4768000000000001,43.788799999999036],[-1.4768000000000001,43.80239999999904],[-1.4802000000000002,43.80239999999904],[-1.4802000000000002,43.80579999999904],[-1.487,43.80579999999904],[-1.487,43.80919999999904],[-1.5278,43.80919999999904],[-1.5278,43.80579999999904],[-1.538,43.80579999999904],[-1.538,43.80919999999904],[-1.5550000000000002,43.80919999999904],[-1.5550000000000002,43.81259999999904],[-1.5652000000000001,43.81259999999904],[-1.5652000000000001,43.815999999999036],[-1.589,43.815999999999036],[-1.5924,43.822799999999035],[-1.5992000000000002,43.822799999999035],[-1.5992000000000002,43.82959999999904],[-1.5958,43.82959999999904],[-1.5958,43.83979999999904],[-1.5992000000000002,43.83979999999904],[-1.5992000000000002,43.84319999999904],[-1.6162,43.84319999999904],[-1.6162,43.846599999999036],[-1.6026,43.846599999999036],[-1.6026,43.849999999999035],[-1.5924,43.849999999999035],[-1.5924,43.846599999999036],[-1.5652000000000001,43.846599999999036],[-1.5652000000000001,43.85679999999903],[-1.5788,43.85679999999903],[-1.5788,43.86359999999904],[-1.5754000000000001,43.86359999999904],[-1.5754000000000001,43.86699999999904],[-1.5686,43.86699999999904],[-1.5686,43.87039999999904],[-1.5584,43.87039999999904],[-1.5584,43.87379999999904],[-1.5482,43.87379999999904],[-1.5482,43.877199999999036],[-1.5448000000000002,43.877199999999036],[-1.5448000000000002,43.87379999999904],[-1.538,43.87379999999904],[-1.538,43.87039999999904],[-1.5346000000000002,43.87039999999904],[-1.5346000000000002,43.86699999999904],[-1.538,43.86699999999904],[-1.538,43.85679999999903],[-1.5244,43.85679999999903]],[[-1.5482,43.849999999999035],[-1.5516,43.849999999999035],[-1.5516,43.853399999999034],[-1.5618,43.853399999999034],[-1.5618,43.83979999999904],[-1.5482,43.83979999999904],[-1.5482,43.849999999999035]],[[-1.5414,43.826199999999034],[-1.5244,43.826199999999034],[-1.5244,43.83979999999904],[-1.5414,43.83979999999904],[-1.5414,43.826199999999034]]],[[[-1.504,43.938399999999035],[-1.4904000000000002,43.938399999999035],[-1.4904000000000002,43.934999999999036],[-1.4972,43.934999999999036],[-1.4972,43.93159999999904],[-1.5074,43.93159999999904],[-1.5108000000000001,43.92479999999904],[-1.5176,43.92479999999904],[-1.5176,43.92139999999904],[-1.5346000000000002,43.92139999999904],[-1.5346000000000002,43.91799999999904],[-1.5448000000000002,43.91799999999904],[-1.5448000000000002,43.914599999999034],[-1.5550000000000002,43.914599999999034],[-1.5584,43.907799999999035],[-1.5686,43.907799999999035],[-1.5686,43.904399999999036],[-1.5754000000000001,43.904399999999036],[-1.5754000000000001,43.90099999999904],[-1.5924,43.90099999999904],[-1.5924,43.911199999999035],[-1.5754000000000001,43.911199999999035],[-1.5754000000000001,43.914599999999034],[-1.5686,43.914599999999034],[-1.5686,43.91799999999904],[-1.5584,43.91799999999904],[-1.5550000000000002,43.92479999999904],[-1.5414,43.92479999999904],[-1.5414,43.92819999999904],[-1.5244,43.92819999999904],[-1.5244,43.93159999999904],[-1.5108000000000001,43.93159999999904],[-1.5108000000000001,43.941799999999034],[-1.5278,43.941799999999034],[-1.5278,43.938399999999035],[-1.5482,43.938399999999035],[-1.5482,43.941799999999034],[-1.5414,43.941799999999034],[-1.5414,43.95199999999904],[-1.5550000000000002,43.95199999999904],[-1.5550000000000002,43.95879999999904],[-1.5482,43.95879999999904],[-1.5482,43.968999999999035],[-1.5414,43.968999999999035],[-1.5414,43.95879999999904],[-1.5278,43.95879999999904],[-1.5278,43.96219999999904],[-1.5108000000000001,43.96219999999904],[-1.5074,43.95539999999904],[-1.487,43.95539999999904],[-1.487,43.94859999999904],[-1.504,43.94859999999904],[-1.504,43.938399999999035]],[[-1.5244,43.94519999999903],[-1.5244,43.95539999999904],[-1.538,43.95539999999904],[-1.538,43.94519999999903],[-1.5244,43.94519999999903]]],[[[-1.6196000000000002,43.94519999999903],[-1.5924,43.94519999999903],[-1.5924,43.94859999999904],[-1.5754000000000001,43.94859999999904],[-1.5754000000000001,43.94519999999903],[-1.5822,43.94519999999903],[-1.5822,43.941799999999034],[-1.606,43.941799999999034],[-1.606,43.938399999999035],[-1.6162,43.938399999999035],[-1.6162,43.934999999999036],[-1.623,43.938399999999035],[-1.6196000000000002,43.94519999999903]]],[[[-1.6094000000000002,43.965599999999036],[-1.5754000000000001,43.965599999999036],[-1.5754000000000001,43.96219999999904],[-1.5822,43.96219999999904],[-1.5822,43.95879999999904],[-1.5992000000000002,43.95879999999904],[-1.5992000000000002,43.95539999999904],[-1.6026,43.95539999999904],[-1.6026,43.95879999999904],[-1.6094000000000002,43.95879999999904],[-1.6094000000000002,43.965599999999036]]],[[[-1.5142,44.05059999999904],[-1.5006000000000002,44.05059999999904],[-1.5006000000000002,44.04719999999904],[-1.4802000000000002,44.04379999999904],[-1.4802000000000002,44.04039999999904],[-1.4734,44.04039999999904],[-1.4734,44.03699999999904],[-1.4700000000000002,44.03699999999904],[-1.4700000000000002,44.03359999999903],[-1.5006000000000002,44.03359999999903],[-1.5006000000000002,44.03699999999904],[-1.5074,44.03699999999904],[-1.5074,44.04039999999904],[-1.5210000000000001,44.04039999999904],[-1.5210000000000001,44.04379999999904],[-1.5278,44.04379999999904],[-1.5278,44.04719999999904],[-1.5448000000000002,44.04719999999904],[-1.5448000000000002,44.05059999999904],[-1.5516,44.05059999999904],[-1.5516,44.053999999999036],[-1.5686,44.053999999999036],[-1.572,44.060799999999034],[-1.5788,44.060799999999034],[-1.5788,44.06759999999904],[-1.5754000000000001,44.06759999999904],[-1.5754000000000001,44.07099999999904],[-1.5550000000000002,44.07099999999904],[-1.5550000000000002,44.06759999999904],[-1.5482,44.06759999999904],[-1.5482,44.06419999999903],[-1.5346000000000002,44.06419999999903],[-1.5312000000000001,44.057399999999035],[-1.5210000000000001,44.057399999999035],[-1.5210000000000001,44.053999999999036],[-1.5142,44.053999999999036],[-1.5142,44.05059999999904]]],[[[-1.9664000000000001,44.584399999999036],[-1.963,44.584399999999036],[-1.963,44.58099999999904],[-1.9664000000000001,44.58099999999904],[-1.9664000000000001,44.560599999999035],[-1.963,44.560599999999035],[-1.963,44.54699999999904],[-1.9596,44.54699999999904],[-1.9596,44.51979999999904],[-1.9562000000000002,44.51979999999904],[-1.9562000000000002,44.47899999999904],[-1.9528,44.47899999999904],[-1.9528,44.472199999999035],[-1.9494,44.472199999999035],[-1.9494,44.468799999999035],[-1.9426,44.465399999999036],[-1.9426,44.45859999999904],[-1.9392,44.45859999999904],[-1.9392,44.45179999999904],[-1.9324000000000001,44.44839999999904],[-1.9324000000000001,44.444999999999034],[-1.9256,44.441599999999035],[-1.9256,44.438199999999036],[-1.9188,44.434799999999036],[-1.9188,44.43139999999904],[-1.9154,44.43139999999904],[-1.9154,44.42799999999904],[-1.9086,44.42799999999904],[-1.9086,44.42459999999904],[-1.9018000000000002,44.42119999999904],[-1.9018000000000002,44.41779999999903],[-1.8984,44.41779999999903],[-1.8984,44.410999999999035],[-1.8916000000000002,44.410999999999035],[-1.8882,44.40419999999904],[-1.8780000000000001,44.40419999999904],[-1.8780000000000001,44.40079999999904],[-1.8712,44.39739999999904],[-1.8678000000000001,44.39059999999904],[-1.8644,44.39059999999904],[-1.8644,44.387199999999034],[-1.8508,44.383799999999034],[-1.8508,44.380399999999035],[-1.844,44.380399999999035],[-1.844,44.376999999999036],[-1.8406,44.376999999999036],[-1.8406,44.37359999999904],[-1.8338,44.37359999999904],[-1.8304,44.36679999999904],[-1.8236,44.36679999999904],[-1.8236,44.35999999999903],[-1.8168,44.35999999999903],[-1.8168,44.356599999999034],[-1.8134000000000001,44.356599999999034],[-1.8134000000000001,44.349799999999036],[-1.8066,44.346399999999036],[-1.8066,44.34299999999904],[-1.7998,44.33959999999904],[-1.7998,44.33619999999904],[-1.7964,44.33619999999904],[-1.7964,44.33279999999904],[-1.7896,44.33279999999904],[-1.7896,44.325999999999034],[-1.7862,44.325999999999034],[-1.7828000000000002,44.319199999999036],[-1.776,44.319199999999036],[-1.776,44.31239999999904],[-1.7692,44.30899999999904],[-1.7692,44.30219999999904],[-1.7624,44.298799999999034],[-1.7624,44.288599999999036],[-1.7556,44.28519999999904],[-1.7556,44.28179999999904],[-1.7522,44.28179999999904],[-1.7488000000000001,44.27499999999904],[-1.7454,44.27499999999904],[-1.7454,44.27159999999904],[-1.7352,44.27159999999904],[-1.7352,44.264799999999035],[-1.7284000000000002,44.264799999999035],[-1.725,44.257999999999036],[-1.7182000000000002,44.257999999999036],[-1.7148,44.25119999999904],[-1.708,44.25119999999904],[-1.708,44.22739999999904],[-1.7012,44.22399999999904],[-1.7012,44.22059999999904],[-1.6978,44.22059999999904],[-1.6944000000000001,44.21379999999904],[-1.691,44.21379999999904],[-1.691,44.210399999999034],[-1.6876,44.210399999999034],[-1.6842000000000001,44.203599999999035],[-1.6774,44.203599999999035],[-1.6774,44.200199999999036],[-1.6706,44.200199999999036],[-1.6672,44.19339999999904],[-1.6604,44.19339999999904],[-1.6604,44.18999999999904],[-1.657,44.18999999999904],[-1.657,44.179799999999034],[-1.6604,44.179799999999034],[-1.6604,44.176399999999035],[-1.6706,44.176399999999035],[-1.6706,44.16619999999904],[-1.6638000000000002,44.16619999999904],[-1.6638000000000002,44.16279999999904],[-1.6502000000000001,44.15939999999904],[-1.6502000000000001,44.15599999999904],[-1.6434,44.15259999999904],[-1.6434,44.149199999999034],[-1.6400000000000001,44.149199999999034],[-1.6400000000000001,44.13899999999904],[-1.6468,44.13899999999904],[-1.6468,44.142399999999036],[-1.6604,44.142399999999036],[-1.6604,44.145799999999035],[-1.6706,44.145799999999035],[-1.6706,44.149199999999034],[-1.6842000000000001,44.149199999999034],[-1.6842000000000001,44.13899999999904],[-1.6706,44.13899999999904],[-1.6672,44.13219999999904],[-1.6604,44.13219999999904],[-1.6604,44.12879999999904],[-1.657,44.12879999999904],[-1.657,44.12199999999903],[-1.6740000000000002,44.12199999999903],[-1.6740000000000002,44.12539999999904],[-1.6876,44.12539999999904],[-1.6876,44.12879999999904],[-1.6978,44.12879999999904],[-1.6978,44.118599999999034],[-1.691,44.115199999999035],[-1.691,44.111799999999036],[-1.6842000000000001,44.111799999999036],[-1.6808,44.10499999999904],[-1.6706,44.10499999999904],[-1.6706,44.09819999999904],[-1.6672,44.09819999999904],[-1.6672,44.09479999999904],[-1.6876,44.09479999999904],[-1.6876,44.09819999999904],[-1.7148,44.09819999999904],[-1.7148,44.07099999999904],[-1.7182000000000002,44.07099999999904],[-1.7216,44.06419999999903],[-1.725,44.06419999999903],[-1.725,44.05059999999904],[-1.7216,44.05059999999904],[-1.7216,44.04719999999904],[-1.725,44.04719999999904],[-1.725,44.03699999999904],[-1.7148,44.03699999999904],[-1.7148,44.03359999999903],[-1.7114,44.03359999999903],[-1.7114,44.026799999999035],[-1.7148,44.026799999999035],[-1.7148,44.00979999999904],[-1.7182000000000002,44.00979999999904],[-1.7182000000000002,43.999599999999035],[-1.7148,43.999599999999035],[-1.7114,43.992799999999036],[-1.708,43.992799999999036],[-1.708,43.98259999999904],[-1.7216,43.98259999999904],[-1.7216,43.972399999999034],[-1.7182000000000002,43.972399999999034],[-1.7182000000000002,43.968999999999035],[-1.7114,43.968999999999035],[-1.7114,43.96219999999904],[-1.7284000000000002,43.96219999999904],[-1.7284000000000002,43.95199999999904],[-1.7114,43.95199999999904],[-1.7114,43.941799999999034],[-1.725,43.941799999999034],[-1.725,43.938399999999035],[-1.7318,43.938399999999035],[-1.7318,43.934999999999036],[-1.7386000000000001,43.934999999999036],[-1.7386000000000001,43.93159999999904],[-1.742,43.93159999999904],[-1.742,43.92139999999904],[-1.7556,43.91799999999904],[-1.7556,43.914599999999034],[-1.7590000000000001,43.914599999999034],[-1.7590000000000001,43.904399999999036],[-1.7624,43.904399999999036],[-1.7624,43.89079999999904],[-1.7590000000000001,43.89079999999904],[-1.7590000000000001,43.87379999999904],[-1.7624,43.87379999999904],[-1.7624,43.86019999999904],[-1.7590000000000001,43.86019999999904],[-1.7590000000000001,43.83979999999904],[-1.7556,43.83979999999904],[-1.7556,43.83639999999904],[-1.7624,43.83639999999904],[-1.7624,43.77519999999904],[-1.7658,43.77519999999904],[-1.7658,43.76839999999903],[-1.7862,43.76839999999903],[-1.7862,43.761599999999035],[-1.7896,43.761599999999035],[-1.7896,43.75479999999904],[-1.7930000000000001,43.75479999999904],[-1.7930000000000001,43.74459999999904],[-1.7964,43.74459999999904],[-1.7998,43.737799999999034],[-1.8066,43.734399999999034],[-1.8066,43.727599999999036],[-1.81,43.727599999999036],[-1.81,43.72079999999904],[-1.8134000000000001,43.72079999999904],[-1.8134000000000001,43.71059999999903],[-1.8168,43.71059999999903],[-1.8168,43.69359999999904],[-1.8134000000000001,43.69359999999904],[-1.8134000000000001,43.67999999999904],[-1.8066,43.676599999999034],[-1.8032000000000001,43.66299999999904],[-1.7998,43.66299999999904],[-1.7998,43.645999999999034],[-1.8168,43.645999999999034],[-1.8168,43.649399999999034],[-1.8236,43.649399999999034],[-1.8236,43.65279999999904],[-1.8372000000000002,43.65619999999904],[-1.8406,43.66299999999904],[-1.8678000000000001,43.66299999999904],[-1.8678000000000001,43.669799999999036],[-1.929,43.669799999999036],[-1.929,43.673199999999035],[-1.9358,43.673199999999035],[-1.9358,43.676599999999034],[-1.9392,43.676599999999034],[-1.9392,43.67999999999904],[-1.946,43.67999999999904],[-1.946,43.68339999999904],[-1.9494,43.68339999999904],[-1.9528,43.69019999999904],[-1.9562000000000002,43.69019999999904],[-1.9562000000000002,43.69359999999904],[-1.9698,43.69359999999904],[-1.9732,43.700399999999036],[-1.98,43.700399999999036],[-1.98,43.707199999999034],[-1.9868000000000001,43.707199999999034],[-1.9902,43.71399999999904],[-2.0004,43.71399999999904],[-2.0004,43.71059999999903],[-2.0038,43.71059999999903],[-2.0038,43.71399999999904],[-2.0174000000000003,43.71399999999904],[-2.0140000000000002,43.72079999999904],[-2.0004,43.72419999999904],[-2.0004,43.734399999999034],[-2.0174000000000003,43.734399999999034],[-2.0174000000000003,43.730999999999035],[-2.0276,43.730999999999035],[-2.0276,43.727599999999036],[-2.0446,43.727599999999036],[-2.0446,43.737799999999034],[-2.0242,43.737799999999034],[-2.0208,43.74459999999904],[-2.0140000000000002,43.74459999999904],[-2.0140000000000002,43.758199999999036],[-2.0072,43.761599999999035],[-2.0072,43.77519999999904],[-2.0106,43.77519999999904],[-2.0140000000000002,43.78199999999904],[-2.0174000000000003,43.78199999999904],[-2.0174000000000003,43.792199999999035],[-2.0072,43.792199999999035],[-2.0072,43.80239999999904],[-2.0106,43.80239999999904],[-2.0140000000000002,43.80919999999904],[-2.0174000000000003,43.80919999999904],[-2.0174000000000003,43.815999999999036],[-2.0208,43.815999999999036],[-2.0208,43.83639999999904],[-2.0276,43.83639999999904],[-2.0276,43.846599999999036],[-2.0242,43.846599999999036],[-2.0242,43.849999999999035],[-2.0174000000000003,43.853399999999034],[-2.0174000000000003,43.86359999999904],[-2.0208,43.86359999999904],[-2.0208,43.86699999999904],[-2.0616000000000003,43.86699999999904],[-2.0616000000000003,43.86359999999904],[-2.0684,43.86359999999904],[-2.0684,43.86019999999904],[-2.0752,43.86019999999904],[-2.0786,43.853399999999034],[-2.1058,43.853399999999034],[-2.1092,43.846599999999036],[-2.116,43.846599999999036],[-2.116,43.84319999999904],[-2.1262,43.84319999999904],[-2.1262,43.83979999999904],[-2.133,43.83639999999904],[-2.133,43.826199999999034],[-2.1262,43.826199999999034],[-2.1262,43.815999999999036],[-2.1466000000000003,43.815999999999036],[-2.1466000000000003,43.81259999999904],[-2.1534,43.81259999999904],[-2.1534,43.80919999999904],[-2.1806,43.80919999999904],[-2.1806,43.81259999999904],[-2.184,43.81259999999904],[-2.184,43.819399999999035],[-2.1874000000000002,43.819399999999035],[-2.1874000000000002,43.826199999999034],[-2.1908000000000003,43.826199999999034],[-2.1908000000000003,43.846599999999036],[-2.1942,43.846599999999036],[-2.1942,43.89419999999904],[-2.1738,43.89759999999904],[-2.1704,43.911199999999035],[-2.1568,43.911199999999035],[-2.1534,43.91799999999904],[-2.1432,43.91799999999904],[-2.1432,43.92139999999904],[-2.1296,43.92479999999904],[-2.1296,43.92819999999904],[-2.1262,43.92819999999904],[-2.1262,43.934999999999036],[-2.1194,43.938399999999035],[-2.116,43.95199999999904],[-2.1126,43.95199999999904],[-2.1126,43.95879999999904],[-2.1092,43.95879999999904],[-2.1092,43.965599999999036],[-2.1058,43.965599999999036],[-2.1058,43.972399999999034],[-2.1024000000000003,43.972399999999034],[-2.1024000000000003,43.97919999999904],[-2.099,43.97919999999904],[-2.099,43.98599999999904],[-2.0956,43.98599999999904],[-2.0956,43.992799999999036],[-2.0922,43.992799999999036],[-2.0922,43.999599999999035],[-2.0888,43.999599999999035],[-2.0888,44.00639999999904],[-2.0854,44.00639999999904],[-2.0854,44.030199999999034],[-2.082,44.030199999999034],[-2.082,44.03699999999904],[-2.0786,44.03699999999904],[-2.0786,44.060799999999034],[-2.082,44.060799999999034],[-2.082,44.07779999999904],[-2.0752,44.07779999999904],[-2.0752,44.091399999999034],[-2.0786,44.091399999999034],[-2.0786,44.09479999999904],[-2.0854,44.09479999999904],[-2.0854,44.09819999999904],[-2.0922,44.09819999999904],[-2.0922,44.10159999999904],[-2.1262,44.10499999999904],[-2.1262,44.10159999999904],[-2.1296,44.10159999999904],[-2.133,44.09479999999904],[-2.1364,44.09479999999904],[-2.1364,44.091399999999034],[-2.1398,44.091399999999034],[-2.1398,44.087999999999035],[-2.1534,44.084599999999035],[-2.1534,44.06759999999904],[-2.1568,44.06759999999904],[-2.1568,44.084599999999035],[-2.1602,44.084599999999035],[-2.1602,44.087999999999035],[-2.167,44.091399999999034],[-2.167,44.10159999999904],[-2.184,44.10159999999904],[-2.184,44.09479999999904],[-2.1942,44.09479999999904],[-2.1942,44.176399999999035],[-2.1908000000000003,44.176399999999035],[-2.1908000000000003,44.19679999999904],[-2.1874000000000002,44.19679999999904],[-2.1874000000000002,44.206999999999034],[-2.1908000000000003,44.206999999999034],[-2.1908000000000003,44.25119999999904],[-2.1942,44.25119999999904],[-2.1942,44.31239999999904],[-2.1908000000000003,44.31239999999904],[-2.1908000000000003,44.322599999999035],[-2.1874000000000002,44.322599999999035],[-2.1874000000000002,44.325999999999034],[-2.1602,44.322599999999035],[-2.1602,44.325999999999034],[-2.1364,44.325999999999034],[-2.1364,44.32939999999904],[-2.1024000000000003,44.32939999999904],[-2.1024000000000003,44.33279999999904],[-2.0888,44.33279999999904],[-2.0888,44.33619999999904],[-2.082,44.33619999999904],[-2.082,44.33959999999904],[-2.0752,44.33959999999904],[-2.0752,44.34299999999904],[-2.0684,44.346399999999036],[-2.0684,44.36339999999904],[-2.082,44.36339999999904],[-2.082,44.35999999999903],[-2.0888,44.35999999999903],[-2.0888,44.356599999999034],[-2.1058,44.356599999999034],[-2.1058,44.353199999999035],[-2.1126,44.353199999999035],[-2.1126,44.349799999999036],[-2.1262,44.349799999999036],[-2.1262,44.346399999999036],[-2.133,44.346399999999036],[-2.133,44.34299999999904],[-2.167,44.34299999999904],[-2.167,44.349799999999036],[-2.1704,44.349799999999036],[-2.1704,44.36679999999904],[-2.167,44.36679999999904],[-2.167,44.376999999999036],[-2.1772,44.376999999999036],[-2.1772,44.380399999999035],[-2.1806,44.380399999999035],[-2.1806,44.39739999999904],[-2.1874000000000002,44.40079999999904],[-2.1874000000000002,44.407599999999036],[-2.1942,44.410999999999035],[-2.1942,44.48919999999904],[-2.1976,44.48919999999904],[-2.1976,44.51299999999904],[-2.1942,44.51299999999904],[-2.1942,44.63879999999904],[-2.1908000000000003,44.63879999999904],[-2.1908000000000003,44.645599999999035],[-2.1636,44.645599999999035],[-2.1636,44.648999999999035],[-2.1466000000000003,44.648999999999035],[-2.1466000000000003,44.652399999999034],[-2.1364,44.652399999999034],[-2.1364,44.645599999999035],[-2.1262,44.645599999999035],[-2.1262,44.642199999999036],[-2.1228,44.642199999999036],[-2.1228,44.63199999999904],[-2.1194,44.63199999999904],[-2.1194,44.62859999999904],[-2.1058,44.62859999999904],[-2.1058,44.63199999999904],[-2.0956,44.63199999999904],[-2.0956,44.62859999999904],[-2.0922,44.62859999999904],[-2.0922,44.621799999999034],[-2.0888,44.621799999999034],[-2.0888,44.614999999999036],[-2.0854,44.614999999999036],[-2.0854,44.61159999999904],[-2.0786,44.61159999999904],[-2.0786,44.60479999999904],[-2.0718,44.60139999999904],[-2.0718,44.59799999999904],[-2.0514,44.59459999999903],[-2.0514,44.59799999999904],[-2.0412,44.59799999999904],[-2.0412,44.60819999999904],[-2.048,44.60819999999904],[-2.048,44.614999999999036],[-2.0514,44.614999999999036],[-2.0514,44.621799999999034],[-2.048,44.621799999999034],[-2.048,44.62519999999904],[-2.0208,44.62519999999904],[-2.0208,44.63199999999904],[-2.0140000000000002,44.63199999999904],[-2.0106,44.63879999999904],[-2.0038,44.63879999999904],[-2.0038,44.648999999999035],[-2.0004,44.648999999999035],[-2.0004,44.65579999999903],[-1.997,44.65579999999903],[-1.997,44.65919999999904],[-1.98,44.65919999999904],[-1.98,44.65579999999903],[-1.9732,44.65579999999903],[-1.9732,44.652399999999034],[-1.9664000000000001,44.648999999999035],[-1.9664000000000001,44.63199999999904],[-1.963,44.63199999999904],[-1.963,44.62519999999904],[-1.9664000000000001,44.62519999999904],[-1.9664000000000001,44.584399999999036]],[[-2.15,44.502799999999034],[-2.15,44.48919999999904],[-2.1534,44.48919999999904],[-2.1534,44.48239999999904],[-2.1568,44.48239999999904],[-2.1568,44.465399999999036],[-2.1534,44.465399999999036],[-2.1534,44.45179999999904],[-2.1228,44.45179999999904],[-2.1228,44.44839999999904],[-2.133,44.44839999999904],[-2.133,44.444999999999034],[-2.1568,44.444999999999034],[-2.1568,44.441599999999035],[-2.1602,44.441599999999035],[-2.1602,44.438199999999036],[-2.167,44.434799999999036],[-2.167,44.42799999999904],[-2.1738,44.42799999999904],[-2.1738,44.410999999999035],[-2.1636,44.410999999999035],[-2.1636,44.407599999999036],[-2.1568,44.407599999999036],[-2.1568,44.39739999999904],[-2.116,44.39739999999904],[-2.1194,44.41779999999903],[-2.1126,44.41779999999903],[-2.1092,44.42459999999904],[-2.0956,44.42459999999904],[-2.0922,44.43139999999904],[-2.082,44.43139999999904],[-2.082,44.434799999999036],[-2.0752,44.438199999999036],[-2.0752,44.444999999999034],[-2.0684,44.444999999999034],[-2.065,44.45179999999904],[-2.0412,44.45179999999904],[-2.0412,44.46199999999904],[-2.0514,44.46199999999904],[-2.0548,44.468799999999035],[-2.0616000000000003,44.468799999999035],[-2.0616000000000003,44.475599999999034],[-2.0684,44.475599999999034],[-2.0684,44.48239999999904],[-2.0718,44.48239999999904],[-2.0752,44.48919999999904],[-2.082,44.48919999999904],[-2.082,44.49259999999904],[-2.0854,44.49259999999904],[-2.0888,44.499399999999035],[-2.0922,44.499399999999035],[-2.0922,44.51299999999904],[-2.0956,44.51299999999904],[-2.0956,44.51639999999904],[-2.133,44.51639999999904],[-2.1364,44.523199999999036],[-2.1466000000000003,44.523199999999036],[-2.1466000000000003,44.50619999999903],[-2.133,44.50619999999903],[-2.133,44.502799999999034],[-2.1262,44.502799999999034],[-2.1262,44.499399999999035],[-2.1194,44.499399999999035],[-2.1228,44.49259999999904],[-2.1364,44.495999999999036],[-2.1398,44.502799999999034],[-2.15,44.502799999999034]],[[-2.0888,44.383799999999034],[-2.0888,44.39399999999904],[-2.1262,44.39399999999904],[-2.1296,44.387199999999034],[-2.1398,44.387199999999034],[-2.1398,44.376999999999036],[-2.1092,44.376999999999036],[-2.1092,44.380399999999035],[-2.0956,44.380399999999035],[-2.0956,44.383799999999034],[-2.0888,44.383799999999034]],[[-2.1194,44.24779999999904],[-2.1194,44.237599999999034],[-2.099,44.234199999999035],[-2.099,44.230799999999036],[-2.0412,44.230799999999036],[-2.0412,44.24099999999903],[-2.0718,44.24099999999903],[-2.0752,44.24779999999904],[-2.1194,44.24779999999904]],[[-2.082,44.206999999999034],[-2.082,44.210399999999034],[-2.0956,44.210399999999034],[-2.0956,44.200199999999036],[-2.0888,44.200199999999036],[-2.0888,44.19679999999904],[-2.0786,44.19679999999904],[-2.0786,44.19339999999904],[-2.0616000000000003,44.19339999999904],[-2.0616000000000003,44.203599999999035],[-2.0684,44.203599999999035],[-2.0684,44.206999999999034],[-2.082,44.206999999999034]]],[[[-2.0174000000000003,44.676199999999035],[-2.0242,44.676199999999035],[-2.0276,44.66939999999904],[-2.0344,44.66939999999904],[-2.0378,44.66259999999904],[-2.0446,44.66259999999904],[-2.0446,44.676199999999035],[-2.0378,44.679599999999034],[-2.0378,44.68639999999904],[-2.031,44.68979999999904],[-2.0276,44.703399999999036],[-2.0208,44.706799999999035],[-2.0208,44.71359999999903],[-2.0038,44.71359999999903],[-2.0004,44.706799999999035],[-1.9936,44.703399999999036],[-1.9936,44.68639999999904],[-1.997,44.68639999999904],[-1.997,44.68299999999903],[-2.0174000000000003,44.679599999999034],[-2.0174000000000003,44.676199999999035]]],[[[-3.3646000000000003,47.689799999999515],[-3.3782,47.689799999999515],[-3.3782,47.69319999999952],[-3.385,47.69659999999952],[-3.385,47.69999999999952],[-3.3748,47.69999999999952],[-3.3748,47.70339999999952],[-3.3714000000000004,47.70339999999952],[-3.3714000000000004,47.720399999999515],[-3.3646000000000003,47.720399999999515],[-3.3646000000000003,47.73399999999952],[-3.3578,47.73399999999952],[-3.3578,47.74079999999952],[-3.3495,47.74079999999952],[-3.3495,47.75950000000287],[-3.34,47.75950000000287],[-3.34,47.80700000000287],[-3.3305000000000002,47.80700000000287],[-3.3305000000000002,47.84500000000287],[-3.321,47.84500000000287],[-3.321,47.75509999999952],[-3.3102,47.75779999999952],[-3.3102,47.750999999999515],[-3.317,47.750999999999515],[-3.317,47.75000000000287],[-3.3115,47.75000000000287],[-3.3115,47.73100000000287],[-3.321,47.73100000000287],[-3.321,47.70250000000287],[-3.34,47.693000000002876],[-3.34,47.68350000000287],[-3.3495,47.68350000000287],[-3.3495,47.69782499999952],[-3.3544,47.69659999999952],[-3.3578,47.70339999999952],[-3.3680000000000003,47.70339999999952],[-3.3680000000000003,47.69319999999952],[-3.3646000000000003,47.69319999999952],[-3.3646000000000003,47.689799999999515]],[[-3.3495,47.720399999999515],[-3.351,47.720399999999515],[-3.351,47.716999999999516],[-3.3612,47.716999999999516],[-3.3612,47.70679999999952],[-3.3495,47.70679999999952],[-3.3495,47.720399999999515]]],[[[-3.0926,48.81599999999928],[-3.0892,48.81599999999928],[-3.0892,48.81939999999928],[-3.0858,48.81939999999928],[-3.0858,48.81599999999928],[-3.0824,48.81599999999928],[-3.0824,48.80579999999928],[-3.0858,48.80579999999928],[-3.0858,48.80919999999928],[-3.0926,48.80919999999928],[-3.0926,48.81599999999928]]],[[[-1.4802000000000002,43.883999999999034],[-1.4802000000000002,43.88739999999903],[-1.5006000000000002,43.88739999999903],[-1.5006000000000002,43.89079999999904],[-1.5074,43.89079999999904],[-1.5074,43.90099999999904],[-1.487,43.90099999999904],[-1.487,43.89759999999904],[-1.4802000000000002,43.89759999999904],[-1.4802000000000002,43.89419999999904],[-1.4768000000000001,43.89419999999904],[-1.4768000000000001,43.89079999999904],[-1.4700000000000002,43.89079999999904],[-1.4666000000000001,43.883999999999034],[-1.4802000000000002,43.883999999999034]]],[[[-1.3986,43.93159999999904],[-1.3918000000000001,43.93159999999904],[-1.3918000000000001,43.92479999999904],[-1.3952,43.92479999999904],[-1.3952,43.92139999999904],[-1.4122000000000001,43.92139999999904],[-1.4122000000000001,43.938399999999035],[-1.3986,43.938399999999035],[-1.3986,43.93159999999904]]],[[[-1.4326,43.996199999999035],[-1.4258000000000002,43.996199999999035],[-1.4258000000000002,43.992799999999036],[-1.419,43.992799999999036],[-1.419,43.97919999999904],[-1.453,43.97919999999904],[-1.453,43.968999999999035],[-1.4428,43.968999999999035],[-1.4428,43.965599999999036],[-1.4394,43.965599999999036],[-1.4394,43.95539999999904],[-1.4564000000000001,43.95539999999904],[-1.4564000000000001,43.95879999999904],[-1.4700000000000002,43.95879999999904],[-1.4700000000000002,43.96219999999904],[-1.4734,43.96219999999904],[-1.4734,43.972399999999034],[-1.487,43.972399999999034],[-1.487,43.97579999999904],[-1.4972,43.97579999999904],[-1.4972,43.972399999999034],[-1.5006000000000002,43.972399999999034],[-1.5006000000000002,43.97579999999904],[-1.5108000000000001,43.97579999999904],[-1.5108000000000001,43.97919999999904],[-1.5210000000000001,43.97919999999904],[-1.5210000000000001,43.97579999999904],[-1.5278,43.97579999999904],[-1.5278,43.97919999999904],[-1.5550000000000002,43.97919999999904],[-1.5550000000000002,43.98599999999904],[-1.5618,43.98599999999904],[-1.5618,43.98939999999904],[-1.589,43.98939999999904],[-1.589,43.992799999999036],[-1.5788,43.992799999999036],[-1.5788,44.002999999999034],[-1.5686,44.002999999999034],[-1.5686,44.00639999999904],[-1.5618,44.00639999999904],[-1.5618,44.01659999999904],[-1.5652000000000001,44.01659999999904],[-1.5652000000000001,44.023399999999036],[-1.5516,44.023399999999036],[-1.5516,44.026799999999035],[-1.538,44.026799999999035],[-1.538,44.023399999999036],[-1.5074,44.023399999999036],[-1.5074,44.01999999999904],[-1.4768000000000001,44.01999999999904],[-1.4768000000000001,44.01659999999904],[-1.453,44.01659999999904],[-1.453,44.026799999999035],[-1.4564000000000001,44.026799999999035],[-1.4564000000000001,44.030199999999034],[-1.4496,44.030199999999034],[-1.4496,44.026799999999035],[-1.4394,44.026799999999035],[-1.4394,44.023399999999036],[-1.4326,44.023399999999036],[-1.4326,44.01999999999904],[-1.4462000000000002,44.01999999999904],[-1.4428,43.999599999999035],[-1.4326,43.999599999999035],[-1.4326,43.996199999999035]]],[[[-1.4020000000000001,44.15939999999904],[-1.4020000000000001,44.16279999999904],[-1.3952,44.16279999999904],[-1.3952,44.15939999999904],[-1.385,44.15939999999904],[-1.3816000000000002,44.15259999999904],[-1.3714000000000002,44.15259999999904],[-1.3714000000000002,44.145799999999035],[-1.3578000000000001,44.145799999999035],[-1.3544,44.13899999999904],[-1.3476000000000001,44.13899999999904],[-1.3476000000000001,44.13219999999904],[-1.3442,44.13219999999904],[-1.3442,44.12879999999904],[-1.3374000000000001,44.12879999999904],[-1.3374000000000001,44.115199999999035],[-1.3442,44.115199999999035],[-1.3442,44.111799999999036],[-1.3510000000000002,44.10839999999904],[-1.3510000000000002,44.09819999999904],[-1.3544,44.09819999999904],[-1.3544,44.09479999999904],[-1.3646,44.09479999999904],[-1.3646,44.091399999999034],[-1.3714000000000002,44.087999999999035],[-1.3714000000000002,44.07779999999904],[-1.368,44.07779999999904],[-1.368,44.07439999999904],[-1.3748,44.07439999999904],[-1.3748,44.057399999999035],[-1.3714000000000002,44.057399999999035],[-1.3714000000000002,44.030199999999034],[-1.385,44.030199999999034],[-1.385,44.03359999999903],[-1.3952,44.03359999999903],[-1.3952,44.04039999999904],[-1.3986,44.04039999999904],[-1.3986,44.053999999999036],[-1.419,44.053999999999036],[-1.419,44.05059999999904],[-1.4258000000000002,44.05059999999904],[-1.4258000000000002,44.053999999999036],[-1.4394,44.053999999999036],[-1.4394,44.06419999999903],[-1.4428,44.06419999999903],[-1.4428,44.06759999999904],[-1.4496,44.06759999999904],[-1.453,44.07439999999904],[-1.4632,44.07439999999904],[-1.4632,44.07779999999904],[-1.4768000000000001,44.07779999999904],[-1.4768000000000001,44.07439999999904],[-1.4802000000000002,44.07439999999904],[-1.4802000000000002,44.07779999999904],[-1.487,44.07779999999904],[-1.487,44.081199999999036],[-1.4972,44.081199999999036],[-1.4972,44.087999999999035],[-1.5074,44.087999999999035],[-1.5074,44.091399999999034],[-1.5142,44.091399999999034],[-1.5142,44.09479999999904],[-1.5210000000000001,44.09479999999904],[-1.5210000000000001,44.09819999999904],[-1.5244,44.09819999999904],[-1.5244,44.10499999999904],[-1.5210000000000001,44.10499999999904],[-1.5210000000000001,44.10159999999904],[-1.5108000000000001,44.10159999999904],[-1.5108000000000001,44.111799999999036],[-1.5006000000000002,44.111799999999036],[-1.5006000000000002,44.10839999999904],[-1.4768000000000001,44.10839999999904],[-1.4768000000000001,44.111799999999036],[-1.4700000000000002,44.111799999999036],[-1.4700000000000002,44.10839999999904],[-1.4598,44.10839999999904],[-1.4598,44.118599999999034],[-1.4734,44.12199999999903],[-1.4734,44.12539999999904],[-1.4768000000000001,44.12539999999904],[-1.4768000000000001,44.13219999999904],[-1.4802000000000002,44.13219999999904],[-1.4836,44.13899999999904],[-1.4904000000000002,44.142399999999036],[-1.4938,44.149199999999034],[-1.5006000000000002,44.149199999999034],[-1.5006000000000002,44.15599999999904],[-1.5074,44.15599999999904],[-1.5074,44.16279999999904],[-1.4972,44.16279999999904],[-1.4972,44.15939999999904],[-1.4768000000000001,44.15939999999904],[-1.4768000000000001,44.172999999999035],[-1.4666000000000001,44.172999999999035],[-1.4632,44.16619999999904],[-1.4394,44.16619999999904],[-1.4394,44.16279999999904],[-1.4292,44.16279999999904],[-1.4292,44.15939999999904],[-1.4020000000000001,44.15939999999904]]],[[[-1.1436000000000002,44.75099999999904],[-1.1436000000000002,44.748000000002875],[-1.1265,44.748000000002875],[-1.1265,44.736524999999034],[-1.1164,44.733999999999035],[-1.1164,44.730599999999036],[-1.1028,44.730599999999036],[-1.1028,44.72719999999904],[-1.096,44.72719999999904],[-1.096,44.72039999999904],[-1.0892000000000002,44.72039999999904],[-1.0892000000000002,44.71359999999903],[-1.0756000000000001,44.71359999999903],[-1.0756000000000001,44.710199999999034],[-1.0722,44.710199999999034],[-1.0722,44.71000000000287],[-1.0695000000000006,44.71000000000287],[-1.0661999999980825,44.703399999999036],[-1.0586000000000002,44.703399999999036],[-1.0586000000000002,44.69659999999904],[-1.062,44.69659999999904],[-1.062,44.69500000000287],[-1.0600000000000005,44.69100000000287],[-1.0505000000000004,44.69100000000287],[-1.0505000000000004,44.68299999999903],[-1.0484,44.68299999999903],[-1.0450000000000002,44.676199999999035],[-1.0382,44.676199999999035],[-1.0382,44.65919999999904],[-1.0416,44.65919999999904],[-1.0416,44.65579999999903],[-1.0505000000000004,44.65579999999903],[-1.0505000000000004,44.653000000002876],[-1.0518,44.653000000002876],[-1.0518,44.652399999999034],[-1.0600000000000005,44.652399999999034],[-1.0600000000000005,44.61500000000287],[-1.0505000000000004,44.61500000000287],[-1.0505000000000004,44.58650000000287],[-1.0789999999999997,44.58650000000287],[-1.0789999999999997,44.472500000002874],[-1.0979999999999999,44.472500000002874],[-1.0979999999999999,44.49150000000287],[-1.1075,44.49150000000287],[-1.117,44.52950000000287],[-1.1455000000000002,44.52950000000287],[-1.1550000000000002,44.548500000002875],[-1.1740000000000004,44.548500000002875],[-1.1740000000000004,44.55800000000288],[-1.1930000000000005,44.56750000000287],[-1.1930000000000005,44.58650000000287],[-1.2024999999999997,44.58650000000287],[-1.2024999999999997,44.596000000002874],[-1.2116,44.596000000002874],[-1.2116,44.591199999999034],[-1.2184000000000001,44.587799999999035],[-1.2184000000000001,44.58099999999904],[-1.2218,44.58099999999904],[-1.2218,44.57759999999904],[-1.2252,44.57759999999904],[-1.2252,44.57419999999904],[-1.2286000000000001,44.57419999999904],[-1.2286000000000001,44.57079999999904],[-1.2354,44.56739999999904],[-1.2388000000000001,44.560599999999035],[-1.2422000000000002,44.560599999999035],[-1.2422000000000002,44.553799999999036],[-1.2626000000000002,44.553799999999036],[-1.2626000000000002,44.54359999999904],[-1.2694,44.54019999999904],[-1.2694,44.53679999999903],[-1.2864,44.53679999999903],[-1.2864,44.54019999999904],[-1.2966000000000002,44.54019999999904],[-1.2966000000000002,44.53679999999903],[-1.3,44.53679999999903],[-1.3034000000000001,44.54359999999904],[-1.3136,44.54359999999904],[-1.3136,44.55039999999904],[-1.3170000000000002,44.55039999999904],[-1.3170000000000002,44.560599999999035],[-1.3238,44.563999999999034],[-1.3238,44.56739999999904],[-1.3272000000000002,44.56739999999904],[-1.3272000000000002,44.584399999999036],[-1.3306,44.584399999999036],[-1.3306,44.587799999999035],[-1.3374000000000001,44.587799999999035],[-1.3374000000000001,44.60479999999904],[-1.334,44.60479999999904],[-1.334,44.60819999999904],[-1.3272000000000002,44.61159999999904],[-1.3272000000000002,44.618399999999035],[-1.3170000000000002,44.618399999999035],[-1.3165000000000004,44.61939999999903],[-1.3165000000000004,44.624500000002875],[-1.3137181818160901,44.62496363636686],[-1.3136,44.62519999999904],[-1.3123000000230085,44.62519999999904],[-1.3102,44.625550000002875],[-1.3102,44.63879999999904],[-1.3034000000000001,44.63879999999904],[-1.3034000000000001,44.642199999999036],[-1.3,44.642199999999036],[-1.3,44.63879999999904],[-1.2932000000000001,44.63879999999904],[-1.2932000000000001,44.63539999999904],[-1.2898,44.63539999999904],[-1.2898,44.63199999999904],[-1.2715000000229992,44.63199999999904],[-1.2595,44.63400000000287],[-1.2595,44.653000000002876],[-1.25,44.653000000002876],[-1.25,44.71000000000287],[-1.2405,44.71000000000287],[-1.2405,44.72900000000287],[-1.2309999999999999,44.72900000000287],[-1.2214999999999998,44.748000000002875],[-1.2119999999999997,44.748000000002875],[-1.2119999999999997,44.75750000000287],[-1.2024999999999997,44.75750000000287],[-1.2024999999999997,44.748000000002875],[-1.1740000000000004,44.748000000002875],[-1.1740000000000004,44.75750000000287],[-1.164149999998083,44.75750000000287],[-1.1640000000000001,44.75779999999904],[-1.1504,44.75779999999904],[-1.1504,44.75099999999904],[-1.1436000000000002,44.75099999999904]]],[[[-1.0178,44.66599999999904],[-1.0178,44.65579999999903],[-1.028,44.65579999999903],[-1.028,44.66939999999904],[-1.0246000000000002,44.66939999999904],[-1.0246000000000002,44.66599999999904],[-1.0178,44.66599999999904]]],[[[0.8114999999999997,51.749500000002875],[0.8114999999999997,51.768500000002874],[0.8304999999999998,51.75900000000287],[0.8399999999999999,51.74000000000287],[0.8494999999999999,51.74000000000287],[0.8494999999999999,51.721000000002874],[0.8209999999999997,51.721000000002874],[0.8209999999999997,51.749500000002875],[0.8114999999999997,51.749500000002875]]],[[[1.1440000000000001,51.920500000002875],[1.1440000000000001,51.91100000000287],[1.1345,51.91100000000287],[1.1345,51.949000000002876],[1.1535000000000002,51.949000000002876],[1.1535000000000002,51.920500000002875],[1.1440000000000001,51.920500000002875]]],[[[8.57,53.85679999999534],[8.57,53.86250000000046],[8.564,53.86250000000046],[8.564,53.861599999995335],[8.5604,53.861599999995335],[8.5604,53.86039999999534],[8.558,53.86039999999534],[8.558,53.85919999999534],[8.5544,53.85919999999534],[8.5544,53.857999999995336],[8.55,53.857999999995336],[8.55,53.812500000000455],[8.541666666666591,53.812500000000455],[8.5375,53.78750000000091],[8.5375,53.77500000000046],[8.525,53.76875000000046],[8.525,53.76250000000091],[8.512500000000909,53.76250000000091],[8.5125,53.76250000000046],[8.5,53.71250000000046],[8.4875,53.71250000000046],[8.4875,53.650000000000915],[8.5,53.650000000000915],[8.5,53.65000000000046],[8.5,53.62500000000091],[8.525,53.612500000000914],[8.525,53.61250000000046],[8.525,53.60000000000091],[8.5375,53.60000000000091],[8.5375,53.600000000000456],[8.5375,53.57500000000091],[8.55,53.57500000000091],[8.55,53.57500000000046],[8.55,53.56250000000091],[8.575,53.56250000000091],[8.575,53.562500000000455],[8.575,53.51250000000091],[8.575,53.51250000000046],[8.525,53.500000000000455],[8.525,53.487500000000914],[8.525,53.48750000000046],[8.5125,53.48750000000046],[8.5125,53.462500000000915],[8.5125,53.46250000000046],[8.5,53.46250000000046],[8.5,53.40000000000046],[8.5125,53.40000000000046],[8.5125,53.38750000000091],[8.5125,53.26250000000091],[8.5125,53.250000000000455],[8.5,53.250000000000455],[8.5,53.26250000000091],[8.5,53.350000000000456],[8.4875,53.350000000000456],[8.4875,53.362500000000914],[8.4875,53.500000000000455],[8.4875,53.50000000000091],[8.5125,53.51250000000091],[8.5125,53.55000000000046],[8.4625,53.55000000000046],[8.4625,53.562500000000455],[8.3875,53.562500000000455],[8.375,53.58750000000046],[8.35,53.600000000000456],[8.35,53.60000000000091],[8.35,53.61250000000046],[8.25,53.61250000000046],[8.25,53.587500000000915],[8.25,53.58750000000046],[8.2375,53.58750000000046],[8.2375,53.525000000000915],[8.3,53.525000000000915],[8.3,53.52500000000046],[8.3,53.462500000000915],[8.3,53.437500000000455],[8.278571428571299,53.426785714286105],[8.275,53.41250000000091],[8.275,53.412500000000456],[8.25,53.412500000000456],[8.25,53.40000000000046],[8.2125,53.40000000000046],[8.206249999999773,53.41250000000091],[8.2,53.41250000000091],[8.193750000000225,53.42500000000046],[8.1875,53.42500000000046],[8.1875,53.437500000000455],[8.15,53.437500000000455],[8.1375,53.46250000000046],[8.075,53.46250000000046],[8.075,53.462500000000915],[8.075,53.475000000000456],[8.0625,53.475000000000456],[8.075,53.500000000000455],[8.075,53.50000000000091],[8.1125,53.50000000000091],[8.1125,53.51250000000046],[8.1125,53.51250000000091],[8.1375,53.51250000000091],[8.1375,53.52500000000046],[8.1375,53.525000000000915],[8.15,53.525000000000915],[8.15,53.562500000000455],[8.1375,53.562500000000455],[8.1375,53.56250000000091],[8.1375,53.58750000000046],[8.1125,53.58750000000046],[8.1125,53.60000000000091],[8.1125,53.625000000000455],[8.1,53.625000000000455],[8.1,53.62500000000091],[8.1,53.63750000000046],[8.0625,53.63750000000046],[8.0625,53.63750000000091],[8.0625,53.65000000000046],[8.0375,53.65000000000046],[8.0375,53.650000000000915],[8.0375,53.662500000000456],[8.025,53.662500000000456],[8.025,53.66250000000091],[8.025,53.71250000000046],[7.7625,53.71250000000046],[7.7625,53.70000000000046],[7.75,53.70000000000046],[7.75,53.70000000000091],[7.625,53.70000000000091],[7.625,53.68750000000091],[7.575,53.68750000000091],[7.575,53.675000000000914],[7.5,53.675000000000914],[7.5,53.68750000000091],[7.2875,53.68750000000091],[7.2875,53.675000000000914],[7.225,53.675000000000914],[7.225,53.66250000000091],[7.1875,53.66250000000091],[7.1875,53.650000000000915],[7.1625,53.650000000000915],[7.1625,53.63750000000091],[7.15,53.63750000000091],[7.15,53.612500000000914],[7.1125,53.612500000000914],[7.1125,53.60000000000091],[7.1,53.60000000000091],[7.1,53.56250000000091],[7.125,53.550000000000914],[7.125,53.525000000000915],[7.075,53.525000000000915],[7.075,53.53750000000091],[7.0375,53.53750000000091],[7.0375,53.525000000000915],[7.025,53.525000000000915],[7.025,53.50000000000091],[7.0125,53.50000000000091],[7.0125,53.41250000000091],[7.0,53.41250000000091],[7.0,53.37500000000091],[7.025,53.362500000000914],[7.025,53.337500000000915],[7.2625,53.337500000000915],[7.25,53.31250000000091],[7.2375,53.31250000000091],[7.2375,53.275000000000915],[7.2125,53.26250000000091],[7.2125,53.237500000000914],[7.175,53.237500000000914],[7.1625,53.26250000000091],[7.1,53.26250000000091],[7.1,53.275000000000915],[7.0875,53.275000000000915],[7.0875,53.300000000000914],[7.0125,53.300000000000914],[7.0125,53.31250000000091],[6.95,53.31250000000091],[6.95,53.32500000000091],[6.925,53.32500000000091],[6.925,53.337500000000915],[6.9,53.35000000000091],[6.8875,53.425000000000914],[6.875,53.425000000000914],[6.875,53.43750000000091],[6.825,53.43750000000091],[6.825,53.45000000000091],[6.8,53.45000000000091],[6.8,53.462500000000915],[6.6375,53.462500000000915],[6.6375,53.45000000000091],[6.6,53.45000000000091],[6.6,53.43750000000091],[6.3875,53.43750000000091],[6.375,53.41250000000091],[6.35,53.41250000000091],[6.35,53.425000000000914],[6.3,53.425000000000914],[6.2875,53.400000000000915],[6.1625,53.400000000000915],[6.1625,53.45000000000091],[6.25,53.45000000000091],[6.25,53.462500000000915],[6.2625,53.462500000000915],[6.2625,53.50000000000091],[6.1625,53.50000000000091],[6.1625,56.45000000000091],[6.6875,56.45000000000091],[6.6875,56.400000000000915],[6.7125,56.400000000000915],[6.7125,56.37500000000091],[6.775,56.37500000000091],[6.775,56.362500000000914],[6.8625,56.362500000000914],[6.8625,56.300000000000914],[6.8875,56.28750000000091],[6.8875,56.25000000000091],[6.875,56.25000000000091],[6.875,56.20000000000091],[6.925,56.20000000000091],[6.9375,56.175000000000914],[6.975,56.175000000000914],[6.975,56.18750000000091],[7.0,56.18750000000091],[7.0,56.20000000000091],[7.025,56.20000000000091],[7.0375,56.175000000000914],[7.0875,56.16250000000091],[7.0875,56.150000000000915],[7.0375,56.150000000000915],[7.0375,56.10000000000091],[7.0625,56.10000000000091],[7.0625,56.087500000000915],[7.125,56.087500000000915],[7.125,56.10000000000091],[7.2375,56.10000000000091],[7.2375,56.112500000000914],[7.2625,56.112500000000914],[7.2625,56.10000000000091],[7.3375,56.10000000000091],[7.3375,56.112500000000914],[7.4,56.112500000000914],[7.4,56.12500000000091],[7.45,56.12500000000091],[7.45,56.16250000000091],[7.4,56.16250000000091],[7.4,56.175000000000914],[7.3,56.175000000000914],[7.3,56.20000000000091],[7.325,56.20000000000091],[7.325,56.212500000000915],[7.375,56.212500000000915],[7.375,56.22500000000091],[7.4125,56.22500000000091],[7.4125,56.237500000000914],[7.45,56.237500000000914],[7.45,56.26250000000091],[7.4625,56.26250000000091],[7.4625,56.32500000000091],[7.425,56.32500000000091],[7.425,56.35000000000091],[7.4,56.362500000000914],[7.4,56.38750000000091],[7.3625,56.38750000000091],[7.3625,56.425000000000914],[7.3375,56.43750000000091],[7.3375,56.45000000000091],[8.1125,56.45000000000091],[8.1125,56.41250000000091],[8.125,56.41250000000091],[8.125,56.400000000000915],[8.1125,56.400000000000915],[8.1125,56.10000000000091],[8.1,56.10000000000091],[8.1,56.01250000000091],[8.2125,56.01250000000091],[8.2125,56.00000000000091],[8.2,56.00000000000091],[8.2,55.987500000000914],[8.125,55.987500000000914],[8.125,55.925000000000914],[8.1375,55.925000000000914],[8.1375,55.900000000000915],[8.15,55.900000000000915],[8.15,55.837500000000915],[8.1625,55.837500000000915],[8.1625,55.75000000000091],[8.15,55.75000000000091],[8.15,55.70000000000091],[8.1375,55.70000000000091],[8.125,55.650000000000915],[8.1125,55.650000000000915],[8.1125,55.612500000000914],[8.1,55.612500000000914],[8.1,55.587500000000915],[8.0875,55.587500000000915],[8.0875,55.550000000000914],[8.1375,55.550000000000914],[8.15,55.525000000000915],[8.2125,55.525000000000915],[8.225,55.50000000000091],[8.275,55.50000000000091],[8.2625,55.57500000000091],[8.2875,55.57500000000091],[8.2875,55.587500000000915],[8.3,55.587500000000915],[8.3,55.550000000000914],[8.3375,55.550000000000914],[8.3375,55.53750000000091],[8.3625,55.525000000000915],[8.3625,55.51250000000091],[8.375,55.51250000000091],[8.375,55.50000000000091],[8.4125,55.50000000000091],[8.425,55.47500000000091],[8.4625,55.47500000000091],[8.4625,55.462500000000915],[8.4875,55.462500000000915],[8.4875,55.45000000000091],[8.55,55.45000000000091],[8.55,55.43750000000091],[8.575,55.43750000000091],[8.575,55.425000000000914],[8.6125,55.425000000000914],[8.6125,55.37500000000091],[8.625,55.37500000000091],[8.625,55.35000000000091],[8.65,55.337500000000915],[8.65,55.31250000000091],[8.6375,55.31250000000091],[8.6375,55.26250000000091],[8.65,55.26250000000091],[8.65,55.18750000000091],[8.625,55.18750000000091],[8.625,55.150000000000915],[8.6625,55.150000000000915],[8.6625,55.13750000000091],[8.65,55.13750000000091],[8.65,55.112500000000914],[8.6375,55.112500000000914],[8.6375,55.03750000000091],[8.625,55.03750000000091],[8.6375,54.962500000000915],[8.625,54.962500000000915],[8.6125,54.91250000000091],[8.5,54.91250000000091],[8.5,54.87500000000091],[8.6,54.87500000000091],[8.6,54.82500000000091],[8.625,54.82500000000091],[8.625,54.81250000000091],[8.65,54.800000000000914],[8.6625,54.775000000000915],[8.675,54.775000000000915],[8.675,54.75000000000091],[8.7,54.75000000000091],[8.7,54.70000000000091],[8.75,54.70000000000091],[8.75,54.675000000000914],[8.7625,54.675000000000914],[8.775,54.650000000000915],[8.825,54.650000000000915],[8.8375,54.60000000000091],[8.875,54.60000000000091],[8.875,54.587500000000915],[8.8625,54.587500000000915],[8.8625,54.525000000000915],[8.8375,54.525000000000915],[8.8375,54.51250000000091],[8.825,54.51250000000091],[8.825,54.47500000000091],[8.8375,54.47500000000091],[8.8375,54.462500000000915],[8.9,54.462500000000915],[8.9,54.47500000000091],[8.9375,54.47500000000091],[8.9375,54.487500000000914],[8.9625,54.487500000000914],[8.975,54.51250000000091],[9.0,54.50000000000091],[9.0,54.47500000000091],[8.9875,54.47500000000091],[8.9875,54.462500000000915],[8.95,54.462500000000915],[8.95,54.43750000000091],[8.9125,54.43750000000091],[8.9,54.41250000000091],[8.7375,54.41250000000091],[8.7375,54.400000000000915],[8.6625,54.400000000000915],[8.6625,54.35000000000091],[8.6,54.35000000000091],[8.6,54.300000000000914],[8.6125,54.300000000000914],[8.625,54.275000000000915],[8.7,54.275000000000915],[8.7,54.28750000000091],[8.725,54.28750000000091],[8.725,54.300000000000914],[8.75,54.300000000000914],[8.75,54.28750000000091],[8.775,54.28750000000091],[8.775,54.275000000000915],[8.825,54.275000000000915],[8.825,54.250000000000455],[8.8375,54.250000000000455],[8.8375,54.23750000000046],[8.825,54.23750000000046],[8.825,54.212500000000915],[8.825,54.20000000000046],[8.8,54.20000000000046],[8.8,54.162500000000456],[8.825,54.162500000000456],[8.825,54.150000000000915],[8.8375,54.150000000000915],[8.843750000000227,54.13750000000046],[8.85,54.13750000000046],[8.85,54.12500000000091],[8.9125,54.12500000000091],[8.925,54.10000000000091],[8.95,54.10000000000091],[8.9625,54.07500000000091],[8.975,54.07500000000091],[8.975,54.07500000000046],[8.975,54.050000000000914],[8.975,54.05000000000046],[8.9625,54.05000000000046],[8.9625,54.037500000000456],[8.9375,54.037500000000456],[8.9375,54.05000000000046],[8.85,54.05000000000046],[8.85,54.00000000000091],[8.875,53.987500000000914],[8.875,53.98750000000046],[8.875,53.96250000000046],[8.8875,53.96250000000046],[8.8875,53.95000000000091],[8.89030000000162,53.94439999999767],[8.8904,53.94439999999767],[8.8904,53.94420000000091],[8.892254545456316,53.94049090908828],[8.8976,53.93959999999767],[8.898649999998606,53.937500000000455],[8.9,53.937500000000455],[8.9,53.93719999999767],[8.9012,53.93719999999767],[8.9012,53.93599999999767],[8.9024,53.93599999999767],[8.9024,53.93359999999767],[8.9036,53.93359999999767],[8.9036,53.93239999999767],[8.9108,53.931199999997666],[8.911999999999999,53.928799999997665],[8.9132,53.928799999997665],[8.9132,53.92759999999767],[8.918,53.92639999999767],[8.918,53.925000000000914],[8.925,53.925000000000914],[8.925,53.92500000000046],[8.925,53.919199999997666],[8.9264,53.919199999997666],[8.9276,53.916799999997664],[8.9288,53.916799999997664],[8.9288,53.91559999999767],[8.9312,53.91559999999767],[8.9312,53.91439999999767],[8.9348,53.91439999999767],[8.935749999998379,53.91250000000091],[8.95,53.91250000000091],[8.95,53.912500000000456],[8.95,53.90359999999767],[8.9528,53.90359999999767],[8.954,53.901199999997665],[8.9564,53.901199999997665],[8.956999999998375,53.900000000000915],[9.25,53.900000000000915],[9.2625,53.87500000000091],[9.3,53.87500000000091],[9.3,53.862500000000914],[9.3375,53.862500000000914],[9.3375,53.85000000000091],[9.3875,53.837500000000915],[9.3875,53.82500000000091],[9.4,53.82500000000091],[9.4,53.800000000000914],[9.4125,53.800000000000914],[9.4125,53.775000000000915],[9.425,53.775000000000915],[9.425,53.75000000000091],[9.4625,53.75000000000091],[9.475,53.72500000000091],[9.5,53.72500000000091],[9.5,53.675000000000914],[9.4875,53.675000000000914],[9.4875,53.68750000000091],[9.4625,53.68750000000091],[9.45,53.712500000000915],[9.4125,53.712500000000915],[9.4,53.737500000000914],[9.3875,53.737500000000914],[9.3875,53.76250000000091],[9.3625,53.76250000000091],[9.3625,53.78750000000091],[9.35,53.78750000000091],[9.3375,53.81250000000091],[9.325,53.81250000000091],[9.3125,53.837500000000915],[9.2625,53.85000000000091],[9.2625,53.862500000000914],[9.250399999999999,53.862500000000914],[9.250399999999999,53.85919999999767],[9.2372,53.85919999999767],[9.2372,53.86039999999767],[9.2324,53.86039999999767],[9.2324,53.861599999997665],[9.2144,53.861599999997665],[9.2144,53.862500000000914],[9.1892,53.862500000000914],[9.1892,53.861599999997665],[9.17,53.861599999997665],[9.17,53.862500000000914],[9.1148,53.862500000000914],[9.1148,53.861599999997665],[9.0884,53.861599999997665],[9.0884,53.86039999999767],[9.0848,53.86039999999767],[9.0848,53.85919999999767],[9.0788,53.85919999999767],[9.0788,53.857999999997666],[9.0764,53.857999999997666],[9.0764,53.85679999999767],[9.0716,53.85679999999767],[9.0716,53.855599999997665],[9.068,53.855599999997665],[9.068,53.85439999999767],[9.062,53.85439999999767],[9.062,53.85319999999767],[9.0524,53.851999999997666],[9.0524,53.85079999999767],[9.0488,53.85079999999767],[9.0488,53.849599999997665],[9.0452,53.849599999997665],[9.0452,53.84839999999767],[9.042949999998376,53.84839999999767],[9.0375,53.837500000000915],[9.0104,53.837500000000915],[9.0104,53.83639999999767],[9.0068,53.83639999999767],[9.0068,53.837500000000915],[9.0,53.837500000000915],[9.0,53.83750000000046],[8.9576,53.83750000000046],[8.9576,53.83639999999767],[8.954,53.83639999999767],[8.954,53.83519999999767],[8.9432,53.83519999999767],[8.9432,53.833999999997665],[8.9396,53.833999999997665],[8.9384,53.83159999999767],[8.9348,53.83159999999767],[8.9348,53.83039999999767],[8.9264,53.83039999999767],[8.9264,53.82919999999767],[8.925,53.82919999999767],[8.925,53.82500000000091],[8.925,53.82500000000046],[8.9,53.82500000000046],[8.9,53.82500000000091],[8.9,53.82919999999767],[8.894,53.82919999999767],[8.894,53.827999999997665],[8.8832,53.827999999997665],[8.8832,53.82919999999767],[8.8568,53.82919999999767],[8.8568,53.83039999999767],[8.8448,53.83039999999767],[8.8448,53.83159999999767],[8.828,53.83159999999767],[8.828,53.83039999999767],[8.8148,53.83039999999767],[8.8148,53.83159999999767],[8.7944,53.83159999999767],[8.7944,53.83279999999767],[8.7908,53.83279999999767],[8.7908,53.833999999997665],[8.7788,53.83519999999767],[8.7788,53.83639999999767],[8.7764,53.83639999999767],[8.7764,53.83750000000046],[8.75,53.83750000000046],[8.743350000002561,53.85079999999534],[8.7416,53.85079999999534],[8.7416,53.85079999999767],[8.7416,53.851999999995336],[8.7392,53.851999999995336],[8.738,53.85439999999534],[8.7332,53.85439999999534],[8.7332,53.85439999999767],[8.7332,53.85559999999534],[8.7308,53.85559999999534],[8.730199999998835,53.85679999999767],[8.7296,53.85679999999767],[8.7296,53.857999999995336],[8.7272,53.857999999995336],[8.7272,53.857999999997666],[8.7272,53.85919999999534],[8.725999999999999,53.85919999999534],[8.7248,53.861599999995335],[8.7236,53.861599999995335],[8.7236,53.861599999997665],[8.7236,53.86250000000046],[8.7125,53.86250000000046],[8.7125,53.862500000000914],[8.7125,53.869999999995336],[8.7068,53.869999999995336],[8.7068,53.87299999999767],[8.705600000004662,53.873599999995335],[8.7056,53.873599999995335],[8.70489999999744,53.875000000000455],[8.7,53.875000000000455],[8.7,53.87500000000091],[8.7,53.87599999999534],[8.6936,53.87599999999534],[8.6936,53.87599999999767],[8.6936,53.87719999999534],[8.693599999990706,53.877199999997664],[8.6912,53.877199999997664],[8.6912,53.87779999999534],[8.6888,53.87839999999534],[8.6888,53.87839999999767],[8.6888,53.879599999995335],[8.6876,53.879599999995335],[8.6876,53.879599999997666],[8.6876,53.88199999999534],[8.686399999999999,53.88199999999534],[8.686399999999999,53.88199999999767],[8.686399999999999,53.88439999999534],[8.6852,53.88439999999534],[8.6852,53.88439999999767],[8.6852,53.88750000000046],[8.6468,53.88750000000046],[8.6468,53.88679999999534],[8.6384,53.88679999999534],[8.6384,53.885599999995335],[8.6348,53.885599999995335],[8.6348,53.88439999999534],[8.629999999999999,53.88439999999534],[8.629999999999999,53.88319999999534],[8.6264,53.88319999999534],[8.6264,53.88199999999534],[8.6216,53.88199999999534],[8.6216,53.88079999999534],[8.6168,53.88079999999534],[8.6168,53.879599999995335],[8.613199999999999,53.879599999995335],[8.613199999999999,53.87839999999534],[8.6108,53.87839999999534],[8.6108,53.87719999999534],[8.6072,53.87719999999534],[8.6072,53.87599999999534],[8.6036,53.87599999999534],[8.6036,53.87839999999534],[8.5988,53.87839999999534],[8.5976,53.87599999999534],[8.5928,53.87599999999534],[8.5928,53.87239999999534],[8.594,53.87239999999534],[8.594,53.87119999999534],[8.6,53.87119999999534],[8.6,53.869999999995336],[8.5976,53.869999999995336],[8.5976,53.86879999999534],[8.594,53.86879999999534],[8.594,53.867599999995335],[8.5916,53.867599999995335],[8.5904,53.86519999999534],[8.5868,53.86519999999534],[8.5868,53.863999999995336],[8.5856,53.863999999995336],[8.5856,53.857999999995336],[8.5844,53.857999999995336],[8.5844,53.85679999999534],[8.5832,53.85679999999534],[8.5832,53.86519999999534],[8.57634999999744,53.86519999999534],[8.576,53.86450000000046],[8.576,53.85919999999534],[8.5724,53.85919999999534],[8.5712,53.85679999999534],[8.57,53.85679999999534]],[[6.65,56.237500000000914],[6.65,56.18750000000091],[6.7625,56.18750000000091],[6.7625,56.22500000000091],[6.725,56.22500000000091],[6.725,56.237500000000914],[6.65,56.237500000000914]],[[8.3875,55.400000000000915],[8.3875,55.37500000000091],[8.4125,55.37500000000091],[8.425,55.35000000000091],[8.475,55.35000000000091],[8.475,55.43750000000091],[8.4125,55.43750000000091],[8.4,55.462500000000915],[8.3625,55.462500000000915],[8.3625,55.45000000000091],[8.35,55.45000000000091],[8.35,55.41250000000091],[8.3625,55.41250000000091],[8.3625,55.400000000000915],[8.3875,55.400000000000915]],[[8.4875,55.087500000000915],[8.4875,55.07500000000091],[8.5625,55.07500000000091],[8.5625,55.12500000000091],[8.5875,55.13750000000091],[8.5875,55.18750000000091],[8.575,55.18750000000091],[8.575,55.20000000000091],[8.4875,55.20000000000091],[8.4875,55.18750000000091],[8.4625,55.175000000000914],[8.4625,55.12500000000091],[8.475,55.12500000000091],[8.475,55.087500000000915],[8.4875,55.087500000000915]],[[8.4,55.06250000000091],[8.4,55.050000000000914],[8.3875,55.050000000000914],[8.3875,55.01250000000091],[8.4375,55.01250000000091],[8.4375,55.06250000000091],[8.4,55.06250000000091]],[[8.275,54.862500000000914],[8.275,54.82500000000091],[8.3125,54.82500000000091],[8.3125,54.837500000000915],[8.3375,54.85000000000091],[8.3375,54.87500000000091],[8.3625,54.862500000000914],[8.3625,54.85000000000091],[8.4625,54.85000000000091],[8.4625,54.862500000000914],[8.4875,54.862500000000914],[8.4875,54.900000000000915],[8.3875,54.91250000000091],[8.3875,54.925000000000914],[8.375,54.925000000000914],[8.375,54.987500000000914],[8.3375,54.987500000000914],[8.325,54.93750000000091],[8.3,54.93750000000091],[8.3,54.925000000000914],[8.2875,54.925000000000914],[8.2875,54.862500000000914],[8.275,54.862500000000914]],[[8.45,54.70000000000091],[8.45,54.68750000000091],[8.575,54.68750000000091],[8.575,54.70000000000091],[8.5875,54.70000000000091],[8.5875,54.75000000000091],[8.575,54.75000000000091],[8.575,54.76250000000091],[8.4875,54.76250000000091],[8.4875,54.75000000000091],[8.4125,54.75000000000091],[8.4125,54.737500000000914],[8.4,54.737500000000914],[8.4,54.70000000000091],[8.45,54.70000000000091]],[[8.3625,54.66250000000091],[8.3625,54.68750000000091],[8.3,54.68750000000091],[8.3,54.650000000000915],[8.325,54.650000000000915],[8.3375,54.62500000000091],[8.375,54.62500000000091],[8.375,54.66250000000091],[8.3625,54.66250000000091]],[[8.6875,54.50000000000091],[8.7,54.525000000000915],[8.7125,54.525000000000915],[8.7125,54.56250000000091],[8.675,54.56250000000091],[8.675,54.550000000000914],[8.6375,54.550000000000914],[8.6375,54.53750000000091],[8.6,54.53750000000091],[8.6,54.50000000000091],[8.6875,54.50000000000091]],[[8.5125,54.425000000000914],[8.5125,54.462500000000915],[8.4625,54.462500000000915],[8.4625,54.425000000000914],[8.5125,54.425000000000914]],[[6.7625,53.57500000000091],[6.7625,53.612500000000914],[6.675,53.612500000000914],[6.675,53.57500000000091],[6.7625,53.57500000000091]]]]}},{"type":"Feature","properties":{"threshold_kt":1.5,"kind":"mask","atlas":"FINIS, MANW, MANE, SUDBZH, AQUI, MANGA, BSH_DB, BSH_IDB, BSH_AUSALT, BSH_CUXBRU","resolution_m":90,"method":"max speed over 15 days hourly, all constituents","area_deg2":14.07},"geometry":{"type":"MultiPolygon","coordinates":[[[[-3.0892,47.271599999999516],[-3.0994,47.271599999999516],[-3.0994,47.28179999999952],[-3.096,47.28179999999952],[-3.096,47.278399999999515],[-3.0892,47.278399999999515],[-3.0892,47.271599999999516]]],[[[-5.734,47.31300000000287],[-5.7055,47.31300000000287],[-5.7055,47.28450000000287],[-5.734,47.28450000000287],[-5.734,47.31300000000287]]],[[[-3.0552,47.29879999999952],[-3.0552,47.31579999999952],[-3.0518,47.31579999999952],[-3.0518,47.31919999999952],[-3.0416,47.31919999999952],[-3.0382,47.305599999999515],[-3.0348,47.305599999999515],[-3.0348,47.302199999999516],[-3.0416,47.29879999999952],[-3.0416,47.29539999999952],[-3.0518,47.29539999999952],[-3.0518,47.29879999999952],[-3.0552,47.29879999999952]]],[[[-4.2044,47.424599999999515],[-4.1975999999999996,47.421199999999516],[-4.1942,47.41439999999952],[-4.1908,47.41439999999952],[-4.1942,47.38039999999952],[-4.1908,47.38039999999952],[-4.1908,47.37699999999952],[-4.167,47.37699999999952],[-4.167,47.37359999999952],[-4.1636,47.37359999999952],[-4.1636,47.366799999999515],[-4.1568000000000005,47.366799999999515],[-4.1568000000000005,47.359999999999516],[-4.15,47.35659999999952],[-4.15,47.29539999999952],[-4.1534,47.29539999999952],[-4.1534,47.28179999999952],[-4.1568000000000005,47.28179999999952],[-4.1568000000000005,47.274999999999515],[-4.1602,47.274999999999515],[-4.1602,47.26819999999952],[-4.1636,47.26819999999952],[-4.1636,47.26139999999952],[-4.167,47.26139999999952],[-4.167,47.25459999999952],[-4.1738,47.25119999999952],[-4.1772,47.23759999999952],[-4.1806,47.23759999999952],[-4.184,47.23079999999952],[-4.1874,47.23079999999952],[-4.1908,47.217199999999515],[-4.1942,47.217199999999515],[-4.1975999999999996,47.21039999999952],[-4.2010000000000005,47.21039999999952],[-4.2010000000000005,47.20359999999952],[-4.2078,47.20019999999952],[-4.2078,47.19679999999952],[-4.2112,47.19679999999952],[-4.2112,47.189999999999515],[-4.2146,47.189999999999515],[-4.218,47.183199999999516],[-4.2214,47.183199999999516],[-4.2248,47.17639999999952],[-4.2282,47.17639999999952],[-4.2282,47.29199999999952],[-4.2248,47.29199999999952],[-4.2248,47.29879999999952],[-4.218,47.29879999999952],[-4.218,47.302199999999516],[-4.2146,47.302199999999516],[-4.2146,47.31239999999952],[-4.2112,47.31239999999952],[-4.2112,47.336199999999515],[-4.2146,47.336199999999515],[-4.2146,47.34639999999952],[-4.218,47.34639999999952],[-4.218,47.35319999999952],[-4.2214,47.35319999999952],[-4.2214,47.363399999999515],[-4.2248,47.363399999999515],[-4.2248,47.38379999999952],[-4.2282,47.38379999999952],[-4.2282,47.451799999999515],[-4.2214,47.451799999999515],[-4.218,47.44499999999952],[-4.2146,47.44499999999952],[-4.2146,47.43819999999952],[-4.2078,47.43479999999952],[-4.2078,47.42799999999952],[-4.2044,47.42799999999952],[-4.2044,47.424599999999515]]],[[[-2.8172,47.31919999999952],[-2.8172,47.31579999999952],[-2.8308,47.31579999999952],[-2.8308,47.32259999999952],[-2.8240000000000003,47.32259999999952],[-2.8240000000000003,47.32599999999952],[-2.8138,47.32599999999952],[-2.8138,47.31919999999952],[-2.8172,47.31919999999952]]],[[[-2.8342,47.332799999999516],[-2.8342,47.32599999999952],[-2.8376,47.32599999999952],[-2.8376,47.32939999999952],[-2.8512,47.32939999999952],[-2.8512,47.33959999999952],[-2.8444000000000003,47.33959999999952],[-2.8444000000000003,47.332799999999516],[-2.8342,47.332799999999516]]],[[[-4.2252,47.33999999999928],[-4.3102,47.33999999999928],[-4.3102,47.34339999999928],[-4.3204,47.34339999999928],[-4.3204,47.34679999999928],[-4.317,47.34679999999928],[-4.317,47.350199999999276],[-4.3102,47.350199999999276],[-4.3102,47.353599999999275],[-4.2966,47.353599999999275],[-4.2966,47.350199999999276],[-4.2898,47.350199999999276],[-4.2898,47.34679999999928],[-4.2218,47.34679999999928],[-4.2218,47.34339999999928],[-4.2252,47.34339999999928],[-4.2252,47.33999999999928]]],[[[-2.94080000002012,47.341500000002874],[-2.9410000000000003,47.341500000002874],[-2.9410000000000003,47.341533333332855],[-2.9498,47.34299999999952],[-2.9498,47.34639999999952],[-2.9566,47.34639999999952],[-2.9566,47.34979999999952],[-2.96,47.34979999999952],[-2.96,47.35319999999952],[-2.9464,47.35319999999952],[-2.9464,47.37019999999952],[-2.943,47.37019999999952],[-2.943,47.37359999999952],[-2.9362,47.37359999999952],[-2.9328000000000003,47.38039999999952],[-2.926,47.38039999999952],[-2.926,47.37359999999952],[-2.9090000000000003,47.37359999999952],[-2.9090000000000003,47.366799999999515],[-2.9022,47.366799999999515],[-2.9022,47.359999999999516],[-2.903,47.359999999999516],[-2.903,47.35100000000287],[-2.9056,47.35100000000287],[-2.9056,47.34979999999952],[-2.8954,47.34979999999952],[-2.8954,47.33959999999952],[-2.9056,47.33959999999952],[-2.9056,47.34639999999952],[-2.9125,47.34639999999952],[-2.9125,47.341500000002874],[-2.9221999999932935,47.341500000002874],[-2.926,47.33959999999952],[-2.926,47.336199999999515],[-2.9294000000000002,47.336199999999515],[-2.9294000000000002,47.33959999999952],[-2.94080000002012,47.341500000002874]]],[[[-3.2762000000000002,47.390599999999516],[-3.2796000000000003,47.390599999999516],[-3.2796000000000003,47.39739999999952],[-3.2728,47.39739999999952],[-3.2728,47.40079999999952],[-3.2592,47.40079999999952],[-3.2592,47.40419999999952],[-3.249,47.40419999999952],[-3.249,47.40759999999952],[-3.2456,47.40759999999952],[-3.2456,47.40419999999952],[-3.232,47.40419999999952],[-3.232,47.39739999999952],[-3.2524,47.39739999999952],[-3.2524,47.390599999999516],[-3.2558,47.390599999999516],[-3.2558,47.38719999999952],[-3.2762000000000002,47.38719999999952],[-3.2762000000000002,47.390599999999516]]],[[[-3.0076,47.393999999999515],[-3.011,47.393999999999515],[-3.011,47.398500000002876],[-3.017,47.398500000002876],[-3.0232499999983213,47.41099999999952],[-3.0246000000000004,47.41099999999952],[-3.0246000000000004,47.413700000002876],[-3.0265,47.417500000002875],[-3.055,47.417500000002875],[-3.055,47.42700000000287],[-3.0835,47.42700000000287],[-3.0835,47.417500000002875],[-3.169,47.417500000002875],[-3.169,47.42700000000287],[-3.1595,47.42700000000287],[-3.1595,47.446000000002876],[-3.1405000000000003,47.45550000000287],[-3.1405000000000003,47.465000000002874],[-3.1310000000000002,47.465000000002874],[-3.1310000000000002,47.45550000000287],[-3.102649999998322,47.45550000000287],[-3.1025,47.45579999999951],[-3.1025,47.465000000002874],[-3.0835,47.465000000002874],[-3.0835,47.47450000000288],[-3.0740000000000003,47.47450000000288],[-3.0740000000000003,47.465000000002874],[-3.0586,47.465000000002874],[-3.0586,47.46539999999952],[-3.0484,47.46539999999952],[-3.0484,47.465000000002874],[-3.0455,47.465000000002874],[-3.0455,47.45859999999952],[-3.0314,47.45859999999952],[-3.0314,47.455199999999515],[-3.028,47.455199999999515],[-3.028,47.451799999999515],[-3.0314,47.451799999999515],[-3.0314,47.44159999999952],[-3.0212000000000003,47.44159999999952],[-3.0212000000000003,47.43819999999952],[-3.0246000000000004,47.43819999999952],[-3.0246000000000004,47.424150000002875],[-2.998,47.417500000002875],[-2.9947499999983216,47.41099999999952],[-2.9906,47.41099999999952],[-2.9906,47.41439999999952],[-2.9838,47.41439999999952],[-2.9838,47.40759999999952],[-2.9872,47.40759999999952],[-2.9872,47.40419999999952],[-2.9906,47.40419999999952],[-2.9906,47.40270000000287],[-2.9885,47.398500000002876],[-3.0008,47.398500000002876],[-3.0008,47.39739999999952],[-3.0076,47.39739999999952],[-3.0076,47.393999999999515]]],[[[-5.5274,47.591599999999275],[-5.5206,47.591599999999275],[-5.5206,47.58479999999928],[-5.5138,47.58479999999928],[-5.5138,47.57799999999928],[-5.5104,47.57799999999928],[-5.5104,47.57459999999928],[-5.5036000000000005,47.57119999999928],[-5.5036000000000005,47.564399999999274],[-5.5002,47.564399999999274],[-5.4968,47.557599999999276],[-5.4934,47.557599999999276],[-5.49,47.55079999999928],[-5.4866,47.55079999999928],[-5.4832,47.537199999999274],[-5.4798,47.537199999999274],[-5.4798,47.533799999999275],[-5.4764,47.533799999999275],[-5.4764,47.526999999999276],[-5.473,47.526999999999276],[-5.473,47.52019999999928],[-5.4696,47.52019999999928],[-5.4662,47.51339999999928],[-5.4628,47.51339999999928],[-5.4628,47.506599999999274],[-5.4594000000000005,47.506599999999274],[-5.4594000000000005,47.499799999999276],[-5.456,47.499799999999276],[-5.4526,47.49299999999928],[-5.4492,47.49299999999928],[-5.4492,47.48619999999928],[-5.4458,47.48619999999928],[-5.4424,47.47939999999928],[-5.439,47.47939999999928],[-5.439,47.475999999999274],[-5.4356,47.475999999999274],[-5.4322,47.469199999999276],[-5.4288,47.469199999999276],[-5.4254,47.45559999999928],[-5.4186,47.45219999999928],[-5.4186,47.445399999999275],[-5.4118,47.445399999999275],[-5.4084,47.438599999999276],[-5.4016,47.438599999999276],[-5.3982,47.43179999999928],[-5.388,47.43179999999928],[-5.3846,47.42499999999928],[-5.371,47.42159999999928],[-5.371,47.418199999999274],[-5.3608,47.418199999999274],[-5.3608,47.414799999999275],[-5.3506,47.414799999999275],[-5.3506,47.411399999999276],[-5.3166,47.411399999999276],[-5.3166,47.40799999999928],[-5.303,47.40459999999928],[-5.303,47.40119999999928],[-5.2996,47.40119999999928],[-5.2996,47.39439999999928],[-5.303,47.39439999999928],[-5.303,47.39099999999928],[-5.3098,47.39099999999928],[-5.3098,47.387599999999274],[-5.3268,47.387599999999274],[-5.3268,47.37399999999928],[-5.3336,47.37059999999928],[-5.3336,47.36719999999928],[-5.3608,47.36719999999928],[-5.3608,47.36379999999928],[-5.3812,47.36379999999928],[-5.3812,47.360399999999274],[-5.4118,47.360399999999274],[-5.4118,47.356999999999275],[-5.4186,47.353599999999275],[-5.4186,47.34339999999928],[-5.4458,47.34339999999928],[-5.4458,47.33999999999928],[-5.5512,47.33999999999928],[-5.5512,47.33659999999928],[-5.6226,47.33659999999928],[-5.6226,47.34339999999928],[-5.626,47.34339999999928],[-5.626,47.37399999999928],[-5.6226,47.37399999999928],[-5.6226,47.52019999999928],[-5.6192,47.52019999999928],[-5.6192,47.533799999999275],[-5.6158,47.533799999999275],[-5.6158,47.54739999999928],[-5.6124,47.54739999999928],[-5.6124,47.57799999999928],[-5.609,47.57799999999928],[-5.609,47.58479999999928],[-5.6056,47.58479999999928],[-5.6056,47.594999999999274],[-5.5988,47.59839999999928],[-5.5988,47.60519999999928],[-5.5886,47.60519999999928],[-5.5852,47.61199999999928],[-5.5512,47.61199999999928],[-5.5512,47.60859999999928],[-5.5478,47.60859999999928],[-5.5478,47.60519999999928],[-5.541,47.60519999999928],[-5.541,47.60179999999928],[-5.5376,47.60179999999928],[-5.5376,47.59839999999928],[-5.5308,47.59839999999928],[-5.5274,47.591599999999275]]],[[[-2.9192,47.57759999999952],[-2.9226,47.57759999999952],[-2.9226,47.58099999999952],[-2.9192,47.58099999999952],[-2.9192,47.58779999999952],[-2.9158,47.58779999999952],[-2.9158,47.58439999999952],[-2.8954,47.58779999999952],[-2.8954,47.58439999999952],[-2.892,47.58439999999952],[-2.8886000000000003,47.57759999999952],[-2.8852,47.57759999999952],[-2.8852,47.574199999999514],[-2.8716,47.574199999999514],[-2.8716,47.58099999999952],[-2.8648000000000002,47.58099999999952],[-2.8648000000000002,47.58439999999952],[-2.8614,47.58439999999952],[-2.8614,47.601399999999515],[-2.8546,47.60479999999952],[-2.8512,47.597999999999516],[-2.8546,47.597999999999516],[-2.8546,47.574199999999514],[-2.8614,47.574199999999514],[-2.8614,47.56399999999952],[-2.8512,47.56399999999952],[-2.8512,47.567399999999516],[-2.8444000000000003,47.567399999999516],[-2.8444000000000003,47.56000000000287],[-2.827,47.56000000000287],[-2.827,47.55050000000287],[-2.841,47.55050000000287],[-2.841,47.55039999999952],[-2.8444000000000003,47.55039999999952],[-2.8444000000000003,47.543599999999515],[-2.8478000000000003,47.543599999999515],[-2.8478000000000003,47.55039999999952],[-2.8614,47.55039999999952],[-2.8614,47.55050000000287],[-2.903,47.55050000000287],[-2.903,47.541000000002875],[-2.9192,47.541000000002875],[-2.9192,47.52999999999952],[-2.9328000000000003,47.52999999999952],[-2.9328000000000003,47.53339999999952],[-2.943,47.53339999999952],[-2.943,47.536799999999516],[-2.9464,47.536799999999516],[-2.9464,47.540199999999516],[-2.9396,47.540199999999516],[-2.9367666666661076,47.55153333333509],[-2.9410000000000003,47.56000000000287],[-2.9315,47.56000000000287],[-2.9315,47.569500000002876],[-2.9192,47.569500000002876],[-2.9192,47.57759999999952]],[[-2.8852,47.567399999999516],[-2.8852,47.56399999999952],[-2.8954,47.56399999999952],[-2.8954,47.56059999999952],[-2.9022,47.56059999999952],[-2.9022,47.56000000000287],[-2.8682000000000003,47.56000000000287],[-2.8682000000000003,47.56399999999952],[-2.875,47.56399999999952],[-2.875,47.567399999999516],[-2.8852,47.567399999999516]]],[[[-4.2248,47.744199999999516],[-4.2248,47.74079999999952],[-4.2282,47.74079999999952],[-4.2282,47.79519999999952],[-4.218,47.79519999999952],[-4.218,47.79179999999952],[-4.2146,47.79179999999952],[-4.2146,47.78159999999952],[-4.2214,47.778199999999515],[-4.2214,47.76799999999952],[-4.2146,47.76459999999952],[-4.2146,47.750999999999515],[-4.218,47.750999999999515],[-4.218,47.744199999999516],[-4.2248,47.744199999999516]]],[[[-4.9698,48.332799999999274],[-4.98,48.332799999999274],[-4.9766,48.33959999999928],[-4.9596,48.33959999999928],[-4.9596,48.33619999999928],[-4.9698,48.33619999999928],[-4.9698,48.332799999999274]]],[[[-4.5414,48.33900000000287],[-4.5414,48.33619999999928],[-4.5465,48.33619999999928],[-4.5465,48.32000000000287],[-4.594,48.32000000000287],[-4.594,48.32259999999928],[-4.606,48.32259999999928],[-4.606,48.31919999999928],[-4.6264,48.31919999999928],[-4.6264,48.32259999999928],[-4.623,48.32259999999928],[-4.6196,48.329399999999275],[-4.6162,48.329399999999275],[-4.6162,48.332799999999274],[-4.606,48.332799999999274],[-4.606,48.33959999999928],[-4.6035,48.33959999999928],[-4.6035,48.42450000000287],[-4.6129999999999995,48.42450000000287],[-4.6129999999999995,48.462500000002876],[-4.575,48.462500000002876],[-4.575,48.47200000000287],[-4.5655,48.47200000000287],[-4.5655,48.462500000002876],[-4.556,48.462500000002876],[-4.556,48.44350000000287],[-4.5465,48.44350000000287],[-4.5465,48.42450000000287],[-4.537,48.42450000000287],[-4.537,48.405500000002874],[-4.5275,48.405500000002874],[-4.5275,48.359999999999275],[-4.5108,48.359999999999275],[-4.5108,48.358000000002875],[-4.5085,48.358000000002875],[-4.5085,48.356599999999275],[-4.5006,48.356599999999275],[-4.5006,48.353199999999276],[-4.4938,48.353199999999276],[-4.4938,48.34299999999928],[-4.5085,48.34299999999928],[-4.5085,48.33900000000287],[-4.5414,48.33900000000287]]],[[[-3.6642,48.771399999999275],[-3.6676,48.771399999999275],[-3.6676,48.767999999999276],[-3.6710000000000003,48.767999999999276],[-3.6710000000000003,48.771399999999275],[-3.6812,48.771399999999275],[-3.6812,48.767999999999276],[-3.6948000000000003,48.767999999999276],[-3.6948000000000003,48.771399999999275],[-3.722,48.774799999999274],[-3.722,48.767999999999276],[-3.7257999999999982,48.767999999999276],[-3.7288,48.766499999999276],[-3.7288,48.76119999999928],[-3.7318,48.76119999999928],[-3.7318,48.75139999999928],[-3.7352,48.75139999999928],[-3.7352,48.737799999999275],[-3.7318,48.737799999999275],[-3.7284,48.73099999999928],[-3.7318,48.73099999999928],[-3.7318,48.72759999999928],[-3.7454,48.72759999999928],[-3.7454,48.713999999999274],[-3.7590000000000003,48.713999999999274],[-3.7590000000000003,48.71739999999928],[-3.7794,48.71739999999928],[-3.7794,48.71900000000287],[-3.8245,48.71900000000287],[-3.8245,48.72379999999928],[-3.8274,48.72379999999928],[-3.8274,48.72719999999928],[-3.8376,48.72719999999928],[-3.8376,48.728500000002875],[-3.9052,48.728500000002875],[-3.9052,48.72759999999928],[-3.9090000000000003,48.72759999999928],[-3.9090000000000003,48.72719999999928],[-3.919825000000899,48.72719999999928],[-3.9222,48.71770000000287],[-3.9222,48.71739999999928],[-3.9188,48.71739999999928],[-3.9188,48.713999999999274],[-3.9231250000009,48.713999999999274],[-3.9290000000000003,48.69050000000287],[-3.9385,48.69050000000287],[-3.9385,48.71638333333261],[-3.943,48.715633333332605],[-3.943,48.713599999999275],[-3.9498,48.713599999999275],[-3.9498,48.714499999999276],[-3.9528,48.713999999999274],[-3.9528,48.71739999999928],[-3.9562,48.71739999999928],[-3.9562,48.73099999999928],[-3.9596,48.73099999999928],[-3.9596,48.73399999999928],[-3.96,48.73399999999928],[-3.96,48.734399999999276],[-3.9698,48.734399999999276],[-3.9698,48.73099999999928],[-3.9702,48.73099999999928],[-3.9702,48.73059999999928],[-3.9936,48.73059999999928],[-3.9936,48.72759999999928],[-4.0038,48.72759999999928],[-4.0038,48.73059999999928],[-4.0212,48.73059999999928],[-4.0212,48.734399999999276],[-4.0242,48.734399999999276],[-4.0242,48.741199999999274],[-4.0174,48.741199999999274],[-4.0174,48.740799999999275],[-4.0144,48.740799999999275],[-4.0144,48.737799999999275],[-3.997,48.737799999999275],[-3.997,48.741199999999274],[-3.9936,48.741199999999274],[-3.9936,48.740799999999275],[-3.9872,48.740799999999275],[-3.9872,48.737799999999275],[-3.9834,48.737799999999275],[-3.9834,48.74750000000287],[-4.0382,48.74750000000287],[-4.0382,48.744199999999275],[-4.0525,48.744199999999275],[-4.0525,48.73800000000287],[-4.0688,48.735283333336206],[-4.0688,48.72719999999928],[-4.0854,48.72719999999928],[-4.0854,48.72079999999928],[-4.0922,48.72079999999928],[-4.0922,48.713999999999274],[-4.096,48.713999999999274],[-4.096,48.713599999999275],[-4.0994,48.713599999999275],[-4.0994,48.716999999999274],[-4.1126000000000005,48.716999999999274],[-4.1126000000000005,48.713999999999274],[-4.116,48.713999999999274],[-4.116,48.707199999999276],[-4.1198,48.707199999999276],[-4.1198,48.70679999999928],[-4.126399999999999,48.70679999999928],[-4.1296,48.70039999999928],[-4.133,48.70039999999928],[-4.133,48.703799999999276],[-4.1432,48.703799999999276],[-4.1432,48.707199999999276],[-4.157,48.707199999999276],[-4.157,48.70000000000287],[-4.1606000000000005,48.70000000000287],[-4.1606000000000005,48.69999999999928],[-4.164,48.69999999999928],[-4.164,48.70000000000287],[-4.1946,48.70000000000287],[-4.1946,48.69999999999928],[-4.198,48.69999999999928],[-4.198,48.68979999999928],[-4.2048000000000005,48.69319999999928],[-4.2048000000000005,48.69659999999928],[-4.2235,48.69659999999928],[-4.2235,48.69050000000287],[-4.228249999998205,48.69050000000287],[-4.2286,48.68979999999928],[-4.2388,48.68979999999928],[-4.2388,48.682999999999275],[-4.2425,48.68392499999928],[-4.2425,48.681000000002875],[-4.275499999998201,48.681000000002875],[-4.2762,48.679599999999276],[-4.2805,48.679599999999276],[-4.2805,48.67150000000287],[-4.29,48.67150000000287],[-4.29,48.681000000002875],[-4.382599999998201,48.681000000002875],[-4.385,48.67619999999928],[-4.3945,48.67619999999928],[-4.3945,48.67150000000287],[-4.436,48.67150000000287],[-4.436,48.66939999999928],[-4.442,48.66939999999928],[-4.442,48.66200000000288],[-4.4515,48.66200000000288],[-4.4515,48.66939999999928],[-4.46830000002876,48.66939999999928],[-4.487,48.66706250000288],[-4.487,48.659199999999274],[-4.4802,48.655799999999275],[-4.4768,48.64219999999928],[-4.4938,48.64219999999928],[-4.4972,48.63539999999928],[-4.521,48.63539999999928],[-4.521,48.63879999999928],[-4.5275,48.63879999999928],[-4.5275,48.62400000000287],[-4.537,48.62400000000287],[-4.546099999998203,48.64219999999928],[-4.5788,48.64219999999928],[-4.5788,48.63539999999928],[-4.588300000001796,48.63539999999928],[-4.594,48.62400000000287],[-4.6026,48.62400000000287],[-4.6026,48.621799999999276],[-4.6196,48.621799999999276],[-4.6196,48.618399999999276],[-4.625300000001799,48.618399999999276],[-4.6264,48.61620000000288],[-4.6264,48.60819999999928],[-4.6304000000017975,48.60819999999928],[-4.632,48.605000000002875],[-4.6468,48.605000000002875],[-4.6468,48.60139999999928],[-4.6502,48.60139999999928],[-4.6502,48.597999999999274],[-4.651,48.597999999999274],[-4.651,48.59550000000287],[-4.654849999998201,48.59550000000287],[-4.657,48.591199999999276],[-4.67,48.591199999999276],[-4.67,48.586000000002876],[-4.673199999998201,48.586000000002876],[-4.674,48.58439999999928],[-4.684200000000001,48.58439999999928],[-4.684200000000001,48.58779999999928],[-4.691,48.58779999999928],[-4.691,48.591199999999276],[-4.6944,48.591199999999276],[-4.6944,48.594599999999275],[-4.7046,48.594599999999275],[-4.7046,48.591199999999276],[-4.708,48.591199999999276],[-4.708,48.58099999999928],[-4.7012,48.58099999999928],[-4.7012,48.57759999999928],[-4.708,48.57419999999928],[-4.708,48.567399999999274],[-4.7114,48.567399999999274],[-4.7148,48.560599999999276],[-4.7454,48.560599999999276],[-4.7454,48.55719999999928],[-4.7488,48.55719999999928],[-4.7488,48.56700000000287],[-4.759,48.56700000000287],[-4.759,48.55039999999928],[-4.7522,48.55039999999928],[-4.7522,48.54699999999928],[-4.7556,48.54699999999928],[-4.7556,48.54359999999928],[-4.7658000000000005,48.54359999999928],[-4.7658000000000005,48.540199999999274],[-4.772600000000001,48.540199999999274],[-4.772600000000001,48.536799999999275],[-4.7745,48.536799999999275],[-4.7745,48.51950000000287],[-4.7828,48.51950000000287],[-4.7828,48.51639999999928],[-4.784,48.51639999999928],[-4.784,48.49599999999928],[-4.7828,48.49599999999928],[-4.7828,48.48239999999928],[-4.7896,48.48239999999928],[-4.7896,48.475599999999275],[-4.7998,48.475599999999275],[-4.7998,48.46199999999928],[-4.8065999999999995,48.46199999999928],[-4.8065999999999995,48.45300000000287],[-4.803,48.45300000000287],[-4.803,48.451799999999274],[-4.7964,48.451799999999274],[-4.7964,48.441599999999276],[-4.793,48.441599999999276],[-4.793,48.43479999999928],[-4.7964,48.43479999999928],[-4.7964,48.434000000002875],[-4.7935,48.434000000002875],[-4.7935,48.386500000002876],[-4.784,48.386500000002876],[-4.784,48.36750000000287],[-4.7745,48.36750000000287],[-4.7745,48.358000000002875],[-4.7555,48.358000000002875],[-4.7555,48.34850000000287],[-4.765000000000001,48.34850000000287],[-4.765000000000001,48.32000000000287],[-4.7745,48.32000000000287],[-4.7745,48.30100000000287],[-4.7828,48.30100000000287],[-4.7828,48.295399999999276],[-4.784,48.29479999999928],[-4.784,48.282000000002874],[-4.793,48.282000000002874],[-4.793,48.27839999999928],[-4.7964,48.27839999999928],[-4.7964,48.27499999999928],[-4.8065999999999995,48.27499999999928],[-4.8065999999999995,48.27839999999928],[-4.8134,48.28179999999928],[-4.8168,48.295399999999276],[-4.8304,48.302199999999274],[-4.8304,48.310500000002875],[-4.8505,48.310500000002875],[-4.8505,48.31579999999928],[-4.861,48.31579999999928],[-4.861,48.30559999999928],[-4.8644,48.30559999999928],[-4.8644,48.30899999999928],[-4.8712,48.31239999999928],[-4.8712,48.31579999999928],[-4.8848,48.31579999999928],[-4.8848,48.31239999999928],[-4.8885000000000005,48.31239999999928],[-4.8885000000000005,48.310500000002875],[-4.9018,48.310500000002875],[-4.9018,48.30899999999928],[-4.9562,48.30899999999928],[-4.9562,48.31239999999928],[-4.9664,48.31239999999928],[-4.9664,48.31919999999928],[-4.946,48.31919999999928],[-4.9455,48.320199999999275],[-4.9455,48.329500000002874],[-4.936,48.329500000002874],[-4.936,48.33619999999928],[-4.9392,48.33619999999928],[-4.9392,48.33959999999928],[-4.946,48.34299999999928],[-4.946,48.34979999999928],[-4.9392,48.353199999999276],[-4.9392,48.36750000000287],[-4.9936,48.36750000000287],[-4.9936,48.363399999999274],[-4.986800000000001,48.363399999999274],[-4.986800000000001,48.34979999999928],[-4.9902,48.34979999999928],[-4.9902,48.34299999999928],[-5.0025,48.34299999999928],[-5.0025,48.33900000000287],[-5.0215,48.33900000000287],[-5.0215,48.32000000000287],[-5.0276,48.32000000000287],[-5.0276,48.31919999999928],[-5.0242,48.31919999999928],[-5.0242,48.31579999999928],[-5.014,48.31579999999928],[-5.0106,48.30899999999928],[-5.014,48.30899999999928],[-5.014,48.30559999999928],[-5.0208,48.30559999999928],[-5.0208,48.302199999999274],[-5.0405,48.302199999999274],[-5.0405,48.30100000000287],[-5.0412,48.30100000000287],[-5.0412,48.298799999999275],[-5.048,48.298799999999275],[-5.048,48.28179999999928],[-5.0412,48.27839999999928],[-5.0412,48.264799999999276],[-5.0344,48.26139999999928],[-5.0344,48.25459999999928],[-5.0548,48.25459999999928],[-5.0548,48.25119999999928],[-5.0616,48.25119999999928],[-5.0616,48.24779999999928],[-5.0718,48.24779999999928],[-5.0718,48.244399999999274],[-5.0854,48.240999999999275],[-5.0854,48.23079999999928],[-5.0786,48.23079999999928],[-5.0786,48.22739999999928],[-5.0684000000000005,48.22739999999928],[-5.0684000000000005,48.22059999999928],[-5.0786,48.22059999999928],[-5.0786,48.206999999999276],[-5.0752,48.206999999999276],[-5.0752,48.20359999999928],[-5.0684000000000005,48.20019999999928],[-5.0684000000000005,48.179799999999275],[-5.065,48.179799999999275],[-5.0616,48.17299999999928],[-5.0548,48.17299999999928],[-5.0548,48.16959999999928],[-5.048,48.16619999999928],[-5.048,48.15939999999928],[-5.0446,48.15939999999928],[-5.0446,48.155999999999274],[-5.0378,48.152599999999275],[-5.0378,48.14579999999928],[-5.0344,48.14579999999928],[-5.031250000001799,48.139500000002876],[-5.031,48.139500000002876],[-5.031,48.13899999999928],[-5.0276,48.13899999999928],[-5.0276,48.13219999999928],[-5.0208,48.12879999999928],[-5.0208,48.125399999999274],[-5.0072,48.125399999999274],[-5.0072,48.121999999999275],[-5.0038,48.121999999999275],[-5.0038,48.11519999999928],[-4.9936,48.11519999999928],[-4.9936,48.118599999999276],[-4.9834,48.118599999999276],[-4.9834,48.121999999999275],[-4.9766,48.121999999999275],[-4.9766,48.118599999999276],[-4.974950000001797,48.118599999999276],[-4.974,48.12050000000287],[-4.9664,48.12050000000287],[-4.9664,48.121999999999275],[-4.9596,48.121999999999275],[-4.9596,48.125399999999274],[-4.9426000000000005,48.125399999999274],[-4.9426000000000005,48.121999999999275],[-4.9358,48.118599999999276],[-4.9358,48.11179999999928],[-4.9392,48.11179999999928],[-4.9392,48.10839999999928],[-4.9494,48.10839999999928],[-4.9494,48.10499999999928],[-4.9528,48.10499999999928],[-4.9528,48.09819999999928],[-4.955,48.09819999999928],[-4.955,48.08119999999928],[-4.9528,48.08119999999928],[-4.9528,48.07779999999928],[-4.9392,48.07779999999928],[-4.9358,48.07099999999928],[-4.929,48.07099999999928],[-4.929,48.063500000002875],[-4.9188,48.063500000002875],[-4.9188,48.064199999999275],[-4.9154,48.064199999999275],[-4.9154,48.063500000002875],[-4.9075,48.063500000002875],[-4.9075,48.05739999999928],[-4.895,48.05739999999928],[-4.895,48.05400000000287],[-4.8885000000000005,48.05400000000287],[-4.8885000000000005,48.05399999999928],[-4.8882,48.05399999999928],[-4.8882,48.05059999999928],[-4.8746,48.04719999999928],[-4.8746,48.036999999999274],[-4.878,48.036999999999274],[-4.878,48.033599999999275],[-4.8916,48.033599999999275],[-4.8916,48.009799999999274],[-4.8882,48.009799999999274],[-4.8882,47.999599999999276],[-4.8848,47.999599999999276],[-4.8848,47.99279999999928],[-4.8814,47.99279999999928],[-4.8814,47.97919999999928],[-4.8746,47.97919999999928],[-4.8746,47.975799999999275],[-4.8678,47.975799999999275],[-4.8678,47.972399999999276],[-4.8542000000000005,47.972399999999276],[-4.8542000000000005,47.968999999999276],[-4.8372,47.968999999999276],[-4.8372,47.972399999999276],[-4.822,47.96986666666594],[-4.822,47.97800000000287],[-4.8134,47.97800000000287],[-4.8134,47.99279999999928],[-4.8125,47.99279999999928],[-4.8125,48.00650000000287],[-4.8315,48.016000000002876],[-4.8315,48.02339999999928],[-4.8338,48.02339999999928],[-4.8338,48.02679999999928],[-4.8372,48.02679999999928],[-4.8372,48.04379999999928],[-4.8338,48.04379999999928],[-4.8338,48.05399999999928],[-4.8372,48.05399999999928],[-4.8372,48.05739999999928],[-4.8315,48.06024999999928],[-4.8315,48.063500000002875],[-4.8304,48.063500000002875],[-4.8304,48.07439999999928],[-4.8338,48.07439999999928],[-4.8372,48.08119999999928],[-4.8406,48.08119999999928],[-4.844,48.087999999999276],[-4.8474,48.087999999999276],[-4.8474,48.094799999999275],[-4.8508,48.094799999999275],[-4.8508,48.10499999999928],[-4.8406,48.10499999999928],[-4.8406,48.10159999999928],[-4.827,48.09819999999928],[-4.827,48.091399999999275],[-4.8202,48.091399999999275],[-4.8202,48.087999999999276],[-4.8168,48.087999999999276],[-4.8168,48.08459999999928],[-4.8134,48.08459999999928],[-4.8134,48.08070000000288],[-4.8125,48.082500000002874],[-4.803,48.082500000002874],[-4.803,48.10150000000287],[-4.784,48.10150000000287],[-4.7745,48.12050000000287],[-4.7658000000000005,48.12050000000287],[-4.7658000000000005,48.125399999999274],[-4.759,48.125399999999274],[-4.759,48.12879999999928],[-4.7556,48.12879999999928],[-4.7556,48.13219999999928],[-4.7488,48.13559999999928],[-4.7488,48.13899999999928],[-4.7386,48.13899999999928],[-4.7352,48.14579999999928],[-4.7046,48.14579999999928],[-4.7046,48.14239999999928],[-4.6978,48.14239999999928],[-4.6978,48.13899999999928],[-4.6944,48.13899999999928],[-4.6944,48.13559999999928],[-4.6978,48.13559999999928],[-4.6978,48.12879999999928],[-4.708,48.12879999999928],[-4.708,48.125399999999274],[-4.7148,48.125399999999274],[-4.7148,48.121999999999275],[-4.725,48.121999999999275],[-4.725,48.12050000000287],[-4.7175,48.12050000000287],[-4.7175,48.10499999999928],[-4.691,48.10499999999928],[-4.691,48.10159999999928],[-4.6876,48.10159999999928],[-4.6876,48.094799999999275],[-4.691,48.094799999999275],[-4.691,48.087999999999276],[-4.6978,48.08459999999928],[-4.6978,48.07439999999928],[-4.6985,48.07404999999928],[-4.6985,48.07300000000287],[-4.700599999992818,48.07300000000287],[-4.7046,48.07099999999928],[-4.7046,48.067599999999274],[-4.708,48.067599999999274],[-4.708,48.04450000000287],[-4.689,48.04450000000287],[-4.6795,48.02550000000287],[-4.651,48.02550000000287],[-4.651,48.01659999999928],[-4.6502,48.01659999999928],[-4.6502,47.999599999999276],[-4.651,47.99919999999928],[-4.651,47.97800000000287],[-4.657,47.97800000000287],[-4.657,47.975799999999275],[-4.6604,47.975799999999275],[-4.6604,47.968999999999276],[-4.6605,47.968999999999276],[-4.6605,47.959000000002874],[-4.678999999998203,47.959000000002874],[-4.6795,47.95799999999928],[-4.6795,47.94950000000287],[-4.6985,47.940000000002875],[-4.708,47.92100000000288],[-4.714999999998202,47.92100000000288],[-4.7175,47.91599999999928],[-4.7175,47.911500000002874],[-4.729949999998201,47.911500000002874],[-4.7318,47.90779999999928],[-4.742,47.90779999999928],[-4.742,47.90439999999928],[-4.746,47.90439999999928],[-4.746,47.90200000000287],[-4.7488,47.90200000000287],[-4.7488,47.90099999999928],[-4.776,47.89759999999928],[-4.776,47.89419999999928],[-4.784,47.89419999999928],[-4.784,47.892500000002876],[-4.7964,47.892500000002876],[-4.7964,47.890799999999274],[-4.8032,47.890799999999274],[-4.8032,47.887399999999275],[-4.8168,47.887399999999275],[-4.8168,47.883999999999276],[-4.8236,47.883999999999276],[-4.8236,47.880599999999276],[-4.8338,47.880599999999276],[-4.8338,47.87719999999928],[-4.8882,47.87719999999928],[-4.8882,47.87379999999928],[-4.9188,47.87379999999928],[-4.9188,47.87039999999928],[-4.9834,47.87039999999928],[-4.9834,47.86699999999928],[-4.9902,47.86699999999928],[-4.9902,47.86359999999928],[-5.0038,47.86359999999928],[-5.0038,47.860199999999274],[-5.0106,47.860199999999274],[-5.0106,47.856799999999275],[-5.0242,47.856799999999275],[-5.0242,47.853399999999276],[-5.031,47.853399999999276],[-5.031,47.84999999999928],[-5.048,47.84999999999928],[-5.048,47.84659999999928],[-5.0616,47.84659999999928],[-5.0616,47.84319999999928],[-5.1058,47.84319999999928],[-5.1058,47.83979999999928],[-5.1092,47.83979999999928],[-5.1092,47.84319999999928],[-5.1296,47.84319999999928],[-5.1296,47.83979999999928],[-5.1398,47.83979999999928],[-5.1398,47.83639999999928],[-5.1704,47.83639999999928],[-5.1704,47.83979999999928],[-5.1806,47.83979999999928],[-5.1806,47.84319999999928],[-5.2146,47.84319999999928],[-5.218,47.84999999999928],[-5.2316,47.84999999999928],[-5.2316,47.853399999999276],[-5.252,47.853399999999276],[-5.252,47.84999999999928],[-5.2622,47.84999999999928],[-5.2656,47.84319999999928],[-5.2758,47.84319999999928],[-5.2758,47.83979999999928],[-5.2928,47.83979999999928],[-5.2928,47.83639999999928],[-5.3268,47.83639999999928],[-5.3268,47.832999999999274],[-5.3336,47.832999999999274],[-5.3336,47.829599999999274],[-5.3472,47.829599999999274],[-5.3506,47.822799999999276],[-5.3608,47.822799999999276],[-5.3642,47.81599999999928],[-5.3744,47.81599999999928],[-5.3778,47.80919999999928],[-5.388,47.80919999999928],[-5.388,47.80579999999928],[-5.4016,47.80239999999928],[-5.4016,47.798999999999275],[-5.4084,47.798999999999275],[-5.4084,47.795599999999276],[-5.4186,47.795599999999276],[-5.4186,47.792199999999276],[-5.4254,47.792199999999276],[-5.4254,47.78879999999928],[-5.439,47.78879999999928],[-5.439,47.78539999999928],[-5.4492,47.78539999999928],[-5.4492,47.78199999999928],[-5.473,47.78199999999928],[-5.473,47.77859999999928],[-5.5172,47.77859999999928],[-5.5172,47.77519999999928],[-5.5342,47.77519999999928],[-5.5342,47.771799999999274],[-5.541,47.771799999999274],[-5.541,47.768399999999275],[-5.5478,47.768399999999275],[-5.5478,47.764999999999276],[-5.558,47.764999999999276],[-5.558,47.76159999999928],[-5.6226,47.76159999999928],[-5.6226,47.768399999999275],[-5.626,47.768399999999275],[-5.626,48.01659999999928],[-5.6294,48.01659999999928],[-5.6294,48.07300000000287],[-5.6675,48.07300000000287],[-5.6675,48.082500000002874],[-5.715,48.082500000002874],[-5.715,48.07300000000287],[-5.734,48.07300000000287],[-5.734,49.23200000000287],[-5.696,49.23200000000287],[-5.696,49.251000000002875],[-5.6865,49.251000000002875],[-5.6865,49.24150000000287],[-5.6105,49.251000000002875],[-5.6105,49.26050000000287],[-5.5915,49.26050000000287],[-5.5915,49.270000000002874],[-5.563,49.270000000002874],[-5.5535,49.28900000000287],[-5.5155,49.28900000000287],[-5.5155,49.298500000002875],[-5.468,49.298500000002875],[-5.468,49.30800000000287],[-5.4205,49.30800000000287],[-5.4205,49.31750000000287],[-5.3825,49.31750000000287],[-5.3825,49.327000000002876],[-5.3635,49.33650000000287],[-5.3635,49.346000000002874],[-5.316,49.346000000002874],[-5.316,49.35550000000288],[-5.3065,49.35550000000288],[-5.3065,49.374500000002875],[-5.2495,49.38400000000287],[-5.2495,49.393500000002874],[-5.2305,49.393500000002874],[-5.2305,49.403000000002876],[-5.2115,49.403000000002876],[-5.2115,49.41250000000287],[-5.183,49.41250000000287],[-5.183,49.422000000002875],[-5.164,49.422000000002875],[-5.164,49.43150000000287],[-5.1355,49.43150000000287],[-5.1355,49.44100000000287],[-5.1165,49.44100000000287],[-5.1165,49.450500000002876],[-5.0785,49.450500000002876],[-5.0785,49.469500000002874],[-5.0595,49.469500000002874],[-5.05,49.48850000000287],[-5.031,49.48850000000287],[-5.031,49.498000000002875],[-4.993,49.498000000002875],[-4.993,49.50750000000287],[-4.9075,49.50750000000287],[-4.9075,49.517000000002874],[-4.8885000000000005,49.517000000002874],[-4.8885000000000005,49.545500000002875],[-4.898,49.545500000002875],[-4.898,49.55500000000287],[-4.917,49.55500000000287],[-4.917,49.56450000000287],[-4.936,49.574000000002876],[-4.936,49.60250000000288],[-4.9075,49.60250000000288],[-4.9075,49.593000000002874],[-4.879,49.593000000002874],[-4.879,49.58350000000287],[-4.8125,49.58350000000287],[-4.8125,49.574000000002876],[-4.7364999999999995,49.574000000002876],[-4.7364999999999995,49.58350000000287],[-4.6795,49.58350000000287],[-4.6795,49.574000000002876],[-4.556,49.574000000002876],[-4.556,49.58350000000287],[-4.48,49.58350000000287],[-4.48,49.593000000002874],[-4.4515,49.593000000002874],[-4.4515,49.60250000000288],[-4.404,49.60250000000288],[-4.404,49.61200000000287],[-4.3469999999999995,49.61200000000287],[-4.3469999999999995,49.621500000002875],[-4.309,49.621500000002875],[-4.2995,49.64050000000287],[-4.2330000000000005,49.64050000000287],[-4.2330000000000005,49.650000000002876],[-4.214,49.65950000000287],[-4.214,49.669000000002875],[-4.2078,49.669000000002875],[-4.2078,49.69319999999928],[-4.2044,49.69319999999928],[-4.2044,49.713599999999275],[-4.2010000000000005,49.713599999999275],[-4.2010000000000005,49.92439999999928],[-4.1908,49.92439999999928],[-4.1874,49.93119999999928],[-4.1772,49.93119999999928],[-4.1738,49.93799999999928],[-4.1636,49.93799999999928],[-4.1636,49.94139999999928],[-4.1568000000000005,49.94139999999928],[-4.1568000000000005,49.944799999999276],[-4.15,49.944799999999276],[-4.15,49.95499999999928],[-4.1534,49.95499999999928],[-4.1534,49.95839999999928],[-4.1738,49.96179999999928],[-4.1772,49.96859999999928],[-4.1908,49.96859999999928],[-4.1908,49.97199999999928],[-4.2010000000000005,49.97199999999928],[-4.2010000000000005,49.99579999999928],[-4.1806,49.99579999999928],[-4.1772,50.002599999999276],[-4.1704,50.002599999999276],[-4.1704,50.005999999999275],[-4.167,50.005999999999275],[-4.1636,50.012799999999274],[-4.1602,50.012799999999274],[-4.1602,50.01619999999928],[-4.1568000000000005,50.01619999999928],[-4.1568000000000005,50.02299999999928],[-4.1534,50.02299999999928],[-4.1534,50.033199999999276],[-4.1568000000000005,50.033199999999276],[-4.1568000000000005,50.039999999999274],[-4.1602,50.039999999999274],[-4.1602,50.04679999999928],[-4.1636,50.04679999999928],[-4.1636,50.06039999999928],[-4.167,50.06039999999928],[-4.167,50.08079999999928],[-4.1636,50.08079999999928],[-4.1636,50.08419999999928],[-4.1534,50.08419999999928],[-4.1534,50.08759999999928],[-4.1466,50.08759999999928],[-4.1466,50.090999999999276],[-4.1126000000000005,50.090999999999276],[-4.1126000000000005,50.094399999999276],[-4.0922,50.094399999999276],[-4.0922,50.097799999999275],[-3.9765,50.097799999999275],[-3.9765,50.15350000000287],[-3.967,50.15350000000287],[-3.967,50.18200000000287],[-3.948,50.191500000002875],[-3.948,50.22000000000287],[-3.9385,50.22000000000287],[-3.9290000000000003,50.239000000002875],[-3.872,50.239000000002875],[-3.872,50.22950000000287],[-3.8435,50.22950000000287],[-3.8435,50.239000000002875],[-3.834,50.239000000002875],[-3.8245,50.25800000000287],[-3.815,50.25800000000287],[-3.815,50.24850000000287],[-3.7960000000000003,50.239000000002875],[-3.7960000000000003,50.22000000000287],[-3.777,50.210500000002874],[-3.777,50.20100000000287],[-3.7485,50.20100000000287],[-3.7485,50.210500000002874],[-3.7295000000000003,50.22000000000287],[-3.72,50.239000000002875],[-3.7105,50.239000000002875],[-3.7105,50.22000000000287],[-3.701,50.22000000000287],[-3.701,50.210500000002874],[-3.6725,50.210500000002874],[-3.6725,50.239000000002875],[-3.644,50.239000000002875],[-3.644,50.25800000000287],[-3.6345,50.25800000000287],[-3.6345,50.267500000002876],[-3.606,50.267500000002876],[-3.606,50.27700000000287],[-3.587,50.27700000000287],[-3.587,50.286500000002874],[-3.568,50.29600000000287],[-3.5585,50.315000000002875],[-3.5395,50.315000000002875],[-3.5300000000000002,50.334000000002874],[-3.511,50.334000000002874],[-3.511,50.35300000000287],[-3.492,50.35300000000287],[-3.492,50.37200000000287],[-3.4825,50.37200000000287],[-3.4825,50.391000000002876],[-3.4635000000000002,50.391000000002876],[-3.454,50.37200000000287],[-3.435,50.37200000000287],[-3.435,50.362500000002875],[-3.4065,50.362500000002875],[-3.4065,50.35300000000287],[-3.2545,50.35300000000287],[-3.2545,50.37200000000287],[-3.226,50.37200000000287],[-3.226,50.38150000000287],[-3.1975000000000002,50.38150000000287],[-3.1975000000000002,50.391000000002876],[-3.1405000000000003,50.391000000002876],[-3.1405000000000003,50.40050000000287],[-3.1215,50.40050000000287],[-3.1215,50.410000000002874],[-3.093,50.410000000002874],[-3.093,50.41950000000287],[-3.0740000000000003,50.41950000000287],[-3.0740000000000003,50.42900000000287],[-3.0075000000000003,50.42900000000287],[-2.998,50.44800000000287],[-2.9695,50.44800000000287],[-2.96,50.46700000000288],[-2.922,50.46700000000288],[-2.9125,50.486000000002875],[-2.884,50.486000000002875],[-2.8745000000000003,50.50500000000287],[-2.8365,50.50500000000287],[-2.827,50.52400000000287],[-2.7795,50.52400000000287],[-2.7795,50.54300000000287],[-2.7605,50.54300000000287],[-2.7605,50.55250000000287],[-2.7415000000000003,50.55250000000287],[-2.7415000000000003,50.562000000002875],[-2.7225,50.562000000002875],[-2.7225,50.54300000000287],[-2.694,50.54300000000287],[-2.694,50.562000000002875],[-2.656,50.57150000000287],[-2.656,50.581000000002874],[-2.618,50.581000000002874],[-2.618,50.590500000002876],[-2.599,50.590500000002876],[-2.599,50.61900000000287],[-2.5705,50.61900000000287],[-2.5705,50.590500000002876],[-2.5135,50.590500000002876],[-2.5135,50.581000000002874],[-2.4945,50.581000000002874],[-2.4945,50.562000000002875],[-2.485,50.562000000002875],[-2.485,50.55250000000287],[-2.466,50.55250000000287],[-2.466,50.54300000000287],[-2.4375,50.54300000000287],[-2.4375,50.55250000000287],[-2.4185,50.55250000000287],[-2.4090000000000003,50.57150000000287],[-2.371,50.57150000000287],[-2.371,50.562000000002875],[-2.3425000000000002,50.562000000002875],[-2.3425000000000002,50.57150000000287],[-2.3235,50.57150000000287],[-2.3235,50.581000000002874],[-2.3045,50.581000000002874],[-2.3045,50.590500000002876],[-2.2855000000000003,50.590500000002876],[-2.2855000000000003,50.60000000000287],[-2.2760000000000002,50.60000000000287],[-2.2760000000000002,50.64750000000287],[-2.2665,50.64750000000287],[-2.2665,50.92300000000287],[-2.257,50.92300000000287],[-2.257,51.008500000002876],[-2.2475,51.008500000002876],[-2.238,51.21750000000287],[-2.2285,51.21750000000287],[-2.2285,50.638000000002876],[-2.2190000000000003,50.638000000002876],[-2.2190000000000003,50.609500000002875],[-2.1430000000000002,50.61900000000287],[-2.1430000000000002,50.62850000000287],[-2.105,50.62850000000287],[-2.105,50.657000000002874],[-2.0860000000000003,50.657000000002874],[-2.0860000000000003,50.67600000000287],[-2.0765000000000002,50.67600000000287],[-2.0765000000000002,50.609500000002875],[-2.0385,50.609500000002875],[-2.0385,50.638000000002876],[-2.029,50.638000000002876],[-2.029,50.657000000002874],[-2.0195000000000003,50.657000000002874],[-2.0195000000000003,50.638000000002876],[-2.0100000000000002,50.638000000002876],[-2.0100000000000002,50.62850000000287],[-1.9815000000000005,50.62850000000287],[-1.9720000000000004,50.609500000002875],[-1.9435000000000002,50.609500000002875],[-1.9435000000000002,50.638000000002876],[-1.9245,50.638000000002876],[-1.9245,50.657000000002874],[-1.8390000000000004,50.657000000002874],[-1.8390000000000004,50.66650000000287],[-1.8105000000000002,50.66650000000287],[-1.8105000000000002,50.67600000000287],[-1.7725,50.67600000000287],[-1.7725,50.685500000002875],[-1.7344999999999997,50.685500000002875],[-1.7344999999999997,50.66650000000287],[-1.7060000000000004,50.66650000000287],[-1.7060000000000004,50.69500000000287],[-1.6870000000000003,50.69500000000287],[-1.6870000000000003,50.67600000000287],[-1.649,50.67600000000287],[-1.649,50.685500000002875],[-1.6204999999999998,50.685500000002875],[-1.6204999999999998,50.69500000000287],[-1.6014999999999997,50.69500000000287],[-1.6014999999999997,50.72350000000287],[-1.5920000000000005,50.72350000000287],[-1.5920000000000005,50.780500000002874],[-1.5825000000000005,50.780500000002874],[-1.5825000000000005,50.79000000000288],[-1.5730000000000004,50.79000000000288],[-1.5635000000000003,50.75200000000287],[-1.5350000000000001,50.75200000000287],[-1.5350000000000001,50.74250000000287],[-1.4969999999999999,50.74250000000287],[-1.4969999999999999,50.75200000000287],[-1.4874999999999998,50.75200000000287],[-1.4874999999999998,50.77100000000287],[-1.4590000000000005,50.77100000000287],[-1.4684999999999997,50.82800000000287],[-1.4779999999999998,50.82800000000287],[-1.4779999999999998,50.856500000002875],[-1.4874999999999998,50.856500000002875],[-1.4874999999999998,50.885000000002876],[-1.4779999999999998,50.885000000002876],[-1.4684999999999997,50.84700000000287],[-1.4495000000000005,50.84700000000287],[-1.4495000000000005,50.82800000000287],[-1.4400000000000004,50.82800000000287],[-1.4305000000000003,50.79000000000288],[-1.4115000000000002,50.79000000000288],[-1.4115000000000002,50.780500000002874],[-1.3735,50.780500000002874],[-1.3735,50.809000000002875],[-1.3639999999999999,50.809000000002875],[-1.3639999999999999,50.82800000000287],[-1.3544999999999998,50.82800000000287],[-1.3544999999999998,50.81850000000287],[-1.3354999999999997,50.809000000002875],[-1.3354999999999997,50.79950000000287],[-1.25,50.79950000000287],[-1.25,50.79000000000288],[-1.2024999999999997,50.79000000000288],[-1.2024999999999997,50.79950000000287],[-1.1835000000000004,50.79950000000287],[-1.1835000000000004,50.809000000002875],[-1.1740000000000004,50.809000000002875],[-1.1740000000000004,50.82800000000287],[-1.1645000000000003,50.82800000000287],[-1.1645000000000003,50.837500000002876],[-1.1455000000000002,50.837500000002876],[-1.1455000000000002,50.79950000000287],[-1.1360000000000001,50.79950000000287],[-1.1360000000000001,50.77100000000287],[-1.1075,50.77100000000287],[-1.1075,50.761500000002876],[-1.0789999999999997,50.761500000002876],[-1.0789999999999997,50.75200000000287],[-1.0505000000000004,50.75200000000287],[-1.0505000000000004,50.74250000000287],[-1.0979999999999999,50.74250000000287],[-1.0979999999999999,50.75200000000287],[-1.1360000000000001,50.75200000000287],[-1.1360000000000001,50.74250000000287],[-1.1550000000000002,50.74250000000287],[-1.1550000000000002,50.75200000000287],[-1.1930000000000005,50.75200000000287],[-1.1930000000000005,50.761500000002876],[-1.2405,50.761500000002876],[-1.25,50.780500000002874],[-1.3070000000000004,50.780500000002874],[-1.3070000000000004,50.704500000002874],[-1.3260000000000005,50.704500000002874],[-1.3260000000000005,50.72350000000287],[-1.3354999999999997,50.72350000000287],[-1.3354999999999997,50.74250000000287],[-1.3449999999999998,50.74250000000287],[-1.3449999999999998,50.75200000000287],[-1.3735,50.75200000000287],[-1.3735,50.74250000000287],[-1.4115000000000002,50.74250000000287],[-1.4115000000000002,50.72350000000287],[-1.4305000000000003,50.72350000000287],[-1.4305000000000003,50.714000000002876],[-1.4400000000000004,50.714000000002876],[-1.4400000000000004,50.72350000000287],[-1.4779999999999998,50.72350000000287],[-1.4779999999999998,50.704500000002874],[-1.4874999999999998,50.704500000002874],[-1.4969999999999999,50.685500000002875],[-1.5350000000000001,50.685500000002875],[-1.5350000000000001,50.657000000002874],[-1.4779999999999998,50.657000000002874],[-1.4779999999999998,50.64750000000287],[-1.4495000000000005,50.64750000000287],[-1.4495000000000005,50.657000000002874],[-1.4305000000000003,50.657000000002874],[-1.4305000000000003,50.62850000000287],[-1.383,50.62850000000287],[-1.383,50.638000000002876],[-1.3735,50.638000000002876],[-1.3735,50.657000000002874],[-1.3639999999999999,50.657000000002874],[-1.3639999999999999,50.66650000000287],[-1.3449999999999998,50.66650000000287],[-1.3449999999999998,50.67600000000287],[-1.2880000000000003,50.67600000000287],[-1.2880000000000003,50.66650000000287],[-1.25,50.66650000000287],[-1.25,50.657000000002874],[-1.2309999999999999,50.657000000002874],[-1.2309999999999999,50.64750000000287],[-1.2119999999999997,50.638000000002876],[-1.2024999999999997,50.61900000000287],[-1.1645000000000003,50.61900000000287],[-1.1645000000000003,50.62850000000287],[-1.1550000000000002,50.62850000000287],[-1.1550000000000002,50.638000000002876],[-1.1360000000000001,50.64750000000287],[-1.1360000000000001,50.657000000002874],[-1.1075,50.657000000002874],[-1.1075,50.67600000000287],[-1.0979999999999999,50.67600000000287],[-1.0979999999999999,50.685500000002875],[-1.0600000000000005,50.685500000002875],[-1.0505000000000004,50.704500000002874],[-1.0315000000000003,50.704500000002874],[-1.0315000000000003,50.69500000000287],[-0.9649999999999999,50.69500000000287],[-0.9649999999999999,50.68979999999928],[-0.9630000000000001,50.68979999999928],[-0.9630000000000001,50.686399999999274],[-0.946,50.686399999999274],[-0.946,50.68979999999928],[-0.9426000000000001,50.68979999999928],[-0.9426000000000001,50.686399999999274],[-0.9324000000000001,50.686399999999274],[-0.9324000000000001,50.685500000002875],[-0.9080000000000004,50.685500000002875],[-0.9080000000000004,50.69500000000287],[-0.8890000000000002,50.69500000000287],[-0.8890000000000002,50.704500000002874],[-0.8769999999856136,50.704500000002874],[-0.8700000000000001,50.70624999999928],[-0.8700000000000001,50.714000000002876],[-0.8508,50.71640000000288],[-0.8508,50.716999999999274],[-0.8460000000288078,50.716999999999274],[-0.8440000000000001,50.71725000000288],[-0.8440000000000001,50.72039999999928],[-0.8188000000287452,50.72039999999928],[-0.7985333333314173,50.72293333333644],[-0.7964,50.72719999999928],[-0.7921500000017969,50.72719999999928],[-0.7845000000000004,50.74250000000287],[-0.7750000000000004,50.74250000000287],[-0.7750000000000004,50.733000000002875],[-0.7458999999982013,50.733000000002875],[-0.7454000000000001,50.73399999999928],[-0.7148000000000001,50.73399999999928],[-0.7143000000017988,50.733000000002875],[-0.6989999999999998,50.733000000002875],[-0.6989999999999998,50.72039999999928],[-0.6910000000000001,50.72039999999928],[-0.6910000000000001,50.716999999999274],[-0.6876,50.716999999999274],[-0.6861000000018008,50.714000000002876],[-0.6799999999999997,50.714000000002876],[-0.6712999999982042,50.69659999999928],[-0.6672,50.69659999999928],[-0.6672,50.69500000000287],[-0.6434,50.69500000000287],[-0.6434,50.69659999999928],[-0.6325000000000003,50.69659999999928],[-0.6325000000000003,50.704500000002874],[-0.6139499999982018,50.704500000002874],[-0.6128,50.70679999999928],[-0.6123500000017986,50.70679999999928],[-0.6040000000000001,50.72350000000287],[-0.5788,50.72350000000287],[-0.5788,50.72379999999928],[-0.5686,50.72379999999928],[-0.5686,50.72719999999928],[-0.5659999999999998,50.72719999999928],[-0.5659999999999998,50.733000000002875],[-0.5469999999999997,50.733000000002875],[-0.5469999999999997,50.75200000000287],[-0.5357999999982035,50.75200000000287],[-0.5346000000000002,50.75439999999928],[-0.5312000000000001,50.75439999999928],[-0.5312000000000001,50.75779999999928],[-0.5176000000000001,50.75779999999928],[-0.5176000000000001,50.75439999999928],[-0.5108000000000001,50.75439999999928],[-0.5108000000000001,50.75200000000287],[-0.49040000000000017,50.75200000000287],[-0.49040000000000017,50.76459999999928],[-0.4900000000000002,50.76459999999928],[-0.4900000000000002,50.77100000000287],[-0.4615,50.77100000000287],[-0.4615,50.76459999999928],[-0.45640000000000014,50.76459999999928],[-0.45485000000179926,50.761500000002876],[-0.4154499999982009,50.761500000002876],[-0.4122000000000001,50.767999999999276],[-0.4054,50.767999999999276],[-0.4054,50.76459999999928],[-0.3930000000143932,50.761500000002876],[-0.3855000000000004,50.761500000002876],[-0.3855000000000004,50.75779999999928],[-0.3748,50.75779999999928],[-0.3748,50.75439999999928],[-0.35440000000000005,50.75439999999928],[-0.35440000000000005,50.75200000000287],[-0.3380000000000001,50.75200000000287],[-0.3380000000000001,50.74759999999928],[-0.33740000000000014,50.74759999999928],[-0.33740000000000014,50.744199999999275],[-0.3340000000000001,50.744199999999275],[-0.3340000000000001,50.74250000000287],[-0.3110499999982024,50.74250000000287],[-0.31020000000000003,50.744199999999275],[-0.2966000000000002,50.744199999999275],[-0.2966000000000002,50.74250000000287],[-0.2810000000000006,50.74250000000287],[-0.2810000000000006,50.736859999999275],[-0.2524000000000002,50.73399999999928],[-0.2524000000000002,50.733000000002875],[-0.23350000000000026,50.733000000002875],[-0.23059999999820197,50.72719999999928],[-0.22860000000000014,50.72719999999928],[-0.22860000000000014,50.723200000002876],[-0.22719999999820248,50.72039999999928],[-0.2218,50.72039999999928],[-0.21860000000180074,50.714000000002876],[-0.18100000000000005,50.714000000002876],[-0.18100000000000005,50.716999999999274],[-0.18440000000000012,50.716999999999274],[-0.18440000000000012,50.72719999999928],[-0.13680000000000003,50.72719999999928],[-0.13340000000000019,50.73399999999928],[-0.12660000000000005,50.73399999999928],[-0.1232000000000002,50.740799999999275],[-0.11640000000000006,50.740799999999275],[-0.11640000000000006,50.737399999999276],[-0.09940000000000015,50.737399999999276],[-0.09940000000000015,50.740799999999275],[-0.07560000000000011,50.740799999999275],[-0.07560000000000011,50.737399999999276],[-0.05860000000000021,50.737399999999276],[-0.05860000000000021,50.740799999999275],[-0.028000000000000025,50.740799999999275],[-0.028000000000000025,50.744199999999275],[-0.017800000000000038,50.744199999999275],[-0.01440000000000019,50.75099999999928],[-0.0008000000000001339,50.75099999999928],[-0.0008000000000001339,50.75439999999928],[0.043400000000000105,50.75439999999928],[0.043400000000000105,50.75779999999928],[0.05149999999999988,50.75779999999928],[0.05149999999999988,50.761500000002876],[0.08000000000000007,50.761500000002876],[0.08000000000000007,50.77100000000287],[0.08950000000000014,50.77100000000287],[0.08950000000000014,50.761500000002876],[0.11799999999999944,50.761500000002876],[0.11799999999999944,50.77100000000287],[0.1274999999999995,50.77100000000287],[0.1274999999999995,50.75779999999928],[0.1317999999999997,50.75779999999928],[0.1317999999999997,50.75439999999928],[0.14539999999999997,50.75439999999928],[0.14539999999999997,50.75200000000287],[0.1844999999999999,50.75200000000287],[0.1844999999999999,50.77100000000287],[0.19399999999999995,50.77100000000287],[0.19399999999999995,50.79950000000287],[0.21300000000000008,50.79950000000287],[0.21300000000000008,50.809000000002875],[0.22250000000000014,50.809000000002875],[0.2320000000000002,50.79000000000288],[0.2604999999999995,50.79000000000288],[0.2604999999999995,50.77100000000287],[0.3153999999999999,50.77100000000287],[0.3153999999999999,50.771399999999275],[0.32559999999999967,50.771399999999275],[0.32559999999999967,50.774799999999274],[0.32699999999999996,50.774799999999274],[0.32699999999999996,50.79950000000287],[0.3799999999999999,50.79950000000287],[0.3799999999999999,50.801999999999275],[0.38680000000000003,50.801999999999275],[0.38680000000000003,50.79950000000287],[0.41275000000179835,50.79950000000287],[0.4139999999999997,50.801999999999275],[0.4276,50.801999999999275],[0.43100000000000005,50.80879999999928],[0.4314999999999998,50.80879999999928],[0.4314999999999998,50.809000000002875],[0.48850000000000016,50.809000000002875],[0.48850000000000016,50.79950000000287],[0.4980000000000002,50.79950000000287],[0.4980000000000002,50.78839999999928],[0.49899999999999967,50.78839999999928],[0.49899999999999967,50.78499999999928],[0.5057999999999998,50.78499999999928],[0.5091999999999999,50.77819999999928],[0.5193999999999996,50.77819999999928],[0.5193999999999996,50.78499999999928],[0.5227999999999997,50.78499999999928],[0.5227999999999997,50.77819999999928],[0.5465999999999998,50.77819999999928],[0.5465999999999998,50.78159999999928],[0.5499999999999998,50.78159999999928],[0.5499999999999998,50.77819999999928],[0.5602,50.77819999999928],[0.5635999999999997,50.771399999999275],[0.5737999999999999,50.771399999999275],[0.5739999999982017,50.77100000000287],[0.593,50.77100000000287],[0.5945000000017978,50.767999999999276],[0.6044,50.767999999999276],[0.6044,50.771399999999275],[0.6145999999999998,50.771399999999275],[0.6145999999999998,50.767999999999276],[0.6214,50.767999999999276],[0.6214,50.75779999999928],[0.6248,50.75779999999928],[0.6248,50.75439999999928],[0.6383999999999999,50.75439999999928],[0.6383999999999999,50.76459999999928],[0.6248,50.767999999999276],[0.6248,50.77819999999928],[0.6315999999999997,50.78159999999928],[0.6315999999999997,50.78499999999928],[0.6417999999999999,50.78499999999928],[0.6417999999999999,50.78159999999928],[0.6486000000000001,50.77819999999928],[0.6452,50.75779999999928],[0.6587999999999998,50.75779999999928],[0.6594999999999995,50.759199999999275],[0.6594999999999995,50.77100000000287],[0.6756000000017979,50.77100000000287],[0.6757999999999997,50.771399999999275],[0.6786999999982014,50.771399999999275],[0.6879999999999997,50.79000000000288],[0.7640000000000002,50.79000000000288],[0.7640000000000002,50.79950000000287],[0.7924999999999995,50.79950000000287],[0.7924999999999995,50.81850000000287],[0.8019999999999996,50.81850000000287],[0.8114999999999997,50.837500000002876],[0.8209999999999997,50.837500000002876],[0.8209999999999997,50.84700000000287],[0.8494999999999999,50.84700000000287],[0.8494999999999999,50.856500000002875],[0.8685,50.86600000000287],[0.8780000000000001,50.885000000002876],[0.9159999999999995,50.89450000000287],[0.9159999999999995,50.904000000002874],[0.9539999999999997,50.904000000002874],[0.9634999999999998,50.92300000000287],[0.992,50.92300000000287],[0.992,50.92779999999928],[0.992,50.932500000002875],[0.9987999999999997,50.932500000002875],[0.9987999999999997,50.93799999999928],[1.0015,50.93799999999928],[1.0015,50.95150000000287],[1.0110000000000001,50.95150000000287],[1.0110000000000001,50.97050000000287],[1.0286500000017973,50.97050000000287],[1.0293999999999999,50.97199999999928],[1.0300000000000002,50.97199999999928],[1.0300000000000002,50.98950000000287],[1.0394999999999994,50.98950000000287],[1.0394999999999994,50.99900000000287],[1.0584999999999996,50.99900000000287],[1.0584999999999996,51.008500000002876],[1.0774999999999997,51.01800000000287],[1.0774999999999997,51.027500000002874],[1.0964999999999998,51.027500000002874],[1.1059999999999999,51.04650000000287],[1.1212,51.04650000000287],[1.1212,51.04679999999928],[1.1279999999999997,51.04679999999928],[1.1313999999999997,51.05359999999928],[1.1345,51.05359999999928],[1.1345,51.056000000002875],[1.1381999999999999,51.05785000000287],[1.1381999999999999,51.06039999999928],[1.1432999999928073,51.06039999999928],[1.1483999999999996,51.06295000000287],[1.1483999999999996,51.063799999999276],[1.1500999999928088,51.063799999999276],[1.1535000000000002,51.06550000000287],[1.1535000000000002,51.084500000002876],[1.1724999999999994,51.09400000000287],[1.1724999999999994,51.11300000000287],[1.1819999999999995,51.11300000000287],[1.1819999999999995,51.09400000000287],[1.1824,51.09400000000287],[1.1824,51.094399999999276],[1.1858,51.094399999999276],[1.1858,51.09400000000287],[1.2294999999999998,51.09400000000287],[1.2294999999999998,51.12250000000287],[1.2571999999999997,51.12250000000287],[1.2571999999999997,51.13179999999928],[1.2605999999999997,51.13179999999928],[1.2605999999999997,51.12250000000287],[1.3149999999999995,51.12250000000287],[1.3149999999999995,51.14150000000287],[1.3244999999999996,51.14150000000287],[1.3244999999999996,51.17000000000287],[1.3149999999999995,51.17000000000287],[1.3149999999999995,51.227000000002874],[1.3244999999999996,51.227000000002874],[1.3244999999999996,51.21750000000287],[1.3434999999999997,51.21750000000287],[1.3434999999999997,51.19850000000287],[1.3624999999999998,51.19850000000287],[1.3719999999999999,51.179500000002875],[1.4100000000000001,51.179500000002875],[1.4100000000000001,51.23650000000287],[1.391,51.23650000000287],[1.391,51.24600000000287],[1.4005,51.24600000000287],[1.4005,51.34100000000287],[1.4100000000000001,51.34100000000287],[1.4100000000000001,51.350500000002874],[1.4289999999999994,51.350500000002874],[1.4384999999999994,51.36950000000287],[1.4479999999999995,51.36950000000287],[1.4479999999999995,51.398000000002874],[1.4289999999999994,51.398000000002874],[1.4289999999999994,51.40750000000288],[1.391,51.40750000000288],[1.391,51.398000000002874],[1.3815,51.398000000002874],[1.3719999999999999,51.379000000002875],[1.3434999999999997,51.379000000002875],[1.3434999999999997,51.398000000002874],[1.2865000000000002,51.398000000002874],[1.2865000000000002,51.36950000000287],[1.2770000000000001,51.36950000000287],[1.2770000000000001,51.38850000000287],[1.2675,51.38850000000287],[1.2675,51.398000000002874],[1.2104999999999997,51.398000000002874],[1.2104999999999997,51.38850000000287],[1.2009999999999996,51.38850000000287],[1.2009999999999996,51.398000000002874],[1.0964999999999998,51.398000000002874],[1.0964999999999998,51.41700000000287],[1.0869999999999997,51.41700000000287],[1.0869999999999997,51.426500000002875],[1.0964999999999998,51.426500000002875],[1.0964999999999998,51.44550000000287],[1.1059999999999999,51.44550000000287],[1.1059999999999999,51.474000000002874],[1.0964999999999998,51.474000000002874],[1.0964999999999998,51.48350000000287],[1.0489999999999995,51.48350000000287],[1.0489999999999995,51.474000000002874],[1.0205000000000002,51.474000000002874],[1.0205000000000002,51.48350000000287],[0.9634999999999998,51.48350000000287],[0.9634999999999998,51.474000000002874],[0.9159999999999995,51.474000000002874],[0.9159999999999995,51.48350000000287],[0.8494999999999999,51.48350000000287],[0.8494999999999999,51.474000000002874],[0.8114999999999997,51.474000000002874],[0.8114999999999997,51.46450000000287],[0.7924999999999995,51.46450000000287],[0.7924999999999995,51.455000000002876],[0.7545000000000002,51.455000000002876],[0.7545000000000002,51.43600000000287],[0.7450000000000001,51.43600000000287],[0.7545000000000002,51.49300000000287],[0.7355,51.49300000000287],[0.7355,51.502500000002875],[0.726,51.502500000002875],[0.726,51.51200000000287],[0.7924999999999995,51.51200000000287],[0.7924999999999995,51.521500000002874],[0.8114999999999997,51.53100000000288],[0.8114999999999997,51.51200000000287],[0.8304999999999998,51.502500000002875],[0.8304999999999998,51.49300000000287],[0.8780000000000001,51.49300000000287],[0.8780000000000001,51.521500000002874],[0.8970000000000002,51.521500000002874],[0.8970000000000002,51.58800000000287],[0.9064999999999994,51.58800000000287],[0.9064999999999994,51.578500000002876],[0.9254999999999995,51.578500000002876],[0.9254999999999995,51.56900000000287],[0.9444999999999997,51.56900000000287],[0.9444999999999997,51.550000000002875],[0.9729999999999999,51.550000000002875],[0.9729999999999999,51.55950000000287],[1.0015,51.55950000000287],[1.0015,51.56900000000287],[1.0205000000000002,51.56900000000287],[1.0205000000000002,51.578500000002876],[1.0489999999999995,51.578500000002876],[1.0489999999999995,51.58800000000287],[1.0679999999999996,51.58800000000287],[1.0679999999999996,51.597500000002874],[1.0774999999999997,51.597500000002874],[1.0774999999999997,51.578500000002876],[1.1155,51.578500000002876],[1.1155,51.58800000000287],[1.1345,51.58800000000287],[1.1345,51.597500000002874],[1.1630000000000003,51.597500000002874],[1.1630000000000003,51.61650000000287],[1.2009999999999996,51.61650000000287],[1.2104999999999997,51.63550000000287],[1.2294999999999998,51.63550000000287],[1.2294999999999998,51.66400000000287],[1.2009999999999996,51.66400000000287],[1.2009999999999996,51.65450000000288],[1.1630000000000003,51.65450000000288],[1.1535000000000002,51.63550000000287],[1.1345,51.63550000000287],[1.1345,51.626000000002875],[1.1155,51.626000000002875],[1.1059999999999999,51.60700000000287],[1.0869999999999997,51.60700000000287],[1.0869999999999997,51.626000000002875],[1.1059999999999999,51.63550000000287],[1.1059999999999999,51.65450000000288],[1.1155,51.65450000000288],[1.1155,51.66400000000287],[1.1440000000000001,51.66400000000287],[1.1440000000000001,51.673500000002875],[1.1630000000000003,51.68300000000287],[1.1630000000000003,51.73050000000287],[1.1059999999999999,51.721000000002874],[1.1059999999999999,51.71150000000287],[1.0774999999999997,51.71150000000287],[1.0774999999999997,51.721000000002874],[1.0964999999999998,51.73050000000287],[1.0964999999999998,51.74000000000287],[1.125,51.74000000000287],[1.125,51.749500000002875],[1.1440000000000001,51.75900000000287],[1.1440000000000001,51.78750000000287],[1.1345,51.78750000000287],[1.1345,51.825500000002876],[1.1440000000000001,51.825500000002876],[1.1440000000000001,51.81600000000287],[1.1535000000000002,51.81600000000287],[1.1630000000000003,51.797000000002875],[1.2389999999999999,51.797000000002875],[1.2389999999999999,51.80650000000287],[1.2485,51.80650000000287],[1.2485,51.85400000000287],[1.2770000000000001,51.85400000000287],[1.2770000000000001,51.88250000000287],[1.2865000000000002,51.88250000000287],[1.2865000000000002,51.873000000002875],[1.3149999999999995,51.873000000002875],[1.3149999999999995,51.88250000000287],[1.3339999999999996,51.88250000000287],[1.3339999999999996,51.892000000002874],[1.3529999999999998,51.892000000002874],[1.3529999999999998,51.901500000002876],[1.3624999999999998,51.901500000002876],[1.3624999999999998,51.892000000002874],[1.391,51.892000000002874],[1.391,51.93000000000287],[1.3624999999999998,51.93000000000287],[1.3624999999999998,51.93950000000287],[1.3719999999999999,51.93950000000287],[1.3719999999999999,51.949000000002876],[1.391,51.95850000000287],[1.4005,51.97750000000287],[1.4100000000000001,51.97750000000287],[1.4100000000000001,51.98700000000287],[1.4479999999999995,51.98700000000287],[1.4574999999999996,51.968000000002874],[1.4954999999999998,51.968000000002874],[1.4954999999999998,51.996500000002875],[1.505,51.996500000002875],[1.505,52.00600000000287],[4.183999999999999,52.00600000000287],[4.183999999999999,51.873000000002875],[4.1745,51.873000000002875],[4.1745,51.88250000000287],[4.1365,51.88250000000287],[4.1365,51.892000000002874],[4.0985,51.901500000002876],[4.089,51.920500000002875],[4.07,51.920500000002875],[4.060499999999999,51.93950000000287],[4.051,51.93950000000287],[4.051,51.95850000000287],[4.041499999999999,51.95850000000287],[4.032,51.97750000000287],[3.9655000000000005,51.97750000000287],[3.9655000000000005,51.949000000002876],[3.9465000000000003,51.949000000002876],[3.9465000000000003,51.93950000000287],[3.879999999999999,51.93950000000287],[3.879999999999999,51.93000000000287],[3.8420000000000005,51.920500000002875],[3.8420000000000005,51.88250000000287],[3.8324999999999996,51.88250000000287],[3.8230000000000004,51.844500000002874],[3.8134999999999994,51.844500000002874],[3.8040000000000003,51.825500000002876],[3.756499999999999,51.825500000002876],[3.756499999999999,51.81600000000287],[3.737499999999999,51.81600000000287],[3.737499999999999,51.80650000000287],[3.7089999999999996,51.80650000000287],[3.7089999999999996,51.797000000002875],[3.6899999999999995,51.797000000002875],[3.6899999999999995,51.78750000000287],[3.6425,51.78750000000287],[3.632999999999999,51.768500000002874],[3.613999999999999,51.768500000002874],[3.613999999999999,51.75900000000287],[3.5854999999999997,51.75900000000287],[3.5854999999999997,51.749500000002875],[3.5474999999999994,51.749500000002875],[3.5474999999999994,51.721000000002874],[3.5760000000000005,51.721000000002874],[3.5760000000000005,51.71150000000287],[3.5474999999999994,51.71150000000287],[3.5474999999999994,51.702000000002876],[3.5380000000000003,51.702000000002876],[3.5380000000000003,51.673500000002875],[3.5760000000000005,51.673500000002875],[3.5760000000000005,51.68300000000287],[3.6899999999999995,51.68300000000287],[3.6899999999999995,51.673500000002875],[3.7089999999999996,51.673500000002875],[3.7089999999999996,51.66400000000287],[3.7185000000000006,51.66400000000287],[3.7185000000000006,51.65450000000288],[3.6899999999999995,51.65450000000288],[3.6899999999999995,51.626000000002875],[3.6995000000000005,51.626000000002875],[3.6995000000000005,51.61650000000287],[3.7279999999999998,51.61650000000287],[3.7279999999999998,51.60700000000287],[3.6995000000000005,51.60700000000287],[3.6899999999999995,51.58800000000287],[3.6805000000000003,51.58800000000287],[3.6805000000000003,51.60700000000287],[3.6519999999999992,51.60700000000287],[3.6425,51.58800000000287],[3.632999999999999,51.58800000000287],[3.632999999999999,51.56900000000287],[3.5380000000000003,51.56900000000287],[3.5284999999999993,51.58800000000287],[3.5,51.58800000000287],[3.490499999999999,51.56900000000287],[3.481,51.56900000000287],[3.481,51.550000000002875],[3.4619999999999997,51.55950000000287],[3.4619999999999997,51.56900000000287],[3.4429999999999996,51.56900000000287],[3.4429999999999996,51.597500000002874],[3.4239999999999995,51.597500000002874],[3.4239999999999995,51.60700000000287],[3.3765,51.60700000000287],[3.3765,51.578500000002876],[3.3859999999999992,51.578500000002876],[3.3859999999999992,51.55950000000287],[3.3955,51.55950000000287],[3.3955,51.550000000002875],[3.347999999999999,51.550000000002875],[3.347999999999999,51.56900000000287],[3.2910000000000004,51.56900000000287],[3.2910000000000004,51.55950000000287],[3.253,51.550000000002875],[3.253,51.54050000000287],[3.234,51.54050000000287],[3.234,51.53100000000288],[3.215,51.53100000000288],[3.205499999999999,51.51200000000287],[3.1579999999999995,51.51200000000287],[3.1579999999999995,51.48350000000287],[3.1389999999999993,51.48350000000287],[3.1389999999999993,51.474000000002874],[3.100999999999999,51.474000000002874],[3.100999999999999,51.40750000000288],[3.1865000000000006,51.40750000000288],[3.1865000000000006,51.41700000000287],[3.215,51.41700000000287],[3.215,51.426500000002875],[3.2814999999999994,51.426500000002875],[3.2814999999999994,51.455000000002876],[3.253,51.455000000002876],[3.253,51.474000000002874],[3.2720000000000002,51.474000000002874],[3.2720000000000002,51.46450000000287],[3.3004999999999995,51.46450000000287],[3.3004999999999995,51.455000000002876],[3.3100000000000005,51.455000000002876],[3.3100000000000005,51.426500000002875],[3.347999999999999,51.426500000002875],[3.347999999999999,51.43600000000287],[3.366999999999999,51.43600000000287],[3.366999999999999,51.44550000000287],[3.3765,51.44550000000287],[3.3859999999999992,51.426500000002875],[3.6425,51.426500000002875],[3.6425,51.43600000000287],[3.6615,51.43600000000287],[3.6615,51.426500000002875],[3.6899999999999995,51.426500000002875],[3.6995000000000005,51.44550000000287],[3.7089999999999996,51.44550000000287],[3.7089999999999996,51.46450000000287],[3.7185000000000006,51.46450000000287],[3.7185000000000006,51.48350000000287],[3.747,51.48350000000287],[3.747,51.44550000000287],[3.737499999999999,51.44550000000287],[3.737499999999999,51.38850000000287],[3.766,51.38850000000287],[3.775499999999999,51.40750000000288],[3.785,51.40750000000288],[3.7944999999999993,51.44550000000287],[3.8040000000000003,51.44550000000287],[3.8040000000000003,51.474000000002874],[3.8134999999999994,51.474000000002874],[3.8134999999999994,51.38850000000287],[3.8230000000000004,51.38850000000287],[3.8230000000000004,51.36950000000287],[3.8134999999999994,51.36950000000287],[3.8134999999999994,51.331500000002876],[3.8040000000000003,51.331500000002876],[3.8040000000000003,51.303000000002875],[3.7944999999999993,51.303000000002875],[3.7944999999999993,51.28400000000288],[3.785,51.28400000000288],[3.785,51.26500000000287],[3.775499999999999,51.26500000000287],[3.775499999999999,51.31250000000287],[3.766,51.31250000000287],[3.766,51.34100000000287],[3.747,51.34100000000287],[3.747,51.36000000000287],[3.7279999999999998,51.36000000000287],[3.7185000000000006,51.379000000002875],[3.6995000000000005,51.379000000002875],[3.6899999999999995,51.398000000002874],[3.6235,51.398000000002874],[3.6235,51.40750000000288],[3.5380000000000003,51.40750000000288],[3.5380000000000003,51.398000000002874],[3.5284999999999993,51.398000000002874],[3.5284999999999993,51.32200000000287],[3.519,51.32200000000287],[3.519,51.36000000000287],[3.509499999999999,51.36000000000287],[3.509499999999999,51.398000000002874],[3.471499999999999,51.398000000002874],[3.471499999999999,51.379000000002875],[3.4619999999999997,51.379000000002875],[3.4619999999999997,51.350500000002874],[3.4429999999999996,51.36000000000287],[3.4429999999999996,51.36950000000287],[3.4335000000000004,51.36950000000287],[3.4239999999999995,51.38850000000287],[3.4049999999999994,51.38850000000287],[3.4049999999999994,51.398000000002874],[3.366999999999999,51.398000000002874],[3.366999999999999,51.38850000000287],[3.3575,51.38850000000287],[3.3575,51.379000000002875],[3.3385,51.379000000002875],[3.3385,51.36950000000287],[3.3194999999999997,51.36950000000287],[3.3194999999999997,51.379000000002875],[3.2910000000000004,51.379000000002875],[3.2910000000000004,51.36950000000287],[3.2624999999999993,51.36950000000287],[3.2624999999999993,51.36000000000287],[3.1675000000000004,51.36000000000287],[3.1675000000000004,51.34100000000287],[3.119999999999999,51.34100000000287],[3.119999999999999,51.32200000000287],[3.0725,51.32200000000287],[3.0725,51.28400000000288],[3.0534999999999997,51.28400000000288],[3.0440000000000005,51.303000000002875],[3.0250000000000004,51.303000000002875],[3.0250000000000004,51.331500000002876],[2.977499999999999,51.331500000002876],[2.977499999999999,51.32200000000287],[2.8255,51.32200000000287],[2.8255,51.303000000002875],[2.7780000000000005,51.303000000002875],[2.7684999999999995,51.28400000000288],[2.7205000000017985,51.28400000000288],[2.7192,51.28139999999928],[2.7123999999999997,51.28139999999928],[2.7123999999999997,51.277999999999274],[2.7055999999999996,51.274599999999275],[2.7055999999999996,51.267799999999276],[2.7021999999999995,51.267799999999276],[2.6987999999999994,51.26099999999928],[2.6953999999999994,51.26099999999928],[2.6987999999999994,51.28139999999928],[2.7021999999999995,51.28139999999928],[2.703500000001798,51.28400000000288],[2.692499999999999,51.28400000000288],[2.683,51.26500000000287],[2.6449999999999996,51.255500000002876],[2.6449999999999996,51.227000000002874],[2.6342,51.227000000002874],[2.6342,51.22699999999928],[2.6273999999999997,51.22699999999928],[2.6273999999999997,51.22359999999928],[2.6259999999999994,51.22359999999928],[2.6259999999999994,51.21750000000287],[2.6069999999999993,51.208000000002876],[2.5975,51.18900000000287],[2.568999999999999,51.18900000000287],[2.568999999999999,51.16050000000287],[2.6069999999999993,51.16050000000287],[2.6069999999999993,51.158999999999274],[2.6103999999999994,51.16579999999928],[2.6239999999999997,51.16579999999928],[2.6239999999999997,51.16239999999928],[2.6205999999999996,51.16239999999928],[2.6171999999999995,51.155599999999275],[2.6069999999999993,51.155599999999275],[2.6069999999999993,51.151000000002874],[2.601300000001799,51.151000000002874],[2.6002,51.14879999999928],[2.5831999999999997,51.14879999999928],[2.5831999999999997,51.14539999999928],[2.5763999999999996,51.14539999999928],[2.5763999999999996,51.14199999999928],[2.5739999999982013,51.14199999999928],[2.568999999999999,51.132000000002876],[2.556,51.132000000002876],[2.556,51.128399999999274],[2.5481999999981992,51.128399999999274],[2.5404999999999998,51.11300000000287],[2.5219999999999994,51.11300000000287],[2.5219999999999994,51.101199999999274],[2.5253999999999994,51.101199999999274],[2.5253999999999994,51.097799999999275],[2.5120000000000005,51.097799999999275],[2.5120000000000005,51.09400000000287],[2.509900000001798,51.09400000000287],[2.5084,51.090999999999276],[2.5024999999999995,51.090999999999276],[2.5024999999999995,51.06550000000287],[2.5120000000000005,51.06550000000287],[2.5120000000000005,51.027500000002874],[2.5214999999999996,51.027500000002874],[2.5214999999999996,51.01800000000287],[2.5120000000000005,51.01800000000287],[2.5120000000000005,50.98950000000287],[2.5214999999999996,50.98950000000287],[2.5214999999999996,50.97050000000287],[2.5310000000000006,50.97050000000287],[2.5310000000000006,50.95150000000287],[2.5404999999999998,50.95150000000287],[2.5404999999999998,50.904000000002874],[2.5310000000000006,50.904000000002874],[2.5310000000000006,50.92300000000287],[2.5214999999999996,50.92300000000287],[2.5214999999999996,50.94200000000287],[2.5120000000000005,50.94200000000287],[2.5024999999999995,50.99900000000287],[2.4834999999999994,50.99900000000287],[2.4834999999999994,51.01800000000287],[2.474,51.01800000000287],[2.474,51.03700000000288],[2.4644999999999992,51.03700000000288],[2.4644999999999992,51.056000000002875],[2.455,51.056000000002875],[2.455,51.06550000000287],[2.4471999999999996,51.06550000000287],[2.4471999999999996,51.063799999999276],[2.4437999999999995,51.063799999999276],[2.4437999999999995,51.06550000000287],[2.42,51.06550000000287],[2.42,51.063799999999276],[2.417,51.063799999999276],[2.417,51.056000000002875],[2.302999999999999,51.056000000002875],[2.302999999999999,51.06039999999928],[2.2650000000000006,51.06039999999928],[2.2650000000000006,51.056000000002875],[2.2398,51.056000000002875],[2.2398,51.05359999999928],[2.2295999999999996,51.05359999999928],[2.2295999999999996,51.05019999999928],[2.2270000000000003,51.05019999999928],[2.2270000000000003,51.04650000000287],[2.203950000001796,51.04650000000287],[2.2024,51.04339999999928],[2.189,51.04339999999928],[2.189,51.03700000000288],[2.1513999999999998,51.03700000000288],[2.1513999999999998,51.036599999999275],[2.1479999999999997,51.036599999999275],[2.1445999999999996,51.02979999999928],[2.1319999999999997,51.02979999999928],[2.1319999999999997,51.027500000002874],[2.116250000001798,51.027500000002874],[2.114,51.02299999999928],[2.1035000000000004,51.02299999999928],[2.1035000000000004,51.01800000000287],[2.08,51.01800000000287],[2.08,51.01619999999928],[2.0527999999999995,51.01619999999928],[2.0527999999999995,51.012799999999274],[2.0392,51.012799999999274],[2.0392,51.009399999999275],[2.036999999999999,51.009399999999275],[2.036999999999999,51.008500000002876],[2.0119999999999996,51.008500000002876],[2.0119999999999996,51.005999999999275],[1.9989999999999997,51.005999999999275],[1.9989999999999997,50.99900000000287],[1.9218000000017978,50.99900000000287],[1.9202,50.99579999999928],[1.9099999999999997,50.99579999999928],[1.9065999999999996,50.98899999999928],[1.8983090909071305,50.98761818181713],[1.8944999999999999,50.980000000002875],[1.8623999999999996,50.980000000002875],[1.8623999999999996,50.978799999999275],[1.8556,50.978799999999275],[1.8556,50.975399999999276],[1.8469999999999995,50.975399999999276],[1.8469999999999995,50.961000000002876],[1.7995,50.961000000002876],[1.7995,50.95150000000287],[1.7502,50.95150000000287],[1.7502,50.948199999999275],[1.7424999999999997,50.948199999999275],[1.7424999999999997,50.94200000000287],[1.7331999999999996,50.94200000000287],[1.7331999999999996,50.94139999999928],[1.7329999999999997,50.94139999999928],[1.7329999999999997,50.904000000002874],[1.7234999999999996,50.904000000002874],[1.7234999999999996,50.91350000000287],[1.6801500000017966,50.91350000000287],[1.6787999999999998,50.91079999999928],[1.6760000000000002,50.91079999999928],[1.6760000000000002,50.904000000002874],[1.6685999999999996,50.904000000002874],[1.6685999999999996,50.90399999999928],[1.6618,50.90399999999928],[1.6583999999999999,50.89719999999928],[1.657,50.89719999999928],[1.657,50.89450000000287],[1.6502500000017963,50.89450000000287],[1.6481999999999997,50.890399999999275],[1.6345999999999998,50.890399999999275],[1.6311999999999998,50.88359999999928],[1.6243999999999996,50.88359999999928],[1.6243999999999996,50.88019999999928],[1.6176,50.88019999999928],[1.6176,50.87679999999928],[1.6094999999999997,50.87679999999928],[1.6094999999999997,50.856500000002875],[1.5904999999999996,50.856500000002875],[1.5904999999999996,50.84700000000287],[1.5809999999999995,50.84700000000287],[1.5809999999999995,50.825799999999276],[1.5835999999999997,50.825799999999276],[1.5835999999999997,50.809000000002875],[1.5904999999999996,50.809000000002875],[1.5904999999999996,50.780500000002874],[1.5835999999999997,50.780500000002874],[1.5835999999999997,50.767999999999276],[1.5809999999999995,50.767999999999276],[1.5809999999999995,50.75200000000287],[1.5699999999999998,50.746500000002875],[1.5699999999999998,50.744199999999275],[1.5665999999999998,50.744199999999275],[1.5665999999999998,50.737399999999276],[1.5631999999999997,50.737399999999276],[1.5631999999999997,50.72379999999928],[1.5619999999999994,50.72379999999928],[1.5619999999999994,50.581000000002874],[1.5564,50.581000000002874],[1.5564,50.58099999999928],[1.553,50.58099999999928],[1.553,50.560599999999276],[1.5525000000000002,50.560599999999276],[1.5525000000000002,50.51979999999928],[1.553,50.51979999999928],[1.553,50.51639999999928],[1.5525000000000002,50.51639999999928],[1.5525000000000002,50.47650000000287],[1.5335,50.47650000000287],[1.5335,50.457500000002874],[1.524,50.457500000002874],[1.524,50.438500000002875],[1.5145,50.438500000002875],[1.5145,50.41950000000287],[1.4954999999999998,50.410000000002874],[1.4954999999999998,50.40050000000287],[1.4669999999999996,50.40050000000287],[1.4669999999999996,50.38150000000287],[1.4479999999999995,50.38150000000287],[1.4479999999999995,50.362500000002875],[1.4384999999999994,50.362500000002875],[1.4384999999999994,50.32450000000287],[1.4574999999999996,50.315000000002875],[1.4574999999999996,50.30550000000287],[1.4100000000000001,50.30550000000287],[1.4100000000000001,50.28519999999928],[1.4101999999999997,50.28519999999928],[1.4101999999999997,50.27839999999928],[1.4135999999999997,50.27839999999928],[1.4135999999999997,50.27700000000287],[1.4195000000000002,50.27700000000287],[1.4195000000000002,50.27499999999928],[1.4203999999999999,50.27499999999928],[1.4203999999999999,50.268199999999275],[1.4195000000000002,50.268199999999275],[1.4195000000000002,50.267500000002876],[1.391,50.267500000002876],[1.391,50.24850000000287],[1.3592,50.24850000000287],[1.3592,50.240999999999275],[1.3492499999982015,50.240999999999275],[1.3434999999999997,50.22950000000287],[1.3244999999999996,50.22950000000287],[1.3244999999999996,50.22000000000287],[1.315,50.22000000000287],[1.315,50.21719999999928],[1.3149999999999995,50.21719999999928],[1.3149999999999995,50.191500000002875],[1.315,50.191500000002875],[1.315,50.19339999999928],[1.3251999999999997,50.19339999999928],[1.3251999999999997,50.18999999999928],[1.3285999999999998,50.18999999999928],[1.3285999999999998,50.186599999999274],[1.3354,50.186599999999274],[1.3354,50.183199999999275],[1.3285999999999998,50.183199999999275],[1.3285999999999998,50.179799999999275],[1.3184,50.179799999999275],[1.3184,50.18200000000287],[1.3054999999999994,50.18200000000287],[1.3054999999999994,50.20100000000287],[1.3013999999999997,50.20100000000287],[1.3013999999999997,50.19679999999928],[1.2946,50.19679999999928],[1.2946,50.20019999999928],[1.2912,50.20019999999928],[1.2912,50.20100000000287],[1.2605999999999997,50.20100000000287],[1.2605999999999997,50.20019999999928],[1.258,50.20019999999928],[1.258,50.191500000002875],[1.2294999999999998,50.191500000002875],[1.2294999999999998,50.19548999999928],[1.2163999999999997,50.19679999999928],[1.2163999999999997,50.206999999999276],[1.2197999999999998,50.206999999999276],[1.2197999999999998,50.20359999999928],[1.2294999999999998,50.20359999999928],[1.2294999999999998,50.210500000002874],[1.2367999999999997,50.210500000002874],[1.2367999999999997,50.213799999999274],[1.2389999999999999,50.213799999999274],[1.2389999999999999,50.22000000000287],[1.2469999999999999,50.22000000000287],[1.2469999999999999,50.22739999999928],[1.2504,50.22739999999928],[1.2538,50.22059999999928],[1.2742,50.22059999999928],[1.2742,50.237599999999276],[1.2770000000000001,50.237599999999276],[1.2770000000000001,50.239000000002875],[1.2843999999999998,50.239000000002875],[1.2843999999999998,50.240999999999275],[1.2877999999999998,50.240999999999275],[1.2877999999999998,50.239000000002875],[1.3047999999999997,50.239000000002875],[1.3047999999999997,50.240999999999275],[1.3054999999999994,50.240999999999275],[1.3054999999999994,50.267500000002876],[1.2742,50.267500000002876],[1.2742,50.25799999999928],[1.2708,50.25799999999928],[1.2708,50.26139999999928],[1.2675,50.26139999999928],[1.2675,50.24850000000287],[1.2505750000008975,50.24850000000287],[1.2504,50.24779999999928],[1.2401999999999997,50.24779999999928],[1.2401999999999997,50.240999999999275],[1.2389999999999999,50.240999999999275],[1.2389999999999999,50.239000000002875],[1.2231999999999998,50.239000000002875],[1.2231999999999998,50.237599999999276],[1.2129999999999996,50.237599999999276],[1.2129999999999996,50.239000000002875],[1.1724999999999994,50.239000000002875],[1.1724999999999994,50.22950000000287],[1.1630000000000003,50.22950000000287],[1.1630000000000003,50.19339999999928],[1.1654,50.19339999999928],[1.1654,50.18999999999928],[1.1721999999999997,50.18999999999928],[1.1721999999999997,50.186599999999274],[1.1789999999999998,50.186599999999274],[1.1789999999999998,50.183199999999275],[1.1925999999999997,50.183199999999275],[1.1925999999999997,50.18200000000287],[1.2104999999999997,50.18200000000287],[1.2104999999999997,50.17799999999928],[1.2129999999999996,50.17299999999928],[1.2197999999999998,50.17299999999928],[1.2197999999999998,50.16959999999928],[1.2231999999999998,50.16959999999928],[1.2231999999999998,50.16619999999928],[1.2266,50.16619999999928],[1.2266,50.16279999999928],[1.2333999999999996,50.15939999999928],[1.2333999999999996,50.15350000000287],[1.2389999999999999,50.15350000000287],[1.2389999999999999,50.149199999999276],[1.2469999999999999,50.149199999999276],[1.2469999999999999,50.13899999999928],[1.2389999999999999,50.13899999999928],[1.2389999999999999,50.12500000000287],[1.2435999999999998,50.12500000000287],[1.2435999999999998,50.125399999999274],[1.2639999999999998,50.125399999999274],[1.2639999999999998,50.12500000000287],[1.2770000000000001,50.12500000000287],[1.278500000001798,50.121999999999275],[1.2843999999999998,50.121999999999275],[1.2843999999999998,50.118599999999276],[1.2877999999999998,50.118599999999276],[1.2877999999999998,50.10839999999928],[1.2912,50.10839999999928],[1.2912,50.10499999999928],[1.2979999999999996,50.10499999999928],[1.3011666666642698,50.09866666667074],[1.3021000000071896,50.09819999999928],[1.3081999999999998,50.09819999999928],[1.3081999999999998,50.091399999999275],[1.315,50.091399999999275],[1.315,50.08459999999928],[1.3184,50.08459999999928],[1.3184,50.08119999999928],[1.3149999999999995,50.08119999999928],[1.3149999999999995,50.07750000000287],[1.2959999999999994,50.07750000000287],[1.2959999999999994,50.07099999999928],[1.2979999999999996,50.07099999999928],[1.2979999999999996,50.04719999999928],[1.2865000000000002,50.04432499999928],[1.2865000000000002,50.039500000002874],[1.282250000001799,50.039500000002874],[1.2809999999999997,50.036999999999274],[1.2708,50.036999999999274],[1.2708,50.033599999999275],[1.2675,50.03194999999928],[1.2675,50.03000000000287],[1.2639999999999998,50.03000000000287],[1.2639999999999998,50.02339999999928],[1.2199999999999998,50.02339999999928],[1.2199999999999998,50.020500000002876],[1.2197999999999998,50.020500000002876],[1.2197999999999998,50.01659999999928],[1.2104999999999997,50.01659999999928],[1.2104999999999997,49.992000000002875],[1.1939000000017983,49.992000000002875],[1.1925999999999997,49.98939999999928],[1.1789999999999998,49.98939999999928],[1.1776999999982012,49.992000000002875],[1.1535000000000002,49.992000000002875],[1.1517999999999997,49.988600000002876],[1.1517999999999997,49.98259999999928],[1.1487999999982041,49.98259999999928],[1.1440000000000001,49.97300000000287],[1.1313999999999997,49.97300000000287],[1.1313999999999997,49.968999999999276],[1.1279999999999997,49.968999999999276],[1.1279999999999997,49.96559999999928],[1.125,49.96559999999928],[1.125,49.963500000002874],[1.0964999999999998,49.963500000002874],[1.0964999999999998,49.95400000000287],[1.0566,49.95400000000287],[1.0566,49.95199999999928],[1.0497999999999998,49.95199999999928],[1.0487999999982043,49.95400000000287],[1.0293999999999999,49.95400000000287],[1.0293999999999999,49.95199999999928],[1.0110000000000001,49.95199999999928],[1.0110000000000001,49.93500000000287],[0.9988000000017974,49.93500000000287],[0.9987999999999997,49.93499999999928],[0.992,49.93499999999928],[0.992,49.93159999999928],[0.9851999999999999,49.93159999999928],[0.9851999999999999,49.92819999999928],[0.9539999999999997,49.92819999999928],[0.9539999999999997,49.92550000000287],[0.90605333333525,49.91950666666978],[0.9036,49.914599999999275],[0.8832,49.911199999999276],[0.8832,49.90779999999928],[0.8780000000000001,49.90779999999928],[0.8780000000000001,49.90650000000287],[0.8661999999999996,49.90650000000287],[0.8661999999999996,49.90439999999928],[0.8593999999999999,49.90439999999928],[0.8593999999999999,49.90099999999928],[0.8494999999999999,49.90099999999928],[0.8494999999999999,49.897000000002876],[0.8291842105282079,49.894968421055694],[0.8287999999999998,49.89419999999928],[0.8214999999640488,49.89419999999928],[0.8083999999999998,49.89289000000287],[0.8083999999999998,49.890799999999274],[0.7913999999999999,49.890799999999274],[0.7913999999999999,49.887399999999275],[0.7675999999999998,49.887399999999275],[0.7641999999999998,49.880599999999276],[0.7545000000000002,49.880599999999276],[0.7545000000000002,49.87800000000287],[0.7233999999999998,49.87800000000287],[0.7233999999999998,49.87719999999928],[0.7160999999982032,49.87719999999928],[0.7069999999999999,49.85900000000287],[0.6879999999999997,49.85900000000287],[0.6879999999999997,49.87379999999928],[0.6594999999999995,49.87379999999928],[0.6594999999999995,49.85900000000287],[0.6499999999999995,49.85900000000287],[0.6499999999999995,49.868500000002875],[0.6306500000017976,49.868500000002875],[0.6281999999999996,49.86359999999928],[0.6215000000000002,49.86359999999928],[0.6215000000000002,49.85900000000287],[0.6025,49.85900000000287],[0.6025,49.821000000002876],[0.593,49.821000000002876],[0.593,49.84950000000288],[0.5499999999999998,49.844125000002876],[0.5499999999999998,49.84319999999928],[0.5431999999999997,49.84319999999928],[0.5431999999999997,49.83979999999928],[0.5329999999999999,49.83979999999928],[0.5329999999999999,49.83639999999928],[0.5261999999999998,49.83639999999928],[0.5261999999999998,49.832999999999274],[0.5169999999999995,49.832999999999274],[0.5169999999999995,49.83050000000287],[0.4980000000000002,49.821000000002876],[0.4980000000000002,49.81150000000287],[0.469550000001797,49.81150000000287],[0.4683999999999999,49.80919999999928],[0.45999999999999996,49.80919999999928],[0.45999999999999996,49.80200000000287],[0.4445999999999999,49.80200000000287],[0.4445999999999999,49.798999999999275],[0.43779999999999974,49.798999999999275],[0.43779999999999974,49.795599999999276],[0.4314999999999998,49.795599999999276],[0.4314999999999998,49.792500000002875],[0.4241999999999999,49.792500000002875],[0.4241999999999999,49.792199999999276],[0.41739999999999977,49.792199999999276],[0.41739999999999977,49.78879999999928],[0.41249999999999964,49.78879999999928],[0.41249999999999964,49.78300000000287],[0.40430000000179656,49.78300000000287],[0.40379999999999994,49.78199999999928],[0.39359999999999973,49.78199999999928],[0.39359999999999973,49.77859999999928],[0.38680000000000003,49.77859999999928],[0.38680000000000003,49.77519999999928],[0.38399999999999945,49.77519999999928],[0.38399999999999945,49.773500000002876],[0.3765999999999998,49.773500000002876],[0.3765999999999998,49.771799999999274],[0.3745000000000003,49.770749999999275],[0.3745000000000003,49.75450000000287],[0.3357999999999999,49.75450000000287],[0.3357999999999999,49.75139999999928],[0.32699999999999996,49.75139999999928],[0.32699999999999996,49.745000000002875],[0.3105000000017986,49.745000000002875],[0.30859999999999976,49.741199999999274],[0.30799999999999983,49.741199999999274],[0.30799999999999983,49.716500000002874],[0.29849999999999977,49.716500000002874],[0.29849999999999977,49.70700000000287],[0.2889999999999997,49.70700000000287],[0.2889999999999997,49.72600000000287],[0.22019999999999973,49.72600000000287],[0.22019999999999973,49.72419999999928],[0.21340000000000003,49.72419999999928],[0.21340000000000003,49.72079999999928],[0.20319999999999983,49.72079999999928],[0.19979999999999976,49.713999999999274],[0.19749999999820156,49.713999999999274],[0.19399999999999995,49.70700000000287],[0.17939999999999978,49.70700000000287],[0.17939999999999978,49.70039999999928],[0.1759999999999997,49.70039999999928],[0.1759999999999997,49.69699999999928],[0.16920000000000002,49.69699999999928],[0.16920000000000002,49.68679999999928],[0.16239999999999988,49.68679999999928],[0.16239999999999988,49.683399999999274],[0.14539999999999997,49.683399999999274],[0.14539999999999997,49.679999999999275],[0.13859999999999983,49.676599999999276],[0.13859999999999983,49.66299999999928],[0.13699999999999957,49.66299999999928],[0.13699999999999957,49.65950000000287],[0.1080000000000001,49.645000000002874],[0.1080000000000001,49.64259999999928],[0.10460000000000003,49.64259999999928],[0.10119999999999996,49.62899999999928],[0.0990000000000002,49.62899999999928],[0.0990000000000002,49.60519999999928],[0.10460000000000003,49.60519999999928],[0.10460000000000003,49.594999999999274],[0.10119999999999996,49.594999999999274],[0.10119999999999996,49.588199999999276],[0.09439999999999982,49.588199999999276],[0.09439999999999982,49.58139999999928],[0.08759999999999968,49.58139999999928],[0.08759999999999968,49.57459999999928],[0.08420000000000005,49.57459999999928],[0.08420000000000005,49.564399999999274],[0.08079999999999998,49.564399999999274],[0.07739999999999991,49.557599999999276],[0.07399999999999984,49.557599999999276],[0.07399999999999984,49.55079999999928],[0.07050000000000001,49.549049999999276],[0.07050000000000001,49.545500000002875],[0.0671999999999997,49.54385000000288],[0.0671999999999997,49.533799999999275],[0.06040000000000001,49.530399999999275],[0.06040000000000001,49.52019999999928],[0.05149999999999988,49.52019999999928],[0.05149999999999988,49.517000000002874],[0.03249999999999975,49.517000000002874],[0.03249999999999975,49.53600000000287],[0.013499999999999623,49.53600000000287],[0.013499999999999623,49.545500000002875],[0.0039999999999995595,49.545500000002875],[0.0039999999999995595,49.55044999999928],[0.0025999999999997137,49.55079999999928],[0.0025999999999997137,49.557599999999276],[0.0039999999999995595,49.557599999999276],[0.0039999999999995595,49.56450000000287],[0.013499999999999623,49.56450000000287],[0.013499999999999623,49.557599999999276],[0.026399999999999757,49.557599999999276],[0.026399999999999757,49.55500000000287],[0.041999999999999815,49.55500000000287],[0.041999999999999815,49.58350000000287],[0.013499999999999623,49.58350000000287],[0.013499999999999623,49.591599999999275],[0.005999999999999783,49.591599999999275],[0.005999999999999783,49.593000000002874],[-0.004200000000000204,49.593000000002874],[-0.004200000000000204,49.588199999999276],[-0.01100000000000012,49.588199999999276],[-0.01100000000000012,49.591599999999275],[-0.017800000000000038,49.591599999999275],[-0.017800000000000038,49.593000000002874],[-0.04500000000000015,49.593000000002874],[-0.04500000000000015,49.591599999999275],[-0.0625,49.591599999999275],[-0.0625,49.58350000000287],[-0.09100000000000019,49.58350000000287],[-0.09100000000000019,49.574000000002876],[-0.14800000000000058,49.574000000002876],[-0.14800000000000058,49.56450000000287],[-0.16699999999999982,49.56450000000287],[-0.16699999999999982,49.55500000000287],[-0.1946000000000001,49.55500000000287],[-0.1946000000000001,49.55419999999928],[-0.1955,49.55419999999928],[-0.1955,49.53600000000287],[-0.20500000000000007,49.53600000000287],[-0.20500000000000007,49.526500000002876],[-0.2240000000000002,49.526500000002876],[-0.2240000000000002,49.517000000002874],[-0.23350000000000026,49.517000000002874],[-0.23350000000000026,49.498000000002875],[-0.2515999999982006,49.498000000002875],[-0.2524000000000002,49.49639999999928],[-0.2525000000000004,49.49639999999928],[-0.2525000000000004,49.47939999999928],[-0.2524000000000002,49.47939999999928],[-0.2524000000000002,49.469500000002874],[-0.24300000000000033,49.469500000002874],[-0.24300000000000033,49.46579999999928],[-0.23540000000000005,49.46579999999928],[-0.23540000000000005,49.46239999999928],[-0.22860000000000014,49.46239999999928],[-0.22860000000000014,49.45899999999928],[-0.22520000000000007,49.45899999999928],[-0.22520000000000007,49.45559999999928],[-0.23880000000000012,49.44879999999928],[-0.23880000000000012,49.441999999999275],[-0.24560000000000004,49.441999999999275],[-0.24560000000000004,49.43519999999928],[-0.2524000000000002,49.43519999999928],[-0.2524000000000002,49.438599999999276],[-0.2490000000000001,49.438599999999276],[-0.2490000000000001,49.450500000002876],[-0.2525000000000004,49.450500000002876],[-0.2525000000000004,49.44100000000287],[-0.2592000000000001,49.44100000000287],[-0.2592000000000001,49.438599999999276],[-0.2694000000000001,49.438599999999276],[-0.2694000000000001,49.43519999999928],[-0.2715000000000005,49.43519999999928],[-0.2715000000000005,49.43150000000287],[-0.2966000000000002,49.43150000000287],[-0.2966000000000002,49.414799999999275],[-0.2999999999999998,49.414799999999275],[-0.2999999999999998,49.393500000002874],[-0.3034000000000001,49.393500000002874],[-0.3034000000000001,49.39099999999928],[-0.3068000000000002,49.39099999999928],[-0.3068000000000002,49.384199999999275],[-0.3094999999999999,49.38284999999927],[-0.3094999999999999,49.374500000002875],[-0.31700000000000017,49.374500000002875],[-0.31700000000000017,49.37399999999928],[-0.3192500000017988,49.37399999999928],[-0.3204,49.371700000002875],[-0.3204,49.36719999999928],[-0.32265000000179833,49.36719999999928],[-0.3285,49.35550000000288],[-0.33984999999819904,49.35550000000288],[-0.3408,49.353599999999275],[-0.38160000000000016,49.353599999999275],[-0.38160000000000016,49.35550000000288],[-0.39500000000000046,49.35550000000288],[-0.39500000000000046,49.36500000000287],[-0.43299999999999983,49.36500000000287],[-0.43299999999999983,49.36719999999928],[-0.43600000000000017,49.36719999999928],[-0.4394,49.37399999999928],[-0.4496,49.37399999999928],[-0.4496,49.374500000002875],[-0.4935499999982011,49.374500000002875],[-0.4938,49.37399999999928],[-0.4950000000000001,49.37399999999928],[-0.4950000000000001,49.37359999999928],[-0.5006000000000002,49.37359999999928],[-0.5006000000000002,49.36719999999928],[-0.5018000000000002,49.36719999999928],[-0.5018000000000002,49.36679999999928],[-0.5052000000000003,49.36679999999928],[-0.5086000000000004,49.359999999999275],[-0.5154000000000005,49.363399999999274],[-0.5154000000000005,49.36679999999928],[-0.5222000000000007,49.36679999999928],[-0.5222000000000007,49.37019999999928],[-0.5324,49.37019999999928],[-0.5324,49.37359999999928],[-0.5483999999999996,49.37359999999928],[-0.5494000000000003,49.371599999999276],[-0.5494000000000003,49.36679999999928],[-0.5562000000000005,49.36679999999928],[-0.5562000000000005,49.363399999999274],[-0.5664000000000007,49.363399999999274],[-0.5664000000000007,49.36679999999928],[-0.5754999999999999,49.36679999999928],[-0.5754999999999999,49.36500000000287],[-0.5800000000000001,49.362750000002876],[-0.5800000000000001,49.359999999999275],[-0.5834000000000001,49.359999999999275],[-0.5834000000000001,49.356599999999275],[-0.592300000007202,49.356599999999275],[-0.5945,49.35550000000288],[-0.5967499999981991,49.359999999999275],[-0.6004000000000005,49.359999999999275],[-0.6038000000000006,49.36679999999928],[-0.6547999999999998,49.36679999999928],[-0.6547999999999998,49.37019999999928],[-0.6718000000000002,49.37019999999928],[-0.6718000000000002,49.37359999999928],[-0.6820000000000004,49.37359999999928],[-0.6820000000000004,49.37699999999928],[-0.6922000000000006,49.37699999999928],[-0.6922000000000006,49.38039999999928],[-0.7228000000000003,49.38039999999928],[-0.7228000000000003,49.37359999999928],[-0.7398000000000007,49.37359999999928],[-0.7398000000000007,49.37019999999928],[-0.7534000000000001,49.37019999999928],[-0.7534000000000001,49.36679999999928],[-0.7704000000000004,49.36679999999928],[-0.7704000000000004,49.37019999999928],[-0.7772000000000006,49.37019999999928],[-0.7772000000000006,49.37359999999928],[-0.8010000000000002,49.37359999999928],[-0.8010000000000002,49.37699999999928],[-0.8044000000000002,49.37699999999928],[-0.8044000000000002,49.38039999999928],[-0.8112000000000004,49.38039999999928],[-0.8112000000000004,49.383799999999276],[-0.8281999999999998,49.383799999999276],[-0.8281999999999998,49.38039999999928],[-0.8723999999999998,49.38039999999928],[-0.8723999999999998,49.380799999999276],[-0.8746,49.380799999999276],[-0.8746,49.383799999999276],[-0.8792,49.383799999999276],[-0.8792,49.384199999999275],[-0.8814,49.384199999999275],[-0.8814,49.387199999999275],[-0.8996000000000004,49.387199999999275],[-0.8996000000000004,49.387599999999274],[-0.9018000000000002,49.387599999999274],[-0.9018000000000002,49.390599999999274],[-0.9098000000000006,49.390599999999274],[-0.9098000000000006,49.39099999999928],[-0.9120000000000001,49.39099999999928],[-0.9120000000000001,49.393500000002874],[-0.9365000000000006,49.393500000002874],[-0.9365000000000006,49.39779999999928],[-0.9426000000000001,49.39779999999928],[-0.9426000000000001,49.40079999999928],[-0.9573999999999998,49.40079999999928],[-0.9575999999999993,49.40119999999928],[-0.9834,49.40119999999928],[-0.9834,49.40799999999928],[-0.9970000000000001,49.40799999999928],[-0.9970000000000001,49.414799999999275],[-1.0004,49.414799999999275],[-1.0004,49.44100000000287],[-1.0220000000000002,49.44100000000287],[-1.0256999999982015,49.448399999999275],[-1.0424000000000002,49.448399999999275],[-1.0424000000000002,49.451799999999274],[-1.0594000000000001,49.451799999999274],[-1.0594000000000001,49.45519999999928],[-1.0730000000000004,49.45519999999928],[-1.0730000000000004,49.45859999999928],[-1.0934000000000004,49.45859999999928],[-1.0934000000000004,49.46000000000287],[-1.1075,49.46000000000287],[-1.1075,49.46539999999928],[-1.1172000000000004,49.46539999999928],[-1.1206,49.472199999999276],[-1.1308000000000002,49.472199999999276],[-1.1308000000000002,49.475599999999275],[-1.1376000000000004,49.478999999999274],[-1.1376000000000004,49.48239999999928],[-1.1308000000000002,49.48239999999928],[-1.1308000000000002,49.48850000000287],[-1.1360000000000001,49.48850000000287],[-1.1360000000000001,49.49689999999928],[-1.1382000000071968,49.498000000002875],[-1.1455000000000002,49.498000000002875],[-1.1455000000000002,49.51299999999928],[-1.1478000000000002,49.51299999999928],[-1.1498000000017972,49.517000000002874],[-1.1682000000000001,49.517000000002874],[-1.1682000000000001,49.506199999999275],[-1.1784000000000003,49.506199999999275],[-1.1784000000000003,49.50750000000287],[-1.1835000000000004,49.50750000000287],[-1.1835000000000004,49.509599999999274],[-1.1852,49.509599999999274],[-1.1852,49.51299999999928],[-1.2022000000000004,49.51299999999928],[-1.2042000000017972,49.517000000002874],[-1.2119999999999997,49.517000000002874],[-1.2119999999999997,49.51979999999928],[-1.2124000000000001,49.51979999999928],[-1.2124000000000001,49.52319999999928],[-1.2192000000000003,49.52659999999928],[-1.2192000000000003,49.533399999999276],[-1.2260000000000004,49.536799999999275],[-1.2260000000000004,49.54775000000287],[-1.2312999999928123,49.55039999999928],[-1.2362000000000002,49.55039999999928],[-1.2362000000000002,49.55285000000287],[-1.2380999999928137,49.55379999999928],[-1.2396000000000003,49.55379999999928],[-1.2396000000000003,49.55455000000287],[-1.2405,49.55500000000287],[-1.2405,49.563999999999275],[-1.2430000000000003,49.563999999999275],[-1.2430000000000003,49.57079999999928],[-1.2405,49.57079999999928],[-1.2405,49.58350000000287],[-1.2328000000000001,49.58350000000287],[-1.2328000000000001,49.58439999999928],[-1.2309999999999999,49.58439999999928],[-1.2309999999999999,49.60250000000288],[-1.2260000000000004,49.60250000000288],[-1.2260000000000004,49.60479999999928],[-1.2226000000000004,49.60479999999928],[-1.2226000000000004,49.61499999999928],[-1.2214999999999998,49.61499999999928],[-1.2214999999999998,49.628599999999274],[-1.2260000000000004,49.628599999999274],[-1.2260000000000004,49.633250000002874],[-1.2595,49.650000000002876],[-1.2595,49.67850000000287],[-1.2785000000000002,49.67850000000287],[-1.2785000000000002,49.68800000000287],[-1.3165000000000004,49.68800000000287],[-1.3165000000000004,49.697500000002876],[-1.3449999999999998,49.697500000002876],[-1.3449999999999998,49.70679999999928],[-1.3722000000000003,49.70679999999928],[-1.3722000000000003,49.70700000000287],[-1.3824,49.70700000000287],[-1.3824,49.70679999999928],[-1.4020000000000001,49.70679999999928],[-1.4020000000000001,49.697500000002876],[-1.4577999999784306,49.70679999999928],[-1.4590000000000005,49.70679999999928],[-1.4590000000000005,49.67850000000287],[-1.4684999999999997,49.67850000000287],[-1.4684999999999997,49.68800000000287],[-1.5116,49.68800000000287],[-1.5116,49.686399999999274],[-1.5286000000000004,49.686399999999274],[-1.5286000000000004,49.682999999999275],[-1.5388000000000002,49.682999999999275],[-1.5388000000000002,49.679599999999276],[-1.5445000000000002,49.679599999999276],[-1.5445000000000002,49.67850000000287],[-1.5490000000000004,49.67850000000287],[-1.5490000000000004,49.67279999999928],[-1.5730000000000004,49.67279999999928],[-1.5730000000000004,49.669000000002875],[-1.6476000000000002,49.669000000002875],[-1.6476000000000002,49.66599999999928],[-1.6544000000000003,49.66599999999928],[-1.6578000000000004,49.67279999999928],[-1.6646,49.67279999999928],[-1.6646,49.67619999999928],[-1.6782000000000004,49.67619999999928],[-1.6782000000000004,49.67850000000287],[-1.7155000000000005,49.67850000000287],[-1.7155000000000005,49.65950000000287],[-1.7250000000000005,49.65950000000287],[-1.7250000000000005,49.650000000002876],[-1.7344999999999997,49.650000000002876],[-1.7344999999999997,49.67850000000287],[-1.7439999999999998,49.67850000000287],[-1.7439999999999998,49.686399999999274],[-1.7564000000000002,49.686399999999274],[-1.7564000000000002,49.682999999999275],[-1.7598000000000003,49.682999999999275],[-1.7598000000000003,49.686399999999274],[-1.7733000000017993,49.686399999999274],[-1.782,49.669000000002875],[-1.8010000000000002,49.669000000002875],[-1.8010000000000002,49.686399999999274],[-1.8108,49.686399999999274],[-1.8108,49.68800000000287],[-1.8390000000000004,49.68800000000287],[-1.8390000000000004,49.669000000002875],[-1.8485000000000005,49.669000000002875],[-1.8485000000000005,49.68800000000287],[-1.9055,49.68800000000287],[-1.9055,49.65950000000287],[-1.9048999999928033,49.659199999999274],[-1.8924000000000003,49.659199999999274],[-1.891566666667147,49.65253333333645],[-1.8864999999999998,49.650000000002876],[-1.8864999999999998,49.63199999999928],[-1.8856000000000002,49.63199999999928],[-1.8846333333357286,49.630066666670736],[-1.8748999999928024,49.625199999999275],[-1.8720000000000003,49.625199999999275],[-1.8720000000000003,49.62375000000287],[-1.8674999999999997,49.621500000002875],[-1.8674999999999997,49.61499999999928],[-1.8618000000000001,49.61499999999928],[-1.8618000000000001,49.60819999999928],[-1.8584,49.60819999999928],[-1.8584,49.60479999999928],[-1.8516000000000004,49.60479999999928],[-1.8516000000000004,49.597999999999274],[-1.8482000000000003,49.597999999999274],[-1.8482000000000003,49.57759999999928],[-1.8516000000000004,49.57759999999928],[-1.8516000000000004,49.57419999999928],[-1.8580000000000005,49.57419999999928],[-1.8580000000000005,49.574000000002876],[-1.8584,49.573800000002876],[-1.8584,49.57079999999928],[-1.8618000000000001,49.57079999999928],[-1.8618000000000001,49.560599999999276],[-1.8652000000000002,49.560599999999276],[-1.8686000000000003,49.55379999999928],[-1.8754,49.55379999999928],[-1.8754,49.55039999999928],[-1.8769999999999998,49.54959999999928],[-1.8769999999999998,49.526500000002876],[-1.8674999999999997,49.526500000002876],[-1.8674999999999997,49.517000000002874],[-1.8769999999999998,49.517000000002874],[-1.8769999999999998,49.51639999999928],[-1.8720000000000003,49.51639999999928],[-1.8720000000000003,49.49939999999928],[-1.8686000000000003,49.49939999999928],[-1.8652000000000002,49.49259999999928],[-1.8618000000000001,49.49259999999928],[-1.8618000000000001,49.48850000000287],[-1.8580000000000005,49.48850000000287],[-1.8580000000000005,49.48239999999928],[-1.8516000000000004,49.48239999999928],[-1.8516000000000004,49.47900000000287],[-1.8485000000000005,49.47900000000287],[-1.8485000000000005,49.478999999999274],[-1.8482000000000003,49.478999999999274],[-1.8448000000000002,49.472199999999276],[-1.8414000000000001,49.472199999999276],[-1.8414000000000001,49.451799999999274],[-1.838,49.451799999999274],[-1.838,49.444999999999276],[-1.8346,49.444999999999276],[-1.8346,49.43819999999928],[-1.8312000000000004,49.43819999999928],[-1.8312000000000004,49.403000000002876],[-1.8295000000000003,49.403000000002876],[-1.8295000000000003,49.40079999999928],[-1.8278000000000003,49.40079999999928],[-1.8278000000000003,49.39399999999928],[-1.8210000000000002,49.390599999999274],[-1.8193500000008989,49.38400000000287],[-1.7915,49.38400000000287],[-1.7915,49.36679999999928],[-1.7904,49.36679999999928],[-1.7904,49.364450000002876],[-1.7746999999927981,49.356599999999275],[-1.7734,49.356599999999275],[-1.7729666666690675,49.35573333333741],[-1.7725,49.35550000000288],[-1.7725,49.35479999999927],[-1.77,49.34979999999928],[-1.7598000000000003,49.34979999999928],[-1.7598000000000003,49.346000000002874],[-1.7534999999999998,49.346000000002874],[-1.7534999999999998,49.34299999999928],[-1.7530000000000001,49.34299999999928],[-1.7530000000000001,49.33959999999928],[-1.7462,49.33619999999928],[-1.7428000000000003,49.329399999999275],[-1.7360000000000002,49.329399999999275],[-1.7354000000009002,49.327000000002876],[-1.7344999999999997,49.327000000002876],[-1.7344999999999997,49.323399999999275],[-1.7326000000000001,49.31579999999928],[-1.7258,49.31579999999928],[-1.7258,49.30899999999928],[-1.7190000000000003,49.30899999999928],[-1.7190000000000003,49.302199999999274],[-1.7156000000000002,49.302199999999274],[-1.7156000000000002,49.298799999999275],[-1.7122000000000002,49.298799999999275],[-1.7122000000000002,49.295399999999276],[-1.7088,49.295399999999276],[-1.7088,49.29199999999928],[-1.7020000000000004,49.28859999999928],[-1.7020000000000004,49.28519999999928],[-1.6986000000000003,49.28519999999928],[-1.6952000000000003,49.27839999999928],[-1.6918000000000002,49.27839999999928],[-1.6884000000000001,49.244399999999274],[-1.685,49.244399999999274],[-1.6835500000017989,49.24150000000287],[-1.6775000000000002,49.24150000000287],[-1.6775000000000002,49.237599999999276],[-1.6714000000000002,49.237599999999276],[-1.6680000000000001,49.21719999999928],[-1.6646,49.21719999999928],[-1.6646,49.213799999999274],[-1.6578000000000004,49.210399999999275],[-1.6578000000000004,49.20359999999928],[-1.6544000000000003,49.20359999999928],[-1.6544000000000003,49.19679999999928],[-1.6510000000000002,49.19679999999928],[-1.6510000000000002,49.186599999999274],[-1.6680000000000001,49.186599999999274],[-1.6680000000000001,49.16279999999928],[-1.6612,49.15939999999928],[-1.6612,49.14579999999928],[-1.6646,49.14579999999928],[-1.6646,49.14239999999928],[-1.6748000000000003,49.14239999999928],[-1.6748000000000003,49.12879999999928],[-1.6680000000000001,49.12879999999928],[-1.6680000000000001,49.118599999999276],[-1.6714000000000002,49.118599999999276],[-1.6714000000000002,49.11800000000287],[-1.6680000000000001,49.11800000000287],[-1.6680000000000001,49.10499999999928],[-1.6680000000000001,49.10159999999928],[-1.6442,49.10159999999928],[-1.6442,49.099000000002874],[-1.6395,49.099000000002874],[-1.6395,49.08119999999928],[-1.6340000000000003,49.08119999999928],[-1.6340000000000003,49.07099999999928],[-1.6395,49.07099999999928],[-1.6395,49.07050000000287],[-1.6408,49.07050000000287],[-1.6408,49.060799999999276],[-1.6340000000000003,49.060799999999276],[-1.6340000000000003,49.05739999999928],[-1.6544000000000003,49.05739999999928],[-1.6544000000000003,49.05399999999928],[-1.6578000000000004,49.05399999999928],[-1.6578000000000004,49.04719999999928],[-1.6612,49.04719999999928],[-1.6612,49.036999999999274],[-1.6544000000000003,49.036999999999274],[-1.6544000000000003,49.030199999999276],[-1.6340000000000003,49.02679999999928],[-1.6340000000000003,49.01999999999928],[-1.6408,49.01999999999928],[-1.6408,49.01659999999928],[-1.6476000000000002,49.01319999999928],[-1.6476000000000002,49.002999999999275],[-1.6272000000000002,49.002999999999275],[-1.6272000000000002,48.999599999999276],[-1.6374,48.999599999999276],[-1.6408,48.99279999999928],[-1.6476000000000002,48.99279999999928],[-1.6476000000000002,48.98939999999928],[-1.6510000000000002,48.98939999999928],[-1.6510000000000002,48.97919999999928],[-1.6680000000000001,48.97919999999928],[-1.6680000000000001,48.975500000002874],[-1.8105000000000002,48.975500000002874],[-1.8105000000000002,48.97919999999928],[-1.8176,48.97919999999928],[-1.8176,48.968999999999276],[-1.8074000000000003,48.968999999999276],[-1.8040000000000003,48.96219999999928],[-1.7802000000000002,48.96219999999928],[-1.7802000000000002,48.95879999999928],[-1.7496,48.95879999999928],[-1.7496,48.95539999999928],[-1.7428000000000003,48.95539999999928],[-1.7428000000000003,48.95199999999928],[-1.7326000000000001,48.95199999999928],[-1.7326000000000001,48.948599999999274],[-1.7258,48.948599999999274],[-1.7258,48.945199999999275],[-1.7190000000000003,48.945199999999275],[-1.7190000000000003,48.941799999999276],[-1.7156000000000002,48.941799999999276],[-1.7156000000000002,48.93499999999928],[-1.7122000000000002,48.93499999999928],[-1.7122000000000002,48.92819999999928],[-1.7088,48.92819999999928],[-1.7088,48.92139999999928],[-1.7122000000000002,48.92139999999928],[-1.7122000000000002,48.90779999999928],[-1.7190000000000003,48.90779999999928],[-1.7224000000000004,48.90099999999928],[-1.7394000000000003,48.90099999999928],[-1.7394000000000003,48.890799999999274],[-1.7326000000000001,48.887399999999275],[-1.7326000000000001,48.880599999999276],[-1.7292,48.880599999999276],[-1.7292,48.87719999999928],[-1.7224000000000004,48.87719999999928],[-1.7224000000000004,48.87379999999928],[-1.7156000000000002,48.87039999999928],[-1.7156000000000002,48.86699999999928],[-1.7190000000000003,48.86699999999928],[-1.7190000000000003,48.860199999999274],[-1.7360000000000002,48.860199999999274],[-1.7360000000000002,48.853399999999276],[-1.7428000000000003,48.853399999999276],[-1.7428000000000003,48.84319999999928],[-1.7122000000000002,48.84319999999928],[-1.7088,48.829599999999274],[-1.6986000000000003,48.829599999999274],[-1.6986000000000003,48.81599999999928],[-1.6918000000000002,48.81599999999928],[-1.6918000000000002,48.80919999999928],[-1.6884000000000001,48.80919999999928],[-1.6918000000000002,48.78199999999928],[-1.6884000000000001,48.78199999999928],[-1.6884000000000001,48.77519999999928],[-1.6816,48.77519999999928],[-1.6816,48.768399999999275],[-1.6748000000000003,48.768399999999275],[-1.6714000000000002,48.76159999999928],[-1.6646,48.76159999999928],[-1.6646,48.75819999999928],[-1.6612,48.75819999999928],[-1.6612,48.75479999999928],[-1.6544000000000003,48.75479999999928],[-1.6544000000000003,48.75139999999928],[-1.6408,48.75139999999928],[-1.6408,48.74799999999928],[-1.6340000000000003,48.74799999999928],[-1.6340000000000003,48.74459999999928],[-1.6068000000000002,48.74459999999928],[-1.6068000000000002,48.74799999999928],[-1.6,48.74799999999928],[-1.6,48.75139999999928],[-1.5762,48.75139999999928],[-1.5762,48.74459999999928],[-1.5694000000000004,48.74459999999928],[-1.5694000000000004,48.73800000000287],[-1.5540000000000003,48.73800000000287],[-1.5540000000000003,48.737799999999275],[-1.5524,48.737799999999275],[-1.5524,48.734399999999276],[-1.5490000000000004,48.734399999999276],[-1.5490000000000004,48.72759999999928],[-1.5456000000000003,48.72759999999928],[-1.5456000000000003,48.72419999999928],[-1.5388000000000002,48.72419999999928],[-1.5388000000000002,48.71900000000287],[-1.5350000000000001,48.71900000000287],[-1.5350000000000001,48.71739999999928],[-1.532,48.71739999999928],[-1.532,48.713999999999274],[-1.5252000000000003,48.713999999999274],[-1.5252000000000003,48.710599999999275],[-1.5184000000000002,48.707199999999276],[-1.5184000000000002,48.70039999999928],[-1.5150000000000001,48.70039999999928],[-1.5150000000000001,48.70000000000287],[-1.4874999999999998,48.70000000000287],[-1.4874999999999998,48.67150000000287],[-1.4305000000000003,48.67150000000287],[-1.4228499999982003,48.656199999999274],[-1.4164000000000003,48.656199999999274],[-1.4164000000000003,48.65959999999928],[-1.4130000000000003,48.65959999999928],[-1.4130000000000003,48.652500000002874],[-1.4020000000000001,48.652500000002874],[-1.4020000000000001,48.605000000002875],[-1.4115000000000002,48.605000000002875],[-1.4200499999991019,48.63919999999928],[-1.4266,48.63919999999928],[-1.4266,48.64259999999928],[-1.4504000000000001,48.64259999999928],[-1.4504000000000001,48.63919999999928],[-1.4572000000000003,48.63919999999928],[-1.4572000000000003,48.64300000000287],[-1.4674,48.64300000000287],[-1.4674,48.63919999999928],[-1.4844000000000004,48.63919999999928],[-1.4878,48.63239999999928],[-1.5023000000017963,48.63239999999928],[-1.5065,48.62400000000287],[-1.5255,48.62400000000287],[-1.5255,48.64300000000287],[-1.5920000000000005,48.64300000000287],[-1.5968999999982003,48.652799999999274],[-1.617,48.652799999999274],[-1.6204,48.65959999999928],[-1.6272000000000002,48.65959999999928],[-1.6272000000000002,48.66299999999928],[-1.6374,48.66299999999928],[-1.6374,48.66639999999928],[-1.6442,48.66639999999928],[-1.6476000000000002,48.67319999999928],[-1.6544000000000003,48.67319999999928],[-1.6544000000000003,48.676599999999276],[-1.6578000000000004,48.676599999999276],[-1.6578000000000004,48.68679999999928],[-1.6782000000000004,48.68679999999928],[-1.6816,48.679999999999275],[-1.7088,48.679999999999275],[-1.7122000000000002,48.67319999999928],[-1.7394000000000003,48.67319999999928],[-1.7394000000000003,48.66979999999928],[-1.7462,48.66979999999928],[-1.7462,48.66639999999928],[-1.7666000000000004,48.66639999999928],[-1.7666000000000004,48.66299999999928],[-1.7836000000000003,48.66299999999928],[-1.7836000000000003,48.66639999999928],[-1.7972000000000001,48.66639999999928],[-1.798475000000899,48.67150000000287],[-1.8200000000000003,48.67150000000287],[-1.8200000000000003,48.67319999999928],[-1.8244000000000002,48.67319999999928],[-1.8244000000000002,48.676599999999276],[-1.8346,48.676599999999276],[-1.8346,48.683399999999274],[-1.8244000000000002,48.683399999999274],[-1.8244000000000002,48.69359999999928],[-1.8278000000000003,48.69359999999928],[-1.8278000000000003,48.70000000000287],[-1.8580000000000005,48.70000000000287],[-1.8580000000000005,48.707199999999276],[-1.8856000000000002,48.707199999999276],[-1.8856000000000002,48.70039999999928],[-1.8992,48.70039999999928],[-1.8992,48.703799999999276],[-1.9055,48.703799999999276],[-1.9055,48.70000000000287],[-1.9340000000000002,48.70000000000287],[-1.9340000000000002,48.69050000000287],[-1.9672,48.69050000000287],[-1.9672,48.68679999999928],[-1.9720000000000004,48.68679999999928],[-1.9720000000000004,48.67150000000287],[-1.9815000000000005,48.67150000000287],[-1.9815000000000005,48.681000000002875],[-1.9876,48.681000000002875],[-1.9876,48.679999999999275],[-2.0148,48.679999999999275],[-2.0148,48.683399999999274],[-2.0352,48.683399999999274],[-2.0352,48.679999999999275],[-2.0385,48.679999999999275],[-2.0385,48.66200000000288],[-2.048,48.66200000000288],[-2.048,48.66299999999928],[-2.0488,48.66299999999928],[-2.0488,48.65959999999928],[-2.0658000000000003,48.65959999999928],[-2.0658000000000003,48.649399999999275],[-2.0624000000000002,48.649399999999275],[-2.0624000000000002,48.645999999999276],[-2.0692000000000004,48.645999999999276],[-2.0692000000000004,48.63919999999928],[-2.076,48.63919999999928],[-2.076,48.645999999999276],[-2.105,48.645999999999276],[-2.105,48.64300000000287],[-2.1134,48.64300000000287],[-2.1134,48.64259999999928],[-2.1168,48.64259999999928],[-2.1236,48.656199999999274],[-2.1338000000000004,48.656199999999274],[-2.1338000000000004,48.649399999999275],[-2.1372,48.649399999999275],[-2.1372,48.652799999999274],[-2.144,48.652799999999274],[-2.144,48.65959999999928],[-2.1508000000000003,48.65959999999928],[-2.1508000000000003,48.66639999999928],[-2.1882,48.66639999999928],[-2.1882,48.66299999999928],[-2.1950000000000003,48.65959999999928],[-2.1950000000000003,48.652799999999274],[-2.1984000000000004,48.652799999999274],[-2.2018,48.645999999999276],[-2.2154000000000003,48.645999999999276],[-2.2188000000000003,48.63919999999928],[-2.2324,48.63919999999928],[-2.2343000000017974,48.64300000000287],[-2.238,48.64300000000287],[-2.239499999998202,48.645999999999276],[-2.246,48.645999999999276],[-2.2494,48.652799999999274],[-2.2630000000000003,48.656199999999274],[-2.2630000000000003,48.65959999999928],[-2.2732,48.65959999999928],[-2.274400000001799,48.66200000000288],[-2.295,48.66200000000288],[-2.295,48.67150000000287],[-2.4090000000000003,48.67150000000287],[-2.4090000000000003,48.66200000000288],[-2.4092000000000002,48.66200000000288],[-2.4092000000000002,48.65959999999928],[-2.4262,48.65959999999928],[-2.4262,48.656199999999274],[-2.4398,48.656199999999274],[-2.4398,48.652799999999274],[-2.4636,48.652799999999274],[-2.4636,48.645999999999276],[-2.4704,48.645999999999276],[-2.4704,48.649399999999275],[-2.472300000001799,48.649399999999275],[-2.4755000000000003,48.64300000000287],[-2.4874,48.64300000000287],[-2.4874,48.64259999999928],[-2.4908,48.64259999999928],[-2.4908,48.64300000000287],[-2.4945,48.64300000000287],[-2.4945,48.64784999999927],[-2.4976000000000003,48.649399999999275],[-2.4976000000000003,48.652500000002874],[-2.504,48.652500000002874],[-2.504,48.679999999999275],[-2.5554,48.679999999999275],[-2.5554,48.683399999999274],[-2.5758,48.683399999999274],[-2.5758,48.679999999999275],[-2.5860000000000003,48.679999999999275],[-2.5860000000000003,48.67319999999928],[-2.603,48.67319999999928],[-2.603,48.66979999999928],[-2.6234,48.66979999999928],[-2.6234,48.66639999999928],[-2.6574,48.66639999999928],[-2.6608,48.65959999999928],[-2.6710000000000003,48.65959999999928],[-2.6744000000000003,48.652799999999274],[-2.6812,48.652799999999274],[-2.6812,48.645999999999276],[-2.6914000000000002,48.645999999999276],[-2.6914000000000002,48.64259999999928],[-2.6982,48.64259999999928],[-2.6982,48.63919999999928],[-2.7016,48.63919999999928],[-2.705,48.63239999999928],[-2.7084,48.63239999999928],[-2.7084,48.62899999999928],[-2.7152000000000003,48.62899999999928],[-2.7152000000000003,48.62559999999928],[-2.722,48.62559999999928],[-2.722,48.62899999999928],[-2.7390000000000003,48.62899999999928],[-2.7390000000000003,48.62559999999928],[-2.7526,48.62559999999928],[-2.7526,48.63919999999928],[-2.7662,48.63919999999928],[-2.7662,48.64259999999928],[-2.773,48.64259999999928],[-2.773,48.645999999999276],[-2.7764,48.645999999999276],[-2.7764,48.649399999999275],[-2.773,48.649399999999275],[-2.773,48.66200000000288],[-2.7985,48.66200000000288],[-2.7985,48.656199999999274],[-2.7968,48.656199999999274],[-2.7968,48.645999999999276],[-2.7934,48.645999999999276],[-2.7934,48.63239999999928],[-2.807,48.63239999999928],[-2.807,48.63919999999928],[-2.8138,48.63919999999928],[-2.8138,48.64300000000287],[-2.8175,48.64300000000287],[-2.8170000000005992,48.645999999999276],[-2.8206,48.645999999999276],[-2.8206,48.652799999999274],[-2.8274,48.652799999999274],[-2.8274,48.66979999999928],[-2.8172,48.66979999999928],[-2.8172,48.66639999999928],[-2.813600000000599,48.66639999999928],[-2.811333333333933,48.679999999999275],[-2.8172,48.679999999999275],[-2.8172,48.683399999999274],[-2.8274,48.683399999999274],[-2.8274,48.679999999999275],[-2.8308,48.679999999999275],[-2.8308,48.67319999999928],[-2.8444000000000003,48.67319999999928],[-2.8444000000000003,48.68679999999928],[-2.8478000000000003,48.68679999999928],[-2.8512,48.70039999999928],[-2.8648000000000002,48.70039999999928],[-2.8648000000000002,48.703799999999276],[-2.875,48.703799999999276],[-2.875,48.70039999999928],[-2.8886000000000003,48.70039999999928],[-2.8886000000000003,48.707199999999276],[-2.8648000000000002,48.707199999999276],[-2.8648000000000002,48.72419999999928],[-2.8682000000000003,48.72419999999928],[-2.8716,48.73099999999928],[-2.8818,48.73099999999928],[-2.8886000000000003,48.74459999999928],[-2.9022,48.74459999999928],[-2.9022,48.741199999999274],[-2.9192,48.741199999999274],[-2.9192,48.74459999999928],[-2.9250000000071856,48.74750000000287],[-2.9410000000000003,48.74750000000287],[-2.9410000000000003,48.77859999999928],[-2.943,48.77859999999928],[-2.943,48.78650000000287],[-2.9611999999928065,48.795599999999276],[-2.9634,48.795599999999276],[-2.9634,48.792199999999276],[-2.9702,48.792199999999276],[-2.968984615384062,48.799492307694905],[-2.979,48.804500000002875],[-2.979,48.856799999999275],[-2.9804,48.856799999999275],[-2.9804,48.860199999999274],[-2.9974000000000003,48.860199999999274],[-2.9974000000000003,48.86359999999928],[-3.0076,48.86359999999928],[-3.0076,48.860199999999274],[-3.0144,48.856799999999275],[-3.0144,48.84659999999928],[-3.0178000000000003,48.84659999999928],[-3.0178000000000003,48.853399999999276],[-3.028,48.853399999999276],[-3.028,48.84999999999928],[-3.0348,48.84659999999928],[-3.0348,48.83639999999928],[-2.994,48.83639999999928],[-2.994,48.829599999999274],[-2.9974000000000003,48.829599999999274],[-2.9974000000000003,48.826199999999275],[-3.0076,48.826199999999275],[-3.0076,48.81939999999928],[-3.011,48.81939999999928],[-3.011,48.822799999999276],[-3.0212000000000003,48.822799999999276],[-3.0212000000000003,48.81939999999928],[-3.0620000000000003,48.81939999999928],[-3.0620000000000003,48.84319999999928],[-3.0552,48.84319999999928],[-3.0552,48.84999999999928],[-3.0518,48.84999999999928],[-3.0484,48.856799999999275],[-3.0348,48.860199999999274],[-3.0348,48.880500000002876],[-3.1062000000000003,48.880500000002876],[-3.1062000000000003,48.87379999999928],[-3.1198,48.87379999999928],[-3.1198,48.87719999999928],[-3.1232,48.87719999999928],[-3.1232,48.880500000002876],[-3.188,48.880500000002876],[-3.188,48.84250000000287],[-3.1975000000000002,48.84250000000287],[-3.1975000000000002,48.880500000002876],[-3.2184,48.880500000002876],[-3.2184,48.87719999999928],[-3.2218,48.87719999999928],[-3.2218,48.87379999999928],[-3.226,48.87379999999928],[-3.226,48.87100000000287],[-3.267399999998203,48.87100000000287],[-3.2694,48.86699999999928],[-3.2735,48.86699999999928],[-3.2735,48.86150000000288],[-3.3306,48.85674166666954],[-3.3306,48.84999999999928],[-3.3272000000000004,48.84999999999928],[-3.3272000000000004,48.84659999999928],[-3.334,48.84659999999928],[-3.3374,48.83979999999928],[-3.351,48.83979999999928],[-3.351,48.84319999999928],[-3.3476,48.84319999999928],[-3.3476,48.853399999999276],[-3.3707000000431884,48.853399999999276],[-3.3714304347807316,48.85333913043782],[-3.3748,48.84659999999928],[-3.3875,48.84659999999928],[-3.3875,48.84250000000287],[-3.3970000000000002,48.84250000000287],[-3.3970000000000002,48.829599999999274],[-3.3918,48.829599999999274],[-3.3884,48.83639999999928],[-3.3816,48.83639999999928],[-3.3816,48.829599999999274],[-3.3884,48.826199999999275],[-3.3884,48.822799999999276],[-3.3918,48.822799999999276],[-3.3918,48.81939999999928],[-3.4054,48.81939999999928],[-3.4054,48.81599999999928],[-3.4088000000000003,48.81599999999928],[-3.4088000000000003,48.81939999999928],[-3.4258,48.81939999999928],[-3.4258,48.826199999999275],[-3.4326,48.829599999999274],[-3.4326,48.83979999999928],[-3.4530000000000003,48.83979999999928],[-3.4530000000000003,48.829599999999274],[-3.4564000000000004,48.829599999999274],[-3.4564000000000004,48.83639999999928],[-3.4734,48.83639999999928],[-3.4734,48.832999999999274],[-3.4777500000017993,48.832999999999274],[-3.4825,48.82350000000287],[-3.492,48.82350000000287],[-3.492,48.804500000002875],[-3.5015,48.804500000002875],[-3.5015,48.82350000000287],[-3.511,48.82350000000287],[-3.511,48.833000000002876],[-3.5448000000000004,48.833000000002876],[-3.5448000000000004,48.832999999999274],[-3.549,48.832999999999274],[-3.549,48.82350000000287],[-3.5788,48.818533333336205],[-3.5788,48.81259999999928],[-3.5992,48.81259999999928],[-3.5992,48.80579999999928],[-3.6094,48.80579999999928],[-3.6094,48.80239999999928],[-3.611800000001795,48.80239999999928],[-3.6155,48.79500000000287],[-3.6196,48.79500000000287],[-3.6196,48.77519999999928],[-3.6264000000000003,48.77519999999928],[-3.6264000000000003,48.771799999999274],[-3.6536,48.771799999999274],[-3.6536,48.77519999999928],[-3.6642,48.77519999999928],[-3.6642,48.771399999999275]],[[-4.4938,48.648999999999276],[-4.4938,48.659199999999274],[-4.504,48.659199999999274],[-4.504,48.66259999999928],[-4.5108,48.66259999999928],[-4.511500000001692,48.664000000002666],[-4.5275,48.66200000000288],[-4.5275,48.652399999999275],[-4.521,48.652399999999275],[-4.5176,48.64559999999928],[-4.4972,48.64559999999928],[-4.4972,48.648999999999276],[-4.4938,48.648999999999276]],[[-5.1355,48.45859999999928],[-5.1355,48.43479999999928],[-5.1194,48.43479999999928],[-5.1194,48.434000000002875],[-5.107,48.434000000002875],[-5.107,48.462500000002876],[-5.1228,48.462500000002876],[-5.1228,48.45859999999928],[-5.1355,48.45859999999928]],[[-4.9494,48.46879999999928],[-4.9494,48.46539999999928],[-4.955,48.46539999999928],[-4.955,48.462500000002876],[-4.9562,48.462500000002876],[-4.9562,48.46199999999928],[-4.9664,48.46199999999928],[-4.9664,48.45859999999928],[-4.9732,48.45859999999928],[-4.9732,48.45519999999928],[-4.974,48.45519999999928],[-4.974,48.444999999999276],[-4.9698,48.444999999999276],[-4.9698,48.43819999999928],[-4.9664,48.43819999999928],[-4.9664,48.43479999999928],[-4.9698,48.43479999999928],[-4.9698,48.42799999999928],[-4.9732,48.42799999999928],[-4.9732,48.42450000000287],[-4.955,48.42450000000287],[-4.955,48.417799999999275],[-4.9426000000000005,48.417799999999275],[-4.946,48.41099999999928],[-4.9494,48.41099999999928],[-4.9494,48.405500000002874],[-4.9455,48.405500000002874],[-4.9455,48.40014999999928],[-4.929,48.39739999999928],[-4.929,48.40079999999928],[-4.9222,48.40079999999928],[-4.9222,48.40419999999928],[-4.9188,48.40419999999928],[-4.9188,48.40079999999928],[-4.9154,48.40079999999928],[-4.9154,48.39399999999928],[-4.9086,48.39399999999928],[-4.9086,48.390599999999274],[-4.9052,48.390599999999274],[-4.9052,48.387199999999275],[-4.9111199999985615,48.38424],[-4.9075,48.37700000000287],[-4.895,48.37700000000287],[-4.895,48.38039999999928],[-4.8916,48.38039999999928],[-4.8916,48.383799999999276],[-4.8814,48.383799999999276],[-4.8814,48.387199999999275],[-4.8746,48.387199999999275],[-4.8746,48.39739999999928],[-4.8576,48.39739999999928],[-4.8576,48.40079999999928],[-4.8505,48.40079999999928],[-4.8505,48.41939999999928],[-4.8508,48.421199999999274],[-4.8542000000000005,48.421199999999274],[-4.855850000001798,48.42450000000287],[-4.86,48.42450000000287],[-4.86,48.42799999999928],[-4.8644,48.42799999999928],[-4.8678,48.43479999999928],[-4.8746,48.43479999999928],[-4.8746,48.43819999999928],[-4.878,48.43819999999928],[-4.878,48.44775000000287],[-4.8792999999928055,48.448399999999275],[-4.8814,48.448399999999275],[-4.882100000002398,48.449800000004075],[-4.8885000000000005,48.45300000000287],[-4.8885000000000005,48.46199999999928],[-4.8916,48.46199999999928],[-4.8916,48.46539999999928],[-4.8885000000000005,48.46539999999928],[-4.8885000000000005,48.47200000000287],[-4.9256,48.47200000000287],[-4.9256,48.46879999999928],[-4.9494,48.46879999999928]],[[-4.8678,48.46879999999928],[-4.8644,48.448399999999275],[-4.8695,48.448399999999275],[-4.8695,48.44350000000287],[-4.8712,48.44435000000287],[-4.8712,48.43819999999928],[-4.861,48.43819999999928],[-4.861,48.444999999999276],[-4.8542000000000005,48.444999999999276],[-4.8542000000000005,48.448399999999275],[-4.844,48.448399999999275],[-4.844,48.451799999999274],[-4.841,48.451799999999274],[-4.841,48.45300000000287],[-4.8372,48.45300000000287],[-4.8372,48.45859999999928],[-4.8338,48.45859999999928],[-4.8338,48.472199999999276],[-4.8372,48.472199999999276],[-4.8372,48.475599999999275],[-4.8508,48.475599999999275],[-4.8508,48.48579999999928],[-4.8712,48.48579999999928],[-4.8712,48.48239999999928],[-4.879,48.48239999999928],[-4.879,48.47159999999928],[-4.8678,48.46879999999928]],[[-4.8678,48.31919999999928],[-4.8678,48.32000000000287],[-4.8814,48.32000000000287],[-4.8814,48.31919999999928],[-4.8678,48.31919999999928]],[[-5.0004,48.10839999999928],[-5.0106,48.10839999999928],[-5.0106,48.10150000000287],[-5.0004,48.10150000000287],[-5.0004,48.10839999999928]],[[-2.5894,49.49259999999928],[-2.5996,49.49259999999928],[-2.603,49.48579999999928],[-2.605100000001796,49.48579999999928],[-2.6085000000000003,49.47900000000287],[-2.6132,49.47900000000287],[-2.6132,49.478999999999274],[-2.6275,49.478999999999274],[-2.6275,49.469500000002874],[-2.656,49.469500000002874],[-2.656,49.46000000000287],[-2.6812,49.46000000000287],[-2.6812,49.45859999999928],[-2.688,49.45859999999928],[-2.688,49.45519999999928],[-2.694,49.45519999999928],[-2.694,49.43150000000287],[-2.688,49.43150000000287],[-2.688,49.444999999999276],[-2.6812,49.444999999999276],[-2.6845,49.42519999999928],[-2.6845,49.42459999999928],[-2.6676,49.42459999999928],[-2.6676,49.422000000002875],[-2.656,49.422000000002875],[-2.656,49.43150000000287],[-2.637,49.43150000000287],[-2.637,49.422000000002875],[-2.5325,49.422000000002875],[-2.5325,49.43150000000287],[-2.5135,49.43150000000287],[-2.5135,49.441599999999276],[-2.5146,49.441599999999276],[-2.5135,49.448199999999275],[-2.5135,49.498000000002875],[-2.5603599999913684,49.50581000000143],[-2.5705,49.50327499999928],[-2.5705,49.498000000002875],[-2.5826000000000002,49.498000000002875],[-2.5826000000000002,49.49599999999928],[-2.5894,49.49599999999928],[-2.5894,49.49259999999928]],[[-2.447,49.469500000002874],[-2.4375,49.469500000002874],[-2.4375,49.49259999999928],[-2.4398,49.49259999999928],[-2.4425000000017993,49.498000000002875],[-2.467,49.498000000002875],[-2.467,49.472199999999276],[-2.4704,49.472199999999276],[-2.473449999999102,49.46000000000287],[-2.447,49.46000000000287],[-2.447,49.469500000002874]],[[-2.4466,49.51979999999928],[-2.4602,49.51979999999928],[-2.4602,49.51299999999928],[-2.4636,49.51299999999928],[-2.4636,49.50750000000287],[-2.4398,49.50750000000287],[-2.4398,49.51639999999928],[-2.4466,49.51639999999928],[-2.4466,49.51979999999928]],[[-2.3995,49.40419999999928],[-2.3956,49.40419999999928],[-2.3922000000000003,49.41099999999928],[-2.3854,49.41099999999928],[-2.3854,49.40419999999928],[-2.371,49.40419999999928],[-2.371,49.41250000000287],[-2.3625499999982025,49.41250000000287],[-2.3616,49.414399999999276],[-2.3582,49.414399999999276],[-2.3582,49.417799999999275],[-2.3520000000000003,49.417799999999275],[-2.3520000000000003,49.422000000002875],[-2.3480000000000003,49.422000000002875],[-2.3480000000000003,49.42799999999928],[-2.3425000000000002,49.42799999999928],[-2.3425000000000002,49.43819999999928],[-2.3446000000000002,49.43819999999928],[-2.3446000000000002,49.441599999999276],[-2.3514,49.444999999999276],[-2.3514,49.450500000002876],[-2.3727999999783904,49.450500000002876],[-2.3805,49.44921666666594],[-2.3805,49.44100000000287],[-2.3956,49.43345000000287],[-2.3956,49.42799999999928],[-2.3995,49.42604999999928],[-2.3995,49.40419999999928]],[[-2.2562,49.210399999999275],[-2.2562,49.20019999999928],[-2.2528,49.20019999999928],[-2.2528,49.19400000000287],[-2.2475,49.19400000000287],[-2.2475,49.18450000000287],[-2.2190000000000003,49.18450000000287],[-2.2190000000000003,49.175000000002875],[-2.162,49.175000000002875],[-2.155899999998202,49.16279999999928],[-2.1406,49.16279999999928],[-2.1406,49.15939999999928],[-2.1338000000000004,49.15939999999928],[-2.1338000000000004,49.15600000000288],[-2.0955,49.15600000000288],[-2.0955,49.149199999999276],[-2.0726,49.149199999999276],[-2.0726,49.146500000002874],[-2.0575,49.146500000002874],[-2.0575,49.14239999999928],[-2.0182,49.14239999999928],[-2.0182,49.14579999999928],[-2.015100000001799,49.14579999999928],[-2.0100000000000002,49.15600000000288],[-1.9978000000000002,49.15600000000288],[-1.9978000000000002,49.15939999999928],[-1.991,49.16279999999928],[-1.991,49.186599999999274],[-1.9978000000000002,49.186599999999274],[-2.0012000000000003,49.19339999999928],[-2.0114,49.19339999999928],[-2.0114,49.22059999999928],[-2.0148,49.22059999999928],[-2.0148,49.222500000002874],[-2.0385,49.222500000002874],[-2.0385,49.21300000000287],[-2.048,49.21300000000287],[-2.048,49.240999999999275],[-2.0556,49.240999999999275],[-2.0556,49.24150000000287],[-2.0860000000000003,49.24150000000287],[-2.0860000000000003,49.23200000000287],[-2.105,49.222500000002874],[-2.105,49.24150000000287],[-2.1525000000000003,49.24150000000287],[-2.162,49.26050000000287],[-2.1984000000000004,49.26050000000287],[-2.1984000000000004,49.25799999999928],[-2.2154000000000003,49.25799999999928],[-2.2154000000000003,49.26050000000287],[-2.2256,49.26050000000287],[-2.2256,49.25799999999928],[-2.229,49.25799999999928],[-2.229,49.26050000000287],[-2.238,49.26050000000287],[-2.238,49.251000000002875],[-2.2475,49.251000000002875],[-2.2475,49.222500000002874],[-2.2557999999928104,49.222500000002874],[-2.257,49.22189999999928],[-2.257,49.210399999999275],[-2.2562,49.210399999999275]],[[-1.8346,48.968999999999276],[-1.8210000000000002,48.968999999999276],[-1.8210000000000002,48.97919999999928],[-1.8346,48.97919999999928],[-1.8346,48.968999999999276]],[[-2.0148,48.92819999999928],[-2.0046000000000004,48.92819999999928],[-2.0046000000000004,48.93159999999928],[-1.9944000000000002,48.93159999999928],[-1.9944000000000002,48.93499999999928],[-1.991,48.93499999999928],[-1.991,48.945199999999275],[-2.0148,48.945199999999275],[-2.0148,48.92819999999928]],[[-1.7768000000000002,48.883999999999276],[-1.7802000000000002,48.883999999999276],[-1.7802000000000002,48.87379999999928],[-1.7768000000000002,48.87379999999928],[-1.7768000000000002,48.87039999999928],[-1.7496,48.87039999999928],[-1.7496,48.87379999999928],[-1.7428000000000003,48.87719999999928],[-1.7428000000000003,48.890799999999274],[-1.7462,48.890799999999274],[-1.7462,48.89419999999928],[-1.7564000000000002,48.89419999999928],[-1.7564000000000002,48.89759999999928],[-1.7428000000000003,48.89759999999928],[-1.7428000000000003,48.90779999999928],[-1.7564000000000002,48.90779999999928],[-1.7564000000000002,48.90439999999928],[-1.7768000000000002,48.90439999999928],[-1.7768000000000002,48.90099999999928],[-1.7802000000000002,48.90099999999928],[-1.7802000000000002,48.890799999999274],[-1.7598000000000003,48.890799999999274],[-1.7598000000000003,48.887399999999275],[-1.7768000000000002,48.887399999999275],[-1.7768000000000002,48.883999999999276]],[[-3.5006000000000004,48.883999999999276],[-3.4972000000000003,48.883999999999276],[-3.4972000000000003,48.87719999999928],[-3.4802,48.87719999999928],[-3.4802,48.887399999999275],[-3.487,48.887399999999275],[-3.487,48.89419999999928],[-3.5006000000000004,48.89419999999928],[-3.5006000000000004,48.883999999999276]],[[-1.8142,48.87039999999928],[-1.8142,48.86699999999928],[-1.8040000000000003,48.86699999999928],[-1.8040000000000003,48.87039999999928],[-1.7972000000000001,48.87379999999928],[-1.7972000000000001,48.87719999999928],[-1.7915,48.87719999999928],[-1.7915,48.887399999999275],[-1.8006000000000002,48.887399999999275],[-1.8006000000000002,48.89419999999928],[-1.8210000000000002,48.89419999999928],[-1.8210000000000002,48.890799999999274],[-1.8278000000000003,48.890799999999274],[-1.8278000000000003,48.89419999999928],[-1.8295000000000003,48.89419999999928],[-1.8295000000000003,48.86699999999928],[-1.8210000000000002,48.86699999999928],[-1.8210000000000002,48.87039999999928],[-1.8142,48.87039999999928]],[[2.335,51.08759999999928],[2.335,51.094399999999276],[2.3384,51.094399999999276],[2.3384,51.10459999999928],[2.335,51.10459999999928],[2.335,51.11600000000287],[2.321999999999999,51.12250000000287],[2.321999999999999,51.124999999999275],[2.3145999999999995,51.124999999999275],[2.3145999999999995,51.128399999999274],[2.3111999999999995,51.128399999999274],[2.3093999999982002,51.132000000002876],[2.2960000000017993,51.132000000002876],[2.2942,51.128399999999274],[2.2908,51.128399999999274],[2.2874,51.11479999999928],[2.283999999999999,51.11479999999928],[2.283999999999999,51.11300000000287],[2.2805999999999997,51.11300000000287],[2.2805999999999997,51.11139999999928],[2.2703999999999995,51.11139999999928],[2.2703999999999995,51.10799999999928],[2.2635999999999994,51.10459999999928],[2.2635999999999994,51.101199999999274],[2.2601999999999993,51.101199999999274],[2.2601999999999993,51.097799999999275],[2.2573999999982015,51.097799999999275],[2.2554999999999996,51.09400000000287],[2.2466,51.09400000000287],[2.2466,51.08759999999928],[2.2601999999999993,51.08759999999928],[2.2601999999999993,51.08419999999928],[2.2534,51.08079999999928],[2.2534,51.07739999999928],[2.2466,51.07739999999928],[2.2466,51.067199999999275],[2.2635999999999994,51.067199999999275],[2.2635999999999994,51.070599999999274],[2.2703999999999995,51.070599999999274],[2.2703999999999995,51.067199999999275],[2.302999999999999,51.067199999999275],[2.302999999999999,51.08079999999928],[2.2942,51.08079999999928],[2.2942,51.08759999999928],[2.335,51.08759999999928]],[[1.3054999999999994,50.087999999999276],[1.3054999999999994,50.087000000002874],[1.3081999999999998,50.087000000002874],[1.3081999999999998,50.087999999999276],[1.3054999999999994,50.087999999999276]],[[3.4619999999999997,51.69250000000287],[3.4619999999999997,51.66400000000287],[3.490499999999999,51.66400000000287],[3.490499999999999,51.69250000000287],[3.4619999999999997,51.69250000000287]],[[1.3054999999999994,51.673500000002875],[1.3054999999999994,51.645000000002874],[1.3434999999999997,51.645000000002874],[1.3434999999999997,51.673500000002875],[1.3054999999999994,51.673500000002875]],[[3.490499999999999,51.626000000002875],[3.490499999999999,51.597500000002874],[3.519,51.597500000002874],[3.519,51.626000000002875],[3.490499999999999,51.626000000002875]],[[1.3149999999999995,51.60700000000287],[1.3149999999999995,51.578500000002876],[1.3434999999999997,51.578500000002876],[1.3434999999999997,51.60700000000287],[1.3149999999999995,51.60700000000287]],[[2.5355999999999996,51.14539999999928],[2.5404999999999998,51.14539999999928],[2.5404999999999998,51.151000000002874],[2.557000000007196,51.151000000002874],[2.5594,51.152199999999276],[2.5594,51.155599999999275],[2.5595,51.155599999999275],[2.5595,51.179500000002875],[2.5360000000143943,51.179500000002875],[2.5355999999999996,51.179399999999276],[2.5355999999999996,51.17599999999928],[2.5321999999999996,51.17599999999928],[2.5321999999999996,51.16919999999928],[2.5152,51.16919999999928],[2.5152,51.16579999999928],[2.5120000000000005,51.16419999999928],[2.5120000000000005,51.14150000000287],[2.534600000007185,51.14150000000287],[2.5355999999999996,51.14199999999928],[2.5355999999999996,51.14539999999928]],[[2.3927999999999994,51.11479999999928],[2.3927999999999994,51.11300000000287],[2.4234,51.11300000000287],[2.4234,51.11479999999928],[2.426499999999999,51.11479999999928],[2.426499999999999,51.14150000000287],[2.3885000000000005,51.14150000000287],[2.3885000000000005,51.11819999999928],[2.3894,51.11819999999928],[2.3894,51.11479999999928],[2.3927999999999994,51.11479999999928]],[[2.474,51.08759999999928],[2.474,51.10459999999928],[2.471,51.10459999999928],[2.474,51.122599999999274],[2.474,51.128399999999274],[2.4539999999999997,51.128399999999274],[2.4505999999999997,51.121599999999276],[2.445499999999999,51.121599999999276],[2.445499999999999,51.11300000000287],[2.436,51.11300000000287],[2.436,51.084500000002876],[2.4608,51.084500000002876],[2.4608,51.08759999999928],[2.474,51.08759999999928]],[[0.7778,50.679599999999276],[0.7778,50.67279999999928],[0.7913999999999999,50.67279999999928],[0.7913999999999999,50.66939999999928],[0.7924999999999995,50.66939999999928],[0.7924999999999995,50.67600000000287],[0.8019999999999996,50.67600000000287],[0.8019999999999996,50.704500000002874],[0.7734999999999994,50.704500000002874],[0.7734999999999994,50.69659999999928],[0.7744,50.69659999999928],[0.7744,50.679599999999276],[0.7778,50.679599999999276]],[[0.7924999999999995,50.657000000002874],[0.7924999999999995,50.65804999999927],[0.7904000000071998,50.657000000002874],[0.7924999999999995,50.657000000002874]],[[1.1585999999999999,50.25800000000287],[1.1585999999999999,50.264799999999276],[1.162,50.264799999999276],[1.162,50.271599999999275],[1.1654,50.271599999999275],[1.1687999999999996,50.264799999999276],[1.1755999999999998,50.264799999999276],[1.1755999999999998,50.26139999999928],[1.1819999999999995,50.26139999999928],[1.1819999999999995,50.286500000002874],[1.1440000000000001,50.286500000002874],[1.1440000000000001,50.264799999999276],[1.145,50.264799999999276],[1.145,50.25800000000287],[1.1585999999999999,50.25800000000287]]],[[[-4.5754,48.60819999999928],[-4.572,48.60819999999928],[-4.572,48.60139999999928],[-4.5788,48.60139999999928],[-4.5788,48.60479999999928],[-4.5856,48.60819999999928],[-4.5856,48.61159999999928],[-4.5754,48.61159999999928],[-4.5754,48.60819999999928]]],[[[-5.1165,49.84950000000288],[-5.164,49.84950000000288],[-5.164,49.840000000002874],[-5.1925,49.840000000002874],[-5.202,49.85900000000287],[-5.24,49.85900000000287],[-5.2495,49.87800000000287],[-5.2875,49.87800000000287],[-5.2875,49.897000000002876],[-5.297,49.897000000002876],[-5.297,49.93500000000287],[-5.3065,49.93500000000287],[-5.3065,49.944500000002876],[-5.297,49.944500000002876],[-5.2875,49.98250000000287],[-5.24,49.98250000000287],[-5.24,49.963500000002874],[-5.2115,49.963500000002874],[-5.2115,49.98250000000287],[-5.1925,49.98250000000287],[-5.1925,49.97300000000287],[-5.145,49.97300000000287],[-5.145,49.98250000000287],[-5.1165,49.98250000000287],[-5.1165,50.020500000002876],[-5.05,50.020500000002876],[-5.05,50.00150000000287],[-5.0595,50.00150000000287],[-5.0595,49.916000000002875],[-5.069,49.916000000002875],[-5.069,49.897000000002876],[-5.088,49.88750000000287],[-5.088,49.868500000002875],[-5.0975,49.868500000002875],[-5.0975,49.85900000000287],[-5.1165,49.85900000000287],[-5.1165,49.84950000000288]]],[[[-5.6675,50.22000000000287],[-5.6675,50.18200000000287],[-5.658,50.18200000000287],[-5.658,50.07750000000287],[-5.6675,50.07750000000287],[-5.6675,50.04900000000287],[-5.677,50.04900000000287],[-5.677,49.97300000000287],[-5.696,49.963500000002874],[-5.696,49.95400000000287],[-5.7245,49.95400000000287],[-5.7245,49.963500000002874],[-5.734,49.963500000002874],[-5.734,50.03000000000287],[-5.7245,50.03000000000287],[-5.7245,50.05850000000287],[-5.715,50.05850000000287],[-5.715,50.10600000000287],[-5.734,50.115500000002875],[-5.734,50.37200000000287],[-5.7245,50.37200000000287],[-5.7245,50.34350000000288],[-5.715,50.34350000000288],[-5.715,50.32450000000287],[-5.7055,50.32450000000287],[-5.7055,50.29600000000287],[-5.696,50.29600000000287],[-5.6865,50.239000000002875],[-5.677,50.239000000002875],[-5.677,50.22000000000287],[-5.6675,50.22000000000287]]],[[[-1.1645000000000003,44.653000000002876],[-1.1645000000000003,44.624500000002875],[-1.2024999999999997,44.624500000002875],[-1.2024999999999997,44.618399999999035],[-1.2014,44.618399999999035],[-1.2014,44.61159999999904],[-1.2082000000000002,44.61159999999904],[-1.2082000000000002,44.60139999999904],[-1.2218,44.60139999999904],[-1.2218,44.587799999999035],[-1.2252,44.587799999999035],[-1.2252,44.58099999999904],[-1.2286000000000001,44.58099999999904],[-1.2286000000000001,44.57079999999904],[-1.2354,44.56739999999904],[-1.2354,44.563999999999034],[-1.2456,44.563999999999034],[-1.2456,44.560599999999035],[-1.249,44.560599999999035],[-1.249,44.57419999999904],[-1.2558,44.57419999999904],[-1.2558,44.577000000002876],[-1.2595,44.577000000002876],[-1.2595,44.58099999999904],[-1.2694,44.58099999999904],[-1.2694,44.584399999999036],[-1.2736000000076722,44.58650000000287],[-1.2785000000000002,44.58650000000287],[-1.2785000000000002,44.59459999999903],[-1.2796,44.59459999999903],[-1.2796,44.59799999999904],[-1.2785000000000002,44.59799999999904],[-1.2785000000000002,44.61159999999904],[-1.2796,44.61159999999904],[-1.2830000000000001,44.618399999999035],[-1.2785000000000002,44.618399999999035],[-1.2785000000000002,44.624500000002875],[-1.2595,44.624500000002875],[-1.2595,44.63400000000287],[-1.25,44.63400000000287],[-1.25,44.68150000000287],[-1.2405,44.68150000000287],[-1.2405,44.719500000002874],[-1.2309999999999999,44.719500000002874],[-1.2309999999999999,44.72900000000287],[-1.2119999999999997,44.719500000002874],[-1.2119999999999997,44.713399999999034],[-1.2116,44.71359999999903],[-1.2082000000000002,44.72039999999904],[-1.1912,44.72039999999904],[-1.1912,44.71359999999903],[-1.1946,44.71359999999903],[-1.1946,44.710199999999034],[-1.2014,44.710199999999034],[-1.2048,44.703399999999036],[-1.2116,44.703399999999036],[-1.2116,44.69999999999904],[-1.215,44.69999999999904],[-1.215,44.69659999999904],[-1.2214999999999998,44.693349999999036],[-1.2214999999999998,44.672799999999036],[-1.215,44.672799999999036],[-1.215,44.672000000002875],[-1.2048,44.672000000002875],[-1.2048,44.672799999999036],[-1.1844000000000001,44.672799999999036],[-1.1844000000000001,44.676199999999035],[-1.1708,44.676199999999035],[-1.1708,44.679599999999034],[-1.1550000000000002,44.679599999999034],[-1.1550000000000002,44.700500000002876],[-1.1455000000000002,44.700500000002876],[-1.1455000000000002,44.676199999999035],[-1.1368,44.676199999999035],[-1.1368,44.679599999999034],[-1.1028,44.679599999999034],[-1.1028,44.676199999999035],[-1.1164,44.676199999999035],[-1.1164,44.672799999999036],[-1.1334000000000002,44.672799999999036],[-1.1334000000000002,44.66939999999904],[-1.1368,44.66939999999904],[-1.1368,44.65919999999904],[-1.1402,44.65919999999904],[-1.1402,44.66259999999904],[-1.1455000000000002,44.66259999999904],[-1.1455000000000002,44.66250000000287],[-1.1645000000000003,44.653000000002876]],[[-1.2405,44.57759999999904],[-1.2354,44.57759999999904],[-1.2354,44.587799999999035],[-1.2405,44.587799999999035],[-1.2405,44.57759999999904]]],[[[-1.2592,45.80499999999903],[-1.2592,45.80250000000287],[-1.2405,45.80250000000287],[-1.2405,45.812000000002875],[-1.2048,45.812000000002875],[-1.2048,45.81859999999904],[-1.1946,45.81859999999904],[-1.1912,45.81179999999904],[-1.1946,45.81179999999904],[-1.1946,45.798199999999035],[-1.2024999999999997,45.798199999999035],[-1.2024999999999997,45.75500000000287],[-1.2214999999999998,45.75500000000287],[-1.2214999999999998,45.764500000002876],[-1.2405,45.77400000000287],[-1.2405,45.783500000002874],[-1.2690000000000001,45.783500000002874],[-1.2690000000000001,45.794799999999036],[-1.2728000000000002,45.794799999999036],[-1.2728000000000002,45.80499999999903],[-1.2592,45.80499999999903]]],[[[-1.2405,45.98859999999904],[-1.2456,45.98859999999904],[-1.2456,45.99199999999904],[-1.249,45.99199999999904],[-1.249,46.002199999999036],[-1.2405,46.000074999999036],[-1.2405,46.030500000002874],[-1.2595,46.030500000002874],[-1.2595,46.04000000000288],[-1.2785000000000002,46.04950000000287],[-1.2785000000000002,46.059000000002875],[-1.2405,46.059000000002875],[-1.2324999999980817,46.04299999999904],[-1.2320000000000002,46.04299999999904],[-1.2320000000000002,46.04200000000288],[-1.2309999999999999,46.04000000000288],[-1.2119999999999997,46.04000000000288],[-1.2119999999999997,46.030500000002874],[-1.2024999999999997,46.030500000002874],[-1.196849999998082,46.01919999999904],[-1.1946,46.01919999999904],[-1.1946,46.014700000002875],[-1.1934499999980792,46.01239999999903],[-1.1912,46.01239999999903],[-1.1912,46.011500000002876],[-1.1740000000000004,46.011500000002876],[-1.1740000000000004,45.99250000000287],[-1.1645000000000003,45.99250000000287],[-1.1645000000000003,45.92600000000287],[-1.147,45.92600000000287],[-1.147,45.93419999999904],[-1.1436000000000002,45.93419999999904],[-1.1436000000000002,45.92739999999904],[-1.1368,45.92739999999904],[-1.1368,45.92600000000287],[-1.1360000000000001,45.92600000000287],[-1.1360000000000001,45.920599999999034],[-1.1334000000000002,45.920599999999034],[-1.1334000000000002,45.89679999999904],[-1.1368,45.89679999999904],[-1.1368,45.889999999999034],[-1.1436000000000002,45.889999999999034],[-1.1436000000000002,45.883199999999036],[-1.1455000000000002,45.883199999999036],[-1.1455000000000002,45.87850000000287],[-1.1538000000000002,45.87850000000287],[-1.1538000000000002,45.87639999999904],[-1.1640000000000001,45.87639999999904],[-1.1640000000000001,45.87850000000287],[-1.1645000000000003,45.87850000000287],[-1.1645000000000003,45.910399999999036],[-1.1708,45.910399999999036],[-1.1708,45.917199999999035],[-1.1742000000000001,45.917199999999035],[-1.1742000000000001,45.92739999999904],[-1.1740000000000004,45.92739999999904],[-1.1740000000000004,45.944399999999035],[-1.1912,45.944399999999035],[-1.1912,45.94500000000287],[-1.1930000000000005,45.94500000000287],[-1.1930000000000005,45.954500000002874],[-1.2024999999999997,45.954500000002874],[-1.2024999999999997,45.97350000000287],[-1.2082000000000002,45.97350000000287],[-1.2082000000000002,45.971599999999036],[-1.215,45.96819999999904],[-1.215,45.971599999999036],[-1.2218,45.971599999999036],[-1.2218,45.97350000000287],[-1.2405,45.97350000000287],[-1.2405,45.98859999999904]],[[-1.1708,45.92600000000287],[-1.1708,45.920599999999034],[-1.1674,45.920599999999034],[-1.1674,45.917199999999035],[-1.1645000000000003,45.917199999999035],[-1.1645000000000003,45.92600000000287],[-1.1708,45.92600000000287]],[[-1.1455000000000002,45.89679999999904],[-1.1402,45.89679999999904],[-1.1402,45.89750000000287],[-1.1455000000000002,45.89750000000287],[-1.1455000000000002,45.89679999999904]]],[[[-1.3034000000000001,46.04299999999904],[-1.3034000000000001,46.039599999999034],[-1.3068000000000002,46.039599999999034],[-1.3068000000000002,46.036199999999035],[-1.3170000000000002,46.036199999999035],[-1.3170000000000002,46.05319999999904],[-1.3,46.05319999999904],[-1.3,46.04299999999904],[-1.3034000000000001,46.04299999999904]]],[[[-1.3354999999999997,46.059000000002875],[-1.3374000000000001,46.059000000002875],[-1.3374000000000001,46.05659999999904],[-1.3476000000000001,46.05659999999904],[-1.3476000000000001,46.04979999999904],[-1.3646,46.04979999999904],[-1.3646,46.05319999999904],[-1.3612000000000002,46.05319999999904],[-1.3612000000000002,46.063399999999035],[-1.3714000000000002,46.063399999999035],[-1.3714000000000002,46.066799999999034],[-1.383,46.066799999999034],[-1.383,46.04950000000287],[-1.4210000000000003,46.04950000000287],[-1.4224,46.04670000000287],[-1.4224,46.04299999999904],[-1.4242500000019167,46.04299999999904],[-1.4258000000000002,46.03990000000287],[-1.4258000000000002,46.036199999999035],[-1.4276500000019199,46.036199999999035],[-1.4305000000000003,46.030500000002874],[-1.435449999998081,46.030500000002874],[-1.4360000000000002,46.029399999999036],[-1.4632,46.029399999999036],[-1.4632,46.030500000002874],[-1.4684999999999997,46.030500000002874],[-1.4684999999999997,46.032799999999035],[-1.4734,46.032799999999035],[-1.4734,46.036199999999035],[-1.4904000000000002,46.036199999999035],[-1.4904000000000002,46.039599999999034],[-1.4972,46.039599999999034],[-1.4972,46.04299999999904],[-1.5074,46.04299999999904],[-1.5074,46.04979999999904],[-1.5108000000000001,46.04979999999904],[-1.5108000000000001,46.059000000002875],[-1.516,46.059000000002875],[-1.516,46.09700000000287],[-1.5065,46.09700000000287],[-1.5065,46.11099999999904],[-1.5074,46.11099999999904],[-1.5074,46.11439999999904],[-1.5065,46.11439999999904],[-1.5065,46.11600000000287],[-1.5006000000000002,46.11600000000287],[-1.5006000000000002,46.117799999999036],[-1.4802000000000002,46.117799999999036],[-1.4802000000000002,46.121199999999035],[-1.4700000000000002,46.121199999999035],[-1.4700000000000002,46.124599999999035],[-1.4564000000000001,46.124599999999035],[-1.4564000000000001,46.127999999999034],[-1.4530000000019205,46.127999999999034],[-1.4495000000000005,46.135000000002876],[-1.4205999999980818,46.135000000002876],[-1.419,46.13819999999904],[-1.4156000000000002,46.13819999999904],[-1.4156000000000002,46.135000000002876],[-1.3408,46.135000000002876],[-1.3408,46.13819999999904],[-1.334,46.13819999999904],[-1.334,46.13479999999904],[-1.3272000000000002,46.13479999999904],[-1.3272000000000002,46.127999999999034],[-1.3068000000000002,46.127999999999034],[-1.3068000000000002,46.12550000000287],[-1.2932000000000001,46.12550000000287],[-1.2932000000000001,46.127999999999034],[-1.2830000000000001,46.127999999999034],[-1.2830000000000001,46.13139999999904],[-1.2728000000000002,46.13139999999904],[-1.2728000000000002,46.13479999999904],[-1.2592,46.13479999999904],[-1.2592,46.124599999999035],[-1.2626000000000002,46.124599999999035],[-1.266,46.11099999999904],[-1.2690000000000001,46.11099999999904],[-1.2690000000000001,46.106500000002875],[-1.2715999999923286,46.106500000002875],[-1.2762,46.10419999999904],[-1.2762,46.10079999999903],[-1.2785000000000002,46.10079999999903],[-1.2785000000000002,46.09700000000287],[-1.2848999999980812,46.09700000000287],[-1.2864,46.093999999999035],[-1.2880000000000003,46.09319999999904],[-1.2880000000000003,46.06850000000287],[-1.3140249999990408,46.06850000000287],[-1.3170000000000002,46.05659999999904],[-1.3354999999999997,46.059683333332366],[-1.3354999999999997,46.059000000002875]]],[[[-1.2524000000000002,46.16539999999904],[-1.2524000000000002,46.17219999999904],[-1.2422000000000002,46.17219999999904],[-1.2456,46.13819999999904],[-1.249,46.13819999999904],[-1.249,46.151799999999035],[-1.2524000000000002,46.151799999999035],[-1.2524000000000002,46.16199999999904],[-1.2558,46.16199999999904],[-1.2558,46.16539999999904],[-1.2524000000000002,46.16539999999904]]],[[[-1.368,46.236799999999036],[-1.368,46.240199999999035],[-1.3578000000000001,46.240199999999035],[-1.3612000000000002,46.23339999999904],[-1.3646,46.23339999999904],[-1.3646,46.22999999999904],[-1.385,46.22999999999904],[-1.385,46.23339999999904],[-1.3782,46.23339999999904],[-1.3782,46.236799999999036],[-1.368,46.236799999999036]]],[[[-1.589,46.31839999999904],[-1.5856000000000001,46.31839999999904],[-1.5856000000000001,46.31499999999904],[-1.5754000000000001,46.31499999999904],[-1.5754000000000001,46.31839999999904],[-1.572,46.31839999999904],[-1.572,46.31499999999904],[-1.5618,46.31499999999904],[-1.5618,46.31333750000287],[-1.5445000000000002,46.31550000000287],[-1.5445000000000002,46.30819999999903],[-1.5244,46.30819999999903],[-1.5244,46.304799999999034],[-1.5255,46.304799999999034],[-1.5255,46.29650000000287],[-1.538,46.29650000000287],[-1.538,46.294599999999036],[-1.5445000000000002,46.291349999999035],[-1.5445000000000002,46.28700000000288],[-1.5652000000000001,46.28700000000288],[-1.5652000000000001,46.28439999999904],[-1.572,46.28439999999904],[-1.572,46.28700000000288],[-1.5730000000000004,46.28700000000288],[-1.5730000000000004,46.258500000002876],[-1.5788,46.258500000002876],[-1.5788,46.25719999999904],[-1.606,46.25719999999904],[-1.606,46.258500000002876],[-1.6204999999999998,46.258500000002876],[-1.6204999999999998,46.26399999999904],[-1.6264,46.26399999999904],[-1.6264,46.267399999999036],[-1.6366,46.267399999999036],[-1.6366,46.26399999999904],[-1.657,46.26399999999904],[-1.657,46.267399999999036],[-1.6638000000000002,46.267399999999036],[-1.6638000000000002,46.26800000000287],[-1.6680000000000001,46.26800000000287],[-1.6680000000000001,46.277500000002874],[-1.6870000000000003,46.277500000002874],[-1.6870000000000003,46.31259999999904],[-1.6876,46.31499999999904],[-1.6870000000000003,46.31499999999904],[-1.6870000000000003,46.32500000000287],[-1.6740000000000002,46.328250000002875],[-1.6740000000000002,46.328599999999035],[-1.6726000000153571,46.328599999999035],[-1.649,46.334500000002876],[-1.649,46.331999999999034],[-1.6434,46.331999999999034],[-1.6434,46.328599999999035],[-1.6400000000000001,46.328599999999035],[-1.6400000000000001,46.32500000000287],[-1.63,46.32500000000287],[-1.63,46.31550000000287],[-1.6204999999999998,46.31550000000287],[-1.6204999999999998,46.309999999999036],[-1.6196000000000002,46.30819999999903],[-1.6029000000307327,46.30819999999903],[-1.5788,46.311212500002874],[-1.5788,46.31159999999904],[-1.589,46.31159999999904],[-1.589,46.31839999999904]]],[[[-1.5142,46.331999999999034],[-1.4938,46.335399999999034],[-1.4938,46.33879999999904],[-1.4802000000000002,46.33879999999904],[-1.4802000000000002,46.328599999999035],[-1.5142,46.328599999999035],[-1.5142,46.331999999999034]]],[[[-2.1066000000000003,47.01999999999952],[-2.0998,47.01999999999952],[-2.0998,47.01659999999952],[-2.0964,47.01659999999952],[-2.0964,47.013199999999514],[-2.0862000000000003,47.013199999999514],[-2.0862000000000003,47.009799999999515],[-2.0794,47.006399999999516],[-2.0794,47.00022500000288],[-2.0765000000000002,46.999500000002875],[-2.0765000000000002,46.99279999999952],[-2.076,46.99279999999952],[-2.076,46.975799999999516],[-2.0765000000000002,46.975799999999516],[-2.0765000000000002,46.971000000002874],[-2.0862000000000003,46.971000000002874],[-2.0862000000000003,46.96899999999952],[-2.093,46.96899999999952],[-2.093,46.971000000002874],[-2.1100000000000003,46.971000000002874],[-2.1100000000000003,46.96899999999952],[-2.1168,46.96899999999952],[-2.1168,46.96559999999952],[-2.1202,46.96559999999952],[-2.1202,46.97239999999952],[-2.1406,46.97239999999952],[-2.1406,46.975799999999516],[-2.1236,46.975799999999516],[-2.1236,46.979199999999516],[-2.1202,46.979199999999516],[-2.1202,46.98599999999952],[-2.1145,46.98599999999952],[-2.1145,47.00900000000287],[-2.1134,47.00872500000287],[-2.1134,47.01659999999952],[-2.1202,47.01659999999952],[-2.1202,47.01999999999952],[-2.1066000000000003,47.02339999999952],[-2.1066000000000003,47.01999999999952]]],[[[-2.3344,47.02339999999952],[-2.3344,47.02679999999952],[-2.3412,47.02679999999952],[-2.3412,47.028000000002876],[-2.3425000000000002,47.028000000002876],[-2.3425000000000002,47.030524999999514],[-2.3548,47.03359999999952],[-2.3548,47.040399999999515],[-2.3425000000000002,47.040399999999515],[-2.3425000000000002,47.05650000000287],[-2.3616,47.05650000000287],[-2.3616,47.05399999999952],[-2.3684000000000003,47.05399999999952],[-2.3684000000000003,47.05059999999952],[-2.371,47.05059999999952],[-2.371,47.047000000002875],[-2.3823999999932917,47.047000000002875],[-2.3888000000000003,47.04379999999952],[-2.3888000000000003,47.036999999999516],[-2.416,47.036999999999516],[-2.4194,47.05059999999952],[-2.4330000000000003,47.05059999999952],[-2.4330000000000003,47.04719999999952],[-2.4398,47.04719999999952],[-2.4398,47.05059999999952],[-2.4432,47.05059999999952],[-2.4432,47.05399999999952],[-2.4228,47.05399999999952],[-2.4228,47.064199999999516],[-2.4194,47.064199999999516],[-2.4194,47.067599999999516],[-2.4058,47.067599999999516],[-2.4024,47.07439999999952],[-2.3956,47.07779999999952],[-2.3956,47.08119999999952],[-2.39,47.08119999999952],[-2.39,47.08500000000287],[-2.3834999999983237,47.08500000000287],[-2.382,47.08799999999952],[-2.3805,47.08824999999952],[-2.3805,47.094500000002874],[-2.3616,47.094500000002874],[-2.3616,47.094799999999516],[-2.3514,47.094799999999516],[-2.3514,47.098199999999515],[-2.3446000000000002,47.098199999999515],[-2.3446000000000002,47.101599999999515],[-2.3425000000000002,47.101599999999515],[-2.3425000000000002,47.10400000000287],[-2.331,47.10400000000287],[-2.331,47.10499999999952],[-2.3174,47.10499999999952],[-2.3174,47.10400000000287],[-2.314,47.10400000000287],[-2.314,47.11350000000287],[-2.3045,47.11350000000287],[-2.3045,47.10400000000287],[-2.3038000000000003,47.10400000000287],[-2.3038000000000003,47.10499999999952],[-2.2766,47.10499999999952],[-2.2766,47.10400000000287],[-2.257,47.10400000000287],[-2.257,47.13250000000287],[-2.2475,47.13250000000287],[-2.2475,47.128799999999515],[-2.246,47.128799999999515],[-2.246,47.125399999999516],[-2.2358000000000002,47.125399999999516],[-2.2358000000000002,47.123000000002875],[-2.2190000000000003,47.123000000002875],[-2.2190000000000003,47.12199999999952],[-2.2154000000000003,47.12199999999952],[-2.2154000000000003,47.11859999999952],[-2.2052,47.11859999999952],[-2.2052,47.094799999999516],[-2.1814,47.094799999999516],[-2.1814,47.094500000002874],[-2.181,47.094500000002874],[-2.181,47.09139999999952],[-2.178,47.09139999999952],[-2.1746000000000003,47.08459999999952],[-2.181,47.08459999999952],[-2.181,47.07439999999952],[-2.1746000000000003,47.07439999999952],[-2.1746000000000003,47.070999999999515],[-2.1712000000000002,47.070999999999515],[-2.1712000000000002,47.05739999999952],[-2.161,47.05739999999952],[-2.160550000001676,47.05650000000287],[-2.1335,47.05650000000287],[-2.1335,47.047000000002875],[-2.1916,47.047000000002875],[-2.1916,47.040399999999515],[-2.1984000000000004,47.040399999999515],[-2.1984000000000004,47.036999999999516],[-2.2018,47.036999999999516],[-2.2018,47.040399999999515],[-2.2086,47.040399999999515],[-2.2086,47.04379999999952],[-2.2426000000000004,47.04379999999952],[-2.2426000000000004,47.03359999999952],[-2.2494,47.03359999999952],[-2.2494,47.036999999999516],[-2.2528,47.036999999999516],[-2.2528,47.040399999999515],[-2.2494,47.040399999999515],[-2.2494,47.047000000002875],[-2.257,47.047000000002875],[-2.257,47.05059999999952],[-2.2664,47.05059999999952],[-2.2664,47.05650000000287],[-2.295,47.05650000000287],[-2.295,47.064199999999516],[-2.3235,47.064199999999516],[-2.3235,47.04379999999952],[-2.314,47.04379999999952],[-2.314,47.04719999999952],[-2.297,47.04719999999952],[-2.297,47.04379999999952],[-2.3004000000000002,47.04379999999952],[-2.3004000000000002,47.036999999999516],[-2.3038000000000003,47.036999999999516],[-2.3045,47.03559999999952],[-2.3045,47.028000000002876],[-2.314,47.028000000002876],[-2.314,47.02339999999952],[-2.3344,47.02339999999952]],[[-2.3956,47.064199999999516],[-2.3956,47.05650000000287],[-2.39,47.05650000000287],[-2.39,47.064199999999516],[-2.3956,47.064199999999516]]],[[[-2.105,47.28179999999952],[-2.105,47.23700000000287],[-2.0955,47.23700000000287],[-2.0955,47.20850000000287],[-2.105,47.20850000000287],[-2.1145,47.22750000000288],[-2.1335,47.22750000000288],[-2.1430000000000002,47.246500000002875],[-2.181,47.246500000002875],[-2.181,47.23700000000287],[-2.1905,47.23700000000287],[-2.1905,47.218000000002874],[-2.2095000000000002,47.20850000000287],[-2.2095000000000002,47.217199999999515],[-2.212,47.217199999999515],[-2.212,47.22059999999952],[-2.2095000000000002,47.22059999999952],[-2.2095000000000002,47.23700000000287],[-2.2190000000000003,47.23700000000287],[-2.2190000000000003,47.247799999999515],[-2.2256,47.247799999999515],[-2.2256,47.244399999999516],[-2.2324,47.244399999999516],[-2.2324,47.23759999999952],[-2.2426000000000004,47.23759999999952],[-2.246,47.23079999999952],[-2.2494,47.23079999999952],[-2.2528,47.22399999999952],[-2.2562,47.22399999999952],[-2.2562,47.22059999999952],[-2.2664,47.22059999999952],[-2.2664,47.213799999999516],[-2.2698,47.213799999999516],[-2.2698,47.217199999999515],[-2.2800000000000002,47.217199999999515],[-2.2800000000000002,47.21039999999952],[-2.2902,47.21039999999952],[-2.2902,47.217199999999515],[-2.297,47.217199999999515],[-2.297,47.22399999999952],[-2.3038000000000003,47.22739999999952],[-2.3038000000000003,47.23079999999952],[-2.2936,47.23079999999952],[-2.2936,47.23419999999952],[-2.2698,47.23419999999952],[-2.2698,47.23759999999952],[-2.2630000000000003,47.24099999999952],[-2.2630000000000003,47.247799999999515],[-2.229,47.25119999999952],[-2.229,47.25459999999952],[-2.2154000000000003,47.25799999999952],[-2.2154000000000003,47.26139999999952],[-2.2086,47.26139999999952],[-2.2052,47.26819999999952],[-2.2,47.26819999999952],[-2.2,47.31300000000287],[-2.2095000000000002,47.31300000000287],[-2.2095000000000002,47.341500000002874],[-2.2190000000000003,47.341500000002874],[-2.2190000000000003,47.36050000000287],[-2.2285,47.36050000000287],[-2.2285,47.38900000000287],[-2.2095000000000002,47.37950000000287],[-2.2095000000000002,47.36050000000287],[-2.2,47.36050000000287],[-2.2,47.341500000002874],[-2.1905,47.341500000002874],[-2.1905,47.31300000000287],[-2.181,47.31300000000287],[-2.1715,47.294000000002875],[-2.0955,47.294000000002875],[-2.0955,47.29199999999952],[-2.0896000000000003,47.29199999999952],[-2.0896000000000003,47.28519999999952],[-2.0955,47.28519999999952],[-2.0955,47.28450000000287],[-2.0964,47.28450000000287],[-2.0964,47.28179999999952],[-2.105,47.28179999999952]]],[[[-2.5180000000000002,47.29539999999952],[-2.5180000000000002,47.305599999999515],[-2.5078,47.305599999999515],[-2.5044,47.29879999999952],[-2.5010000000000003,47.29879999999952],[-2.5010000000000003,47.29539999999952],[-2.5078,47.29539999999952],[-2.5078,47.29199999999952],[-2.5112,47.29199999999952],[-2.5112,47.29539999999952],[-2.5180000000000002,47.29539999999952]]],[[[-2.688,48.537199999999274],[-2.688,48.52019999999928],[-2.6948000000000003,48.52359999999928],[-2.6948000000000003,48.537199999999274],[-2.688,48.537199999999274]]],[[[-0.9649999999999999,45.584000000002874],[-0.9649999999999999,45.59350000000288],[-0.9459999999999997,45.59350000000288],[-0.9459999999999997,45.60300000000287],[-0.9365000000000006,45.60300000000287],[-0.9365000000000006,45.584000000002874],[-0.9459999999999997,45.584000000002874],[-0.9459999999999997,45.55550000000287],[-0.9270000000000005,45.55550000000287],[-0.9270000000000005,45.54659999999904],[-0.9260000000000002,45.54659999999904],[-0.9260000000000002,45.54319999999904],[-0.9192,45.54319999999904],[-0.9192,45.53979999999903],[-0.9124000000000003,45.53979999999903],[-0.9124000000000003,45.536500000002874],[-0.8985000000000003,45.536500000002874],[-0.8985000000000003,45.52619999999904],[-0.8954,45.52619999999904],[-0.8954,45.52279999999904],[-0.8886000000000003,45.52279999999904],[-0.8886000000000003,45.51939999999904],[-0.8852000000000002,45.51939999999904],[-0.8852000000000002,45.517500000002876],[-0.8795000000000002,45.517500000002876],[-0.8795000000000002,45.51259999999904],[-0.8784000000000001,45.51259999999904],[-0.8784000000000001,45.50919999999903],[-0.8760000000076789,45.50800000000287],[-0.8700000000000001,45.50800000000287],[-0.865499999998081,45.498999999999036],[-0.8614000000000002,45.498999999999036],[-0.8580000000000001,45.49219999999904],[-0.8512,45.49219999999904],[-0.8496000000019184,45.489000000002875],[-0.8414999999999999,45.489000000002875],[-0.8414999999999999,45.48539999999904],[-0.8376000000000001,45.48539999999904],[-0.8376000000000001,45.48199999999904],[-0.8342,45.48199999999904],[-0.8342,45.47950000000287],[-0.8319999999999999,45.47950000000287],[-0.8283999999974415,45.47229999999776],[-0.8273999999999999,45.471799999999035],[-0.8273999999999999,45.47030000000287],[-0.8261333333307752,45.467766666664424],[-0.8206000000000002,45.46499999999904],[-0.8206000000000002,45.46159999999904],[-0.8172000000000001,45.46159999999904],[-0.8172000000000001,45.460500000002874],[-0.8035000000000005,45.460500000002874],[-0.8035000000000005,45.45139999999903],[-0.8002000000000002,45.45139999999903],[-0.8002000000000002,45.44935000000287],[-0.7845000000000004,45.441500000002875],[-0.775849999998085,45.42419999999904],[-0.7730000000000001,45.42419999999904],[-0.7730000000000001,45.42150000000287],[-0.7715999999923258,45.42079999999903],[-0.7696000000000001,45.42079999999903],[-0.7696000000000001,45.41980000000287],[-0.7560000000000002,45.413000000002874],[-0.7560000000000002,45.40379999999904],[-0.7560000000000002,45.40039999999904],[-0.7526000000000002,45.40039999999904],[-0.7526000000000002,45.39359999999904],[-0.7492000000000001,45.39359999999904],[-0.7492000000000001,45.39060000000288],[-0.7483999999923178,45.390199999999034],[-0.7458,45.390199999999034],[-0.7458,45.38890000000288],[-0.7370000000000001,45.38450000000287],[-0.7370000000000001,45.37049999999904],[-0.7356000000000003,45.36979999999904],[-0.7356000000000003,45.365500000002875],[-0.6705000000000005,45.365500000002875],[-0.6705000000000005,45.35600000000287],[-0.6799999999999997,45.35600000000287],[-0.6799999999999997,45.337000000002874],[-0.6894999999999998,45.337000000002874],[-0.6894999999999998,45.32750000000287],[-0.7084999999999999,45.318000000002876],[-0.6989999999999998,45.26100000000287],[-0.718,45.26100000000287],[-0.718,45.23250000000287],[-0.7084999999999999,45.23250000000287],[-0.7084999999999999,45.194500000002876],[-0.6989999999999998,45.194500000002876],[-0.6989999999999998,45.13750000000287],[-0.6894999999999998,45.13750000000287],[-0.6894999999999998,45.118500000002875],[-0.7084999999999999,45.118500000002875],[-0.7084999999999999,45.12800000000287],[-0.7465000000000002,45.12800000000287],[-0.7465000000000002,45.10900000000287],[-0.7655000000000003,45.10900000000287],[-0.7750000000000004,45.090000000002874],[-0.8035000000000005,45.090000000002874],[-0.8129999999999997,45.071000000002876],[-0.8414999999999999,45.071000000002876],[-0.8414999999999999,45.06150000000287],[-0.8605,45.06150000000287],[-0.8605,45.05200000000287],[-0.8890000000000002,45.05200000000287],[-0.8985000000000003,45.03300000000287],[-0.9270000000000005,45.03300000000287],[-0.9270000000000005,45.023500000002876],[-0.9459999999999997,45.023500000002876],[-0.9459999999999997,45.06150000000287],[-0.9365000000000006,45.06150000000287],[-0.9270000000000005,45.08050000000287],[-0.8985000000000003,45.08050000000287],[-0.8890000000000002,45.09950000000288],[-0.8605,45.09950000000288],[-0.851,45.118500000002875],[-0.8319999999999999,45.118500000002875],[-0.8224999999999998,45.13750000000287],[-0.8035000000000005,45.13750000000287],[-0.7940000000000005,45.15650000000287],[-0.7750000000000004,45.15650000000287],[-0.7750000000000004,45.17550000000287],[-0.7655000000000003,45.17550000000287],[-0.7655000000000003,45.18500000000287],[-0.7465000000000002,45.194500000002876],[-0.7465000000000002,45.22300000000287],[-0.8795000000000002,45.22300000000287],[-0.8795000000000002,45.213500000002874],[-0.8985000000000003,45.213500000002874],[-0.8985000000000003,45.20400000000287],[-0.9459999999999997,45.20400000000287],[-0.9459999999999997,45.213500000002874],[-0.9270000000000005,45.213500000002874],[-0.9270000000000005,45.23250000000287],[-0.9080000000000004,45.23250000000287],[-0.9080000000000004,45.25150000000287],[-0.8985000000000003,45.25150000000287],[-0.8890000000000002,45.270500000002876],[-0.8700000000000001,45.270500000002876],[-0.8700000000000001,45.289500000002874],[-0.851,45.289500000002874],[-0.851,45.30850000000287],[-0.8319999999999999,45.30850000000287],[-0.8319999999999999,45.32750000000287],[-0.8224999999999998,45.32750000000287],[-0.8224999999999998,45.36679999999904],[-0.8240000000000003,45.36979999999904],[-0.8308,45.36979999999904],[-0.8308,45.37319999999904],[-0.8376000000000001,45.37659999999904],[-0.8376000000000001,45.383399999999035],[-0.8444000000000003,45.383399999999035],[-0.8478000000000003,45.390199999999034],[-0.8546,45.390199999999034],[-0.8546,45.39359999999904],[-0.8562000000153445,45.394000000002876],[-0.8700000000000001,45.394000000002876],[-0.8731999999980816,45.40039999999904],[-0.875,45.40039999999904],[-0.875,45.40379999999904],[-0.8818000000000001,45.40379999999904],[-0.8818000000000001,45.410599999999036],[-0.8886000000000003,45.410599999999036],[-0.8886000000000003,45.413000000002874],[-0.8890000000000002,45.413000000002874],[-0.8890000000000002,45.42079999999903],[-0.8919999999999999,45.42079999999903],[-0.8919999999999999,45.42419999999904],[-0.8954,45.42419999999904],[-0.8988,45.43099999999904],[-0.9056000000000002,45.43099999999904],[-0.9056000000000002,45.43200000000287],[-0.9080000000000004,45.43200000000287],[-0.9108999999980825,45.43779999999904],[-0.9124000000000003,45.43779999999904],[-0.9124000000000003,45.440800000002874],[-0.9125999999980823,45.441199999999036],[-0.9192,45.441199999999036],[-0.9192,45.444599999999035],[-0.9328000000000003,45.444599999999035],[-0.9328000000000003,45.447999999999034],[-0.9396,45.447999999999034],[-0.9396,45.468399999999036],[-0.9464000000000001,45.468399999999036],[-0.9464000000000001,45.47000000000287],[-0.9739999999846657,45.47000000000287],[-0.9803999999999999,45.468399999999036],[-0.9803999999999999,45.48539999999904],[-0.9838,45.48539999999904],[-0.9838,45.48879999999904],[-0.9906000000000001,45.48879999999904],[-0.9907000000019184,45.489000000002875],[-0.9935,45.489000000002875],[-0.9967999999980813,45.49559999999904],[-1.0008000000000001,45.49559999999904],[-1.0042000000000002,45.502399999999035],[-1.0110000000000001,45.502399999999035],[-1.0110000000000001,45.505799999999034],[-1.015400000007679,45.50800000000287],[-1.0220000000000002,45.50800000000287],[-1.0220000000000002,45.51599999999904],[-1.028,45.51599999999904],[-1.028,45.517500000002876],[-1.0315000000000003,45.517500000002876],[-1.0315000000000003,45.52279999999904],[-1.0348000000000002,45.52279999999904],[-1.0348000000000002,45.536399999999034],[-1.0350000000076807,45.536500000002874],[-1.0505000000000004,45.536500000002874],[-1.0505000000000004,45.54600000000288],[-1.0789999999999997,45.54600000000288],[-1.0789999999999997,45.55550000000287],[-1.1028,45.55550000000287],[-1.1028,45.55339999999904],[-1.1062,45.55339999999904],[-1.1062,45.54659999999904],[-1.1130000000000002,45.54319999999904],[-1.1130000000000002,45.536399999999034],[-1.1198000000000001,45.532999999999035],[-1.1198000000000001,45.529599999999036],[-1.1265,45.529599999999036],[-1.1265,45.52700000000287],[-1.1266,45.52700000000287],[-1.1266,45.52619999999904],[-1.1334000000000002,45.52279999999904],[-1.1368,45.51599999999904],[-1.1436000000000002,45.51259999999904],[-1.1436000000000002,45.505799999999034],[-1.147,45.505799999999034],[-1.147,45.502399999999035],[-1.1538000000000002,45.502399999999035],[-1.1538000000000002,45.498999999999036],[-1.1708,45.498999999999036],[-1.1708,45.48879999999904],[-1.1912,45.48539999999904],[-1.1912,45.48879999999904],[-1.2048,45.48879999999904],[-1.2048,45.489000000002875],[-1.2119999999999997,45.489000000002875],[-1.2203999999980804,45.505799999999034],[-1.2252,45.505799999999034],[-1.2252,45.502399999999035],[-1.2320000000000002,45.502399999999035],[-1.2320000000000002,45.505799999999034],[-1.2354,45.505799999999034],[-1.2354,45.51939999999904],[-1.2309999999999999,45.51939999999904],[-1.2309999999999999,45.536399999999034],[-1.2354,45.536399999999034],[-1.2354,45.536500000002874],[-1.2405,45.536500000002874],[-1.2405,45.54600000000288],[-1.2484999999923254,45.54999999999904],[-1.249,45.54999999999904],[-1.249,45.550250000002876],[-1.2595,45.55550000000287],[-1.2595,45.57039999999904],[-1.2626000000000002,45.57039999999904],[-1.2626000000000002,45.57379999999904],[-1.266,45.57379999999904],[-1.266,45.57775000000287],[-1.2785000000000002,45.584000000002874],[-1.2785000000000002,45.597599999999034],[-1.2864,45.597599999999034],[-1.2864,45.60099999999904],[-1.2932000000000001,45.60099999999904],[-1.2932000000000001,45.60300000000287],[-1.3165000000000004,45.60300000000287],[-1.3165000000000004,45.61168333333237],[-1.3214000000230266,45.612500000002875],[-1.3354999999999997,45.612500000002875],[-1.3354999999999997,45.61874999999903],[-1.3408,45.621399999999035],[-1.3408,45.62200000000287],[-1.3449999999999998,45.62200000000287],[-1.3449999999999998,45.62689999999903],[-1.3476000000000001,45.62819999999903],[-1.3476000000000001,45.63499999999904],[-1.3510000000000002,45.63499999999904],[-1.3510000000000002,45.64179999999904],[-1.3544,45.64179999999904],[-1.3544,45.645199999999036],[-1.3510000000000002,45.645199999999036],[-1.3510000000000002,45.651999999999035],[-1.3272000000000002,45.651999999999035],[-1.3272000000000002,45.65050000000287],[-1.3165000000000004,45.65050000000287],[-1.3070000000000004,45.66950000000287],[-1.2785000000000002,45.66950000000287],[-1.2690000000000001,45.688500000002875],[-1.2405,45.688500000002875],[-1.2405,45.679199999999035],[-1.2388000000000001,45.679199999999035],[-1.2388000000000001,45.675799999999036],[-1.2354,45.675799999999036],[-1.2354,45.67239999999904],[-1.2286000000000001,45.67239999999904],[-1.2286000000000001,45.66950000000287],[-1.1645000000000003,45.66950000000287],[-1.1645000000000003,45.66559999999904],[-1.1606,45.66559999999904],[-1.1606,45.66219999999904],[-1.1504,45.66219999999904],[-1.1504,45.660000000002874],[-1.1360000000000001,45.660000000002874],[-1.1360000000000001,45.66950000000287],[-1.117,45.66950000000287],[-1.117,45.648599999999036],[-1.1164,45.648599999999036],[-1.1164,45.645199999999036],[-1.1096000000000001,45.645199999999036],[-1.1075000000019195,45.641000000002876],[-1.096,45.641000000002876],[-1.096,45.64179999999904],[-1.0926,45.64179999999904],[-1.0922000000019194,45.641000000002876],[-1.0884999999999998,45.641000000002876],[-1.0789999999999997,45.660000000002874],[-1.0695000000000006,45.660000000002874],[-1.0695000000000006,45.67900000000287],[-1.0505000000000004,45.688500000002875],[-1.0505000000000004,45.707500000002874],[-1.0410000000000004,45.707500000002874],[-1.0410000000000004,45.62200000000287],[-1.0315000000000003,45.62200000000287],[-1.0315000000000003,45.61459999999904],[-1.028,45.61459999999904],[-1.026950000001919,45.612500000002875],[-1.0125000000000002,45.612500000002875],[-1.0125000000000002,45.60300000000287],[-1.0030000000000001,45.60300000000287],[-1.0030000000000001,45.59019999999904],[-0.9974000000000003,45.587399999999036],[-0.9974000000000003,45.584000000002874],[-0.9649999999999999,45.584000000002874]]],[[[-1.181,45.821999999999036],[-1.181,45.83899999999904],[-1.1776000000000002,45.83899999999904],[-1.1776000000000002,45.832199999999034],[-1.1742000000000001,45.832199999999034],[-1.1742000000000001,45.821999999999036],[-1.181,45.821999999999036]]],[[[-1.1930000000000005,46.26800000000287],[-1.1835000000000004,46.28700000000288],[-1.1779999999980808,46.28700000000288],[-1.1776000000000002,46.28779999999904],[-1.1606,46.28779999999904],[-1.1572,46.294599999999036],[-1.147,46.294599999999036],[-1.147,46.29119999999904],[-1.1538000000000002,46.28779999999904],[-1.1538000000000002,46.28439999999904],[-1.1606,46.28439999999904],[-1.1640000000000001,46.27759999999903],[-1.1645000000000003,46.27734999999903],[-1.1645000000000003,46.26800000000287],[-1.1740000000000004,46.26800000000287],[-1.1740000000000004,46.258500000002876],[-1.181,46.258500000002876],[-1.181,46.25719999999904],[-1.1878000000000002,46.25719999999904],[-1.1878000000000002,46.25379999999904],[-1.1930000000000005,46.25379999999904],[-1.1930000000000005,46.24900000000287],[-1.2119999999999997,46.24900000000287],[-1.2119999999999997,46.258500000002876],[-1.1980000000000002,46.26550000000287],[-1.1980000000000002,46.267399999999036],[-1.194200000007672,46.267399999999036],[-1.1930000000000005,46.26800000000287]]],[[[-1.1036000000000001,49.390599999999274],[-1.1036000000000001,49.387199999999275],[-1.1075,49.387199999999275],[-1.1075,49.38400000000287],[-1.1265,49.38400000000287],[-1.1265,49.393500000002874],[-1.1455000000000002,49.393500000002874],[-1.1455000000000002,49.41250000000287],[-1.1075,49.41250000000287],[-1.1075,49.40419999999928],[-1.1070000000000002,49.40419999999928],[-1.106400000001799,49.403000000002876],[-1.0979999999999999,49.403000000002876],[-1.0979999999999999,49.39739999999928],[-1.0968,49.39739999999928],[-1.0968,49.390599999999274],[-1.1036000000000001,49.390599999999274]]],[[[0.4241999999999999,49.537199999999274],[0.4276,49.537199999999274],[0.4276,49.530399999999275],[0.43100000000000005,49.530399999999275],[0.4343999999999997,49.51679999999928],[0.4411999999999998,49.51339999999928],[0.4411999999999998,49.506599999999274],[0.4445999999999999,49.506599999999274],[0.4445999999999999,49.499799999999276],[0.44799999999999995,49.499799999999276],[0.44799999999999995,49.49299999999928],[0.4514,49.49299999999928],[0.4514,49.48619999999928],[0.4615999999999998,49.48619999999928],[0.4615999999999998,49.48959999999928],[0.46499999999999986,49.48959999999928],[0.46499999999999986,49.48279999999928],[0.4718,49.47939999999928],[0.4718,49.472599999999275],[0.47520000000000007,49.472599999999275],[0.47520000000000007,49.46579999999928],[0.4785999999999997,49.46579999999928],[0.4785999999999997,49.45899999999928],[0.48199999999999976,49.45899999999928],[0.48199999999999976,49.45219999999928],[0.48539999999999983,49.45219999999928],[0.48539999999999983,49.441999999999275],[0.4887999999999999,49.441999999999275],[0.4887999999999999,49.43179999999928],[0.49219999999999997,49.43179999999928],[0.49219999999999997,49.42159999999928],[0.49560000000000004,49.42159999999928],[0.49560000000000004,49.411399999999276],[0.49899999999999967,49.411399999999276],[0.49899999999999967,49.39099999999928],[0.5023999999999997,49.39099999999928],[0.5023999999999997,49.36379999999928],[0.5057999999999998,49.36379999999928],[0.5057999999999998,49.353599999999275],[0.5091999999999999,49.353599999999275],[0.5091999999999999,49.33999999999928],[0.5057999999999998,49.33999999999928],[0.5057999999999998,49.33319999999928],[0.5023999999999997,49.33319999999928],[0.5023999999999997,49.32979999999928],[0.48199999999999976,49.32979999999928],[0.48199999999999976,49.326399999999275],[0.47520000000000007,49.326399999999275],[0.47520000000000007,49.322999999999276],[0.4718,49.322999999999276],[0.4718,49.33319999999928],[0.4683999999999999,49.33319999999928],[0.4683999999999999,49.33999999999928],[0.46499999999999986,49.33999999999928],[0.4615999999999998,49.360399999999274],[0.4581999999999997,49.360399999999274],[0.4581999999999997,49.36719999999928],[0.45479999999999965,49.36719999999928],[0.45479999999999965,49.380799999999276],[0.4514,49.380799999999276],[0.4514,49.387599999999274],[0.44799999999999995,49.387599999999274],[0.4445999999999999,49.40799999999928],[0.4411999999999998,49.40799999999928],[0.4411999999999998,49.414799999999275],[0.43779999999999974,49.414799999999275],[0.43779999999999974,49.418199999999274],[0.4276,49.418199999999274],[0.4276,49.40799999999928],[0.43100000000000005,49.40799999999928],[0.43100000000000005,49.39779999999928],[0.4343999999999997,49.39779999999928],[0.4343999999999997,49.384199999999275],[0.43779999999999974,49.384199999999275],[0.43779999999999974,49.37059999999928],[0.4411999999999998,49.37059999999928],[0.4411999999999998,49.360399999999274],[0.4445999999999999,49.360399999999274],[0.4445999999999999,49.34679999999928],[0.44799999999999995,49.34679999999928],[0.44799999999999995,49.33659999999928],[0.4514,49.33659999999928],[0.4514,49.31959999999928],[0.45479999999999965,49.31959999999928],[0.45479999999999965,49.31619999999928],[0.4411999999999998,49.31619999999928],[0.4411999999999998,49.31279999999928],[0.4343999999999997,49.31279999999928],[0.4343999999999997,49.30939999999928],[0.41739999999999977,49.30939999999928],[0.41739999999999977,49.30259999999928],[0.40039999999999987,49.30259999999928],[0.40039999999999987,49.299199999999274],[0.38680000000000003,49.299199999999274],[0.38680000000000003,49.295799999999275],[0.3595999999999999,49.295799999999275],[0.3595999999999999,49.292399999999276],[0.33919999999999995,49.292399999999276],[0.33919999999999995,49.28899999999928],[0.2847999999999997,49.28899999999928],[0.2847999999999997,49.28559999999928],[0.24399999999999977,49.28559999999928],[0.24399999999999977,49.295799999999275],[0.2405999999999997,49.295799999999275],[0.2405999999999997,49.31959999999928],[0.23720000000000008,49.31959999999928],[0.23720000000000008,49.33999999999928],[0.2338,49.33999999999928],[0.2338,49.36379999999928],[0.23039999999999994,49.36379999999928],[0.23039999999999994,49.380799999999276],[0.22699999999999987,49.380799999999276],[0.22699999999999987,49.39439999999928],[0.2235999999999998,49.39439999999928],[0.2235999999999998,49.42159999999928],[0.21679999999999966,49.42159999999928],[0.21679999999999966,49.422000000002875],[0.17280000000179732,49.422000000002875],[0.1726000000000001,49.42159999999928],[0.16920000000000002,49.42159999999928],[0.16920000000000002,49.414799999999275],[0.16549999999999976,49.414799999999275],[0.16549999999999976,49.41250000000287],[0.13859999999999983,49.41250000000287],[0.13859999999999983,49.411399999999276],[0.12159999999999993,49.411399999999276],[0.12159999999999993,49.40799999999928],[0.11479999999999979,49.40459999999928],[0.11479999999999979,49.40119999999928],[0.10850000000000026,49.40119999999928],[0.10850000000000026,49.393500000002874],[0.07050000000000001,49.393500000002874],[0.07050000000000001,49.40119999999928],[0.0671999999999997,49.40119999999928],[0.0671999999999997,49.403000000002876],[0.06099999999999994,49.403000000002876],[0.06099999999999994,49.43150000000287],[0.05149999999999988,49.43150000000287],[0.05149999999999988,49.469500000002874],[0.05715000000179908,49.469500000002874],[0.06040000000000001,49.475999999999274],[0.06099999999999994,49.475999999999274],[0.06099999999999994,49.47900000000287],[0.06380000000000008,49.47900000000287],[0.06380000000000008,49.47939999999928],[0.07399999999999984,49.47939999999928],[0.07399999999999984,49.48279999999928],[0.08079999999999998,49.48279999999928],[0.08079999999999998,49.48619999999928],[0.08759999999999968,49.48619999999928],[0.08759999999999968,49.48279999999928],[0.09439999999999982,49.47939999999928],[0.09439999999999982,49.475999999999274],[0.10119999999999996,49.475999999999274],[0.10119999999999996,49.472599999999275],[0.1080000000000001,49.472599999999275],[0.1080000000000001,49.469500000002874],[0.1274999999999995,49.469500000002874],[0.1274999999999995,49.46239999999928],[0.13859999999999983,49.46239999999928],[0.13859999999999983,49.46000000000287],[0.1559999999999997,49.46000000000287],[0.1559999999999997,49.469500000002874],[0.16579999999999995,49.469500000002874],[0.16579999999999995,49.475999999999274],[0.16920000000000002,49.475999999999274],[0.16920000000000002,49.469500000002874],[0.17499999999999982,49.469500000002874],[0.17499999999999982,49.48850000000287],[0.1844999999999999,49.48850000000287],[0.1844999999999999,49.45899999999928],[0.18619999999999992,49.45899999999928],[0.18619999999999992,49.46239999999928],[0.1896,49.46239999999928],[0.1896,49.45219999999928],[0.19300000000000006,49.45219999999928],[0.19300000000000006,49.450500000002876],[0.19399999999999995,49.450500000002876],[0.19399999999999995,49.44879999999928],[0.19979999999999976,49.44879999999928],[0.19979999999999976,49.445399999999275],[0.22699999999999987,49.445399999999275],[0.23039999999999994,49.438599999999276],[0.2405999999999997,49.438599999999276],[0.2405999999999997,49.445399999999275],[0.24399999999999977,49.445399999999275],[0.24399999999999977,49.438599999999276],[0.3357999999999999,49.438599999999276],[0.3357999999999999,49.441999999999275],[0.35619999999999985,49.441999999999275],[0.35619999999999985,49.445399999999275],[0.38339999999999996,49.445399999999275],[0.38339999999999996,49.44879999999928],[0.3969999999999998,49.44879999999928],[0.3969999999999998,49.45219999999928],[0.4106000000000001,49.45219999999928],[0.4106000000000001,49.45559999999928],[0.42079999999999984,49.45559999999928],[0.42079999999999984,49.506599999999274],[0.4139999999999997,49.506599999999274],[0.4139999999999997,49.52019999999928],[0.4106000000000001,49.52019999999928],[0.4106000000000001,49.533799999999275],[0.4072,49.533799999999275],[0.4072,49.55419999999928],[0.40379999999999994,49.55419999999928],[0.40379999999999994,49.564399999999274],[0.40039999999999987,49.564399999999274],[0.3969999999999998,49.58479999999928],[0.40039999999999987,49.58479999999928],[0.40039999999999987,49.57799999999928],[0.40379999999999994,49.57799999999928],[0.4072,49.564399999999274],[0.4106000000000001,49.564399999999274],[0.4139999999999997,49.55079999999928],[0.41739999999999977,49.55079999999928],[0.41739999999999977,49.54399999999928],[0.4241999999999999,49.54399999999928],[0.4241999999999999,49.537199999999274]]],[[[-1.1580000000000004,49.49259999999928],[-1.1546000000000003,49.49259999999928],[-1.1546000000000003,49.475599999999275],[-1.1580000000000004,49.475599999999275],[-1.1580000000000004,49.478999999999274],[-1.1716000000000002,49.478999999999274],[-1.1716000000000002,49.48239999999928],[-1.1750000000000003,49.48239999999928],[-1.1750000000000003,49.48919999999928],[-1.1580000000000004,49.48919999999928],[-1.1580000000000004,49.49259999999928]]],[[[1.6311999999999998,50.19339999999928],[1.6481999999999997,50.19339999999928],[1.6481999999999997,50.186599999999274],[1.6414,50.186599999999274],[1.6414,50.183199999999275],[1.6345999999999998,50.179799999999275],[1.6311999999999998,50.16619999999928],[1.6243999999999996,50.16279999999928],[1.6243999999999996,50.155999999999274],[1.621,50.155999999999274],[1.621,50.183199999999275],[1.6176,50.183199999999275],[1.6176,50.194225000002874],[1.5904999999999996,50.20100000000287],[1.5904999999999996,50.20613749999928],[1.5835999999999997,50.206999999999276],[1.5835999999999997,50.210399999999275],[1.5734,50.210399999999275],[1.5734,50.210500000002874],[1.5619999999999994,50.210500000002874],[1.5525000000000002,50.17250000000287],[1.5335,50.163000000002874],[1.5302000000017981,50.16959999999928],[1.5257999999999998,50.16959999999928],[1.5257999999999998,50.176399999999276],[1.5122,50.176399999999276],[1.5122,50.179799999999275],[1.5053999999999998,50.183199999999275],[1.5053999999999998,50.18999999999928],[1.5019999999999998,50.18999999999928],[1.5019999999999998,50.19679999999928],[1.5053999999999998,50.19679999999928],[1.5053999999999998,50.20100000000287],[1.4954999999999998,50.20100000000287],[1.4954999999999998,50.210399999999275],[1.4747999999999997,50.210399999999275],[1.4747999999999997,50.206999999999276],[1.4713999999999996,50.206999999999276],[1.4713999999999996,50.210500000002874],[1.4543999999999997,50.210500000002874],[1.4543999999999997,50.210399999999275],[1.4442,50.210399999999275],[1.4441499999982006,50.210500000002874],[1.4100000000000001,50.210500000002874],[1.4100000000000001,50.22000000000287],[1.4005,50.22000000000287],[1.4005,50.239000000002875],[1.4272,50.239000000002875],[1.4272,50.240999999999275],[1.4339999999999997,50.240999999999275],[1.4339999999999997,50.244399999999274],[1.4384999999999994,50.244399999999274],[1.4384999999999994,50.25800000000287],[1.4574999999999996,50.25800000000287],[1.4574999999999996,50.25119999999928],[1.4577999999999998,50.25119999999928],[1.4577999999999998,50.239000000002875],[1.4951999999999996,50.239000000002875],[1.4951999999999996,50.240999999999275],[1.505,50.240999999999275],[1.505,50.24850000000287],[1.5155999999999996,50.24850000000287],[1.5155999999999996,50.25459999999928],[1.5223999999999998,50.25459999999928],[1.5223999999999998,50.25119999999928],[1.5292,50.25119999999928],[1.5292,50.24850000000287],[1.5430000000000001,50.24850000000287],[1.5430000000000001,50.244399999999274],[1.5665999999999998,50.244399999999274],[1.5692999999982,50.239000000002875],[1.5714999999999995,50.239000000002875],[1.5714999999999995,50.237599999999276],[1.5768,50.237599999999276],[1.5801999999999996,50.23079999999928],[1.5869999999999997,50.23079999999928],[1.5869999999999997,50.22950000000287],[1.5904999999999996,50.22950000000287],[1.5904999999999996,50.22739999999928],[1.6005999999999996,50.22739999999928],[1.6039999999999996,50.22059999999928],[1.6243999999999996,50.22059999999928],[1.6243999999999996,50.22739999999928],[1.6311999999999998,50.23079999999928],[1.6311999999999998,50.22059999999928],[1.6345999999999998,50.22059999999928],[1.6345999999999998,50.213799999999274],[1.638,50.213799999999274],[1.638,50.210399999999275],[1.6284999999999998,50.210399999999275],[1.6284999999999998,50.19879999999928],[1.6311999999999998,50.19339999999928]]],[[[-0.9188000000000001,50.774799999999274],[-0.9188000000000001,50.767999999999276],[-0.9358,50.767999999999276],[-0.9358,50.774799999999274],[-0.9392,50.774799999999274],[-0.9392,50.77819999999928],[-0.9222000000000001,50.77819999999928],[-0.9222000000000001,50.774799999999274],[-0.9188000000000001,50.774799999999274]]],[[[-0.895,50.78159999999928],[-0.9052,50.78159999999928],[-0.9052,50.798599999999276],[-0.8984000000000001,50.798599999999276],[-0.8984000000000001,50.78839999999928],[-0.895,50.78839999999928],[-0.895,50.78159999999928]]],[[[0.9634999999999998,50.99900000000287],[0.9634999999999998,51.027500000002874],[0.9824999999999999,51.03700000000288],[0.9824999999999999,51.19850000000287],[1.0015,51.19850000000287],[1.0015,51.179500000002875],[1.0110000000000001,51.179500000002875],[1.0110000000000001,51.151000000002874],[1.0205000000000002,51.151000000002874],[1.0205000000000002,51.03700000000288],[1.0110000000000001,51.03700000000288],[1.0110000000000001,51.01800000000287],[0.9824999999999999,51.01800000000287],[0.9729999999999999,50.99900000000287],[0.9634999999999998,50.99900000000287]]],[[[0.5264999999999995,51.38850000000287],[0.5169999999999995,51.38850000000287],[0.5169999999999995,51.41700000000287],[0.5074999999999994,51.41700000000287],[0.5074999999999994,51.474000000002874],[0.4980000000000002,51.474000000002874],[0.4980000000000002,51.49300000000287],[0.48850000000000016,51.49300000000287],[0.48850000000000016,51.54050000000287],[0.5074999999999994,51.53100000000288],[0.5074999999999994,51.521500000002874],[0.5169999999999995,51.521500000002874],[0.5264999999999995,51.502500000002875],[0.5549999999999997,51.502500000002875],[0.5549999999999997,51.34100000000287],[0.5359999999999996,51.34100000000287],[0.5359999999999996,51.36000000000287],[0.5264999999999995,51.36000000000287],[0.5264999999999995,51.38850000000287]]],[[[0.9634999999999998,51.768500000002874],[1.0015,51.768500000002874],[1.0015,51.75900000000287],[1.0205000000000002,51.75900000000287],[1.0205000000000002,51.749500000002875],[0.9729999999999999,51.749500000002875],[0.9634999999999998,51.768500000002874]]],[[[1.5734,50.37359999999928],[1.5699999999999998,50.37359999999928],[1.5699999999999998,50.38039999999928],[1.5631999999999997,50.38039999999928],[1.5631999999999997,50.387199999999275],[1.5699999999999998,50.387199999999275],[1.5699999999999998,50.383799999999276],[1.5734,50.383799999999276],[1.5734,50.38039999999928],[1.5768,50.38039999999928],[1.5768,50.37699999999928],[1.5835999999999997,50.37359999999928],[1.5835999999999997,50.37019999999928],[1.5734,50.37019999999928],[1.5734,50.37359999999928]]],[[[2.7089999999999996,51.186199999999275],[2.7157999999999998,51.186199999999275],[2.7157999999999998,51.19639999999928],[2.7089999999999996,51.19639999999928],[2.7089999999999996,51.19979999999928],[2.7226,51.19979999999928],[2.7226,51.19299999999928],[2.7429999999999994,51.19299999999928],[2.7429999999999994,51.20319999999928],[2.726,51.20319999999928],[2.726,51.213399999999275],[2.7361999999999993,51.213399999999275],[2.7361999999999993,51.22359999999928],[2.7294,51.22699999999928],[2.7294,51.23039999999928],[2.721,51.23039999999928],[2.721,51.227000000002874],[2.7123999999999997,51.227000000002874],[2.7123999999999997,51.22699999999928],[2.7089999999999996,51.22699999999928],[2.7089999999999996,51.227000000002874],[2.702,51.227000000002874],[2.703699999998202,51.23039999999928],[2.6953999999999994,51.23039999999928],[2.6953999999999994,51.240599999999276],[2.7021999999999995,51.243999999999275],[2.7021999999999995,51.25079999999928],[2.7157999999999998,51.25079999999928],[2.7157999999999998,51.25419999999928],[2.726,51.25419999999928],[2.726,51.25759999999928],[2.7361999999999993,51.25759999999928],[2.7361999999999993,51.26099999999928],[2.7429999999999994,51.26099999999928],[2.7429999999999994,51.26439999999928],[2.7463999999999995,51.26439999999928],[2.7463999999999995,51.25472500000288],[2.7494999999999994,51.255500000002876],[2.7463999999999995,51.249300000002876],[2.7463999999999995,51.17599999999928],[2.7429999999999994,51.17599999999928],[2.7429999999999994,51.17259999999928],[2.7226,51.17259999999928],[2.7226,51.17599999999928],[2.7123999999999997,51.17599999999928],[2.7123999999999997,51.179399999999276],[2.7089999999999996,51.179399999999276],[2.7089999999999996,51.186199999999275]]],[[[2.9205000000000005,51.274500000002874],[2.939499999999999,51.274500000002874],[2.939499999999999,51.28400000000288],[2.958499999999999,51.28400000000288],[2.958499999999999,51.29350000000287],[2.968,51.29350000000287],[2.968,51.26500000000287],[2.9205000000000005,51.26500000000287],[2.9205000000000005,51.274500000002874]]],[[[3.9655000000000005,51.40750000000288],[4.013,51.40750000000288],[4.013,51.398000000002874],[4.003499999999999,51.398000000002874],[4.003499999999999,51.350500000002874],[3.9939999999999998,51.350500000002874],[3.9939999999999998,51.36000000000287],[3.9845000000000006,51.36000000000287],[3.9845000000000006,51.379000000002875],[3.9749999999999996,51.379000000002875],[3.9749999999999996,51.398000000002874],[3.9655000000000005,51.398000000002874],[3.9655000000000005,51.40750000000288]]],[[[3.8420000000000005,51.68300000000287],[3.8324999999999996,51.68300000000287],[3.8324999999999996,51.66400000000287],[3.8230000000000004,51.66400000000287],[3.8230000000000004,51.673500000002875],[3.7944999999999993,51.673500000002875],[3.7944999999999993,51.68300000000287],[3.8230000000000004,51.68300000000287],[3.8324999999999996,51.702000000002876],[3.8420000000000005,51.702000000002876],[3.8420000000000005,51.68300000000287]]],[[[6.25,53.425000000000914],[6.2375,53.400000000000915],[6.1625,53.400000000000915],[6.1625,53.45000000000091],[6.2375,53.45000000000091],[6.2375,53.425000000000914],[6.25,53.425000000000914]]],[[[8.7625,54.21250000000046],[8.7625,54.18750000000091],[8.75,54.18750000000091],[8.75,54.187500000000455],[8.7375,54.187500000000455],[8.7375,54.150000000000915],[8.775,54.150000000000915],[8.775,54.15000000000046],[8.7875,54.15000000000046],[8.7875,54.17500000000046],[8.8,54.17500000000046],[8.8,54.13750000000091],[8.8375,54.13750000000091],[8.8375,54.131250000000456],[8.874999999997272,54.12500000000091],[8.8875,54.12500000000091],[8.8875,54.112500000000914],[8.875,54.112500000000914],[8.875,54.087500000000915],[8.875,54.08750000000046],[8.8125,54.08750000000046],[8.8125,54.11250000000046],[8.75,54.11250000000046],[8.75,54.07500000000091],[8.825,54.07500000000091],[8.825,54.06250000000091],[8.8,54.06250000000091],[8.8,54.050000000000914],[8.7875,54.050000000000914],[8.7875,54.05000000000046],[8.8,54.05000000000046],[8.8,54.01250000000091],[8.825,54.01250000000091],[8.825,54.01250000000046],[8.8375,54.01250000000046],[8.8375,54.00000000000091],[8.85,54.00000000000091],[8.85,53.98750000000046],[8.85,53.975000000000456],[8.85,53.94559999999767],[8.855599999999999,53.94559999999767],[8.855599999999999,53.940799999997665],[8.8532,53.940799999997665],[8.8532,53.94199999999767],[8.85,53.94199999999767],[8.85,53.928799999997665],[8.8544,53.928799999997665],[8.8544,53.92639999999767],[8.8616,53.92639999999767],[8.8616,53.928799999997665],[8.8628,53.928799999997665],[8.8628,53.92999999999767],[8.8652,53.92999999999767],[8.8652,53.931199999997666],[8.8688,53.931199999997666],[8.8688,53.928799999997665],[8.8724,53.928799999997665],[8.8724,53.92759999999767],[8.8748,53.92759999999767],[8.8748,53.925199999997666],[8.876,53.925199999997666],[8.876,53.925000000000914],[8.9,53.925000000000914],[8.9,53.913199999997666],[8.9036,53.913199999997666],[8.9036,53.91250000000091],[8.9125,53.91250000000091],[8.9125,53.87500000000091],[8.9324,53.87500000000091],[8.9324,53.87599999999767],[8.9252,53.877199999997664],[8.9252,53.87839999999767],[8.9216,53.87839999999767],[8.9204,53.88079999999767],[8.918,53.88079999999767],[8.918,53.88199999999767],[8.9168,53.88199999999767],[8.9168,53.88439999999767],[8.924,53.88439999999767],[8.924,53.889199999997665],[8.9204,53.889199999997665],[8.9216,53.891599999997666],[8.9252,53.891599999997666],[8.9252,53.89039999999767],[8.93,53.89039999999767],[8.93,53.889199999997665],[8.9372,53.88799999999767],[8.9372,53.88679999999767],[8.9396,53.88679999999767],[8.9396,53.885599999997666],[8.942,53.885599999997666],[8.942,53.88439999999767],[8.9396,53.88439999999767],[8.9396,53.883199999997665],[8.9384,53.883199999997665],[8.9372,53.88079999999767],[8.9348,53.88079999999767],[8.9348,53.877199999997664],[8.936,53.877199999997664],[8.936,53.87599999999767],[8.9384,53.87599999999767],[8.9384,53.87500000000091],[8.95,53.87500000000091],[8.95,53.88750000000091],[9.0375,53.88750000000091],[9.0375,53.900000000000915],[9.2375,53.900000000000915],[9.2375,53.88750000000091],[9.2625,53.88750000000091],[9.2625,53.87500000000091],[9.3,53.87500000000091],[9.3,53.862500000000914],[9.3375,53.862500000000914],[9.3375,53.85000000000091],[9.3625,53.85000000000091],[9.375,53.82500000000091],[9.3875,53.82500000000091],[9.3875,53.81250000000091],[9.4,53.81250000000091],[9.4,53.78750000000091],[9.425,53.775000000000915],[9.425,53.75000000000091],[9.4625,53.75000000000091],[9.475,53.72500000000091],[9.5,53.72500000000091],[9.5,53.68750000000091],[9.475,53.68750000000091],[9.4625,53.712500000000915],[9.4375,53.712500000000915],[9.4375,53.72500000000091],[9.4125,53.72500000000091],[9.4125,53.737500000000914],[9.4,53.737500000000914],[9.3875,53.76250000000091],[9.375,53.76250000000091],[9.375,53.775000000000915],[9.3625,53.775000000000915],[9.3625,53.800000000000914],[9.3375,53.81250000000091],[9.325,53.837500000000915],[9.2875,53.837500000000915],[9.275,53.862500000000914],[9.250399999999999,53.862500000000914],[9.250399999999999,53.86039999999767],[9.2456,53.86039999999767],[9.2456,53.85919999999767],[9.2444,53.85919999999767],[9.2444,53.86039999999767],[9.242,53.86039999999767],[9.242,53.861599999997665],[9.227599999999999,53.861599999997665],[9.227599999999999,53.862500000000914],[9.0848,53.862500000000914],[9.0848,53.861599999997665],[9.0836,53.861599999997665],[9.083149999998376,53.862500000000914],[9.0716,53.862500000000914],[9.0716,53.861599999997665],[9.0632,53.861599999997665],[9.0632,53.86039999999767],[9.0596,53.86039999999767],[9.0596,53.85919999999767],[9.0524,53.85919999999767],[9.0524,53.857999999997666],[9.0476,53.857999999997666],[9.0476,53.85679999999767],[9.0404,53.85679999999767],[9.0404,53.855599999997665],[9.0356,53.855599999997665],[9.0356,53.85439999999767],[9.033449999998377,53.85439999999767],[9.025,53.837500000000915],[9.0,53.837500000000915],[9.0,53.83750000000046],[8.9192,53.83750000000046],[8.9192,53.83639999999767],[8.9132,53.83639999999767],[8.9132,53.83519999999767],[8.9096,53.83519999999767],[8.9096,53.833999999997665],[8.9048,53.833999999997665],[8.9048,53.83279999999767],[8.894,53.83279999999767],[8.894,53.83159999999767],[8.8088,53.83159999999767],[8.8088,53.83279999999767],[8.8004,53.83279999999767],[8.8004,53.833999999997665],[8.7932,53.833999999997665],[8.7932,53.83519999999767],[8.786,53.83519999999767],[8.786,53.83639999999767],[8.78,53.83639999999767],[8.78,53.83750000000046],[8.7625,53.83750000000046],[8.758250000001397,53.845999999997666],[8.7536,53.845999999997666],[8.7536,53.84719999999767],[8.7524,53.84719999999767],[8.7524,53.84839999999767],[8.75,53.84839999999767],[8.749400000001163,53.84959999999534],[8.7488,53.84959999999534],[8.7488,53.85079999999534],[8.744,53.85079999999534],[8.742799999999999,53.85319999999534],[8.7404,53.85319999999534],[8.7404,53.85319999999767],[8.7404,53.85439999999534],[8.7356,53.85439999999534],[8.7356,53.85439999999767],[8.735000000001163,53.85559999999534],[8.7344,53.85559999999534],[8.7344,53.85679999999534],[8.732,53.85679999999534],[8.731399999998837,53.857999999997666],[8.7308,53.857999999997666],[8.7308,53.85919999999534],[8.7272,53.85919999999534],[8.7272,53.85919999999767],[8.7272,53.86039999999534],[8.725999999999999,53.86039999999534],[8.725999999999999,53.86099999999767],[8.7248,53.861599999997665],[8.7248,53.86250000000046],[8.7125,53.86250000000046],[8.70575000000256,53.87599999999534],[8.7044,53.87599999999534],[8.703799999998838,53.877199999997664],[8.7032,53.877199999997664],[8.7032,53.87839999999534],[8.6996,53.87839999999534],[8.6996,53.87839999999767],[8.6996,53.879599999995335],[8.6972,53.879599999995335],[8.6972,53.879599999997666],[8.6972,53.88079999999534],[8.69719999999534,53.88079999999767],[8.696,53.88079999999767],[8.695600000001553,53.88159999999456],[8.6948,53.88199999999534],[8.694199999998837,53.883199999997665],[8.6936,53.883199999997665],[8.6936,53.88439999999534],[8.6912,53.88439999999534],[8.6912,53.88439999999767],[8.6912,53.885599999995335],[8.69,53.885599999995335],[8.69,53.88739999999767],[8.689799999994422,53.88750000000046],[8.6375,53.88750000000046],[8.637499999999772,53.88750000000091],[8.625,53.88750000000091],[8.612500000000228,53.912500000000456],[8.6108,53.912500000000456],[8.6108,53.909599999995336],[8.612,53.909599999995336],[8.612,53.907199999995335],[8.6084,53.907199999995335],[8.6072,53.90479999999534],[8.6024,53.90479999999534],[8.6024,53.903599999995336],[8.6,53.903599999995336],[8.6,53.90479999999534],[8.6012,53.90479999999534],[8.6012,53.90599999999534],[8.6036,53.90599999999534],[8.6036,53.907199999995335],[8.6072,53.907199999995335],[8.6084,53.91199999999534],[8.6096,53.91199999999534],[8.6096,53.912500000000456],[8.6,53.912500000000456],[8.6,53.91199999999534],[8.6012,53.91199999999534],[8.6012,53.909599999995336],[8.6,53.909599999995336],[8.6,53.90839999999534],[8.5952,53.90839999999534],[8.5952,53.907199999995335],[8.5928,53.907199999995335],[8.5928,53.90599999999534],[8.5868,53.90599999999534],[8.5868,53.90479999999534],[8.5856,53.90479999999534],[8.5856,53.89999999999534],[8.5868,53.89999999999534],[8.5868,53.89879999999534],[8.5856,53.89879999999534],[8.5856,53.89639999999534],[8.5832,53.89639999999534],[8.5832,53.89279999999534],[8.582,53.89279999999534],[8.582,53.89399999999534],[8.5784,53.89399999999534],[8.5772,53.88919999999534],[8.5724,53.88919999999534],[8.5724,53.891599999995336],[8.5712,53.891599999995336],[8.5712,53.89279999999534],[8.564,53.891599999995336],[8.564,53.89279999999534],[8.5628,53.89279999999534],[8.5628,53.89519999999534],[8.556799999999999,53.89519999999534],[8.556799999999999,53.89879999999534],[8.5592,53.89879999999534],[8.5592,53.89999999999534],[8.564,53.89999999999534],[8.5652,53.90479999999534],[8.5676,53.90599999999534],[8.5676,53.907199999995335],[8.57,53.907199999995335],[8.57,53.91079999999534],[8.5616,53.91079999999534],[8.5616,53.91199999999534],[8.5592,53.91199999999534],[8.5592,53.912500000000456],[8.5448,53.912500000000456],[8.5448,53.91199999999534],[8.5472,53.91199999999534],[8.5472,53.91079999999534],[8.546,53.91079999999534],[8.546,53.90839999999534],[8.5412,53.90839999999534],[8.5412,53.90599999999534],[8.54,53.90599999999534],[8.54,53.912500000000456],[8.5364,53.912500000000456],[8.5364,53.91079999999534],[8.5316,53.91079999999534],[8.5316,53.909599999995336],[8.5292,53.909599999995336],[8.528,53.907199999995335],[8.5268,53.907199999995335],[8.5268,53.912500000000456],[8.5,53.912500000000456],[8.5,53.900000000000915],[8.5125,53.900000000000915],[8.5125,53.88750000000091],[8.5,53.88750000000091],[8.5,53.837500000000915],[8.5,53.83750000000046],[8.4875,53.83750000000046],[8.4875,53.81250000000091],[8.4875,53.812500000000455],[8.45,53.812500000000455],[8.45,53.83750000000046],[8.4125,53.83750000000046],[8.4125,53.800000000000914],[8.45,53.800000000000914],[8.45,53.80000000000046],[8.45,53.775000000000915],[8.4625,53.775000000000915],[8.4625,53.77500000000046],[8.4625,53.75000000000091],[8.475,53.75000000000091],[8.475,53.737500000000914],[8.4625,53.737500000000914],[8.4625,53.725000000000456],[8.475,53.725000000000456],[8.475,53.662500000000456],[8.4875,53.662500000000456],[8.4875,53.63750000000091],[8.4875,53.62500000000091],[8.5125,53.62500000000091],[8.5125,53.625000000000455],[8.5125,53.60000000000091],[8.525,53.60000000000091],[8.529166666666969,53.591666666666974],[8.5375,53.58750000000046],[8.5375,53.57500000000091],[8.55,53.57500000000091],[8.55,53.57500000000046],[8.55,53.550000000000914],[8.575,53.550000000000914],[8.575,53.55000000000046],[8.575,53.51250000000091],[8.575,53.51250000000046],[8.55,53.506250000000456],[8.55,53.50000000000091],[8.52500000000182,53.50000000000091],[8.525,53.500000000000455],[8.525,53.487500000000914],[8.525,53.48750000000046],[8.5125,53.48750000000046],[8.5125,53.46250000000046],[8.5,53.46250000000046],[8.5,53.37500000000091],[8.5,53.375000000000455],[8.5125,53.375000000000455],[8.5125,53.287500000000456],[8.5,53.287500000000456],[8.5,53.36250000000046],[8.4875,53.36250000000046],[8.4875,53.37500000000091],[8.4875,53.500000000000455],[8.4875,53.50000000000091],[8.5,53.50000000000091],[8.5,53.51250000000046],[8.5125,53.51250000000046],[8.5125,53.51250000000091],[8.525,53.51250000000091],[8.525,53.55000000000046],[8.5125,53.55000000000046],[8.5125,53.550000000000914],[8.5,53.550000000000914],[8.5,53.562500000000455],[8.4375,53.562500000000455],[8.4375,53.56250000000091],[8.4375,53.57500000000091],[8.4125,53.57500000000091],[8.4125,53.58750000000046],[8.3625,53.58750000000046],[8.3625,53.60000000000091],[8.3625,53.61250000000046],[8.362499999999091,53.612500000000914],[8.35,53.612500000000914],[8.345833333333637,53.620833333333636],[8.3375,53.625000000000455],[8.3375,53.63750000000046],[8.325,53.63750000000046],[8.325,53.63750000000091],[8.325,53.662500000000456],[8.275,53.662500000000456],[8.275,53.62500000000091],[8.2625,53.62500000000091],[8.2625,53.625000000000455],[8.2375,53.625000000000455],[8.2375,53.612500000000914],[8.2375,53.57500000000091],[8.2375,53.525000000000915],[8.2625,53.525000000000915],[8.2625,53.52500000000046],[8.2625,53.487500000000914],[8.2625,53.48750000000046],[8.2375,53.475000000000456],[8.2375,53.462500000000915],[8.2375,53.42500000000046],[8.225,53.42500000000046],[8.2125,53.45000000000046],[8.2,53.45000000000046],[8.2,53.46250000000046],[8.1875,53.46250000000046],[8.1875,53.475000000000456],[8.1625,53.475000000000456],[8.1625,53.48750000000046],[8.1125,53.48750000000046],[8.1125,53.487500000000914],[8.1,53.487500000000914],[8.1,53.50000000000091],[8.1375,53.50000000000091],[8.1375,53.51250000000046],[8.1375,53.51250000000091],[8.15,53.518750000000914],[8.15,53.56250000000091],[8.15,53.57500000000046],[8.125,53.58750000000046],[8.1125,53.63750000000046],[8.0875,53.63750000000046],[8.079166666666362,53.654166666667734],[8.06250000000091,53.662500000000456],[8.0375,53.662500000000456],[8.028124999999887,53.70000000000091],[8.025,53.70000000000091],[8.025,53.71250000000046],[7.9875,53.71250000000046],[7.9875,53.712500000000915],[7.9875,53.725000000000456],[7.875,53.725000000000456],[7.875,53.72500000000091],[7.875,53.73750000000046],[7.8625,53.73750000000046],[7.8625,53.743750000000915],[7.850000000000909,53.750000000000455],[7.8375,53.750000000000455],[7.8375,53.76250000000046],[7.7875,53.76250000000046],[7.7875,53.775000000000915],[7.7875,53.787500000000456],[7.75,53.787500000000456],[7.75,53.78750000000091],[7.7,53.78750000000091],[7.7,53.800000000000914],[7.6625,53.800000000000914],[7.6625,53.76250000000091],[7.7,53.76250000000091],[7.7,53.75000000000091],[7.7375,53.75000000000091],[7.7375,53.737500000000914],[7.6375,53.737500000000914],[7.625,53.76250000000091],[7.5,53.76250000000091],[7.5,53.78750000000091],[7.4625,53.78750000000091],[7.4625,53.75000000000091],[7.475,53.75000000000091],[7.475,53.72500000000091],[7.525,53.72500000000091],[7.5375,53.70000000000091],[7.475,53.70000000000091],[7.475,53.712500000000915],[7.425,53.712500000000915],[7.425,53.737500000000914],[7.3875,53.737500000000914],[7.3875,53.712500000000915],[7.35,53.712500000000915],[7.35,53.737500000000914],[7.15,53.737500000000914],[7.15,53.70000000000091],[7.225,53.70000000000091],[7.225,53.68750000000091],[7.15,53.68750000000091],[7.1375,53.66250000000091],[7.1,53.66250000000091],[7.1,53.650000000000915],[7.05,53.66250000000091],[7.05,53.68750000000091],[7.025,53.68750000000091],[7.025,53.70000000000091],[6.9625,53.70000000000091],[6.9625,53.63750000000091],[7.0,53.63750000000091],[7.0,53.56250000000091],[6.9625,53.56250000000091],[6.9625,53.53750000000091],[6.925,53.53750000000091],[6.925,53.550000000000914],[6.9,53.56250000000091],[6.8875,53.587500000000915],[6.85,53.587500000000915],[6.85,53.56250000000091],[6.8375,53.56250000000091],[6.8375,53.587500000000915],[6.7875,53.587500000000915],[6.7875,53.612500000000914],[6.6625,53.612500000000914],[6.6625,53.57500000000091],[6.7375,53.57500000000091],[6.7375,53.56250000000091],[6.7875,53.550000000000914],[6.8,53.525000000000915],[6.85,53.525000000000915],[6.8625,53.50000000000091],[6.9,53.50000000000091],[6.9125,53.47500000000091],[6.9375,53.47500000000091],[6.9375,53.45000000000091],[6.975,53.45000000000091],[6.975,53.425000000000914],[6.9875,53.425000000000914],[6.9875,53.400000000000915],[7.0,53.400000000000915],[7.0,53.362500000000914],[7.0125,53.362500000000914],[7.025,53.337500000000915],[7.225,53.337500000000915],[7.225,53.32500000000091],[7.2125,53.32500000000091],[7.2125,53.28750000000091],[7.1,53.28750000000091],[7.1,53.300000000000914],[7.025,53.300000000000914],[7.025,53.31250000000091],[6.975,53.31250000000091],[6.975,53.337500000000915],[6.925,53.337500000000915],[6.925,53.362500000000914],[6.9,53.362500000000914],[6.8875,53.43750000000091],[6.8375,53.43750000000091],[6.825,53.462500000000915],[6.7375,53.462500000000915],[6.725,53.487500000000914],[6.675,53.487500000000914],[6.6625,53.51250000000091],[6.625,53.51250000000091],[6.625,53.53750000000091],[6.6125,53.53750000000091],[6.6125,53.550000000000914],[6.5625,53.550000000000914],[6.5625,53.525000000000915],[6.55,53.525000000000915],[6.55,53.51250000000091],[6.525,53.51250000000091],[6.525,53.550000000000914],[6.4875,53.550000000000914],[6.4875,53.462500000000915],[6.4625,53.47500000000091],[6.4625,53.487500000000914],[6.3875,53.487500000000914],[6.375,53.462500000000915],[6.3375,53.462500000000915],[6.3375,53.47500000000091],[6.2875,53.47500000000091],[6.2875,53.51250000000091],[6.2375,53.51250000000091],[6.2375,53.53750000000091],[6.225,53.53750000000091],[6.225,53.550000000000914],[6.1625,53.550000000000914],[6.1625,54.150000000000915],[6.1875,54.150000000000915],[6.1875,54.10000000000091],[6.2375,54.10000000000091],[6.25,54.12500000000091],[6.3625,54.12500000000091],[6.3625,54.112500000000914],[6.3875,54.112500000000914],[6.3875,54.10000000000091],[6.6,54.10000000000091],[6.6,54.112500000000914],[6.6125,54.112500000000914],[6.6125,54.10000000000091],[6.75,54.10000000000091],[6.75,54.087500000000915],[6.8,54.087500000000915],[6.8,54.10000000000091],[6.9,54.10000000000091],[6.9125,54.07500000000091],[6.9625,54.07500000000091],[6.975,54.050000000000914],[7.0,54.050000000000914],[7.0,54.03750000000091],[7.025,54.03750000000091],[7.025,54.025000000000915],[7.1,54.025000000000915],[7.1,54.06250000000091],[7.0875,54.06250000000091],[7.0875,54.07500000000091],[7.05,54.07500000000091],[7.05,54.087500000000915],[7.025,54.087500000000915],[7.0125,54.112500000000914],[6.95,54.112500000000914],[6.95,54.12500000000091],[6.975,54.12500000000091],[6.975,54.16250000000091],[6.9625,54.16250000000091],[6.9625,54.18750000000091],[6.95,54.18750000000091],[6.9625,54.212500000000915],[7.0,54.212500000000915],[7.0,54.20000000000091],[7.0125,54.20000000000091],[7.0125,54.175000000000914],[7.025,54.175000000000914],[7.025,54.16250000000091],[7.05,54.16250000000091],[7.05,54.13750000000091],[7.0625,54.13750000000091],[7.0625,54.12500000000091],[7.15,54.12500000000091],[7.15,54.112500000000914],[7.1875,54.112500000000914],[7.1875,54.10000000000091],[7.2375,54.10000000000091],[7.2375,54.087500000000915],[7.275,54.087500000000915],[7.275,54.12500000000091],[7.3375,54.12500000000091],[7.3375,54.112500000000914],[7.3625,54.112500000000914],[7.3625,54.10000000000091],[7.4125,54.10000000000091],[7.425,54.07500000000091],[7.475,54.07500000000091],[7.475,54.06250000000091],[7.5125,54.06250000000091],[7.5125,54.16250000000091],[7.525,54.16250000000091],[7.525,54.150000000000915],[7.65,54.150000000000915],[7.6625,54.12500000000091],[7.7625,54.12500000000091],[7.7625,54.150000000000915],[7.8125,54.16250000000091],[7.8125,54.175000000000914],[7.8125,54.187500000000455],[7.875,54.17708333333379],[7.875,54.21250000000046],[7.8625,54.21250000000046],[7.8625,54.21875000000091],[7.85,54.22500000000091],[7.85,54.23750000000046],[7.85,54.237500000000914],[7.8125,54.237500000000914],[7.8125,54.26250000000091],[7.775,54.26250000000091],[7.775,54.28750000000091],[7.7875,54.28750000000091],[7.7875,54.300000000000914],[7.8375,54.300000000000914],[7.85,54.32500000000091],[7.9,54.32500000000091],[7.9,54.37500000000091],[7.8875,54.37500000000091],[7.8875,54.41250000000091],[7.9,54.41250000000091],[7.9,54.487500000000914],[7.8875,54.487500000000914],[7.8875,54.50000000000091],[7.9,54.50000000000091],[7.9,54.53750000000091],[7.8875,54.53750000000091],[7.8875,54.57500000000091],[7.9,54.57500000000091],[7.9,54.612500000000914],[7.9125,54.612500000000914],[7.9125,54.62500000000091],[7.95,54.62500000000091],[7.95,54.63750000000091],[7.9625,54.63750000000091],[7.9625,54.650000000000915],[7.9875,54.66250000000091],[7.9875,54.675000000000914],[8.0125,54.675000000000914],[8.0125,54.70000000000091],[8.0375,54.70000000000091],[8.0375,54.712500000000915],[8.075,54.712500000000915],[8.075,54.72500000000091],[8.1,54.72500000000091],[8.1,54.68750000000091],[8.1375,54.68750000000091],[8.1375,54.70000000000091],[8.1625,54.70000000000091],[8.1625,54.72500000000091],[8.1875,54.72500000000091],[8.1875,54.737500000000914],[8.2125,54.75000000000091],[8.225,54.775000000000915],[8.3125,54.775000000000915],[8.3125,54.81250000000091],[8.375,54.81250000000091],[8.375,54.82500000000091],[8.4,54.82500000000091],[8.4,54.837500000000915],[8.425,54.837500000000915],[8.425,54.82500000000091],[8.475,54.82500000000091],[8.475,54.837500000000915],[8.5125,54.837500000000915],[8.5125,54.85000000000091],[8.525,54.85000000000091],[8.525,54.82500000000091],[8.5375,54.82500000000091],[8.5375,54.81250000000091],[8.6125,54.81250000000091],[8.6125,54.78750000000091],[8.575,54.78750000000091],[8.575,54.800000000000914],[8.525,54.800000000000914],[8.5125,54.775000000000915],[8.4125,54.76250000000091],[8.4125,54.75000000000091],[8.3875,54.75000000000091],[8.3875,54.70000000000091],[8.325,54.70000000000091],[8.325,54.68750000000091],[8.2875,54.68750000000091],[8.2875,54.650000000000915],[8.3,54.650000000000915],[8.3,54.63750000000091],[8.325,54.63750000000091],[8.325,54.62500000000091],[8.4,54.62500000000091],[8.4,54.650000000000915],[8.4375,54.650000000000915],[8.45,54.675000000000914],[8.5375,54.675000000000914],[8.5375,54.68750000000091],[8.5875,54.68750000000091],[8.5875,54.70000000000091],[8.6,54.70000000000091],[8.6,54.72500000000091],[8.625,54.72500000000091],[8.625,54.712500000000915],[8.6625,54.712500000000915],[8.65,54.68750000000091],[8.6375,54.68750000000091],[8.6375,54.650000000000915],[8.7125,54.650000000000915],[8.7125,54.66250000000091],[8.725,54.66250000000091],[8.725,54.63750000000091],[8.75,54.63750000000091],[8.75,54.62500000000091],[8.7625,54.62500000000091],[8.7625,54.612500000000914],[8.7,54.612500000000914],[8.7,54.57500000000091],[8.825,54.57500000000091],[8.825,54.525000000000915],[8.7625,54.525000000000915],[8.7625,54.462500000000915],[8.9125,54.462500000000915],[8.9125,54.47500000000091],[8.9625,54.47500000000091],[8.9625,54.462500000000915],[8.925,54.462500000000915],[8.925,54.45000000000091],[8.9125,54.45000000000091],[8.9,54.425000000000914],[8.8625,54.425000000000914],[8.8625,54.41250000000091],[8.825,54.41250000000091],[8.825,54.425000000000914],[8.775,54.425000000000914],[8.775,54.41250000000091],[8.7,54.41250000000091],[8.7,54.400000000000915],[8.6375,54.400000000000915],[8.6375,54.362500000000914],[8.625,54.362500000000914],[8.625,54.35000000000091],[8.5875,54.35000000000091],[8.575,54.32500000000091],[8.55,54.32500000000091],[8.55,54.28750000000091],[8.575,54.28750000000091],[8.575,54.275000000000915],[8.7875,54.275000000000915],[8.7875,54.26250000000091],[8.7375,54.26250000000091],[8.7375,54.22500000000091],[8.775,54.22500000000091],[8.775,54.225000000000456],[8.775,54.212500000000915],[8.775,54.21250000000046],[8.7625,54.21250000000046]],[[8.4584,53.92879999999534],[8.456,53.92999999999534],[8.456,53.931199999995336],[8.4572,53.931199999995336],[8.4572,53.93359999999534],[8.4584,53.93359999999534],[8.4584,53.937199999995336],[8.4548,53.937199999995336],[8.4548,53.93599999999534],[8.4524,53.93599999999534],[8.4536,53.93839999999534],[8.456,53.93839999999534],[8.456,53.93959999999534],[8.4596,53.93959999999534],[8.4608,53.94199999999534],[8.462,53.94199999999534],[8.462,53.93599999999534],[8.4625,53.93599999999534],[8.4625,53.93750000000091],[8.4625,53.96250000000046],[8.4125,53.96250000000046],[8.4125,53.925000000000914],[8.425,53.925000000000914],[8.425,53.92500000000046],[8.425,53.913199999995335],[8.426,53.913199999995335],[8.426,53.91250000000091],[8.4356,53.91250000000091],[8.4356,53.91439999999534],[8.4404,53.91439999999534],[8.4404,53.91250000000091],[8.45,53.91250000000091],[8.45,53.912500000000456],[8.4625,53.912500000000456],[8.4625,53.92759999999534],[8.4584,53.92759999999534],[8.4584,53.92879999999534]],[[8.5676,53.901199999995335],[8.5676,53.897599999995336],[8.5712,53.897599999995336],[8.5712,53.89879999999534],[8.5736,53.89879999999534],[8.5736,53.90239999999534],[8.5688,53.90239999999534],[8.5688,53.901199999995335],[8.5676,53.901199999995335]],[[8.0375,54.45000000000091],[8.05,54.45000000000091],[8.05,54.425000000000914],[8.125,54.425000000000914],[8.125,54.41250000000091],[8.1625,54.41250000000091],[8.1625,54.47500000000091],[8.1875,54.47500000000091],[8.1875,54.550000000000914],[8.1625,54.550000000000914],[8.15,54.57500000000091],[8.1375,54.57500000000091],[8.1375,54.612500000000914],[8.125,54.612500000000914],[8.125,54.63750000000091],[8.1125,54.63750000000091],[8.1125,54.650000000000915],[8.075,54.650000000000915],[8.075,54.63750000000091],[8.05,54.63750000000091],[8.05,54.612500000000914],[8.025,54.612500000000914],[8.025,54.56250000000091],[8.0375,54.56250000000091],[8.0375,54.525000000000915],[8.05,54.525000000000915],[8.0375,54.45000000000091]],[[8.5375,54.53750000000091],[8.5375,54.57500000000091],[8.5,54.57500000000091],[8.5,54.53750000000091],[8.5375,54.53750000000091]],[[8.425,54.53750000000091],[8.425,54.50000000000091],[8.5,54.50000000000091],[8.5,54.53750000000091],[8.425,54.53750000000091]],[[8.65,54.50000000000091],[8.7,54.50000000000091],[8.7,54.51250000000091],[8.725,54.525000000000915],[8.725,54.56250000000091],[8.65,54.56250000000091],[8.65,54.550000000000914],[8.6,54.550000000000914],[8.6,54.53750000000091],[8.5875,54.53750000000091],[8.5875,54.47500000000091],[8.625,54.47500000000091],[8.625,54.487500000000914],[8.65,54.487500000000914],[8.65,54.50000000000091]],[[8.575,54.487500000000914],[8.5125,54.487500000000914],[8.5125,54.47500000000091],[8.5,54.47500000000091],[8.5,54.462500000000915],[8.425,54.462500000000915],[8.425,54.425000000000914],[8.525,54.425000000000914],[8.5375,54.45000000000091],[8.575,54.45000000000091],[8.575,54.487500000000914]],[[6.25,53.85000000000091],[6.3,53.85000000000091],[6.3,53.88750000000091],[6.25,53.88750000000091],[6.25,53.85000000000091]]],[[[8.5124,53.88079999999534],[8.5052,53.88079999999534],[8.5052,53.88439999999534],[8.5064,53.88439999999534],[8.5064,53.885599999995335],[8.5076,53.885599999995335],[8.5076,53.88439999999534],[8.5148,53.88439999999534],[8.5148,53.88319999999534],[8.5208,53.88319999999534],[8.5208,53.88079999999534],[8.516,53.88079999999534],[8.516,53.879599999995335],[8.5124,53.879599999995335],[8.5124,53.88079999999534]]],[[[8.9648,53.89279999999767],[8.9696,53.89279999999767],[8.9696,53.891599999997666],[8.972,53.89039999999767],[8.972,53.889199999997665],[8.9672,53.889199999997665],[8.9672,53.89039999999767],[8.9636,53.89039999999767],[8.9624,53.88799999999767],[8.9564,53.88799999999767],[8.9564,53.889199999997665],[8.9492,53.889199999997665],[8.948,53.88679999999767],[8.9432,53.88679999999767],[8.9432,53.889199999997665],[8.9408,53.889199999997665],[8.9408,53.89039999999767],[8.9384,53.89039999999767],[8.9384,53.891599999997666],[8.9336,53.891599999997666],[8.9336,53.89279999999767],[8.9324,53.89279999999767],[8.9324,53.89399999999767],[8.9348,53.89399999999767],[8.9348,53.895199999997665],[8.9408,53.895199999997665],[8.9408,53.89639999999767],[8.9444,53.89639999999767],[8.9456,53.89879999999767],[8.9468,53.89879999999767],[8.9468,53.89759999999767],[8.9504,53.89759999999767],[8.9504,53.89999999999767],[8.9528,53.89999999999767],[8.9528,53.89879999999767],[8.9564,53.89879999999767],[8.9576,53.89639999999767],[8.9624,53.89639999999767],[8.9624,53.895199999997665],[8.9648,53.89399999999767],[8.9648,53.89279999999767]]],[[[8.6,55.275000000000915],[8.6,55.26250000000091],[8.6125,55.26250000000091],[8.6125,55.20000000000091],[8.6,55.20000000000091],[8.6,55.18750000000091],[8.5875,55.18750000000091],[8.5875,55.20000000000091],[8.5375,55.20000000000091],[8.5375,55.212500000000915],[8.5,55.212500000000915],[8.5,55.20000000000091],[8.475,55.20000000000091],[8.475,55.18750000000091],[8.425,55.18750000000091],[8.425,55.175000000000914],[8.4,55.175000000000914],[8.4,55.12500000000091],[8.45,55.112500000000914],[8.45,55.10000000000091],[8.475,55.10000000000091],[8.4875,55.07500000000091],[8.575,55.07500000000091],[8.575,55.10000000000091],[8.5875,55.10000000000091],[8.6,55.07500000000091],[8.6125,55.07500000000091],[8.6125,55.06250000000091],[8.55,55.06250000000091],[8.55,55.050000000000914],[8.5375,55.050000000000914],[8.5375,55.01250000000091],[8.5875,55.01250000000091],[8.5875,54.987500000000914],[8.55,54.987500000000914],[8.5375,54.962500000000915],[8.525,54.962500000000915],[8.525,54.97500000000091],[8.4625,54.97500000000091],[8.4625,54.962500000000915],[8.45,54.962500000000915],[8.45,54.987500000000914],[8.4375,54.987500000000914],[8.45,55.06250000000091],[8.3875,55.06250000000091],[8.375,55.03750000000091],[8.35,55.03750000000091],[8.35,55.025000000000915],[8.3375,55.025000000000915],[8.3375,55.03750000000091],[8.3125,55.03750000000091],[8.3125,55.050000000000914],[8.2875,55.050000000000914],[8.275,55.07500000000091],[8.2625,55.07500000000091],[8.2625,55.10000000000091],[8.2875,55.112500000000914],[8.2875,55.13750000000091],[8.3375,55.150000000000915],[8.3375,55.212500000000915],[8.325,55.212500000000915],[8.3125,55.26250000000091],[8.2875,55.26250000000091],[8.2875,55.31250000000091],[8.3125,55.31250000000091],[8.3125,55.32500000000091],[8.325,55.32500000000091],[8.325,55.35000000000091],[8.35,55.35000000000091],[8.35,55.362500000000914],[8.3875,55.362500000000914],[8.3875,55.35000000000091],[8.575,55.35000000000091],[8.5875,55.32500000000091],[8.6,55.32500000000091],[8.6,55.31250000000091],[8.5375,55.31250000000091],[8.5375,55.275000000000915],[8.6,55.275000000000915]]],[[[8.4375,55.462500000000915],[8.35,55.462500000000915],[8.35,55.45000000000091],[8.325,55.45000000000091],[8.325,55.43750000000091],[8.2875,55.43750000000091],[8.275,55.41250000000091],[8.25,55.41250000000091],[8.25,55.425000000000914],[8.225,55.425000000000914],[8.225,55.45000000000091],[8.2125,55.45000000000091],[8.2125,55.47500000000091],[8.225,55.47500000000091],[8.225,55.487500000000914],[8.3625,55.487500000000914],[8.3625,55.50000000000091],[8.4125,55.487500000000914],[8.4125,55.47500000000091],[8.45,55.47500000000091],[8.45,55.462500000000915],[8.475,55.462500000000915],[8.475,55.43750000000091],[8.45,55.43750000000091],[8.4375,55.462500000000915]]],[[[8.05,55.462500000000915],[7.8875,55.462500000000915],[7.8875,55.425000000000914],[7.8625,55.425000000000914],[7.8625,55.41250000000091],[7.8125,55.41250000000091],[7.8125,55.425000000000914],[7.775,55.425000000000914],[7.775,55.45000000000091],[7.8,55.45000000000091],[7.8,55.43750000000091],[7.8625,55.43750000000091],[7.8625,55.50000000000091],[7.85,55.50000000000091],[7.85,55.51250000000091],[7.7625,55.51250000000091],[7.7625,55.525000000000915],[7.7125,55.525000000000915],[7.7125,55.53750000000091],[7.5625,55.53750000000091],[7.5625,55.550000000000914],[7.525,55.550000000000914],[7.525,55.56250000000091],[7.5625,55.56250000000091],[7.5625,55.57500000000091],[7.7,55.57500000000091],[7.7,55.56250000000091],[7.75,55.56250000000091],[7.75,55.550000000000914],[7.7875,55.550000000000914],[7.7875,55.53750000000091],[7.825,55.53750000000091],[7.825,55.57500000000091],[7.8375,55.57500000000091],[7.8375,55.587500000000915],[7.9,55.587500000000915],[7.9,55.60000000000091],[7.9875,55.60000000000091],[7.9875,55.612500000000914],[8.025,55.612500000000914],[8.025,55.60000000000091],[8.075,55.60000000000091],[8.075,55.550000000000914],[8.0875,55.550000000000914],[8.1,55.50000000000091],[8.1125,55.50000000000091],[8.1,55.47500000000091],[8.05,55.47500000000091],[8.05,55.462500000000915]]]]}}]}