{"type":"FeatureCollection","name":"tidal_current_mask_atlne","generated_at":"2026-09-19T09:02:13+00:00","source":"MARC PREVIMER harmonic atlas (Ifremer), see docs/marc_atlas_format.md","features":[{"type":"Feature","properties":{"threshold_kt":0.5,"atlas":"ATLNE","resolution_m":2000,"method":"max speed over 15 days hourly, all constituents","area_deg2":171.33},"geometry":{"type":"MultiPolygon","coordinates":[[[[-8.92,41.960000000004065],[-8.92,42.16000000000406],[-8.9,42.16000000000406],[-8.86,42.140000000004065],[-8.86,41.960000000004065],[-8.92,41.960000000004065]]],[[[-9.22,42.54000000000406],[-9.22,42.48000000000407],[-9.08,42.48000000000407],[-9.08,42.420000000004066],[-8.98,42.420000000004066],[-8.98,42.38000000000406],[-8.9,42.38000000000406],[-8.9,42.26000000000406],[-8.94,42.360000000004064],[-9.1,42.40000000000406],[-9.1,42.44000000000406],[-9.22,42.44000000000406],[-9.24,42.500000000004064],[-9.299999999999999,42.500000000004064],[-9.32,42.60000000000406],[-9.28,42.58000000000406],[-9.28,42.54000000000406],[-9.22,42.54000000000406]]],[[[-9.36,43.22000000000406],[-9.36,43.180000000004064],[-9.4,43.180000000004064],[-9.4,43.08000000000406],[-9.48,43.08000000000406],[-9.5,43.04000000000406],[-9.5,43.10000000000406],[-9.42,43.10000000000406],[-9.42,43.20000000000407],[-9.48,43.20000000000407],[-9.48,43.24000000000406],[-9.54,43.24000000000406],[-9.56,43.280000000004065],[-9.4,43.26000000000406],[-9.4,43.22000000000406],[-9.36,43.22000000000406]]],[[[-8.06,43.860000000004064],[-7.92,43.88000000000406],[-7.92,43.84000000000407],[-8.06,43.84000000000407],[-8.04,43.74000000000406],[-8.16,43.74000000000406],[-8.18,43.58000000000406],[-8.2,43.860000000004064],[-8.12,43.860000000004064],[-8.12,44.000000000004064],[-8.06,44.000000000004064],[-8.04,43.94000000000406],[-8.06,43.860000000004064]]],[[[-1.0599999999999987,44.680000000004064],[-1.0199999999999996,44.680000000004064],[-1.0199999999999996,44.640000000004065],[-1.0599999999999987,44.640000000004065],[-1.0799999999999983,44.60000000000406],[-1.1999999999999993,44.60000000000406],[-1.1999999999999993,44.56000000000407],[-1.2800000000000011,44.58000000000406],[-1.2800000000000011,44.66000000000406],[-1.2199999999999989,44.680000000004064],[-1.1999999999999993,44.76000000000406],[-1.1600000000000001,44.780000000004065],[-1.120000000000001,44.74000000000406],[-1.0599999999999987,44.74000000000406],[-1.0599999999999987,44.680000000004064]]],[[[-3.9800000000000004,47.780000000004065],[-3.9800000000000004,47.70000000000407],[-3.919999999999998,47.70000000000407],[-3.919999999999998,47.640000000004065],[-4.039999999999999,47.66000000000406],[-4.059999999999999,47.76000000000406],[-4.18,47.780000000004065],[-4.18,47.820000000004065],[-4.039999999999999,47.820000000004065],[-4.02,47.780000000004065],[-3.9800000000000004,47.780000000004065]]],[[[-14.34,52.180000000004064],[-14.36,52.06000000000407],[-14.399999999999999,52.06000000000407],[-14.42,52.02000000000406],[-14.42,51.88000000000406],[-14.48,51.860000000004064],[-14.48,51.820000000004065],[-14.559999999999999,51.820000000004065],[-14.559999999999999,52.100000000004066],[-14.5,52.12000000000406],[-14.48,52.180000000004064],[-14.44,52.20000000000407],[-14.3,52.22000000000406],[-14.3,52.180000000004064],[-14.34,52.180000000004064]]],[[[-5.959999999999999,54.100000000004066],[-6.02,54.02000000000406],[-6.140000000000001,54.02000000000406],[-6.140000000000001,53.920000000004066],[-6.279999999999999,53.860000000004064],[-6.26,53.98000000000407],[-6.32,53.98000000000407],[-6.34,54.02000000000406],[-6.16,54.02000000000406],[-6.16,54.08000000000406],[-6.02,54.08000000000406],[-6.02,54.12000000000406],[-5.98,54.140000000004065],[-5.9,54.12000000000406],[-5.959999999999999,54.100000000004066]]],[[[-8.66,54.640000000004065],[-8.62,54.62000000000406],[-8.66,54.62000000000406],[-8.68,54.56000000000407],[-8.68,54.680000000004064],[-8.74,54.680000000004064],[-8.74,54.62000000000406],[-8.799999999999999,54.62000000000406],[-8.82,54.680000000004064],[-8.76,54.680000000004064],[-8.76,54.740000000004066],[-8.68,54.740000000004066],[-8.66,54.80000000000406],[-8.62,54.780000000004065],[-8.66,54.76000000000406],[-8.66,54.640000000004065]]],[[[-10.04,64.94000000000406],[-9.72,64.88000000000406],[-9.7,64.74000000000406],[-9.64,64.74000000000406],[-9.64,64.70000000000407],[-9.6,64.68000000000407],[-9.42,64.64000000000406],[-9.4,64.60000000000406],[-8.92,64.54000000000407],[-8.719999999999999,64.48000000000407],[-8.719999999999999,64.42000000000407],[-8.98,64.40000000000407],[-8.98,64.36000000000406],[-9.08,64.34000000000407],[-9.08,64.26000000000407],[-9.04,64.26000000000407],[-9.02,64.20000000000407],[-8.92,64.20000000000407],[-8.42,64.02000000000406],[-8.0,63.94000000000406],[-7.98,63.80000000000406],[-7.879999999999999,63.76000000000406],[-7.84,63.70000000000407],[-7.779999999999999,63.70000000000407],[-7.719999999999999,63.640000000004065],[-7.539999999999999,63.62000000000406],[-7.48,63.56000000000407],[-7.4399999999999995,63.56000000000407],[-7.42,63.44000000000406],[-7.379999999999999,63.44000000000406],[-7.359999999999999,63.34000000000407],[-7.32,63.34000000000407],[-7.299999999999999,63.26000000000406],[-7.18,63.20000000000407],[-7.18,63.16000000000406],[-7.1,63.140000000004065],[-7.1,63.100000000004066],[-6.799999999999999,63.000000000004064],[-6.699999999999999,62.920000000004066],[-6.52,62.90000000000406],[-6.4399999999999995,62.820000000004065],[-6.299999999999999,62.820000000004065],[-6.0600000000000005,62.740000000004066],[-5.779999999999999,62.76000000000406],[-5.379999999999999,62.72000000000406],[-5.32,62.680000000004064],[-5.1,62.680000000004064],[-4.780000000000001,62.600000000004066],[-4.48,62.600000000004066],[-4.359999999999999,62.500000000004064],[-4.16,62.460000000004065],[-4.100000000000001,62.40000000000406],[-3.919999999999998,62.38000000000407],[-3.8999999999999986,62.34000000000407],[-3.8000000000000007,62.320000000004065],[-3.8000000000000007,62.280000000004065],[-3.8599999999999994,62.26000000000406],[-3.8599999999999994,62.20000000000407],[-3.7399999999999984,62.140000000004065],[-3.7399999999999984,62.100000000004066],[-3.84,62.100000000004066],[-3.9800000000000004,61.98000000000406],[-4.100000000000001,61.960000000004065],[-4.16,61.90000000000406],[-4.259999999999998,61.88000000000407],[-4.300000000000001,61.80000000000406],[-4.600000000000001,61.80000000000406],[-4.579999999999998,61.70000000000407],[-4.399999999999999,61.680000000004064],[-4.359999999999999,61.640000000004065],[-4.419999999999998,61.640000000004065],[-4.48,61.58000000000406],[-4.640000000000001,61.56000000000407],[-4.640000000000001,61.52000000000407],[-4.699999999999999,61.52000000000407],[-4.699999999999999,61.460000000004065],[-4.419999999999998,61.420000000004066],[-4.399999999999999,61.360000000004064],[-4.359999999999999,61.360000000004064],[-4.34,61.280000000004065],[-4.219999999999999,61.280000000004065],[-4.079999999999998,61.22000000000406],[-3.9800000000000004,61.22000000000406],[-3.9800000000000004,61.280000000004065],[-3.84,61.26000000000406],[-3.780000000000001,61.20000000000407],[-3.599999999999998,61.22000000000406],[-3.599999999999998,61.180000000004064],[-3.6799999999999997,61.180000000004064],[-3.6799999999999997,61.100000000004066],[-3.419999999999998,61.04000000000406],[-3.419999999999998,60.98000000000406],[-3.460000000000001,60.98000000000406],[-3.460000000000001,60.80000000000406],[-3.419999999999998,60.80000000000406],[-3.419999999999998,60.76000000000406],[-3.4800000000000004,60.740000000004066],[-3.539999999999999,60.780000000004065],[-3.66,60.780000000004065],[-3.66,60.72000000000406],[-3.539999999999999,60.680000000004064],[-3.6799999999999997,60.640000000004065],[-3.66,60.54000000000406],[-3.259999999999998,60.56000000000407],[-3.259999999999998,60.600000000004066],[-3.1999999999999993,60.62000000000406],[-3.1799999999999997,60.66000000000406],[-2.759999999999998,60.80000000000406],[-2.759999999999998,60.90000000000406],[-2.5,60.860000000004064],[-2.379999999999999,60.920000000004066],[-2.16,60.94000000000406],[-2.120000000000001,60.960000000004065],[-2.120000000000001,61.04000000000406],[-2.0799999999999983,61.04000000000406],[-2.0799999999999983,61.100000000004066],[-2.0199999999999996,61.100000000004066],[-2.0,61.140000000004065],[-1.9600000000000009,61.140000000004065],[-1.9600000000000009,61.180000000004064],[-1.8999999999999986,61.180000000004064],[-1.879999999999999,61.240000000004066],[-1.8399999999999999,61.240000000004066],[-1.759999999999998,61.320000000004065],[-1.6400000000000006,61.320000000004065],[-1.5799999999999983,61.40000000000406],[-1.4800000000000004,61.38000000000407],[-1.4199999999999982,61.40000000000406],[-1.379999999999999,61.460000000004065],[-1.2800000000000011,61.48000000000406],[-1.2800000000000011,61.54000000000406],[-1.3200000000000003,61.54000000000406],[-1.3200000000000003,61.70000000000407],[-1.2800000000000011,61.70000000000407],[-1.259999999999998,61.740000000004066],[-0.9199999999999982,61.740000000004066],[-0.8399999999999999,61.820000000004065],[-0.8000000000000007,61.820000000004065],[-0.8000000000000007,61.860000000004064],[-0.7199999999999989,61.860000000004064],[-0.6999999999999993,61.90000000000406],[-0.4800000000000004,61.90000000000406],[-0.28000000000000114,61.94000000000406],[-0.120000000000001,61.920000000004066],[0.0,61.960000000004065],[0.019999999999999574,62.000000000004064],[0.6000000000000014,61.960000000004065],[1.1999999999999993,62.000000000004064],[1.2199999999999989,61.960000000004065],[1.379999999999999,61.88000000000407],[1.4000000000000021,61.820000000004065],[1.4600000000000009,61.820000000004065],[1.4800000000000004,61.76000000000406],[1.5199999999999996,61.76000000000406],[1.5399999999999991,61.66000000000406],[1.6000000000000014,61.640000000004065],[1.5399999999999991,61.58000000000406],[1.4800000000000004,61.58000000000406],[1.379999999999999,61.48000000000406],[1.2600000000000016,61.44000000000406],[1.2600000000000016,61.26000000000406],[1.2800000000000011,61.22000000000406],[1.3200000000000003,61.22000000000406],[1.2800000000000011,61.20000000000407],[1.2800000000000011,61.140000000004065],[1.3200000000000003,61.140000000004065],[1.3399999999999999,61.08000000000406],[1.4800000000000004,61.06000000000407],[1.4600000000000009,60.98000000000406],[1.6999999999999993,60.920000000004066],[1.6999999999999993,60.860000000004064],[1.6600000000000001,60.860000000004064],[1.6400000000000006,60.820000000004065],[1.6400000000000006,60.72000000000406],[1.5399999999999991,60.72000000000406],[1.5399999999999991,60.640000000004065],[1.4600000000000009,60.600000000004066],[1.4600000000000009,60.52000000000406],[1.5199999999999996,60.500000000004064],[1.5199999999999996,60.460000000004065],[1.379999999999999,60.48000000000406],[1.3200000000000003,60.52000000000406],[1.1999999999999993,60.52000000000406],[1.1000000000000014,60.500000000004064],[1.0199999999999996,60.44000000000406],[0.8399999999999999,60.420000000004066],[0.6999999999999993,60.34000000000407],[0.6999999999999993,60.26000000000406],[0.4200000000000017,60.180000000004064],[0.4200000000000017,60.12000000000406],[0.7600000000000016,60.08000000000406],[0.9600000000000009,60.140000000004065],[1.4400000000000013,60.12000000000406],[1.4600000000000009,60.16000000000406],[1.5199999999999996,60.16000000000406],[1.5399999999999991,60.12000000000406],[1.5800000000000018,60.12000000000406],[1.5399999999999991,60.100000000004066],[1.5399999999999991,60.02000000000406],[1.5800000000000018,60.000000000004064],[2.1400000000000006,60.02000000000406],[2.120000000000001,59.98000000000406],[2.080000000000002,59.98000000000406],[2.0599999999999987,59.88000000000407],[1.6600000000000001,59.780000000004065],[1.6400000000000006,59.740000000004066],[1.5199999999999996,59.680000000004064],[1.5199999999999996,59.52000000000406],[1.6000000000000014,59.500000000004064],[1.6000000000000014,59.44000000000406],[1.5399999999999991,59.420000000004066],[1.5199999999999996,59.360000000004064],[1.4800000000000004,59.360000000004064],[1.4400000000000013,59.240000000004066],[1.3399999999999999,59.20000000000407],[1.3399999999999999,59.08000000000406],[1.2199999999999989,59.06000000000407],[1.2199999999999989,59.000000000004064],[1.3599999999999994,59.000000000004064],[1.4400000000000013,59.04000000000406],[1.4800000000000004,59.000000000004064],[1.879999999999999,58.98000000000406],[1.9000000000000021,58.90000000000406],[1.9400000000000013,58.90000000000406],[1.9600000000000009,58.84000000000407],[2.0,58.84000000000407],[2.0,58.780000000004065],[2.080000000000002,58.740000000004066],[2.080000000000002,58.640000000004065],[2.1999999999999993,58.62000000000406],[2.219999999999999,58.58000000000406],[2.280000000000001,58.56000000000407],[2.400000000000002,58.56000000000407],[2.5,58.460000000004065],[2.6799999999999997,58.460000000004065],[2.6799999999999997,58.38000000000407],[2.8599999999999994,58.38000000000407],[2.879999999999999,58.34000000000407],[3.0199999999999996,58.320000000004065],[3.1400000000000006,58.240000000004066],[3.2600000000000016,58.22000000000406],[3.620000000000001,58.240000000004066],[3.6999999999999993,58.16000000000406],[3.8000000000000007,58.16000000000406],[3.8200000000000003,58.06000000000407],[4.0,58.02000000000406],[4.100000000000001,58.02000000000406],[4.199999999999999,58.100000000004066],[4.280000000000001,58.100000000004066],[4.32,58.02000000000406],[4.780000000000001,58.000000000004064],[4.800000000000001,57.94000000000406],[4.84,57.94000000000406],[4.84,57.740000000004066],[4.68,57.66000000000406],[4.68,57.62000000000406],[4.600000000000001,57.62000000000406],[4.280000000000001,57.500000000004064],[4.280000000000001,57.420000000004066],[4.379999999999999,57.40000000000406],[4.420000000000002,57.360000000004064],[4.84,57.360000000004064],[5.120000000000001,57.280000000004065],[5.48,57.280000000004065],[5.580000000000002,57.26000000000406],[5.580000000000002,57.180000000004064],[5.640000000000001,57.140000000004065],[5.699999999999999,57.140000000004065],[5.699999999999999,57.240000000004066],[5.780000000000001,57.20000000000407],[5.920000000000002,57.20000000000407],[6.080000000000002,57.100000000004066],[6.140000000000001,57.100000000004066],[6.16,57.04000000000406],[6.199999999999999,57.04000000000406],[6.199999999999999,57.000000000004064],[6.52,57.000000000004064],[6.68,57.04000000000406],[7.060000000000002,57.06000000000407],[7.440000000000001,57.04000000000406],[7.34,57.000000000004064],[7.199999999999999,57.000000000004064],[7.199999999999999,56.94000000000406],[7.359999999999999,56.94000000000406],[7.560000000000002,56.98000000000407],[7.560000000000002,57.06000000000407],[7.82,57.06000000000407],[7.82,57.000000000004064],[7.760000000000002,56.98000000000407],[7.760000000000002,56.94000000000406],[7.52,56.88000000000406],[7.52,56.80000000000406],[7.400000000000002,56.72000000000406],[7.199999999999999,56.72000000000406],[7.16,56.780000000004065],[7.02,56.780000000004065],[6.879999999999999,56.72000000000406],[6.699999999999999,56.70000000000407],[6.640000000000001,56.62000000000406],[6.52,56.58000000000406],[6.379999999999999,56.58000000000406],[6.34,56.54000000000406],[6.260000000000002,56.54000000000406],[6.199999999999999,56.500000000004064],[6.120000000000001,56.500000000004064],[6.120000000000001,56.56000000000407],[6.420000000000002,56.62000000000406],[6.460000000000001,56.640000000004065],[6.460000000000001,56.72000000000406],[6.32,56.76000000000406],[6.240000000000002,56.84000000000407],[6.0,56.84000000000407],[6.0,56.90000000000406],[5.960000000000001,56.90000000000406],[5.940000000000001,56.94000000000406],[5.740000000000002,56.960000000004065],[5.719999999999999,56.88000000000406],[5.100000000000001,56.920000000004066],[4.800000000000001,56.90000000000406],[4.740000000000002,56.84000000000407],[4.600000000000001,56.820000000004065],[4.600000000000001,56.70000000000407],[4.560000000000002,56.70000000000407],[4.560000000000002,56.640000000004065],[4.5,56.62000000000406],[3.9800000000000004,56.58000000000406],[3.9400000000000013,56.54000000000406],[3.8599999999999994,56.54000000000406],[3.6999999999999993,56.460000000004065],[3.4200000000000017,56.48000000000407],[3.2600000000000016,56.44000000000406],[3.240000000000002,56.40000000000406],[3.1400000000000006,56.40000000000406],[3.120000000000001,56.360000000004064],[3.0199999999999996,56.34000000000407],[3.0199999999999996,56.280000000004065],[3.3000000000000007,56.140000000004065],[3.3200000000000003,56.02000000000406],[3.3599999999999994,56.02000000000406],[3.379999999999999,55.94000000000406],[3.0600000000000023,55.920000000004066],[2.9800000000000004,55.960000000004065],[2.8599999999999994,55.960000000004065],[2.84,56.000000000004064],[2.6999999999999993,55.98000000000407],[2.6999999999999993,55.920000000004066],[2.740000000000002,55.920000000004066],[2.7600000000000016,55.860000000004064],[2.8000000000000007,55.860000000004064],[2.8200000000000003,55.70000000000407],[2.8599999999999994,55.70000000000407],[2.879999999999999,55.640000000004065],[3.120000000000001,55.58000000000406],[3.539999999999999,55.600000000004066],[3.740000000000002,55.58000000000406],[3.84,55.600000000004066],[3.84,55.66000000000406],[3.879999999999999,55.66000000000406],[3.9800000000000004,55.640000000004065],[4.0,55.58000000000406],[4.100000000000001,55.56000000000407],[4.16,55.500000000004064],[4.219999999999999,55.500000000004064],[4.18,55.48000000000407],[4.18,55.40000000000406],[4.219999999999999,55.40000000000406],[4.219999999999999,55.34000000000407],[4.16,55.34000000000407],[4.140000000000001,55.44000000000406],[3.960000000000001,55.48000000000407],[3.8599999999999994,55.56000000000407],[3.8000000000000007,55.56000000000407],[3.740000000000002,55.500000000004064],[3.6999999999999993,55.500000000004064],[3.6999999999999993,55.44000000000406],[3.740000000000002,55.44000000000406],[3.740000000000002,55.40000000000406],[3.9200000000000017,55.38000000000406],[4.0,55.320000000004065],[4.0,55.26000000000406],[3.8000000000000007,55.26000000000406],[3.6999999999999993,55.22000000000406],[3.6799999999999997,55.140000000004065],[3.4200000000000017,55.000000000004064],[3.4200000000000017,54.94000000000406],[3.539999999999999,54.94000000000406],[3.6400000000000006,54.98000000000407],[3.740000000000002,54.960000000004065],[3.8599999999999994,54.860000000004064],[4.060000000000002,54.90000000000406],[4.16,54.84000000000407],[4.300000000000001,54.84000000000407],[4.400000000000002,54.88000000000406],[4.400000000000002,54.94000000000406],[4.359999999999999,54.94000000000406],[4.34,55.000000000004064],[4.359999999999999,55.100000000004066],[4.640000000000001,55.08000000000406],[4.719999999999999,55.140000000004065],[4.719999999999999,55.20000000000407],[5.039999999999999,55.20000000000407],[5.039999999999999,55.240000000004066],[5.280000000000001,55.320000000004065],[5.400000000000002,55.26000000000406],[5.400000000000002,55.22000000000406],[5.460000000000001,55.22000000000406],[5.539999999999999,55.16000000000406],[5.699999999999999,55.16000000000406],[5.960000000000001,55.26000000000406],[6.120000000000001,55.22000000000406],[6.120000000000001,55.26000000000406],[6.18,55.280000000004065],[6.280000000000001,55.26000000000406],[6.440000000000001,55.280000000004065],[6.620000000000001,55.420000000004066],[6.800000000000001,55.460000000004065],[6.82,55.52000000000406],[6.920000000000002,55.56000000000407],[6.940000000000001,55.62000000000406],[7.039999999999999,55.640000000004065],[7.060000000000002,55.70000000000407],[7.120000000000001,55.70000000000407],[7.120000000000001,55.740000000004066],[7.300000000000001,55.780000000004065],[7.300000000000001,55.820000000004065],[7.359999999999999,55.84000000000407],[7.600000000000001,55.860000000004064],[7.66,55.920000000004066],[7.84,55.98000000000407],[7.879999999999999,56.100000000004066],[8.02,56.140000000004065],[8.0,56.02000000000406],[8.060000000000002,56.000000000004064],[8.060000000000002,55.920000000004066],[8.0,55.90000000000406],[8.0,55.84000000000407],[8.080000000000002,55.80000000000406],[8.080000000000002,55.600000000004066],[8.240000000000002,55.600000000004066],[8.260000000000002,55.460000000004065],[8.420000000000002,55.460000000004065],[8.420000000000002,55.40000000000406],[8.5,55.420000000004066],[8.5,55.360000000004064],[8.54,55.360000000004064],[8.54,55.280000000004065],[8.600000000000001,55.280000000004065],[8.54,55.26000000000406],[8.54,55.180000000004064],[8.64,55.16000000000406],[8.760000000000002,55.180000000004064],[8.760000000000002,55.08000000000406],[8.740000000000002,55.140000000004065],[8.620000000000001,55.12000000000406],[8.600000000000001,54.740000000004066],[8.7,54.740000000004066],[8.7,54.62000000000406],[8.740000000000002,54.62000000000406],[8.760000000000002,54.56000000000407],[8.86,54.56000000000407],[8.86,54.360000000004064],[8.760000000000002,54.360000000004064],[8.760000000000002,54.240000000004066],[8.8,54.240000000004066],[8.8,54.20000000000407],[8.86,54.20000000000407],[8.86,53.94000000000406],[9.100000000000001,53.94000000000406],[9.100000000000001,53.80000000000406],[8.780000000000001,53.80000000000406],[8.740000000000002,53.820000000004065],[8.740000000000002,53.860000000004064],[8.5,53.860000000004064],[8.5,53.640000000004065],[8.260000000000002,53.62000000000406],[8.260000000000002,53.500000000004064],[8.2,53.48000000000407],[8.16,53.48000000000407],[8.16,53.62000000000406],[8.060000000000002,53.62000000000406],[8.060000000000002,53.66000000000406],[8.0,53.66000000000406],[7.98,53.72000000000406],[7.780000000000001,53.72000000000406],[7.780000000000001,53.780000000004065],[7.699999999999999,53.780000000004065],[7.68,53.740000000004066],[7.640000000000001,53.740000000004066],[7.620000000000001,53.66000000000406],[7.120000000000001,53.680000000004064],[7.120000000000001,53.54000000000406],[7.100000000000001,53.58000000000406],[7.02,53.58000000000406],[7.02,53.44000000000406],[6.900000000000002,53.44000000000406],[6.900000000000002,53.40000000000406],[6.740000000000002,53.460000000004065],[6.460000000000001,53.460000000004065],[6.460000000000001,53.420000000004066],[6.199999999999999,53.420000000004066],[6.199999999999999,53.38000000000406],[6.18,53.44000000000406],[6.100000000000001,53.44000000000406],[6.100000000000001,53.38000000000406],[5.66,53.40000000000406],[5.66,53.320000000004065],[5.600000000000001,53.30000000000406],[5.52,53.320000000004065],[5.52,53.26000000000406],[5.460000000000001,53.26000000000406],[5.460000000000001,53.22000000000406],[5.359999999999999,53.240000000004066],[5.359999999999999,53.06000000000407],[5.16,53.02000000000406],[5.16,52.98000000000407],[5.100000000000001,52.98000000000407],[5.100000000000001,52.920000000004066],[5.039999999999999,52.90000000000406],[4.900000000000002,52.920000000004066],[4.900000000000002,52.860000000004064],[4.68,52.860000000004064],[4.68,52.680000000004064],[4.600000000000001,52.66000000000406],[4.600000000000001,52.420000000004066],[4.5,52.420000000004066],[4.5,52.280000000004065],[4.440000000000001,52.280000000004065],[4.440000000000001,52.180000000004064],[4.280000000000001,52.140000000004065],[4.280000000000001,52.08000000000406],[4.18,52.08000000000406],[4.18,52.02000000000406],[4.100000000000001,52.02000000000406],[4.100000000000001,51.98000000000407],[4.0,51.98000000000407],[4.0,51.820000000004065],[3.8599999999999994,51.820000000004065],[3.8599999999999994,51.680000000004064],[3.8200000000000003,51.680000000004064],[3.8200000000000003,51.600000000004066],[3.8599999999999994,51.58000000000406],[3.5,51.58000000000406],[3.5,51.48000000000407],[3.6999999999999993,51.460000000004065],[3.6799999999999997,51.360000000004064],[3.4400000000000013,51.38000000000406],[3.4400000000000013,51.320000000004065],[3.080000000000002,51.320000000004065],[3.080000000000002,51.26000000000406],[3.0,51.26000000000406],[3.0,51.22000000000406],[2.8599999999999994,51.22000000000406],[2.8599999999999994,51.180000000004064],[2.7600000000000016,51.180000000004064],[2.7600000000000016,51.12000000000406],[2.6799999999999997,51.12000000000406],[2.6400000000000006,51.08000000000406],[2.460000000000001,51.06000000000407],[2.4400000000000013,51.02000000000406],[2.219999999999999,51.02000000000406],[2.0599999999999987,50.960000000004065],[1.9000000000000021,50.960000000004065],[1.6600000000000001,50.88000000000406],[1.6400000000000006,50.84000000000407],[1.6000000000000014,50.84000000000407],[1.6000000000000014,50.500000000004064],[1.5800000000000018,50.40000000000406],[1.5399999999999991,50.40000000000406],[1.5399999999999991,50.26000000000406],[1.6400000000000006,50.22000000000406],[1.6400000000000006,50.180000000004064],[1.4800000000000004,50.16000000000406],[1.4400000000000013,50.04000000000406],[1.2800000000000011,50.000000000004064],[1.1999999999999993,49.920000000004066],[1.1000000000000014,49.920000000004066],[1.0399999999999991,49.88000000000406],[0.9000000000000021,49.90000000000406],[0.9000000000000021,49.860000000004064],[0.4800000000000004,49.80000000000406],[0.46000000000000085,49.76000000000406],[0.17999999999999972,49.680000000004064],[0.16000000000000014,49.58000000000406],[0.120000000000001,49.58000000000406],[0.120000000000001,49.48000000000407],[0.35999999999999943,49.460000000004065],[0.35999999999999943,49.40000000000406],[0.120000000000001,49.38000000000406],[-0.03999999999999915,49.26000000000406],[-0.3000000000000007,49.26000000000406],[-0.4800000000000004,49.320000000004065],[-0.5799999999999983,49.30000000000406],[-0.8399999999999999,49.320000000004065],[-0.8999999999999986,49.360000000004064],[-1.0799999999999983,49.360000000004064],[-1.1600000000000001,49.320000000004065],[-1.1999999999999993,49.34000000000407],[-1.1999999999999993,49.420000000004066],[-1.259999999999998,49.420000000004066],[-1.2800000000000011,49.48000000000407],[-1.3200000000000003,49.48000000000407],[-1.3200000000000003,49.600000000004066],[-1.2800000000000011,49.600000000004066],[-1.2800000000000011,49.66000000000406],[-1.3999999999999986,49.680000000004064],[-1.5,49.62000000000406],[-1.8200000000000003,49.640000000004065],[-1.8000000000000007,49.40000000000406],[-1.7399999999999984,49.40000000000406],[-1.7399999999999984,49.34000000000407],[-1.6799999999999997,49.34000000000407],[-1.6799999999999997,49.280000000004065],[-1.5799999999999983,49.26000000000406],[-1.5799999999999983,48.76000000000406],[-1.5,48.74000000000406],[-1.5,48.640000000004065],[-1.620000000000001,48.640000000004065],[-1.6799999999999997,48.62000000000407],[-1.6999999999999993,48.58000000000406],[-1.8200000000000003,48.58000000000406],[-1.8399999999999999,48.62000000000407],[-1.879999999999999,48.62000000000407],[-1.879999999999999,48.66000000000406],[-1.9400000000000013,48.66000000000406],[-2.039999999999999,48.600000000004066],[-2.1400000000000006,48.600000000004066],[-2.1999999999999993,48.56000000000407],[-2.3200000000000003,48.62000000000407],[-2.419999999999998,48.62000000000407],[-2.5,48.56000000000407],[-2.7399999999999984,48.500000000004064],[-2.7399999999999984,48.54000000000406],[-2.8000000000000007,48.54000000000406],[-2.8200000000000003,48.600000000004066],[-2.8599999999999994,48.600000000004066],[-2.8599999999999994,48.66000000000406],[-3.0199999999999996,48.74000000000406],[-3.0199999999999996,48.780000000004065],[-3.0799999999999983,48.80000000000406],[-3.0799999999999983,48.84000000000407],[-3.1400000000000006,48.84000000000407],[-3.1400000000000006,48.88000000000406],[-3.2399999999999984,48.88000000000406],[-3.34,48.84000000000407],[-3.3599999999999994,48.780000000004065],[-3.599999999999998,48.780000000004065],[-3.599999999999998,48.74000000000406],[-3.66,48.72000000000406],[-3.66,48.66000000000406],[-3.84,48.680000000004064],[-3.84,48.62000000000407],[-3.919999999999998,48.62000000000407],[-3.9800000000000004,48.640000000004065],[-3.9800000000000004,48.70000000000407],[-4.199999999999999,48.640000000004065],[-4.239999999999998,48.680000000004064],[-4.300000000000001,48.680000000004064],[-4.359999999999999,48.62000000000407],[-4.460000000000001,48.62000000000407],[-4.48,48.58000000000406],[-4.719999999999999,48.54000000000406],[-4.759999999999998,48.38000000000406],[-4.719999999999999,48.38000000000406],[-4.699999999999999,48.34000000000407],[-4.620000000000001,48.34000000000407],[-4.620000000000001,48.38000000000406],[-4.5,48.38000000000406],[-4.440000000000001,48.420000000004066],[-4.399999999999999,48.38000000000406],[-4.280000000000001,48.38000000000406],[-4.280000000000001,48.34000000000407],[-4.219999999999999,48.34000000000407],[-4.259999999999998,48.320000000004065],[-4.259999999999998,48.26000000000406],[-4.579999999999998,48.280000000004065],[-4.579999999999998,48.24000000000406],[-4.640000000000001,48.24000000000406],[-4.640000000000001,48.180000000004064],[-4.48,48.180000000004064],[-4.48,48.06000000000407],[-4.539999999999999,48.04000000000406],[-4.539999999999999,47.98000000000407],[-4.48,47.960000000004065],[-4.460000000000001,47.860000000004064],[-4.34,47.820000000004065],[-4.34,47.780000000004065],[-4.259999999999998,47.780000000004065],[-4.259999999999998,47.74000000000406],[-4.34,47.74000000000406],[-4.359999999999999,47.70000000000407],[-4.48,47.680000000004064],[-4.460000000000001,47.52000000000406],[-4.419999999999998,47.52000000000406],[-4.359999999999999,47.460000000004065],[-4.140000000000001,47.40000000000406],[-4.02,47.320000000004065],[-3.7399999999999984,47.280000000004065],[-3.6799999999999997,47.22000000000406],[-3.5599999999999987,47.20000000000407],[-3.539999999999999,47.16000000000406],[-3.3599999999999994,47.16000000000406],[-3.3000000000000007,47.24000000000406],[-3.259999999999998,47.24000000000406],[-3.259999999999998,47.30000000000406],[-3.3000000000000007,47.30000000000406],[-3.3000000000000007,47.34000000000407],[-3.3599999999999994,47.34000000000407],[-3.379999999999999,47.420000000004066],[-3.419999999999998,47.420000000004066],[-3.419999999999998,47.460000000004065],[-3.379999999999999,47.460000000004065],[-3.379999999999999,47.54000000000406],[-3.419999999999998,47.54000000000406],[-3.4400000000000013,47.62000000000407],[-3.4800000000000004,47.62000000000407],[-3.4800000000000004,47.680000000004064],[-3.419999999999998,47.680000000004064],[-3.419999999999998,47.640000000004065],[-3.3599999999999994,47.62000000000407],[-3.34,47.54000000000406],[-3.219999999999999,47.500000000004064],[-3.1400000000000006,47.500000000004064],[-3.1400000000000006,47.56000000000407],[-3.099999999999998,47.56000000000407],[-3.099999999999998,47.52000000000406],[-2.960000000000001,47.52000000000406],[-2.960000000000001,47.640000000004065],[-2.7399999999999984,47.640000000004065],[-2.7399999999999984,47.52000000000406],[-2.84,47.52000000000406],[-2.84,47.48000000000407],[-2.879999999999999,47.48000000000407],[-2.879999999999999,47.420000000004066],[-2.8200000000000003,47.420000000004066],[-2.8200000000000003,47.460000000004065],[-2.6799999999999997,47.460000000004065],[-2.6799999999999997,47.54000000000406],[-2.5,47.56000000000407],[-2.379999999999999,47.500000000004064],[-2.419999999999998,47.48000000000407],[-2.419999999999998,47.44000000000406],[-2.5,47.44000000000406],[-2.5,47.34000000000407],[-2.4400000000000013,47.280000000004065],[-2.1999999999999993,47.280000000004065],[-2.120000000000001,47.34000000000407],[-1.9199999999999982,47.34000000000407],[-1.8599999999999994,47.280000000004065],[-1.8000000000000007,47.280000000004065],[-1.8000000000000007,47.20000000000407],[-1.879999999999999,47.20000000000407],[-1.9600000000000009,47.26000000000406],[-2.1400000000000006,47.24000000000406],[-2.1400000000000006,47.140000000004065],[-2.0,47.10000000000406],[-1.9800000000000004,47.06000000000407],[-2.0,46.98000000000407],[-2.039999999999999,46.98000000000407],[-2.039999999999999,46.920000000004066],[-2.120000000000001,46.90000000000406],[-2.120000000000001,46.820000000004065],[-2.0599999999999987,46.820000000004065],[-2.099999999999998,46.80000000000406],[-2.1400000000000006,46.70000000000407],[-2.120000000000001,46.56000000000407],[-1.9400000000000013,46.460000000004065],[-1.879999999999999,46.460000000004065],[-1.8200000000000003,46.52000000000406],[-1.6999999999999993,46.48000000000407],[-1.6999999999999993,46.44000000000406],[-1.5599999999999987,46.460000000004065],[-1.5599999999999987,46.40000000000406],[-1.5,46.40000000000406],[-1.5,46.34000000000407],[-1.379999999999999,46.34000000000407],[-1.3599999999999994,46.30000000000406],[-1.3000000000000007,46.30000000000406],[-1.3000000000000007,46.26000000000406],[-1.1999999999999993,46.26000000000406],[-1.1999999999999993,46.30000000000406],[-1.1400000000000006,46.320000000004065],[-1.120000000000001,46.04000000000406],[-1.0799999999999983,46.04000000000406],[-1.0599999999999987,45.94000000000406],[-1.0799999999999983,45.84000000000407],[-1.120000000000001,45.84000000000407],[-1.120000000000001,45.76000000000406],[-1.259999999999998,45.76000000000406],[-1.259999999999998,45.680000000004064],[-1.0199999999999996,45.640000000004065],[-1.0,45.60000000000406],[-0.8399999999999999,45.52000000000406],[-0.8399999999999999,45.460000000004065],[-0.9600000000000009,45.420000000004066],[-1.0399999999999991,45.460000000004065],[-1.1799999999999997,45.44000000000406],[-1.1799999999999997,45.10000000000406],[-1.3599999999999994,45.08000000000406],[-1.379999999999999,44.98000000000407],[-1.5,45.000000000004064],[-1.6999999999999993,44.90000000000406],[-1.8200000000000003,44.90000000000406],[-1.879999999999999,44.820000000004065],[-1.9199999999999982,44.820000000004065],[-1.9400000000000013,44.76000000000406],[-2.0599999999999987,44.780000000004065],[-2.0799999999999983,44.860000000004064],[-2.1999999999999993,44.90000000000406],[-2.219999999999999,44.960000000004065],[-2.259999999999998,44.960000000004065],[-2.259999999999998,45.000000000004064],[-2.379999999999999,45.02000000000406],[-2.3999999999999986,45.06000000000407],[-2.5799999999999983,45.10000000000406],[-2.620000000000001,45.140000000004065],[-2.8000000000000007,45.140000000004065],[-2.8599999999999994,45.16000000000406],[-2.879999999999999,45.20000000000407],[-2.9400000000000013,45.20000000000407],[-3.0,45.26000000000406],[-3.0599999999999987,45.26000000000406],[-3.1400000000000006,45.320000000004065],[-3.1400000000000006,45.360000000004064],[-3.1999999999999993,45.38000000000406],[-3.1999999999999993,45.420000000004066],[-3.2399999999999984,45.420000000004066],[-3.259999999999998,45.48000000000407],[-3.419999999999998,45.56000000000407],[-3.4400000000000013,45.640000000004065],[-3.539999999999999,45.680000000004064],[-3.5799999999999983,45.780000000004065],[-3.6999999999999993,45.80000000000406],[-3.759999999999998,45.920000000004066],[-3.8000000000000007,45.920000000004066],[-3.879999999999999,46.000000000004064],[-3.9400000000000013,46.000000000004064],[-3.9400000000000013,46.04000000000406],[-4.039999999999999,46.06000000000407],[-4.039999999999999,46.10000000000406],[-4.100000000000001,46.12000000000407],[-4.120000000000001,46.180000000004064],[-4.219999999999999,46.20000000000407],[-4.239999999999998,46.320000000004065],[-4.32,46.360000000004064],[-4.48,46.360000000004064],[-4.539999999999999,46.420000000004066],[-4.600000000000001,46.420000000004066],[-4.620000000000001,46.460000000004065],[-4.66,46.460000000004065],[-4.68,46.52000000000406],[-4.800000000000001,46.56000000000407],[-4.800000000000001,46.66000000000406],[-4.84,46.66000000000406],[-4.84,46.72000000000406],[-4.98,46.74000000000406],[-5.0,46.820000000004065],[-5.039999999999999,46.84000000000407],[-5.219999999999999,46.860000000004064],[-5.279999999999999,46.98000000000407],[-5.359999999999999,46.98000000000407],[-5.459999999999999,47.04000000000406],[-5.58,47.06000000000407],[-5.6,47.12000000000407],[-5.640000000000001,47.12000000000407],[-5.66,47.20000000000407],[-5.699999999999999,47.20000000000407],[-5.719999999999999,47.24000000000406],[-6.02,47.24000000000406],[-6.48,47.44000000000406],[-6.58,47.44000000000406],[-6.66,47.48000000000407],[-6.879999999999999,47.48000000000407],[-7.0600000000000005,47.54000000000406],[-7.199999999999999,47.54000000000406],[-7.34,47.62000000000407],[-7.459999999999999,47.62000000000407],[-7.52,47.680000000004064],[-7.5600000000000005,47.680000000004064],[-7.5600000000000005,47.76000000000406],[-7.640000000000001,47.84000000000407],[-7.879999999999999,47.860000000004064],[-8.02,47.98000000000407],[-8.18,48.02000000000406],[-8.36,48.16000000000406],[-8.56,48.12000000000407],[-8.68,48.180000000004064],[-8.879999999999999,48.20000000000407],[-8.92,48.24000000000406],[-9.06,48.280000000004065],[-9.44,48.320000000004065],[-9.379999999999999,48.34000000000407],[-9.379999999999999,48.56000000000407],[-9.66,48.56000000000407],[-9.68,48.66000000000406],[-9.6,48.66000000000406],[-9.6,48.72000000000406],[-9.9,48.72000000000406],[-9.9,48.76000000000406],[-9.959999999999999,48.80000000000406],[-10.22,48.80000000000406],[-10.26,48.780000000004065],[-10.26,48.72000000000406],[-10.34,48.72000000000406],[-10.42,48.76000000000406],[-10.42,48.88000000000406],[-10.459999999999999,48.90000000000406],[-10.84,48.920000000004066],[-10.86,49.04000000000406],[-10.92,49.04000000000406],[-10.959999999999999,49.08000000000406],[-11.14,49.06000000000407],[-11.16,49.100000000004066],[-11.22,49.100000000004066],[-11.22,49.180000000004064],[-11.26,49.180000000004064],[-11.28,49.26000000000406],[-11.16,49.320000000004065],[-11.16,49.360000000004064],[-10.86,49.38000000000406],[-10.7,49.460000000004065],[-10.7,49.500000000004064],[-10.66,49.500000000004064],[-10.64,49.54000000000406],[-10.64,49.600000000004066],[-10.6,49.600000000004066],[-10.58,49.640000000004065],[-10.58,49.740000000004066],[-10.54,49.740000000004066],[-10.52,49.780000000004065],[-10.52,49.88000000000406],[-10.54,49.960000000004065],[-10.64,50.000000000004064],[-10.64,50.100000000004066],[-10.799999999999999,50.12000000000406],[-10.799999999999999,50.16000000000406],[-10.84,50.16000000000406],[-10.84,50.20000000000407],[-10.799999999999999,50.20000000000407],[-10.799999999999999,50.240000000004066],[-10.72,50.280000000004065],[-10.72,50.360000000004064],[-10.78,50.38000000000406],[-10.799999999999999,50.44000000000406],[-10.84,50.44000000000406],[-10.84,50.52000000000406],[-10.9,50.54000000000406],[-10.92,50.66000000000406],[-10.959999999999999,50.66000000000406],[-10.959999999999999,50.70000000000407],[-11.14,50.740000000004066],[-11.14,50.780000000004065],[-11.2,50.80000000000406],[-11.22,50.860000000004064],[-11.26,50.860000000004064],[-11.28,50.98000000000407],[-11.32,50.98000000000407],[-11.34,51.04000000000406],[-11.379999999999999,51.04000000000406],[-11.4,51.16000000000406],[-11.459999999999999,51.180000000004064],[-11.48,51.320000000004065],[-11.54,51.34000000000407],[-11.54,51.420000000004066],[-11.58,51.420000000004066],[-11.58,51.48000000000407],[-11.459999999999999,51.52000000000406],[-11.459999999999999,51.600000000004066],[-11.58,51.66000000000406],[-11.58,51.780000000004065],[-11.64,51.80000000000406],[-11.64,51.84000000000407],[-11.58,51.84000000000407],[-11.58,51.94000000000406],[-11.66,51.94000000000406],[-11.66,51.98000000000407],[-11.6,52.000000000004064],[-11.6,52.06000000000407],[-11.64,52.06000000000407],[-11.66,52.12000000000406],[-11.7,52.12000000000406],[-11.72,52.16000000000406],[-11.82,52.180000000004064],[-11.84,52.280000000004065],[-11.879999999999999,52.280000000004065],[-11.94,52.34000000000407],[-12.22,52.38000000000406],[-12.5,52.48000000000407],[-13.18,52.500000000004064],[-13.280000000000001,52.44000000000406],[-13.44,52.44000000000406],[-13.54,52.48000000000407],[-13.68,52.460000000004065],[-13.7,52.54000000000406],[-13.74,52.54000000000406],[-13.74,52.600000000004066],[-13.96,52.600000000004066],[-14.04,52.54000000000406],[-14.18,52.56000000000407],[-14.36,52.54000000000406],[-14.36,52.420000000004066],[-14.5,52.44000000000406],[-14.48,52.48000000000407],[-14.42,52.500000000004064],[-14.42,52.54000000000406],[-14.379999999999999,52.54000000000406],[-14.379999999999999,52.600000000004066],[-14.48,52.640000000004065],[-14.48,52.76000000000406],[-14.32,52.84000000000407],[-14.3,52.920000000004066],[-14.2,52.920000000004066],[-14.2,52.860000000004064],[-14.1,52.860000000004064],[-14.059999999999999,52.88000000000406],[-14.059999999999999,52.920000000004066],[-13.98,52.94000000000406],[-13.98,52.98000000000407],[-13.94,52.98000000000407],[-13.94,53.100000000004066],[-14.0,53.12000000000406],[-14.0,53.20000000000407],[-14.120000000000001,53.22000000000406],[-14.120000000000001,53.26000000000406],[-14.16,53.26000000000406],[-14.16,53.30000000000406],[-14.1,53.30000000000406],[-14.1,53.40000000000406],[-14.16,53.40000000000406],[-14.18,53.48000000000407],[-14.280000000000001,53.500000000004064],[-14.280000000000001,53.54000000000406],[-14.24,53.54000000000406],[-14.16,53.62000000000406],[-14.02,53.62000000000406],[-13.96,53.600000000004066],[-13.96,53.56000000000407],[-13.82,53.56000000000407],[-13.7,53.640000000004065],[-13.620000000000001,53.640000000004065],[-13.5,53.72000000000406],[-13.44,53.72000000000406],[-13.42,53.820000000004065],[-13.36,53.820000000004065],[-13.36,53.88000000000406],[-13.42,53.88000000000406],[-13.42,53.84000000000407],[-13.54,53.84000000000407],[-13.54,53.90000000000406],[-13.3,54.000000000004064],[-13.18,53.98000000000407],[-13.18,54.02000000000406],[-12.54,54.04000000000406],[-12.48,54.02000000000406],[-12.48,53.98000000000407],[-12.24,54.02000000000406],[-12.26,53.94000000000406],[-12.32,53.94000000000406],[-12.32,53.90000000000406],[-12.379999999999999,53.88000000000406],[-12.54,53.90000000000406],[-12.6,53.84000000000407],[-12.72,53.84000000000407],[-12.72,53.780000000004065],[-12.68,53.780000000004065],[-12.68,53.740000000004066],[-12.62,53.740000000004066],[-12.62,53.70000000000407],[-12.52,53.72000000000406],[-12.4,53.820000000004065],[-12.34,53.820000000004065],[-12.32,53.88000000000406],[-12.14,53.90000000000406],[-12.08,53.94000000000406],[-11.76,53.920000000004066],[-11.74,53.88000000000406],[-11.54,53.88000000000406],[-11.54,54.02000000000406],[-11.459999999999999,54.02000000000406],[-11.459999999999999,54.100000000004066],[-11.42,54.100000000004066],[-11.34,54.180000000004064],[-11.22,54.20000000000407],[-11.2,54.240000000004066],[-11.16,54.240000000004066],[-11.14,54.30000000000406],[-10.98,54.30000000000406],[-10.92,54.360000000004064],[-10.799999999999999,54.38000000000406],[-10.799999999999999,54.44000000000406],[-10.72,54.44000000000406],[-10.7,54.500000000004064],[-10.58,54.52000000000406],[-10.54,54.56000000000407],[-10.299999999999999,54.56000000000407],[-10.28,54.640000000004065],[-10.24,54.640000000004065],[-10.24,54.740000000004066],[-10.16,54.780000000004065],[-10.16,54.90000000000406],[-10.1,54.90000000000406],[-10.04,54.98000000000407],[-10.0,54.98000000000407],[-9.98,55.100000000004066],[-9.84,55.12000000000406],[-9.84,55.180000000004064],[-9.78,55.180000000004064],[-9.78,55.280000000004065],[-9.62,55.34000000000407],[-9.48,55.460000000004065],[-9.24,55.500000000004064],[-9.24,55.58000000000406],[-9.28,55.58000000000406],[-9.28,55.640000000004065],[-9.22,55.640000000004065],[-9.22,55.76000000000406],[-9.18,55.76000000000406],[-9.16,55.820000000004065],[-9.1,55.820000000004065],[-9.12,55.920000000004066],[-9.16,55.920000000004066],[-9.12,55.94000000000406],[-9.1,56.02000000000406],[-9.12,56.180000000004064],[-9.16,56.180000000004064],[-9.16,56.240000000004066],[-9.06,56.26000000000406],[-8.98,56.34000000000407],[-8.94,56.34000000000407],[-8.94,56.38000000000406],[-8.879999999999999,56.38000000000406],[-8.92,56.54000000000406],[-8.879999999999999,56.54000000000406],[-8.86,56.62000000000406],[-8.82,56.62000000000406],[-8.82,56.70000000000407],[-8.879999999999999,56.72000000000406],[-8.879999999999999,56.76000000000406],[-8.92,56.76000000000406],[-8.92,56.920000000004066],[-8.879999999999999,56.920000000004066],[-8.879999999999999,56.98000000000407],[-9.04,57.000000000004064],[-9.06,57.06000000000407],[-9.1,57.06000000000407],[-9.12,57.140000000004065],[-9.16,57.140000000004065],[-9.18,57.26000000000406],[-9.22,57.26000000000406],[-9.22,57.30000000000406],[-9.299999999999999,57.30000000000406],[-9.32,57.34000000000407],[-9.36,57.34000000000407],[-9.299999999999999,57.360000000004064],[-9.299999999999999,57.44000000000406],[-9.48,57.62000000000406],[-9.299999999999999,57.640000000004065],[-9.28,57.780000000004065],[-9.32,57.80000000000406],[-9.299999999999999,57.88000000000407],[-9.42,57.94000000000406],[-9.44,58.000000000004064],[-9.5,58.000000000004064],[-9.5,58.180000000004064],[-9.56,58.180000000004064],[-9.56,58.22000000000406],[-9.5,58.26000000000406],[-9.379999999999999,58.240000000004066],[-9.379999999999999,58.30000000000406],[-9.42,58.30000000000406],[-9.42,58.38000000000407],[-9.16,58.360000000004064],[-9.16,58.420000000004066],[-9.1,58.420000000004066],[-8.98,58.360000000004064],[-8.959999999999999,58.320000000004065],[-8.799999999999999,58.320000000004065],[-8.799999999999999,58.420000000004066],[-8.76,58.44000000000406],[-8.44,58.48000000000406],[-8.14,58.58000000000406],[-7.959999999999999,58.58000000000406],[-7.879999999999999,58.640000000004065],[-7.68,58.680000000004064],[-7.619999999999999,58.740000000004066],[-7.58,58.740000000004066],[-7.5600000000000005,58.80000000000406],[-7.52,58.80000000000406],[-7.5,58.84000000000407],[-7.5,59.06000000000407],[-7.4399999999999995,59.06000000000407],[-7.459999999999999,59.240000000004066],[-7.379999999999999,59.280000000004065],[-7.219999999999999,59.26000000000406],[-7.219999999999999,59.34000000000407],[-7.0600000000000005,59.26000000000406],[-6.719999999999999,59.240000000004066],[-6.699999999999999,59.44000000000406],[-6.76,59.44000000000406],[-6.76,59.48000000000406],[-6.640000000000001,59.460000000004065],[-6.640000000000001,59.54000000000406],[-6.66,59.58000000000406],[-6.82,59.640000000004065],[-6.84,59.70000000000407],[-6.879999999999999,59.70000000000407],[-6.9,59.80000000000406],[-6.9399999999999995,59.80000000000406],[-7.0,59.860000000004064],[-7.119999999999999,59.88000000000407],[-7.16,59.920000000004066],[-7.42,59.90000000000406],[-7.4399999999999995,59.84000000000407],[-7.719999999999999,59.88000000000407],[-7.719999999999999,59.820000000004065],[-7.619999999999999,59.820000000004065],[-7.5,59.76000000000406],[-7.48,59.640000000004065],[-7.5600000000000005,59.640000000004065],[-7.58,59.680000000004064],[-7.68,59.70000000000407],[-7.699999999999999,59.76000000000406],[-8.02,59.84000000000407],[-8.08,59.88000000000407],[-8.18,59.88000000000407],[-8.2,59.920000000004066],[-8.36,59.94000000000406],[-8.379999999999999,60.02000000000406],[-8.04,60.02000000000406],[-8.0,59.98000000000406],[-7.879999999999999,59.98000000000406],[-7.9,60.140000000004065],[-7.9399999999999995,60.140000000004065],[-7.959999999999999,60.180000000004064],[-8.26,60.240000000004066],[-8.36,60.30000000000406],[-8.6,60.30000000000406],[-8.6,60.26000000000406],[-8.7,60.26000000000406],[-8.82,60.360000000004064],[-8.98,60.360000000004064],[-9.1,60.420000000004066],[-9.5,60.44000000000406],[-9.54,60.48000000000406],[-9.64,60.48000000000406],[-9.66,60.40000000000406],[-9.84,60.460000000004065],[-10.08,60.460000000004065],[-10.2,60.420000000004066],[-10.22,60.360000000004064],[-10.6,60.360000000004064],[-10.74,60.420000000004066],[-10.84,60.420000000004066],[-10.92,60.54000000000406],[-10.98,60.54000000000406],[-11.04,60.600000000004066],[-11.02,60.640000000004065],[-10.959999999999999,60.640000000004065],[-10.959999999999999,60.72000000000406],[-11.04,60.740000000004066],[-11.04,60.860000000004064],[-11.08,60.860000000004064],[-11.1,60.960000000004065],[-11.02,60.960000000004065],[-11.0,60.920000000004066],[-10.68,60.94000000000406],[-10.62,60.90000000000406],[-10.34,60.920000000004066],[-10.32,60.88000000000407],[-10.1,60.860000000004064],[-9.94,60.780000000004065],[-9.62,60.740000000004066],[-9.6,60.820000000004065],[-9.56,60.820000000004065],[-9.54,60.88000000000407],[-9.32,60.920000000004066],[-9.32,61.12000000000406],[-9.36,61.12000000000406],[-9.36,61.22000000000406],[-9.18,61.22000000000406],[-9.18,61.320000000004065],[-9.06,61.320000000004065],[-9.04,61.38000000000407],[-9.0,61.38000000000407],[-9.0,61.460000000004065],[-9.04,61.460000000004065],[-9.04,61.500000000004064],[-8.86,61.500000000004064],[-8.84,61.460000000004065],[-8.62,61.44000000000406],[-8.62,61.40000000000406],[-8.56,61.38000000000407],[-8.56,61.30000000000406],[-8.24,61.30000000000406],[-8.16,61.26000000000406],[-8.16,61.20000000000407],[-8.0,61.20000000000407],[-8.0,61.100000000004066],[-7.859999999999999,61.04000000000406],[-7.879999999999999,60.94000000000406],[-8.04,60.90000000000406],[-8.06,60.820000000004065],[-8.1,60.820000000004065],[-8.1,60.70000000000407],[-8.36,60.740000000004066],[-8.36,60.680000000004064],[-8.48,60.640000000004065],[-8.48,60.56000000000407],[-8.42,60.56000000000407],[-8.28,60.44000000000406],[-7.879999999999999,60.34000000000407],[-7.799999999999999,60.26000000000406],[-7.66,60.280000000004065],[-7.5,60.20000000000407],[-7.18,60.180000000004064],[-7.039999999999999,60.12000000000406],[-6.6,60.140000000004065],[-6.58,60.22000000000406],[-6.66,60.280000000004065],[-6.66,60.320000000004065],[-6.699999999999999,60.320000000004065],[-6.719999999999999,60.460000000004065],[-6.82,60.48000000000406],[-6.84,60.52000000000406],[-6.879999999999999,60.52000000000406],[-6.9,60.600000000004066],[-7.0,60.62000000000406],[-7.08,60.680000000004064],[-7.08,60.72000000000406],[-7.16,60.740000000004066],[-7.199999999999999,61.06000000000407],[-7.34,61.08000000000406],[-7.34,61.180000000004064],[-7.4,61.20000000000407],[-7.4,61.26000000000406],[-7.4399999999999995,61.26000000000406],[-7.459999999999999,61.34000000000407],[-7.5,61.34000000000407],[-7.58,61.420000000004066],[-8.06,61.420000000004066],[-8.08,61.54000000000406],[-8.18,61.56000000000407],[-8.2,61.62000000000406],[-8.36,61.66000000000406],[-8.62,61.66000000000406],[-8.799999999999999,61.72000000000406],[-8.82,61.76000000000406],[-8.86,61.76000000000406],[-8.86,61.80000000000406],[-9.18,61.80000000000406],[-9.42,61.88000000000407],[-9.48,61.88000000000407],[-9.52,61.84000000000407],[-9.68,61.84000000000407],[-9.86,61.90000000000406],[-9.959999999999999,61.90000000000406],[-10.0,61.94000000000406],[-10.4,62.02000000000407],[-10.42,62.08000000000406],[-10.459999999999999,62.08000000000406],[-10.48,62.12000000000406],[-10.58,62.140000000004065],[-10.6,62.180000000004064],[-10.7,62.180000000004064],[-10.74,62.22000000000406],[-10.86,62.240000000004066],[-10.9,62.280000000004065],[-11.08,62.30000000000406],[-11.22,62.360000000004064],[-11.34,62.360000000004064],[-11.459999999999999,62.420000000004066],[-11.66,62.44000000000406],[-11.9,62.54000000000406],[-12.0,62.54000000000406],[-12.02,62.58000000000406],[-12.16,62.62000000000406],[-12.44,62.66000000000406],[-12.44,62.740000000004066],[-12.5,62.740000000004066],[-12.52,62.780000000004065],[-12.66,62.780000000004065],[-12.66,62.740000000004066],[-12.82,62.780000000004065],[-12.879999999999999,62.84000000000407],[-13.0,62.88000000000407],[-13.02,63.000000000004064],[-13.059999999999999,63.02000000000407],[-13.24,63.000000000004064],[-13.32,63.08000000000406],[-13.379999999999999,63.08000000000406],[-13.44,63.140000000004065],[-13.48,63.140000000004065],[-13.5,63.20000000000407],[-13.54,63.20000000000407],[-13.58,63.34000000000407],[-13.620000000000001,63.34000000000407],[-13.64,63.44000000000406],[-13.7,63.44000000000406],[-13.76,63.500000000004064],[-13.86,63.52000000000407],[-13.879999999999999,63.56000000000407],[-13.94,63.58000000000406],[-13.94,63.62000000000406],[-14.18,63.640000000004065],[-14.18,63.72000000000406],[-14.54,63.680000000004064],[-14.54,63.62000000000406],[-14.6,63.600000000004066],[-15.1,63.62000000000406],[-15.16,63.58000000000406],[-15.34,63.58000000000406],[-15.36,63.680000000004064],[-15.399999999999999,63.680000000004064],[-15.42,63.72000000000406],[-15.58,63.76000000000406],[-15.6,63.80000000000406],[-15.7,63.820000000004065],[-15.74,63.88000000000407],[-15.8,63.88000000000407],[-15.8,63.920000000004066],[-15.899999999999999,63.94000000000406],[-15.92,64.08000000000406],[-15.96,64.10000000000406],[-15.92,64.10000000000406],[-15.86,64.18000000000407],[-15.82,64.16000000000406],[-15.74,64.16000000000406],[-15.74,64.20000000000407],[-15.6,64.18000000000407],[-15.48,64.24000000000406],[-15.36,64.22000000000406],[-15.36,64.26000000000407],[-15.04,64.24000000000406],[-15.04,64.28000000000407],[-14.92,64.28000000000407],[-14.899999999999999,64.34000000000407],[-14.86,64.34000000000407],[-14.84,64.38000000000406],[-14.54,64.42000000000407],[-14.54,64.46000000000406],[-14.48,64.48000000000407],[-14.48,64.54000000000407],[-14.280000000000001,64.56000000000407],[-14.280000000000001,64.68000000000407],[-14.219999999999999,64.66000000000406],[-14.219999999999999,64.62000000000407],[-14.120000000000001,64.62000000000407],[-14.1,64.74000000000406],[-14.0,64.74000000000406],[-13.98,64.80000000000406],[-13.86,64.80000000000406],[-13.8,64.86000000000406],[-13.76,64.86000000000406],[-13.76,64.94000000000406],[-13.8,64.94000000000406],[-13.8,65.00000000000406],[-10.04,65.00000000000406],[-10.04,64.94000000000406]],[[-6.879999999999999,62.34000000000407],[-7.0600000000000005,62.320000000004065],[-7.0600000000000005,62.280000000004065],[-7.1,62.26000000000406],[-7.24,62.26000000000406],[-7.24,62.140000000004065],[-7.32,62.140000000004065],[-7.32,62.08000000000406],[-7.0,62.04000000000406],[-6.98,61.94000000000406],[-6.92,61.94000000000406],[-6.879999999999999,61.920000000004066],[-6.879999999999999,61.88000000000407],[-6.799999999999999,61.860000000004064],[-6.799999999999999,61.740000000004066],[-6.699999999999999,61.740000000004066],[-6.699999999999999,62.04000000000406],[-6.6,62.06000000000407],[-6.6,62.100000000004066],[-6.539999999999999,62.12000000000406],[-6.48,62.20000000000407],[-6.34,62.22000000000406],[-6.34,62.320000000004065],[-6.48,62.320000000004065],[-6.52,62.360000000004064],[-6.68,62.360000000004064],[-6.74,62.320000000004065],[-6.879999999999999,62.34000000000407]],[[-6.6,61.54000000000406],[-6.799999999999999,61.52000000000407],[-6.799999999999999,61.44000000000406],[-6.6,61.44000000000406],[-6.6,61.54000000000406]],[[-3.8000000000000007,61.100000000004066],[-3.8000000000000007,61.16000000000406],[-3.8599999999999994,61.16000000000406],[-3.8599999999999994,61.100000000004066],[-3.8000000000000007,61.100000000004066]],[[0.9800000000000004,60.820000000004065],[0.9600000000000009,60.780000000004065],[0.9000000000000021,60.780000000004065],[0.7800000000000011,60.70000000000407],[0.8000000000000007,60.62000000000406],[1.0199999999999996,60.640000000004065],[1.0199999999999996,60.680000000004064],[1.0599999999999987,60.680000000004064],[1.0800000000000018,60.72000000000406],[1.4600000000000009,60.740000000004066],[1.5,60.780000000004065],[1.5599999999999987,60.780000000004065],[1.5599999999999987,60.84000000000407],[1.4200000000000017,60.88000000000407],[1.1999999999999993,60.88000000000407],[0.9800000000000004,60.820000000004065]],[[-1.0199999999999996,60.76000000000406],[-1.0199999999999996,60.72000000000406],[-1.1400000000000006,60.72000000000406],[-1.1400000000000006,60.62000000000406],[-1.1600000000000001,60.70000000000407],[-1.259999999999998,60.70000000000407],[-1.3200000000000003,60.640000000004065],[-1.3200000000000003,60.56000000000407],[-1.4400000000000013,60.58000000000406],[-1.4600000000000009,60.54000000000406],[-1.5599999999999987,60.54000000000406],[-1.5599999999999987,60.460000000004065],[-1.6999999999999993,60.460000000004065],[-1.6999999999999993,60.360000000004064],[-1.7399999999999984,60.360000000004064],[-1.7399999999999984,60.22000000000406],[-1.620000000000001,60.22000000000406],[-1.620000000000001,60.180000000004064],[-1.1799999999999997,60.20000000000407],[-1.1799999999999997,60.140000000004065],[-1.0999999999999979,60.140000000004065],[-1.0999999999999979,60.38000000000407],[-0.9800000000000004,60.420000000004066],[-0.9800000000000004,60.500000000004064],[-1.1600000000000001,60.52000000000406],[-1.1400000000000006,60.54000000000406],[-0.9199999999999982,60.52000000000406],[-0.8999999999999986,60.70000000000407],[-0.8599999999999994,60.70000000000407],[-0.8399999999999999,60.76000000000406],[-0.8000000000000007,60.76000000000406],[-0.8000000000000007,60.820000000004065],[-0.8999999999999986,60.820000000004065],[-0.8999999999999986,60.76000000000406],[-0.9199999999999982,60.780000000004065],[-1.0199999999999996,60.76000000000406]],[[-8.54,60.640000000004065],[-8.54,60.680000000004064],[-8.62,60.680000000004064],[-8.6,60.58000000000406],[-8.5,60.58000000000406],[-8.5,60.640000000004065],[-8.54,60.640000000004065]],[[-1.3999999999999986,60.08000000000406],[-1.3999999999999986,60.02000000000406],[-1.3399999999999999,60.02000000000406],[-1.3399999999999999,60.16000000000406],[-1.4199999999999982,60.180000000004064],[-1.5199999999999996,60.16000000000406],[-1.5199999999999996,60.100000000004066],[-1.3999999999999986,60.08000000000406]],[[-7.699999999999999,60.02000000000406],[-7.699999999999999,60.08000000000406],[-7.779999999999999,60.08000000000406],[-7.779999999999999,60.02000000000406],[-7.699999999999999,60.02000000000406]],[[-5.4399999999999995,59.66000000000406],[-5.34,59.640000000004065],[-5.359999999999999,59.76000000000406],[-5.4,59.780000000004065],[-5.5,59.76000000000406],[-5.5,59.70000000000407],[-5.459999999999999,59.70000000000407],[-5.4399999999999995,59.66000000000406]],[[-2.879999999999999,59.280000000004065],[-2.879999999999999,59.38000000000407],[-2.9800000000000004,59.38000000000407],[-2.9800000000000004,59.280000000004065],[-2.879999999999999,59.280000000004065]],[[0.33999999999999986,59.26000000000406],[0.33999999999999986,59.20000000000407],[0.5199999999999996,59.16000000000406],[0.8399999999999999,59.16000000000406],[0.9000000000000021,59.22000000000406],[0.9400000000000013,59.22000000000406],[0.9400000000000013,59.280000000004065],[0.9000000000000021,59.280000000004065],[0.879999999999999,59.320000000004065],[0.6000000000000014,59.320000000004065],[0.46000000000000085,59.26000000000406],[0.33999999999999986,59.26000000000406]],[[-0.5,59.140000000004065],[-0.5,59.04000000000406],[-0.4400000000000013,59.02000000000406],[-0.33999999999999986,59.02000000000406],[-0.21999999999999886,59.08000000000406],[0.03999999999999915,59.06000000000407],[0.14000000000000057,59.100000000004066],[0.14000000000000057,59.180000000004064],[0.03999999999999915,59.20000000000407],[-0.259999999999998,59.20000000000407],[-0.5,59.140000000004065]],[[-3.0599999999999987,58.920000000004066],[-2.879999999999999,58.88000000000407],[-2.879999999999999,58.98000000000406],[-3.0,58.98000000000406],[-3.0199999999999996,59.08000000000406],[-3.0799999999999983,59.08000000000406],[-3.0799999999999983,59.12000000000406],[-3.34,59.12000000000406],[-3.34,58.98000000000406],[-3.0599999999999987,58.98000000000406],[-3.0599999999999987,58.920000000004066]],[[-5.640000000000001,50.12000000000406],[-5.279999999999999,50.100000000004066],[-5.279999999999999,50.02000000000406],[-5.16,50.000000000004064],[-5.16,50.08000000000406],[-5.1,50.08000000000406],[-5.1,50.22000000000406],[-4.919999999999998,50.22000000000406],[-4.919999999999998,50.280000000004065],[-4.780000000000001,50.30000000000406],[-4.699999999999999,50.26000000000406],[-4.600000000000001,50.26000000000406],[-4.559999999999999,50.280000000004065],[-4.559999999999999,50.320000000004065],[-4.5,50.320000000004065],[-4.48,50.38000000000406],[-4.419999999999998,50.38000000000406],[-4.419999999999998,50.420000000004066],[-4.34,50.420000000004066],[-4.34,50.38000000000406],[-4.16,50.38000000000406],[-4.16,50.34000000000407],[-3.9800000000000004,50.34000000000407],[-3.9800000000000004,50.30000000000406],[-3.8999999999999986,50.320000000004065],[-3.8999999999999986,50.280000000004065],[-3.6799999999999997,50.30000000000406],[-3.6799999999999997,50.34000000000407],[-3.5,50.38000000000406],[-3.5,50.500000000004064],[-3.419999999999998,50.52000000000406],[-3.419999999999998,50.58000000000406],[-3.5,50.58000000000406],[-3.5,50.62000000000406],[-3.419999999999998,50.62000000000406],[-3.419999999999998,50.680000000004064],[-3.3599999999999994,50.66000000000406],[-3.3599999999999994,50.62000000000406],[-3.3000000000000007,50.62000000000406],[-3.3000000000000007,50.680000000004064],[-3.280000000000001,50.640000000004065],[-3.1799999999999997,50.640000000004065],[-3.1799999999999997,50.680000000004064],[-3.0799999999999983,50.70000000000407],[-3.0799999999999983,50.780000000004065],[-2.9800000000000004,50.780000000004065],[-2.9800000000000004,50.740000000004066],[-2.919999999999998,50.72000000000406],[-2.780000000000001,50.740000000004066],[-2.780000000000001,50.70000000000407],[-2.6999999999999993,50.70000000000407],[-2.6999999999999993,50.740000000004066],[-2.66,50.740000000004066],[-2.66,50.680000000004064],[-2.5599999999999987,50.66000000000406],[-2.5599999999999987,50.62000000000406],[-2.460000000000001,50.640000000004065],[-2.3200000000000003,50.62000000000406],[-2.3200000000000003,50.680000000004064],[-2.1400000000000006,50.680000000004064],[-2.1400000000000006,50.62000000000406],[-1.8999999999999986,50.62000000000406],[-1.879999999999999,50.70000000000407],[-1.8399999999999999,50.70000000000407],[-1.7800000000000011,50.780000000004065],[-1.6799999999999997,50.72000000000406],[-1.5799999999999983,50.72000000000406],[-1.5599999999999987,50.780000000004065],[-1.5,50.76000000000406],[-1.5,50.70000000000407],[-1.3999999999999986,50.680000000004064],[-1.3999999999999986,50.62000000000406],[-1.1999999999999993,50.62000000000406],[-1.1999999999999993,50.820000000004065],[-1.120000000000001,50.820000000004065],[-1.120000000000001,50.76000000000406],[-0.9800000000000004,50.76000000000406],[-0.9400000000000013,50.820000000004065],[-0.879999999999999,50.740000000004066],[-0.8000000000000007,50.740000000004066],[-0.7800000000000011,50.820000000004065],[-0.6999999999999993,50.820000000004065],[-0.6799999999999997,50.76000000000406],[-0.5999999999999979,50.76000000000406],[-0.5799999999999983,50.820000000004065],[-0.5199999999999996,50.820000000004065],[-0.5199999999999996,50.860000000004064],[-0.4800000000000004,50.88000000000406],[-0.16000000000000014,50.88000000000406],[-0.14000000000000057,50.820000000004065],[0.03999999999999915,50.820000000004065],[0.120000000000001,50.780000000004065],[0.21999999999999886,50.780000000004065],[0.21999999999999886,50.820000000004065],[0.26000000000000156,50.820000000004065],[0.3200000000000003,50.90000000000406],[0.35999999999999943,50.88000000000406],[0.35999999999999943,50.84000000000407],[0.5199999999999996,50.84000000000407],[0.5599999999999987,50.920000000004066],[0.6400000000000006,50.920000000004066],[0.6400000000000006,50.960000000004065],[0.6999999999999993,50.960000000004065],[0.7199999999999989,51.100000000004066],[0.8399999999999999,51.06000000000407],[0.879999999999999,51.100000000004066],[1.240000000000002,51.12000000000406],[1.240000000000002,51.180000000004064],[1.379999999999999,51.180000000004064],[1.3599999999999994,51.360000000004064],[1.3200000000000003,51.38000000000406],[1.0399999999999991,51.38000000000406],[1.0399999999999991,51.34000000000407],[1.0,51.320000000004065],[1.0,51.38000000000406],[0.8200000000000003,51.38000000000406],[0.7199999999999989,51.40000000000406],[0.7199999999999989,51.44000000000406],[0.6400000000000006,51.44000000000406],[0.620000000000001,51.52000000000406],[0.5,51.54000000000406],[0.5,51.58000000000406],[0.9000000000000021,51.58000000000406],[0.9000000000000021,51.640000000004065],[0.9400000000000013,51.640000000004065],[0.9400000000000013,51.740000000004066],[0.9000000000000021,51.740000000004066],[0.9000000000000021,51.80000000000406],[0.8200000000000003,51.820000000004065],[1.1400000000000006,51.820000000004065],[1.1400000000000006,51.860000000004064],[1.1999999999999993,51.88000000000406],[1.1999999999999993,51.98000000000407],[1.0599999999999987,52.02000000000406],[1.4200000000000017,52.02000000000406],[1.4200000000000017,52.06000000000407],[1.5,52.08000000000406],[1.5,52.12000000000406],[1.5599999999999987,52.140000000004065],[1.5599999999999987,52.180000000004064],[1.620000000000001,52.180000000004064],[1.6400000000000006,52.40000000000406],[1.740000000000002,52.420000000004066],[1.740000000000002,52.72000000000406],[1.6400000000000006,52.72000000000406],[1.6400000000000006,52.780000000004065],[1.5599999999999987,52.780000000004065],[1.5599999999999987,52.820000000004065],[1.5,52.820000000004065],[1.5,52.88000000000406],[1.3200000000000003,52.88000000000406],[1.3200000000000003,52.920000000004066],[1.0800000000000018,52.90000000000406],[1.0599999999999987,52.960000000004065],[1.0,52.98000000000407],[0.9200000000000017,52.960000000004065],[0.5399999999999991,52.98000000000407],[0.5399999999999991,52.94000000000406],[0.4200000000000017,52.90000000000406],[0.4200000000000017,52.860000000004064],[0.40000000000000213,52.920000000004066],[0.28000000000000114,52.90000000000406],[0.21999999999999886,52.960000000004065],[0.14000000000000057,52.94000000000406],[0.16000000000000014,53.100000000004066],[0.3200000000000003,53.100000000004066],[0.3200000000000003,53.30000000000406],[0.21999999999999886,53.320000000004065],[0.21999999999999886,53.420000000004066],[0.14000000000000057,53.44000000000406],[0.14000000000000057,53.52000000000406],[0.10000000000000142,53.52000000000406],[0.08000000000000185,53.58000000000406],[0.019999999999999574,53.58000000000406],[0.0,53.52000000000406],[0.0,53.640000000004065],[0.03999999999999915,53.66000000000406],[0.03999999999999915,53.72000000000406],[-0.03999999999999915,53.780000000004065],[-0.09999999999999787,53.780000000004065],[-0.120000000000001,53.88000000000406],[-0.17999999999999972,53.88000000000406],[-0.17999999999999972,54.180000000004064],[-0.33999999999999986,54.20000000000407],[-0.35999999999999943,54.280000000004065],[-0.46000000000000085,54.280000000004065],[-0.46000000000000085,54.360000000004064],[-0.5199999999999996,54.38000000000406],[-0.5199999999999996,54.460000000004065],[-0.6600000000000001,54.460000000004065],[-0.6600000000000001,54.500000000004064],[-0.6999999999999993,54.52000000000406],[-0.8399999999999999,54.52000000000406],[-0.8599999999999994,54.56000000000407],[-0.9800000000000004,54.56000000000407],[-0.9800000000000004,54.600000000004066],[-1.0199999999999996,54.62000000000406],[-1.1999999999999993,54.640000000004065],[-1.1999999999999993,54.72000000000406],[-1.2800000000000011,54.72000000000406],[-1.2800000000000011,54.780000000004065],[-1.3200000000000003,54.780000000004065],[-1.3200000000000003,54.820000000004065],[-1.379999999999999,54.820000000004065],[-1.379999999999999,54.98000000000407],[-1.4600000000000009,54.98000000000407],[-1.4600000000000009,55.08000000000406],[-1.5199999999999996,55.08000000000406],[-1.5199999999999996,55.240000000004066],[-1.5999999999999979,55.240000000004066],[-1.5999999999999979,55.52000000000406],[-1.759999999999998,55.56000000000407],[-1.7800000000000011,55.66000000000406],[-1.9400000000000013,55.740000000004066],[-1.9400000000000013,55.780000000004065],[-2.0799999999999983,55.80000000000406],[-2.0799999999999983,55.84000000000407],[-2.120000000000001,55.860000000004064],[-2.219999999999999,55.860000000004064],[-2.219999999999999,55.90000000000406],[-2.259999999999998,55.920000000004066],[-2.3999999999999986,55.94000000000406],[-2.5,56.000000000004064],[-2.6400000000000006,56.000000000004064],[-2.6799999999999997,56.08000000000406],[-2.879999999999999,56.06000000000407],[-2.879999999999999,56.02000000000406],[-2.8999999999999986,56.08000000000406],[-2.9800000000000004,56.08000000000406],[-3.0,56.000000000004064],[-3.0199999999999996,56.12000000000406],[-3.1799999999999997,56.140000000004065],[-3.1799999999999997,56.180000000004064],[-3.0799999999999983,56.180000000004064],[-3.0799999999999983,56.22000000000406],[-2.8000000000000007,56.22000000000406],[-2.759999999999998,56.240000000004066],[-2.759999999999998,56.280000000004065],[-2.6400000000000006,56.280000000004065],[-2.6400000000000006,56.40000000000406],[-2.7399999999999984,56.420000000004066],[-2.759999999999998,56.460000000004065],[-2.8000000000000007,56.460000000004065],[-2.8000000000000007,56.500000000004064],[-2.9400000000000013,56.52000000000406],[-2.5199999999999996,56.56000000000407],[-2.5,56.680000000004064],[-2.4400000000000013,56.680000000004064],[-2.4400000000000013,56.76000000000406],[-2.3999999999999986,56.76000000000406],[-2.3999999999999986,56.820000000004065],[-2.34,56.820000000004065],[-2.34,56.88000000000406],[-2.259999999999998,56.88000000000406],[-2.259999999999998,56.920000000004066],[-2.1999999999999993,56.920000000004066],[-2.1999999999999993,56.960000000004065],[-2.16,56.960000000004065],[-2.16,57.02000000000406],[-2.120000000000001,57.02000000000406],[-2.120000000000001,57.22000000000406],[-2.0799999999999983,57.22000000000406],[-2.0799999999999983,57.280000000004065],[-2.0199999999999996,57.280000000004065],[-2.0,57.38000000000407],[-1.8999999999999986,57.38000000000407],[-1.8999999999999986,57.44000000000406],[-1.7800000000000011,57.44000000000406],[-1.7800000000000011,57.58000000000406],[-1.8399999999999999,57.58000000000406],[-1.9400000000000013,57.66000000000406],[-2.120000000000001,57.680000000004064],[-2.879999999999999,57.66000000000406],[-2.8999999999999986,57.740000000004066],[-3.120000000000001,57.72000000000406],[-3.120000000000001,57.780000000004065],[-3.219999999999999,57.780000000004065],[-3.219999999999999,57.72000000000406],[-3.3999999999999986,57.72000000000406],[-3.3999999999999986,57.680000000004064],[-3.419999999999998,57.72000000000406],[-3.5599999999999987,57.72000000000406],[-3.5599999999999987,57.640000000004065],[-3.5799999999999983,57.740000000004066],[-3.8599999999999994,57.740000000004066],[-3.919999999999998,57.66000000000406],[-4.0,57.66000000000406],[-4.0,57.780000000004065],[-3.919999999999998,57.780000000004065],[-3.8200000000000003,57.860000000004064],[-3.780000000000001,57.820000000004065],[-3.4800000000000004,57.80000000000406],[-3.3599999999999994,57.920000000004066],[-3.1400000000000006,57.94000000000406],[-3.1400000000000006,58.000000000004064],[-3.539999999999999,58.000000000004064],[-3.5799999999999983,58.06000000000407],[-3.620000000000001,58.06000000000407],[-3.620000000000001,58.140000000004065],[-3.6799999999999997,58.140000000004065],[-3.6799999999999997,58.180000000004064],[-3.4800000000000004,58.180000000004064],[-3.5,58.280000000004065],[-3.419999999999998,58.280000000004065],[-3.419999999999998,58.34000000000407],[-3.3599999999999994,58.34000000000407],[-3.3599999999999994,58.38000000000407],[-3.0799999999999983,58.38000000000407],[-3.0799999999999983,58.62000000000406],[-3.7399999999999984,58.62000000000406],[-3.7399999999999984,58.56000000000407],[-3.84,58.54000000000406],[-5.039999999999999,58.56000000000407],[-5.039999999999999,58.44000000000406],[-5.139999999999999,58.420000000004066],[-5.139999999999999,58.240000000004066],[-5.18,58.240000000004066],[-5.18,58.34000000000407],[-5.32,58.34000000000407],[-5.32,58.26000000000406],[-5.279999999999999,58.26000000000406],[-5.279999999999999,58.100000000004066],[-5.34,58.100000000004066],[-5.34,58.180000000004064],[-5.4,58.180000000004064],[-5.379999999999999,58.02000000000406],[-5.279999999999999,58.02000000000406],[-5.279999999999999,57.98000000000406],[-5.219999999999999,57.960000000004065],[-5.219999999999999,57.88000000000407],[-5.279999999999999,57.88000000000407],[-5.279999999999999,57.960000000004065],[-5.4,58.02000000000406],[-5.48,58.04000000000406],[-5.68,58.02000000000406],[-5.68,57.94000000000406],[-5.619999999999999,57.920000000004066],[-5.619999999999999,57.860000000004064],[-5.68,57.820000000004065],[-5.76,57.820000000004065],[-5.76,57.76000000000406],[-5.719999999999999,57.76000000000406],[-5.719999999999999,57.680000000004064],[-5.779999999999999,57.66000000000406],[-5.779999999999999,57.34000000000407],[-5.84,57.360000000004064],[-5.84,57.680000000004064],[-5.779999999999999,57.680000000004064],[-5.779999999999999,57.76000000000406],[-5.84,57.80000000000406],[-5.98,57.820000000004065],[-6.08,57.820000000004065],[-6.08,57.72000000000406],[-6.119999999999999,57.72000000000406],[-6.140000000000001,57.640000000004065],[-6.26,57.62000000000406],[-6.26,57.66000000000406],[-6.379999999999999,57.66000000000406],[-6.4,57.52000000000406],[-6.640000000000001,57.52000000000406],[-6.640000000000001,57.44000000000406],[-6.68,57.44000000000406],[-6.68,57.38000000000407],[-6.58,57.38000000000407],[-6.5600000000000005,57.320000000004065],[-6.4,57.280000000004065],[-6.379999999999999,57.22000000000406],[-6.299999999999999,57.20000000000407],[-6.379999999999999,57.180000000004064],[-6.4,57.12000000000406],[-6.4399999999999995,57.12000000000406],[-6.4399999999999995,57.06000000000407],[-6.379999999999999,57.04000000000406],[-6.379999999999999,56.98000000000407],[-6.32,56.98000000000407],[-6.279999999999999,57.180000000004064],[-6.199999999999999,57.180000000004064],[-6.199999999999999,57.22000000000406],[-6.0,57.22000000000406],[-5.879999999999999,57.16000000000406],[-5.879999999999999,57.08000000000406],[-5.779999999999999,57.06000000000407],[-5.779999999999999,56.84000000000407],[-5.84,56.84000000000407],[-5.84,57.04000000000406],[-5.9,57.06000000000407],[-5.92,57.140000000004065],[-6.02,57.180000000004064],[-6.18,57.180000000004064],[-6.18,57.140000000004065],[-6.24,57.140000000004065],[-6.24,57.000000000004064],[-6.140000000000001,56.98000000000407],[-6.140000000000001,56.920000000004066],[-6.0600000000000005,56.920000000004066],[-6.0600000000000005,56.88000000000406],[-6.1,56.860000000004064],[-6.140000000000001,56.90000000000406],[-6.379999999999999,56.960000000004065],[-6.4399999999999995,56.960000000004065],[-6.459999999999999,56.88000000000406],[-6.32,56.820000000004065],[-6.299999999999999,56.780000000004065],[-6.199999999999999,56.76000000000406],[-6.1,56.76000000000406],[-6.1,56.80000000000406],[-6.0600000000000005,56.80000000000406],[-6.08,56.62000000000406],[-6.24,56.62000000000406],[-6.24,56.56000000000407],[-6.140000000000001,56.52000000000406],[-6.140000000000001,56.38000000000406],[-5.76,56.38000000000406],[-5.719999999999999,56.360000000004064],[-5.719999999999999,56.320000000004065],[-5.640000000000001,56.30000000000406],[-5.640000000000001,56.180000000004064],[-5.5600000000000005,56.16000000000406],[-5.5600000000000005,56.000000000004064],[-5.719999999999999,55.98000000000407],[-5.719999999999999,55.88000000000406],[-5.640000000000001,55.88000000000406],[-5.640000000000001,55.56000000000407],[-5.719999999999999,55.54000000000406],[-5.719999999999999,55.40000000000406],[-5.6,55.40000000000406],[-5.58,55.54000000000406],[-5.52,55.54000000000406],[-5.52,55.460000000004065],[-5.459999999999999,55.44000000000406],[-5.34,55.460000000004065],[-5.34,55.56000000000407],[-5.42,55.58000000000406],[-5.42,55.680000000004064],[-5.52,55.70000000000407],[-5.48,55.740000000004066],[-5.4399999999999995,55.740000000004066],[-5.4399999999999995,55.70000000000407],[-5.379999999999999,55.680000000004064],[-5.379999999999999,55.600000000004066],[-5.32,55.600000000004066],[-5.32,55.56000000000407],[-5.279999999999999,55.56000000000407],[-5.279999999999999,55.48000000000407],[-5.1,55.48000000000407],[-5.1,55.62000000000406],[-4.960000000000001,55.640000000004065],[-4.98,55.740000000004066],[-5.16,55.740000000004066],[-5.18,55.680000000004064],[-5.18,55.88000000000406],[-5.279999999999999,55.88000000000406],[-5.299999999999999,55.920000000004066],[-5.34,55.920000000004066],[-5.34,56.02000000000406],[-5.4,56.02000000000406],[-5.42,56.06000000000407],[-5.34,56.06000000000407],[-5.32,56.02000000000406],[-5.279999999999999,56.02000000000406],[-5.279999999999999,55.94000000000406],[-5.16,55.94000000000406],[-5.16,55.98000000000407],[-4.899999999999999,55.960000000004065],[-4.879999999999999,55.680000000004064],[-4.759999999999998,55.680000000004064],[-4.759999999999998,55.640000000004065],[-4.66,55.640000000004065],[-4.66,55.44000000000406],[-4.719999999999999,55.44000000000406],[-4.719999999999999,55.360000000004064],[-4.759999999999998,55.360000000004064],[-4.759999999999998,55.320000000004065],[-4.82,55.320000000004065],[-4.84,55.22000000000406],[-4.899999999999999,55.20000000000407],[-4.899999999999999,55.16000000000406],[-4.960000000000001,55.16000000000406],[-4.98,55.08000000000406],[-5.039999999999999,55.08000000000406],[-5.039999999999999,54.94000000000406],[-5.08,54.94000000000406],[-5.039999999999999,54.780000000004065],[-4.919999999999998,54.780000000004065],[-4.899999999999999,54.90000000000406],[-4.759999999999998,54.90000000000406],[-4.759999999999998,54.860000000004064],[-4.66,54.84000000000407],[-4.66,54.780000000004065],[-4.579999999999998,54.780000000004065],[-4.579999999999998,54.740000000004066],[-4.359999999999999,54.740000000004066],[-4.359999999999999,54.820000000004065],[-4.280000000000001,54.820000000004065],[-4.280000000000001,54.88000000000406],[-4.259999999999998,54.84000000000407],[-3.919999999999998,54.84000000000407],[-3.919999999999998,54.90000000000406],[-3.759999999999998,54.90000000000406],[-3.759999999999998,54.94000000000406],[-3.6400000000000006,54.920000000004066],[-3.5799999999999983,54.94000000000406],[-3.5799999999999983,54.98000000000407],[-3.5199999999999996,54.98000000000407],[-3.3999999999999986,54.920000000004066],[-3.3999999999999986,54.780000000004065],[-3.4800000000000004,54.76000000000406],[-3.4800000000000004,54.66000000000406],[-3.5599999999999987,54.66000000000406],[-3.5599999999999987,54.44000000000406],[-3.4800000000000004,54.44000000000406],[-3.4800000000000004,54.38000000000406],[-3.3999999999999986,54.38000000000406],[-3.3999999999999986,54.240000000004066],[-3.34,54.240000000004066],[-3.34,54.20000000000407],[-3.2399999999999984,54.20000000000407],[-3.2399999999999984,54.08000000000406],[-3.0799999999999983,54.08000000000406],[-3.0799999999999983,54.180000000004064],[-2.9800000000000004,54.180000000004064],[-2.9800000000000004,54.140000000004065],[-2.879999999999999,54.12000000000406],[-2.879999999999999,53.94000000000406],[-3.0599999999999987,53.920000000004066],[-3.0599999999999987,53.80000000000406],[-2.879999999999999,53.780000000004065],[-2.879999999999999,53.680000000004064],[-3.0599999999999987,53.66000000000406],[-3.0599999999999987,53.44000000000406],[-3.16,53.420000000004066],[-3.16,53.38000000000406],[-3.2399999999999984,53.360000000004064],[-3.2399999999999984,53.320000000004065],[-3.280000000000001,53.30000000000406],[-3.5599999999999987,53.320000000004065],[-3.5599999999999987,53.26000000000406],[-4.18,53.26000000000406],[-4.18,53.320000000004065],[-4.280000000000001,53.320000000004065],[-4.280000000000001,53.360000000004064],[-4.359999999999999,53.38000000000406],[-4.359999999999999,53.420000000004066],[-4.48,53.420000000004066],[-4.48,53.360000000004064],[-4.579999999999998,53.34000000000407],[-4.579999999999998,53.240000000004066],[-4.48,53.240000000004066],[-4.48,53.180000000004064],[-4.399999999999999,53.180000000004064],[-4.399999999999999,53.12000000000406],[-4.34,53.12000000000406],[-4.34,53.04000000000406],[-4.399999999999999,53.04000000000406],[-4.399999999999999,52.98000000000407],[-4.48,52.98000000000407],[-4.52,52.860000000004064],[-4.440000000000001,52.860000000004064],[-4.440000000000001,52.920000000004066],[-4.359999999999999,52.920000000004066],[-4.359999999999999,52.98000000000407],[-4.280000000000001,52.98000000000407],[-4.259999999999998,52.920000000004066],[-4.16,52.920000000004066],[-4.16,52.780000000004065],[-4.079999999999998,52.780000000004065],[-4.079999999999998,52.34000000000407],[-4.16,52.34000000000407],[-4.16,52.280000000004065],[-4.259999999999998,52.280000000004065],[-4.259999999999998,52.22000000000406],[-4.34,52.22000000000406],[-4.34,52.180000000004064],[-4.48,52.180000000004064],[-4.48,52.140000000004065],[-4.759999999999998,52.140000000004065],[-4.759999999999998,52.08000000000406],[-4.82,52.08000000000406],[-4.84,52.02000000000406],[-5.039999999999999,52.02000000000406],[-5.039999999999999,51.94000000000406],[-5.16,51.920000000004066],[-5.16,51.860000000004064],[-5.139999999999999,51.740000000004066],[-4.960000000000001,51.680000000004064],[-4.68,51.72000000000406],[-4.68,51.780000000004065],[-4.399999999999999,51.780000000004065],[-4.399999999999999,51.72000000000406],[-4.34,51.72000000000406],[-4.34,51.600000000004066],[-4.280000000000001,51.58000000000406],[-4.18,51.600000000004066],[-4.16,51.680000000004064],[-4.100000000000001,51.680000000004064],[-4.100000000000001,51.76000000000406],[-4.02,51.780000000004065],[-3.9800000000000004,51.76000000000406],[-3.9800000000000004,51.680000000004064],[-3.84,51.640000000004065],[-3.84,51.58000000000406],[-3.7399999999999984,51.58000000000406],[-3.7399999999999984,51.52000000000406],[-3.66,51.52000000000406],[-3.66,51.48000000000407],[-3.5599999999999987,51.48000000000407],[-3.5599999999999987,51.44000000000406],[-3.1799999999999997,51.44000000000406],[-3.1799999999999997,51.52000000000406],[-3.0799999999999983,51.52000000000406],[-3.0799999999999983,51.58000000000406],[-2.879999999999999,51.58000000000406],[-2.8599999999999994,51.640000000004065],[-2.8000000000000007,51.640000000004065],[-2.7399999999999984,51.62000000000406],[-2.7399999999999984,51.460000000004065],[-2.84,51.460000000004065],[-2.879999999999999,51.44000000000406],[-2.879999999999999,51.38000000000406],[-2.9800000000000004,51.38000000000406],[-2.9800000000000004,51.240000000004066],[-3.0599999999999987,51.22000000000406],[-3.0599999999999987,51.180000000004064],[-3.5799999999999983,51.180000000004064],[-3.5799999999999983,51.22000000000406],[-3.9800000000000004,51.22000000000406],[-3.9800000000000004,51.180000000004064],[-4.219999999999999,51.180000000004064],[-4.259999999999998,51.02000000000406],[-4.34,51.02000000000406],[-4.34,50.98000000000407],[-4.579999999999998,50.98000000000407],[-4.579999999999998,50.780000000004065],[-4.66,50.780000000004065],[-4.66,50.740000000004066],[-4.699999999999999,50.740000000004066],[-4.719999999999999,50.680000000004064],[-4.759999999999998,50.680000000004064],[-4.759999999999998,50.62000000000406],[-4.84,50.62000000000406],[-4.84,50.58000000000406],[-4.859999999999999,50.62000000000406],[-4.940000000000001,50.62000000000406],[-4.960000000000001,50.54000000000406],[-5.02,50.54000000000406],[-5.039999999999999,50.38000000000406],[-5.26,50.30000000000406],[-5.32,50.22000000000406],[-5.52,50.22000000000406],[-5.5600000000000005,50.180000000004064],[-5.640000000000001,50.180000000004064],[-5.640000000000001,50.12000000000406]],[[-5.16,55.94000000000406],[-5.139999999999999,55.80000000000406],[-4.98,55.80000000000406],[-4.98,55.84000000000407],[-4.919999999999998,55.84000000000407],[-4.919999999999998,55.94000000000406],[-5.16,55.94000000000406]],[[-5.699999999999999,50.12000000000406],[-5.699999999999999,50.04000000000406],[-5.640000000000001,50.04000000000406],[-5.640000000000001,50.12000000000406],[-5.699999999999999,50.12000000000406]],[[-6.459999999999999,58.38000000000407],[-6.58,58.320000000004065],[-6.74,58.320000000004065],[-6.76,58.280000000004065],[-6.879999999999999,58.280000000004065],[-6.879999999999999,58.22000000000406],[-7.0600000000000005,58.22000000000406],[-7.0600000000000005,58.100000000004066],[-7.08,58.16000000000406],[-7.140000000000001,58.16000000000406],[-7.140000000000001,58.02000000000406],[-7.0600000000000005,58.02000000000406],[-7.0600000000000005,57.98000000000406],[-6.879999999999999,57.98000000000406],[-6.879999999999999,57.88000000000407],[-6.92,57.88000000000407],[-6.92,57.820000000004065],[-6.84,57.820000000004065],[-6.84,57.88000000000407],[-6.699999999999999,57.88000000000407],[-6.699999999999999,57.98000000000406],[-6.52,57.98000000000406],[-6.52,58.02000000000406],[-6.42,58.02000000000406],[-6.42,58.180000000004064],[-6.34,58.180000000004064],[-6.34,58.320000000004065],[-6.279999999999999,58.34000000000407],[-6.279999999999999,58.38000000000407],[-6.199999999999999,58.38000000000407],[-6.199999999999999,58.48000000000406],[-6.299999999999999,58.48000000000406],[-6.32,58.420000000004066],[-6.459999999999999,58.420000000004066],[-6.459999999999999,58.38000000000407]],[[-6.02,58.180000000004064],[-6.02,58.100000000004066],[-5.9,58.08000000000406],[-5.9,58.180000000004064],[-6.02,58.180000000004064]],[[4.280000000000001,57.960000000004065],[4.280000000000001,58.02000000000406],[4.219999999999999,58.02000000000406],[4.219999999999999,57.960000000004065],[4.280000000000001,57.960000000004065]],[[-6.9399999999999995,57.780000000004065],[-6.9399999999999995,57.860000000004064],[-7.039999999999999,57.860000000004064],[-7.039999999999999,57.780000000004065],[-6.9399999999999995,57.780000000004065]],[[-7.279999999999999,57.66000000000406],[-7.279999999999999,57.72000000000406],[-7.359999999999999,57.72000000000406],[-7.379999999999999,57.12000000000406],[-7.279999999999999,57.12000000000406],[-7.279999999999999,57.460000000004065],[-7.26,57.52000000000406],[-7.199999999999999,57.52000000000406],[-7.199999999999999,57.640000000004065],[-7.119999999999999,57.640000000004065],[-7.119999999999999,57.680000000004064],[-7.08,57.680000000004064],[-7.08,57.740000000004066],[-7.119999999999999,57.740000000004066],[-7.119999999999999,57.84000000000407],[-7.18,57.84000000000407],[-7.199999999999999,57.72000000000406],[-7.24,57.72000000000406],[-7.24,57.66000000000406],[-7.279999999999999,57.66000000000406]],[[-7.4399999999999995,57.38000000000407],[-7.4399999999999995,57.44000000000406],[-7.5,57.44000000000406],[-7.5,57.38000000000407],[-7.4399999999999995,57.38000000000407]],[[-8.299999999999999,57.22000000000406],[-8.32,57.30000000000406],[-8.52,57.320000000004065],[-8.52,57.26000000000406],[-8.48,57.26000000000406],[-8.459999999999999,57.22000000000406],[-8.299999999999999,57.22000000000406]],[[-7.4,57.140000000004065],[-7.4,57.20000000000407],[-7.48,57.20000000000407],[-7.48,57.140000000004065],[-7.4,57.140000000004065]],[[-6.640000000000001,57.100000000004066],[-6.640000000000001,57.16000000000406],[-6.699999999999999,57.16000000000406],[-6.699999999999999,57.100000000004066],[-6.640000000000001,57.100000000004066]],[[-8.92,57.02000000000406],[-8.92,57.08000000000406],[-9.02,57.08000000000406],[-9.02,57.02000000000406],[-8.92,57.02000000000406]],[[-6.48,56.820000000004065],[-6.640000000000001,56.860000000004064],[-6.879999999999999,56.860000000004064],[-6.859999999999999,56.76000000000406],[-6.48,56.76000000000406],[-6.48,56.820000000004065]],[[-7.92,56.38000000000406],[-7.699999999999999,56.420000000004066],[-7.699999999999999,56.48000000000407],[-7.84,56.500000000004064],[-7.92,56.460000000004065],[-7.92,56.38000000000406]],[[-5.879999999999999,56.360000000004064],[-5.879999999999999,56.280000000004065],[-5.779999999999999,56.30000000000406],[-5.779999999999999,56.360000000004064],[-5.879999999999999,56.360000000004064]],[[-5.699999999999999,56.22000000000406],[-5.699999999999999,56.30000000000406],[-5.82,56.26000000000406],[-5.82,56.20000000000407],[-5.699999999999999,56.22000000000406]],[[-6.299999999999999,55.76000000000406],[-6.299999999999999,55.680000000004064],[-6.1,55.680000000004064],[-6.1,55.80000000000406],[-6.02,55.80000000000406],[-6.02,55.88000000000406],[-6.08,55.88000000000406],[-6.1,55.98000000000407],[-6.140000000000001,56.000000000004064],[-6.299999999999999,56.000000000004064],[-6.299999999999999,55.860000000004064],[-6.379999999999999,55.860000000004064],[-6.379999999999999,55.780000000004065],[-6.299999999999999,55.76000000000406]],[[-8.24,55.960000000004065],[-8.24,55.88000000000406],[-8.12,55.90000000000406],[-8.12,55.960000000004065],[-8.24,55.960000000004065]],[[-5.92,55.88000000000406],[-5.92,55.94000000000406],[-6.0,55.94000000000406],[-6.0,55.88000000000406],[-5.92,55.88000000000406]],[[-4.899999999999999,55.52000000000406],[-4.68,55.460000000004065],[-4.68,55.600000000004066],[-4.899999999999999,55.62000000000406],[-4.899999999999999,55.52000000000406]],[[-7.5,55.240000000004066],[-7.799999999999999,55.22000000000406],[-7.799999999999999,55.180000000004064],[-7.82,55.240000000004066],[-8.06,55.22000000000406],[-8.06,55.180000000004064],[-8.1,55.16000000000406],[-8.24,55.16000000000406],[-8.24,55.12000000000406],[-8.28,55.12000000000406],[-8.299999999999999,55.08000000000406],[-8.4,55.08000000000406],[-8.4,55.04000000000406],[-8.42,55.08000000000406],[-8.54,55.08000000000406],[-8.54,55.02000000000406],[-8.6,55.02000000000406],[-8.6,54.960000000004065],[-8.42,54.94000000000406],[-8.4,54.780000000004065],[-8.42,54.90000000000406],[-8.7,54.920000000004066],[-8.76,54.94000000000406],[-8.76,55.000000000004064],[-9.06,55.04000000000406],[-9.1,55.08000000000406],[-9.26,55.08000000000406],[-9.26,54.98000000000407],[-9.299999999999999,54.94000000000406],[-9.459999999999999,54.960000000004065],[-9.459999999999999,54.88000000000406],[-9.36,54.84000000000407],[-9.34,54.76000000000406],[-9.4,54.76000000000406],[-9.42,54.72000000000406],[-9.48,54.72000000000406],[-9.48,54.680000000004064],[-9.52,54.680000000004064],[-9.54,54.52000000000406],[-9.72,54.44000000000406],[-9.9,54.460000000004065],[-9.9,54.38000000000406],[-9.7,54.38000000000406],[-9.64,54.320000000004065],[-9.7,54.30000000000406],[-9.7,54.26000000000406],[-9.9,54.26000000000406],[-9.9,54.20000000000407],[-9.98,54.20000000000407],[-9.98,54.08000000000406],[-10.08,54.100000000004066],[-10.08,53.94000000000406],[-9.98,53.94000000000406],[-9.98,53.80000000000406],[-9.9,53.80000000000406],[-9.9,53.62000000000406],[-9.98,53.62000000000406],[-9.98,53.58000000000406],[-10.08,53.56000000000407],[-10.1,53.500000000004064],[-10.16,53.500000000004064],[-10.16,53.44000000000406],[-9.98,53.44000000000406],[-9.98,53.38000000000406],[-9.9,53.38000000000406],[-9.9,53.320000000004065],[-9.72,53.320000000004065],[-9.72,53.280000000004065],[-9.48,53.280000000004065],[-9.48,53.180000000004064],[-9.58,53.16000000000406],[-9.58,53.12000000000406],[-9.64,53.08000000000406],[-9.76,53.08000000000406],[-9.78,53.02000000000406],[-9.82,53.000000000004064],[-9.959999999999999,53.000000000004064],[-9.959999999999999,52.84000000000407],[-9.84,52.780000000004065],[-9.82,52.72000000000406],[-9.76,52.70000000000407],[-9.76,52.66000000000406],[-9.6,52.640000000004065],[-9.6,52.76000000000406],[-9.5,52.740000000004066],[-9.5,52.820000000004065],[-9.56,52.820000000004065],[-9.54,52.84000000000407],[-9.56,52.960000000004065],[-9.48,52.960000000004065],[-9.48,52.920000000004066],[-9.42,52.920000000004066],[-9.42,53.02000000000406],[-9.32,53.000000000004064],[-9.32,53.12000000000406],[-9.299999999999999,52.98000000000407],[-9.4,52.98000000000407],[-9.4,52.820000000004065],[-9.48,52.820000000004065],[-9.48,52.72000000000406],[-9.58,52.72000000000406],[-9.58,52.62000000000406],[-9.68,52.600000000004066],[-9.68,52.640000000004065],[-9.76,52.640000000004065],[-9.76,52.56000000000407],[-9.72,52.54000000000406],[-9.9,52.54000000000406],[-9.9,52.34000000000407],[-9.98,52.34000000000407],[-9.98,52.280000000004065],[-10.0,52.34000000000407],[-10.08,52.34000000000407],[-10.08,52.280000000004065],[-10.22,52.280000000004065],[-10.22,52.22000000000406],[-10.28,52.22000000000406],[-10.28,52.180000000004064],[-10.32,52.180000000004064],[-10.32,52.12000000000406],[-10.24,52.12000000000406],[-10.22,52.16000000000406],[-10.16,52.140000000004065],[-10.16,52.08000000000406],[-10.08,52.08000000000406],[-10.08,51.98000000000407],[-10.16,51.98000000000407],[-10.18,51.920000000004066],[-10.18,52.100000000004066],[-10.28,52.100000000004066],[-10.28,51.960000000004065],[-10.26,51.88000000000406],[-10.22,51.88000000000406],[-10.22,51.820000000004065],[-10.0,51.820000000004065],[-10.0,51.88000000000406],[-9.82,51.88000000000406],[-9.82,51.780000000004065],[-9.84,51.84000000000407],[-9.9,51.84000000000407],[-9.9,51.680000000004064],[-9.84,51.680000000004064],[-9.84,51.72000000000406],[-9.58,51.72000000000406],[-9.58,51.62000000000406],[-9.6,51.680000000004064],[-9.72,51.680000000004064],[-9.72,51.58000000000406],[-9.66,51.58000000000406],[-9.66,51.52000000000406],[-9.58,51.52000000000406],[-9.58,51.48000000000407],[-9.42,51.48000000000407],[-9.42,51.52000000000406],[-9.22,51.52000000000406],[-9.22,51.56000000000407],[-9.12,51.58000000000406],[-9.1,51.640000000004065],[-8.7,51.640000000004065],[-8.68,51.680000000004064],[-8.62,51.680000000004064],[-8.58,51.72000000000406],[-8.44,51.72000000000406],[-8.42,51.780000000004065],[-8.2,51.740000000004066],[-8.2,51.80000000000406],[-8.26,51.80000000000406],[-8.26,51.84000000000407],[-8.32,51.84000000000407],[-8.32,51.88000000000406],[-8.24,51.88000000000406],[-8.24,51.820000000004065],[-8.12,51.820000000004065],[-8.12,51.860000000004064],[-8.02,51.88000000000406],[-8.0,51.94000000000406],[-7.82,51.960000000004065],[-7.799999999999999,52.02000000000406],[-7.459999999999999,52.02000000000406],[-7.4399999999999995,52.06000000000407],[-7.379999999999999,52.08000000000406],[-7.379999999999999,52.16000000000406],[-7.5,52.16000000000406],[-7.5,52.20000000000407],[-6.82,52.22000000000406],[-6.82,52.280000000004065],[-6.76,52.280000000004065],[-6.74,52.22000000000406],[-6.66,52.240000000004066],[-6.34,52.22000000000406],[-6.34,52.280000000004065],[-6.379999999999999,52.280000000004065],[-6.34,52.30000000000406],[-6.34,52.500000000004064],[-6.32,52.54000000000406],[-6.279999999999999,52.54000000000406],[-6.279999999999999,52.58000000000406],[-6.199999999999999,52.58000000000406],[-6.199999999999999,52.88000000000406],[-6.02,52.920000000004066],[-6.039999999999999,53.06000000000407],[-6.1,53.06000000000407],[-6.1,53.26000000000406],[-6.16,53.26000000000406],[-6.16,53.40000000000406],[-6.199999999999999,53.40000000000406],[-6.16,53.44000000000406],[-6.1,53.44000000000406],[-6.1,53.56000000000407],[-6.199999999999999,53.600000000004066],[-6.199999999999999,53.780000000004065],[-6.039999999999999,53.84000000000407],[-5.48,53.84000000000407],[-5.459999999999999,53.88000000000406],[-5.34,53.88000000000406],[-5.24,53.920000000004066],[-5.219999999999999,54.000000000004064],[-5.18,54.000000000004064],[-5.16,54.12000000000406],[-5.359999999999999,54.180000000004064],[-5.699999999999999,54.180000000004064],[-5.699999999999999,54.22000000000406],[-5.92,54.240000000004066],[-5.9,54.280000000004065],[-5.6,54.280000000004065],[-5.58,54.460000000004065],[-5.539999999999999,54.460000000004065],[-5.539999999999999,54.52000000000406],[-5.699999999999999,54.56000000000407],[-5.52,54.58000000000406],[-5.52,54.66000000000406],[-5.699999999999999,54.640000000004065],[-5.699999999999999,54.70000000000407],[-5.74,54.72000000000406],[-5.84,54.72000000000406],[-5.84,54.680000000004064],[-5.92,54.66000000000406],[-5.9,54.740000000004066],[-5.779999999999999,54.76000000000406],[-5.779999999999999,54.88000000000406],[-5.9,54.90000000000406],[-5.92,54.960000000004065],[-6.02,54.98000000000407],[-6.02,55.16000000000406],[-6.26,55.16000000000406],[-6.279999999999999,55.22000000000406],[-6.5600000000000005,55.22000000000406],[-6.58,55.16000000000406],[-6.76,55.180000000004064],[-6.9399999999999995,55.16000000000406],[-6.959999999999999,55.20000000000407],[-7.02,55.22000000000406],[-7.02,55.26000000000406],[-7.16,55.26000000000406],[-7.199999999999999,55.280000000004065],[-7.199999999999999,55.320000000004065],[-7.379999999999999,55.320000000004065],[-7.379999999999999,55.280000000004065],[-7.5,55.240000000004066]],[[-4.719999999999999,54.20000000000407],[-4.719999999999999,54.140000000004065],[-4.600000000000001,54.140000000004065],[-4.600000000000001,54.20000000000407],[-4.5,54.20000000000407],[-4.5,54.240000000004066],[-4.419999999999998,54.240000000004066],[-4.419999999999998,54.280000000004065],[-4.359999999999999,54.280000000004065],[-4.359999999999999,54.360000000004064],[-4.48,54.360000000004064],[-4.48,54.320000000004065],[-4.579999999999998,54.320000000004065],[-4.579999999999998,54.26000000000406],[-4.66,54.26000000000406],[-4.66,54.20000000000407],[-4.719999999999999,54.20000000000407]],[[-9.92,53.640000000004065],[-9.92,53.740000000004066],[-9.98,53.740000000004066],[-9.98,53.640000000004065],[-9.92,53.640000000004065]],[[-13.559999999999999,53.06000000000407],[-13.66,53.04000000000406],[-13.66,52.98000000000407],[-13.559999999999999,52.98000000000407],[-13.559999999999999,53.06000000000407]],[[-13.18,52.98000000000407],[-13.18,53.04000000000406],[-13.34,53.02000000000406],[-13.34,52.960000000004065],[-13.18,52.98000000000407]],[[-13.719999999999999,52.72000000000406],[-13.620000000000001,52.70000000000407],[-13.559999999999999,52.740000000004066],[-13.36,52.740000000004066],[-13.36,52.80000000000406],[-13.42,52.84000000000407],[-13.559999999999999,52.84000000000407],[-13.620000000000001,52.90000000000406],[-13.68,52.90000000000406],[-13.74,52.88000000000406],[-13.719999999999999,52.72000000000406]],[[-9.42,52.84000000000407],[-9.42,52.90000000000406],[-9.48,52.90000000000406],[-9.48,52.84000000000407],[-9.42,52.84000000000407]],[[-4.18,52.780000000004065],[-4.18,52.90000000000406],[-4.300000000000001,52.90000000000406],[-4.300000000000001,52.780000000004065],[-4.18,52.780000000004065]],[[-9.92,52.360000000004064],[-9.92,52.420000000004066],[-9.98,52.420000000004066],[-9.98,52.360000000004064],[-9.92,52.360000000004064]],[[-11.4,51.920000000004066],[-11.379999999999999,51.84000000000407],[-11.32,51.84000000000407],[-11.34,51.960000000004065],[-11.379999999999999,51.960000000004065],[-11.379999999999999,52.000000000004064],[-11.459999999999999,52.000000000004064],[-11.459999999999999,51.94000000000406],[-11.4,51.920000000004066]],[[-10.02,51.780000000004065],[-10.16,51.780000000004065],[-10.16,51.680000000004064],[-9.92,51.740000000004066],[-9.92,51.84000000000407],[-9.98,51.84000000000407],[-9.98,51.80000000000406],[-10.02,51.780000000004065]],[[-10.9,51.70000000000407],[-10.879999999999999,51.640000000004065],[-10.66,51.640000000004065],[-10.66,51.70000000000407],[-10.72,51.70000000000407],[-10.72,51.820000000004065],[-10.959999999999999,51.80000000000406],[-10.94,51.70000000000407],[-10.9,51.70000000000407]],[[-9.82,51.680000000004064],[-9.84,51.58000000000406],[-9.74,51.58000000000406],[-9.74,51.680000000004064],[-9.82,51.680000000004064]],[[-8.76,51.48000000000407],[-8.76,51.56000000000407],[-8.799999999999999,51.56000000000407],[-8.82,51.600000000004066],[-8.98,51.600000000004066],[-8.959999999999999,51.460000000004065],[-8.76,51.48000000000407]],[[-3.0599999999999987,47.280000000004065],[-3.0599999999999987,47.34000000000407],[-3.280000000000001,47.38000000000406],[-3.280000000000001,47.320000000004065],[-3.2399999999999984,47.320000000004065],[-3.219999999999999,47.280000000004065],[-3.0599999999999987,47.280000000004065]],[[-2.5199999999999996,47.26000000000406],[-2.5199999999999996,47.360000000004064],[-2.599999999999998,47.360000000004064],[-2.599999999999998,47.26000000000406],[-2.5199999999999996,47.26000000000406]],[[-2.4800000000000004,46.680000000004064],[-2.4800000000000004,46.60000000000406],[-2.379999999999999,46.60000000000406],[-2.3999999999999986,46.680000000004064],[-2.4800000000000004,46.680000000004064]],[[-1.4400000000000013,45.820000000004065],[-1.2199999999999989,45.84000000000407],[-1.259999999999998,45.960000000004065],[-1.3599999999999994,45.960000000004065],[-1.3999999999999986,45.94000000000406],[-1.3999999999999986,45.90000000000406],[-1.4400000000000013,45.90000000000406],[-1.4400000000000013,45.820000000004065]],[[-1.1999999999999993,45.140000000004065],[-1.1999999999999993,45.20000000000407],[-1.259999999999998,45.20000000000407],[-1.259999999999998,45.140000000004065],[-1.1999999999999993,45.140000000004065]]],[[[-13.34,58.04000000000406],[-13.280000000000001,58.000000000004064],[-13.18,58.000000000004064],[-13.16,57.88000000000407],[-13.059999999999999,57.84000000000407],[-13.059999999999999,57.740000000004066],[-12.98,57.70000000000407],[-12.98,57.600000000004066],[-13.04,57.600000000004066],[-13.059999999999999,57.56000000000407],[-13.059999999999999,57.44000000000406],[-13.280000000000001,57.420000000004066],[-13.280000000000001,57.320000000004065],[-13.16,57.30000000000406],[-13.16,57.26000000000406],[-13.219999999999999,57.26000000000406],[-13.24,57.22000000000406],[-13.24,57.12000000000406],[-13.280000000000001,57.12000000000406],[-13.3,57.08000000000406],[-13.46,57.08000000000406],[-13.559999999999999,56.98000000000407],[-13.620000000000001,56.98000000000407],[-13.719999999999999,56.90000000000406],[-13.899999999999999,56.860000000004064],[-13.92,56.820000000004065],[-14.02,56.780000000004065],[-14.04,56.72000000000406],[-14.08,56.72000000000406],[-14.1,56.56000000000407],[-14.46,56.44000000000406],[-14.48,56.38000000000406],[-14.54,56.360000000004064],[-14.54,56.30000000000406],[-14.58,56.30000000000406],[-14.58,56.22000000000406],[-14.52,56.22000000000406],[-14.52,56.16000000000406],[-14.58,56.140000000004065],[-14.6,56.06000000000407],[-14.64,56.06000000000407],[-14.64,56.000000000004064],[-14.7,55.98000000000407],[-14.719999999999999,55.90000000000406],[-14.76,55.90000000000406],[-14.780000000000001,55.80000000000406],[-14.84,55.80000000000406],[-14.84,55.76000000000406],[-14.98,55.740000000004066],[-15.08,55.66000000000406],[-15.219999999999999,55.62000000000406],[-15.620000000000001,55.600000000004066],[-15.68,55.54000000000406],[-15.780000000000001,55.54000000000406],[-15.8,55.58000000000406],[-15.96,55.56000000000407],[-15.98,55.600000000004066],[-16.3,55.58000000000406],[-16.36,55.56000000000407],[-16.36,55.48000000000407],[-16.72,55.500000000004064],[-16.759999999999998,55.52000000000406],[-16.78,55.58000000000406],[-16.78,55.640000000004065],[-16.72,55.66000000000406],[-16.72,55.72000000000406],[-16.9,55.70000000000407],[-16.96,55.740000000004066],[-16.96,55.820000000004065],[-17.0,55.820000000004065],[-17.0,55.860000000004064],[-16.82,55.88000000000406],[-16.759999999999998,55.94000000000406],[-16.72,55.94000000000406],[-16.7,56.000000000004064],[-16.58,56.02000000000406],[-16.52,56.08000000000406],[-16.46,56.08000000000406],[-16.38,56.140000000004065],[-15.92,56.20000000000407],[-15.84,56.280000000004065],[-15.8,56.280000000004065],[-15.8,56.320000000004065],[-15.719999999999999,56.38000000000406],[-15.54,56.38000000000406],[-15.52,56.420000000004066],[-15.3,56.460000000004065],[-15.120000000000001,56.52000000000406],[-15.1,56.56000000000407],[-15.04,56.56000000000407],[-15.04,56.600000000004066],[-14.98,56.62000000000406],[-14.96,56.70000000000407],[-14.86,56.740000000004066],[-14.86,56.84000000000407],[-14.8,56.860000000004064],[-14.780000000000001,56.94000000000406],[-14.74,56.94000000000406],[-14.719999999999999,57.100000000004066],[-14.68,57.100000000004066],[-14.68,57.16000000000406],[-14.620000000000001,57.180000000004064],[-14.54,57.30000000000406],[-14.5,57.30000000000406],[-14.48,57.40000000000406],[-14.44,57.40000000000406],[-14.42,57.460000000004065],[-14.379999999999999,57.460000000004065],[-14.379999999999999,57.58000000000406],[-14.36,57.62000000000406],[-14.32,57.62000000000406],[-14.32,57.66000000000406],[-14.280000000000001,57.680000000004064],[-14.280000000000001,57.72000000000406],[-14.24,57.72000000000406],[-14.219999999999999,57.780000000004065],[-14.16,57.780000000004065],[-14.1,57.84000000000407],[-14.059999999999999,57.84000000000407],[-14.059999999999999,57.90000000000406],[-13.98,57.960000000004065],[-13.64,58.000000000004064],[-13.58,58.02000000000406],[-13.58,58.08000000000406],[-13.559999999999999,58.02000000000406],[-13.34,58.04000000000406]]],[[[-10.959999999999999,57.460000000004065],[-11.06,57.40000000000406],[-11.14,57.40000000000406],[-11.16,57.48000000000406],[-11.0,57.500000000004064],[-11.0,57.460000000004065],[-10.959999999999999,57.460000000004065]]],[[[3.0,58.54000000000406],[2.740000000000002,58.500000000004064],[2.719999999999999,58.56000000000407],[3.0,58.58000000000406],[3.0,58.54000000000406]]],[[[-10.02,59.280000000004065],[-9.98,59.280000000004065],[-9.98,59.140000000004065],[-10.04,59.12000000000406],[-10.28,59.12000000000406],[-10.36,59.180000000004064],[-10.459999999999999,59.20000000000407],[-10.459999999999999,59.26000000000406],[-10.24,59.280000000004065],[-10.16,59.360000000004064],[-10.04,59.34000000000407],[-10.02,59.280000000004065]]],[[[2.080000000000002,60.34000000000407],[1.9000000000000021,60.30000000000406],[1.7800000000000011,60.180000000004064],[1.6799999999999997,60.180000000004064],[1.620000000000001,60.240000000004066],[1.5599999999999987,60.240000000004066],[1.5599999999999987,60.320000000004065],[1.5199999999999996,60.320000000004065],[1.5800000000000018,60.38000000000407],[1.6799999999999997,60.40000000000406],[2.120000000000001,60.38000000000407],[2.080000000000002,60.34000000000407]]],[[[2.740000000000002,60.500000000004064],[2.740000000000002,60.44000000000406],[2.8000000000000007,60.420000000004066],[2.8000000000000007,60.38000000000407],[2.6999999999999993,60.34000000000407],[2.6799999999999997,60.280000000004065],[2.3599999999999994,60.280000000004065],[2.3599999999999994,60.320000000004065],[2.4800000000000004,60.34000000000407],[2.4800000000000004,60.40000000000406],[2.4400000000000013,60.40000000000406],[2.4200000000000017,60.44000000000406],[2.3200000000000003,60.420000000004066],[2.3200000000000003,60.460000000004065],[2.4200000000000017,60.460000000004065],[2.6000000000000014,60.54000000000406],[2.740000000000002,60.500000000004064]]],[[[-12.04,60.58000000000406],[-11.92,60.56000000000407],[-11.92,60.500000000004064],[-12.1,60.44000000000406],[-12.12,60.38000000000407],[-12.24,60.360000000004064],[-12.24,60.240000000004066],[-12.32,60.240000000004066],[-12.379999999999999,60.280000000004065],[-12.62,60.26000000000406],[-12.86,60.280000000004065],[-12.86,60.420000000004066],[-12.52,60.48000000000406],[-12.5,60.52000000000406],[-12.459999999999999,60.52000000000406],[-12.459999999999999,60.640000000004065],[-12.1,60.640000000004065],[-12.04,60.62000000000406],[-12.04,60.58000000000406]]],[[[-18.42,63.420000000004066],[-18.34,63.40000000000406],[-18.36,63.30000000000406],[-18.54,63.280000000004065],[-18.64,63.34000000000407],[-18.62,63.420000000004066],[-18.54,63.40000000000406],[-18.42,63.420000000004066]]],[[[-19.94,63.44000000000406],[-19.96,63.360000000004064],[-20.0,63.360000000004064],[-20.0,63.56000000000407],[-19.94,63.56000000000407],[-19.94,63.500000000004064],[-19.9,63.500000000004064],[-19.9,63.44000000000406],[-19.94,63.44000000000406]]],[[[-16.32,63.860000000004064],[-16.2,63.820000000004065],[-16.12,63.740000000004066],[-16.08,63.740000000004066],[-16.08,63.70000000000407],[-16.02,63.680000000004064],[-16.0,63.62000000000406],[-15.82,63.54000000000406],[-16.08,63.54000000000406],[-16.259999999999998,63.500000000004064],[-16.240000000000002,63.360000000004064],[-16.18,63.34000000000407],[-16.18,63.26000000000406],[-16.38,63.280000000004065],[-16.42,63.34000000000407],[-16.46,63.34000000000407],[-16.48,63.40000000000406],[-16.64,63.44000000000406],[-16.64,63.52000000000407],[-16.7,63.54000000000406],[-16.72,63.600000000004066],[-16.82,63.640000000004065],[-16.84,63.80000000000406],[-16.64,63.820000000004065],[-16.6,63.860000000004064],[-16.54,63.860000000004064],[-16.54,63.90000000000406],[-16.52,63.860000000004064],[-16.32,63.860000000004064]]],[[[10.7,54.780000000004065],[10.64,54.76000000000406],[10.64,54.90000000000406],[10.68,54.920000000004066],[10.720000000000002,54.90000000000406],[10.7,54.780000000004065]]],[[[11.82,54.90000000000406],[11.799999999999997,54.960000000004065],[11.82,55.02000000000406],[11.880000000000003,55.04000000000406],[11.939999999999998,55.02000000000406],[11.939999999999998,54.90000000000406],[11.82,54.90000000000406]]],[[[11.020000000000003,55.180000000004064],[11.14,55.140000000004065],[11.14,55.06000000000407],[11.020000000000003,55.04000000000406],[11.020000000000003,54.88000000000406],[10.82,54.88000000000406],[10.82,54.94000000000406],[10.780000000000001,54.94000000000406],[10.780000000000001,54.98000000000407],[10.96,54.98000000000407],[10.940000000000001,55.100000000004066],[10.84,55.12000000000406],[10.82,55.180000000004064],[10.900000000000002,55.16000000000406],[11.020000000000003,55.180000000004064]]],[[[11.14,55.38000000000406],[10.96,55.30000000000406],[10.879999999999999,55.30000000000406],[10.879999999999999,55.34000000000407],[10.96,55.38000000000406],[11.14,55.38000000000406]]],[[[10.900000000000002,56.100000000004066],[10.86,56.100000000004066],[10.84,56.06000000000407],[10.86,55.98000000000407],[11.160000000000004,55.90000000000406],[11.219999999999999,55.84000000000407],[10.900000000000002,55.88000000000406],[10.879999999999999,55.920000000004066],[10.82,55.94000000000406],[10.780000000000001,56.06000000000407],[10.68,56.100000000004066],[10.68,56.140000000004065],[10.720000000000002,56.140000000004065],[10.720000000000002,56.180000000004064],[10.900000000000002,56.180000000004064],[10.900000000000002,56.100000000004066]]],[[[8.18,56.88000000000406],[8.120000000000001,56.820000000004065],[8.080000000000002,56.820000000004065],[8.080000000000002,56.76000000000406],[8.14,56.76000000000406],[8.14,56.72000000000406],[8.060000000000002,56.640000000004065],[8.080000000000002,56.54000000000406],[8.0,56.52000000000406],[8.0,56.40000000000406],[7.879999999999999,56.44000000000406],[7.719999999999999,56.44000000000406],[7.719999999999999,56.48000000000407],[7.800000000000001,56.500000000004064],[7.800000000000001,56.56000000000407],[7.66,56.58000000000406],[7.66,56.640000000004065],[7.84,56.70000000000407],[7.84,56.780000000004065],[7.780000000000001,56.80000000000406],[7.800000000000001,56.860000000004064],[8.04,56.860000000004064],[8.16,56.88000000000406],[8.18,56.920000000004066],[8.260000000000002,56.90000000000406],[8.18,56.88000000000406]]],[[[11.64,57.04000000000406],[11.660000000000004,56.90000000000406],[11.439999999999998,56.88000000000406],[11.439999999999998,56.740000000004066],[11.380000000000003,56.76000000000406],[11.36,56.84000000000407],[11.32,56.84000000000407],[11.299999999999997,56.90000000000406],[11.240000000000002,56.920000000004066],[11.299999999999997,56.94000000000406],[11.299999999999997,57.000000000004064],[11.259999999999998,57.000000000004064],[11.299999999999997,57.02000000000406],[11.299999999999997,57.08000000000406],[11.380000000000003,57.04000000000406],[11.520000000000003,57.04000000000406],[11.619999999999997,57.100000000004066],[11.700000000000003,57.100000000004066],[11.64,57.04000000000406]]],[[[10.8,57.06000000000407],[10.780000000000001,57.02000000000406],[10.720000000000002,57.02000000000406],[10.720000000000002,56.94000000000406],[10.68,56.94000000000406],[10.580000000000002,57.02000000000406],[10.400000000000002,57.04000000000406],[10.379999999999999,57.100000000004066],[10.52,57.100000000004066],[10.5,57.22000000000406],[10.560000000000002,57.22000000000406],[10.560000000000002,57.320000000004065],[10.8,57.34000000000407],[10.84,57.320000000004065],[10.84,57.06000000000407],[10.8,57.06000000000407]]],[[[5.379999999999999,58.820000000004065],[5.34,58.820000000004065],[5.34,58.860000000004064],[5.52,58.88000000000407],[5.52,58.80000000000406],[5.379999999999999,58.780000000004065],[5.379999999999999,58.820000000004065]]],[[[4.84,59.280000000004065],[4.84,59.34000000000407],[4.879999999999999,59.360000000004064],[5.100000000000001,59.40000000000406],[5.100000000000001,59.30000000000406],[5.060000000000002,59.30000000000406],[5.060000000000002,59.26000000000406],[4.84,59.280000000004065]]],[[[4.560000000000002,61.360000000004064],[4.560000000000002,61.30000000000406],[4.300000000000001,61.320000000004065],[4.300000000000001,61.360000000004064],[4.52,61.38000000000407],[4.52,61.500000000004064],[4.600000000000001,61.48000000000406],[4.600000000000001,61.360000000004064],[4.560000000000002,61.360000000004064]]],[[[4.780000000000001,61.780000000004065],[4.780000000000001,61.740000000004066],[4.699999999999999,61.740000000004066],[4.66,61.76000000000406],[4.640000000000001,61.84000000000407],[4.719999999999999,61.88000000000407],[4.859999999999999,61.88000000000407],[4.859999999999999,61.80000000000406],[4.780000000000001,61.780000000004065]]],[[[5.16,62.280000000004065],[5.16,62.240000000004066],[5.100000000000001,62.22000000000406],[5.100000000000001,62.140000000004065],[5.080000000000002,62.180000000004064],[5.02,62.180000000004064],[5.02,62.02000000000407],[5.0,62.100000000004066],[4.900000000000002,62.12000000000406],[4.84,62.180000000004064],[4.760000000000002,62.180000000004064],[4.699999999999999,62.240000000004066],[4.699999999999999,62.280000000004065],[4.800000000000001,62.26000000000406],[5.16,62.280000000004065]]],[[[5.219999999999999,63.04000000000406],[5.359999999999999,63.06000000000407],[5.52,62.98000000000406],[5.460000000000001,62.860000000004064],[5.420000000000002,62.860000000004064],[5.420000000000002,62.740000000004066],[5.48,62.740000000004066],[5.48,62.70000000000407],[5.34,62.70000000000407],[5.359999999999999,62.62000000000406],[5.800000000000001,62.54000000000406],[5.84,62.52000000000407],[5.84,62.44000000000406],[5.620000000000001,62.460000000004065],[5.5,62.56000000000407],[5.280000000000001,62.600000000004066],[5.260000000000002,62.640000000004065],[5.100000000000001,62.680000000004064],[5.100000000000001,62.72000000000406],[4.940000000000001,62.76000000000406],[4.940000000000001,62.90000000000406],[4.780000000000001,62.90000000000406],[4.800000000000001,62.80000000000406],[4.84,62.80000000000406],[4.859999999999999,62.76000000000406],[4.359999999999999,62.76000000000406],[4.34,62.90000000000406],[4.460000000000001,62.88000000000407],[4.48,62.920000000004066],[4.52,62.920000000004066],[4.539999999999999,63.000000000004064],[4.580000000000002,63.000000000004064],[4.580000000000002,63.100000000004066],[5.02,63.08000000000406],[5.219999999999999,63.04000000000406]]],[[[7.940000000000001,63.280000000004065],[8.14,63.280000000004065],[8.14,63.240000000004066],[8.04,63.20000000000407],[7.98,63.26000000000406],[7.859999999999999,63.280000000004065],[7.879999999999999,63.320000000004065],[7.940000000000001,63.280000000004065]]],[[[8.64,63.460000000004065],[8.620000000000001,63.360000000004064],[8.420000000000002,63.40000000000406],[8.420000000000002,63.320000000004065],[8.379999999999999,63.320000000004065],[8.379999999999999,63.26000000000406],[8.3,63.280000000004065],[8.3,63.320000000004065],[8.18,63.34000000000407],[8.16,63.40000000000406],[8.18,63.460000000004065],[8.379999999999999,63.44000000000406],[8.64,63.460000000004065]]],[[[8.780000000000001,63.62000000000406],[8.780000000000001,63.66000000000406],[8.7,63.66000000000406],[8.68,63.62000000000406],[8.54,63.62000000000406],[8.54,63.66000000000406],[8.66,63.70000000000407],[8.780000000000001,63.680000000004064],[8.84,63.72000000000406],[8.920000000000002,63.70000000000407],[8.920000000000002,63.62000000000406],[8.780000000000001,63.62000000000406]]],[[[8.740000000000002,64.40000000000407],[8.64,64.36000000000406],[8.620000000000001,64.28000000000407],[8.560000000000002,64.26000000000407],[8.560000000000002,64.22000000000406],[8.32,64.22000000000406],[8.32,64.16000000000406],[8.36,64.16000000000406],[8.379999999999999,64.10000000000406],[8.48,64.06000000000407],[8.5,64.02000000000406],[8.580000000000002,64.02000000000406],[8.580000000000002,64.06000000000407],[8.68,64.06000000000407],[8.7,63.94000000000406],[8.82,63.94000000000406],[8.86,63.920000000004066],[8.86,63.88000000000407],[8.64,63.860000000004064],[8.64,63.80000000000406],[8.68,63.780000000004065],[8.54,63.80000000000406],[8.440000000000001,63.740000000004066],[8.240000000000002,63.76000000000406],[8.260000000000002,63.640000000004065],[8.3,63.62000000000406],[8.240000000000002,63.62000000000406],[8.16,63.70000000000407],[8.060000000000002,63.70000000000407],[7.859999999999999,63.780000000004065],[7.68,63.80000000000406],[7.699999999999999,63.680000000004064],[7.740000000000002,63.680000000004064],[7.740000000000002,63.640000000004065],[7.800000000000001,63.62000000000406],[7.800000000000001,63.58000000000406],[7.859999999999999,63.56000000000407],[7.859999999999999,63.460000000004065],[7.900000000000002,63.460000000004065],[7.900000000000002,63.38000000000407],[7.740000000000002,63.360000000004064],[7.719999999999999,63.40000000000406],[7.379999999999999,63.420000000004066],[7.32,63.38000000000407],[7.32,63.34000000000407],[7.280000000000001,63.34000000000407],[7.280000000000001,63.30000000000406],[7.199999999999999,63.30000000000406],[7.18,63.44000000000406],[7.240000000000002,63.460000000004065],[7.240000000000002,63.52000000000407],[7.199999999999999,63.54000000000406],[7.260000000000002,63.56000000000407],[7.260000000000002,63.740000000004066],[7.300000000000001,63.740000000004066],[7.260000000000002,63.90000000000406],[7.300000000000001,63.90000000000406],[7.32,64.00000000000406],[7.420000000000002,64.04000000000407],[7.440000000000001,64.10000000000406],[7.5,64.12000000000407],[7.5,64.16000000000406],[7.780000000000001,64.24000000000406],[7.859999999999999,64.36000000000406],[7.940000000000001,64.38000000000406],[8.740000000000002,64.46000000000406],[8.740000000000002,64.40000000000407]]],[[[9.920000000000002,63.860000000004064],[9.84,63.90000000000406],[9.879999999999999,63.920000000004066],[9.879999999999999,64.02000000000406],[10.02,64.04000000000407],[10.02,63.98000000000406],[9.920000000000002,63.960000000004065],[9.920000000000002,63.860000000004064]]],[[[11.660000000000004,64.82000000000406],[11.439999999999998,64.76000000000407],[11.420000000000002,64.82000000000406],[11.340000000000003,64.82000000000406],[11.340000000000003,64.76000000000407],[11.399999999999999,64.74000000000406],[11.200000000000003,64.72000000000406],[11.200000000000003,64.58000000000406],[11.18,64.66000000000406],[11.119999999999997,64.68000000000407],[10.86,64.66000000000406],[10.84,64.42000000000407],[10.52,64.42000000000407],[10.52,64.36000000000406],[10.46,64.36000000000406],[10.5,64.38000000000406],[10.5,64.46000000000406],[10.440000000000001,64.48000000000407],[10.36,64.48000000000407],[10.34,64.44000000000406],[10.2,64.44000000000406],[10.2,64.48000000000407],[9.940000000000001,64.46000000000406],[9.879999999999999,64.50000000000406],[9.34,64.50000000000406],[9.100000000000001,64.58000000000406],[9.100000000000001,64.74000000000406],[8.86,64.80000000000406],[8.04,64.84000000000407],[7.5,64.90000000000407],[5.02,64.94000000000406],[4.780000000000001,64.96000000000406],[4.780000000000001,65.00000000000406],[11.600000000000001,65.00000000000406],[11.600000000000001,64.92000000000407],[11.520000000000003,64.92000000000407],[11.520000000000003,64.84000000000407],[11.660000000000004,64.82000000000406]]]]}},{"type":"Feature","properties":{"threshold_kt":1.5,"atlas":"ATLNE","resolution_m":2000,"method":"max speed over 15 days hourly, all constituents","area_deg2":33.68},"geometry":{"type":"MultiPolygon","coordinates":[[[[-6.98,48.44000000000406],[-6.76,48.38000000000406],[-6.76,48.320000000004065],[-6.9,48.320000000004065],[-7.0,48.360000000004064],[-7.02,48.420000000004066],[-7.0600000000000005,48.420000000004066],[-7.0600000000000005,48.500000000004064],[-7.0,48.500000000004064],[-6.98,48.44000000000406]]],[[[-10.04,54.20000000000407],[-10.2,54.12000000000406],[-10.2,53.960000000004065],[-10.16,53.960000000004065],[-10.16,53.920000000004066],[-10.379999999999999,53.860000000004064],[-10.4,53.780000000004065],[-10.44,53.780000000004065],[-10.459999999999999,53.72000000000406],[-10.58,53.680000000004064],[-10.72,53.70000000000407],[-10.7,53.740000000004066],[-10.58,53.780000000004065],[-10.58,53.88000000000406],[-10.54,53.88000000000406],[-10.52,53.960000000004065],[-10.52,54.02000000000406],[-10.58,54.02000000000406],[-10.58,54.12000000000406],[-10.54,54.12000000000406],[-10.52,54.180000000004064],[-10.459999999999999,54.180000000004064],[-10.4,54.240000000004066],[-10.299999999999999,54.240000000004066],[-10.24,54.280000000004065],[-10.04,54.280000000004065],[-10.04,54.20000000000407]]],[[[-6.0600000000000005,56.34000000000407],[-6.119999999999999,56.320000000004065],[-6.119999999999999,56.26000000000406],[-6.359999999999999,56.280000000004065],[-6.4,56.16000000000406],[-6.52,56.180000000004064],[-6.719999999999999,56.16000000000406],[-6.719999999999999,56.22000000000406],[-6.82,56.26000000000406],[-6.76,56.30000000000406],[-6.76,56.34000000000407],[-6.719999999999999,56.34000000000407],[-6.719999999999999,56.38000000000406],[-6.52,56.38000000000406],[-6.459999999999999,56.320000000004065],[-6.379999999999999,56.320000000004065],[-6.379999999999999,56.360000000004064],[-6.32,56.360000000004064],[-6.279999999999999,56.40000000000406],[-6.140000000000001,56.40000000000406],[-6.0600000000000005,56.34000000000407]]],[[[-6.74,56.54000000000406],[-6.74,56.500000000004064],[-6.799999999999999,56.48000000000407],[-6.82,56.360000000004064],[-7.0,56.40000000000406],[-7.24,56.280000000004065],[-7.4,56.280000000004065],[-7.4,56.320000000004065],[-7.34,56.320000000004065],[-7.32,56.38000000000406],[-7.26,56.38000000000406],[-7.26,56.44000000000406],[-7.16,56.48000000000407],[-7.16,56.52000000000406],[-7.0,56.500000000004064],[-6.98,56.420000000004066],[-6.9,56.420000000004066],[-6.9,56.56000000000407],[-6.84,56.56000000000407],[-6.82,56.600000000004066],[-6.619999999999999,56.62000000000406],[-6.640000000000001,56.54000000000406],[-6.74,56.54000000000406]]],[[[-7.5600000000000005,56.80000000000406],[-7.6,56.80000000000406],[-7.619999999999999,56.72000000000406],[-7.68,56.72000000000406],[-7.68,56.640000000004065],[-7.779999999999999,56.600000000004066],[-7.82,56.600000000004066],[-7.82,56.70000000000407],[-7.879999999999999,56.72000000000406],[-7.799999999999999,56.780000000004065],[-7.799999999999999,56.860000000004064],[-7.640000000000001,56.88000000000406],[-7.619999999999999,56.920000000004066],[-7.5,56.920000000004066],[-7.5600000000000005,56.80000000000406]]],[[[-7.379999999999999,57.000000000004064],[-7.5,57.000000000004064],[-7.5,57.04000000000406],[-7.459999999999999,57.04000000000406],[-7.459999999999999,57.100000000004066],[-7.379999999999999,57.100000000004066],[-7.379999999999999,57.000000000004064]]],[[[-6.74,57.44000000000406],[-6.76,57.30000000000406],[-7.0,57.30000000000406],[-7.0,57.360000000004064],[-6.9,57.38000000000407],[-6.879999999999999,57.48000000000406],[-6.74,57.44000000000406]]],[[[-6.52,57.820000000004065],[-6.299999999999999,57.820000000004065],[-6.299999999999999,57.780000000004065],[-6.26,57.780000000004065],[-6.26,57.680000000004064],[-6.6,57.640000000004065],[-6.6,57.80000000000406],[-6.66,57.80000000000406],[-6.699999999999999,57.88000000000407],[-6.619999999999999,57.88000000000407],[-6.52,57.820000000004065]]],[[[-10.1,60.72000000000406],[-9.94,60.600000000004066],[-9.959999999999999,60.54000000000406],[-10.22,60.54000000000406],[-10.32,60.48000000000406],[-10.4,60.54000000000406],[-10.48,60.54000000000406],[-10.48,60.62000000000406],[-10.52,60.62000000000406],[-10.54,60.66000000000406],[-10.54,60.70000000000407],[-10.48,60.740000000004066],[-10.1,60.72000000000406]]],[[[-8.36,61.100000000004066],[-8.36,61.000000000004064],[-8.4,61.000000000004064],[-8.48,60.920000000004066],[-8.68,60.920000000004066],[-8.719999999999999,60.88000000000407],[-8.78,60.88000000000407],[-8.799999999999999,60.84000000000407],[-8.84,60.84000000000407],[-8.86,60.780000000004065],[-8.959999999999999,60.76000000000406],[-8.98,60.66000000000406],[-9.12,60.66000000000406],[-9.1,60.70000000000407],[-9.04,60.70000000000407],[-9.04,60.88000000000407],[-8.92,60.920000000004066],[-8.92,61.000000000004064],[-8.879999999999999,61.000000000004064],[-8.799999999999999,61.08000000000406],[-8.56,61.100000000004066],[-8.5,61.140000000004065],[-8.36,61.100000000004066]]],[[[-6.4399999999999995,61.70000000000407],[-6.52,61.62000000000406],[-6.68,61.600000000004066],[-6.699999999999999,61.54000000000406],[-6.82,61.56000000000407],[-6.84,61.62000000000406],[-7.0,61.600000000004066],[-6.98,61.500000000004064],[-6.92,61.500000000004064],[-6.92,61.460000000004065],[-6.859999999999999,61.460000000004065],[-6.82,61.420000000004066],[-6.6,61.460000000004065],[-6.26,61.44000000000406],[-6.26,61.26000000000406],[-6.199999999999999,61.240000000004066],[-6.18,61.180000000004064],[-6.119999999999999,61.180000000004064],[-6.119999999999999,61.140000000004065],[-6.0,61.08000000000406],[-6.02,61.000000000004064],[-6.140000000000001,61.000000000004064],[-6.199999999999999,60.960000000004065],[-6.18,60.72000000000406],[-6.52,60.70000000000407],[-6.6,60.600000000004066],[-6.6,60.640000000004065],[-6.699999999999999,60.680000000004064],[-6.719999999999999,60.80000000000406],[-6.879999999999999,60.84000000000407],[-6.959999999999999,61.08000000000406],[-7.0,61.08000000000406],[-7.02,61.26000000000406],[-7.0600000000000005,61.26000000000406],[-7.08,61.320000000004065],[-7.119999999999999,61.320000000004065],[-7.140000000000001,61.54000000000406],[-7.119999999999999,61.640000000004065],[-7.08,61.640000000004065],[-7.0600000000000005,61.72000000000406],[-7.02,61.740000000004066],[-6.699999999999999,61.740000000004066],[-6.5,61.820000000004065],[-6.5,61.76000000000406],[-6.459999999999999,61.76000000000406],[-6.4399999999999995,61.70000000000407]]],[[[-6.24,62.52000000000407],[-5.959999999999999,62.360000000004064],[-6.02,62.240000000004066],[-6.26,62.20000000000407],[-6.279999999999999,62.320000000004065],[-6.379999999999999,62.320000000004065],[-6.379999999999999,62.38000000000407],[-6.5,62.360000000004064],[-6.879999999999999,62.38000000000407],[-6.9399999999999995,62.320000000004065],[-7.119999999999999,62.34000000000407],[-7.18,62.320000000004065],[-7.18,62.26000000000406],[-7.24,62.26000000000406],[-7.24,62.22000000000406],[-7.359999999999999,62.22000000000406],[-7.379999999999999,62.140000000004065],[-7.4399999999999995,62.140000000004065],[-7.42,62.000000000004064],[-7.48,61.98000000000406],[-7.6,62.000000000004064],[-7.619999999999999,61.960000000004065],[-7.779999999999999,61.90000000000406],[-7.9399999999999995,61.90000000000406],[-8.04,61.860000000004064],[-8.18,61.860000000004064],[-8.299999999999999,61.90000000000406],[-8.379999999999999,61.98000000000406],[-8.5,62.000000000004064],[-8.68,62.100000000004066],[-8.7,62.140000000004065],[-8.74,62.140000000004065],[-8.74,62.180000000004064],[-8.68,62.20000000000407],[-8.68,62.30000000000406],[-8.64,62.30000000000406],[-8.62,62.360000000004064],[-8.5,62.38000000000407],[-8.48,62.420000000004066],[-8.18,62.420000000004066],[-8.18,62.460000000004065],[-8.08,62.48000000000406],[-8.06,62.54000000000406],[-7.879999999999999,62.600000000004066],[-7.74,62.56000000000407],[-7.58,62.56000000000407],[-7.459999999999999,62.58000000000406],[-7.459999999999999,62.62000000000406],[-7.4,62.66000000000406],[-7.24,62.680000000004064],[-7.18,62.640000000004065],[-7.1,62.640000000004065],[-7.0600000000000005,62.62000000000406],[-7.0600000000000005,62.58000000000406],[-7.0,62.56000000000407],[-6.640000000000001,62.56000000000407],[-6.539999999999999,62.58000000000406],[-6.52,62.640000000004065],[-6.4,62.640000000004065],[-6.34,62.66000000000406],[-6.34,62.70000000000407],[-6.299999999999999,62.70000000000407],[-6.299999999999999,62.600000000004066],[-6.26,62.600000000004066],[-6.24,62.52000000000407]]],[[[-14.08,64.26000000000407],[-14.02,64.20000000000407],[-13.92,64.20000000000407],[-13.899999999999999,64.16000000000406],[-14.18,64.18000000000407],[-14.24,64.24000000000406],[-14.280000000000001,64.24000000000406],[-14.280000000000001,64.30000000000406],[-14.16,64.30000000000406],[-14.14,64.26000000000407],[-14.08,64.26000000000407]]],[[[-14.280000000000001,64.36000000000406],[-14.54,64.34000000000407],[-14.54,64.42000000000407],[-14.399999999999999,64.42000000000407],[-14.280000000000001,64.36000000000406]]],[[[-14.04,64.72000000000406],[-13.86,64.74000000000406],[-13.86,64.80000000000406],[-13.82,64.80000000000406],[-13.8,64.86000000000406],[-13.7,64.86000000000406],[-13.7,64.92000000000407],[-13.620000000000001,64.92000000000407],[-13.620000000000001,65.00000000000406],[-12.72,65.00000000000406],[-12.72,64.94000000000406],[-12.62,64.90000000000407],[-13.04,64.94000000000406],[-13.04,64.86000000000406],[-12.92,64.80000000000406],[-12.8,64.80000000000406],[-12.74,64.74000000000406],[-12.54,64.72000000000406],[-12.5,64.68000000000407],[-12.44,64.68000000000407],[-12.42,64.62000000000407],[-12.54,64.60000000000406],[-12.56,64.54000000000407],[-12.98,64.48000000000407],[-12.98,64.42000000000407],[-12.879999999999999,64.38000000000406],[-12.879999999999999,64.34000000000407],[-13.04,64.32000000000406],[-13.04,64.20000000000407],[-13.0,64.20000000000407],[-13.0,64.14000000000406],[-13.08,64.14000000000406],[-13.18,64.18000000000407],[-13.3,64.18000000000407],[-13.32,64.24000000000406],[-13.42,64.26000000000407],[-13.44,64.32000000000406],[-13.54,64.36000000000406],[-13.559999999999999,64.42000000000407],[-13.780000000000001,64.44000000000406],[-13.92,64.40000000000407],[-14.16,64.44000000000406],[-14.18,64.60000000000406],[-13.92,64.60000000000406],[-13.92,64.66000000000406],[-14.04,64.68000000000407],[-14.04,64.72000000000406]],[[-13.82,64.66000000000406],[-13.82,64.72000000000406],[-13.92,64.72000000000406],[-13.92,64.66000000000406],[-13.82,64.66000000000406]],[[-12.959999999999999,64.74000000000406],[-12.959999999999999,64.80000000000406],[-13.04,64.80000000000406],[-13.04,64.74000000000406],[-12.959999999999999,64.74000000000406]],[[-12.9,64.56000000000407],[-12.9,64.62000000000407],[-12.98,64.62000000000407],[-12.98,64.56000000000407],[-12.9,64.56000000000407]],[[-13.399999999999999,64.38000000000406],[-13.14,64.34000000000407],[-13.120000000000001,64.44000000000406],[-13.2,64.48000000000407],[-13.399999999999999,64.46000000000406],[-13.399999999999999,64.38000000000406]]],[[[-12.34,64.90000000000407],[-12.14,64.84000000000407],[-12.14,64.72000000000406],[-12.2,64.72000000000406],[-12.2,64.80000000000406],[-12.32,64.82000000000406],[-12.34,64.90000000000407]]],[[[-1.9400000000000013,47.26000000000406],[-2.120000000000001,47.280000000004065],[-2.1799999999999997,47.24000000000406],[-2.219999999999999,47.26000000000406],[-2.1999999999999993,47.30000000000406],[-2.0599999999999987,47.34000000000407],[-1.9400000000000013,47.320000000004065],[-1.9400000000000013,47.26000000000406]]],[[[-6.5,47.640000000004065],[-6.299999999999999,47.58000000000406],[-6.299999999999999,47.54000000000406],[-6.26,47.52000000000406],[-6.42,47.500000000004064],[-6.58,47.60000000000406],[-6.5,47.640000000004065]]],[[[-2.780000000000001,47.58000000000406],[-2.780000000000001,47.54000000000406],[-2.9400000000000013,47.54000000000406],[-2.9400000000000013,47.640000000004065],[-2.879999999999999,47.640000000004065],[-2.8599999999999994,47.58000000000406],[-2.780000000000001,47.58000000000406]]],[[[-5.9,50.34000000000407],[-5.52,50.320000000004065],[-5.52,50.240000000004066],[-5.640000000000001,50.22000000000406],[-5.640000000000001,50.16000000000406],[-5.76,50.140000000004065],[-5.76,50.04000000000406],[-5.68,50.000000000004064],[-5.76,49.960000000004065],[-5.9,50.000000000004064],[-5.9,50.08000000000406],[-5.859999999999999,50.08000000000406],[-5.84,50.12000000000406],[-5.84,50.180000000004064],[-5.959999999999999,50.20000000000407],[-5.959999999999999,50.26000000000406],[-5.9,50.280000000004065],[-5.9,50.34000000000407]]],[[[-4.259999999999998,54.12000000000406],[-4.02,54.12000000000406],[-3.84,53.98000000000407],[-3.8000000000000007,53.98000000000407],[-3.780000000000001,53.94000000000406],[-3.6400000000000006,53.94000000000406],[-3.379999999999999,54.02000000000406],[-3.3599999999999994,54.06000000000407],[-3.0799999999999983,54.08000000000406],[-3.0799999999999983,54.140000000004065],[-3.0,54.12000000000406],[-2.9800000000000004,54.180000000004064],[-2.9400000000000013,53.94000000000406],[-3.16,53.90000000000406],[-3.16,53.780000000004065],[-2.9400000000000013,53.80000000000406],[-2.9400000000000013,53.66000000000406],[-3.0799999999999983,53.66000000000406],[-3.120000000000001,53.70000000000407],[-3.219999999999999,53.680000000004064],[-3.2399999999999984,53.600000000004066],[-3.219999999999999,53.56000000000407],[-3.1799999999999997,53.56000000000407],[-3.1799999999999997,53.52000000000406],[-3.2399999999999984,53.500000000004064],[-3.2399999999999984,53.44000000000406],[-3.3599999999999994,53.420000000004066],[-3.419999999999998,53.360000000004064],[-3.539999999999999,53.40000000000406],[-3.719999999999999,53.38000000000406],[-3.8000000000000007,53.320000000004065],[-3.919999999999998,53.320000000004065],[-3.9400000000000013,53.38000000000406],[-4.039999999999999,53.38000000000406],[-4.039999999999999,53.34000000000407],[-4.100000000000001,53.320000000004065],[-4.18,53.34000000000407],[-4.18,53.38000000000406],[-4.359999999999999,53.38000000000406],[-4.359999999999999,53.420000000004066],[-4.52,53.420000000004066],[-4.52,53.38000000000406],[-4.640000000000001,53.360000000004064],[-4.640000000000001,53.22000000000406],[-4.600000000000001,53.22000000000406],[-4.600000000000001,53.12000000000406],[-4.640000000000001,53.12000000000406],[-4.640000000000001,52.88000000000406],[-4.600000000000001,52.88000000000406],[-4.600000000000001,52.740000000004066],[-4.699999999999999,52.70000000000407],[-4.699999999999999,52.640000000004065],[-4.600000000000001,52.600000000004066],[-4.600000000000001,52.54000000000406],[-4.640000000000001,52.54000000000406],[-4.640000000000001,52.40000000000406],[-4.600000000000001,52.40000000000406],[-4.600000000000001,52.20000000000407],[-4.640000000000001,52.20000000000407],[-4.66,52.140000000004065],[-4.82,52.140000000004065],[-4.82,52.08000000000406],[-4.940000000000001,52.08000000000406],[-4.940000000000001,52.02000000000406],[-5.039999999999999,52.02000000000406],[-5.039999999999999,51.960000000004065],[-5.219999999999999,51.920000000004066],[-5.219999999999999,51.820000000004065],[-5.139999999999999,51.820000000004065],[-5.139999999999999,51.66000000000406],[-5.039999999999999,51.680000000004064],[-4.66,51.66000000000406],[-4.640000000000001,51.56000000000407],[-4.600000000000001,51.54000000000406],[-4.100000000000001,51.58000000000406],[-4.100000000000001,51.70000000000407],[-4.079999999999998,51.680000000004064],[-3.9800000000000004,51.70000000000407],[-3.9800000000000004,51.640000000004065],[-4.079999999999998,51.62000000000406],[-4.079999999999998,51.56000000000407],[-3.919999999999998,51.48000000000407],[-3.719999999999999,51.500000000004064],[-3.719999999999999,51.460000000004065],[-3.66,51.460000000004065],[-3.620000000000001,51.420000000004066],[-3.120000000000001,51.44000000000406],[-3.0799999999999983,51.460000000004065],[-3.0799999999999983,51.500000000004064],[-2.919999999999998,51.500000000004064],[-2.879999999999999,51.48000000000407],[-2.879999999999999,51.38000000000406],[-2.9800000000000004,51.38000000000406],[-2.9800000000000004,51.280000000004065],[-3.0599999999999987,51.280000000004065],[-3.0599999999999987,51.240000000004066],[-3.16,51.240000000004066],[-3.16,51.180000000004064],[-3.5799999999999983,51.180000000004064],[-3.5799999999999983,51.22000000000406],[-4.039999999999999,51.22000000000406],[-4.039999999999999,51.180000000004064],[-4.259999999999998,51.180000000004064],[-4.259999999999998,51.12000000000406],[-4.419999999999998,51.12000000000406],[-4.419999999999998,51.08000000000406],[-4.48,51.06000000000407],[-4.48,50.98000000000407],[-4.68,50.960000000004065],[-4.739999999999998,51.02000000000406],[-4.739999999999998,51.08000000000406],[-4.780000000000001,51.08000000000406],[-4.800000000000001,51.20000000000407],[-4.84,51.20000000000407],[-4.84,51.240000000004066],[-4.899999999999999,51.26000000000406],[-4.919999999999998,51.320000000004065],[-4.960000000000001,51.320000000004065],[-4.960000000000001,51.360000000004064],[-5.0,51.38000000000406],[-6.02,51.460000000004065],[-6.26,51.58000000000406],[-6.32,51.58000000000406],[-6.34,51.62000000000406],[-6.459999999999999,51.640000000004065],[-6.539999999999999,51.72000000000406],[-6.699999999999999,51.80000000000406],[-6.719999999999999,51.860000000004064],[-6.76,51.860000000004064],[-6.84,52.100000000004066],[-6.779999999999999,52.12000000000406],[-6.76,52.20000000000407],[-6.699999999999999,52.22000000000406],[-6.34,52.22000000000406],[-6.34,52.420000000004066],[-6.26,52.460000000004065],[-6.26,52.54000000000406],[-6.199999999999999,52.54000000000406],[-6.199999999999999,52.640000000004065],[-6.16,52.640000000004065],[-6.16,52.72000000000406],[-6.199999999999999,52.740000000004066],[-6.1,52.780000000004065],[-6.1,52.84000000000407],[-6.02,52.88000000000406],[-6.02,53.02000000000406],[-5.98,53.02000000000406],[-5.98,53.08000000000406],[-6.02,53.08000000000406],[-6.02,53.22000000000406],[-6.1,53.22000000000406],[-6.08,53.30000000000406],[-5.9,53.360000000004064],[-5.799999999999999,53.360000000004064],[-5.779999999999999,53.40000000000406],[-5.74,53.40000000000406],[-5.74,53.460000000004065],[-5.48,53.48000000000407],[-5.34,53.600000000004066],[-5.16,53.640000000004065],[-5.119999999999999,53.66000000000406],[-5.1,53.72000000000406],[-5.0,53.740000000004066],[-4.960000000000001,53.80000000000406],[-4.919999999999998,53.80000000000406],[-4.899999999999999,53.90000000000406],[-4.899999999999999,53.960000000004065],[-4.960000000000001,53.98000000000407],[-4.960000000000001,54.04000000000406],[-4.919999999999998,54.04000000000406],[-4.899999999999999,54.12000000000406],[-4.859999999999999,54.140000000004065],[-4.5,54.140000000004065],[-4.48,54.180000000004064],[-4.300000000000001,54.16000000000406],[-4.259999999999998,54.12000000000406]],[[-3.3599999999999994,53.500000000004064],[-3.3599999999999994,53.62000000000406],[-3.4800000000000004,53.640000000004065],[-3.4800000000000004,53.500000000004064],[-3.3599999999999994,53.500000000004064]]],[[[-6.640000000000001,56.02000000000406],[-6.619999999999999,55.960000000004065],[-6.459999999999999,55.920000000004066],[-6.459999999999999,55.780000000004065],[-6.4,55.780000000004065],[-6.379999999999999,55.70000000000407],[-6.299999999999999,55.70000000000407],[-6.299999999999999,55.66000000000406],[-6.18,55.680000000004064],[-6.18,55.62000000000406],[-6.140000000000001,55.62000000000406],[-6.119999999999999,55.54000000000406],[-5.98,55.52000000000406],[-5.959999999999999,55.56000000000407],[-5.76,55.600000000004066],[-5.76,55.54000000000406],[-5.719999999999999,55.54000000000406],[-5.719999999999999,55.38000000000406],[-5.58,55.40000000000406],[-5.34,55.320000000004065],[-5.32,55.280000000004065],[-5.34,55.20000000000407],[-5.379999999999999,55.20000000000407],[-5.379999999999999,55.140000000004065],[-5.139999999999999,55.04000000000406],[-5.16,54.84000000000407],[-5.1,54.80000000000406],[-4.66,54.72000000000406],[-4.539999999999999,54.740000000004066],[-4.18,54.72000000000406],[-4.0,54.740000000004066],[-4.0,54.84000000000407],[-3.8200000000000003,54.820000000004065],[-3.8200000000000003,54.90000000000406],[-3.7399999999999984,54.88000000000406],[-3.5199999999999996,54.90000000000406],[-3.460000000000001,54.84000000000407],[-3.4800000000000004,54.740000000004066],[-3.539999999999999,54.740000000004066],[-3.5599999999999987,54.62000000000406],[-3.7399999999999984,54.640000000004065],[-3.8000000000000007,54.680000000004064],[-3.960000000000001,54.66000000000406],[-3.960000000000001,54.600000000004066],[-4.02,54.600000000004066],[-4.02,54.52000000000406],[-3.960000000000001,54.500000000004064],[-3.960000000000001,54.40000000000406],[-4.079999999999998,54.34000000000407],[-4.359999999999999,54.34000000000407],[-4.48,54.38000000000406],[-4.539999999999999,54.38000000000406],[-4.539999999999999,54.34000000000407],[-4.84,54.360000000004064],[-4.859999999999999,54.420000000004066],[-4.98,54.48000000000407],[-4.98,54.54000000000406],[-5.08,54.52000000000406],[-5.16,54.44000000000406],[-5.34,54.40000000000406],[-5.379999999999999,54.360000000004064],[-5.459999999999999,54.360000000004064],[-5.539999999999999,54.40000000000406],[-5.52,54.44000000000406],[-5.48,54.44000000000406],[-5.48,54.500000000004064],[-5.52,54.500000000004064],[-5.539999999999999,54.54000000000406],[-5.52,54.66000000000406],[-5.6,54.66000000000406],[-5.6,54.70000000000407],[-5.719999999999999,54.740000000004066],[-5.719999999999999,54.80000000000406],[-5.779999999999999,54.820000000004065],[-5.779999999999999,54.90000000000406],[-5.84,54.90000000000406],[-5.859999999999999,54.94000000000406],[-5.92,54.94000000000406],[-5.92,54.98000000000407],[-6.02,55.000000000004064],[-6.02,55.16000000000406],[-6.26,55.16000000000406],[-6.279999999999999,55.22000000000406],[-6.539999999999999,55.22000000000406],[-6.539999999999999,55.26000000000406],[-6.619999999999999,55.26000000000406],[-6.68,55.22000000000406],[-6.84,55.26000000000406],[-7.140000000000001,55.26000000000406],[-7.199999999999999,55.320000000004065],[-7.379999999999999,55.34000000000407],[-7.52,55.320000000004065],[-7.640000000000001,55.40000000000406],[-7.619999999999999,55.52000000000406],[-7.58,55.52000000000406],[-7.5600000000000005,55.62000000000406],[-7.52,55.62000000000406],[-7.52,55.680000000004064],[-7.5600000000000005,55.70000000000407],[-7.52,55.70000000000407],[-7.52,55.740000000004066],[-7.459999999999999,55.76000000000406],[-7.4399999999999995,55.80000000000406],[-7.34,55.820000000004065],[-7.32,55.860000000004064],[-7.219999999999999,55.90000000000406],[-7.08,55.920000000004066],[-7.0600000000000005,55.960000000004065],[-7.0,55.960000000004065],[-6.9399999999999995,56.02000000000406],[-6.84,56.02000000000406],[-6.76,56.100000000004066],[-6.699999999999999,56.08000000000406],[-6.699999999999999,56.02000000000406],[-6.640000000000001,56.02000000000406]]],[[[-1.8399999999999999,55.80000000000406],[-1.8999999999999986,55.80000000000406],[-1.8999999999999986,55.84000000000407],[-2.0,55.84000000000407],[-2.0,55.88000000000406],[-1.8599999999999994,55.920000000004066],[-1.8200000000000003,55.76000000000406],[-1.8399999999999999,55.80000000000406]]],[[[-5.76,55.860000000004064],[-5.879999999999999,55.860000000004064],[-5.879999999999999,55.820000000004065],[-5.92,55.860000000004064],[-5.92,55.920000000004066],[-5.84,55.94000000000406],[-5.84,56.000000000004064],[-5.9,56.000000000004064],[-5.9,56.100000000004066],[-5.859999999999999,56.100000000004066],[-5.84,56.140000000004065],[-5.719999999999999,56.12000000000406],[-5.719999999999999,55.920000000004066],[-5.76,55.920000000004066],[-5.76,55.860000000004064]]],[[[-5.959999999999999,56.06000000000407],[-6.0,56.02000000000406],[-6.140000000000001,56.04000000000406],[-6.16,56.16000000000406],[-6.08,56.20000000000407],[-6.08,56.08000000000406],[-5.959999999999999,56.06000000000407]]],[[[-1.3999999999999986,57.820000000004065],[-1.1999999999999993,57.80000000000406],[-1.1799999999999997,57.72000000000406],[-1.1400000000000006,57.72000000000406],[-1.120000000000001,57.62000000000406],[-1.1400000000000006,57.58000000000406],[-1.1999999999999993,57.58000000000406],[-1.1999999999999993,57.48000000000406],[-0.8399999999999999,57.48000000000406],[-0.620000000000001,57.52000000000406],[-0.46000000000000085,57.500000000004064],[-0.46000000000000085,57.44000000000406],[-0.5799999999999983,57.44000000000406],[-0.5799999999999983,57.38000000000407],[-0.6999999999999993,57.34000000000407],[-0.6999999999999993,57.280000000004065],[-0.6400000000000006,57.26000000000406],[-0.6400000000000006,57.22000000000406],[-0.9400000000000013,57.12000000000406],[-0.9600000000000009,57.08000000000406],[-1.1400000000000006,57.06000000000407],[-1.2199999999999989,57.100000000004066],[-1.5799999999999983,57.08000000000406],[-1.5799999999999983,57.02000000000406],[-1.4600000000000009,56.98000000000407],[-1.3000000000000007,56.98000000000407],[-1.3200000000000003,56.90000000000406],[-1.4600000000000009,56.88000000000406],[-1.4600000000000009,56.820000000004065],[-1.3999999999999986,56.80000000000406],[-1.3999999999999986,56.72000000000406],[-1.4400000000000013,56.72000000000406],[-1.4600000000000009,56.66000000000406],[-1.5199999999999996,56.66000000000406],[-1.5199999999999996,56.62000000000406],[-1.5799999999999983,56.600000000004066],[-1.8200000000000003,56.600000000004066],[-1.9400000000000013,56.640000000004065],[-1.9400000000000013,56.58000000000406],[-2.0,56.58000000000406],[-2.0,56.54000000000406],[-2.039999999999999,56.54000000000406],[-2.039999999999999,56.48000000000407],[-1.9400000000000013,56.460000000004065],[-1.8200000000000003,56.500000000004064],[-1.8200000000000003,56.44000000000406],[-1.6999999999999993,56.44000000000406],[-1.6799999999999997,56.360000000004064],[-1.8399999999999999,56.38000000000406],[-1.879999999999999,56.420000000004066],[-2.1400000000000006,56.40000000000406],[-2.34,56.460000000004065],[-2.379999999999999,56.48000000000407],[-2.379999999999999,56.52000000000406],[-2.5,56.52000000000406],[-2.5,56.56000000000407],[-2.3999999999999986,56.58000000000406],[-2.3999999999999986,56.66000000000406],[-2.34,56.680000000004064],[-2.2399999999999984,56.640000000004065],[-2.039999999999999,56.640000000004065],[-2.039999999999999,56.600000000004066],[-1.9600000000000009,56.600000000004066],[-1.9600000000000009,56.680000000004064],[-2.0,56.680000000004064],[-2.0199999999999996,56.72000000000406],[-2.1999999999999993,56.740000000004066],[-2.219999999999999,56.80000000000406],[-2.259999999999998,56.80000000000406],[-2.1999999999999993,56.860000000004064],[-2.16,56.860000000004064],[-2.16,56.920000000004066],[-2.0799999999999983,56.94000000000406],[-2.0799999999999983,56.98000000000407],[-1.9800000000000004,57.000000000004064],[-1.8599999999999994,56.960000000004065],[-1.8599999999999994,56.90000000000406],[-1.8200000000000003,56.88000000000406],[-1.5199999999999996,56.860000000004064],[-1.5199999999999996,56.920000000004066],[-1.5799999999999983,56.94000000000406],[-1.5999999999999979,57.02000000000406],[-1.6400000000000006,57.02000000000406],[-1.6999999999999993,57.08000000000406],[-1.879999999999999,57.12000000000406],[-1.8999999999999986,57.16000000000406],[-1.9400000000000013,57.16000000000406],[-1.9600000000000009,57.22000000000406],[-2.0,57.22000000000406],[-2.0,57.280000000004065],[-1.8999999999999986,57.30000000000406],[-1.8999999999999986,57.360000000004064],[-1.7800000000000011,57.38000000000407],[-1.7800000000000011,57.58000000000406],[-1.8399999999999999,57.58000000000406],[-1.8999999999999986,57.62000000000406],[-1.8999999999999986,57.66000000000406],[-1.9400000000000013,57.66000000000406],[-1.879999999999999,57.780000000004065],[-1.6600000000000001,57.820000000004065],[-1.5799999999999983,57.88000000000407],[-1.4600000000000009,57.88000000000407],[-1.3999999999999986,57.820000000004065]]],[[[-6.140000000000001,58.500000000004064],[-6.279999999999999,58.48000000000406],[-6.34,58.52000000000406],[-6.34,58.56000000000407],[-6.24,58.58000000000406],[-6.140000000000001,58.54000000000406],[-6.140000000000001,58.500000000004064]]],[[[-4.940000000000001,59.06000000000407],[-4.940000000000001,59.02000000000406],[-4.899999999999999,59.02000000000406],[-4.879999999999999,58.960000000004065],[-4.84,58.960000000004065],[-4.82,58.920000000004066],[-4.759999999999998,58.920000000004066],[-4.66,58.860000000004064],[-4.539999999999999,58.860000000004064],[-4.48,58.920000000004066],[-4.300000000000001,58.920000000004066],[-4.300000000000001,59.000000000004064],[-4.32,59.04000000000406],[-4.359999999999999,59.04000000000406],[-4.379999999999999,59.100000000004066],[-4.300000000000001,59.100000000004066],[-4.259999999999998,59.02000000000406],[-4.199999999999999,59.000000000004064],[-4.219999999999999,58.780000000004065],[-4.259999999999998,58.780000000004065],[-4.300000000000001,58.70000000000407],[-4.399999999999999,58.680000000004064],[-4.419999999999998,58.58000000000406],[-4.460000000000001,58.58000000000406],[-4.460000000000001,58.54000000000406],[-4.559999999999999,58.54000000000406],[-4.559999999999999,58.58000000000406],[-5.039999999999999,58.54000000000406],[-5.34,58.56000000000407],[-5.359999999999999,58.740000000004066],[-5.299999999999999,58.740000000004066],[-5.219999999999999,58.820000000004065],[-5.0,58.780000000004065],[-5.0,58.88000000000407],[-5.039999999999999,58.88000000000407],[-5.039999999999999,59.02000000000406],[-5.1,59.04000000000406],[-5.1,59.100000000004066],[-4.940000000000001,59.06000000000407]]],[[[-2.8999999999999986,59.860000000004064],[-2.6400000000000006,59.84000000000407],[-2.599999999999998,59.88000000000407],[-2.5599999999999987,59.84000000000407],[-2.419999999999998,59.84000000000407],[-2.3599999999999994,59.820000000004065],[-2.3599999999999994,59.70000000000407],[-2.1799999999999997,59.70000000000407],[-2.1400000000000006,59.680000000004064],[-2.1400000000000006,59.62000000000406],[-1.9600000000000009,59.640000000004065],[-1.9400000000000013,59.70000000000407],[-1.8200000000000003,59.72000000000406],[-1.8200000000000003,59.62000000000406],[-1.8599999999999994,59.62000000000406],[-1.879999999999999,59.56000000000407],[-1.9199999999999982,59.56000000000407],[-1.9199999999999982,59.52000000000406],[-1.9800000000000004,59.500000000004064],[-1.9800000000000004,59.44000000000406],[-2.039999999999999,59.420000000004066],[-2.039999999999999,59.180000000004064],[-2.0599999999999987,59.140000000004065],[-2.099999999999998,59.140000000004065],[-2.099999999999998,59.100000000004066],[-2.4400000000000013,59.02000000000406],[-2.539999999999999,58.90000000000406],[-2.8599999999999994,58.920000000004066],[-2.8599999999999994,58.860000000004064],[-2.8000000000000007,58.84000000000407],[-2.8000000000000007,58.80000000000406],[-2.7399999999999984,58.780000000004065],[-2.719999999999999,58.740000000004066],[-2.5,58.76000000000406],[-2.379999999999999,58.70000000000407],[-2.379999999999999,58.58000000000406],[-2.4800000000000004,58.54000000000406],[-2.4800000000000004,58.48000000000406],[-2.379999999999999,58.460000000004065],[-2.379999999999999,58.420000000004066],[-2.419999999999998,58.420000000004066],[-2.4400000000000013,58.360000000004064],[-2.5,58.360000000004064],[-2.5,58.320000000004065],[-2.599999999999998,58.30000000000406],[-2.6799999999999997,58.22000000000406],[-2.84,58.180000000004064],[-2.879999999999999,58.180000000004064],[-2.9400000000000013,58.240000000004066],[-3.120000000000001,58.26000000000406],[-3.120000000000001,58.34000000000407],[-3.0799999999999983,58.34000000000407],[-3.0799999999999983,58.62000000000406],[-3.419999999999998,58.640000000004065],[-3.6999999999999993,58.62000000000406],[-3.8599999999999994,58.640000000004065],[-3.879999999999999,58.70000000000407],[-3.8599999999999994,58.80000000000406],[-3.6999999999999993,58.84000000000407],[-3.6799999999999997,58.88000000000407],[-3.5599999999999987,58.920000000004066],[-3.4800000000000004,58.920000000004066],[-3.4800000000000004,58.960000000004065],[-3.419999999999998,58.98000000000406],[-3.120000000000001,58.98000000000406],[-3.120000000000001,58.920000000004066],[-3.0599999999999987,58.920000000004066],[-3.0599999999999987,58.88000000000407],[-2.879999999999999,58.88000000000407],[-2.8999999999999986,59.04000000000406],[-3.0199999999999996,59.04000000000406],[-3.0199999999999996,59.08000000000406],[-3.0799999999999983,59.08000000000406],[-3.0799999999999983,59.12000000000406],[-3.3599999999999994,59.12000000000406],[-3.379999999999999,59.16000000000406],[-3.419999999999998,59.16000000000406],[-3.3200000000000003,59.20000000000407],[-3.3200000000000003,59.240000000004066],[-3.259999999999998,59.280000000004065],[-2.879999999999999,59.280000000004065],[-2.879999999999999,59.38000000000407],[-3.1799999999999997,59.40000000000406],[-3.1799999999999997,59.460000000004065],[-3.1400000000000006,59.460000000004065],[-3.1400000000000006,59.62000000000406],[-3.1799999999999997,59.62000000000406],[-3.1799999999999997,59.76000000000406],[-3.0599999999999987,59.80000000000406],[-3.0799999999999983,59.88000000000407],[-3.039999999999999,59.88000000000407],[-3.039999999999999,59.820000000004065],[-2.960000000000001,59.820000000004065],[-2.8999999999999986,59.860000000004064]],[[-2.460000000000001,59.640000000004065],[-2.4400000000000013,59.740000000004066],[-2.539999999999999,59.740000000004066],[-2.5599999999999987,59.70000000000407],[-2.599999999999998,59.70000000000407],[-2.599999999999998,59.640000000004065],[-2.460000000000001,59.640000000004065]]],[[[-2.120000000000001,60.04000000000406],[-2.16,60.02000000000406],[-2.259999999999998,60.08000000000406],[-2.3200000000000003,60.08000000000406],[-2.3200000000000003,60.140000000004065],[-2.2399999999999984,60.16000000000406],[-2.120000000000001,60.12000000000406],[-2.120000000000001,60.04000000000406]]],[[[-1.6999999999999993,60.180000000004064],[-1.6999999999999993,60.140000000004065],[-1.8000000000000007,60.100000000004066],[-2.0,60.12000000000406],[-2.0199999999999996,60.280000000004065],[-1.879999999999999,60.34000000000407],[-1.7800000000000011,60.34000000000407],[-1.759999999999998,60.38000000000407],[-1.7399999999999984,60.180000000004064],[-1.6999999999999993,60.180000000004064]]],[[[-6.119999999999999,61.76000000000406],[-6.02,61.740000000004066],[-6.0,61.680000000004064],[-6.1,61.680000000004064],[-6.32,61.820000000004065],[-6.199999999999999,61.820000000004065],[-6.119999999999999,61.76000000000406]]],[[[-1.0199999999999996,45.54000000000406],[-1.1999999999999993,45.500000000004064],[-1.1999999999999993,45.58000000000406],[-1.3200000000000003,45.60000000000406],[-1.3200000000000003,45.640000000004065],[-1.1400000000000006,45.640000000004065],[-1.1400000000000006,45.60000000000406],[-1.0199999999999996,45.60000000000406],[-1.0199999999999996,45.54000000000406]]],[[[-1.259999999999998,46.10000000000406],[-1.259999999999998,46.04000000000406],[-1.5199999999999996,46.02000000000406],[-1.5199999999999996,46.10000000000406],[-1.4800000000000004,46.10000000000406],[-1.4600000000000009,46.140000000004065],[-1.3999999999999986,46.10000000000406],[-1.259999999999998,46.10000000000406]]],[[[0.28000000000000114,49.40000000000406],[0.08000000000000185,49.360000000004064],[0.08000000000000185,49.420000000004066],[0.03999999999999915,49.420000000004066],[0.03999999999999915,49.460000000004065],[0.08000000000000185,49.460000000004065],[0.08000000000000185,49.500000000004064],[0.16000000000000014,49.460000000004065],[0.28000000000000114,49.460000000004065],[0.28000000000000114,49.40000000000406]]],[[[1.3000000000000007,51.780000000004065],[1.3000000000000007,51.820000000004065],[1.379999999999999,51.820000000004065],[1.379999999999999,51.88000000000406],[1.5199999999999996,51.920000000004066],[1.5,52.06000000000407],[1.5800000000000018,52.04000000000406],[1.5800000000000018,52.12000000000406],[1.6400000000000006,52.140000000004065],[1.6400000000000006,52.320000000004065],[1.740000000000002,52.34000000000407],[1.740000000000002,52.72000000000406],[1.6999999999999993,52.72000000000406],[1.6999999999999993,52.780000000004065],[1.620000000000001,52.780000000004065],[1.620000000000001,52.820000000004065],[1.5,52.820000000004065],[1.5,52.88000000000406],[1.4200000000000017,52.88000000000406],[1.4200000000000017,52.920000000004066],[1.1999999999999993,52.90000000000406],[1.1999999999999993,52.98000000000407],[1.1400000000000006,53.000000000004064],[1.0199999999999996,52.960000000004065],[0.9400000000000013,52.98000000000407],[0.9400000000000013,53.06000000000407],[0.9000000000000021,53.08000000000406],[0.8000000000000007,53.08000000000406],[0.7800000000000011,53.04000000000406],[0.7199999999999989,53.04000000000406],[0.7199999999999989,53.08000000000406],[0.5,53.06000000000407],[0.3200000000000003,53.12000000000406],[0.33999999999999986,53.420000000004066],[0.21999999999999886,53.420000000004066],[0.21999999999999886,53.56000000000407],[0.16000000000000014,53.58000000000406],[0.14000000000000057,53.62000000000406],[0.14000000000000057,53.76000000000406],[0.08000000000000185,53.76000000000406],[0.10000000000000142,53.860000000004064],[0.03999999999999915,53.88000000000406],[0.0,53.98000000000407],[-0.09999999999999787,54.02000000000406],[-0.120000000000001,54.140000000004065],[-0.17999999999999972,54.140000000004065],[-0.17999999999999972,54.240000000004066],[-0.35999999999999943,54.280000000004065],[-0.35999999999999943,54.360000000004064],[-0.46000000000000085,54.360000000004064],[-0.46000000000000085,54.44000000000406],[-0.5399999999999991,54.460000000004065],[-0.5399999999999991,54.52000000000406],[-0.6999999999999993,54.54000000000406],[-0.7399999999999984,54.62000000000406],[-0.8399999999999999,54.600000000004066],[-0.8599999999999994,54.740000000004066],[-0.8000000000000007,54.76000000000406],[-0.7800000000000011,54.820000000004065],[-0.7199999999999989,54.820000000004065],[-0.7199999999999989,54.860000000004064],[-0.6400000000000006,54.88000000000406],[-0.5799999999999983,54.860000000004064],[-0.5799999999999983,54.820000000004065],[-0.3000000000000007,54.820000000004065],[-0.16000000000000014,54.88000000000406],[-0.03999999999999915,54.88000000000406],[-0.019999999999999574,54.780000000004065],[0.21999999999999886,54.680000000004064],[0.21999999999999886,54.640000000004065],[0.3000000000000007,54.58000000000406],[0.6000000000000014,54.56000000000407],[0.6000000000000014,54.52000000000406],[0.7199999999999989,54.460000000004065],[0.8399999999999999,54.48000000000407],[0.8399999999999999,54.52000000000406],[0.879999999999999,54.52000000000406],[0.879999999999999,54.66000000000406],[0.9600000000000009,54.72000000000406],[1.0199999999999996,54.72000000000406],[1.0199999999999996,54.62000000000406],[1.1999999999999993,54.640000000004065],[1.240000000000002,54.680000000004064],[1.3200000000000003,54.66000000000406],[1.3399999999999999,54.62000000000406],[1.5199999999999996,54.62000000000406],[1.5399999999999991,54.58000000000406],[1.5800000000000018,54.58000000000406],[1.6000000000000014,54.52000000000406],[1.6600000000000001,54.52000000000406],[1.6600000000000001,54.22000000000406],[1.6999999999999993,54.22000000000406],[1.7199999999999989,54.180000000004064],[1.8000000000000007,54.180000000004064],[1.8599999999999994,54.22000000000406],[2.0,54.20000000000407],[1.9000000000000021,54.180000000004064],[1.879999999999999,54.12000000000406],[1.8399999999999999,54.12000000000406],[1.8200000000000003,54.02000000000406],[1.7199999999999989,53.98000000000407],[1.7199999999999989,53.920000000004066],[1.8200000000000003,53.920000000004066],[1.8200000000000003,53.860000000004064],[1.879999999999999,53.84000000000407],[1.9000000000000021,53.80000000000406],[1.5800000000000018,53.740000000004066],[1.4600000000000009,53.62000000000406],[1.3399999999999999,53.600000000004066],[1.3399999999999999,53.54000000000406],[1.5599999999999987,53.58000000000406],[1.6400000000000006,53.640000000004065],[1.9200000000000017,53.640000000004065],[1.9400000000000013,53.680000000004064],[2.039999999999999,53.70000000000407],[2.1799999999999997,53.680000000004064],[2.3599999999999994,53.72000000000406],[2.5,53.70000000000407],[2.6000000000000014,53.76000000000406],[2.66,53.76000000000406],[2.719999999999999,53.820000000004065],[2.780000000000001,53.820000000004065],[2.8000000000000007,53.860000000004064],[2.900000000000002,53.860000000004064],[2.8599999999999994,53.80000000000406],[2.8200000000000003,53.80000000000406],[2.8000000000000007,53.72000000000406],[2.7600000000000016,53.72000000000406],[2.6400000000000006,53.62000000000406],[2.5199999999999996,53.600000000004066],[2.5199999999999996,53.54000000000406],[2.5,53.62000000000406],[2.379999999999999,53.62000000000406],[2.379999999999999,53.58000000000406],[2.3200000000000003,53.56000000000407],[2.34,53.44000000000406],[2.4400000000000013,53.460000000004065],[2.6400000000000006,53.44000000000406],[2.6400000000000006,53.320000000004065],[2.740000000000002,53.280000000004065],[2.8599999999999994,53.280000000004065],[2.900000000000002,53.26000000000406],[2.900000000000002,53.180000000004064],[2.960000000000001,53.16000000000406],[3.1400000000000006,53.180000000004064],[3.1999999999999993,53.12000000000406],[3.8000000000000007,53.08000000000406],[4.039999999999999,53.000000000004064],[4.140000000000001,53.000000000004064],[4.16,53.06000000000407],[4.400000000000002,53.08000000000406],[4.420000000000002,53.140000000004065],[4.460000000000001,53.140000000004065],[4.48,53.240000000004066],[4.719999999999999,53.20000000000407],[4.719999999999999,53.12000000000406],[4.68,53.12000000000406],[4.68,53.02000000000406],[4.719999999999999,53.02000000000406],[4.740000000000002,52.860000000004064],[4.620000000000001,52.860000000004064],[4.600000000000001,52.780000000004065],[4.560000000000002,52.780000000004065],[4.560000000000002,52.72000000000406],[4.600000000000001,52.72000000000406],[4.600000000000001,52.52000000000406],[4.5,52.52000000000406],[4.5,52.360000000004064],[4.420000000000002,52.38000000000406],[4.420000000000002,52.30000000000406],[4.300000000000001,52.320000000004065],[4.280000000000001,52.16000000000406],[4.219999999999999,52.16000000000406],[4.18,52.140000000004065],[4.18,52.100000000004066],[4.120000000000001,52.100000000004066],[4.100000000000001,52.02000000000406],[4.0,52.02000000000406],[4.0,51.94000000000406],[3.879999999999999,51.920000000004066],[3.8599999999999994,51.80000000000406],[3.7600000000000016,51.80000000000406],[3.7600000000000016,51.740000000004066],[3.5600000000000023,51.740000000004066],[3.539999999999999,51.640000000004065],[3.6000000000000014,51.640000000004065],[3.6000000000000014,51.58000000000406],[3.3200000000000003,51.58000000000406],[3.3000000000000007,51.54000000000406],[3.1999999999999993,51.52000000000406],[3.1799999999999997,51.420000000004066],[3.3000000000000007,51.40000000000406],[3.2600000000000016,51.38000000000406],[3.2600000000000016,51.34000000000407],[3.219999999999999,51.38000000000406],[3.1400000000000006,51.38000000000406],[3.1400000000000006,51.320000000004065],[3.0199999999999996,51.34000000000407],[3.0,51.280000000004065],[2.879999999999999,51.30000000000406],[2.879999999999999,51.240000000004066],[2.8000000000000007,51.240000000004066],[2.7600000000000016,51.20000000000407],[2.740000000000002,51.240000000004066],[2.6799999999999997,51.240000000004066],[2.6400000000000006,51.16000000000406],[2.5599999999999987,51.16000000000406],[2.5599999999999987,51.100000000004066],[2.4400000000000013,51.140000000004065],[2.4400000000000013,51.02000000000406],[2.379999999999999,51.02000000000406],[2.379999999999999,51.08000000000406],[2.3200000000000003,51.12000000000406],[2.219999999999999,51.12000000000406],[2.219999999999999,51.04000000000406],[2.0599999999999987,51.02000000000406],[2.0,51.000000000004064],[2.0,50.960000000004065],[1.9000000000000021,50.960000000004065],[1.6000000000000014,50.860000000004064],[1.6000000000000014,50.72000000000406],[1.5800000000000018,50.640000000004065],[1.5399999999999991,50.640000000004065],[1.5199999999999996,50.40000000000406],[1.4600000000000009,50.40000000000406],[1.4600000000000009,50.360000000004064],[1.4000000000000021,50.34000000000407],[1.379999999999999,50.280000000004065],[1.1600000000000001,50.22000000000406],[1.1600000000000001,50.16000000000406],[1.2199999999999989,50.140000000004065],[1.2199999999999989,50.100000000004066],[1.2600000000000016,50.100000000004066],[1.2600000000000016,50.02000000000406],[1.1600000000000001,50.02000000000406],[1.1400000000000006,49.98000000000407],[1.1000000000000014,49.98000000000407],[1.1000000000000014,49.94000000000406],[1.0800000000000018,49.960000000004065],[1.0199999999999996,49.960000000004065],[0.9800000000000004,49.920000000004066],[0.9000000000000021,49.94000000000406],[0.8399999999999999,49.90000000000406],[0.8399999999999999,49.860000000004064],[0.740000000000002,49.88000000000406],[0.740000000000002,49.84000000000407],[0.4800000000000004,49.80000000000406],[0.46000000000000085,49.76000000000406],[0.17999999999999972,49.680000000004064],[0.16000000000000014,49.62000000000406],[0.10000000000000142,49.62000000000406],[0.10000000000000142,49.58000000000406],[0.05999999999999872,49.58000000000406],[0.05999999999999872,49.52000000000406],[0.0,49.56000000000407],[-0.14000000000000057,49.56000000000407],[-0.21999999999999886,49.48000000000407],[-0.28000000000000114,49.48000000000407],[-0.3200000000000003,49.360000000004064],[-0.5599999999999987,49.38000000000406],[-0.5599999999999987,49.34000000000407],[-0.6400000000000006,49.360000000004064],[-0.6999999999999993,49.320000000004065],[-0.6999999999999993,49.38000000000406],[-0.8399999999999999,49.38000000000406],[-0.8999999999999986,49.34000000000407],[-0.9199999999999982,49.38000000000406],[-0.9600000000000009,49.38000000000406],[-0.9800000000000004,49.44000000000406],[-1.0999999999999979,49.44000000000406],[-1.0999999999999979,49.48000000000407],[-1.1999999999999993,49.500000000004064],[-1.2199999999999989,49.62000000000406],[-1.2800000000000011,49.62000000000406],[-1.2800000000000011,49.66000000000406],[-1.3399999999999999,49.680000000004064],[-1.3999999999999986,49.66000000000406],[-1.5599999999999987,49.680000000004064],[-1.5799999999999983,49.640000000004065],[-1.879999999999999,49.66000000000406],[-1.879999999999999,49.58000000000406],[-1.8599999999999994,49.54000000000406],[-1.8200000000000003,49.54000000000406],[-1.8200000000000003,49.40000000000406],[-1.7399999999999984,49.38000000000406],[-1.7399999999999984,49.280000000004065],[-1.6999999999999993,49.280000000004065],[-1.6999999999999993,49.22000000000406],[-1.620000000000001,49.22000000000406],[-1.6999999999999993,49.180000000004064],[-1.6999999999999993,49.100000000004066],[-1.6400000000000006,49.06000000000407],[-1.6799999999999997,49.06000000000407],[-1.6999999999999993,49.000000000004064],[-1.7399999999999984,49.000000000004064],[-1.7399999999999984,48.920000000004066],[-1.6999999999999993,48.920000000004066],[-1.6799999999999997,48.74000000000406],[-1.5199999999999996,48.74000000000406],[-1.5199999999999996,48.66000000000406],[-1.6400000000000006,48.66000000000406],[-1.6400000000000006,48.70000000000407],[-1.6999999999999993,48.680000000004064],[-1.879999999999999,48.70000000000407],[-1.9199999999999982,48.66000000000406],[-2.0599999999999987,48.680000000004064],[-2.099999999999998,48.66000000000406],[-2.099999999999998,48.62000000000407],[-2.1400000000000006,48.680000000004064],[-2.3200000000000003,48.66000000000406],[-2.3599999999999994,48.62000000000407],[-2.379999999999999,48.66000000000406],[-2.5,48.66000000000406],[-2.5199999999999996,48.70000000000407],[-2.719999999999999,48.70000000000407],[-2.7399999999999984,48.66000000000406],[-2.8200000000000003,48.66000000000406],[-2.8200000000000003,48.72000000000406],[-2.9400000000000013,48.74000000000406],[-2.9400000000000013,48.820000000004065],[-3.0199999999999996,48.80000000000406],[-3.0199999999999996,48.84000000000407],[-2.960000000000001,48.84000000000407],[-2.960000000000001,48.90000000000406],[-3.2399999999999984,48.90000000000406],[-3.419999999999998,48.84000000000407],[-3.419999999999998,48.780000000004065],[-3.620000000000001,48.80000000000406],[-3.620000000000001,48.76000000000406],[-3.719999999999999,48.780000000004065],[-3.7399999999999984,48.680000000004064],[-3.8200000000000003,48.680000000004064],[-3.8200000000000003,48.72000000000406],[-4.199999999999999,48.72000000000406],[-4.199999999999999,48.680000000004064],[-4.359999999999999,48.70000000000407],[-4.359999999999999,48.66000000000406],[-4.539999999999999,48.640000000004065],[-4.579999999999998,48.62000000000407],[-4.579999999999998,48.58000000000406],[-4.699999999999999,48.58000000000406],[-4.699999999999999,48.54000000000406],[-4.82,48.500000000004064],[-4.82,48.44000000000406],[-4.759999999999998,48.44000000000406],[-4.780000000000001,48.30000000000406],[-4.98,48.34000000000407],[-5.039999999999999,48.30000000000406],[-5.039999999999999,48.26000000000406],[-5.139999999999999,48.22000000000406],[-5.139999999999999,48.180000000004064],[-5.219999999999999,48.180000000004064],[-5.219999999999999,48.100000000004066],[-5.039999999999999,48.08000000000406],[-5.0,48.12000000000407],[-4.940000000000001,48.12000000000407],[-4.940000000000001,48.06000000000407],[-4.899999999999999,48.04000000000406],[-4.84,48.04000000000406],[-4.84,48.08000000000406],[-4.800000000000001,48.100000000004066],[-4.719999999999999,48.100000000004066],[-4.699999999999999,48.02000000000406],[-4.66,48.02000000000406],[-4.66,47.98000000000407],[-4.699999999999999,47.98000000000407],[-4.699999999999999,47.94000000000406],[-4.759999999999998,47.90000000000406],[-4.879999999999999,47.90000000000406],[-5.1,47.84000000000407],[-5.24,47.860000000004064],[-5.34,47.94000000000406],[-5.459999999999999,47.960000000004065],[-5.459999999999999,48.000000000004064],[-5.699999999999999,48.04000000000406],[-5.74,48.100000000004066],[-5.799999999999999,48.12000000000407],[-6.02,48.08000000000406],[-6.039999999999999,48.16000000000406],[-6.08,48.180000000004064],[-6.140000000000001,48.180000000004064],[-6.119999999999999,48.04000000000406],[-6.16,48.04000000000406],[-6.219999999999999,48.100000000004066],[-6.199999999999999,48.16000000000406],[-6.16,48.16000000000406],[-6.199999999999999,48.360000000004064],[-6.26,48.38000000000406],[-6.279999999999999,48.420000000004066],[-6.379999999999999,48.40000000000406],[-6.459999999999999,48.44000000000406],[-6.48,48.54000000000406],[-6.52,48.54000000000406],[-6.4399999999999995,48.56000000000407],[-6.379999999999999,48.500000000004064],[-6.279999999999999,48.500000000004064],[-6.279999999999999,48.56000000000407],[-6.32,48.56000000000407],[-6.34,48.640000000004065],[-6.379999999999999,48.66000000000406],[-6.26,48.680000000004064],[-6.279999999999999,48.80000000000406],[-6.219999999999999,48.820000000004065],[-6.219999999999999,48.90000000000406],[-6.26,48.90000000000406],[-6.26,48.94000000000406],[-6.08,49.02000000000406],[-5.92,49.02000000000406],[-5.9,49.16000000000406],[-5.799999999999999,49.180000000004064],[-5.779999999999999,49.240000000004066],[-5.74,49.26000000000406],[-5.640000000000001,49.26000000000406],[-5.539999999999999,49.34000000000407],[-5.48,49.34000000000407],[-5.459999999999999,49.40000000000406],[-5.34,49.44000000000406],[-5.34,49.56000000000407],[-5.299999999999999,49.56000000000407],[-5.279999999999999,49.600000000004066],[-5.299999999999999,49.780000000004065],[-5.359999999999999,49.80000000000406],[-5.34,50.000000000004064],[-5.16,49.98000000000407],[-5.16,50.02000000000406],[-5.02,50.02000000000406],[-5.02,49.98000000000407],[-4.98,49.98000000000407],[-4.960000000000001,49.94000000000406],[-4.940000000000001,49.84000000000407],[-4.84,49.820000000004065],[-4.780000000000001,49.76000000000406],[-4.600000000000001,49.72000000000406],[-4.419999999999998,49.740000000004066],[-4.300000000000001,49.72000000000406],[-4.059999999999999,49.820000000004065],[-4.059999999999999,49.90000000000406],[-4.039999999999999,49.94000000000406],[-4.0,49.94000000000406],[-3.9800000000000004,50.02000000000406],[-3.9800000000000004,50.180000000004064],[-3.9400000000000013,50.180000000004064],[-3.9400000000000013,50.22000000000406],[-3.8599999999999994,50.280000000004065],[-3.620000000000001,50.26000000000406],[-3.620000000000001,50.34000000000407],[-3.5,50.34000000000407],[-3.5,50.38000000000406],[-3.3999999999999986,50.34000000000407],[-3.0799999999999983,50.38000000000406],[-3.0599999999999987,50.420000000004066],[-2.8999999999999986,50.44000000000406],[-2.879999999999999,50.48000000000407],[-2.8200000000000003,50.48000000000407],[-2.7399999999999984,50.56000000000407],[-2.6799999999999997,50.56000000000407],[-2.6400000000000006,50.600000000004066],[-2.5,50.58000000000406],[-2.5,50.62000000000406],[-2.419999999999998,50.62000000000406],[-2.419999999999998,50.54000000000406],[-2.34,50.54000000000406],[-2.16,50.56000000000407],[-2.1400000000000006,50.600000000004066],[-2.0,50.58000000000406],[-2.0,50.62000000000406],[-1.879999999999999,50.62000000000406],[-1.8399999999999999,50.66000000000406],[-1.4600000000000009,50.640000000004065],[-1.4600000000000009,50.600000000004066],[-1.1600000000000001,50.62000000000406],[-1.0999999999999979,50.66000000000406],[-0.9600000000000009,50.66000000000406],[-0.9199999999999982,50.70000000000407],[-0.8000000000000007,50.72000000000406],[-0.759999999999998,50.680000000004064],[-0.6999999999999993,50.680000000004064],[-0.6600000000000001,50.72000000000406],[-0.5399999999999991,50.72000000000406],[-0.5199999999999996,50.76000000000406],[-0.4800000000000004,50.76000000000406],[-0.4800000000000004,50.80000000000406],[-0.46000000000000085,50.740000000004066],[-0.17999999999999972,50.70000000000407],[0.0,50.740000000004066],[0.26000000000000156,50.740000000004066],[0.26000000000000156,50.80000000000406],[0.3200000000000003,50.80000000000406],[0.3200000000000003,50.860000000004064],[0.35999999999999943,50.84000000000407],[0.35999999999999943,50.780000000004065],[0.7800000000000011,50.780000000004065],[0.7800000000000011,50.820000000004065],[0.8399999999999999,50.84000000000407],[0.8399999999999999,50.90000000000406],[0.6999999999999993,50.920000000004066],[0.7199999999999989,50.98000000000407],[0.7600000000000016,50.98000000000407],[0.7600000000000016,51.04000000000406],[0.7800000000000011,50.98000000000407],[0.879999999999999,50.98000000000407],[0.9000000000000021,51.100000000004066],[1.0399999999999991,51.100000000004066],[1.0399999999999991,51.02000000000406],[1.120000000000001,51.02000000000406],[1.1799999999999997,51.04000000000406],[1.1799999999999997,51.12000000000406],[1.3000000000000007,51.12000000000406],[1.3000000000000007,51.180000000004064],[1.4200000000000017,51.180000000004064],[1.4200000000000017,51.40000000000406],[1.240000000000002,51.38000000000406],[1.240000000000002,51.420000000004066],[1.0800000000000018,51.420000000004066],[0.9000000000000021,51.48000000000407],[0.9000000000000021,51.56000000000407],[1.0,51.56000000000407],[1.0199999999999996,51.600000000004066],[1.1999999999999993,51.58000000000406],[1.1999999999999993,51.500000000004064],[1.3200000000000003,51.52000000000406],[1.3200000000000003,51.58000000000406],[1.240000000000002,51.58000000000406],[1.240000000000002,51.740000000004066],[1.1999999999999993,51.740000000004066],[1.1999999999999993,51.780000000004065],[1.3000000000000007,51.780000000004065]],[[1.3200000000000003,51.460000000004065],[1.5,51.500000000004064],[1.5,51.56000000000407],[1.379999999999999,51.600000000004066],[1.379999999999999,51.54000000000406],[1.3200000000000003,51.52000000000406],[1.3200000000000003,51.460000000004065]],[[1.4800000000000004,54.26000000000406],[1.4800000000000004,54.20000000000407],[1.5599999999999987,54.20000000000407],[1.5599999999999987,54.30000000000406],[1.620000000000001,54.320000000004065],[1.620000000000001,54.38000000000406],[1.4000000000000021,54.38000000000406],[1.379999999999999,54.320000000004065],[1.3399999999999999,54.320000000004065],[1.3399999999999999,54.26000000000406],[1.4800000000000004,54.26000000000406]],[[1.2800000000000011,54.240000000004066],[1.1400000000000006,54.140000000004065],[1.1400000000000006,54.100000000004066],[1.1000000000000014,54.100000000004066],[1.0800000000000018,53.98000000000407],[1.4400000000000013,53.98000000000407],[1.4400000000000013,54.04000000000406],[1.3200000000000003,54.04000000000406],[1.3200000000000003,54.100000000004066],[1.3599999999999994,54.100000000004066],[1.379999999999999,54.180000000004064],[1.4200000000000017,54.180000000004064],[1.4200000000000017,54.240000000004066],[1.2800000000000011,54.240000000004066]],[[1.0199999999999996,54.06000000000407],[1.0199999999999996,54.16000000000406],[0.9200000000000017,54.140000000004065],[0.9200000000000017,54.08000000000406],[1.0199999999999996,54.06000000000407]],[[-2.0599999999999987,49.140000000004065],[-2.0799999999999983,49.240000000004066],[-2.1999999999999993,49.22000000000406],[-2.1799999999999997,49.140000000004065],[-2.0599999999999987,49.140000000004065]]],[[[5.080000000000002,53.360000000004064],[5.039999999999999,53.40000000000406],[4.98,53.40000000000406],[4.900000000000002,53.320000000004065],[4.900000000000002,53.26000000000406],[5.060000000000002,53.30000000000406],[5.060000000000002,53.26000000000406],[4.98,53.240000000004066],[4.98,53.20000000000407],[4.900000000000002,53.20000000000407],[4.900000000000002,53.12000000000406],[4.960000000000001,53.100000000004066],[4.98,53.06000000000407],[4.98,52.94000000000406],[5.02,52.94000000000406],[4.940000000000001,52.920000000004066],[4.940000000000001,52.960000000004065],[4.900000000000002,52.960000000004065],[4.879999999999999,53.04000000000406],[4.84,53.04000000000406],[4.82,53.08000000000406],[4.84,53.240000000004066],[4.699999999999999,53.26000000000406],[4.699999999999999,53.320000000004065],[4.760000000000002,53.38000000000406],[4.879999999999999,53.38000000000406],[4.900000000000002,53.44000000000406],[5.02,53.44000000000406],[5.080000000000002,53.48000000000407],[5.120000000000001,53.48000000000407],[5.120000000000001,53.40000000000406],[5.219999999999999,53.40000000000406],[5.219999999999999,53.360000000004064],[5.080000000000002,53.360000000004064]]],[[[6.760000000000002,53.48000000000407],[6.68,53.460000000004065],[6.68,53.640000000004065],[6.760000000000002,53.640000000004065],[6.760000000000002,53.48000000000407]]],[[[2.379999999999999,53.80000000000406],[2.2600000000000016,53.80000000000406],[2.2600000000000016,53.84000000000407],[2.3599999999999994,53.88000000000406],[2.379999999999999,53.94000000000406],[2.4400000000000013,53.94000000000406],[2.4400000000000013,53.88000000000406],[2.400000000000002,53.88000000000406],[2.379999999999999,53.80000000000406]]],[[[8.84,53.80000000000406],[8.719999999999999,53.860000000004064],[8.740000000000002,53.94000000000406],[8.8,53.960000000004065],[8.920000000000002,53.94000000000406],[8.920000000000002,53.80000000000406],[8.84,53.80000000000406]]],[[[8.64,54.100000000004066],[8.740000000000002,54.100000000004066],[8.760000000000002,54.16000000000406],[8.740000000000002,54.04000000000406],[8.560000000000002,54.04000000000406],[8.54,53.98000000000407],[8.420000000000002,53.960000000004065],[8.420000000000002,53.90000000000406],[8.379999999999999,53.90000000000406],[8.36,53.820000000004065],[8.260000000000002,53.80000000000406],[8.240000000000002,53.76000000000406],[8.18,53.740000000004066],[8.18,53.66000000000406],[8.260000000000002,53.66000000000406],[8.3,53.62000000000406],[8.16,53.600000000004066],[8.16,53.70000000000407],[8.060000000000002,53.680000000004064],[8.060000000000002,53.740000000004066],[7.940000000000001,53.740000000004066],[7.98,53.76000000000406],[8.0,53.820000000004065],[8.100000000000001,53.820000000004065],[8.18,53.88000000000406],[8.280000000000001,53.90000000000406],[8.3,53.960000000004065],[8.34,53.960000000004065],[8.34,54.02000000000406],[8.280000000000001,54.04000000000406],[8.280000000000001,54.12000000000406],[8.46,54.140000000004065],[8.46,54.26000000000406],[8.600000000000001,54.26000000000406],[8.600000000000001,54.140000000004065],[8.64,54.100000000004066]]],[[[8.620000000000001,54.44000000000406],[8.64,54.360000000004064],[8.36,54.360000000004064],[8.36,54.460000000004065],[8.620000000000001,54.44000000000406]]],[[[8.379999999999999,54.90000000000406],[8.36,54.48000000000407],[8.240000000000002,54.52000000000406],[8.3,54.70000000000407],[8.34,54.70000000000407],[8.34,54.90000000000406],[8.379999999999999,54.90000000000406]]],[[[-1.379999999999999,55.66000000000406],[-1.1799999999999997,55.640000000004065],[-1.1799999999999997,55.54000000000406],[-1.3599999999999994,55.44000000000406],[-1.5399999999999991,55.44000000000406],[-1.5999999999999979,55.48000000000407],[-1.5799999999999983,55.62000000000406],[-1.7199999999999989,55.62000000000406],[-1.7800000000000011,55.66000000000406],[-1.759999999999998,55.72000000000406],[-1.6600000000000001,55.72000000000406],[-1.6400000000000006,55.780000000004065],[-1.5999999999999979,55.780000000004065],[-1.5799999999999983,55.820000000004065],[-1.3599999999999994,55.820000000004065],[-1.379999999999999,55.66000000000406]]],[[[-1.1400000000000006,59.98000000000406],[-1.259999999999998,59.960000000004065],[-1.259999999999998,59.860000000004064],[-1.1799999999999997,59.84000000000407],[-1.1999999999999993,59.80000000000406],[-1.2399999999999984,59.80000000000406],[-1.259999999999998,59.740000000004066],[-1.3599999999999994,59.70000000000407],[-1.3999999999999986,59.640000000004065],[-1.5599999999999987,59.56000000000407],[-1.5599999999999987,59.48000000000406],[-1.5199999999999996,59.460000000004065],[-1.5599999999999987,59.460000000004065],[-1.5799999999999983,59.40000000000406],[-1.7199999999999989,59.38000000000407],[-1.6400000000000006,59.460000000004065],[-1.5799999999999983,59.460000000004065],[-1.5999999999999979,59.54000000000406],[-1.6600000000000001,59.54000000000406],[-1.6400000000000006,59.640000000004065],[-1.5799999999999983,59.66000000000406],[-1.5799999999999983,59.72000000000406],[-1.6600000000000001,59.76000000000406],[-1.6400000000000006,59.860000000004064],[-1.5199999999999996,59.920000000004066],[-1.379999999999999,59.920000000004066],[-1.379999999999999,59.98000000000406],[-1.4600000000000009,59.98000000000406],[-1.4600000000000009,60.02000000000406],[-1.259999999999998,60.02000000000406],[-1.2800000000000011,60.08000000000406],[-1.259999999999998,60.20000000000407],[-1.1999999999999993,60.20000000000407],[-1.1999999999999993,60.02000000000406],[-1.1400000000000006,59.98000000000406]]],[[[-0.8599999999999994,60.960000000004065],[-0.620000000000001,60.88000000000407],[-0.620000000000001,60.84000000000407],[-0.6799999999999997,60.80000000000406],[-0.9800000000000004,60.860000000004064],[-0.9600000000000009,60.920000000004066],[-0.8599999999999994,60.960000000004065]]],[[[8.5,63.90000000000406],[8.54,63.90000000000406],[8.560000000000002,63.860000000004064],[8.48,63.84000000000407],[8.46,63.920000000004066],[8.36,63.960000000004065],[8.34,64.02000000000406],[8.420000000000002,64.02000000000406],[8.420000000000002,63.98000000000406],[8.48,63.98000000000406],[8.5,63.90000000000406]]],[[[11.219999999999999,64.96000000000406],[11.14,64.88000000000406],[11.079999999999998,64.86000000000406],[11.0,64.90000000000407],[10.5,64.90000000000407],[10.32,64.94000000000406],[10.280000000000001,64.96000000000406],[10.280000000000001,65.00000000000406],[11.32,65.00000000000406],[11.32,64.96000000000406],[11.219999999999999,64.96000000000406]]]]}}]}