{"type":"FeatureCollection","features":[{"type":"Feature","properties":{"kind":"negligible","area_deg2":421.45},"geometry":{"type":"MultiPolygon","coordinates":[[[[-14.261,26.446],[-14.099,26.486],[-14.099,26.608],[-14.018,26.608],[-14.018,26.648],[-14.099,26.648],[-14.099,26.77],[-14.059,26.77],[-14.099,26.851],[-14.18,26.851],[-14.18,26.77],[-14.261,26.77],[-14.261,26.689],[-14.383,26.689],[-14.383,26.81],[-14.302,26.81],[-14.302,26.972],[-14.221,26.972],[-14.221,27.053],[-14.18,27.053],[-14.14,27.134],[-14.221,27.175],[-14.221,27.215],[-14.261,27.215],[-14.261,27.256],[-14.383,27.256],[-14.423,27.175],[-14.747,27.175],[-14.747,27.134],[-14.909,27.134],[-14.909,27.175],[-14.95,27.175],[-14.95,27.256],[-15.152,27.256],[-15.152,27.418],[-15.112,27.418],[-15.071,27.58],[-14.828,27.58],[-14.828,27.499],[-14.666,27.499],[-14.666,27.58],[-14.788,27.58],[-14.788,27.701],[-14.747,27.701],[-14.747,27.742],[-14.626,27.742],[-14.585,27.823],[-14.423,27.823],[-14.423,27.701],[-14.383,27.701],[-14.383,27.661],[-14.261,27.661],[-14.261,27.701],[-14.221,27.701],[-14.221,27.863],[-14.099,27.863],[-14.099,27.823],[-14.059,27.823],[-14.059,27.742],[-13.978,27.742],[-13.978,27.701],[-13.816,27.661],[-13.816,27.539],[-13.978,27.539],[-13.978,27.499],[-14.018,27.499],[-14.018,27.418],[-14.059,27.418],[-14.059,27.377],[-14.018,27.377],[-14.018,27.256],[-13.978,27.256],[-13.978,27.215],[-13.776,27.215],[-13.776,27.256],[-13.573,27.256],[-13.573,27.296],[-13.411,27.296],[-13.411,27.256],[-13.37,27.256],[-13.35,27.296],[-13.35,27.26],[-13.4,27.2],[-13.501,26.858],[-13.62,26.689],[-13.924,26.501],[-14.18,26.424],[-14.299,26.302],[-14.383,26.27],[-14.302,26.324],[-14.302,26.365],[-14.261,26.365],[-14.261,26.446]],[[-13.978,26.932],[-13.978,26.851],[-13.856,26.851],[-13.856,26.932],[-13.776,26.932],[-13.776,26.972],[-13.856,26.972],[-13.856,27.013],[-13.978,27.013],[-13.978,27.053],[-14.059,27.053],[-14.059,26.972],[-13.978,26.932]]],[[[-15.517,26.972],[-15.719,26.972],[-15.719,27.013],[-15.8,27.013],[-15.8,27.094],[-15.881,27.094],[-15.881,27.256],[-16.003,27.256],[-16.003,27.296],[-16.246,27.256],[-16.246,27.215],[-16.327,27.175],[-16.327,27.094],[-16.448,27.094],[-16.489,27.175],[-16.57,27.175],[-16.57,27.337],[-16.489,27.377],[-16.489,27.458],[-16.529,27.458],[-16.529,27.499],[-16.61,27.499],[-16.61,27.539],[-16.651,27.539],[-16.651,27.499],[-16.772,27.499],[-16.772,27.661],[-16.732,27.661],[-16.732,27.782],[-16.408,27.782],[-16.408,27.742],[-16.367,27.742],[-16.367,27.661],[-16.327,27.661],[-16.286,27.58],[-16.125,27.58],[-16.125,27.62],[-16.084,27.62],[-16.084,27.661],[-16.003,27.661],[-15.962,27.742],[-15.8,27.782],[-15.8,27.873],[-15.716,27.782],[-15.76,27.782],[-15.76,27.499],[-15.679,27.458],[-15.638,27.296],[-15.558,27.296],[-15.517,27.215],[-15.476,27.215],[-15.476,27.013],[-15.517,27.013],[-15.517,26.972]]],[[[-17.542,27.58],[-17.461,27.58],[-17.461,27.701],[-17.582,27.701],[-17.582,27.823],[-17.38,27.823],[-17.38,27.863],[-17.096,27.863],[-17.137,27.62],[-17.096,27.62],[-17.056,27.539],[-17.015,27.539],[-17.015,27.418],[-17.056,27.418],[-17.056,27.337],[-17.137,27.296],[-17.137,27.256],[-17.299,27.256],[-17.339,27.337],[-17.663,27.337],[-17.663,27.377],[-17.744,27.377],[-17.744,27.499],[-17.582,27.499],[-17.542,27.58]]],[[[-18.068,27.693],[-18.023,27.661],[-18.068,27.661],[-18.068,27.693]]],[[[-17.965,27.687],[-17.906,27.769],[-17.906,27.701],[-17.947,27.701],[-17.947,27.661],[-17.965,27.687]]],[[[-18.057,27.756],[-18.068,27.823],[-17.991,27.823],[-18.057,27.756]]],[[[-15.45,27.782],[-15.435,27.808],[-15.395,27.827],[-15.395,27.782],[-15.45,27.782]]],[[[-16.448,28.066],[-16.5,28.066],[-16.427,28.15],[-16.448,28.066]]],[[[-14.14,28.187],[-14.14,28.147],[-14.227,28.147],[-14.119,28.2],[-14.062,28.2],[-14.14,28.187]]],[[[-15.708,28.082],[-15.719,28.066],[-15.719,28.187],[-15.598,28.187],[-15.598,28.349],[-15.476,28.349],[-15.476,28.15],[-15.706,28.167],[-15.708,28.082]]],[[[-15.725,28.057],[-15.751,28.05],[-15.719,28.066],[-15.725,28.057]]],[[[-13.9,28.3],[-13.879,28.3],[-13.897,28.228],[-13.9,28.227],[-13.9,28.3]]],[[[-14.261,28.39],[-14.18,28.39],[-14.15,28.45],[-14.173,28.35],[-14.2,28.35],[-14.214,28.235],[-14.302,28.157],[-14.302,28.228],[-14.383,28.228],[-14.383,28.309],[-14.464,28.309],[-14.464,28.511],[-14.343,28.511],[-14.343,28.471],[-14.261,28.471],[-14.261,28.39]]],[[[-14.14,28.471],[-14.109,28.471],[-14.15,28.45],[-14.14,28.471]]],[[[-16.57,28.411],[-16.57,28.43],[-16.499,28.43],[-16.57,28.411]]],[[[-16.25,28.4],[-16.25,28.459],[-16.205,28.501],[-16.205,28.39],[-16.344,28.39],[-16.25,28.4]]],[[[-16.489,28.437],[-16.489,28.471],[-16.446,28.471],[-16.489,28.437]]],[[[-17.906,28.511],[-17.906,28.581],[-17.88,28.544],[-17.875,28.511],[-17.906,28.511]]],[[[-14.99,28.633],[-14.869,28.633],[-14.869,28.511],[-14.99,28.511],[-14.99,28.633]]],[[[-13.839,28.39],[-13.8,28.7],[-13.865,28.744],[-13.937,28.754],[-13.776,28.754],[-13.776,28.714],[-13.694,28.714],[-13.694,28.592],[-13.776,28.592],[-13.776,28.552],[-13.816,28.552],[-13.816,28.39],[-13.839,28.39]]],[[[-17.75,28.701],[-17.744,28.707],[-17.744,28.511],[-17.803,28.511],[-17.75,28.55],[-17.75,28.701]]],[[[-15.355,28.795],[-15.193,28.795],[-15.193,28.673],[-15.355,28.673],[-15.355,28.795]]],[[[-14.747,28.511],[-14.788,28.511],[-14.788,28.754],[-14.747,28.754],[-14.747,28.795],[-14.666,28.795],[-14.626,28.876],[-14.666,28.876],[-14.666,28.916],[-14.747,28.916],[-14.747,29.038],[-14.585,29.038],[-14.585,28.997],[-14.423,28.997],[-14.423,28.957],[-14.343,28.957],[-14.343,28.795],[-14.261,28.795],[-14.221,28.714],[-14.099,28.714],[-14.099,28.673],[-14.006,28.696],[-14.018,28.65],[-14.05,28.65],[-14.05,28.569],[-14.092,28.5],[-14.221,28.511],[-14.261,28.592],[-14.464,28.592],[-14.464,28.633],[-14.504,28.633],[-14.504,28.43],[-14.747,28.471],[-14.747,28.511]]],[[[-17.704,28.714],[-17.738,28.714],[-17.744,28.876],[-17.623,28.876],[-17.623,28.754],[-17.704,28.754],[-17.704,28.714]]],[[[-13.735,28.835],[-13.856,28.835],[-13.856,28.859],[-13.775,28.84],[-13.703,28.9],[-13.735,28.835]]],[[[-13.591,28.95],[-13.532,28.95],[-13.532,28.916],[-13.6,28.916],[-13.591,28.95]]],[[[-13.418,29.209],[-13.459,29.24],[-13.411,29.24],[-13.45,29.006],[-13.454,29.15],[-13.418,29.209]]],[[[-14.099,29.2],[-14.14,29.2],[-14.14,29.24],[-14.221,29.24],[-14.221,29.281],[-14.261,29.281],[-14.261,29.362],[-14.343,29.402],[-14.383,29.483],[-14.423,29.483],[-14.464,29.564],[-14.504,29.564],[-14.504,29.645],[-14.545,29.645],[-14.545,29.767],[-14.423,29.767],[-14.423,29.686],[-14.383,29.686],[-14.383,29.645],[-14.302,29.605],[-14.261,29.524],[-14.14,29.524],[-14.14,29.483],[-14.059,29.443],[-14.059,29.402],[-14.018,29.402],[-13.978,29.24],[-13.897,29.24],[-13.897,29.159],[-13.816,29.159],[-13.816,29.119],[-13.654,29.119],[-13.654,29.159],[-13.573,29.159],[-13.573,29.2],[-13.532,29.2],[-13.532,29.228],[-13.517,29.226],[-13.496,29.24],[-13.483,29.24],[-13.526,29.15],[-13.6,29.134],[-13.8,29.05],[-13.873,28.876],[-13.937,28.876],[-13.937,28.997],[-13.978,28.997],[-13.978,29.038],[-14.018,29.038],[-14.059,29.119],[-14.099,29.119],[-14.099,29.2]]],[[[-16.165,29.686],[-15.881,29.686],[-15.881,29.726],[-15.8,29.726],[-15.8,29.767],[-15.679,29.767],[-15.679,29.888],[-15.76,29.888],[-15.76,30.01],[-15.598,30.01],[-15.598,29.969],[-15.395,29.969],[-15.395,29.726],[-15.355,29.726],[-15.355,29.564],[-15.395,29.564],[-15.395,29.483],[-15.558,29.483],[-15.558,29.402],[-15.598,29.402],[-15.598,29.362],[-15.719,29.362],[-15.76,29.281],[-15.8,29.281],[-15.8,29.24],[-15.76,29.24],[-15.76,29.2],[-15.679,29.159],[-15.638,29.078],[-15.558,29.078],[-15.558,28.997],[-15.436,28.997],[-15.436,28.957],[-15.395,28.957],[-15.395,28.835],[-15.598,28.835],[-15.598,28.876],[-15.76,28.876],[-15.76,28.835],[-16.044,28.835],[-16.084,28.916],[-16.125,28.916],[-16.125,29.038],[-16.246,29.038],[-16.286,29.119],[-16.327,29.119],[-16.327,29.281],[-16.408,29.321],[-16.408,29.443],[-16.165,29.443],[-16.165,29.483],[-16.044,29.483],[-16.044,29.443],[-15.881,29.443],[-15.881,29.564],[-16.165,29.564],[-16.165,29.686]],[[-15.881,29.078],[-15.881,29.2],[-16.125,29.2],[-16.125,29.159],[-16.084,29.159],[-16.084,29.078],[-15.881,29.078]]],[[[-14.707,30.05],[-14.707,29.888],[-14.909,29.888],[-14.909,29.929],[-14.99,29.929],[-14.99,29.969],[-15.071,29.969],[-15.071,30.091],[-14.99,30.091],[-14.99,30.131],[-14.788,30.131],[-14.788,30.05],[-14.707,30.05]]],[[[-17.461,30.698],[-17.744,30.698],[-17.744,30.82],[-17.623,30.82],[-17.623,30.86],[-17.582,30.86],[-17.542,30.941],[-17.339,30.941],[-17.299,30.86],[-17.056,30.86],[-17.056,30.82],[-16.813,30.82],[-16.772,30.739],[-16.651,30.739],[-16.651,30.698],[-16.57,30.698],[-16.529,30.617],[-16.489,30.617],[-16.489,30.577],[-16.448,30.577],[-16.408,30.496],[-16.367,30.496],[-16.367,30.293],[-16.327,30.293],[-16.327,30.253],[-16.165,30.253],[-16.165,30.01],[-16.327,30.01],[-16.367,30.091],[-16.489,30.091],[-16.529,30.172],[-16.57,30.172],[-16.57,30.253],[-16.61,30.253],[-16.61,30.374],[-16.691,30.374],[-16.691,30.415],[-16.853,30.415],[-16.894,30.334],[-17.177,30.334],[-17.177,30.212],[-17.258,30.212],[-17.258,30.091],[-17.38,30.091],[-17.461,30.253],[-17.582,30.253],[-17.582,30.455],[-17.461,30.455],[-17.461,30.496],[-17.38,30.496],[-17.38,30.536],[-17.42,30.536],[-17.42,30.617],[-17.461,30.617],[-17.461,30.698]]],[[[-14.707,30.82],[-14.585,30.82],[-14.585,30.698],[-14.707,30.698],[-14.707,30.82]]],[[[-14.828,30.86],[-14.828,30.982],[-14.707,30.982],[-14.707,30.86],[-14.828,30.86]]],[[[-14.464,31.103],[-14.545,31.144],[-14.545,31.184],[-14.747,31.184],[-14.747,31.306],[-14.707,31.306],[-14.707,31.346],[-14.585,31.346],[-14.585,31.387],[-14.423,31.387],[-14.423,31.346],[-14.383,31.346],[-14.343,31.265],[-14.221,31.265],[-14.221,31.306],[-14.059,31.306],[-14.059,31.184],[-13.978,31.184],[-13.978,31.103],[-13.937,31.103],[-13.937,30.982],[-14.343,30.982],[-14.383,31.063],[-14.464,31.063],[-14.464,31.103]]],[[[-18.149,31.549],[-18.028,31.549],[-18.028,31.427],[-18.149,31.427],[-18.149,31.549]]],[[[-16.125,32.197],[-16.165,32.278],[-16.246,32.278],[-16.246,32.318],[-16.286,32.318],[-16.286,32.399],[-16.327,32.399],[-16.327,32.521],[-16.286,32.521],[-16.286,32.885],[-16.125,32.885],[-16.125,32.521],[-16.084,32.521],[-16.084,32.44],[-16.003,32.44],[-16.003,32.399],[-15.922,32.359],[-15.922,32.318],[-15.881,32.318],[-15.881,32.197],[-15.922,32.197],[-15.922,32.156],[-16.044,32.156],[-16.044,32.197],[-16.125,32.197]]],[[[-16.732,32.74],[-16.732,32.683],[-16.791,32.683],[-16.732,32.74]]],[[[-17.175,32.723],[-17.218,32.723],[-17.218,32.754],[-17.175,32.723]]],[[[-16.448,32.966],[-16.651,32.966],[-16.651,32.926],[-16.732,32.926],[-16.732,32.767],[-16.85,32.806],[-16.85,32.85],[-17.05,32.85],[-17.05,32.813],[-17.138,32.845],[-17.096,32.845],[-17.096,32.885],[-16.934,32.885],[-16.894,32.966],[-16.772,32.966],[-16.772,33.088],[-16.691,33.088],[-16.691,33.128],[-16.489,33.128],[-16.489,33.088],[-16.448,33.088],[-16.448,32.966]]],[[[-14.383,34.667],[-14.545,34.667],[-14.545,34.829],[-14.343,34.829],[-14.343,34.708],[-14.383,34.708],[-14.383,34.667]]],[[[-15.436,35.315],[-15.395,35.315],[-15.395,35.153],[-15.517,35.153],[-15.558,35.234],[-15.598,35.234],[-15.598,35.356],[-15.436,35.356],[-15.436,35.315]]],[[[-14.909,35.356],[-14.666,35.356],[-14.666,35.234],[-14.909,35.234],[-14.909,35.356]]],[[[-15.679,36.085],[-15.679,36.206],[-15.638,36.206],[-15.638,36.247],[-15.517,36.247],[-15.517,36.085],[-15.679,36.085]]],[[[-14.788,36.49],[-14.909,36.49],[-14.909,36.53],[-14.99,36.53],[-14.99,36.571],[-15.031,36.571],[-15.031,36.692],[-14.99,36.692],[-14.99,36.733],[-14.869,36.733],[-14.869,36.692],[-14.788,36.692],[-14.788,36.652],[-14.707,36.652],[-14.707,36.53],[-14.788,36.53],[-14.788,36.49]]],[[[-13.978,37.705],[-13.937,37.705],[-13.937,37.583],[-14.221,37.583],[-14.221,37.624],[-14.261,37.624],[-14.261,37.745],[-14.099,37.745],[-14.099,37.907],[-13.978,37.907],[-13.978,37.705]]],[[[-13.937,38.191],[-13.816,38.191],[-13.816,37.948],[-13.937,37.948],[-13.937,38.191]]],[[[-14.383,39.568],[-14.302,39.568],[-14.302,39.608],[-14.14,39.649],[-14.14,39.689],[-14.099,39.689],[-14.099,39.77],[-13.978,39.77],[-13.978,39.649],[-14.018,39.649],[-14.018,39.527],[-14.059,39.527],[-14.059,39.487],[-14.221,39.487],[-14.221,39.446],[-14.302,39.446],[-14.343,39.365],[-14.545,39.365],[-14.545,39.284],[-14.504,39.284],[-14.504,39.244],[-14.221,39.244],[-14.221,39.122],[-14.302,39.122],[-14.302,39.082],[-14.261,39.082],[-14.261,39.001],[-14.221,39.001],[-14.221,38.96],[-14.14,38.96],[-14.14,38.839],[-14.383,38.839],[-14.383,38.92],[-14.423,38.92],[-14.464,39.001],[-14.545,39.001],[-14.545,39.082],[-14.585,39.082],[-14.585,39.122],[-14.626,39.122],[-14.666,39.203],[-14.828,39.203],[-14.828,39.325],[-14.788,39.325],[-14.788,39.487],[-14.423,39.487],[-14.383,39.568]]],[[[-13.897,39.325],[-13.856,39.325],[-13.856,39.487],[-13.776,39.527],[-13.776,39.608],[-13.694,39.608],[-13.694,39.689],[-13.573,39.689],[-13.573,39.446],[-13.532,39.446],[-13.532,39.325],[-13.33,39.325],[-13.33,39.203],[-13.532,39.203],[-13.532,39.122],[-13.613,39.122],[-13.654,38.96],[-13.776,38.96],[-13.776,39.203],[-13.897,39.203],[-13.897,39.325]]],[[[-13.776,40.0],[-13.33,40.0],[-13.33,39.892],[-13.37,39.892],[-13.37,39.811],[-13.654,39.811],[-13.694,39.892],[-13.776,39.892],[-13.776,40.0]]],[[[-22.651,63.0],[-22.975,63.0],[-22.975,63.094],[-22.772,63.094],[-22.772,63.053],[-22.651,63.053],[-22.651,63.0]]],[[[-19.937,63.499],[-19.93,63.539],[-19.63,63.51],[-19.63,63.48],[-19.57,63.48],[-19.57,63.45],[-19.51,63.45],[-19.51,63.42],[-19.21,63.42],[-19.33,63.418],[-19.33,63.377],[-19.249,63.377],[-19.249,63.337],[-19.127,63.337],[-19.127,63.296],[-18.884,63.296],[-18.844,63.215],[-18.722,63.215],[-18.722,63.053],[-18.763,63.053],[-18.763,63.013],[-18.884,63.0],[-19.492,63.0],[-19.492,63.134],[-19.573,63.134],[-19.573,63.215],[-19.694,63.215],[-19.694,63.337],[-19.614,63.337],[-19.614,63.377],[-19.573,63.377],[-19.573,63.458],[-19.816,63.458],[-19.816,63.499],[-19.937,63.499]]],[[[-17.74,63.69],[-17.716,63.69],[-17.74,63.641],[-17.74,63.69]]],[[[-17.386,63.742],[-17.588,63.742],[-17.588,63.701],[-17.674,63.701],[-17.663,63.724],[-17.56,63.75],[-17.468,63.761],[-17.386,63.773],[-17.386,63.742]]],[[[-20.667,63.743],[-20.666,63.742],[-20.909,63.742],[-20.944,63.81],[-20.89,63.81],[-20.89,63.75],[-20.701,63.75],[-20.667,63.743]]],[[[-20.65,63.736],[-20.65,63.701],[-20.666,63.742],[-20.65,63.736]]],[[[-17.224,63.78],[-17.224,63.742],[-17.345,63.742],[-17.345,63.779],[-17.224,63.78]]],[[[-17.166,63.809],[-17.143,63.785],[-17.2,63.782],[-17.2,63.798],[-17.166,63.809]]],[[[-22.15,63.823],[-22.39,63.823],[-22.385,63.84],[-22.15,63.823]]],[[[-21.962,63.84],[-21.82,63.84],[-21.962,63.823],[-21.962,63.84]]],[[[-21.13,63.823],[-21.61,63.823],[-21.28,63.87],[-21.28,63.84],[-21.13,63.823]]],[[[-16.252,63.985],[-16.325,63.985],[-16.27,63.99],[-16.252,64.022],[-16.252,63.985]]],[[[-22.084,64.268],[-22.084,64.312],[-22.03,64.26],[-21.97,64.26],[-21.97,64.23],[-22.09,64.14],[-22.09,64.11],[-22.18,64.11],[-22.21,64.05],[-22.286,64.08],[-22.286,64.228],[-22.165,64.228],[-22.165,64.268],[-22.084,64.268]]],[[[-22.24,64.44],[-22.21,64.38],[-22.12,64.38],[-22.12,64.355],[-22.327,64.39],[-22.3,64.5],[-22.27,64.5],[-22.27,64.44],[-22.24,64.44]]],[[[-22.448,64.5],[-22.39,64.5],[-22.39,64.471],[-22.448,64.471],[-22.448,64.5]]],[[[-22.6,64.68],[-22.6,64.59],[-22.45,64.552],[-22.489,64.552],[-22.489,64.511],[-22.732,64.552],[-22.732,64.673],[-22.691,64.673],[-22.691,64.71],[-22.69,64.68],[-22.6,64.68]]],[[[-23.53,64.754],[-23.53,64.77],[-23.461,64.754],[-23.53,64.754]]],[[[-23.17,64.754],[-23.42,64.754],[-23.35,64.8],[-23.35,64.77],[-23.17,64.754]]],[[[-23.582,64.95],[-23.825,64.95],[-23.582,64.957],[-23.582,64.95]]],[[[-13.538,65.051],[-13.538,64.957],[-13.57,64.957],[-13.57,65.01],[-13.54,65.01],[-13.538,65.051]]],[[[-22.9,65.04],[-22.9,65.01],[-23.09,65.01],[-23.096,65.038],[-22.975,65.038],[-22.975,65.159],[-23.056,65.159],[-23.056,65.2],[-23.096,65.2],[-23.096,65.281],[-23.177,65.281],[-23.218,65.362],[-23.258,65.362],[-23.258,65.321],[-23.42,65.321],[-23.42,65.402],[-23.582,65.402],[-23.582,65.43],[-23.26,65.43],[-23.26,65.4],[-23.11,65.37],[-23.11,65.34],[-22.96,65.34],[-22.96,65.28],[-22.87,65.28],[-22.87,65.22],[-22.78,65.22],[-22.78,65.19],[-22.84,65.16],[-22.84,65.07],[-22.9,65.04]]],[[[-13.652,65.42],[-13.638,65.31],[-13.66,65.31],[-13.652,65.42]]],[[[-13.84,65.58],[-13.84,65.605],[-13.781,65.605],[-13.781,65.58],[-13.84,65.58]]],[[[-24.433,65.587],[-24.433,65.605],[-24.371,65.605],[-24.433,65.587]]],[[[-14.024,65.645],[-13.984,65.645],[-13.99,65.61],[-14.248,65.665],[-14.206,65.64],[-14.32,65.652],[-14.274,65.673],[-14.38,65.708],[-14.38,65.737],[-14.346,65.767],[-14.146,65.767],[-14.105,65.686],[-14.024,65.686],[-14.024,65.645]]],[[[-24.149,65.67],[-24.149,65.767],[-24.13,65.67],[-24.149,65.67]]],[[[-14.47,65.888],[-14.47,65.807],[-14.389,65.807],[-14.68,65.76],[-14.71,65.82],[-14.65,65.82],[-14.62,65.888],[-14.47,65.888]]],[[[-23.86,65.94],[-23.914,65.94],[-23.906,65.969],[-23.86,65.969],[-23.86,65.94]]],[[[-18.4,65.97],[-18.4,66.0],[-18.365,65.979],[-18.4,65.97]]],[[[-20.89,65.611],[-20.98,65.61],[-21.07,65.49],[-21.13,65.49],[-21.13,65.46],[-21.26,65.46],[-21.28,65.49],[-21.25,65.49],[-21.25,65.58],[-21.4,65.61],[-21.4,65.64],[-21.37,65.64],[-21.37,65.722],[-21.28,65.79],[-21.28,65.88],[-21.31,65.88],[-21.287,65.916],[-21.348,65.987],[-21.319,65.988],[-21.331,66.009],[-21.43,66.03],[-21.46,66.09],[-21.52,66.09],[-21.52,66.15],[-21.557,66.172],[-21.436,66.172],[-21.436,66.212],[-21.355,66.212],[-21.355,66.253],[-21.233,66.253],[-21.233,66.293],[-21.071,66.293],[-21.071,66.334],[-20.95,66.334],[-20.95,66.415],[-20.909,66.415],[-20.909,66.536],[-20.707,66.536],[-20.707,66.496],[-20.626,66.496],[-20.626,66.293],[-20.707,66.293],[-20.707,66.212],[-20.626,66.212],[-20.626,66.131],[-20.504,66.131],[-20.504,66.091],[-20.423,66.091],[-20.423,66.131],[-20.185,66.131],[-20.41,66.12],[-20.41,66.09],[-20.47,66.09],[-20.47,65.97],[-20.331,65.88],[-20.44,65.79],[-20.44,65.7],[-20.47,65.7],[-20.5,65.64],[-20.675,65.694],[-20.86,65.67],[-20.89,65.611]],[[-20.828,66.091],[-20.828,66.01],[-20.666,66.01],[-20.666,66.091],[-20.828,66.091]]],[[[-19.922,65.947],[-19.93,66.0],[-20.092,66.131],[-19.937,66.131],[-19.937,66.172],[-19.816,66.172],[-19.816,66.212],[-19.735,66.212],[-19.735,66.253],[-19.532,66.253],[-19.532,66.172],[-19.492,66.172],[-19.492,66.131],[-19.332,66.091],[-19.48,66.03],[-19.472,65.982],[-19.51,65.953],[-19.464,65.931],[-19.45,65.85],[-19.54,65.79],[-19.54,65.82],[-19.67,65.82],[-19.708,65.871],[-19.84,65.897],[-19.84,65.94],[-19.922,65.947]]],[[[-19.208,66.131],[-19.208,66.172],[-19.12,66.172],[-19.12,66.12],[-19.159,66.09],[-19.33,66.091],[-19.33,66.131],[-19.208,66.131]]],[[[-14.86,66.06],[-14.86,66.037],[-15.01,66.09],[-14.98,66.15],[-14.89,66.18],[-14.89,66.27],[-14.753,66.293],[-14.753,66.212],[-14.632,66.212],[-14.632,66.091],[-14.753,66.091],[-14.753,66.069],[-14.86,66.06]]],[[[-23.2,66.3],[-23.14,66.3],[-23.14,66.27],[-23.17,66.27],[-23.17,66.18],[-23.285,66.18],[-23.339,66.21],[-23.339,66.253],[-23.299,66.253],[-23.299,66.293],[-23.218,66.293],[-23.218,66.334],[-23.2,66.3]]],[[[-22.124,66.334],[-21.881,66.33],[-22.15,66.33],[-22.15,66.39],[-22.21,66.39],[-22.21,66.415],[-22.124,66.415],[-22.124,66.334]]],[[[-15.733,66.306],[-15.68,66.344],[-15.697,66.387],[-15.82,66.406],[-15.868,66.455],[-15.725,66.455],[-15.725,66.496],[-15.482,66.536],[-15.482,66.455],[-15.401,66.455],[-15.361,66.374],[-15.28,66.374],[-15.28,66.334],[-15.199,66.334],[-15.199,66.374],[-15.037,66.374],[-15.015,66.334],[-15.19,66.33],[-15.19,66.3],[-15.31,66.3],[-15.31,66.27],[-15.46,66.27],[-15.46,66.21],[-15.49,66.21],[-15.49,66.24],[-15.67,66.24],[-15.67,66.3],[-15.733,66.306]]],[[[-22.33,66.415],[-22.331,66.39],[-22.36,66.403],[-22.36,66.415],[-22.33,66.415]]],[[[-17.41,66.15],[-17.44,66.09],[-17.5,66.09],[-17.5,66.0],[-17.68,66.03],[-17.71,66.09],[-17.89,66.131],[-17.75,66.131],[-17.75,66.172],[-17.71,66.172],[-17.71,66.293],[-17.669,66.293],[-17.669,66.334],[-17.588,66.334],[-17.588,66.455],[-17.71,66.455],[-17.75,66.536],[-17.831,66.536],[-17.872,66.617],[-17.953,66.617],[-17.993,66.698],[-18.074,66.698],[-18.074,66.86],[-17.953,66.86],[-17.953,66.901],[-17.588,66.901],[-17.588,66.941],[-17.386,66.941],[-17.386,66.901],[-17.345,66.901],[-17.345,66.82],[-17.264,66.82],[-17.264,66.739],[-17.224,66.739],[-17.224,66.698],[-17.143,66.698],[-17.143,66.536],[-17.345,66.536],[-17.345,66.415],[-17.264,66.415],[-17.264,66.253],[-17.224,66.253],[-17.224,66.212],[-17.183,66.212],[-17.183,66.253],[-17.102,66.253],[-17.102,66.496],[-16.981,66.496],[-16.981,66.455],[-16.576,66.455],[-16.576,66.496],[-16.563,66.496],[-16.54,66.33],[-16.45,66.313],[-16.51,66.24],[-16.54,66.24],[-16.54,66.197],[-16.686,66.166],[-16.664,66.15],[-16.9,66.15],[-16.9,66.18],[-17.146,66.221],[-17.29,66.18],[-17.29,66.15],[-17.41,66.15]]],[[[-18.52,66.617],[-18.479,66.617],[-18.479,66.496],[-18.52,66.496],[-18.52,66.415],[-18.479,66.415],[-18.479,66.293],[-18.398,66.293],[-18.398,66.253],[-18.358,66.253],[-18.358,66.172],[-18.305,66.172],[-18.329,66.104],[-18.31,66.03],[-18.358,65.994],[-18.409,66.027],[-18.4,66.0],[-18.52,66.0],[-18.545,66.083],[-18.61,66.1],[-18.629,66.139],[-18.692,66.17],[-18.76,66.156],[-18.777,66.193],[-18.844,66.205],[-18.844,66.253],[-18.925,66.253],[-18.925,66.334],[-19.046,66.334],[-19.046,66.374],[-19.289,66.415],[-19.289,66.496],[-19.37,66.496],[-19.37,66.536],[-19.492,66.536],[-19.492,66.658],[-19.451,66.658],[-19.451,66.82],[-19.37,66.82],[-19.37,66.86],[-19.451,66.86],[-19.451,67.0],[-19.208,67.0],[-19.208,66.941],[-19.127,66.941],[-19.127,66.86],[-19.087,66.86],[-19.087,66.82],[-18.965,66.82],[-18.965,66.779],[-18.641,66.779],[-18.601,66.698],[-18.52,66.698],[-18.52,66.617]]],[[[-13.012,66.455],[-13.498,66.455],[-13.498,66.617],[-13.255,66.658],[-13.255,66.698],[-13.336,66.698],[-13.336,66.739],[-14.429,66.739],[-14.429,66.779],[-14.51,66.779],[-14.51,66.82],[-14.713,66.82],[-14.713,66.982],[-14.632,67.0],[-12.5,67.0],[-12.5,66.941],[-12.607,66.941],[-12.607,66.82],[-12.526,66.82],[-12.526,66.779],[-12.5,66.779],[-12.5,66.334],[-12.728,66.334],[-12.728,66.374],[-12.89,66.374],[-12.89,66.415],[-13.012,66.415],[-13.012,66.455]]],[[[-16.373,66.86],[-16.373,66.82],[-16.495,66.82],[-16.495,66.86],[-16.576,66.86],[-16.576,66.941],[-16.697,66.941],[-16.697,67.0],[-15.847,67.0],[-15.847,66.86],[-16.373,66.86]]],[[[-13.33,27.3],[-13.33,27.418],[-13.289,27.418],[-13.289,27.499],[-13.25,27.499],[-13.272,27.4],[-13.3,27.4],[-13.301,27.324],[-13.33,27.3]]],[[[-13.492,27.499],[-13.37,27.499],[-13.37,27.337],[-13.492,27.337],[-13.492,27.499]]],[[[-13.249,27.58],[-13.208,27.58],[-13.208,27.661],[-13.179,27.661],[-13.208,27.567],[-13.23,27.5],[-13.249,27.5],[-13.249,27.58]]],[[[-13.127,27.71],[-13.127,27.742],[-13.066,27.742],[-13.127,27.71]]],[[[-13.0,27.846],[-13.017,27.8],[-13.046,27.823],[-13.0,27.846]]],[[[-12.844,27.969],[-12.844,27.985],[-12.747,27.985],[-12.844,27.969]]],[[[-12.5,28.0],[-12.682,28.0],[-12.682,28.025],[-12.5,28.025],[-12.5,28.0]]],[[[-12.358,28.066],[-12.216,28.066],[-12.317,28.05],[-12.358,28.066]]],[[[-12.115,28.106],[-12.04,28.106],[-12.115,28.081],[-12.115,28.106]]],[[[-12.034,28.147],[-11.88,28.172],[-11.95,28.145],[-12.034,28.111],[-12.034,28.147]]],[[[-11.791,28.268],[-11.634,28.268],[-11.7,28.242],[-11.791,28.207],[-11.791,28.268]]],[[[-11.467,28.43],[-11.467,28.471],[-11.35,28.471],[-11.453,28.348],[-11.629,28.27],[-11.629,28.349],[-11.588,28.349],[-11.548,28.43],[-11.467,28.43]]],[[[-11.2,28.633],[-11.266,28.552],[-11.345,28.5],[-11.345,28.552],[-11.305,28.552],[-11.264,28.633],[-11.2,28.633]]],[[[-13.127,28.795],[-13.33,28.795],[-13.33,28.876],[-13.37,28.876],[-13.37,28.997],[-13.208,28.997],[-13.168,28.916],[-13.127,28.916],[-13.127,28.795]]],[[[-12.317,29.524],[-12.317,29.2],[-12.601,29.2],[-12.601,29.281],[-12.682,29.281],[-12.682,29.321],[-12.722,29.321],[-12.722,29.483],[-12.763,29.483],[-12.763,29.605],[-12.439,29.605],[-12.398,29.524],[-12.317,29.524]]],[[[-11.386,30.172],[-11.305,30.212],[-11.264,30.374],[-11.183,30.374],[-11.183,30.415],[-10.9,30.415],[-10.9,30.334],[-10.738,30.253],[-10.738,30.131],[-10.657,30.131],[-10.616,29.969],[-10.576,29.969],[-10.535,29.888],[-10.414,29.888],[-10.414,29.726],[-10.495,29.726],[-10.495,29.686],[-10.535,29.686],[-10.535,29.564],[-10.576,29.564],[-10.576,29.524],[-10.495,29.524],[-10.495,29.402],[-10.657,29.402],[-10.657,29.524],[-10.738,29.524],[-10.738,29.645],[-10.778,29.645],[-10.778,29.605],[-10.981,29.605],[-10.981,29.564],[-11.143,29.524],[-11.143,29.483],[-11.305,29.483],[-11.305,29.443],[-11.345,29.443],[-11.345,29.281],[-11.426,29.24],[-11.426,29.2],[-11.548,29.2],[-11.548,29.362],[-11.588,29.362],[-11.588,29.402],[-11.71,29.402],[-11.71,29.321],[-11.669,29.321],[-11.669,29.281],[-11.588,29.281],[-11.588,29.159],[-11.629,29.159],[-11.629,29.119],[-11.831,29.119],[-11.831,29.2],[-11.872,29.2],[-11.872,29.24],[-11.994,29.24],[-11.994,29.281],[-12.074,29.281],[-12.074,29.443],[-11.994,29.483],[-11.994,29.524],[-11.912,29.524],[-11.912,29.564],[-11.953,29.564],[-11.953,29.605],[-12.155,29.605],[-12.155,29.726],[-11.994,29.767],[-11.994,29.848],[-12.074,29.848],[-12.074,29.888],[-12.196,29.888],[-12.196,30.01],[-12.074,30.01],[-12.074,29.969],[-11.994,30.01],[-11.994,30.172],[-11.912,30.172],[-11.872,30.253],[-11.831,30.253],[-11.831,30.293],[-11.669,30.293],[-11.669,30.212],[-11.588,30.212],[-11.588,30.131],[-11.386,30.131],[-11.386,30.172]],[[-11.872,29.888],[-11.872,29.807],[-11.71,29.807],[-11.71,29.888],[-11.872,29.888]]],[[[-10.248,29.299],[-10.321,29.258],[-10.451,29.092],[-10.55,29.05],[-10.562,29.0],[-10.963,28.8],[-11.05,28.8],[-11.05,28.76],[-11.183,28.65],[-11.183,28.876],[-11.021,28.916],[-11.021,28.957],[-10.859,28.957],[-10.859,29.078],[-10.738,29.078],[-10.738,28.997],[-10.616,28.997],[-10.616,29.038],[-10.535,29.078],[-10.495,29.159],[-10.454,29.159],[-10.414,29.321],[-10.333,29.321],[-10.333,29.483],[-10.414,29.483],[-10.414,29.605],[-10.252,29.605],[-10.252,29.645],[-10.211,29.645],[-10.211,29.686],[-10.171,29.686],[-10.13,29.767],[-10.049,29.767],[-10.049,29.848],[-9.968,29.848],[-9.968,29.929],[-9.887,29.969],[-9.887,30.05],[-9.806,30.05],[-9.806,30.131],[-9.766,30.131],[-9.766,30.455],[-9.806,30.455],[-9.806,30.536],[-9.887,30.536],[-9.887,30.577],[-9.928,30.577],[-9.928,30.739],[-9.887,30.739],[-9.887,30.82],[-9.968,30.86],[-9.968,31.063],[-9.85,31.063],[-9.85,30.745],[-9.889,30.648],[-9.758,30.587],[-9.631,30.422],[-9.612,30.349],[-9.65,30.3],[-9.655,30.127],[-9.7,30.1],[-9.7,30.034],[-9.82,29.839],[-10.1,29.55],[-10.142,29.429],[-10.2,29.4],[-10.248,29.299]]],[[[-12.358,30.779],[-12.317,30.779],[-12.317,30.698],[-12.277,30.698],[-12.277,30.577],[-12.52,30.577],[-12.561,30.82],[-12.358,30.82],[-12.358,30.779]]],[[[-10.495,30.901],[-10.373,30.901],[-10.373,30.779],[-10.495,30.779],[-10.495,30.901]]],[[[-9.847,31.402],[-9.807,31.343],[-9.816,31.25],[-9.85,31.25],[-9.85,31.144],[-10.009,31.144],[-10.009,31.387],[-9.847,31.402]]],[[[-10.049,31.63],[-9.968,31.63],[-9.968,31.711],[-9.725,31.711],[-9.7,31.619],[-9.753,31.55],[-9.8,31.55],[-9.8,31.461],[-9.847,31.403],[-9.847,31.468],[-9.806,31.468],[-9.806,31.508],[-9.928,31.508],[-9.928,31.427],[-10.09,31.427],[-10.09,31.549],[-10.049,31.549],[-10.049,31.63]]],[[[-12.074,31.873],[-12.074,31.994],[-11.953,31.994],[-11.953,31.873],[-12.074,31.873]]],[[[-13.532,32.035],[-13.492,32.035],[-13.492,32.116],[-13.532,32.116],[-13.532,32.237],[-13.37,32.237],[-13.37,32.156],[-13.087,32.156],[-13.087,32.116],[-13.006,32.116],[-13.006,32.075],[-12.925,32.035],[-12.925,31.994],[-12.763,31.994],[-12.763,31.873],[-12.965,31.873],[-12.965,31.832],[-13.046,31.832],[-13.127,31.67],[-13.249,31.67],[-13.249,31.751],[-13.532,31.751],[-13.532,32.035]]],[[[-12.398,32.156],[-12.358,32.156],[-12.358,32.237],[-12.277,32.237],[-12.236,32.318],[-12.155,32.318],[-12.155,32.359],[-12.034,32.359],[-12.034,32.318],[-11.994,32.318],[-11.994,32.197],[-12.034,32.197],[-12.034,32.156],[-12.115,32.156],[-12.115,31.954],[-12.277,31.954],[-12.277,31.913],[-12.358,31.873],[-12.358,31.832],[-12.398,31.832],[-12.398,31.792],[-12.52,31.792],[-12.52,31.832],[-12.561,31.832],[-12.561,31.954],[-12.52,31.954],[-12.52,31.994],[-12.561,31.994],[-12.561,32.116],[-12.398,32.116],[-12.398,32.156]]],[[[-10.009,32.318],[-10.009,32.44],[-9.887,32.44],[-9.887,32.318],[-10.009,32.318]]],[[[-16.57,39.77],[-16.61,39.77],[-16.61,39.811],[-16.691,39.811],[-16.691,39.973],[-16.801,40.0],[-16.003,40.0],[-16.003,39.932],[-15.841,39.932],[-15.841,39.851],[-15.76,39.811],[-15.76,39.77],[-15.598,39.77],[-15.598,39.73],[-15.476,39.73],[-15.476,39.851],[-15.517,39.851],[-15.517,39.932],[-15.558,39.932],[-15.558,39.973],[-15.638,39.973],[-15.638,40.0],[-14.099,40.0],[-14.099,39.973],[-14.14,39.973],[-14.14,39.892],[-14.18,39.892],[-14.18,39.73],[-14.383,39.73],[-14.383,39.689],[-14.504,39.689],[-14.504,39.649],[-14.747,39.649],[-14.747,39.689],[-14.869,39.689],[-14.869,39.73],[-14.95,39.73],[-14.95,39.689],[-15.031,39.689],[-15.031,39.649],[-15.112,39.649],[-15.152,39.568],[-15.314,39.568],[-15.355,39.487],[-15.314,39.487],[-15.314,39.365],[-15.233,39.365],[-15.233,39.325],[-15.031,39.325],[-15.031,39.163],[-15.152,39.163],[-15.152,39.203],[-15.436,39.203],[-15.436,39.163],[-15.476,39.163],[-15.476,39.001],[-15.436,39.001],[-15.436,38.879],[-15.476,38.879],[-15.476,38.798],[-15.355,38.798],[-15.355,38.839],[-15.193,38.839],[-15.193,38.798],[-15.071,38.798],[-15.071,38.839],[-14.99,38.839],[-14.99,38.879],[-14.747,38.879],[-14.747,38.677],[-15.071,38.636],[-15.071,38.677],[-15.152,38.677],[-15.152,38.596],[-15.233,38.555],[-15.233,38.515],[-15.152,38.474],[-15.152,38.434],[-14.909,38.434],[-14.909,38.474],[-14.828,38.474],[-14.788,38.636],[-14.666,38.636],[-14.666,38.515],[-13.776,38.555],[-13.776,38.434],[-13.816,38.434],[-13.816,38.353],[-13.856,38.353],[-13.856,38.312],[-14.14,38.312],[-14.14,38.272],[-14.221,38.272],[-14.221,38.231],[-14.302,38.231],[-14.302,38.191],[-14.343,38.191],[-14.343,38.11],[-14.383,38.11],[-14.383,38.029],[-14.423,38.029],[-14.423,37.948],[-14.343,37.907],[-14.343,37.826],[-14.302,37.826],[-14.302,37.705],[-14.464,37.705],[-14.464,37.786],[-14.545,37.786],[-14.545,37.826],[-14.747,37.826],[-14.747,37.867],[-14.828,37.867],[-14.828,37.826],[-14.99,37.826],[-14.99,37.867],[-15.071,37.867],[-15.071,38.029],[-14.95,38.029],[-14.95,37.988],[-14.747,37.988],[-14.747,38.029],[-14.788,38.029],[-14.788,38.069],[-14.909,38.069],[-14.909,38.11],[-14.99,38.11],[-14.99,38.15],[-15.071,38.15],[-15.071,38.191],[-15.152,38.191],[-15.152,38.231],[-15.314,38.231],[-15.314,38.191],[-15.395,38.15],[-15.395,37.948],[-15.598,37.948],[-15.598,37.988],[-15.719,37.988],[-15.719,37.948],[-15.8,37.948],[-15.841,37.786],[-16.003,37.745],[-16.003,37.664],[-15.922,37.624],[-15.922,37.462],[-16.084,37.421],[-16.084,37.381],[-16.044,37.381],[-16.003,37.3],[-15.962,37.3],[-15.962,37.259],[-15.638,37.259],[-15.638,37.219],[-15.558,37.219],[-15.558,37.178],[-15.355,37.178],[-15.355,37.3],[-15.233,37.3],[-15.233,37.138],[-15.071,37.138],[-15.071,37.178],[-15.112,37.178],[-15.112,37.502],[-14.99,37.502],[-14.99,37.462],[-14.95,37.462],[-14.95,37.3],[-14.869,37.259],[-14.869,36.935],[-14.95,36.935],[-14.95,36.814],[-15.071,36.814],[-15.071,36.611],[-15.152,36.611],[-15.152,36.571],[-15.314,36.571],[-15.314,36.652],[-15.436,36.652],[-15.436,36.611],[-15.476,36.611],[-15.476,36.49],[-15.76,36.49],[-15.8,36.571],[-15.922,36.571],[-15.922,36.449],[-16.044,36.449],[-16.044,36.49],[-16.205,36.53],[-16.246,36.611],[-16.327,36.611],[-16.327,36.692],[-16.408,36.733],[-16.408,36.814],[-16.529,36.814],[-16.57,36.733],[-16.813,36.733],[-16.813,36.773],[-16.853,36.773],[-16.853,36.895],[-16.772,36.895],[-16.772,36.935],[-16.651,36.935],[-16.651,36.976],[-16.61,36.976],[-16.61,37.057],[-16.246,37.057],[-16.246,37.016],[-16.084,37.016],[-16.084,37.057],[-16.044,37.057],[-16.044,37.138],[-16.084,37.138],[-16.084,37.178],[-16.327,37.138],[-16.327,37.178],[-16.408,37.178],[-16.408,37.219],[-16.489,37.219],[-16.489,37.259],[-16.732,37.259],[-16.732,37.219],[-16.934,37.219],[-16.934,37.259],[-17.015,37.259],[-17.015,37.3],[-17.137,37.3],[-17.137,37.34],[-17.218,37.3],[-17.218,37.178],[-17.38,37.178],[-17.38,37.219],[-17.42,37.219],[-17.42,37.178],[-17.582,37.178],[-17.582,37.219],[-18.109,37.219],[-18.109,37.259],[-18.19,37.259],[-18.23,37.34],[-18.311,37.34],[-18.311,37.381],[-18.352,37.381],[-18.352,37.502],[-18.514,37.502],[-18.514,37.543],[-18.635,37.543],[-18.635,37.664],[-18.473,37.664],[-18.473,37.745],[-18.554,37.786],[-18.595,37.867],[-18.716,37.867],[-18.716,37.907],[-18.878,37.907],[-18.878,37.867],[-19.0,37.867],[-19.0,37.3],[-18.838,37.3],[-18.838,37.259],[-18.676,37.259],[-18.676,37.219],[-18.473,37.219],[-18.473,37.178],[-18.392,37.178],[-18.392,37.138],[-18.271,37.138],[-18.271,37.097],[-18.19,37.097],[-18.19,37.057],[-18.109,37.057],[-18.109,37.016],[-17.906,37.016],[-17.906,36.976],[-17.461,36.976],[-17.461,37.016],[-17.339,37.016],[-17.339,37.057],[-17.299,37.057],[-17.258,37.138],[-17.056,37.138],[-17.056,36.976],[-16.894,36.976],[-16.894,36.854],[-16.975,36.854],[-16.975,36.773],[-17.015,36.773],[-17.015,36.652],[-16.934,36.611],[-16.934,36.571],[-16.853,36.571],[-16.813,36.49],[-16.489,36.49],[-16.489,36.571],[-16.367,36.571],[-16.367,36.368],[-16.448,36.328],[-16.408,36.247],[-16.084,36.247],[-16.084,36.206],[-15.922,36.166],[-15.922,36.125],[-15.719,36.125],[-15.719,36.004],[-15.76,36.004],[-15.76,35.842],[-15.962,35.842],[-15.962,35.761],[-16.003,35.761],[-16.003,35.72],[-16.246,35.72],[-16.246,35.761],[-16.327,35.72],[-16.286,35.558],[-16.246,35.558],[-16.246,35.518],[-16.165,35.518],[-16.165,35.477],[-16.084,35.477],[-16.084,35.356],[-16.165,35.315],[-16.165,35.194],[-16.327,35.194],[-16.327,35.234],[-16.408,35.234],[-16.448,35.315],[-16.489,35.315],[-16.489,35.356],[-16.57,35.396],[-16.57,35.477],[-16.61,35.477],[-16.61,35.599],[-16.691,35.639],[-16.691,35.761],[-16.732,35.761],[-16.732,35.842],[-16.813,35.842],[-16.813,35.882],[-16.934,35.882],[-16.934,35.842],[-17.015,35.842],[-17.015,35.761],[-17.056,35.761],[-17.056,35.72],[-16.975,35.72],[-16.975,35.599],[-16.934,35.599],[-16.934,35.477],[-16.975,35.477],[-16.975,35.437],[-17.096,35.437],[-17.137,35.518],[-17.218,35.518],[-17.218,35.558],[-17.339,35.558],[-17.339,35.518],[-17.582,35.518],[-17.582,35.558],[-17.704,35.558],[-17.704,35.518],[-17.744,35.518],[-17.744,35.437],[-17.704,35.437],[-17.704,35.396],[-17.461,35.396],[-17.461,35.356],[-17.339,35.356],[-17.339,35.275],[-17.258,35.275],[-17.258,35.153],[-17.056,35.153],[-17.056,34.991],[-16.975,34.991],[-16.975,34.829],[-17.015,34.829],[-17.015,34.789],[-17.258,34.789],[-17.258,34.829],[-17.42,34.829],[-17.42,34.789],[-17.461,34.789],[-17.461,34.627],[-17.42,34.627],[-17.42,34.546],[-17.38,34.546],[-17.339,34.465],[-17.258,34.424],[-17.258,34.384],[-17.177,34.384],[-17.177,34.343],[-17.056,34.343],[-17.056,34.181],[-17.177,34.181],[-17.177,34.141],[-17.258,34.141],[-17.258,34.06],[-17.218,34.06],[-17.218,34.019],[-16.853,34.019],[-16.853,34.06],[-16.651,34.06],[-16.651,34.1],[-16.61,34.1],[-16.61,34.262],[-16.489,34.262],[-16.489,34.303],[-16.205,34.303],[-16.205,34.1],[-16.165,34.1],[-16.165,34.019],[-16.084,34.019],[-16.084,33.979],[-16.003,33.979],[-16.003,33.938],[-15.922,33.938],[-15.922,33.898],[-15.841,33.898],[-15.841,33.938],[-15.719,33.938],[-15.719,34.1],[-15.76,34.1],[-15.76,34.141],[-15.841,34.141],[-15.841,34.222],[-15.881,34.222],[-15.881,34.343],[-15.962,34.343],[-15.962,34.465],[-15.881,34.465],[-15.881,34.586],[-15.962,34.586],[-15.962,34.627],[-16.529,34.627],[-16.529,34.586],[-16.772,34.586],[-16.772,34.667],[-16.813,34.667],[-16.813,34.546],[-16.894,34.546],[-16.894,34.505],[-17.015,34.505],[-17.015,34.748],[-16.894,34.748],[-16.894,34.789],[-16.853,34.789],[-16.853,34.951],[-16.934,34.951],[-16.934,35.153],[-16.894,35.153],[-16.894,35.234],[-16.732,35.234],[-16.732,35.113],[-16.813,35.113],[-16.813,34.951],[-16.651,34.951],[-16.651,34.91],[-16.57,34.91],[-16.57,34.87],[-16.448,34.87],[-16.408,34.951],[-16.367,34.951],[-16.367,34.991],[-16.246,34.991],[-16.246,35.113],[-16.165,35.113],[-16.165,35.153],[-15.881,35.153],[-15.881,35.072],[-15.841,35.072],[-15.841,34.87],[-15.76,34.829],[-15.76,34.789],[-15.719,34.789],[-15.719,34.829],[-15.558,34.829],[-15.558,34.708],[-15.517,34.708],[-15.517,34.627],[-15.436,34.667],[-15.436,34.708],[-15.355,34.708],[-15.355,34.748],[-15.314,34.748],[-15.314,34.91],[-15.071,34.951],[-15.071,34.991],[-14.869,34.991],[-14.869,34.91],[-14.828,34.91],[-14.828,34.667],[-14.909,34.627],[-14.909,34.586],[-14.99,34.586],[-14.99,34.546],[-15.031,34.546],[-15.031,34.465],[-14.707,34.384],[-14.707,34.262],[-14.788,34.262],[-14.788,34.222],[-14.99,34.222],[-14.99,34.262],[-15.112,34.262],[-15.112,34.303],[-15.193,34.303],[-15.193,34.343],[-15.233,34.343],[-15.233,34.424],[-15.395,34.465],[-15.395,34.505],[-15.476,34.505],[-15.476,34.384],[-15.355,34.384],[-15.355,34.343],[-15.314,34.343],[-15.314,34.262],[-15.193,34.262],[-15.193,34.181],[-15.112,34.141],[-15.112,34.06],[-15.031,34.06],[-14.99,33.979],[-14.95,33.979],[-14.95,33.938],[-14.869,33.938],[-14.869,34.1],[-14.343,34.1],[-14.343,34.06],[-14.261,34.06],[-14.221,33.979],[-14.14,33.979],[-14.14,33.938],[-13.978,33.938],[-13.978,33.898],[-13.937,33.898],[-13.937,33.776],[-13.816,33.776],[-13.816,33.574],[-13.694,33.574],[-13.694,33.533],[-13.532,33.533],[-13.532,33.493],[-13.249,33.493],[-13.249,33.371],[-13.451,33.371],[-13.451,33.331],[-13.532,33.29],[-13.532,33.209],[-13.613,33.209],[-13.654,33.128],[-13.411,33.128],[-13.37,33.209],[-13.289,33.209],[-13.289,33.25],[-13.046,33.25],[-13.046,33.209],[-12.884,33.209],[-12.884,33.25],[-12.803,33.25],[-12.803,33.371],[-12.763,33.371],[-12.763,33.412],[-12.398,33.412],[-12.358,33.493],[-12.277,33.533],[-12.277,33.574],[-12.196,33.574],[-12.196,33.614],[-12.155,33.614],[-12.155,33.695],[-12.439,33.695],[-12.439,33.736],[-12.52,33.736],[-12.52,33.776],[-12.601,33.776],[-12.601,33.817],[-12.925,33.817],[-12.925,33.857],[-13.046,33.857],[-13.046,33.898],[-13.249,33.898],[-13.289,33.979],[-13.33,33.979],[-13.33,34.019],[-13.411,34.019],[-13.411,34.06],[-13.573,34.06],[-13.573,34.1],[-13.613,34.1],[-13.654,34.181],[-13.694,34.181],[-13.694,34.262],[-13.735,34.262],[-13.735,34.303],[-13.856,34.303],[-13.856,34.343],[-14.221,34.343],[-14.221,34.424],[-14.302,34.424],[-14.302,34.627],[-14.14,34.627],[-14.099,34.708],[-13.856,34.667],[-13.856,34.748],[-13.816,34.748],[-13.816,34.91],[-13.776,34.91],[-13.776,35.194],[-13.856,35.194],[-13.856,35.356],[-13.451,35.356],[-13.451,35.437],[-13.492,35.437],[-13.492,35.477],[-13.613,35.477],[-13.654,35.558],[-13.776,35.558],[-13.816,35.477],[-13.897,35.477],[-13.897,35.437],[-14.059,35.437],[-14.059,35.477],[-14.261,35.477],[-14.302,35.558],[-14.343,35.558],[-14.343,35.518],[-14.423,35.518],[-14.423,35.477],[-14.585,35.477],[-14.585,35.518],[-14.788,35.518],[-14.788,35.477],[-14.99,35.477],[-14.99,35.437],[-15.031,35.437],[-15.071,35.356],[-15.112,35.356],[-15.112,35.315],[-15.233,35.315],[-15.233,35.437],[-15.193,35.437],[-15.193,35.599],[-15.274,35.599],[-15.274,35.801],[-15.233,35.801],[-15.233,35.842],[-15.071,35.842],[-15.071,35.761],[-14.99,35.761],[-14.99,35.801],[-14.909,35.801],[-14.909,35.882],[-14.626,35.882],[-14.626,35.963],[-14.585,35.963],[-14.585,36.085],[-14.626,36.085],[-14.626,36.247],[-14.585,36.247],[-14.545,36.328],[-14.464,36.328],[-14.423,36.409],[-14.14,36.409],[-14.14,36.449],[-14.018,36.449],[-14.018,36.409],[-13.897,36.409],[-13.897,36.328],[-13.735,36.287],[-13.735,36.247],[-13.613,36.247],[-13.613,36.206],[-13.532,36.206],[-13.532,36.166],[-13.33,36.166],[-13.289,36.085],[-13.208,36.085],[-13.208,36.044],[-12.925,36.044],[-12.925,36.004],[-12.844,35.963],[-12.844,35.923],[-12.398,35.923],[-12.398,35.882],[-12.236,35.882],[-12.236,35.842],[-12.074,35.842],[-12.074,35.801],[-11.953,35.801],[-11.953,35.639],[-12.034,35.599],[-12.034,35.477],[-12.074,35.477],[-12.115,35.396],[-12.277,35.396],[-12.277,35.477],[-12.358,35.477],[-12.358,35.558],[-12.479,35.558],[-12.479,35.477],[-12.682,35.477],[-12.722,35.558],[-12.965,35.558],[-13.006,35.639],[-13.168,35.639],[-13.168,35.68],[-13.249,35.72],[-13.249,35.761],[-13.33,35.761],[-13.37,35.842],[-13.532,35.842],[-13.532,35.801],[-13.451,35.801],[-13.411,35.72],[-13.37,35.72],[-13.37,35.68],[-13.33,35.68],[-13.33,35.437],[-13.289,35.437],[-13.289,35.396],[-13.168,35.396],[-13.168,35.113],[-13.249,35.113],[-13.249,34.991],[-13.168,34.951],[-13.168,34.748],[-13.33,34.748],[-13.33,34.789],[-13.37,34.789],[-13.37,34.991],[-13.411,34.991],[-13.411,35.032],[-13.492,35.032],[-13.492,34.991],[-13.532,34.991],[-13.532,34.789],[-13.613,34.789],[-13.613,34.667],[-13.694,34.667],[-13.735,34.586],[-13.816,34.586],[-13.816,34.465],[-13.573,34.465],[-13.532,34.384],[-13.249,34.384],[-13.249,34.424],[-13.046,34.424],[-13.046,34.465],[-12.965,34.465],[-12.965,34.505],[-12.884,34.505],[-12.884,34.546],[-12.803,34.546],[-12.803,34.708],[-12.682,34.708],[-12.682,34.748],[-12.52,34.748],[-12.52,34.708],[-12.479,34.708],[-12.479,34.546],[-12.439,34.546],[-12.439,34.708],[-12.317,34.708],[-12.277,34.627],[-12.155,34.627],[-12.155,34.586],[-11.994,34.586],[-11.994,34.546],[-11.912,34.546],[-11.912,34.424],[-11.953,34.424],[-11.953,34.343],[-11.994,34.343],[-11.994,34.181],[-12.155,34.1],[-12.115,33.938],[-12.034,33.938],[-11.994,34.019],[-11.912,34.019],[-11.912,34.141],[-11.71,34.141],[-11.71,34.303],[-11.831,34.303],[-11.831,34.465],[-11.71,34.465],[-11.71,34.505],[-11.629,34.505],[-11.629,34.546],[-11.426,34.546],[-11.426,34.586],[-11.264,34.627],[-11.305,34.708],[-11.71,34.708],[-11.71,34.829],[-11.629,34.87],[-11.629,35.113],[-11.71,35.113],[-11.71,35.234],[-11.588,35.234],[-11.588,35.153],[-11.467,35.153],[-11.467,35.275],[-11.305,35.275],[-11.264,35.194],[-11.224,35.194],[-11.224,35.153],[-11.143,35.153],[-11.143,35.113],[-10.657,35.113],[-10.657,35.153],[-10.576,35.153],[-10.576,35.315],[-10.292,35.315],[-10.292,35.356],[-10.211,35.356],[-10.211,35.437],[-10.13,35.437],[-10.13,35.558],[-10.049,35.599],[-10.009,35.68],[-9.847,35.68],[-9.806,35.599],[-9.725,35.599],[-9.725,35.68],[-9.766,35.68],[-9.766,35.801],[-9.523,35.801],[-9.523,35.842],[-9.199,35.842],[-9.199,35.801],[-9.037,35.801],[-9.037,35.842],[-8.956,35.842],[-8.956,35.882],[-8.915,35.882],[-8.915,35.963],[-8.875,35.963],[-8.875,36.044],[-8.834,36.044],[-8.834,36.166],[-8.794,36.166],[-8.794,36.409],[-8.672,36.409],[-8.672,36.368],[-8.632,36.368],[-8.632,36.409],[-8.47,36.409],[-8.47,36.53],[-8.308,36.53],[-8.308,36.409],[-8.146,36.409],[-8.146,36.328],[-8.105,36.328],[-8.105,36.166],[-8.146,36.166],[-8.146,36.125],[-8.227,36.125],[-8.227,36.085],[-8.389,36.085],[-8.429,36.004],[-8.51,36.004],[-8.51,35.923],[-8.672,35.923],[-8.713,35.842],[-8.753,35.842],[-8.753,35.599],[-8.834,35.599],[-8.834,35.558],[-8.956,35.558],[-8.956,35.518],[-9.037,35.518],[-9.037,35.477],[-9.28,35.477],[-9.32,35.396],[-9.28,35.396],[-9.28,35.356],[-9.199,35.356],[-9.199,35.315],[-9.077,35.315],[-9.077,35.356],[-8.875,35.356],[-8.875,35.315],[-8.713,35.315],[-8.713,35.234],[-8.672,35.234],[-8.672,35.113],[-8.753,35.113],[-8.753,34.991],[-8.632,34.991],[-8.591,35.072],[-8.51,35.072],[-8.47,35.153],[-8.632,35.153],[-8.632,35.315],[-8.551,35.356],[-8.551,35.437],[-8.632,35.437],[-8.632,35.599],[-8.713,35.599],[-8.713,35.72],[-8.389,35.72],[-8.389,35.801],[-8.146,35.801],[-8.146,35.68],[-8.227,35.68],[-8.227,35.639],[-8.308,35.639],[-8.308,35.599],[-8.024,35.599],[-8.024,35.477],[-8.186,35.477],[-8.227,35.396],[-8.348,35.396],[-8.348,35.315],[-8.389,35.315],[-8.389,35.194],[-8.308,35.153],[-8.267,35.072],[-8.105,35.072],[-8.105,34.951],[-8.065,34.951],[-8.065,34.91],[-7.984,34.91],[-7.984,34.951],[-7.943,34.951],[-7.943,35.153],[-7.822,35.153],[-7.822,35.194],[-7.781,35.194],[-7.741,35.275],[-7.579,35.315],[-7.579,35.356],[-7.295,35.356],[-7.295,35.234],[-7.336,35.234],[-7.336,35.194],[-7.376,35.194],[-7.417,35.113],[-7.457,35.113],[-7.457,35.032],[-7.538,34.991],[-7.538,34.91],[-7.579,34.91],[-7.619,34.829],[-7.295,34.829],[-7.295,34.87],[-7.133,34.87],[-7.133,34.91],[-6.971,34.91],[-6.971,34.87],[-6.931,34.87],[-6.971,34.627],[-7.012,34.627],[-7.052,34.546],[-7.093,34.546],[-7.093,34.465],[-7.174,34.424],[-7.174,34.384],[-7.255,34.343],[-7.255,34.303],[-7.295,34.303],[-7.295,34.262],[-7.498,34.262],[-7.498,34.384],[-7.619,34.384],[-7.619,34.181],[-7.66,34.181],[-7.66,34.141],[-7.903,34.1],[-7.903,34.06],[-8.065,34.06],[-8.065,33.979],[-8.186,33.979],[-8.227,33.898],[-8.389,33.857],[-8.389,33.817],[-8.551,33.817],[-8.551,33.776],[-8.591,33.776],[-8.591,33.695],[-8.672,33.695],[-8.672,33.614],[-8.753,33.614],[-8.794,33.533],[-8.915,33.533],[-8.956,33.452],[-9.077,33.452],[-9.077,33.493],[-9.158,33.493],[-9.158,33.533],[-9.361,33.533],[-9.361,33.331],[-9.482,33.331],[-9.482,33.29],[-9.523,33.29],[-9.523,33.209],[-9.644,33.209],[-9.644,33.128],[-9.685,33.128],[-9.685,33.088],[-10.009,33.088],[-10.009,33.047],[-10.09,33.047],[-10.09,33.007],[-10.252,33.007],[-10.292,32.926],[-10.333,32.926],[-10.333,32.885],[-10.373,32.885],[-10.373,32.845],[-10.414,32.845],[-10.414,32.764],[-10.616,32.764],[-10.616,32.683],[-10.535,32.683],[-10.535,32.642],[-10.414,32.642],[-10.373,32.723],[-10.171,32.723],[-10.171,32.642],[-10.13,32.642],[-10.13,32.602],[-10.049,32.602],[-10.049,32.48],[-10.13,32.48],[-10.13,32.44],[-10.333,32.44],[-10.333,32.48],[-10.535,32.48],[-10.535,32.44],[-10.616,32.399],[-10.616,32.318],[-10.576,32.318],[-10.576,32.197],[-10.657,32.197],[-10.657,32.156],[-10.697,32.156],[-10.697,32.075],[-10.535,32.075],[-10.535,32.116],[-10.495,32.116],[-10.495,32.197],[-10.373,32.197],[-10.373,32.156],[-10.333,32.156],[-10.333,32.035],[-10.373,32.035],[-10.373,31.954],[-10.738,31.954],[-10.738,31.994],[-10.859,31.994],[-10.859,31.954],[-10.9,31.954],[-10.9,31.792],[-11.021,31.792],[-11.021,31.832],[-11.062,31.832],[-11.102,31.751],[-11.224,31.751],[-11.264,31.832],[-11.426,31.873],[-11.467,31.954],[-11.588,31.954],[-11.588,31.913],[-11.75,31.913],[-11.75,32.075],[-11.629,32.075],[-11.629,32.116],[-11.588,32.116],[-11.588,32.197],[-11.629,32.197],[-11.629,32.237],[-11.71,32.237],[-11.71,32.278],[-11.831,32.278],[-11.831,32.399],[-11.912,32.44],[-11.912,32.48],[-12.115,32.48],[-12.155,32.561],[-12.196,32.561],[-12.196,32.602],[-12.277,32.602],[-12.277,32.642],[-12.561,32.642],[-12.561,32.683],[-12.803,32.683],[-12.803,32.642],[-12.925,32.642],[-12.925,32.602],[-13.168,32.602],[-13.168,32.561],[-13.37,32.561],[-13.37,32.602],[-13.411,32.602],[-13.411,32.804],[-13.33,32.804],[-13.33,32.845],[-13.208,32.845],[-13.208,32.804],[-13.127,32.764],[-13.127,32.723],[-13.046,32.723],[-13.046,32.764],[-12.884,32.804],[-12.884,32.926],[-13.127,32.926],[-13.127,32.966],[-13.208,32.966],[-13.208,33.007],[-13.37,33.007],[-13.411,32.926],[-13.451,32.926],[-13.451,32.885],[-13.492,32.885],[-13.492,32.764],[-13.573,32.723],[-13.573,32.683],[-13.816,32.642],[-13.816,32.723],[-13.856,32.723],[-13.856,32.764],[-13.937,32.804],[-13.937,32.845],[-14.018,32.845],[-14.018,32.885],[-14.099,32.926],[-14.099,33.007],[-14.14,33.007],[-14.18,33.088],[-14.423,33.088],[-14.464,33.169],[-14.545,33.169],[-14.545,33.29],[-14.585,33.29],[-14.585,33.371],[-14.626,33.371],[-14.626,33.452],[-14.95,33.493],[-14.95,33.331],[-14.869,33.331],[-14.828,33.25],[-14.666,33.209],[-14.666,33.047],[-14.707,33.047],[-14.747,32.966],[-14.869,32.966],[-14.869,32.926],[-14.909,32.926],[-14.909,32.804],[-14.666,32.764],[-14.666,32.683],[-14.585,32.683],[-14.545,32.602],[-14.464,32.561],[-14.464,32.44],[-14.504,32.44],[-14.504,32.359],[-14.464,32.359],[-14.464,32.318],[-14.302,32.318],[-14.302,32.359],[-14.261,32.359],[-14.261,32.48],[-14.221,32.48],[-14.221,32.521],[-14.059,32.521],[-14.059,32.48],[-13.978,32.48],[-13.978,32.44],[-13.937,32.44],[-13.937,32.359],[-13.897,32.359],[-13.897,32.237],[-13.816,32.237],[-13.816,31.994],[-13.937,31.994],[-13.978,32.075],[-14.302,32.035],[-14.302,31.954],[-14.343,31.954],[-14.343,31.832],[-14.18,31.832],[-14.14,31.751],[-13.978,31.711],[-13.978,31.63],[-13.816,31.63],[-13.816,31.751],[-13.897,31.792],[-13.897,31.913],[-13.776,31.913],[-13.776,31.873],[-13.613,31.832],[-13.613,31.589],[-13.694,31.549],[-13.694,31.508],[-14.018,31.508],[-14.018,31.549],[-14.059,31.549],[-14.059,31.508],[-14.261,31.508],[-14.302,31.589],[-14.383,31.589],[-14.383,31.711],[-14.545,31.751],[-14.585,31.832],[-14.747,31.832],[-14.747,31.873],[-14.828,31.873],[-14.828,31.954],[-14.909,31.954],[-14.95,32.035],[-15.071,32.035],[-15.071,32.075],[-15.152,32.075],[-15.152,32.116],[-15.395,32.075],[-15.395,32.116],[-15.436,32.116],[-15.476,32.197],[-15.558,32.197],[-15.558,32.318],[-15.517,32.318],[-15.517,32.399],[-15.76,32.399],[-15.76,32.44],[-15.841,32.48],[-15.841,32.521],[-15.881,32.521],[-15.881,32.683],[-15.8,32.723],[-15.8,32.764],[-15.76,32.764],[-15.76,32.804],[-15.598,32.804],[-15.638,32.885],[-15.679,32.885],[-15.679,32.845],[-15.841,32.845],[-15.841,32.885],[-15.881,32.885],[-15.881,32.845],[-16.044,32.845],[-16.044,33.047],[-15.962,33.047],[-15.962,33.128],[-15.76,33.128],[-15.76,33.169],[-15.719,33.169],[-15.719,33.29],[-15.8,33.331],[-15.8,33.371],[-16.044,33.371],[-16.044,33.412],[-16.084,33.412],[-16.084,33.371],[-16.165,33.371],[-16.165,33.29],[-16.205,33.29],[-16.205,33.25],[-16.286,33.25],[-16.286,33.209],[-16.61,33.209],[-16.651,33.29],[-16.691,33.29],[-16.691,33.371],[-16.853,33.371],[-16.853,33.412],[-16.934,33.412],[-16.934,33.452],[-17.258,33.452],[-17.258,33.371],[-17.339,33.371],[-17.339,33.331],[-17.42,33.331],[-17.42,33.29],[-17.542,33.29],[-17.542,33.331],[-17.623,33.331],[-17.623,33.371],[-17.744,33.371],[-17.744,33.412],[-17.825,33.452],[-17.825,33.533],[-17.866,33.533],[-17.906,33.452],[-17.947,33.452],[-17.947,33.412],[-18.028,33.412],[-18.028,33.371],[-18.149,33.371],[-18.149,33.331],[-18.23,33.331],[-18.23,33.25],[-18.271,33.25],[-18.271,33.169],[-18.311,33.169],[-18.311,33.128],[-18.23,33.088],[-18.23,33.047],[-18.149,33.047],[-18.149,33.007],[-17.866,33.007],[-17.866,32.966],[-17.825,32.966],[-17.825,32.845],[-17.785,32.845],[-17.785,32.764],[-17.744,32.764],[-17.704,32.683],[-17.582,32.683],[-17.582,32.764],[-17.542,32.764],[-17.542,32.804],[-17.38,32.804],[-17.38,32.764],[-17.339,32.764],[-17.339,32.683],[-17.258,32.683],[-17.218,32.602],[-17.015,32.602],[-17.015,32.642],[-17.137,32.642],[-17.137,32.703],[-17.05,32.65],[-16.813,32.65],[-16.853,32.642],[-16.853,32.602],[-16.813,32.602],[-16.813,32.521],[-16.772,32.521],[-16.813,32.278],[-16.853,32.278],[-16.853,32.116],[-16.813,32.116],[-16.813,32.035],[-16.772,32.035],[-16.772,31.994],[-16.651,31.994],[-16.651,31.954],[-16.408,31.954],[-16.408,31.994],[-16.044,31.994],[-16.044,31.954],[-15.922,31.954],[-15.922,31.913],[-15.841,31.913],[-15.841,31.873],[-15.598,31.832],[-15.598,31.67],[-15.638,31.67],[-15.638,31.468],[-15.598,31.468],[-15.598,31.306],[-15.558,31.306],[-15.558,31.265],[-15.395,31.265],[-15.355,31.184],[-15.274,31.184],[-15.274,31.144],[-15.233,31.144],[-15.233,31.022],[-15.152,30.982],[-15.152,30.941],[-15.112,30.941],[-15.112,30.658],[-15.274,30.658],[-15.314,30.739],[-15.355,30.739],[-15.355,30.982],[-15.436,30.982],[-15.436,31.022],[-15.558,31.022],[-15.558,30.982],[-15.638,30.982],[-15.638,30.941],[-15.881,30.941],[-15.881,30.982],[-15.962,30.982],[-15.962,31.022],[-16.044,31.022],[-16.044,31.063],[-16.125,31.063],[-16.125,31.103],[-16.246,31.103],[-16.246,31.144],[-16.327,31.144],[-16.327,31.306],[-16.408,31.346],[-16.408,31.387],[-16.448,31.387],[-16.448,31.346],[-16.529,31.346],[-16.529,31.265],[-16.732,31.265],[-16.732,31.225],[-17.42,31.225],[-17.42,31.184],[-17.582,31.184],[-17.582,31.225],[-17.785,31.225],[-17.785,31.265],[-17.825,31.265],[-17.825,31.63],[-17.906,31.63],[-17.947,31.711],[-17.987,31.711],[-17.987,31.792],[-18.068,31.832],[-18.068,31.873],[-18.149,31.873],[-18.149,31.913],[-18.392,31.913],[-18.392,31.873],[-18.554,31.873],[-18.554,31.954],[-18.757,31.954],[-18.757,31.913],[-18.838,31.913],[-18.838,31.711],[-19.0,31.711],[-19.0,31.387],[-18.878,31.387],[-18.878,31.346],[-18.797,31.346],[-18.757,31.265],[-18.676,31.225],[-18.676,31.103],[-18.635,31.103],[-18.635,31.063],[-18.433,31.063],[-18.433,30.941],[-18.392,30.941],[-18.352,30.86],[-18.311,30.86],[-18.311,30.82],[-18.23,30.82],[-18.23,30.779],[-18.19,30.779],[-18.19,30.658],[-18.23,30.658],[-18.23,30.617],[-18.595,30.617],[-18.635,30.698],[-19.0,30.698],[-19.0,29.767],[-18.797,29.767],[-18.757,29.848],[-18.676,29.848],[-18.635,29.929],[-18.595,29.929],[-18.595,29.969],[-18.433,29.969],[-18.392,30.05],[-17.987,30.05],[-17.987,30.01],[-17.906,30.01],[-17.866,29.929],[-17.825,29.929],[-17.785,29.767],[-17.704,29.767],[-17.704,29.686],[-17.663,29.686],[-17.623,29.605],[-17.42,29.605],[-17.42,29.443],[-17.623,29.443],[-17.663,29.362],[-17.825,29.362],[-17.825,29.321],[-17.906,29.321],[-17.906,29.281],[-17.785,29.281],[-17.785,29.24],[-17.704,29.24],[-17.704,29.2],[-17.582,29.2],[-17.582,29.24],[-17.461,29.24],[-17.461,29.321],[-17.339,29.321],[-17.339,29.159],[-17.299,29.159],[-17.299,29.038],[-17.258,29.038],[-17.258,28.997],[-17.177,29.038],[-17.177,29.119],[-17.015,29.119],[-17.015,29.159],[-16.894,29.159],[-16.894,29.038],[-16.813,29.038],[-16.813,28.997],[-16.772,28.997],[-16.772,28.714],[-16.813,28.714],[-16.813,28.673],[-17.177,28.673],[-17.177,28.714],[-17.218,28.714],[-17.218,28.876],[-17.258,28.876],[-17.258,28.916],[-17.38,28.916],[-17.38,28.957],[-17.542,28.957],[-17.542,29.038],[-17.663,29.038],[-17.704,28.957],[-17.825,28.957],[-17.825,29.078],[-17.906,29.119],[-17.906,29.2],[-18.068,29.2],[-18.068,29.159],[-18.271,29.159],[-18.311,29.24],[-18.352,29.24],[-18.352,29.281],[-18.433,29.281],[-18.433,29.362],[-18.757,29.362],[-18.757,29.564],[-18.878,29.564],[-18.919,29.483],[-19.0,29.483],[-19.0,28.876],[-18.838,28.835],[-18.838,28.795],[-18.676,28.795],[-18.676,28.754],[-18.473,28.754],[-18.473,28.714],[-18.392,28.673],[-18.392,28.349],[-18.554,28.349],[-18.554,28.43],[-18.595,28.43],[-18.595,28.471],[-18.716,28.471],[-18.716,28.633],[-18.797,28.633],[-18.797,28.592],[-18.838,28.592],[-18.838,28.43],[-19.0,28.43],[-19.0,27.458],[-18.919,27.458],[-18.919,27.418],[-18.676,27.418],[-18.676,27.377],[-18.554,27.377],[-18.514,27.296],[-18.433,27.296],[-18.433,27.256],[-18.311,27.256],[-18.311,27.215],[-18.149,27.215],[-18.109,27.377],[-17.987,27.377],[-17.987,27.296],[-17.947,27.296],[-17.947,27.175],[-17.987,27.175],[-17.987,27.094],[-18.311,27.094],[-18.352,26.932],[-18.271,26.891],[-18.271,26.851],[-18.068,26.851],[-18.068,26.891],[-17.987,26.932],[-17.987,27.013],[-17.704,27.013],[-17.704,26.972],[-17.623,26.972],[-17.623,26.932],[-17.461,26.891],[-17.461,26.851],[-17.38,26.851],[-17.339,26.77],[-16.975,26.77],[-16.975,26.81],[-16.853,26.81],[-16.853,26.851],[-16.691,26.851],[-16.651,26.932],[-16.489,26.932],[-16.489,27.013],[-16.448,27.013],[-16.448,27.053],[-16.125,27.053],[-16.125,27.013],[-16.003,27.013],[-16.003,26.77],[-15.841,26.77],[-15.841,26.729],[-15.76,26.729],[-15.76,26.689],[-15.476,26.689],[-15.476,26.648],[-15.395,26.648],[-15.395,26.608],[-15.274,26.608],[-15.274,26.567],[-15.193,26.567],[-15.193,26.689],[-14.585,26.689],[-14.585,26.486],[-14.828,26.486],[-14.869,26.405],[-14.95,26.405],[-14.95,26.365],[-15.193,26.365],[-15.193,26.324],[-15.233,26.324],[-15.233,26.243],[-14.99,26.243],[-14.99,26.203],[-14.707,26.203],[-14.707,26.243],[-14.626,26.284],[-14.626,26.324],[-14.504,26.324],[-14.504,26.162],[-19.05,26.15],[-19.05,40.0],[-17.056,40.0],[-17.056,39.932],[-16.975,39.932],[-16.934,39.851],[-16.813,39.851],[-16.813,39.73],[-16.732,39.689],[-16.732,39.649],[-16.57,39.689],[-16.57,39.77]],[[-15.071,36.935],[-15.233,36.935],[-15.233,36.895],[-15.314,36.895],[-15.314,36.854],[-15.355,36.854],[-15.355,36.773],[-15.233,36.773],[-15.233,36.814],[-15.071,36.814],[-15.071,36.935]],[[-18.716,26.932],[-18.716,26.972],[-18.676,26.972],[-18.676,27.053],[-18.757,27.053],[-18.757,27.094],[-19.0,27.094],[-19.0,26.203],[-18.878,26.203],[-18.878,26.162],[-18.23,26.162],[-18.19,26.243],[-18.068,26.243],[-18.028,26.162],[-17.663,26.162],[-17.663,26.203],[-17.582,26.203],[-17.582,26.243],[-17.542,26.243],[-17.542,26.446],[-17.582,26.446],[-17.582,26.608],[-17.663,26.608],[-17.663,26.648],[-18.19,26.648],[-18.19,26.608],[-18.311,26.608],[-18.311,26.648],[-18.392,26.648],[-18.433,26.729],[-18.797,26.729],[-18.797,26.77],[-18.878,26.77],[-18.878,26.891],[-18.716,26.932]],[[-16.448,26.689],[-16.367,26.689],[-16.367,26.648],[-16.246,26.648],[-16.246,26.689],[-16.327,26.729],[-16.327,26.81],[-16.489,26.81],[-16.489,26.729],[-16.448,26.729],[-16.448,26.689]],[[-18.838,31.063],[-19.0,31.063],[-19.0,30.941],[-18.878,30.941],[-18.878,31.022],[-18.838,31.022],[-18.838,31.063]],[[-17.137,32.318],[-17.137,32.359],[-17.096,32.359],[-17.096,32.44],[-17.137,32.44],[-17.137,32.48],[-17.42,32.48],[-17.42,32.521],[-17.542,32.521],[-17.542,32.399],[-17.704,32.399],[-17.704,32.318],[-17.744,32.318],[-17.744,32.278],[-17.218,32.278],[-17.218,32.318],[-17.137,32.318]],[[-17.866,32.44],[-17.906,32.44],[-17.947,32.521],[-18.028,32.521],[-18.028,32.44],[-17.866,32.399],[-17.866,32.44]],[[-18.473,33.088],[-18.473,33.128],[-18.554,33.128],[-18.554,33.209],[-18.635,33.25],[-18.635,33.331],[-18.919,33.331],[-18.919,33.29],[-19.0,33.29],[-19.0,32.885],[-18.838,32.885],[-18.797,33.047],[-18.595,33.047],[-18.554,32.966],[-18.352,32.966],[-18.392,33.047],[-18.433,33.047],[-18.433,33.088],[-18.473,33.088]],[[-16.529,33.574],[-16.367,33.574],[-16.367,33.614],[-16.044,33.614],[-16.044,33.736],[-16.125,33.776],[-16.125,33.817],[-16.489,33.817],[-16.489,33.776],[-16.529,33.776],[-16.529,33.574]],[[-18.23,33.655],[-18.23,33.817],[-18.271,33.817],[-18.271,33.898],[-18.352,33.938],[-18.352,33.979],[-18.392,33.979],[-18.392,33.938],[-18.473,33.938],[-18.473,33.695],[-18.392,33.655],[-18.392,33.614],[-18.271,33.614],[-18.271,33.655],[-18.23,33.655]],[[-18.554,34.667],[-18.554,34.708],[-18.635,34.708],[-18.635,34.789],[-18.797,34.789],[-18.797,34.829],[-18.878,34.829],[-18.878,34.87],[-19.0,34.87],[-19.0,34.789],[-18.919,34.789],[-18.919,34.748],[-18.838,34.708],[-18.838,34.586],[-19.0,34.586],[-19.0,34.222],[-18.838,34.181],[-18.838,34.1],[-18.757,34.1],[-18.757,34.06],[-18.635,34.06],[-18.635,34.343],[-18.392,34.343],[-18.392,34.303],[-18.23,34.262],[-18.19,34.181],[-18.109,34.181],[-18.109,34.222],[-18.068,34.222],[-18.068,34.343],[-18.19,34.343],[-18.19,34.424],[-18.23,34.424],[-18.23,34.546],[-18.271,34.546],[-18.271,34.586],[-18.311,34.586],[-18.352,34.667],[-18.554,34.667]],[[-18.554,36.004],[-18.595,36.085],[-18.635,36.085],[-18.635,36.166],[-18.716,36.166],[-18.716,36.206],[-18.919,36.206],[-18.919,36.166],[-19.0,36.166],[-19.0,36.044],[-18.919,36.044],[-18.919,36.004],[-18.757,35.963],[-18.757,35.882],[-18.595,35.882],[-18.554,35.801],[-18.473,35.801],[-18.433,35.72],[-18.23,35.72],[-18.23,35.68],[-18.149,35.68],[-18.149,35.72],[-18.109,35.72],[-18.109,35.801],[-18.149,35.801],[-18.149,35.842],[-18.23,35.842],[-18.271,35.923],[-18.433,35.923],[-18.433,36.004],[-18.554,36.004]],[[-18.595,36.53],[-18.676,36.53],[-18.716,36.449],[-18.676,36.449],[-18.676,36.409],[-18.554,36.409],[-18.554,36.49],[-18.595,36.49],[-18.595,36.53]],[[-17.38,36.449],[-17.258,36.449],[-17.258,36.409],[-17.177,36.409],[-17.177,36.53],[-17.339,36.53],[-17.38,36.611],[-17.501,36.611],[-17.501,36.571],[-17.582,36.571],[-17.582,36.53],[-17.744,36.53],[-17.744,36.449],[-17.704,36.449],[-17.704,36.409],[-17.623,36.409],[-17.623,36.328],[-17.461,36.328],[-17.461,36.409],[-17.38,36.409],[-17.38,36.449]],[[-18.595,36.814],[-18.271,36.814],[-18.271,36.895],[-18.352,36.935],[-18.352,36.976],[-18.716,36.976],[-18.716,36.935],[-18.676,36.935],[-18.676,36.854],[-18.595,36.854],[-18.595,36.814]],[[-16.448,37.502],[-16.408,37.502],[-16.408,37.462],[-16.286,37.462],[-16.205,37.624],[-16.286,37.624],[-16.286,37.583],[-16.448,37.583],[-16.448,37.502]],[[-17.137,38.069],[-17.137,38.11],[-17.218,38.11],[-17.218,38.15],[-17.38,38.15],[-17.38,38.191],[-17.461,38.191],[-17.461,38.231],[-17.623,38.231],[-17.623,38.11],[-17.582,38.11],[-17.582,38.069],[-17.501,38.069],[-17.501,37.988],[-17.461,37.988],[-17.461,37.948],[-17.38,37.907],[-17.339,37.826],[-17.258,37.826],[-17.258,37.786],[-17.177,37.786],[-17.177,37.826],[-16.934,37.826],[-16.934,37.786],[-16.691,37.745],[-16.651,37.826],[-16.57,37.826],[-16.57,37.867],[-16.529,37.867],[-16.529,37.948],[-16.61,37.948],[-16.61,37.988],[-16.691,37.988],[-16.691,38.029],[-17.056,38.029],[-17.056,38.069],[-17.137,38.069]],[[-18.919,38.231],[-18.919,38.15],[-18.878,38.15],[-18.878,38.11],[-18.635,38.11],[-18.635,38.231],[-18.716,38.231],[-18.716,38.272],[-18.757,38.272],[-18.757,38.231],[-18.919,38.231]],[[-15.962,38.191],[-15.962,38.272],[-15.881,38.272],[-15.881,38.393],[-16.286,38.393],[-16.286,38.272],[-16.205,38.272],[-16.165,38.191],[-15.962,38.191]],[[-16.57,38.515],[-16.448,38.515],[-16.448,38.555],[-16.408,38.555],[-16.408,38.677],[-16.61,38.677],[-16.61,38.758],[-16.651,38.758],[-16.651,38.798],[-16.732,38.798],[-16.772,38.636],[-16.651,38.636],[-16.651,38.515],[-17.096,38.515],[-17.096,38.555],[-17.299,38.555],[-17.299,38.434],[-17.177,38.434],[-17.177,38.393],[-17.096,38.393],[-17.096,38.353],[-16.894,38.353],[-16.894,38.312],[-16.732,38.312],[-16.732,38.353],[-16.61,38.353],[-16.61,38.393],[-16.57,38.393],[-16.57,38.515]],[[-18.271,38.677],[-17.947,38.636],[-17.947,38.677],[-17.987,38.677],[-17.987,38.758],[-18.19,38.758],[-18.19,38.798],[-18.392,38.798],[-18.392,38.839],[-18.554,38.839],[-18.554,38.758],[-18.514,38.758],[-18.473,38.677],[-18.392,38.636],[-18.392,38.596],[-18.311,38.596],[-18.271,38.677]],[[-18.554,39.001],[-18.554,39.122],[-18.635,39.122],[-18.635,39.163],[-18.716,39.163],[-18.716,39.203],[-18.919,39.203],[-18.919,39.163],[-19.0,39.163],[-19.0,39.001],[-18.919,39.001],[-18.919,38.96],[-18.757,38.96],[-18.757,38.92],[-18.676,38.92],[-18.676,38.96],[-18.595,38.96],[-18.595,39.001],[-18.554,39.001]],[[-15.638,39.487],[-15.638,39.365],[-16.044,39.365],[-16.044,39.406],[-16.125,39.406],[-16.125,39.446],[-16.205,39.446],[-16.205,39.487],[-16.489,39.487],[-16.448,39.406],[-16.286,39.406],[-16.286,39.203],[-16.448,39.203],[-16.448,39.244],[-16.529,39.284],[-16.529,39.325],[-16.691,39.325],[-16.691,39.365],[-16.934,39.325],[-16.934,39.365],[-17.015,39.365],[-17.056,39.446],[-17.177,39.446],[-17.177,39.203],[-17.299,39.203],[-17.299,39.163],[-17.339,39.163],[-17.339,38.96],[-17.299,38.96],[-17.299,38.92],[-17.056,38.92],[-17.056,39.163],[-17.015,39.163],[-17.015,39.203],[-16.934,39.203],[-16.934,39.244],[-16.813,39.244],[-16.772,39.163],[-16.691,39.163],[-16.651,39.082],[-16.489,39.082],[-16.448,39.163],[-16.084,39.163],[-16.084,39.041],[-16.205,39.041],[-16.205,39.001],[-16.246,39.001],[-16.205,38.92],[-16.084,38.92],[-16.084,38.879],[-16.044,38.879],[-16.044,38.92],[-15.76,38.92],[-15.679,39.082],[-15.598,39.082],[-15.598,39.406],[-15.476,39.406],[-15.476,39.487],[-15.638,39.487]],[[-18.311,39.527],[-18.311,39.406],[-17.906,39.365],[-17.906,39.446],[-18.028,39.446],[-18.028,39.487],[-18.149,39.487],[-18.149,39.527],[-18.311,39.527]],[[-10.94,32.237],[-10.9,32.156],[-10.819,32.156],[-10.819,32.237],[-10.859,32.237],[-10.9,32.318],[-10.94,32.318],[-10.981,32.237],[-10.94,32.237]],[[-14.99,32.602],[-14.95,32.602],[-14.95,32.683],[-14.99,32.683],[-14.99,32.723],[-15.233,32.723],[-15.233,32.764],[-15.436,32.764],[-15.436,32.723],[-15.476,32.723],[-15.476,32.642],[-15.517,32.642],[-15.517,32.602],[-15.476,32.602],[-15.476,32.521],[-15.395,32.521],[-15.395,32.48],[-15.274,32.48],[-15.274,32.44],[-15.071,32.44],[-15.071,32.521],[-14.99,32.521],[-14.99,32.602]],[[-10.819,32.642],[-10.819,32.764],[-10.859,32.764],[-10.859,32.845],[-11.062,32.845],[-11.062,32.926],[-11.102,32.926],[-11.102,32.966],[-11.264,32.966],[-11.264,32.926],[-11.305,32.926],[-11.305,32.845],[-11.224,32.845],[-11.224,32.723],[-11.669,32.723],[-11.669,32.683],[-11.71,32.683],[-11.71,32.602],[-11.669,32.602],[-11.669,32.521],[-11.588,32.48],[-11.588,32.44],[-11.548,32.44],[-11.548,32.359],[-11.467,32.359],[-11.467,32.399],[-11.305,32.399],[-11.305,32.359],[-11.183,32.359],[-11.183,32.399],[-11.102,32.399],[-11.102,32.521],[-11.143,32.521],[-11.143,32.602],[-11.183,32.602],[-11.183,32.804],[-11.021,32.804],[-11.021,32.683],[-10.981,32.683],[-10.981,32.602],[-10.859,32.602],[-10.859,32.642],[-10.819,32.642]],[[-12.317,32.845],[-12.277,32.845],[-12.277,32.804],[-12.074,32.804],[-12.074,32.885],[-12.115,32.885],[-12.115,32.926],[-12.236,32.926],[-12.236,32.966],[-12.317,32.966],[-12.317,32.845]],[[-14.059,33.29],[-14.059,33.209],[-13.978,33.209],[-13.978,33.169],[-13.856,33.169],[-13.856,33.25],[-13.897,33.25],[-13.897,33.29],[-14.059,33.29]],[[-15.355,33.25],[-15.314,33.25],[-15.274,33.169],[-15.233,33.169],[-15.233,33.25],[-15.274,33.25],[-15.274,33.371],[-15.436,33.412],[-15.436,33.371],[-15.355,33.331],[-15.355,33.25]],[[-10.495,33.412],[-10.454,33.412],[-10.414,33.574],[-10.373,33.574],[-10.373,33.695],[-10.495,33.695],[-10.495,33.736],[-10.535,33.736],[-10.535,33.695],[-10.616,33.695],[-10.657,33.533],[-10.697,33.533],[-10.738,33.371],[-10.778,33.371],[-10.778,33.25],[-10.819,33.25],[-10.859,33.169],[-10.9,33.169],[-10.9,33.128],[-10.576,33.128],[-10.576,33.169],[-10.535,33.169],[-10.535,33.25],[-10.495,33.25],[-10.495,33.412]],[[-11.507,33.533],[-11.507,33.574],[-11.669,33.574],[-11.669,33.493],[-11.426,33.493],[-11.426,33.533],[-11.507,33.533]],[[-14.343,33.857],[-14.504,33.817],[-14.504,33.655],[-14.383,33.655],[-14.383,33.776],[-14.343,33.776],[-14.343,33.857]],[[-10.738,33.776],[-10.738,33.857],[-10.697,33.857],[-10.738,33.938],[-10.94,33.938],[-10.94,33.898],[-11.021,33.898],[-11.021,33.857],[-11.062,33.857],[-11.062,33.776],[-11.102,33.776],[-11.062,33.695],[-10.94,33.695],[-10.94,33.736],[-10.859,33.736],[-10.859,33.776],[-10.738,33.776]],[[-15.558,34.019],[-15.517,34.019],[-15.476,33.938],[-15.314,33.938],[-15.314,34.06],[-15.355,34.06],[-15.355,34.222],[-15.436,34.222],[-15.436,34.262],[-15.476,34.262],[-15.476,34.222],[-15.558,34.222],[-15.558,34.019]],[[-10.009,34.1],[-10.009,34.141],[-9.968,34.141],[-9.968,34.222],[-10.09,34.222],[-10.09,34.181],[-10.171,34.181],[-10.171,34.141],[-10.211,34.141],[-10.171,34.06],[-10.009,34.1]],[[-10.535,34.06],[-10.373,34.1],[-10.373,34.222],[-10.535,34.222],[-10.535,34.06]],[[-8.51,34.829],[-8.47,34.829],[-8.51,34.91],[-8.551,34.91],[-8.551,34.87],[-8.672,34.87],[-8.672,34.829],[-8.794,34.829],[-8.794,34.951],[-8.834,34.951],[-8.834,34.789],[-8.915,34.789],[-8.915,34.708],[-8.794,34.708],[-8.794,34.748],[-8.551,34.748],[-8.51,34.829]],[[-13.937,36.085],[-14.059,36.085],[-14.059,35.963],[-13.937,35.963],[-13.937,36.085]]],[[[-12.034,35.032],[-12.439,35.032],[-12.479,35.113],[-12.52,35.113],[-12.52,35.194],[-12.561,35.194],[-12.561,35.437],[-12.439,35.437],[-12.398,35.356],[-12.155,35.356],[-12.155,35.275],[-12.074,35.234],[-12.074,35.153],[-12.034,35.153],[-12.034,35.032]]],[[[-12.561,36.125],[-12.561,36.166],[-12.398,36.166],[-12.398,36.044],[-12.439,36.044],[-12.439,36.004],[-12.601,36.004],[-12.601,36.125],[-12.561,36.125]]],[[[-10.859,36.49],[-10.819,36.49],[-10.819,36.611],[-10.778,36.611],[-10.778,36.652],[-10.657,36.652],[-10.657,36.692],[-10.576,36.692],[-10.576,36.854],[-10.454,36.854],[-10.454,36.692],[-10.535,36.692],[-10.535,36.611],[-10.495,36.611],[-10.495,36.571],[-10.454,36.571],[-10.454,36.611],[-10.333,36.611],[-10.333,36.449],[-10.414,36.449],[-10.414,36.328],[-10.333,36.328],[-10.333,36.287],[-10.09,36.287],[-10.09,36.328],[-9.968,36.328],[-9.968,36.409],[-9.766,36.409],[-9.766,36.368],[-9.725,36.368],[-9.725,36.287],[-9.563,36.287],[-9.563,36.328],[-9.401,36.328],[-9.401,36.409],[-9.361,36.409],[-9.32,36.49],[-9.239,36.53],[-9.239,36.571],[-9.158,36.571],[-9.158,36.611],[-8.996,36.611],[-8.996,36.652],[-8.794,36.652],[-8.794,36.53],[-8.875,36.49],[-8.875,36.449],[-9.199,36.368],[-9.199,36.044],[-9.28,36.044],[-9.28,36.004],[-9.401,36.004],[-9.401,35.963],[-9.523,35.963],[-9.523,35.923],[-9.644,35.923],[-9.644,35.963],[-9.725,35.963],[-9.725,36.004],[-10.009,36.004],[-10.009,35.923],[-10.09,35.923],[-10.09,35.882],[-10.252,35.842],[-10.252,35.801],[-10.454,35.801],[-10.454,35.761],[-10.535,35.761],[-10.495,35.518],[-10.859,35.518],[-10.859,35.558],[-11.305,35.558],[-11.305,35.518],[-11.467,35.518],[-11.467,35.68],[-11.386,35.68],[-11.386,36.166],[-11.264,36.166],[-11.264,36.125],[-11.102,36.125],[-11.102,36.247],[-10.981,36.247],[-10.981,36.287],[-10.94,36.287],[-10.94,36.409],[-10.859,36.449],[-10.859,36.49]],[[-10.576,36.085],[-10.738,36.085],[-10.738,36.004],[-10.616,36.004],[-10.616,36.044],[-10.576,36.044],[-10.576,36.085]]],[[[-13.006,36.247],[-13.249,36.247],[-13.249,36.409],[-12.925,36.409],[-12.925,36.287],[-13.006,36.287],[-13.006,36.247]]],[[[-10.009,36.773],[-9.806,36.773],[-9.806,36.652],[-9.847,36.652],[-9.847,36.611],[-9.968,36.611],[-9.968,36.652],[-10.009,36.652],[-10.009,36.773]]],[[[-12.115,36.854],[-11.953,36.854],[-11.953,36.733],[-12.115,36.733],[-12.115,36.854]]],[[[-12.763,36.814],[-12.722,36.814],[-12.722,36.652],[-12.884,36.652],[-12.884,36.733],[-12.965,36.773],[-12.965,36.935],[-12.763,36.935],[-12.763,36.814]]],[[[-9.725,36.935],[-9.604,36.935],[-9.604,36.814],[-9.725,36.814],[-9.725,36.935]]],[[[-11.912,37.057],[-11.912,37.097],[-11.994,37.138],[-11.994,37.3],[-11.953,37.3],[-11.912,37.462],[-11.669,37.462],[-11.669,37.421],[-11.386,37.421],[-11.386,37.381],[-11.345,37.381],[-11.345,37.178],[-11.386,37.178],[-11.386,37.097],[-11.426,37.097],[-11.426,37.057],[-11.507,37.057],[-11.507,37.016],[-11.588,37.016],[-11.588,36.976],[-11.831,36.976],[-11.831,37.057],[-11.912,37.057]]],[[[-13.411,37.826],[-13.33,37.826],[-13.33,37.948],[-13.289,37.948],[-13.289,37.988],[-13.208,37.988],[-13.208,38.11],[-13.046,38.11],[-13.046,38.272],[-12.722,38.272],[-12.722,38.231],[-12.641,38.231],[-12.641,38.191],[-12.601,38.191],[-12.601,38.029],[-12.641,38.029],[-12.641,37.907],[-12.561,37.907],[-12.561,37.705],[-12.641,37.664],[-12.682,37.502],[-12.722,37.502],[-12.722,37.381],[-12.641,37.381],[-12.641,37.34],[-12.52,37.34],[-12.52,37.381],[-12.439,37.381],[-12.439,37.421],[-12.358,37.421],[-12.358,37.462],[-12.236,37.462],[-12.236,37.34],[-12.317,37.34],[-12.358,37.259],[-12.398,37.259],[-12.398,37.138],[-12.358,37.138],[-12.317,37.057],[-12.277,37.057],[-12.277,36.895],[-12.358,36.895],[-12.398,36.814],[-12.52,36.814],[-12.52,37.057],[-12.561,37.057],[-12.561,37.178],[-12.601,37.178],[-12.601,37.219],[-12.682,37.219],[-12.682,37.259],[-12.844,37.259],[-12.884,37.178],[-13.006,37.178],[-13.006,37.097],[-13.127,37.097],[-13.127,37.016],[-13.168,37.016],[-13.168,36.976],[-13.208,36.976],[-13.249,36.895],[-13.33,36.895],[-13.33,36.854],[-13.37,36.854],[-13.37,36.692],[-13.289,36.692],[-13.289,36.571],[-13.411,36.571],[-13.411,36.53],[-13.654,36.53],[-13.694,36.611],[-13.735,36.611],[-13.735,36.652],[-13.776,36.652],[-13.776,36.733],[-13.856,36.733],[-13.856,37.057],[-13.897,37.057],[-13.897,37.178],[-13.856,37.178],[-13.856,37.219],[-13.776,37.219],[-13.776,37.3],[-13.37,37.3],[-13.37,37.178],[-13.411,37.178],[-13.411,37.138],[-13.127,37.138],[-13.127,37.259],[-13.33,37.259],[-13.33,37.381],[-13.289,37.381],[-13.289,37.462],[-13.127,37.462],[-13.127,37.502],[-13.046,37.502],[-13.046,37.543],[-12.965,37.543],[-12.965,37.583],[-13.006,37.583],[-13.006,37.705],[-12.844,37.786],[-12.803,37.867],[-12.965,37.907],[-12.965,37.948],[-13.087,37.948],[-13.087,37.907],[-13.168,37.907],[-13.208,37.826],[-13.289,37.826],[-13.289,37.705],[-13.411,37.705],[-13.411,37.826]],[[-13.573,36.976],[-13.694,36.976],[-13.694,36.854],[-13.613,36.814],[-13.613,36.854],[-13.573,36.854],[-13.573,36.976]]],[[[-11.102,37.583],[-10.859,37.583],[-10.859,37.462],[-10.9,37.462],[-10.9,37.421],[-11.062,37.421],[-11.062,37.462],[-11.102,37.462],[-11.102,37.583]]],[[[-11.102,38.029],[-11.264,38.029],[-11.264,38.069],[-11.386,38.069],[-11.426,38.15],[-11.548,38.15],[-11.548,38.272],[-11.305,38.272],[-11.305,38.191],[-11.143,38.191],[-11.143,38.15],[-11.062,38.15],[-11.062,38.11],[-10.819,38.11],[-10.819,37.988],[-10.9,37.988],[-10.9,37.948],[-11.021,37.948],[-11.021,37.988],[-11.102,37.988],[-11.102,38.029]]],[[[-9.442,38.393],[-9.401,38.312],[-9.361,38.312],[-9.361,38.15],[-9.482,38.15],[-9.482,38.069],[-9.644,38.069],[-9.644,38.11],[-9.725,38.11],[-9.725,37.988],[-9.928,37.988],[-9.928,37.867],[-10.049,37.867],[-10.049,37.907],[-10.09,37.907],[-10.09,37.867],[-10.252,37.867],[-10.252,37.786],[-10.373,37.786],[-10.373,37.907],[-10.292,37.907],[-10.292,38.029],[-10.373,38.029],[-10.373,37.988],[-10.495,37.988],[-10.495,38.069],[-10.535,38.069],[-10.535,38.11],[-10.616,38.11],[-10.616,38.15],[-10.657,38.15],[-10.657,38.272],[-10.576,38.312],[-10.576,38.353],[-10.535,38.353],[-10.535,38.474],[-10.292,38.474],[-10.292,38.515],[-10.171,38.515],[-10.171,38.596],[-10.09,38.636],[-10.09,38.717],[-9.968,38.717],[-9.968,38.636],[-9.928,38.636],[-9.928,38.596],[-9.847,38.596],[-9.847,38.555],[-9.806,38.555],[-9.806,38.596],[-9.725,38.596],[-9.725,38.636],[-9.644,38.636],[-9.604,38.717],[-9.523,38.717],[-9.523,38.839],[-9.5,38.85],[-9.5,38.7],[-9.334,38.677],[-9.361,38.677],[-9.361,38.636],[-9.442,38.636],[-9.442,38.555],[-9.482,38.555],[-9.482,38.515],[-9.28,38.515],[-9.28,38.393],[-9.442,38.393]]],[[[-12.398,38.515],[-12.115,38.515],[-12.115,38.393],[-12.196,38.393],[-12.196,38.353],[-12.358,38.353],[-12.358,38.393],[-12.398,38.393],[-12.398,38.515]]],[[[-13.208,38.596],[-13.249,38.596],[-13.249,38.717],[-13.087,38.717],[-13.087,38.555],[-13.208,38.555],[-13.208,38.596]]],[[[-11.831,38.596],[-11.831,38.717],[-11.791,38.717],[-11.75,38.798],[-11.264,38.798],[-11.264,38.839],[-11.143,38.839],[-11.143,38.879],[-11.021,38.879],[-11.021,38.758],[-11.062,38.758],[-11.062,38.717],[-11.143,38.717],[-11.183,38.636],[-11.224,38.636],[-11.224,38.555],[-11.426,38.555],[-11.426,38.596],[-11.548,38.596],[-11.548,38.636],[-11.669,38.636],[-11.669,38.596],[-11.831,38.596]]],[[[-10.9,39.851],[-10.657,39.851],[-10.657,39.892],[-10.535,39.892],[-10.535,39.73],[-10.616,39.73],[-10.657,39.649],[-10.819,39.649],[-10.819,39.689],[-10.9,39.689],[-10.9,39.73],[-11.143,39.73],[-11.183,39.649],[-11.264,39.649],[-11.264,39.527],[-11.305,39.527],[-11.305,39.446],[-11.548,39.446],[-11.548,39.487],[-11.71,39.487],[-11.71,39.527],[-11.791,39.527],[-11.791,39.608],[-11.831,39.608],[-11.831,39.73],[-11.71,39.73],[-11.71,39.77],[-11.507,39.77],[-11.507,39.811],[-11.386,39.811],[-11.386,39.851],[-11.224,39.851],[-11.224,39.892],[-11.183,39.892],[-11.183,39.932],[-11.264,39.932],[-11.298,40.0],[-10.9,40.0],[-10.9,39.851]]],[[[-10.414,39.77],[-10.252,39.77],[-10.252,39.851],[-10.211,39.851],[-10.211,39.892],[-10.13,39.892],[-10.13,39.932],[-9.928,39.932],[-9.887,39.851],[-9.847,39.851],[-9.847,39.811],[-9.806,39.811],[-9.806,39.77],[-9.725,39.73],[-9.725,39.608],[-9.806,39.608],[-9.806,39.568],[-10.373,39.568],[-10.373,39.608],[-10.454,39.608],[-10.454,39.73],[-10.414,39.73],[-10.414,39.77]]],[[[-12.925,39.649],[-13.127,39.649],[-13.127,39.851],[-13.046,39.851],[-13.046,40.0],[-12.641,40.0],[-12.641,39.973],[-12.722,39.973],[-12.763,39.892],[-12.925,39.892],[-12.925,39.851],[-12.844,39.811],[-12.844,39.689],[-12.925,39.689],[-12.925,39.649]]],[[[-10.697,39.973],[-10.697,40.0],[-10.4,40.0],[-10.454,39.973],[-10.454,39.932],[-10.576,39.932],[-10.576,39.973],[-10.697,39.973]]],[[[-9.66,51.555],[-9.66,51.592],[-9.592,51.614],[-9.546,51.611],[-9.66,51.555]]],[[[-9.854,51.775],[-9.9,51.741],[-9.9,51.78],[-9.82,51.78],[-9.82,51.827],[-9.75,51.849],[-9.813,51.788],[-9.786,51.769],[-9.854,51.775]]],[[[-10.22,51.847],[-10.181,51.82],[-10.22,51.82],[-10.22,51.847]]],[[[-9.916,52.11],[-9.928,52.068],[-9.955,52.09],[-9.916,52.11]]],[[[-9.8,52.151],[-9.8,52.122],[-9.874,52.119],[-9.874,52.131],[-9.8,52.151]]],[[[-9.84,52.252],[-9.872,52.233],[-9.894,52.252],[-9.84,52.252]]],[[[-10.158,52.273],[-10.043,52.273],[-10.101,52.241],[-10.168,52.241],[-10.158,52.273]]],[[[-9.834,52.289],[-9.874,52.292],[-9.894,52.39],[-9.834,52.375],[-9.826,52.31],[-9.862,52.296],[-9.834,52.289]]],[[[-9.691,52.54],[-9.683,52.495],[-9.65,52.479],[-9.711,52.481],[-9.691,52.54]]],[[[-9.65,53.29],[-9.65,53.263],[-9.711,53.274],[-9.711,53.297],[-9.65,53.29]]],[[[-9.711,53.299],[-9.711,53.308],[-9.651,53.308],[-9.651,53.34],[-9.65,53.3],[-9.711,53.299]]],[[[-9.65,53.392],[-9.65,53.351],[-9.691,53.349],[-9.691,53.369],[-9.65,53.392]]],[[[-9.935,53.349],[-9.923,53.4],[-9.85,53.398],[-9.85,53.366],[-9.935,53.349]]],[[[-10.05,53.482],[-10.087,53.482],[-10.053,53.454],[-10.138,53.446],[-10.138,53.491],[-10.05,53.482]]],[[[-10.108,53.55],[-10.138,53.572],[-10.056,53.572],[-10.05,53.592],[-10.05,53.567],[-10.115,53.57],[-10.108,53.55]]],[[[-9.935,53.714],[-9.915,53.714],[-9.9,53.605],[-10.01,53.604],[-9.996,53.633],[-9.935,53.633],[-9.935,53.714]]],[[[-9.622,53.817],[-9.6,53.793],[-9.813,53.778],[-9.651,53.795],[-9.63,53.876],[-9.651,53.897],[-9.894,53.856],[-9.894,53.861],[-9.758,53.899],[-9.615,53.899],[-9.622,53.817]]],[[[-9.939,53.876],[-9.996,53.876],[-10.012,53.91],[-9.958,53.881],[-9.928,53.958],[-9.892,53.958],[-9.939,53.876]]],[[[-9.9,54.083],[-9.9,54.059],[-9.955,54.059],[-9.9,54.083]]],[[[-9.984,54.223],[-9.9,54.242],[-9.91,54.204],[-9.984,54.223]]],[[[-9.893,54.25],[-9.982,54.282],[-9.894,54.282],[-9.846,54.323],[-9.8,54.263],[-9.893,54.25]]],[[[-9.732,54.323],[-9.468,54.323],[-9.468,54.305],[-9.732,54.323]]],[[[-12.553,54.648],[-12.553,54.607],[-12.472,54.587],[-12.472,54.526],[-12.452,54.627],[-12.229,54.648],[-12.229,54.526],[-12.168,54.526],[-12.168,54.465],[-12.188,54.424],[-12.289,54.384],[-12.31,54.323],[-12.492,54.303],[-12.492,54.262],[-12.533,54.262],[-12.553,54.161],[-12.614,54.14],[-12.838,54.14],[-12.838,54.181],[-12.878,54.181],[-12.898,54.221],[-12.878,54.465],[-12.838,54.465],[-12.838,54.546],[-12.777,54.567],[-12.777,54.607],[-12.716,54.627],[-12.716,54.668],[-12.553,54.648]]],[[[-9.793,55.845],[-9.793,55.785],[-9.853,55.785],[-9.853,55.744],[-9.793,55.724],[-9.772,55.642],[-9.691,55.663],[-9.711,55.785],[-9.651,55.785],[-9.651,55.744],[-9.61,55.724],[-9.529,55.724],[-9.549,55.541],[-9.813,55.541],[-9.894,55.582],[-10.036,55.582],[-10.158,55.541],[-10.219,55.5],[-10.219,55.46],[-10.28,55.46],[-10.341,55.399],[-10.381,55.399],[-10.381,55.318],[-10.341,55.318],[-10.341,55.257],[-10.381,55.257],[-10.402,55.155],[-10.503,55.155],[-10.523,55.115],[-10.787,55.115],[-10.808,55.155],[-10.848,55.155],[-10.869,55.297],[-10.95,55.297],[-10.99,55.338],[-11.112,55.338],[-11.173,55.358],[-11.193,55.399],[-11.295,55.399],[-11.315,55.439],[-11.376,55.439],[-11.376,55.521],[-11.295,55.521],[-11.254,55.561],[-11.071,55.561],[-11.051,55.602],[-10.95,55.622],[-11.011,55.642],[-11.011,55.724],[-10.929,55.703],[-10.929,55.785],[-10.869,55.805],[-10.869,55.866],[-10.808,55.866],[-10.808,55.703],[-10.889,55.683],[-10.767,55.683],[-10.767,55.622],[-10.808,55.622],[-10.808,55.582],[-10.706,55.541],[-10.686,55.46],[-10.605,55.439],[-10.544,55.48],[-10.544,55.541],[-10.381,55.582],[-10.361,55.703],[-10.381,55.744],[-10.483,55.785],[-10.605,55.785],[-10.605,55.866],[-10.544,55.866],[-10.503,55.906],[-10.361,55.886],[-10.239,55.988],[-10.056,56.028],[-9.894,56.008],[-9.772,56.048],[-9.711,56.109],[-9.61,56.109],[-9.61,56.028],[-9.671,56.008],[-9.671,55.906],[-9.711,55.906],[-9.711,55.845],[-9.793,55.845]]],[[[-10.706,56.211],[-10.686,56.17],[-10.625,56.15],[-10.625,56.069],[-10.808,56.089],[-10.889,56.15],[-10.889,56.191],[-11.011,56.191],[-11.011,56.251],[-10.99,56.292],[-10.889,56.292],[-10.767,56.211],[-10.706,56.211]]],[[[-10.686,56.597],[-10.686,56.556],[-10.869,56.556],[-10.869,56.637],[-10.747,56.678],[-10.625,56.678],[-10.625,56.617],[-10.686,56.597]]],[[[-10.503,56.678],[-10.503,56.739],[-10.442,56.739],[-10.442,56.678],[-10.503,56.678]]],[[[-11.417,56.718],[-11.417,56.779],[-11.335,56.779],[-11.335,56.718],[-11.417,56.718]]],[[[-11.071,56.982],[-11.092,56.8],[-11.315,56.759],[-11.295,56.881],[-11.254,56.881],[-11.254,56.921],[-11.295,56.921],[-11.254,57.043],[-11.193,57.063],[-11.193,57.104],[-11.132,57.104],[-11.112,57.165],[-11.051,57.185],[-11.051,57.226],[-10.869,57.266],[-10.869,57.185],[-10.909,57.124],[-11.092,57.063],[-11.071,56.982]]],[[[-12.574,58.119],[-12.472,58.119],[-12.472,58.038],[-12.574,58.058],[-12.574,58.119]]],[[[-11.721,58.058],[-11.782,58.099],[-11.924,58.058],[-11.924,58.018],[-12.026,58.018],[-12.026,58.078],[-11.863,58.16],[-11.843,58.2],[-11.498,58.18],[-11.274,58.119],[-11.274,58.058],[-11.376,58.038],[-11.721,58.058]]],[[[-10.442,58.302],[-10.422,58.383],[-10.28,58.383],[-10.28,58.261],[-10.381,58.261],[-10.381,58.302],[-10.442,58.302]]],[[[-10.95,58.302],[-10.95,58.363],[-10.787,58.403],[-10.686,58.403],[-10.686,58.363],[-10.645,58.363],[-10.645,58.302],[-10.95,58.302]]],[[[-11.011,58.545],[-11.011,58.606],[-10.909,58.606],[-10.909,58.545],[-11.011,58.545]]],[[[-10.523,58.667],[-10.523,58.586],[-10.686,58.545],[-10.726,58.566],[-10.726,58.627],[-10.523,58.667]]],[[[-10.645,59.987],[-10.95,60.007],[-10.95,60.068],[-10.645,60.048],[-10.645,59.987]]],[[[-11.092,60.088],[-11.092,60.027],[-11.437,60.068],[-11.437,60.149],[-11.193,60.129],[-11.153,60.088],[-11.092,60.088]]],[[[-9.874,60.149],[-9.874,60.21],[-9.772,60.21],[-9.772,60.149],[-9.874,60.149]]],[[[-11.477,61.042],[-11.477,61.103],[-11.396,61.103],[-11.396,61.042],[-11.477,61.042]]],[[[-12.574,61.347],[-12.574,61.387],[-12.411,61.387],[-12.371,61.347],[-12.188,61.306],[-12.168,61.266],[-12.127,61.266],[-12.107,61.205],[-12.046,61.184],[-11.924,61.184],[-11.863,61.144],[-11.64,61.164],[-11.62,61.002],[-11.68,61.002],[-11.68,60.961],[-11.863,60.961],[-11.985,61.002],[-12.168,60.981],[-12.168,61.002],[-12.472,61.022],[-12.574,61.083],[-12.635,61.083],[-12.655,61.123],[-12.655,61.184],[-12.594,61.205],[-12.635,61.205],[-12.635,61.245],[-12.756,61.245],[-12.756,61.306],[-12.655,61.306],[-12.635,61.347],[-12.574,61.347]]],[[[-10.219,61.387],[-10.158,61.367],[-10.138,61.306],[-10.036,61.266],[-10.016,61.245],[-10.036,61.164],[-10.28,61.164],[-10.28,61.123],[-10.381,61.103],[-10.483,61.123],[-10.483,61.205],[-10.442,61.205],[-10.442,61.306],[-10.32,61.347],[-10.32,61.428],[-10.219,61.428],[-10.219,61.387]]],[[[-9.112,32.683],[-9.25,32.6],[-9.279,32.546],[-9.25,32.449],[-9.3,32.4],[-9.3,32.16],[-9.341,32.079],[-9.4,32.05],[-9.4,31.996],[-9.496,31.9],[-9.55,31.9],[-9.55,31.847],[-9.685,31.7],[-9.685,31.751],[-9.725,31.751],[-9.725,31.873],[-9.685,31.873],[-9.685,31.913],[-9.604,31.913],[-9.563,31.994],[-9.523,31.994],[-9.523,32.035],[-9.442,32.075],[-9.442,32.197],[-9.401,32.197],[-9.401,32.278],[-9.442,32.278],[-9.442,32.44],[-9.28,32.521],[-9.28,32.723],[-9.239,32.723],[-9.239,32.804],[-9.158,32.804],[-9.158,32.966],[-9.118,32.966],[-9.118,33.128],[-9.077,33.128],[-9.077,33.371],[-8.996,33.371],[-8.996,33.412],[-8.875,33.412],[-8.875,33.452],[-8.794,33.452],[-8.794,33.493],[-8.672,33.493],[-8.632,33.574],[-8.551,33.574],[-8.551,33.655],[-8.348,33.655],[-8.348,33.695],[-8.227,33.695],[-8.227,33.493],[-8.47,33.493],[-8.47,33.452],[-8.51,33.452],[-8.551,33.371],[-8.591,33.371],[-8.591,33.25],[-8.548,33.25],[-8.65,33.2],[-8.65,33.108],[-8.7,33.1],[-8.7,33.062],[-8.75,33.05],[-8.775,32.987],[-8.85,32.95],[-8.853,32.898],[-8.994,32.8],[-9.05,32.8],[-9.05,32.745],[-9.112,32.683]]],[[[-8.45,33.3],[-8.389,33.331],[-8.348,33.412],[-8.207,33.412],[-8.3,33.4],[-8.379,33.305],[-8.45,33.3]]],[[[-8.47,33.261],[-8.47,33.29],[-8.45,33.3],[-8.47,33.261]]],[[[-7.55,33.626],[-7.668,33.613],[-7.85,33.55],[-7.891,33.503],[-8.055,33.45],[-8.15,33.45],[-8.186,33.415],[-8.186,33.452],[-8.105,33.452],[-8.105,33.574],[-8.024,33.614],[-8.024,33.655],[-7.903,33.655],[-7.903,33.695],[-8.024,33.695],[-8.024,33.817],[-7.984,33.817],[-7.984,33.857],[-7.822,33.857],[-7.822,33.776],[-7.781,33.776],[-7.781,33.817],[-7.741,33.817],[-7.741,33.857],[-7.7,33.857],[-7.66,33.938],[-7.498,33.938],[-7.498,33.898],[-7.457,33.898],[-7.457,33.938],[-7.376,33.938],[-7.376,34.06],[-7.295,34.06],[-7.295,34.1],[-6.971,34.1],[-6.971,34.141],[-6.89,34.141],[-6.85,34.222],[-6.769,34.262],[-6.769,34.384],[-6.688,34.424],[-6.688,34.505],[-6.809,34.505],[-6.809,34.789],[-6.688,34.789],[-6.688,34.829],[-6.607,34.829],[-6.607,34.91],[-6.489,34.91],[-6.489,34.818],[-6.432,34.818],[-6.375,34.931],[-6.318,34.931],[-6.288,35.102],[-6.214,35.102],[-6.3,34.875],[-6.35,34.85],[-6.35,34.78],[-6.58,34.39],[-6.65,34.35],[-6.734,34.163],[-6.95,33.929],[-7.231,33.8],[-7.3,33.8],[-7.3,33.754],[-7.406,33.727],[-7.55,33.626]]],[[[-7.781,36.166],[-7.498,36.166],[-7.498,36.125],[-7.376,36.125],[-7.376,36.166],[-7.255,36.166],[-7.255,36.247],[-7.214,36.247],[-7.214,36.287],[-7.093,36.287],[-7.093,36.166],[-7.174,36.125],[-7.174,36.085],[-7.133,36.085],[-7.133,36.044],[-6.971,36.044],[-6.971,35.923],[-6.931,35.923],[-6.931,35.72],[-6.85,35.72],[-6.85,35.68],[-6.809,35.68],[-6.809,35.518],[-6.89,35.518],[-6.89,35.477],[-7.255,35.477],[-7.255,35.437],[-7.376,35.437],[-7.376,35.477],[-7.457,35.477],[-7.457,35.599],[-7.498,35.599],[-7.498,35.68],[-7.579,35.68],[-7.579,35.72],[-7.741,35.72],[-7.781,35.639],[-7.862,35.639],[-7.862,35.599],[-7.984,35.599],[-7.984,35.72],[-7.943,35.72],[-7.943,35.801],[-7.862,35.801],[-7.822,35.882],[-7.741,35.882],[-7.741,36.004],[-7.781,36.004],[-7.781,36.166]]],[[[-7.943,36.004],[-7.862,36.004],[-7.862,35.882],[-7.943,35.882],[-7.943,35.842],[-8.065,35.842],[-8.065,35.923],[-8.105,35.923],[-8.105,36.044],[-7.943,36.044],[-7.943,36.004]]],[[[-7.75,37.0],[-7.721,37.059],[-7.614,37.1],[-7.619,37.057],[-7.457,37.057],[-7.417,36.976],[-7.376,36.976],[-7.376,36.935],[-7.093,36.935],[-7.052,36.854],[-6.971,36.854],[-6.971,36.773],[-6.89,36.773],[-6.89,36.611],[-7.052,36.611],[-7.052,36.692],[-7.295,36.652],[-7.295,36.692],[-7.336,36.692],[-7.336,36.814],[-7.417,36.814],[-7.417,36.692],[-7.457,36.692],[-7.457,36.652],[-7.538,36.652],[-7.538,36.53],[-7.7,36.49],[-7.741,36.409],[-8.024,36.409],[-8.024,36.49],[-8.105,36.49],[-8.105,36.449],[-8.227,36.449],[-8.227,36.49],[-8.267,36.49],[-8.267,36.611],[-8.227,36.611],[-8.227,36.652],[-8.267,36.652],[-8.308,36.733],[-8.389,36.733],[-8.389,36.854],[-8.267,36.854],[-8.267,36.895],[-8.389,36.895],[-8.389,36.935],[-8.47,36.935],[-8.47,36.976],[-8.753,36.976],[-8.753,36.935],[-8.915,36.935],[-8.915,36.976],[-8.996,36.976],[-8.983,37.027],[-8.946,37.008],[-8.879,37.047],[-8.75,37.05],[-8.75,37.082],[-8.667,37.1],[-8.179,37.088],[-8.1,37.066],[-8.1,37.0],[-7.861,37.0],[-7.904,36.975],[-7.956,36.981],[-7.904,36.966],[-7.86,37.0],[-7.75,37.0]],[[-7.909,36.978],[-7.905,36.978],[-7.909,36.989],[-7.909,36.978]]],[[[-8.996,37.027],[-8.996,37.138],[-8.916,37.178],[-8.996,37.027]]],[[[-6.89,37.138],[-6.971,37.138],[-6.971,37.178],[-7.35,37.178],[-7.332,37.2],[-7.015,37.2],[-6.95,37.174],[-6.95,37.15],[-6.851,37.15],[-6.85,37.1],[-6.742,37.1],[-6.683,37.065],[-6.654,37.007],[-6.688,37.016],[-6.688,37.057],[-6.85,37.057],[-6.89,37.138]]],[[[-7.538,37.138],[-7.6,37.107],[-7.6,37.128],[-7.538,37.138]]],[[[-8.875,37.462],[-8.875,37.583],[-8.915,37.583],[-8.915,37.867],[-8.875,37.867],[-8.875,37.943],[-8.821,37.927],[-8.8,37.833],[-8.827,37.601],[-8.8,37.48],[-8.834,37.383],[-8.9,37.35],[-8.915,37.205],[-8.915,37.259],[-8.996,37.259],[-8.996,37.381],[-8.915,37.381],[-8.915,37.462],[-8.875,37.462]]],[[[-9.239,38.638],[-9.2,38.582],[-9.2,38.465],[-9.231,38.419],[-8.88,38.45],[-8.8,38.367],[-8.8,38.122],[-8.885,37.948],[-8.915,37.948],[-8.915,38.272],[-8.996,38.312],[-8.996,38.393],[-9.239,38.393],[-9.239,38.638]]],[[[-9.421,39.082],[-9.424,38.95],[-9.442,39.082],[-9.421,39.082]]],[[[-9.401,39.163],[-9.358,39.184],[-9.401,39.109],[-9.401,39.163]]],[[[-9.199,39.689],[-9.1,39.689],[-9.1,39.566],[-9.15,39.55],[-9.25,39.419],[-9.32,39.4],[-9.32,39.527],[-9.28,39.527],[-9.28,39.608],[-9.239,39.608],[-9.239,39.649],[-9.32,39.649],[-9.32,39.77],[-9.199,39.77],[-9.199,39.689]]],[[[-9.482,40.0],[-9.361,40.0],[-9.361,39.973],[-9.482,39.973],[-9.482,40.0]]],[[[-9.05,39.8],[-9.077,39.7],[-9.077,39.851],[-8.996,39.851],[-8.996,39.973],[-9.158,39.973],[-9.158,40.0],[-8.92,40.02],[-8.92,40.1],[-9.04,40.14],[-9.04,40.22],[-8.98,40.24],[-8.96,40.32],[-8.92,40.32],[-8.92,40.44],[-8.803,40.46],[-8.824,40.4],[-8.85,40.4],[-8.85,40.321],[-8.908,40.201],[-8.896,40.165],[-8.85,40.153],[-8.85,40.136],[-8.9,40.1],[-8.9,40.053],[-8.99,39.85],[-9.014,39.8],[-9.05,39.8]]],[[[-8.8,40.56],[-8.84,40.56],[-8.84,40.62],[-8.8,40.62],[-8.8,40.56]]],[[[-8.7,40.779],[-8.7,40.7],[-8.724,40.688],[-8.7,40.779]]],[[[-8.86,41.2],[-8.8,41.2],[-8.8,41.35],[-8.75,41.338],[-8.75,41.25],[-8.7,41.15],[-8.65,41.15],[-8.655,40.994],[-8.744,40.678],[-8.8,40.65],[-8.794,40.783],[-8.9,40.783],[-8.9,41.16],[-8.86,41.16],[-8.86,41.2]]],[[[-8.724,42.25],[-8.8,42.2],[-8.86,42.2],[-8.86,42.258],[-8.75,42.277],[-8.724,42.25]]],[[[-8.926,42.484],[-8.943,42.469],[-8.888,42.456],[-8.85,42.4],[-8.75,42.4],[-8.75,42.369],[-8.831,42.342],[-8.833,42.289],[-8.9,42.28],[-8.9,42.38],[-8.98,42.38],[-8.996,42.443],[-8.956,42.443],[-8.956,42.484],[-8.926,42.484]]],[[[-8.913,42.489],[-8.875,42.565],[-8.976,42.565],[-8.929,42.6],[-8.85,42.6],[-8.85,42.461],[-8.869,42.493],[-8.913,42.489]]],[[[-8.8,42.6],[-8.85,42.6],[-8.85,42.65],[-8.8,42.645],[-8.8,42.6]]],[[[-9.049,42.795],[-9.0,42.795],[-9.071,42.596],[-9.029,42.565],[-9.077,42.565],[-9.08,42.755],[-9.049,42.795]]],[[[-9.28,42.949],[-9.28,43.051],[-9.251,43.017],[-9.28,42.949]]],[[[-8.3,43.46],[-8.304,43.4],[-8.4,43.4],[-8.4,43.46],[-8.3,43.46]]],[[[-8.16,43.616],[-8.16,43.658],[-8.121,43.658],[-8.16,43.616]]],[[[-7.6,43.739],[-7.457,43.739],[-7.44,43.705],[-7.541,43.732],[-7.6,43.7],[-7.6,43.739]]],[[[-7.693,43.78],[-7.821,43.7],[-7.879,43.7],[-7.847,43.718],[-7.904,43.766],[-7.693,43.78]]],[[[-7.98,43.718],[-7.98,43.753],[-7.91,43.765],[-7.98,43.718]]],[[[-7.619,43.75],[-7.691,43.75],[-7.619,43.78],[-7.619,43.75]]],[[[-9.488,51.522],[-9.488,51.501],[-9.58,51.508],[-9.45,51.543],[-9.45,51.503],[-9.488,51.522]]],[[[-9.58,51.71],[-9.529,51.75],[-9.5,51.674],[-9.58,51.657],[-9.58,51.71]]],[[[-6.97,52.22],[-6.971,52.25],[-6.948,52.237],[-6.927,52.22],[-6.97,52.22]]],[[[-9.456,52.614],[-9.3,52.613],[-9.35,52.6],[-9.35,52.574],[-9.529,52.57],[-9.407,52.577],[-9.456,52.614]]],[[[-9.58,52.666],[-9.533,52.661],[-9.527,52.638],[-9.557,52.647],[-9.58,52.666]]],[[[-9.365,52.914],[-9.4,52.9],[-9.4,52.936],[-9.354,52.933],[-9.365,52.914]]],[[[-9.402,53.001],[-9.387,53.064],[-9.353,53.064],[-9.402,53.001]]],[[[-9.233,53.146],[-9.163,53.146],[-9.15,53.113],[-9.233,53.146]]],[[[-9.021,53.206],[-8.908,53.215],[-8.95,53.2],[-8.95,53.15],[-8.984,53.166],[-8.981,53.206],[-9.021,53.206]]],[[[-8.943,53.269],[-8.991,53.248],[-8.963,53.235],[-9.021,53.229],[-9.404,53.247],[-8.943,53.269]]],[[[-9.09,54.227],[-9.177,54.2],[-9.213,54.259],[-9.143,54.242],[-9.143,54.282],[-9.058,54.282],[-9.09,54.227]]],[[[-9.387,54.323],[-9.244,54.323],[-9.224,54.28],[-9.334,54.318],[-9.371,54.3],[-9.449,54.303],[-9.387,54.323]]],[[[-8.656,54.338],[-8.55,54.336],[-8.595,54.3],[-8.656,54.338]]],[[[-8.676,54.404],[-8.543,54.404],[-8.667,54.343],[-8.778,54.323],[-8.778,54.282],[-8.6,54.282],[-8.621,54.263],[-8.6,54.25],[-8.923,54.282],[-8.798,54.323],[-8.838,54.343],[-8.798,54.465],[-8.737,54.465],[-8.676,54.404]]],[[[-8.474,54.43],[-8.534,54.408],[-8.534,54.465],[-8.469,54.465],[-8.474,54.43]]],[[[-8.25,54.546],[-8.271,54.524],[-8.25,54.495],[-8.443,54.45],[-8.453,54.485],[-8.392,54.485],[-8.392,54.526],[-8.25,54.546]]],[[[-8.15,54.641],[-8.15,54.607],[-8.175,54.619],[-8.209,54.575],[-8.209,54.627],[-8.239,54.627],[-8.15,54.641]]],[[[-8.401,54.587],[-8.317,54.635],[-8.28,54.63],[-8.401,54.587]]],[[[-8.398,54.598],[-8.453,54.587],[-8.432,54.641],[-8.388,54.62],[-8.398,54.598]]],[[[-8.471,54.607],[-8.575,54.607],[-8.494,54.633],[-8.471,54.607]]],[[[-8.637,54.768],[-8.757,54.705],[-8.757,54.749],[-8.635,54.77],[-8.595,54.81],[-8.5,54.789],[-8.545,54.784],[-8.5,54.76],[-8.637,54.768]]],[[[-8.453,54.925],[-8.409,54.887],[-8.35,54.907],[-8.381,54.873],[-8.372,54.85],[-8.453,54.851],[-8.453,54.925]]],[[[-8.453,54.945],[-8.453,54.993],[-8.396,54.955],[-8.367,54.948],[-8.453,54.945]]],[[[-8.392,55.033],[-8.36,55.054],[-8.415,55.003],[-8.453,55.005],[-8.453,55.033],[-8.392,55.033]]],[[[-8.337,55.05],[-8.331,55.135],[-8.296,55.135],[-8.32,55.105],[-8.305,55.058],[-8.337,55.05]]],[[[-7.154,55.094],[-7.017,55.074],[-7.25,55.051],[-7.161,55.15],[-7.154,55.094]]],[[[-7.456,55.056],[-7.55,55.05],[-7.527,55.127],[-7.478,55.115],[-7.491,55.164],[-7.463,55.143],[-7.456,55.056]]],[[[-8.004,55.174],[-7.964,55.216],[-7.945,55.18],[-8.004,55.174]]],[[[-7.539,55.23],[-7.539,55.277],[-7.514,55.274],[-7.539,55.23]]],[[[-7.195,55.338],[-7.154,55.338],[-7.154,55.302],[-7.195,55.338]]],[[[-6.951,56.456],[-6.89,56.444],[-6.951,56.434],[-6.951,56.456]]],[[[-6.951,56.512],[-6.951,56.536],[-6.849,56.532],[-6.901,56.517],[-6.951,56.512]]],[[[-9.468,56.901],[-9.407,56.901],[-9.346,56.718],[-9.447,56.718],[-9.468,56.901]]],[[[-7.271,57.148],[-7.255,57.206],[-7.255,57.136],[-7.346,57.148],[-7.271,57.148]]],[[[-7.417,57.124],[-7.431,57.229],[-7.414,57.216],[-7.387,57.124],[-7.417,57.124]]],[[[-7.353,57.243],[-7.255,57.239],[-7.275,57.219],[-7.353,57.243]]],[[[-7.392,57.307],[-7.434,57.254],[-7.417,57.307],[-7.392,57.307]]],[[[-7.25,57.332],[-7.214,57.348],[-7.214,57.306],[-7.394,57.381],[-7.25,57.332]]],[[[-7.377,57.428],[-7.35,57.419],[-7.417,57.392],[-7.377,57.428]]],[[[-7.194,57.469],[-7.194,57.388],[-7.255,57.388],[-7.255,57.354],[-7.332,57.4],[-7.2,57.4],[-7.2,57.5],[-7.15,57.5],[-7.133,57.568],[-7.133,57.49],[-7.194,57.469]]],[[[-7.377,57.486],[-7.377,57.563],[-7.35,57.554],[-7.35,57.49],[-7.377,57.486]]],[[[-7.15,57.63],[-7.093,57.611],[-7.093,57.571],[-7.15,57.587],[-7.15,57.63]]],[[[-7.387,57.662],[-7.478,57.672],[-7.154,57.713],[-7.133,57.654],[-7.189,57.655],[-7.182,57.689],[-7.277,57.662],[-7.257,57.65],[-7.333,57.662],[-7.312,57.689],[-7.397,57.635],[-7.414,57.648],[-7.387,57.662]]],[[[-6.91,57.761],[-6.91,57.733],[-6.973,57.733],[-6.91,57.761]]],[[[-6.996,57.855],[-7.072,57.816],[-7.072,57.855],[-6.996,57.855]]],[[[-6.991,57.916],[-6.93,57.916],[-6.93,57.95],[-6.85,57.927],[-6.963,57.895],[-6.914,57.868],[-6.991,57.859],[-6.991,57.916]]],[[[-7.113,58.058],[-7.05,58.059],[-7.052,58.011],[-7.113,57.977],[-7.113,58.058]]],[[[-7.113,58.2],[-7.037,58.241],[-7.054,58.201],[-7.017,58.189],[-7.113,58.182],[-7.113,58.2]]],[[[-6.895,58.15],[-6.937,58.211],[-6.907,58.217],[-6.951,58.241],[-6.8,58.282],[-6.8,58.25],[-6.886,58.248],[-6.85,58.192],[-6.895,58.15]]],[[[-9.326,58.809],[-9.326,58.87],[-9.244,58.87],[-9.244,58.809],[-9.326,58.809]]],[[[-9.366,60.048],[-9.366,59.946],[-9.468,59.905],[-9.468,59.865],[-9.529,59.865],[-9.508,59.966],[-9.468,59.966],[-9.468,60.068],[-9.366,60.048]]],[[[-7.316,62.037],[-7.316,62.053],[-7.198,62.05],[-7.194,62.017],[-7.316,62.037]]],[[[-6.992,62.1],[-6.96,62.05],[-6.91,62.038],[-6.768,61.956],[-6.89,61.976],[-6.89,62.017],[-6.93,62.037],[-7.113,62.037],[-7.038,62.089],[-7.1,62.122],[-6.992,62.1]]],[[[-7.417,62.114],[-7.285,62.075],[-7.38,62.075],[-7.336,62.057],[-7.417,62.057],[-7.417,62.114]]],[[[-7.235,62.301],[-7.2,62.301],[-7.203,62.25],[-7.25,62.25],[-7.25,62.16],[-7.255,62.159],[-7.255,62.26],[-7.235,62.301]]],[[[-6.935,62.29],[-6.849,62.321],[-6.849,62.292],[-6.913,62.282],[-6.924,62.25],[-6.935,62.29]]],[[[-7.012,36.247],[-6.809,36.247],[-6.809,36.166],[-6.728,36.166],[-6.728,36.004],[-6.85,36.004],[-6.85,36.085],[-7.012,36.085],[-7.012,36.247]]],[[[-6.235,36.576],[-6.242,36.55],[-6.283,36.571],[-6.283,36.611],[-6.318,36.618],[-6.283,36.612],[-6.235,36.576]]],[[[-6.1,43.6],[-6.1,43.569],[-6.178,43.575],[-6.24,43.592],[-6.24,43.62],[-6.18,43.62],[-6.14,43.66],[-5.856,43.658],[-5.907,43.637],[-5.904,43.6],[-6.1,43.6]]],[[[-6.455,52.312],[-6.473,52.35],[-6.42,52.357],[-6.42,52.313],[-6.455,52.312]]],[[[-6.342,52.38],[-6.366,52.38],[-6.35,52.416],[-6.342,52.425],[-6.342,52.38]]],[[[-6.199,53.331],[-6.2,53.365],[-6.157,53.385],[-6.139,53.39],[-6.199,53.331]]],[[[-6.342,53.917],[-6.379,53.917],[-6.35,54.0],[-6.342,54.0],[-6.342,53.917]]],[[[-6.177,53.978],[-6.26,53.978],[-6.268,54.0],[-6.177,53.978]]],[[[-5.976,54.059],[-5.976,54.039],[-6.032,54.039],[-5.906,54.096],[-5.915,54.059],[-5.976,54.059]]],[[[-5.737,54.249],[-5.672,54.242],[-5.712,54.242],[-5.712,54.14],[-5.875,54.14],[-5.862,54.231],[-5.737,54.249]]],[[[-5.55,54.306],[-5.55,54.262],[-5.602,54.262],[-5.55,54.306]]],[[[-5.65,54.367],[-5.65,54.384],[-5.591,54.382],[-5.65,54.367]]],[[[-5.645,54.404],[-5.64,54.465],[-5.611,54.465],[-5.611,54.404],[-5.645,54.404]]],[[[-5.672,54.546],[-5.7,54.578],[-5.611,54.546],[-5.672,54.546]]],[[[-5.895,54.605],[-5.9,54.65],[-5.854,54.668],[-5.842,54.648],[-5.895,54.605]]],[[[-5.591,54.679],[-5.717,54.67],[-5.753,54.688],[-5.591,54.688],[-5.591,54.679]]],[[[-5.733,54.728],[-5.733,54.709],[-5.821,54.709],[-5.733,54.728]]],[[[-5.696,54.81],[-5.672,54.81],[-5.672,54.749],[-5.703,54.749],[-5.696,54.81]]],[[[-6.037,55.168],[-6.037,55.074],[-6.062,55.074],[-6.037,55.168]]],[[[-6.074,55.196],[-6.037,55.196],[-6.037,55.168],[-6.074,55.196]]],[[[-5.584,55.318],[-5.532,55.353],[-5.55,55.318],[-5.584,55.318]]],[[[-5.755,55.297],[-5.814,55.297],[-5.814,55.379],[-5.797,55.379],[-5.755,55.297]]],[[[-6.272,55.582],[-6.22,55.614],[-6.22,55.582],[-6.272,55.582]]],[[[-5.692,55.61],[-5.692,55.683],[-5.663,55.683],[-5.692,55.61]]],[[[-6.037,55.678],[-6.037,55.642],[-6.101,55.642],[-6.037,55.678]]],[[[-6.362,55.663],[-6.362,55.703],[-6.426,55.703],[-6.329,55.783],[-6.25,55.777],[-6.325,55.715],[-6.265,55.696],[-6.25,55.658],[-6.321,55.62],[-6.321,55.663],[-6.362,55.663]]],[[[-5.6,55.744],[-5.627,55.701],[-5.631,55.744],[-5.6,55.744]]],[[[-6.448,55.845],[-6.482,55.79],[-6.449,55.777],[-6.484,55.747],[-6.484,55.845],[-6.448,55.845]]],[[[-6.057,55.785],[-6.078,55.834],[-6.027,55.796],[-5.956,55.819],[-5.956,55.785],[-6.057,55.785]]],[[[-6.098,55.799],[-6.116,55.886],[-6.098,55.886],[-6.098,55.799]]],[[[-6.323,55.821],[-6.332,55.866],[-6.301,55.886],[-6.263,55.886],[-6.323,55.821]]],[[[-5.895,55.886],[-5.915,55.825],[-5.954,55.825],[-5.854,55.938],[-5.854,55.886],[-5.895,55.886]]],[[[-5.65,55.957],[-5.692,55.937],[-5.675,55.978],[-5.65,55.994],[-5.65,55.957]]],[[[-5.962,56.028],[-5.981,55.97],[-5.886,55.976],[-6.078,55.927],[-6.057,55.988],[-5.996,55.988],[-5.996,56.028],[-5.962,56.028]]],[[[-6.26,56.042],[-6.26,56.089],[-6.222,56.089],[-6.26,56.042]]],[[[-5.712,56.096],[-5.712,56.069],[-5.764,56.043],[-5.712,56.096]]],[[[-5.55,56.092],[-5.591,56.147],[-5.55,56.176],[-5.559,56.131],[-5.55,56.092]]],[[[-6.311,56.272],[-6.382,56.272],[-6.382,56.333],[-6.359,56.333],[-6.311,56.272]]],[[[-5.902,56.35],[-5.794,56.312],[-6.013,56.312],[-5.902,56.35]]],[[[-5.742,56.414],[-5.658,56.4],[-5.688,56.435],[-5.651,56.436],[-5.651,56.394],[-5.672,56.373],[-5.784,56.366],[-5.742,56.414]]],[[[-6.247,56.312],[-6.321,56.346],[-6.301,56.536],[-6.174,56.517],[-6.127,56.474],[-6.007,56.498],[-6.01,56.47],[-6.127,56.448],[-6.199,56.39],[-6.159,56.353],[-6.247,56.312]],[[-6.264,56.483],[-6.16,56.47],[-6.23,56.503],[-6.264,56.483]]],[[[-5.759,56.55],[-5.701,56.515],[-5.875,56.55],[-5.759,56.55]]],[[[-5.55,56.515],[-5.63,56.515],[-5.568,56.55],[-5.55,56.515]]],[[[-5.9,56.571],[-5.956,56.556],[-5.956,56.597],[-5.9,56.571]]],[[[-6.504,56.631],[-6.504,56.597],[-6.569,56.597],[-6.504,56.631]]],[[[-6.078,56.644],[-6.199,56.641],[-6.078,56.657],[-6.078,56.644]]],[[[-5.956,56.689],[-5.95,56.654],[-6.017,56.617],[-6.017,56.678],[-6.199,56.678],[-6.199,56.685],[-5.956,56.689]]],[[[-6.463,56.674],[-6.463,56.637],[-6.494,56.637],[-6.463,56.674]]],[[[-6.545,56.669],[-6.545,56.698],[-6.463,56.698],[-6.463,56.691],[-6.545,56.669]]],[[[-5.895,56.962],[-5.848,56.962],[-5.88,56.922],[-5.852,56.9],[-5.921,56.894],[-5.75,56.885],[-5.784,56.86],[-5.75,56.844],[-5.851,56.829],[-5.812,56.8],[-5.895,56.8],[-5.875,56.84],[-5.936,56.84],[-5.936,56.901],[-5.895,56.901],[-5.895,56.962]]],[[[-6.36,56.947],[-6.281,56.942],[-6.423,56.942],[-6.423,56.99],[-6.36,56.947]]],[[[-5.68,57.036],[-5.65,56.979],[-5.688,56.99],[-5.712,57.023],[-5.68,57.036]]],[[[-5.895,57.063],[-5.895,57.043],[-5.931,57.043],[-5.854,57.101],[-5.854,57.063],[-5.895,57.063]]],[[[-6.24,57.124],[-6.291,57.165],[-6.113,57.188],[-6.089,57.127],[-6.024,57.196],[-6.044,57.23],[-5.986,57.175],[-5.845,57.181],[-5.953,57.149],[-6.017,57.071],[-6.118,57.084],[-6.118,57.124],[-6.24,57.124]]],[[[-6.463,57.347],[-6.4,57.349],[-6.479,57.305],[-6.408,57.243],[-6.35,57.237],[-6.38,57.223],[-6.346,57.188],[-6.277,57.196],[-6.321,57.165],[-6.443,57.266],[-6.484,57.266],[-6.504,57.368],[-6.545,57.368],[-6.545,57.4],[-6.476,57.401],[-6.463,57.347]]],[[[-5.637,57.34],[-5.631,57.368],[-5.669,57.387],[-5.611,57.4],[-5.64,57.374],[-5.6,57.369],[-5.6,57.345],[-5.637,57.34]]],[[[-6.017,57.463],[-6.069,57.436],[-6.072,57.332],[-5.956,57.327],[-6.014,57.317],[-5.959,57.284],[-5.773,57.307],[-5.773,57.276],[-5.901,57.243],[-6.008,57.287],[-6.078,57.278],[-6.041,57.3],[-6.139,57.369],[-6.127,57.408],[-6.188,57.394],[-6.136,57.461],[-6.15,57.591],[-5.976,57.612],[-5.976,57.469],[-6.001,57.51],[-6.037,57.49],[-6.017,57.463]]],[[[-5.814,57.348],[-5.834,57.368],[-5.834,57.429],[-5.875,57.429],[-5.875,57.551],[-5.851,57.551],[-5.859,57.453],[-5.811,57.442],[-5.808,57.355],[-5.733,57.348],[-5.814,57.348]]],[[[-6.68,57.49],[-6.626,57.49],[-6.607,57.444],[-6.68,57.49]]],[[[-6.722,57.456],[-6.768,57.456],[-6.746,57.49],[-6.722,57.456]]],[[[-6.626,57.503],[-6.626,57.547],[-6.574,57.522],[-6.564,57.504],[-6.626,57.503]]],[[[-6.36,57.593],[-6.39,57.552],[-6.35,57.5],[-6.4,57.521],[-6.434,57.5],[-6.421,57.518],[-6.55,57.551],[-6.484,57.551],[-6.443,57.591],[-6.36,57.593]]],[[[-5.669,57.55],[-5.741,57.55],[-5.692,57.565],[-5.669,57.55]]],[[[-6.159,57.6],[-6.212,57.632],[-6.159,57.632],[-6.159,57.6]]],[[[-5.814,57.591],[-5.814,57.693],[-5.785,57.68],[-5.806,57.643],[-5.692,57.571],[-5.814,57.591]]],[[[-5.814,57.855],[-5.804,57.744],[-5.709,57.73],[-5.7,57.691],[-5.753,57.707],[-5.753,57.733],[-5.814,57.733],[-5.814,57.855]]],[[[-5.651,57.815],[-5.6,57.794],[-5.626,57.792],[-5.606,57.77],[-5.651,57.782],[-5.651,57.815]]],[[[-6.849,57.774],[-6.888,57.785],[-6.839,57.813],[-6.853,57.833],[-6.806,57.815],[-6.849,57.774]]],[[[-5.65,57.878],[-5.6,57.835],[-5.651,57.855],[-5.651,57.892],[-5.65,57.878]]],[[[-6.687,57.884],[-6.687,57.855],[-6.806,57.88],[-6.687,57.884]]],[[[-6.463,57.966],[-6.463,57.936],[-6.538,57.929],[-6.551,57.943],[-6.463,57.966]]],[[[-6.301,58.199],[-6.22,58.188],[-6.301,58.18],[-6.301,58.199]]],[[[-6.281,58.241],[-6.22,58.237],[-6.301,58.215],[-6.318,58.268],[-6.26,58.281],[-6.281,58.241]]],[[[-6.687,58.344],[-6.687,58.363],[-6.578,58.363],[-6.687,58.344]]],[[[-6.563,58.367],[-6.545,58.403],[-6.493,58.403],[-6.563,58.367]]],[[[-6.362,58.457],[-6.362,58.484],[-6.315,58.484],[-6.362,58.457]]],[[[-6.75,61.444],[-6.784,61.472],[-6.727,61.474],[-6.75,61.444]]],[[[-6.946,61.591],[-6.866,61.527],[-6.87,61.502],[-6.733,61.428],[-6.869,61.448],[-6.93,61.57],[-6.991,61.57],[-6.991,61.631],[-6.943,61.631],[-6.946,61.591]]],[[[-6.727,61.528],[-6.806,61.554],[-6.727,61.546],[-6.727,61.528]]],[[[-6.748,61.773],[-6.808,61.826],[-6.747,61.821],[-6.692,61.773],[-6.748,61.773]]],[[[-6.89,61.834],[-6.89,61.883],[-6.868,61.839],[-6.858,61.834],[-6.89,61.834]]],[[[-6.846,62.054],[-6.779,62.066],[-6.813,62.104],[-6.9,62.102],[-6.846,62.133],[-6.9,62.163],[-6.86,62.164],[-6.74,62.101],[-6.733,62.149],[-6.812,62.191],[-6.784,62.195],[-6.709,62.143],[-6.687,62.057],[-6.811,62.046],[-6.846,62.054]]],[[[-6.506,62.222],[-6.463,62.179],[-6.506,62.179],[-6.537,62.226],[-6.506,62.222]]],[[[-6.707,62.28],[-6.672,62.24],[-6.707,62.24],[-6.707,62.28]]],[[[-6.526,62.179],[-6.605,62.179],[-6.626,62.26],[-6.752,62.362],[-6.682,62.362],[-6.646,62.29],[-6.594,62.261],[-6.581,62.282],[-6.645,62.362],[-6.565,62.362],[-6.546,62.272],[-6.583,62.229],[-6.526,62.179]]],[[[-6.496,62.253],[-6.387,62.26],[-6.483,62.295],[-6.545,62.362],[-6.384,62.281],[-6.382,62.22],[-6.459,62.228],[-6.496,62.253]]],[[[-6.808,62.362],[-6.707,62.281],[-6.808,62.301],[-6.808,62.362]]],[[[-4.25,35.188],[-4.298,35.172],[-4.298,35.194],[-4.25,35.194],[-4.25,35.188]]],[[[-4.46,35.194],[-4.46,35.215],[-4.339,35.215],[-4.339,35.194],[-4.46,35.194]]],[[[-4.136,35.204],[-4.136,35.234],[-4.052,35.234],[-4.136,35.204]]],[[[-4.015,35.275],[-3.735,35.275],[-3.762,35.223],[-3.889,35.208],[-3.919,35.267],[-4.015,35.25],[-4.015,35.275]]],[[[-3.592,35.556],[-3.592,35.726],[-3.535,35.726],[-3.478,35.84],[-3.251,35.84],[-3.251,35.897],[-3.138,35.897],[-3.138,35.954],[-3.002,35.954],[-3.002,35.842],[-3.083,35.801],[-3.083,35.68],[-3.165,35.639],[-3.165,35.599],[-3.124,35.599],[-3.083,35.518],[-3.043,35.518],[-3.043,35.437],[-2.981,35.425],[-3.063,35.3],[-3.15,35.3],[-3.174,35.249],[-3.33,35.2],[-3.591,35.233],[-3.651,35.275],[-3.569,35.275],[-3.569,35.315],[-3.529,35.315],[-3.488,35.396],[-3.706,35.396],[-3.706,35.556],[-3.592,35.556]],[[-3.039,35.946],[-3.04,35.944],[-3.036,35.944],[-3.039,35.946]]],[[[-2.911,36.749],[-3.251,36.692],[-3.251,36.465],[-2.967,36.465],[-2.967,36.287],[-3.083,36.287],[-3.083,36.328],[-3.124,36.328],[-3.124,36.287],[-3.367,36.287],[-3.367,36.247],[-3.535,36.238],[-3.488,36.247],[-3.488,36.408],[-3.367,36.409],[-3.367,36.449],[-3.407,36.449],[-3.407,36.53],[-3.488,36.53],[-3.529,36.611],[-3.691,36.611],[-3.691,36.652],[-3.762,36.635],[-3.762,36.578],[-3.876,36.578],[-3.876,36.238],[-3.933,36.238],[-3.933,36.181],[-3.706,36.067],[-3.649,36.181],[-3.478,36.181],[-3.478,35.897],[-3.706,35.897],[-3.706,35.84],[-3.762,35.84],[-3.762,35.67],[-3.99,35.613],[-3.99,35.442],[-3.933,35.442],[-3.933,35.386],[-3.772,35.386],[-3.772,35.356],[-4.015,35.356],[-4.015,35.315],[-4.177,35.315],[-4.177,35.275],[-4.558,35.272],[-4.558,35.442],[-4.501,35.442],[-4.501,35.783],[-4.558,35.783],[-4.558,36.067],[-4.444,36.124],[-4.444,36.351],[-4.387,36.351],[-4.387,36.408],[-4.444,36.408],[-4.444,36.49],[-4.217,36.49],[-4.217,36.53],[-4.298,36.53],[-4.298,36.611],[-4.541,36.571],[-4.541,36.53],[-4.632,36.522],[-4.45,36.65],[-4.441,36.7],[-4.1,36.7],[-4.1,36.732],[-4.057,36.748],[-3.961,36.727],[-3.601,36.743],[-3.6,36.7],[-3.415,36.696],[-3.35,36.7],[-3.33,36.745],[-2.911,36.749]]],[[[-5.335,36.181],[-5.329,36.198],[-5.311,36.22],[-5.311,36.181],[-5.335,36.181]]],[[[-5.067,36.45],[-5.012,36.45],[-5.027,36.409],[-5.15,36.408],[-5.067,36.45]]],[[[-4.98,36.465],[-4.919,36.5],[-4.785,36.496],[-4.785,36.465],[-4.98,36.465]]],[[[-3.65,36.571],[-3.65,36.522],[-3.706,36.522],[-3.706,36.571],[-3.65,36.571]]],[[[-3.84,51.62],[-3.787,51.58],[-3.84,51.582],[-3.84,51.62]]],[[[-4.291,51.6],[-4.291,51.623],[-4.237,51.643],[-4.291,51.6]]],[[[-4.34,51.69],[-4.251,51.676],[-4.332,51.664],[-4.34,51.69]]],[[[-4.365,51.789],[-4.35,51.724],[-4.393,51.72],[-4.4,51.745],[-4.365,51.789]]],[[[-4.707,52.113],[-4.729,52.107],[-4.718,52.131],[-4.664,52.131],[-4.679,52.1],[-4.707,52.113]]],[[[-4.08,52.745],[-4.05,52.722],[-4.08,52.675],[-4.08,52.745]]],[[[-4.1,52.904],[-4.13,52.889],[-4.117,52.831],[-4.149,52.78],[-4.149,52.902],[-4.1,52.904]]],[[[-4.35,53.1],[-4.352,53.038],[-4.352,53.125],[-4.397,53.134],[-4.3,53.128],[-4.35,53.1]]],[[[-3.1,53.291],[-3.1,53.25],[-3.135,53.267],[-3.114,53.306],[-3.1,53.291]]],[[[-4.561,53.247],[-4.604,53.308],[-4.575,53.308],[-4.575,53.389],[-4.571,53.275],[-4.561,53.247]]],[[[-4.291,53.408],[-4.474,53.417],[-4.291,53.43],[-4.291,53.408]]],[[[-3.134,53.411],[-3.134,53.43],[-3.069,53.43],[-3.134,53.411]]],[[[-3.087,53.531],[-3.114,53.531],[-3.114,53.592],[-3.083,53.592],[-3.087,53.531]]],[[[-3.145,54.1],[-3.082,54.146],[-3.094,54.1],[-3.145,54.1]]],[[[-3.256,54.161],[-3.236,54.161],[-3.241,54.112],[-3.213,54.1],[-3.256,54.1],[-3.256,54.161]]],[[[-3.317,54.198],[-3.256,54.198],[-3.317,54.181],[-3.317,54.198]]],[[[-3.378,54.25],[-3.323,54.201],[-3.378,54.221],[-3.378,54.25]]],[[[-3.208,54.221],[-3.241,54.221],[-3.229,54.25],[-3.208,54.25],[-3.208,54.221]]],[[[-4.575,54.364],[-4.533,54.364],[-4.582,54.3],[-4.596,54.3],[-4.575,54.364]]],[[[-3.474,54.394],[-3.45,54.364],[-3.479,54.364],[-3.5,54.407],[-3.474,54.394]]],[[[-5.57,54.524],[-5.545,54.465],[-5.57,54.465],[-5.57,54.524]]],[[[-3.601,54.547],[-3.601,54.607],[-3.576,54.607],[-3.601,54.547]]],[[[-4.912,54.729],[-4.88,54.729],[-4.88,54.697],[-4.912,54.729]]],[[[-4.883,54.86],[-4.819,54.866],[-4.819,54.83],[-4.921,54.81],[-4.941,54.768],[-4.953,54.789],[-4.883,54.86]]],[[[-4.168,54.79],[-4.21,54.79],[-4.23,54.85],[-4.204,54.85],[-4.2,54.8],[-4.168,54.79]]],[[[-3.427,54.822],[-3.418,54.871],[-3.397,54.871],[-3.427,54.822]]],[[[-3.728,54.871],[-3.692,54.883],[-3.621,54.871],[-3.728,54.871]]],[[[-4.426,54.87],[-4.411,54.9],[-4.351,54.863],[-4.426,54.87]]],[[[-5.061,54.932],[-5.022,54.932],[-5.022,54.974],[-4.988,54.928],[-5.061,54.932]]],[[[-5.094,55.013],[-5.063,55.013],[-5.063,54.935],[-5.094,55.013]]],[[[-3.241,54.973],[-3.418,54.973],[-3.418,54.98],[-3.241,54.973]]],[[[-3.501,54.992],[-3.439,54.973],[-3.561,54.973],[-3.561,54.99],[-3.501,54.992]]],[[[-4.779,55.365],[-4.779,55.419],[-4.739,55.419],[-4.779,55.365]]],[[[-5.327,55.439],[-5.327,55.473],[-5.103,55.439],[-5.225,55.419],[-5.327,55.439]]],[[[-4.651,55.448],[-4.718,55.46],[-4.738,55.541],[-4.799,55.541],[-4.779,55.622],[-4.801,55.633],[-4.693,55.605],[-4.65,55.5],[-4.618,55.496],[-4.651,55.448]]],[[[-5.387,55.589],[-5.35,55.554],[-5.387,55.541],[-5.387,55.589]]],[[[-5.463,55.683],[-5.408,55.737],[-5.428,55.683],[-5.463,55.683]]],[[[-5.181,55.695],[-5.276,55.724],[-5.286,55.764],[-5.335,55.764],[-5.344,55.825],[-5.286,55.825],[-5.347,55.866],[-5.347,55.9],[-5.219,55.831],[-5.242,55.893],[-5.2,55.9],[-5.029,55.724],[-5.042,55.663],[-5.124,55.663],[-5.124,55.584],[-5.137,55.592],[-5.181,55.695]]],[[[-5.033,55.825],[-5.002,55.825],[-5.002,55.724],[-5.015,55.724],[-5.033,55.825]]],[[[-5.349,55.83],[-5.4,55.862],[-5.367,55.866],[-5.349,55.83]]],[[[-5.002,55.845],[-5.042,55.837],[-5.127,55.9],[-4.989,55.87],[-5.002,55.845]]],[[[-4.921,55.944],[-4.921,55.906],[-4.947,55.921],[-4.921,55.944]]],[[[-4.677,55.964],[-4.623,55.945],[-4.677,55.935],[-4.677,55.964]]],[[[-4.758,55.95],[-4.839,55.951],[-4.758,55.967],[-4.758,55.95]]],[[[-5.413,55.9],[-5.45,55.992],[-5.35,56.033],[-5.35,55.906],[-5.413,55.9]]],[[[-3.276,56.048],[-3.276,56.028],[-3.339,56.028],[-3.276,56.048]]],[[[-3.441,56.028],[-3.561,56.028],[-3.561,56.048],[-3.441,56.028]]],[[[-3.139,56.109],[-3.078,56.141],[-3.094,56.109],[-3.139,56.109]]],[[[-5.651,56.243],[-5.651,56.292],[-5.599,56.284],[-5.585,56.326],[-5.631,56.333],[-5.591,56.333],[-5.57,56.387],[-5.469,56.434],[-5.469,56.475],[-5.408,56.475],[-5.424,56.5],[-5.411,56.504],[-5.4,56.451],[-5.517,56.393],[-5.538,56.36],[-5.5,56.348],[-5.573,56.328],[-5.592,56.25],[-5.5,56.252],[-5.55,56.25],[-5.591,56.175],[-5.637,56.191],[-5.611,56.249],[-5.651,56.243]]],[[[-3.094,56.414],[-3.014,56.414],[-3.1,56.39],[-3.2,56.366],[-3.099,56.442],[-3.073,56.448],[-3.094,56.414]]],[[[-5.428,56.538],[-5.448,56.503],[-5.448,56.576],[-5.388,56.576],[-5.4,56.524],[-5.428,56.538]]],[[[-5.489,56.609],[-5.489,56.576],[-5.529,56.576],[-5.489,56.609]]],[[[-5.387,56.578],[-5.469,56.597],[-5.252,56.726],[-5.2,56.7],[-5.318,56.661],[-5.305,56.639],[-5.387,56.578]]],[[[-4.214,57.53],[-4.25,57.55],[-4.19,57.549],[-4.19,57.53],[-4.214,57.53]]],[[[-3.75,57.632],[-3.82,57.6],[-3.845,57.6],[-3.804,57.632],[-3.75,57.632]]],[[[-3.612,57.668],[-3.598,57.65],[-3.662,57.672],[-3.581,57.672],[-3.612,57.668]]],[[[-4.119,57.658],[-4.2,57.675],[-4.17,57.672],[-4.068,57.672],[-4.119,57.658]]],[[[-4.008,57.694],[-3.926,57.735],[-3.946,57.693],[-4.048,57.693],[-4.113,57.713],[-4.043,57.737],[-4.008,57.694]]],[[[-3.947,57.835],[-3.865,57.835],[-3.878,57.817],[-3.947,57.813],[-3.947,57.835]]],[[[-4.137,57.855],[-4.17,57.837],[-4.19,57.87],[-4.137,57.855]]],[[[-3.877,57.994],[-3.885,57.977],[-3.945,57.977],[-3.877,57.994]]],[[[-5.455,57.854],[-5.59,57.916],[-5.509,57.896],[-5.347,57.957],[-5.408,57.977],[-5.408,58.018],[-5.448,58.018],[-5.448,58.099],[-5.387,58.099],[-5.387,58.139],[-5.347,58.139],[-5.327,58.181],[-5.3,58.166],[-5.3,58.071],[-5.428,58.098],[-5.428,58.031],[-5.204,57.96],[-5.2,57.9],[-5.366,57.943],[-5.393,57.918],[-5.327,57.9],[-5.428,57.908],[-5.455,57.854]]],[[[-5.294,58.241],[-5.347,58.261],[-5.225,58.281],[-5.164,58.403],[-5.168,58.339],[-5.1,58.28],[-5.294,58.241]]],[[[-3.13,58.369],[-3.1,58.4],[-3.094,58.363],[-3.165,58.342],[-3.13,58.369]]],[[[-5.093,58.4],[-5.144,58.424],[-5.103,58.435],[-5.05,58.4],[-5.093,58.4]]],[[[-5.103,58.486],[-5.05,58.462],[-5.05,58.454],[-5.083,58.444],[-5.103,58.486]]],[[[-4.424,58.5],[-4.45,58.5],[-4.429,58.523],[-4.405,58.511],[-4.424,58.5]]],[[[-4.657,58.566],[-4.591,58.566],[-4.612,58.525],[-4.65,58.51],[-4.657,58.566]]],[[[-5.103,58.525],[-5.022,58.566],[-5.022,58.606],[-5.009,58.606],[-5.023,58.55],[-5.103,58.525]]],[[[-4.817,58.586],[-4.775,58.586],[-4.79,58.55],[-4.804,58.55],[-4.817,58.586]]],[[[-3.391,58.601],[-3.439,58.627],[-3.418,58.667],[-3.397,58.667],[-3.402,58.642],[-3.351,58.621],[-3.391,58.601]]],[[[-3.418,58.905],[-3.418,58.931],[-3.317,58.931],[-3.317,58.921],[-3.418,58.905]]],[[[-3.203,58.916],[-3.134,58.911],[-3.236,58.911],[-3.236,58.945],[-3.203,58.916]]],[[[-3.294,58.951],[-3.357,58.951],[-3.357,58.993],[-3.294,58.951]]],[[[-3.207,59.005],[-3.236,58.972],[-3.276,59.011],[-3.228,59.039],[-3.207,59.005]]],[[[-3.132,59.005],[-3.088,59.021],[-3.073,58.992],[-3.117,58.998],[-3.132,59.005]]],[[[-3.357,59.033],[-3.357,59.134],[-3.305,59.134],[-3.35,59.098],[-3.357,59.033]]],[[[-2.881,36.692],[-2.881,36.729],[-2.791,36.7],[-2.778,36.692],[-2.881,36.692]]],[[[4.194,51.405],[4.245,51.414],[4.25,51.379],[4.194,51.379],[4.194,51.405]]],[[[4.194,51.461],[4.184,51.527],[4.25,51.5],[4.25,51.443],[4.194,51.461]]],[[[-2.576,51.684],[-2.55,51.695],[-2.575,51.636],[-2.578,51.636],[-2.576,51.684]]],[[[4.153,52.014],[4.153,52.049],[4.2,52.049],[4.153,52.014]]],[[[4.214,52.06],[4.214,52.09],[4.25,52.09],[4.25,52.087],[4.214,52.06]]],[[[4.55,52.415],[4.516,52.35],[4.519,52.415],[4.55,52.415]]],[[[4.58,52.484],[4.58,52.537],[4.6,52.537],[4.58,52.484]]],[[[4.62,52.614],[4.62,52.699],[4.639,52.699],[4.62,52.614]]],[[[4.641,52.78],[4.664,52.78],[4.65,52.73],[4.641,52.704],[4.641,52.78]]],[[[0.276,52.821],[0.357,52.8],[0.335,52.8],[0.276,52.821]]],[[[0.416,52.821],[0.389,52.8],[0.357,52.8],[0.416,52.821]]],[[[0.439,52.841],[0.439,52.9],[0.462,52.9],[0.45,52.878],[0.439,52.841]]],[[[4.702,52.943],[4.728,52.943],[4.7,52.845],[4.687,52.824],[4.702,52.943]]],[[[4.726,53.003],[4.702,53.003],[4.702,53.064],[4.72,53.064],[4.726,53.003]]],[[[0.35,53.105],[0.35,53.247],[0.357,53.105],[0.35,53.105]]],[[[0.212,53.413],[0.2,53.43],[0.236,53.43],[0.236,53.399],[0.212,53.413]]],[[[-0.008,53.55],[-0.1,53.579],[-0.049,53.592],[-0.008,53.55]]],[[[-0.332,53.734],[-0.26,53.735],[-0.192,53.694],[-0.252,53.714],[-0.24,53.668],[-0.25,53.7],[-0.306,53.714],[-0.272,53.734],[-0.332,53.734]]],[[[-3.012,53.743],[-2.985,53.736],[-2.9,53.735],[-2.931,53.717],[-3.012,53.743]]],[[[-2.891,54.003],[-2.85,54.008],[-2.87,53.963],[-2.891,54.003]]],[[[-0.542,54.465],[-0.516,54.465],[-0.516,54.416],[-0.542,54.465]]],[[[-0.82,54.567],[-0.759,54.567],[-0.759,54.55],[-0.82,54.567]]],[[[-1.165,54.612],[-1.2,54.635],[-1.165,54.648],[-1.144,54.627],[-1.165,54.612]]],[[[-1.33,54.851],[-1.307,54.851],[-1.307,54.802],[-1.33,54.851]]],[[[-1.409,55.0],[-1.446,55.054],[-1.409,55.033],[-1.409,55.0]]],[[[-1.49,55.216],[-1.49,55.107],[-1.5,55.2],[-1.529,55.216],[-1.49,55.216]]],[[[-2.829,56.191],[-2.891,56.191],[-2.891,56.208],[-2.829,56.191]]],[[[-2.715,56.217],[-2.728,56.191],[-2.792,56.191],[-2.715,56.217]]],[[[-2.646,56.231],[-2.606,56.262],[-2.606,56.231],[-2.646,56.231]]],[[[-3.053,56.45],[-2.964,56.45],[-3.053,56.434],[-3.053,56.45]]],[[[-2.65,56.515],[-2.624,56.543],[-2.606,56.515],[-2.65,56.515]]],[[[-2.277,56.84],[-2.221,56.872],[-2.221,56.84],[-2.277,56.84]]],[[[-2.099,57.043],[-2.13,57.043],[-2.1,57.07],[-2.079,57.089],[-2.099,57.043]]],[[[-1.916,57.361],[-1.916,57.327],[-1.971,57.327],[-1.916,57.361]]],[[[-1.826,57.429],[-1.774,57.464],[-1.794,57.429],[-1.826,57.429]]],[[[-3.085,58.478],[-3.1,58.478],[-3.073,58.563],[-3.085,58.478]]],[[[-2.927,58.905],[-2.891,58.89],[-2.952,58.89],[-2.952,58.929],[-2.927,58.905]]],[[[-2.953,58.931],[-3.073,58.931],[-2.981,58.96],[-2.953,58.931]]],[[[-2.789,58.927],[-2.838,58.95],[-2.789,58.971],[-2.789,58.927]]],[[[-2.891,58.993],[-2.952,59.005],[-2.891,59.012],[-2.891,58.993]]],[[[-3.061,59.114],[-3.033,59.114],[-3.033,59.085],[-3.07,59.101],[-3.061,59.114]]],[[[-2.627,59.257],[-2.627,59.296],[-2.577,59.296],[-2.627,59.257]]],[[[-2.988,59.327],[-2.952,59.337],[-2.952,59.314],[-2.988,59.32],[-2.988,59.327]]],[[[5.253,59.398],[5.25,59.357],[5.22,59.401],[5.22,59.408],[5.253,59.398]]],[[[5.4,59.64],[5.4,59.612],[5.387,59.648],[5.418,59.649],[5.42,59.62],[5.4,59.64]]],[[[5.177,59.581],[5.209,59.683],[5.156,59.673],[5.194,59.745],[5.289,59.75],[5.31,59.703],[5.285,59.7],[5.264,59.621],[5.177,59.581]]],[[[5.176,59.75],[5.126,59.702],[5.123,59.76],[5.176,59.75]]],[[[5.372,59.754],[5.372,59.689],[5.285,59.678],[5.345,59.71],[5.319,59.75],[5.34,59.76],[5.31,59.78],[5.31,59.796],[5.453,59.743],[5.372,59.754]]],[[[5.283,59.851],[5.3,59.8],[5.25,59.82],[5.25,59.842],[5.283,59.851]]],[[[5.555,59.797],[5.523,59.765],[5.5,59.763],[5.5,59.85],[5.53,59.85],[5.51,59.899],[5.544,59.884],[5.555,59.797]]],[[[5.069,59.83],[5.069,59.905],[5.134,59.905],[5.17,59.849],[5.1,59.9],[5.1,59.83],[5.069,59.83]]],[[[10.605,65.756],[10.572,65.734],[10.637,65.724],[10.605,65.68],[10.5,65.691],[10.5,65.5],[10.994,65.529],[11.134,65.648],[11.199,65.648],[11.22,65.594],[11.285,65.583],[11.274,65.5],[11.717,65.508],[11.717,65.572],[11.804,65.594],[11.771,65.612],[11.85,65.61],[11.901,65.572],[12.084,65.551],[12.11,65.5],[12.04,65.5],[12.11,65.46],[12.05,65.43],[12.07,65.39],[12.11,65.39],[12.15,65.45],[12.245,65.44],[12.161,65.396],[12.2,65.38],[12.19,65.36],[12.109,65.343],[12.081,65.309],[12.122,65.303],[12.053,65.22],[12.2,65.24],[12.26,65.27],[12.24,65.32],[12.37,65.33],[12.43,65.368],[12.45,65.352],[12.41,65.322],[12.436,65.311],[12.33,65.3],[12.245,65.234],[12.39,65.26],[12.355,65.22],[12.48,65.2],[12.35,65.19],[12.39,65.143],[12.53,65.14],[12.86,65.28],[12.59,65.13],[12.247,65.056],[12.31,65.08],[12.32,65.12],[12.26,65.13],[12.26,65.2],[12.167,65.211],[12.095,65.178],[12.093,65.136],[12.12,65.13],[12.043,65.107],[12.048,65.085],[12.0,65.1],[12.02,65.16],[11.86,65.12],[11.75,65.05],[11.75,65.02],[11.91,65.07],[11.947,65.063],[11.76,65.0],[11.76,64.97],[11.5,64.96],[11.48,64.93],[11.394,64.92],[11.415,64.97],[11.372,64.97],[11.34,64.916],[11.29,64.905],[11.16,64.96],[11.06,64.95],[11.188,65.002],[11.167,65.056],[11.016,65.078],[10.972,65.121],[10.843,65.11],[10.8,65.143],[10.843,65.208],[10.735,65.24],[10.735,65.305],[10.767,65.348],[10.821,65.348],[10.843,65.402],[10.8,65.402],[10.821,65.467],[10.767,65.467],[10.767,65.499],[10.033,65.499],[10.0,65.478],[10.022,65.402],[9.903,65.38],[9.612,65.413],[9.601,65.445],[9.471,65.434],[9.406,65.391],[9.277,65.38],[9.309,65.316],[9.19,65.164],[9.158,65.164],[9.136,65.208],[9.018,65.218],[8.942,65.348],[8.823,65.391],[8.812,65.424],[8.596,65.499],[5.0,65.499],[5.0,65.402],[5.032,65.359],[5.086,65.359],[5.151,65.262],[5.27,65.262],[5.27,65.197],[5.302,65.164],[5.302,65.121],[5.0,65.143],[5.0,63.836],[5.151,63.782],[5.184,63.728],[5.248,63.728],[5.238,63.631],[5.216,63.631],[5.248,63.609],[5.238,63.404],[5.13,63.307],[5.151,63.22],[5.065,63.199],[5.054,63.145],[5.0,63.145],[5.0,62.747],[4.174,62.747],[4.133,62.707],[3.991,62.707],[3.95,62.666],[3.727,62.666],[3.605,62.626],[3.484,62.646],[3.26,62.605],[3.24,62.585],[3.26,62.463],[3.301,62.463],[3.301,62.402],[3.382,62.402],[3.382,62.281],[3.301,62.281],[3.26,62.24],[3.382,62.24],[3.362,62.118],[3.423,62.118],[3.443,61.996],[3.565,61.996],[3.565,61.935],[3.484,61.935],[3.484,61.895],[3.443,61.895],[3.423,61.834],[3.626,61.875],[3.626,61.773],[3.504,61.732],[3.484,61.692],[3.321,61.692],[3.301,61.611],[3.098,61.631],[3.098,61.732],[3.057,61.732],[3.057,61.692],[2.935,61.692],[2.895,61.611],[3.017,61.611],[3.017,61.55],[3.118,61.529],[3.118,61.469],[3.017,61.448],[2.935,61.367],[2.834,61.367],[2.854,61.489],[2.814,61.489],[2.814,61.448],[2.773,61.448],[2.773,61.225],[2.692,61.205],[2.59,61.205],[2.59,61.245],[2.428,61.245],[2.347,61.326],[2.245,61.326],[2.225,61.367],[2.103,61.387],[2.042,61.448],[1.981,61.448],[1.819,61.529],[1.819,61.57],[1.697,61.631],[1.657,61.712],[1.494,61.793],[1.474,61.854],[1.433,61.854],[1.413,61.935],[1.372,61.935],[1.352,62.098],[1.311,62.098],[1.291,62.179],[0.499,62.22],[0.499,62.26],[0.439,62.26],[0.439,62.321],[0.56,62.321],[0.56,62.341],[0.439,62.341],[0.378,62.362],[0.378,62.402],[0.073,62.382],[0.175,62.362],[0.175,62.301],[0.033,62.301],[0.033,62.321],[-0.231,62.301],[-0.231,62.382],[-0.272,62.382],[-0.333,62.443],[-0.414,62.443],[-0.455,62.423],[-0.455,62.382],[-0.516,62.382],[-0.516,62.321],[-0.678,62.341],[-0.678,62.281],[-0.739,62.24],[-0.861,62.24],[-0.881,62.179],[-1.104,62.159],[-1.104,62.22],[-1.023,62.24],[-1.043,62.484],[-1.023,62.544],[-0.982,62.544],[-0.962,62.585],[-1.084,62.585],[-1.084,62.626],[-1.287,62.626],[-1.368,62.585],[-1.673,62.585],[-1.713,62.544],[-2.058,62.565],[-2.119,62.585],[-2.119,62.727],[-2.079,62.747],[-13.0,62.747],[-13.0,60.048],[-12.858,60.007],[-12.838,59.926],[-12.797,59.926],[-12.797,59.804],[-12.838,59.804],[-12.858,59.763],[-13.0,59.784],[-13.0,59.479],[-12.391,59.499],[-12.35,59.581],[-12.229,59.601],[-12.229,59.642],[-12.046,59.642],[-12.046,59.621],[-11.802,59.642],[-11.802,59.743],[-11.741,59.784],[-11.66,59.804],[-11.457,59.784],[-11.498,59.662],[-11.62,59.601],[-11.64,59.499],[-11.762,59.479],[-11.762,59.439],[-11.863,59.418],[-11.883,59.357],[-11.924,59.357],[-11.944,59.256],[-12.046,59.256],[-12.046,59.215],[-11.985,59.215],[-12.005,59.114],[-12.066,59.114],[-12.066,59.073],[-12.127,59.073],[-12.168,59.033],[-12.249,59.033],[-12.229,58.992],[-12.168,58.972],[-12.188,58.87],[-12.675,58.87],[-12.838,58.789],[-12.838,58.728],[-12.898,58.708],[-12.919,58.667],[-13.0,58.667],[-13.0,58.383],[-12.959,58.444],[-12.838,58.464],[-12.777,58.424],[-12.777,58.342],[-12.675,58.302],[-12.675,58.18],[-12.716,58.18],[-12.716,58.139],[-12.838,58.139],[-12.898,58.2],[-13.0,58.221],[-13.0,56.434],[-12.858,56.414],[-12.838,56.333],[-12.777,56.333],[-12.675,56.272],[-12.594,56.272],[-12.594,56.333],[-12.411,56.312],[-12.411,56.231],[-12.31,56.211],[-12.289,56.17],[-12.168,56.211],[-12.168,56.272],[-12.107,56.333],[-11.924,56.333],[-11.883,56.292],[-11.823,56.292],[-11.741,56.211],[-11.64,56.211],[-11.579,56.089],[-11.274,56.15],[-11.254,56.048],[-11.214,56.048],[-11.214,56.008],[-11.031,56.008],[-11.031,55.906],[-11.092,55.906],[-11.132,55.866],[-11.295,55.866],[-11.315,55.947],[-11.437,55.947],[-11.538,55.988],[-11.62,55.967],[-11.68,56.028],[-11.883,55.988],[-12.086,55.988],[-12.086,56.028],[-12.229,56.028],[-12.289,55.967],[-12.533,55.906],[-12.553,55.886],[-12.533,55.764],[-12.614,55.683],[-12.756,55.683],[-12.777,55.724],[-13.0,55.724],[-13.0,54.932],[-12.858,54.952],[-12.838,54.83],[-13.0,54.83],[-13.0,53.0],[-13.05,53.0],[-13.05,62.75],[3.77,62.75],[2.48,63.02],[3.12,63.71],[4.39,64.96],[5.3,65.78],[6.48,66.76],[8.71,66.3],[10.44,65.9],[10.5,65.877],[10.5,65.81],[10.605,65.81],[10.605,65.756]],[[12.037,65.205],[12.02,65.24],[11.968,65.211],[12.037,65.205]],[[11.696,65.132],[11.631,65.132],[11.664,65.12],[11.57,65.11],[11.519,65.055],[11.631,65.024],[11.61,64.98],[11.73,64.98],[11.707,65.02],[11.728,65.067],[11.68,65.074],[11.777,65.118],[11.719,65.108],[11.728,65.154],[11.696,65.154],[11.696,65.132]],[[-12.533,59.073],[-12.533,59.114],[-12.574,59.114],[-12.574,59.154],[-12.614,59.154],[-12.614,59.114],[-12.675,59.114],[-12.614,59.093],[-12.614,59.053],[-12.533,59.073]],[[0.885,62.341],[0.743,62.341],[0.865,62.301],[0.885,62.341]],[[0.905,62.565],[1.129,62.605],[1.169,62.646],[1.291,62.646],[1.291,62.666],[1.068,62.747],[0.662,62.747],[0.662,62.687],[0.682,62.646],[0.723,62.646],[0.723,62.605],[0.905,62.565]],[[11.016,65.175],[11.016,65.229],[10.994,65.229],[10.994,65.175],[11.016,65.175]],[[11.307,65.175],[11.35,65.154],[11.469,65.175],[11.502,65.251],[11.383,65.294],[11.318,65.24],[11.307,65.175]],[[11.664,65.326],[11.923,65.294],[11.988,65.305],[11.988,65.488],[11.944,65.488],[11.901,65.424],[11.847,65.413],[11.696,65.445],[11.696,65.499],[11.286,65.499],[11.286,65.424],[11.34,65.348],[11.491,65.294],[11.577,65.316],[11.664,65.294],[11.664,65.326]],[[11.912,65.24],[11.944,65.218],[11.955,65.24],[11.988,65.251],[11.912,65.24]]],[[[5.555,59.894],[5.531,59.9],[5.57,59.9],[5.59,59.873],[5.56,59.865],[5.555,59.894]]],[[[-1.289,60.156],[-1.263,60.115],[-1.328,59.997],[-1.316,60.115],[-1.348,60.083],[-1.348,60.108],[-1.409,60.129],[-1.409,60.169],[-1.429,60.149],[-1.51,60.149],[-1.51,60.18],[-1.446,60.156],[-1.398,60.211],[-1.357,60.197],[-1.411,60.259],[-1.329,60.204],[-1.268,60.245],[-1.312,60.181],[-1.269,60.185],[-1.289,60.156]]],[[[-1.193,60.176],[-1.158,60.225],[-1.199,60.204],[-1.179,60.232],[-1.219,60.238],[-1.183,60.272],[-1.125,60.255],[-1.104,60.19],[-1.064,60.19],[-1.064,60.164],[-1.079,60.188],[-1.135,60.179],[-1.093,60.108],[-1.189,60.068],[-1.199,60.129],[-1.124,60.156],[-1.155,60.193],[-1.193,60.176]]],[[[-1.693,60.23],[-1.693,60.291],[-1.625,60.217],[-1.525,60.212],[-1.504,60.243],[-1.466,60.217],[-1.632,60.19],[-1.652,60.23],[-1.693,60.23]]],[[[-1.104,60.354],[-1.104,60.331],[-1.152,60.337],[-1.172,60.348],[-1.104,60.354]]],[[[-1.466,60.279],[-1.481,60.316],[-1.548,60.293],[-1.632,60.312],[-1.632,60.433],[-1.591,60.433],[-1.591,60.477],[-1.548,60.492],[-1.48,60.485],[-1.48,60.457],[-1.446,60.492],[-1.439,60.431],[-1.4,60.423],[-1.4,60.322],[-1.446,60.321],[-1.466,60.279]]],[[[4.901,60.393],[4.901,60.421],[4.944,60.41],[4.933,60.486],[4.966,60.518],[5.05,60.5],[5.064,60.465],[5.133,60.444],[5.125,60.402],[5.192,60.389],[5.11,60.39],[5.09,60.36],[4.949,60.439],[4.944,60.292],[4.933,60.389],[4.901,60.393]]],[[[-1.186,60.432],[-1.104,60.433],[-1.144,60.389],[-1.199,60.402],[-1.186,60.432]]],[[[-1.295,60.471],[-1.25,60.45],[-1.33,60.45],[-1.297,60.494],[-1.228,60.494],[-1.295,60.471]]],[[[-1.097,60.516],[-1.043,60.494],[-1.145,60.474],[-1.165,60.526],[-1.131,60.496],[-1.097,60.492],[-1.097,60.516]]],[[[-1.556,60.512],[-1.591,60.509],[-1.571,60.555],[-1.53,60.555],[-1.556,60.512]]],[[[-1.449,60.616],[-1.325,60.616],[-1.309,60.601],[-1.419,60.608],[-1.411,60.58],[-1.48,60.539],[-1.384,60.512],[-1.417,60.502],[-1.511,60.555],[-1.47,60.555],[-1.449,60.616]]],[[[-1.206,60.657],[-1.15,60.657],[-1.18,60.625],[-1.168,60.535],[-1.206,60.535],[-1.206,60.657]]],[[[5.37,60.86],[5.338,60.84],[5.35,60.813],[5.236,60.776],[5.363,60.74],[5.43,60.663],[5.35,60.67],[5.34,60.72],[5.26,60.75],[4.927,60.8],[5.146,60.704],[5.101,60.711],[5.06,60.71],[5.06,60.62],[5.31,60.55],[5.588,60.649],[5.409,60.558],[5.324,60.547],[5.502,60.437],[5.59,60.44],[5.7,60.48],[5.709,60.58],[5.708,60.471],[5.528,60.421],[5.306,60.528],[5.237,60.474],[5.298,60.396],[5.208,60.388],[5.246,60.4],[5.22,60.49],[4.944,60.551],[4.922,60.594],[4.89,60.583],[4.912,60.562],[4.912,60.517],[4.873,60.56],[4.842,60.54],[4.879,60.486],[4.823,60.486],[4.814,60.562],[4.89,60.616],[4.901,60.691],[4.847,60.691],[4.858,60.626],[4.801,60.667],[4.782,60.637],[4.782,60.724],[4.748,60.691],[4.814,60.832],[4.771,60.929],[4.925,60.856],[4.883,60.93],[4.825,60.93],[4.89,60.95],[4.89,60.994],[4.965,61.015],[5.05,60.959],[4.982,60.951],[5.009,60.927],[5.047,60.844],[5.133,60.835],[5.131,60.812],[5.167,60.85],[5.31,60.81],[5.359,60.879],[5.53,60.876],[5.37,60.86]],[[5.16,60.59],[5.05,60.61],[5.05,60.55],[5.15,60.52],[5.24,60.51],[5.23,60.55],[5.16,60.59]],[[4.858,60.767],[4.89,60.734],[5.009,60.734],[4.858,60.767]],[[4.965,60.867],[5.03,60.844],[4.994,60.934],[4.957,60.941],[4.965,60.867]]],[[[-1.003,60.738],[-1.003,60.732],[-1.092,60.735],[-1.145,60.7],[-1.145,60.738],[-1.003,60.738]]],[[[-0.982,60.677],[-0.962,60.799],[-0.926,60.77],[-0.966,60.69],[-0.861,60.677],[-0.982,60.677]]],[[[-0.85,60.718],[-0.802,60.745],[-0.821,60.759],[-0.8,60.783],[-0.8,60.717],[-0.85,60.718]]],[[[4.663,60.983],[4.663,61.019],[4.68,60.997],[4.709,61.02],[4.722,60.983],[4.663,60.983]]],[[[5.059,61.188],[5.044,61.163],[5.228,61.143],[5.16,61.129],[5.194,61.105],[5.298,61.129],[5.424,61.08],[5.599,61.139],[5.7,61.134],[5.581,61.112],[5.581,61.08],[5.592,61.091],[5.621,61.091],[5.598,61.085],[5.64,61.06],[5.527,61.075],[5.46,61.05],[5.446,61.0],[5.434,61.027],[5.128,61.076],[5.171,61.08],[5.168,61.103],[5.016,61.166],[5.026,61.112],[4.944,61.083],[4.985,61.105],[4.961,61.177],[4.92,61.191],[4.895,61.137],[4.862,61.203],[4.863,61.122],[4.831,61.163],[4.79,61.146],[4.803,61.047],[4.858,61.101],[4.925,61.058],[4.771,61.022],[4.739,61.091],[4.771,61.102],[4.782,61.177],[4.739,61.177],[4.739,61.112],[4.706,61.112],[4.681,61.205],[4.631,61.231],[4.652,61.286],[4.681,61.286],[4.681,61.245],[4.762,61.245],[4.793,61.286],[4.884,61.266],[4.884,61.34],[4.944,61.415],[5.112,61.431],[5.063,61.375],[5.044,61.403],[4.999,61.377],[5.058,61.323],[5.39,61.369],[5.178,61.339],[4.955,61.253],[5.064,61.246],[4.989,61.225],[5.021,61.216],[5.168,61.221],[5.25,61.184],[5.215,61.184],[5.223,61.163],[5.059,61.188]],[[5.398,61.058],[5.398,61.08],[5.354,61.058],[5.398,61.058]],[[4.782,61.22],[4.782,61.188],[4.825,61.242],[4.782,61.22]],[[4.685,61.21],[4.728,61.21],[4.739,61.242],[4.685,61.242],[4.685,61.21]]],[[[3.666,61.347],[3.666,61.245],[3.524,61.245],[3.524,61.306],[3.585,61.306],[3.585,61.347],[3.666,61.347]]],[[[4.71,61.318],[4.698,61.289],[4.755,61.286],[4.681,61.286],[4.681,61.318],[4.71,61.318]]],[[[4.782,61.296],[4.729,61.318],[4.75,61.339],[4.782,61.339],[4.782,61.296]]],[[[5.541,61.44],[5.45,61.45],[5.67,61.498],[5.751,61.49],[5.541,61.44]]],[[[3.402,61.448],[3.402,61.509],[3.484,61.509],[3.484,61.448],[3.402,61.448]]],[[[5.181,61.472],[4.998,61.429],[4.742,61.48],[4.742,61.529],[4.803,61.55],[4.803,61.585],[4.864,61.589],[4.864,61.509],[4.995,61.51],[4.932,61.538],[4.94,61.568],[5.006,61.59],[5.006,61.63],[5.23,61.629],[5.23,61.595],[5.146,61.595],[5.33,61.554],[5.14,61.554],[5.139,61.524],[5.29,61.48],[5.398,61.487],[5.441,61.479],[5.439,61.46],[5.181,61.472]]],[[[3.281,61.529],[3.281,61.59],[3.362,61.59],[3.362,61.529],[3.281,61.529]]],[[[4.846,61.611],[4.803,61.611],[4.847,61.641],[4.846,61.611]]],[[[4.833,61.696],[4.854,61.663],[4.825,61.663],[4.825,61.696],[4.833,61.696]]],[[[4.88,61.712],[4.825,61.706],[4.825,61.781],[4.845,61.747],[4.883,61.768],[4.825,61.804],[4.825,61.835],[4.927,61.828],[4.871,61.813],[4.916,61.781],[5.126,61.856],[5.118,61.821],[5.24,61.83],[5.268,61.89],[5.35,61.9],[5.29,61.862],[5.331,61.842],[5.15,61.81],[5.064,61.76],[5.19,61.769],[5.126,61.752],[5.162,61.723],[5.003,61.751],[4.933,61.717],[4.912,61.672],[4.88,61.712]]],[[[5.052,61.879],[5.16,61.879],[5.15,61.862],[5.052,61.879]]],[[[4.998,61.901],[5.03,61.883],[4.945,61.897],[4.998,61.901]]],[[[5.009,61.976],[4.976,61.976],[4.986,62.006],[5.054,61.972],[5.009,61.944],[5.009,61.976]]],[[[5.35,62.03],[5.239,61.961],[5.14,61.971],[5.105,61.922],[5.152,61.998],[5.12,62.026],[5.047,62.017],[5.063,62.063],[5.128,62.078],[5.117,62.109],[5.209,62.102],[5.35,62.03]]],[[[5.4,62.116],[5.583,62.07],[5.536,62.079],[5.48,62.03],[5.196,62.203],[5.279,62.203],[5.322,62.236],[5.322,62.192],[5.279,62.182],[5.322,62.16],[5.426,62.182],[5.4,62.116]]],[[[5.524,62.174],[5.462,62.192],[5.527,62.192],[5.537,62.173],[5.524,62.174]]],[[[-2.286,36.611],[-2.286,36.465],[-2.342,36.465],[-2.342,36.351],[-1.99,36.328],[-2.002,36.522],[-2.115,36.522],[-2.115,36.692],[-2.111,36.692],[-2.111,36.733],[-2.139,36.733],[-2.05,36.75],[-2.05,36.816],[-2.0,36.85],[-2.0,36.89],[-1.9,36.941],[-1.787,37.235],[-1.668,37.363],[-1.497,37.428],[-1.471,37.482],[-1.353,37.55],[-1.2,37.567],[-1.106,37.532],[-1.12,37.559],[-1.088,37.581],[-0.925,37.556],[-0.705,37.62],[-0.708,37.643],[-0.75,37.641],[-0.75,37.705],[-0.726,37.665],[-0.75,37.88],[-0.65,37.95],[-0.632,38.15],[-0.6,38.15],[-0.591,38.19],[-0.5,38.2],[-0.5,38.338],[-0.4,38.35],[-0.4,38.407],[-0.359,38.446],[-0.05,38.55],[-0.043,38.612],[0.081,38.631],[0.083,38.661],[0.2,38.7],[0.2,38.732],[0.235,38.742],[0.2,38.779],[0.2,38.85],[-0.01,38.87],[-0.131,38.966],[-0.227,39.112],[-0.242,39.166],[-0.215,39.182],[-0.25,39.3],[-0.3,39.32],[-0.327,39.5],[-0.3,39.5],[-0.3,39.548],[-0.147,39.777],[-0.1,39.8],[-0.091,39.848],[0.0,39.9],[0.05,40.014],[0.15,40.05],[0.213,40.177],[0.351,40.285],[0.466,40.45],[0.5,40.45],[0.563,40.59],[0.707,40.604],[0.663,40.575],[0.592,40.582],[0.616,40.553],[0.677,40.565],[0.768,40.65],[0.858,40.686],[0.874,40.728],[0.8,40.764],[0.8,40.8],[0.75,40.8],[0.75,40.843],[1.013,41.05],[1.173,41.059],[1.218,41.105],[1.5,41.15],[1.539,41.187],[2.05,41.25],[2.05,41.272],[2.15,41.3],[2.285,41.459],[2.45,41.5],[2.45,41.535],[2.8,41.65],[2.84,41.695],[2.95,41.7],[2.951,41.734],[3.195,41.888],[3.236,41.966],[3.2,42.022],[3.214,42.068],[3.122,42.14],[3.119,42.218],[3.17,42.26],[3.263,42.24],[3.318,42.323],[3.187,42.35],[3.146,42.515],[3.052,42.555],[3.05,42.975],[3.114,43.106],[3.25,43.223],[3.385,43.284],[3.513,43.281],[3.622,43.375],[3.75,43.4],[3.885,43.5],[3.95,43.5],[3.953,43.54],[4.1,43.55],[4.15,43.45],[4.533,43.45],[4.58,43.43],[4.566,43.371],[4.6,43.35],[4.9,43.35],[4.9,43.43],[4.928,43.44],[4.95,43.4],[5.019,43.4],[5.014,43.358],[5.065,43.328],[5.306,43.35],[5.35,43.303],[5.35,43.2],[5.543,43.2],[5.55,43.15],[5.776,43.131],[5.8,43.05],[5.95,43.05],[5.95,43.1],[6.009,43.1],[6.129,43.071],[6.098,43.031],[6.18,43.036],[6.153,43.048],[6.174,43.1],[6.375,43.091],[6.366,43.119],[6.413,43.15],[6.65,43.15],[6.7,43.349],[6.75,43.35],[6.75,43.4],[6.9,43.4],[6.9,43.439],[6.95,43.45],[6.95,43.531],[6.976,43.547],[7.15,43.55],[7.15,43.65],[7.35,43.65],[7.35,43.7],[7.45,43.7],[7.502,43.792],[7.75,43.8],[8.15,43.9],[8.15,43.95],[8.2,43.95],[8.2,44.032],[8.25,44.05],[8.257,44.128],[8.45,44.15],[8.45,44.289],[8.688,44.4],[9.102,44.374],[9.211,44.305],[9.238,44.35],[9.3,44.3],[9.368,44.294],[9.4,44.25],[9.484,44.244],[9.55,44.15],[9.673,44.141],[9.8,44.05],[10.025,44.05],[10.05,44.0],[10.119,44.0],[10.252,43.847],[10.3,43.5],[10.437,43.389],[10.528,43.247],[10.547,43.147],[10.517,43.024],[10.478,42.99],[10.5,42.94],[10.676,42.95],[10.764,42.918],[10.765,42.835],[10.731,42.804],[10.944,42.743],[11.0,42.65],[11.078,42.632],[11.1,42.55],[11.164,42.55],[11.187,42.521],[11.164,42.44],[11.087,42.429],[11.107,42.391],[11.184,42.366],[11.202,42.4],[11.396,42.4],[11.65,42.284],[11.8,42.05],[11.935,42.031],[11.95,42.0],[12.02,41.993],[12.1,41.9],[12.151,41.9],[12.25,41.7],[12.346,41.7],[12.35,41.65],[12.448,41.631],[12.6,41.45],[12.695,41.45],[12.75,41.4],[12.894,41.399],[13.068,41.222],[13.286,41.296],[13.544,41.207],[13.575,41.208],[13.588,41.25],[13.725,41.25],[13.8,41.15],[13.849,41.15],[13.884,41.105],[13.9,41.0],[13.965,40.996],[14.021,40.922],[14.048,40.79],[14.25,40.8],[14.25,40.838],[14.294,40.839],[14.3,40.8],[14.45,40.75],[14.45,40.688],[14.338,40.624],[14.343,40.571],[14.487,40.633],[14.544,40.614],[14.626,40.649],[14.814,40.65],[14.998,40.398],[14.907,40.259],[14.95,40.2],[15.017,40.2],[15.05,40.15],[15.152,40.15],[15.263,40.074],[15.261,40.029],[15.3,40.035],[15.3,40.0],[15.45,40.0],[15.535,40.078],[15.652,40.044],[15.7,39.95],[15.732,39.95],[15.774,39.891],[15.8,39.65],[15.838,39.65],[15.85,39.55],[15.905,39.536],[15.95,39.45],[15.995,39.439],[16.05,39.265],[16.05,39.1],[16.079,39.1],[16.1,39.0],[16.22,38.899],[16.21,38.8],[16.153,38.731],[16.003,38.725],[15.844,38.66],[15.835,38.628],[15.9,38.578],[15.9,38.466],[15.8,38.339],[15.777,38.339],[15.777,38.396],[15.663,38.396],[15.663,38.453],[15.55,38.453],[15.55,38.396],[15.493,38.396],[15.473,38.268],[15.292,38.207],[15.245,38.217],[15.246,38.254],[15.243,38.265],[15.237,38.265],[15.177,38.156],[15.088,38.128],[14.907,38.188],[14.734,38.158],[14.669,38.1],[14.6,38.1],[14.6,38.071],[14.53,38.05],[14.273,38.015],[14.2,38.023],[14.2,38.05],[13.95,38.05],[13.791,37.974],[13.622,38.015],[13.55,38.1],[13.391,38.103],[13.372,38.173],[13.318,38.221],[13.1,38.2],[13.05,38.15],[13.05,38.076],[12.992,38.05],[12.869,38.05],[12.85,38.1],[12.803,38.1],[12.732,38.193],[12.725,38.126],[12.654,38.1],[12.142,38.112],[12.142,38.055],[11.858,38.055],[11.858,38.112],[11.801,38.112],[11.801,38.226],[11.744,38.226],[11.744,38.169],[11.574,38.169],[11.574,38.112],[11.119,38.112],[11.119,38.055],[11.062,38.055],[11.062,37.942],[10.778,37.942],[10.778,37.828],[10.665,37.771],[10.665,37.658],[10.551,37.601],[10.551,37.487],[10.665,37.487],[10.665,37.544],[10.722,37.544],[10.778,37.658],[10.949,37.658],[10.949,37.487],[10.892,37.487],[10.892,37.43],[10.949,37.43],[10.949,37.146],[10.835,37.146],[10.835,37.033],[10.891,37.033],[10.873,36.997],[10.733,36.896],[10.585,36.876],[10.519,36.756],[10.3,36.771],[10.3,36.823],[10.347,36.88],[10.25,36.952],[10.25,37.0],[10.2,37.003],[10.2,37.096],[10.23,37.108],[10.2,37.176],[10.272,37.179],[10.15,37.25],[9.894,37.261],[9.85,37.35],[9.6,37.35],[9.591,37.303],[9.2,37.25],[9.171,37.199],[8.95,37.1],[8.937,37.05],[8.8,37.0],[8.8,36.973],[8.55,36.95],[8.55,36.922],[8.463,36.902],[8.233,36.958],[7.911,36.85],[7.773,36.89],[7.799,36.994],[7.713,36.963],[7.589,36.988],[7.49,37.055],[7.405,37.052],[7.4,37.1],[7.182,37.083],[7.25,37.024],[7.239,36.972],[7.157,36.915],[6.949,36.89],[6.9,36.896],[6.9,36.95],[6.599,36.973],[6.5,37.1],[6.3,37.1],[6.257,36.946],[6.197,36.902],[6.017,36.85],[5.7,36.85],[5.675,36.8],[5.55,36.8],[5.529,36.698],[5.364,36.65],[5.24,36.65],[5.15,36.686],[5.1,36.711],[5.1,36.8],[5.024,36.8],[5.0,36.85],[5.0,36.817],[4.974,36.819],[4.95,36.85],[4.769,36.898],[3.827,36.913],[3.681,36.85],[3.6,36.85],[3.6,36.808],[3.48,36.777],[3.227,36.812],[3.195,36.75],[3.102,36.752],[2.977,36.816],[2.9,36.8],[2.819,36.711],[2.614,36.6],[2.404,36.6],[2.352,36.638],[2.05,36.569],[2.05,36.6],[1.85,36.6],[1.85,36.566],[1.803,36.555],[1.3,36.55],[1.288,36.521],[0.946,36.452],[0.865,36.377],[0.778,36.35],[0.65,36.35],[0.451,36.223],[0.342,36.206],[0.283,36.134],[0.15,36.1],[0.15,36.063],[0.1,36.05],[0.1,35.984],[0.035,35.863],[-0.05,35.85],[-0.05,35.808],[-0.259,35.818],[-0.3,35.841],[-0.3,35.9],[-0.349,35.907],[-0.479,35.89],[-0.512,35.8],[-0.626,35.723],[-0.825,35.769],[-0.888,35.716],[-1.033,35.683],[-1.132,35.6],[-1.2,35.6],[-1.2,35.546],[-1.295,35.365],[-1.55,35.3],[-1.55,35.268],[-1.65,35.188],[-1.885,35.1],[-2.255,35.1],[-2.417,35.149],[-2.493,35.104],[-2.596,35.1],[-2.75,35.138],[-2.878,35.246],[-2.85,35.2],[-2.9,35.2],[-2.9,35.3],[-2.929,35.3],[-2.959,35.386],[-2.921,35.386],[-2.921,35.356],[-2.683,35.386],[-2.683,35.499],[-2.74,35.499],[-2.74,35.639],[-2.517,35.639],[-2.517,35.72],[-2.436,35.761],[-2.436,35.842],[-2.513,35.842],[-2.513,35.897],[-2.626,35.897],[-2.683,36.01],[-2.74,36.01],[-2.74,36.238],[-2.797,36.238],[-2.854,36.351],[-2.91,36.351],[-2.91,36.571],[-2.759,36.571],[-2.759,36.611],[-2.719,36.611],[-2.754,36.681],[-2.6,36.7],[-2.6,36.766],[-2.561,36.819],[-2.362,36.837],[-2.283,36.81],[-2.25,36.75],[-2.218,36.749],[-2.286,36.749],[-2.314,36.692],[-2.342,36.692],[-2.342,36.635],[-2.286,36.611]],[[3.81,40.035],[3.851,39.984],[3.831,39.936],[3.981,39.936],[4.248,39.816],[4.3,39.822],[4.303,39.888],[4.337,39.867],[4.298,39.942],[4.255,39.95],[4.265,39.986],[4.171,40.065],[4.132,40.05],[4.105,40.079],[3.81,40.035]],[[3.454,39.66],[3.474,39.75],[3.355,39.784],[3.293,39.75],[3.163,39.769],[3.126,39.832],[3.207,39.893],[3.1,39.88],[3.097,39.914],[3.214,39.955],[3.179,39.969],[2.7,39.85],[2.7,39.811],[2.65,39.77],[2.352,39.597],[2.382,39.529],[2.454,39.537],[2.493,39.47],[2.612,39.55],[2.7,39.55],[2.75,39.512],[2.75,39.4],[2.825,39.364],[2.959,39.363],[3.061,39.269],[3.25,39.35],[3.311,39.506],[3.351,39.55],[3.4,39.55],[3.402,39.623],[3.454,39.66]],[[1.403,38.832],[1.415,38.891],[1.5,38.9],[1.623,39.029],[1.606,39.091],[1.523,39.119],[1.4,39.1],[1.3,39.05],[1.3,38.968],[1.227,38.96],[1.212,38.903],[1.26,38.858],[1.283,38.875],[1.403,38.832]],[[8.545,42.233],[8.574,42.22],[8.566,42.175],[8.594,42.175],[8.56,42.154],[8.7,42.1],[8.7,42.029],[8.655,41.979],[8.586,41.969],[8.614,41.901],[8.8,41.9],[8.792,41.859],[8.751,41.846],[8.785,41.824],[8.709,41.805],[8.718,41.772],[8.655,41.75],[8.785,41.742],[8.8,41.55],[8.85,41.545],[8.85,41.5],[9.1,41.447],[9.1,41.4],[9.207,41.366],[9.25,41.4],[9.265,41.531],[9.35,41.55],[9.35,41.641],[9.4,41.65],[9.403,41.952],[9.5,42.0],[9.5,42.06],[9.56,42.147],[9.532,42.544],[9.5,42.601],[9.5,43.0],[9.347,43.004],[9.35,42.921],[9.3,42.9],[9.3,42.7],[9.25,42.717],[9.25,42.75],[9.1,42.75],[9.1,42.72],[9.05,42.7],[9.05,42.662],[9.018,42.65],[8.7,42.6],[8.7,42.55],[8.65,42.55],[8.65,42.423],[8.552,42.387],[8.552,42.339],[8.6,42.352],[8.6,42.25],[8.545,42.233]],[[8.162,40.564],[8.193,40.617],[8.216,40.571],[8.3,40.588],[8.3,40.5],[8.39,40.442],[8.386,40.352],[8.476,40.292],[8.46,40.216],[8.487,40.09],[8.377,40.034],[8.4,40.03],[8.4,39.9],[8.435,39.858],[8.463,39.899],[8.437,39.9],[8.521,39.9],[8.55,39.87],[8.546,39.8],[8.45,39.8],[8.45,39.555],[8.387,39.47],[8.4,39.41],[8.374,39.379],[8.4,39.349],[8.4,39.259],[8.372,39.231],[8.4,39.106],[8.36,39.118],[8.349,39.062],[8.422,38.961],[8.459,39.05],[8.55,39.05],[8.55,38.95],[8.6,38.95],[8.6,38.899],[8.643,38.89],[8.641,38.864],[8.659,38.9],[8.853,38.878],[9.0,38.9],[9.0,38.988],[9.045,39.051],[9.018,39.146],[9.05,39.15],[9.064,39.2],[9.338,39.2],[9.35,39.15],[9.496,39.134],[9.519,39.105],[9.566,39.149],[9.568,39.238],[9.635,39.297],[9.602,39.356],[9.614,39.4],[9.65,39.4],[9.65,39.646],[9.67,39.7],[9.7,39.7],[9.7,40.006],[9.732,40.084],[9.65,40.155],[9.65,40.299],[9.712,40.366],[9.8,40.4],[9.827,40.52],[9.8,40.6],[9.753,40.605],[9.75,40.9],[9.718,40.9],[9.734,40.925],[9.69,40.9],[9.6,40.914],[9.6,41.001],[9.663,41.003],[9.6,41.02],[9.6,41.1],[9.5,41.142],[9.5,41.25],[9.45,41.25],[9.45,41.3],[9.335,41.308],[9.3,41.3],[9.3,41.25],[9.15,41.25],[9.142,41.153],[8.95,41.1],[8.933,41.05],[8.85,41.05],[8.826,40.95],[8.641,40.896],[8.589,40.85],[8.31,40.851],[8.202,40.975],[8.179,40.928],[8.215,40.881],[8.134,40.729],[8.197,40.691],[8.141,40.625],[8.162,40.564]],[[-2.429,35.186],[-2.436,35.181],[-2.427,35.182],[-2.429,35.186]],[[-2.439,35.179],[-2.441,35.181],[-2.441,35.176],[-2.439,35.179]],[[-2.425,35.179],[-2.421,35.176],[-2.422,35.183],[-2.425,35.179]],[[14.966,38.433],[14.945,38.412],[14.987,38.364],[15.007,38.378],[14.966,38.433]],[[14.901,38.499],[14.935,38.459],[14.979,38.481],[14.958,38.522],[14.901,38.499]],[[14.794,38.572],[14.862,38.539],[14.851,38.585],[14.794,38.572]],[[1.581,38.653],[1.566,38.691],[1.486,38.695],[1.438,38.749],[1.383,38.712],[1.383,38.642],[1.458,38.681],[1.581,38.653]],[[8.306,39.105],[8.306,39.193],[8.225,39.157],[8.255,39.107],[8.306,39.105]],[[13.89,40.694],[13.966,40.715],[13.883,40.762],[13.849,40.715],[13.89,40.694]],[[8.251,41.044],[8.341,41.074],[8.326,41.126],[8.278,41.106],[8.21,40.996],[8.246,40.994],[8.251,41.044]],[[10.913,42.375],[10.876,42.387],[10.872,42.354],[10.94,42.331],[10.913,42.375]],[[10.431,42.864],[10.4,42.869],[10.347,42.806],[10.133,42.812],[10.107,42.757],[10.23,42.735],[10.338,42.765],[10.416,42.709],[10.425,42.741],[10.389,42.763],[10.43,42.788],[10.431,42.864]],[[9.855,43.044],[9.807,43.066],[9.785,43.028],[9.823,43.008],[9.855,43.044]],[[14.346,38.535],[14.361,38.539],[14.343,38.547],[14.346,38.535]],[[14.576,38.577],[14.546,38.588],[14.552,38.562],[14.585,38.557],[14.576,38.577]],[[13.197,38.708],[13.169,38.717],[13.165,38.691],[13.197,38.708]],[[15.217,38.773],[15.239,38.804],[15.187,38.789],[15.217,38.773]],[[13.415,40.786],[13.427,40.791],[13.432,40.801],[13.415,40.786]],[[2.962,39.116],[2.981,39.186],[2.914,39.152],[2.962,39.116]],[[10.306,42.352],[10.294,42.328],[10.316,42.341],[10.306,42.352]],[[10.095,42.577],[10.084,42.615],[10.053,42.589],[10.05,42.582],[10.095,42.577]],[[6.165,43.005],[6.252,43.003],[6.203,43.008],[6.165,43.005]],[[10.823,37.118],[10.806,37.141],[10.796,37.118],[10.823,37.118]],[[8.9,37.519],[8.959,37.519],[8.946,37.543],[8.9,37.519]],[[14.262,40.554],[14.219,40.561],[14.208,40.538],[14.262,40.554]],[[14.017,40.737],[14.035,40.76],[14.001,40.744],[14.017,40.737]],[[12.952,40.882],[12.992,40.933],[12.942,40.9],[12.952,40.882]],[[12.857,40.95],[12.853,40.948],[12.862,40.931],[12.857,40.95]],[[13.054,40.974],[13.05,40.967],[13.062,40.976],[13.054,40.974]],[[9.255,41.342],[9.247,41.338],[9.257,41.332],[9.255,41.342]],[[9.27,41.368],[9.265,41.372],[9.263,41.361],[9.27,41.368]],[[11.106,42.238],[11.111,42.261],[11.095,42.243],[11.106,42.238]],[[6.433,43.01],[6.507,43.052],[6.435,43.027],[6.433,43.01]],[[9.908,43.427],[9.916,43.443],[9.894,43.433],[9.908,43.427]],[[7.073,43.516],[7.049,43.524],[7.037,43.516],[7.073,43.516]]],[[[7.08,53.338],[7.025,53.338],[7.025,53.374],[7.08,53.338]]],[[[5.848,53.367],[5.859,53.389],[5.926,53.389],[5.848,53.367]]],[[[8.057,53.633],[8.1,53.633],[8.1,53.602],[8.057,53.633]]],[[[9.0,54.1],[9.0,54.075],[8.963,54.075],[8.95,54.1],[9.0,54.1]]],[[[8.95,54.1],[8.925,54.1],[8.924,54.14],[8.897,54.14],[8.95,54.15],[8.95,54.1]]],[[[8.9,54.585],[8.9,54.53],[8.875,54.528],[8.888,54.6],[8.9,54.585]]],[[[8.805,54.688],[8.816,54.668],[8.763,54.675],[8.75,54.7],[8.805,54.688]]],[[[8.65,54.892],[8.647,54.825],[8.619,54.882],[8.65,54.892]]],[[[8.559,55.115],[8.559,55.075],[8.52,55.075],[8.559,55.115]]],[[[8.175,55.725],[8.175,55.804],[8.182,55.729],[8.169,55.688],[8.1,55.573],[8.175,55.725]]],[[[8.126,56.45],[8.092,56.45],[8.092,56.495],[8.124,56.495],[8.126,56.45]]],[[[8.13,56.576],[8.124,56.515],[8.092,56.515],[8.092,56.576],[8.13,56.576]]],[[[8.153,56.622],[8.153,56.678],[8.183,56.678],[8.153,56.622]]],[[[8.315,56.718],[8.263,56.718],[8.244,56.777],[8.55,56.593],[8.55,56.566],[8.503,56.55],[8.344,56.585],[8.307,56.554],[8.306,56.598],[8.202,56.64],[8.225,56.678],[8.234,56.657],[8.315,56.678],[8.315,56.718]]],[[[8.237,56.759],[8.214,56.759],[8.214,56.82],[8.253,56.82],[8.237,56.759]]],[[[8.312,56.881],[8.254,56.821],[8.274,56.881],[8.312,56.881]]],[[[8.457,57.043],[8.53,57.06],[8.504,57.035],[8.437,56.992],[8.457,57.043]]],[[[8.618,57.123],[8.565,57.1],[8.579,57.124],[8.66,57.124],[8.618,57.123]]],[[[8.943,57.145],[8.863,57.115],[8.863,57.145],[8.943,57.145]]],[[[7.002,58.009],[6.894,58.018],[6.874,57.977],[6.808,57.977],[6.808,58.058],[6.723,58.1],[6.83,58.12],[6.81,58.174],[6.874,58.135],[6.988,58.14],[6.804,58.1],[6.91,58.094],[6.901,58.052],[6.94,58.077],[6.935,58.045],[7.07,58.06],[7.002,58.009]]],[[[6.354,58.188],[6.354,58.241],[6.407,58.241],[6.354,58.284],[6.652,58.25],[6.681,58.223],[6.739,58.23],[6.654,58.189],[6.675,58.182],[6.597,58.177],[6.575,58.139],[6.354,58.102],[6.354,58.145],[6.398,58.145],[6.354,58.188]],[[6.613,58.236],[6.525,58.244],[6.542,58.212],[6.632,58.211],[6.613,58.236]]],[[[7.99,58.1],[7.97,58.131],[8.04,58.15],[8.04,58.21],[8.07,58.155],[8.025,58.141],[8.123,58.102],[8.158,58.144],[8.202,58.123],[8.3,58.17],[8.29,58.212],[8.38,58.2],[8.42,58.271],[8.501,58.257],[8.58,58.34],[8.707,58.379],[8.754,58.428],[8.88,58.45],[8.871,58.48],[8.967,58.567],[8.954,58.598],[9.034,58.595],[9.201,58.672],[9.1,58.69],[9.216,58.703],[9.07,58.74],[9.341,58.751],[9.45,58.833],[9.31,58.83],[9.308,58.874],[9.511,58.895],[9.478,58.925],[9.608,58.929],[9.69,58.957],[9.656,58.984],[9.724,58.984],[9.727,59.015],[9.55,59.12],[9.63,59.12],[9.683,59.046],[9.69,59.09],[9.758,59.032],[9.782,59.051],[9.845,58.989],[9.812,58.963],[9.846,58.956],[10.015,58.973],[10.02,59.033],[10.14,59.04],[10.155,59.025],[10.115,59.005],[10.141,59.0],[10.207,59.016],[10.232,59.04],[10.224,59.114],[10.262,59.039],[10.272,59.114],[10.307,59.06],[10.289,59.13],[10.328,59.13],[10.33,59.2],[10.37,59.22],[10.37,59.175],[10.45,59.175],[10.45,59.25],[10.514,59.303],[10.45,59.345],[10.478,59.43],[10.369,59.455],[10.244,59.55],[10.381,59.535],[10.4,59.65],[10.257,59.701],[10.24,59.739],[10.403,59.683],[10.429,59.598],[10.413,59.549],[10.359,59.516],[10.38,59.495],[10.413,59.538],[10.484,59.514],[10.543,59.536],[10.629,59.633],[10.69,59.463],[10.651,59.45],[10.656,59.498],[10.592,59.431],[10.65,59.41],[10.674,59.316],[10.775,59.314],[10.733,59.241],[10.738,59.217],[10.772,59.25],[10.779,59.189],[10.841,59.161],[10.9,59.196],[10.916,59.142],[10.966,59.18],[11.032,59.128],[11.091,59.128],[11.09,59.173],[11.136,59.142],[11.166,59.192],[11.2,59.154],[11.182,59.116],[11.25,59.1],[11.129,59.031],[11.123,58.994],[11.184,58.991],[11.108,58.954],[11.175,58.926],[11.2,58.825],[11.233,58.825],[11.177,58.719],[11.218,58.708],[11.225,58.65],[11.259,58.635],[11.275,58.567],[11.239,58.508],[11.294,58.47],[11.259,58.422],[11.209,58.419],[11.221,58.346],[11.367,58.375],[11.355,58.344],[11.423,58.375],[11.449,58.342],[11.384,58.318],[11.443,58.306],[11.396,58.265],[11.539,58.33],[11.497,58.258],[11.54,58.237],[11.526,58.258],[11.581,58.251],[11.727,58.327],[11.87,58.345],[11.809,58.302],[11.85,58.225],[11.89,58.217],[11.841,58.194],[11.828,58.121],[11.793,58.1],[11.8,58.022],[11.737,57.939],[11.759,57.902],[11.656,57.839],[11.747,57.788],[11.59,57.842],[11.639,57.883],[11.547,57.907],[11.439,58.069],[11.396,58.08],[11.396,58.123],[11.331,58.145],[11.32,58.199],[11.223,58.188],[11.234,58.08],[11.126,58.08],[11.104,58.112],[10.942,58.145],[10.942,58.123],[10.78,58.102],[10.737,58.026],[10.65,57.994],[10.715,57.907],[10.553,57.875],[10.521,57.81],[10.478,57.81],[10.532,57.799],[10.546,57.745],[10.351,57.649],[10.121,57.594],[10.1,57.605],[10.121,57.713],[10.035,57.713],[9.981,57.691],[10.002,57.648],[9.819,57.626],[9.84,57.594],[9.957,57.583],[9.573,57.243],[9.3,57.146],[9.107,57.151],[9.107,57.185],[9.228,57.226],[9.228,57.266],[9.289,57.266],[9.31,57.348],[9.371,57.348],[9.35,57.368],[9.371,57.449],[9.472,57.429],[9.472,57.469],[9.533,57.469],[9.736,57.429],[9.736,57.469],[9.797,57.49],[9.614,57.497],[9.83,57.497],[9.83,57.518],[9.594,57.538],[9.594,57.571],[9.452,57.605],[9.452,57.659],[9.408,57.68],[9.192,57.616],[9.138,57.54],[8.924,57.53],[8.904,57.49],[8.741,57.49],[8.619,57.449],[8.254,57.449],[8.112,57.409],[7.747,57.409],[7.747,57.388],[6.955,57.409],[6.955,57.449],[6.772,57.449],[6.732,57.49],[6.549,57.53],[6.529,57.571],[6.488,57.571],[6.488,57.612],[6.427,57.612],[6.407,57.652],[6.183,57.693],[6.123,57.733],[5.92,57.754],[5.94,57.916],[6.102,57.916],[6.102,57.936],[6.224,57.907],[6.224,57.875],[6.326,57.896],[6.326,57.855],[6.468,57.875],[6.529,57.835],[6.549,57.896],[6.603,57.853],[6.732,57.832],[6.754,57.886],[6.862,57.896],[6.873,57.853],[7.378,57.788],[7.335,57.832],[7.184,57.832],[7.173,57.875],[7.097,57.886],[7.14,57.972],[7.011,57.994],[7.156,58.05],[7.49,58.018],[7.518,57.972],[7.486,57.972],[7.464,57.929],[7.497,57.918],[7.626,57.961],[7.583,58.01],[7.65,58.02],[7.659,58.05],[7.99,58.1]],[[10.383,59.675],[10.38,59.68],[10.375,59.675],[10.383,59.675]],[[11.595,57.936],[11.7,58.014],[11.732,57.998],[11.739,58.059],[11.7,58.059],[11.7,58.1],[11.825,58.125],[11.825,58.25],[11.686,58.291],[11.659,58.25],[11.6,58.25],[11.409,58.146],[11.458,58.072],[11.464,58.107],[11.5,58.075],[11.575,58.075],[11.575,58.121],[11.698,58.1],[11.625,58.1],[11.625,58.05],[11.506,58.046],[11.506,58.013],[11.568,58.004],[11.516,58.001],[11.534,57.951],[11.595,57.936]],[[9.646,57.713],[9.689,57.745],[9.689,57.788],[9.57,57.734],[9.646,57.713]],[[11.104,58.156],[11.104,58.188],[11.061,58.21],[11.061,58.177],[11.104,58.156]],[[10.991,59.034],[11.046,59.027],[11.07,59.075],[11.003,59.086],[10.991,59.034]],[[10.829,59.099],[10.877,59.071],[10.914,59.101],[10.855,59.115],[10.829,59.099]],[[10.988,58.911],[10.992,58.871],[11.056,58.864],[11.016,58.917],[10.988,58.911]],[[10.939,59.084],[10.922,59.058],[10.946,59.03],[10.939,59.084]],[[10.429,59.118],[10.426,59.08],[10.451,59.065],[10.431,59.096],[10.429,59.118]],[[10.544,59.22],[10.538,59.213],[10.561,59.208],[10.544,59.22]],[[10.512,59.379],[10.533,59.367],[10.538,59.384],[10.512,59.379]]],[[[5.859,58.444],[5.86,58.48],[5.967,58.45],[5.974,58.424],[5.859,58.444]]],[[[6.12,58.854],[6.229,58.84],[6.14,58.84],[6.12,58.854]]],[[[6.626,59.06],[6.626,59.053],[6.17,58.98],[6.23,59.007],[6.626,59.06]]],[[[5.85,59.46],[5.826,59.53],[5.902,59.479],[6.153,59.477],[5.886,59.447],[5.924,59.356],[5.995,59.381],[5.979,59.4],[6.105,59.41],[5.995,59.334],[6.236,59.32],[6.085,59.307],[6.154,59.268],[6.295,59.3],[6.01,59.2],[6.046,59.19],[6.009,59.149],[6.126,59.148],[5.873,59.087],[5.914,59.028],[6.051,58.998],[5.975,58.963],[6.034,58.905],[6.07,58.92],[6.063,58.89],[6.0,58.89],[5.96,58.95],[5.706,58.95],[5.716,58.977],[5.621,59.012],[5.656,59.012],[5.685,59.074],[5.493,59.012],[5.493,59.114],[5.22,59.138],[5.297,59.169],[5.318,59.257],[5.277,59.3],[5.339,59.279],[5.339,59.322],[5.391,59.295],[5.41,59.32],[5.475,59.279],[5.59,59.3],[5.61,59.384],[5.646,59.334],[5.612,59.293],[5.705,59.34],[5.89,59.35],[5.85,59.43],[5.72,59.425],[5.73,59.45],[5.85,59.46]],[[5.775,59.081],[5.776,59.113],[5.608,59.134],[5.575,59.124],[5.775,59.081]],[[5.468,59.197],[5.439,59.23],[5.375,59.219],[5.443,59.159],[5.468,59.197]],[[6.1,59.277],[5.952,59.284],[5.93,59.243],[5.958,59.228],[6.1,59.277]],[[5.771,59.173],[5.773,59.154],[5.84,59.14],[5.877,59.171],[5.843,59.196],[5.771,59.173]]],[[[6.248,59.527],[6.423,59.55],[6.243,59.511],[6.188,59.43],[6.164,59.47],[6.248,59.527]]],[[[6.54,59.56],[6.43,59.551],[6.51,59.57],[6.54,59.56]]],[[[5.49,59.53],[5.52,59.55],[5.52,59.64],[5.53,59.64],[5.498,59.65],[5.502,59.711],[5.566,59.711],[5.566,59.754],[5.642,59.797],[5.652,59.84],[5.722,59.861],[5.715,59.832],[5.832,59.772],[5.942,59.8],[5.964,59.76],[6.074,59.76],[5.986,59.736],[5.903,59.765],[5.746,59.676],[5.879,59.656],[5.564,59.677],[5.524,59.618],[5.527,59.554],[5.516,59.539],[5.49,59.53]]],[[[6.306,59.85],[6.171,59.803],[6.233,59.84],[6.306,59.85]]],[[[5.598,60.232],[5.708,60.232],[5.564,60.204],[5.574,60.177],[5.544,60.163],[5.593,60.139],[5.681,60.191],[5.738,60.19],[5.708,60.176],[5.729,60.132],[5.7,60.104],[5.76,60.08],[5.681,60.04],[5.756,59.991],[5.865,60.0],[5.9,60.01],[5.9,60.162],[5.95,60.17],[6.0,60.266],[6.14,60.254],[6.2,60.38],[6.55,60.46],[6.7,60.43],[6.75,60.47],[6.91,60.506],[7.09,60.49],[6.783,60.467],[6.62,60.338],[6.65,60.38],[6.63,60.43],[6.503,60.431],[6.352,60.368],[6.202,60.3],[6.142,60.215],[6.075,60.198],[6.105,60.107],[6.26,60.13],[6.26,60.157],[6.29,60.121],[6.01,60.057],[5.948,59.998],[5.983,59.981],[5.972,59.96],[5.772,59.931],[5.743,59.882],[5.652,59.862],[5.631,59.83],[5.6,59.83],[5.6,59.92],[5.64,59.916],[5.605,59.962],[5.66,60.017],[5.657,60.079],[5.462,60.053],[5.449,60.005],[5.412,60.004],[5.435,60.05],[5.4,60.05],[5.372,59.978],[5.482,59.95],[5.49,59.915],[5.304,59.978],[5.25,59.909],[5.259,59.873],[5.22,59.873],[5.145,59.894],[5.156,59.938],[5.067,59.938],[5.067,60.068],[5.009,60.108],[5.09,60.135],[5.041,60.135],[5.063,60.162],[5.02,60.162],[5.009,60.202],[5.15,60.2],[5.11,60.28],[5.16,60.27],[5.16,60.238],[5.171,60.279],[5.31,60.266],[5.223,60.211],[5.352,60.217],[5.304,60.191],[5.372,60.17],[5.352,60.156],[5.41,60.131],[5.59,60.28],[5.572,60.238],[5.633,60.273],[5.598,60.232]],[[5.25,59.92],[5.22,59.92],[5.22,59.88],[5.25,59.88],[5.25,59.909],[5.25,59.92]],[[5.333,60.0],[5.354,60.043],[5.322,60.054],[5.3,60.022],[5.333,60.0]],[[5.204,60.088],[5.172,60.049],[5.269,59.995],[5.3,60.051],[5.205,60.117],[5.247,60.051],[5.224,60.042],[5.204,60.088]],[[5.202,59.976],[5.188,60.017],[5.134,60.007],[5.098,59.992],[5.202,59.976]],[[5.339,60.143],[5.349,60.165],[5.283,60.154],[5.288,60.145],[5.339,60.143]]],[[[5.65,60.358],[5.679,60.36],[5.61,60.283],[5.65,60.358]]],[[[6.986,60.56],[6.917,60.515],[6.9,60.54],[6.986,60.56]]],[[[5.71,60.596],[5.72,60.69],[5.55,60.69],[5.655,60.737],[5.664,60.704],[5.74,60.71],[5.71,60.596]]],[[[7.14,60.95],[7.1,60.95],[7.1,60.96],[7.161,60.951],[7.16,60.92],[7.14,60.95]]],[[[5.81,61.082],[5.786,61.112],[5.819,61.123],[5.845,61.094],[5.81,61.082]]],[[[5.674,61.088],[5.624,61.102],[5.7,61.123],[5.772,61.114],[5.674,61.088]]],[[[6.5,61.208],[6.537,61.204],[6.511,61.25],[6.54,61.25],[6.54,61.28],[6.624,61.27],[6.558,61.225],[6.665,61.195],[6.984,61.17],[6.917,61.136],[6.953,61.112],[7.18,61.17],[7.35,61.16],[7.36,61.205],[7.695,61.232],[7.427,61.186],[7.346,61.143],[7.386,61.12],[7.24,61.15],[7.17,61.112],[7.0,61.093],[7.1,60.96],[6.954,60.962],[7.03,60.99],[7.01,61.05],[6.956,61.088],[6.87,61.09],[6.837,61.139],[6.613,61.174],[6.546,61.104],[6.389,61.05],[6.3,61.063],[6.29,61.1],[5.704,61.144],[5.783,61.197],[5.804,61.156],[6.035,61.2],[5.961,61.163],[6.073,61.148],[6.174,61.184],[6.283,61.125],[6.434,61.115],[6.506,61.147],[6.5,61.208]]],[[[7.32,61.27],[7.26,61.283],[7.34,61.34],[7.34,61.37],[7.29,61.393],[7.37,61.38],[7.438,61.41],[7.314,61.308],[7.34,61.22],[7.32,61.27]]],[[[7.567,61.48],[7.44,61.412],[7.49,61.46],[7.567,61.48]]],[[[6.179,61.77],[6.14,61.77],[6.12,61.799],[6.179,61.77]]],[[[6.565,61.879],[6.66,61.89],[6.819,61.87],[6.79,61.85],[6.59,61.871],[6.521,61.814],[6.474,61.805],[6.33,61.846],[6.53,61.83],[6.565,61.879]]],[[[5.961,61.917],[5.729,61.889],[5.804,61.856],[5.886,61.883],[6.303,61.85],[5.77,61.84],[5.7,61.89],[5.34,61.912],[5.427,61.938],[5.961,61.917]]],[[[5.635,62.182],[5.786,62.182],[5.808,62.203],[5.851,62.203],[5.786,62.18],[5.667,62.171],[5.738,62.094],[5.592,62.171],[5.635,62.182]]],[[[7.074,62.1],[6.99,62.09],[6.939,62.122],[7.01,62.18],[7.0,62.29],[6.92,62.32],[6.9,62.42],[6.689,62.45],[6.544,62.411],[6.564,62.36],[6.48,62.401],[6.39,62.365],[6.592,62.136],[6.55,62.12],[6.55,62.171],[6.311,62.372],[6.133,62.328],[6.089,62.344],[5.948,62.246],[6.064,62.205],[5.94,62.229],[5.921,62.208],[6.089,62.109],[6.27,62.073],[6.06,62.07],[6.07,62.11],[5.955,62.14],[5.937,62.087],[5.909,62.061],[5.88,62.042],[5.94,62.1],[5.921,62.178],[5.851,62.214],[5.789,62.214],[5.801,62.277],[5.711,62.292],[5.776,62.322],[5.776,62.344],[5.743,62.322],[5.703,62.322],[5.739,62.332],[5.716,62.365],[5.624,62.34],[5.624,62.365],[5.7,62.376],[5.678,62.419],[5.711,62.441],[5.818,62.419],[5.804,62.362],[5.852,62.28],[5.811,62.246],[6.079,62.342],[6.0,62.366],[5.948,62.426],[5.981,62.463],[6.021,62.469],[6.013,62.441],[6.091,62.402],[6.318,62.404],[6.202,62.445],[6.046,62.438],[6.102,62.443],[6.123,62.484],[6.197,62.484],[6.253,62.57],[6.263,62.527],[6.533,62.537],[6.565,62.527],[6.476,62.513],[6.59,62.5],[6.223,62.459],[6.243,62.451],[6.398,62.425],[6.69,62.478],[6.852,62.454],[6.976,62.377],[6.914,62.37],[6.99,62.31],[7.35,62.28],[7.238,62.26],[7.04,62.28],[7.037,62.184],[6.97,62.14],[6.97,62.11],[7.074,62.1]]],[[[5.884,62.495],[5.884,62.441],[5.808,62.463],[5.884,62.495]]],[[[6.143,62.508],[6.041,62.529],[6.087,62.551],[6.135,62.531],[6.143,62.572],[6.143,62.508]]],[[[6.622,62.62],[6.622,62.59],[6.537,62.616],[6.695,62.637],[6.622,62.62]]],[[[8.03,62.74],[7.836,62.732],[7.523,62.674],[7.526,62.59],[7.477,62.64],[7.418,62.633],[7.42,62.59],[7.51,62.56],[7.76,62.58],[7.573,62.55],[7.542,62.504],[7.52,62.54],[7.43,62.55],[7.36,62.6],[7.157,62.629],[7.127,62.534],[7.097,62.612],[7.038,62.623],[7.092,62.651],[6.887,62.644],[6.928,62.623],[6.919,62.59],[6.782,62.648],[6.858,62.648],[6.858,62.68],[6.779,62.68],[6.914,62.698],[6.904,62.733],[6.859,62.745],[6.89,62.756],[6.933,62.756],[6.955,62.713],[7.655,62.791],[7.472,62.767],[7.367,62.733],[7.404,62.712],[7.36,62.698],[7.489,62.687],[8.04,62.778],[8.05,62.74],[8.147,62.692],[8.03,62.74]]],[[[6.469,62.67],[6.469,62.713],[6.577,62.767],[6.631,62.767],[6.631,62.724],[6.699,62.734],[6.647,62.685],[6.67,62.659],[6.512,62.637],[6.469,62.67]]],[[[6.933,62.778],[6.894,62.778],[6.944,62.82],[6.933,62.778]]],[[[6.804,62.822],[6.77,62.817],[6.86,62.78],[6.75,62.788],[6.75,62.821],[6.778,62.842],[6.804,62.822]]],[[[7.209,62.817],[7.009,62.82],[7.133,62.849],[7.209,62.817]]],[[[6.944,62.85],[6.808,62.853],[6.825,62.864],[6.944,62.864],[6.944,62.85]]],[[[6.971,62.875],[6.879,62.907],[6.879,62.95],[6.912,62.95],[6.88,62.911],[6.971,62.875]]],[[[8.63,62.844],[8.451,62.896],[8.429,62.897],[8.53,62.848],[8.329,62.881],[8.309,62.945],[8.33,62.973],[8.142,63.037],[8.11,63.11],[7.97,63.1],[7.949,63.048],[7.89,63.03],[7.89,62.996],[7.84,62.994],[7.905,62.983],[7.997,63.01],[8.15,62.94],[8.15,62.91],[8.2,62.91],[8.16,62.89],[8.18,62.83],[8.471,62.75],[8.56,62.69],[8.154,62.815],[8.113,62.918],[8.03,62.97],[7.939,62.977],[7.88,62.953],[7.81,62.95],[7.806,62.942],[7.694,62.912],[7.69,62.92],[7.786,62.983],[7.68,62.983],[7.71,62.99],[7.68,63.026],[7.82,63.02],[7.915,63.082],[7.85,63.134],[8.16,63.154],[8.251,63.14],[8.166,63.115],[8.229,63.063],[8.23,63.02],[8.38,63.02],[8.32,63.0],[8.36,62.97],[8.648,62.986],[8.416,62.959],[8.48,62.9],[8.63,62.87],[8.63,62.844]],[[7.84,63.0],[7.81,63.0],[7.81,62.97],[7.84,62.97],[7.84,62.994],[7.84,63.0]]],[[[7.422,62.95],[7.592,62.96],[7.45,62.917],[7.422,62.95]]],[[[6.976,62.961],[7.024,62.961],[6.95,62.939],[6.922,62.94],[6.922,62.95],[6.976,62.95],[6.976,62.961]]],[[[7.6,62.961],[7.63,62.98],[7.676,62.98],[7.618,62.961],[7.6,62.961]]],[[[7.387,63.058],[7.42,63.05],[7.41,63.02],[7.387,63.015],[7.387,63.058]]],[[[7.678,63.102],[7.678,63.03],[7.66,63.102],[7.678,63.102]]],[[[7.605,63.09],[7.57,63.04],[7.473,63.08],[7.57,63.112],[7.605,63.09]]],[[[7.84,63.145],[7.79,63.13],[7.78,63.09],[7.7,63.091],[7.7,63.123],[7.75,63.1],[7.732,63.134],[7.84,63.145]]],[[[8.58,63.21],[8.6,63.19],[8.88,63.21],[8.57,63.17],[8.57,63.14],[8.627,63.113],[8.19,63.156],[8.34,63.18],[8.51,63.16],[8.58,63.21]],[[8.38,63.145],[8.478,63.145],[8.38,63.156],[8.38,63.145]]],[[[7.92,63.156],[7.873,63.156],[7.873,63.188],[7.92,63.188],[7.92,63.156]]],[[[8.175,63.253],[8.24,63.231],[8.24,63.22],[8.17,63.24],[8.154,63.212],[8.129,63.231],[8.175,63.253]]],[[[8.278,63.274],[8.267,63.231],[8.251,63.274],[8.278,63.274]]],[[[7.538,63.372],[7.516,63.436],[7.581,63.447],[7.581,63.404],[7.722,63.393],[7.689,63.328],[7.722,63.199],[7.592,63.253],[7.506,63.328],[7.538,63.372]]],[[[8.46,63.3],[8.47,63.34],[8.445,63.35],[8.51,63.382],[8.55,63.382],[8.51,63.38],[8.5,63.33],[8.56,63.31],[8.476,63.294],[8.49,63.27],[8.3,63.274],[8.326,63.318],[8.39,63.328],[8.39,63.3],[8.42,63.3],[8.391,63.339],[8.46,63.3]]],[[[7.78,63.36],[8.067,63.285],[7.754,63.328],[7.732,63.382],[7.78,63.41],[7.78,63.36]]],[[[8.186,63.307],[8.2,63.39],[8.337,63.382],[8.337,63.35],[8.186,63.307]]],[[[8.731,63.333],[8.607,63.393],[8.74,63.349],[8.731,63.333]]],[[[9.093,63.447],[9.093,63.49],[9.19,63.46],[9.4,63.47],[9.183,63.435],[9.168,63.402],[9.23,63.37],[9.43,63.38],[9.265,63.363],[9.093,63.294],[9.15,63.4],[9.062,63.447],[9.093,63.447]]],[[[8.553,63.426],[8.413,63.426],[8.575,63.44],[8.553,63.426]]],[[[9.061,63.469],[9.061,63.448],[9.007,63.467],[9.007,63.469],[9.061,63.469]]],[[[8.61,63.46],[8.748,63.475],[8.59,63.443],[8.61,63.46]]],[[[9.406,63.566],[9.45,63.56],[9.403,63.518],[9.377,63.55],[9.406,63.566]]],[[[8.09,63.467],[7.873,63.44],[7.873,63.48],[7.948,63.534],[8.002,63.512],[8.1,63.534],[8.078,63.631],[8.186,63.663],[8.197,63.717],[8.24,63.717],[8.3,63.66],[8.413,63.652],[8.348,63.631],[8.348,63.588],[8.4,63.598],[8.369,63.575],[8.424,63.56],[8.29,63.52],[8.283,63.477],[8.251,63.523],[8.154,63.523],[8.09,63.467]]],[[[8.478,63.62],[8.56,63.62],[8.56,63.59],[8.51,63.566],[8.44,63.562],[8.44,63.588],[8.478,63.588],[8.478,63.62]]],[[[8.931,63.653],[8.86,63.64],[8.845,63.663],[8.931,63.663],[8.931,63.653]]],[[[8.294,63.691],[8.294,63.728],[8.402,63.739],[8.413,63.71],[8.294,63.691]]],[[[8.424,63.711],[8.64,63.788],[8.615,63.775],[8.64,63.777],[8.63,63.747],[8.518,63.72],[8.424,63.711]]],[[[8.931,63.739],[8.84,63.72],[8.82,63.793],[8.91,63.782],[8.931,63.739]]],[[[9.09,63.998],[9.115,63.97],[9.039,63.955],[9.039,63.998],[9.09,63.998]]],[[[7.743,64.3],[7.722,64.225],[7.754,64.16],[7.722,64.117],[7.603,64.106],[7.592,64.16],[7.635,64.171],[7.592,64.268],[7.743,64.3]]],[[[9.147,65.1],[9.126,64.97],[9.158,64.959],[9.158,64.916],[9.147,64.884],[9.104,64.884],[9.104,64.927],[9.039,64.97],[9.072,65.154],[9.126,65.154],[9.126,65.1],[9.147,65.1]]],[[[11.48,33.19],[11.461,33.227],[11.574,33.227],[11.574,33.159],[11.48,33.19]]],[[[11.119,33.738],[11.119,33.682],[11.233,33.625],[11.233,33.511],[11.29,33.511],[11.29,33.341],[11.403,33.262],[11.25,33.302],[11.25,33.35],[11.154,33.35],[11.15,33.4],[11.108,33.4],[11.1,33.6],[11.0,33.635],[11.0,33.754],[11.06,33.801],[11.0,33.852],[11.062,33.852],[11.062,33.738],[11.119,33.738]]],[[[10.65,33.682],[10.558,33.656],[10.4,33.682],[10.65,33.682]]],[[[10.949,33.909],[10.75,33.889],[10.722,33.736],[10.722,33.909],[10.949,33.909]]],[[[10.267,33.909],[10.267,33.852],[10.324,33.852],[10.324,33.708],[10.2,33.811],[10.2,33.85],[10.152,33.85],[10.1,33.95],[10.056,33.972],[10.015,34.15],[10.04,34.15],[10.04,34.079],[10.154,34.022],[10.21,33.909],[10.267,33.909]]],[[[10.154,34.334],[10.154,34.25],[10.076,34.25],[10.154,34.334]]],[[[10.217,34.363],[10.337,34.39],[10.324,34.363],[10.217,34.363]]],[[[10.607,34.593],[10.641,34.6],[10.608,34.534],[10.6,34.534],[10.607,34.593]]],[[[10.75,34.7],[10.778,34.7],[10.778,34.647],[10.669,34.647],[10.75,34.65],[10.75,34.7]]],[[[10.916,34.9],[10.949,34.9],[10.949,34.874],[10.916,34.874],[10.916,34.9]]],[[[11.006,34.988],[10.957,34.988],[11.006,35.021],[11.006,34.988]]],[[[11.687,36.578],[11.517,36.578],[11.517,36.749],[11.687,36.749],[11.687,36.578]]],[[[11.022,36.788],[11.119,36.841],[11.119,36.692],[10.95,36.692],[11.0,36.7],[11.022,36.788]]],[[[11.119,36.976],[11.119,36.89],[11.1,36.909],[11.119,36.976]]],[[[11.517,37.658],[11.233,37.658],[11.233,37.828],[11.517,37.828],[11.517,37.658]]],[[[12.426,37.885],[12.45,37.885],[12.427,37.797],[12.45,37.714],[12.426,37.714],[12.426,37.885]]],[[[12.482,37.941],[12.482,37.998],[12.5,37.998],[12.482,37.941]]],[[[13.473,43.612],[13.4,43.649],[13.502,43.631],[13.473,43.612]]],[[[12.646,44.019],[12.823,44.019],[12.823,43.958],[12.646,44.019]]],[[[12.653,44.53],[12.596,44.53],[12.596,44.417],[12.539,44.417],[12.539,44.246],[12.482,44.246],[12.539,44.133],[12.596,44.133],[12.596,44.1],[12.511,44.115],[12.45,44.2],[12.381,44.234],[12.35,44.35],[12.318,44.361],[12.25,44.731],[12.272,44.8],[12.5,44.8],[12.5,44.922],[12.539,44.985],[12.539,44.758],[12.653,44.758],[12.653,44.53]]],[[[12.944,45.629],[13.15,45.65],[13.15,45.7],[13.448,45.65],[13.448,45.61],[13.334,45.61],[13.334,45.553],[13.278,45.553],[13.221,45.439],[13.107,45.439],[13.107,45.382],[13.05,45.382],[13.05,45.326],[12.823,45.269],[12.823,45.212],[12.653,45.212],[12.653,45.155],[12.539,45.155],[12.539,45.098],[12.482,45.098],[12.482,45.05],[12.4,45.05],[12.4,45.1],[12.322,45.139],[12.3,45.211],[12.3,45.35],[12.35,45.35],[12.36,45.4],[12.5,45.4],[12.5,45.45],[12.7,45.5],[12.7,45.526],[12.944,45.629]]],[[[13.55,45.326],[13.505,45.326],[13.505,45.483],[13.55,45.326]]],[[[9.567,53.6],[9.5,53.675],[9.5,53.724],[9.528,53.714],[9.55,53.625],[9.62,53.585],[9.567,53.6]]],[[[12.455,54.392],[12.553,54.375],[12.417,54.281],[12.443,54.25],[12.4,54.256],[12.363,54.31],[12.455,54.392]]],[[[9.587,56.997],[9.425,57.022],[9.775,57.075],[9.782,57.1],[9.916,57.059],[9.725,57.05],[9.608,56.97],[9.573,56.979],[9.587,56.997]]],[[[11.076,57.348],[11.116,57.348],[11.102,57.32],[10.913,57.288],[10.954,57.307],[10.954,57.388],[11.076,57.388],[11.076,57.348]]],[[[10.568,57.469],[10.568,57.388],[10.517,57.388],[10.547,57.435],[10.48,57.508],[10.568,57.497],[10.528,57.49],[10.568,57.469]]],[[[10.731,57.497],[11.116,57.497],[11.055,57.449],[10.954,57.449],[10.873,57.409],[10.771,57.409],[10.771,57.449],[10.731,57.449],[10.731,57.497]]],[[[11.766,57.551],[11.766,57.591],[11.709,57.616],[11.709,57.648],[11.782,57.631],[11.741,57.659],[11.806,57.659],[11.817,57.572],[11.906,57.625],[11.903,57.524],[11.945,57.49],[11.907,57.465],[11.915,57.409],[11.888,57.409],[11.888,57.449],[11.807,57.469],[11.807,57.497],[11.871,57.497],[11.871,57.518],[11.766,57.551]]],[[[11.687,57.648],[11.644,57.652],[11.644,57.679],[11.687,57.68],[11.687,57.648]]],[[[11.709,57.691],[11.748,57.714],[11.87,57.685],[11.709,57.691]]],[[[11.619,58.386],[11.55,58.35],[11.552,58.401],[11.605,58.415],[11.619,58.386]]],[[[10.54,59.675],[10.486,59.8],[10.5,59.866],[10.689,59.912],[10.753,59.889],[10.726,59.77],[10.7,59.775],[10.69,59.85],[10.656,59.857],[10.563,59.748],[10.596,59.678],[10.54,59.675]]],[[[10.91,63.602],[10.857,63.569],[10.91,63.554],[10.76,63.53],[10.8,63.47],[10.9,63.468],[10.798,63.417],[10.69,63.452],[10.577,63.431],[10.3,63.467],[10.041,63.406],[10.069,63.366],[10.22,63.33],[10.11,63.324],[9.979,63.363],[9.844,63.327],[9.93,63.36],[9.97,63.436],[10.011,63.426],[10.076,63.469],[10.033,63.48],[10.16,63.51],[10.233,63.56],[10.311,63.56],[10.314,63.534],[10.627,63.534],[10.638,63.555],[10.7,63.55],[10.726,63.57],[10.78,63.57],[10.85,63.598],[10.91,63.602]]],[[[10.629,63.663],[10.787,63.71],[10.92,63.73],[10.964,63.75],[10.836,63.643],[10.772,63.63],[10.74,63.63],[10.74,63.62],[10.724,63.62],[10.767,63.652],[10.629,63.663]]],[[[9.94,63.76],[10.05,63.756],[10.0,63.724],[9.687,63.696],[9.676,63.674],[9.61,63.674],[9.67,63.7],[9.86,63.72],[9.94,63.76]]],[[[11.052,63.757],[11.221,63.793],[11.178,63.782],[11.21,63.75],[11.184,63.72],[11.048,63.717],[11.052,63.757]]],[[[11.46,63.81],[11.264,63.774],[11.253,63.814],[11.102,63.825],[11.277,63.867],[11.31,63.84],[11.41,63.85],[11.46,63.81]]],[[[10.69,63.85],[10.929,63.91],[10.77,63.85],[10.69,63.85]]],[[[11.224,64.07],[11.262,64.036],[11.489,64.01],[11.27,63.97],[11.13,63.9],[11.107,63.9],[11.134,63.922],[10.941,63.912],[11.21,64.01],[11.224,64.07]],[[11.318,64.02],[11.318,63.998],[11.383,63.998],[11.394,64.02],[11.318,64.02]]],[[[11.65,64.8],[11.83,64.8],[11.553,64.768],[11.6,64.74],[11.52,64.75],[11.396,64.707],[11.424,64.696],[11.39,64.68],[11.4,64.64],[11.361,64.628],[11.34,64.56],[11.36,64.54],[11.171,64.624],[11.248,64.638],[11.33,64.6],[11.356,64.667],[11.32,64.69],[11.17,64.68],[11.17,64.64],[11.199,64.635],[11.156,64.635],[11.134,64.668],[11.059,64.668],[11.091,64.651],[11.03,64.63],[11.06,64.59],[11.18,64.59],[11.129,64.556],[11.17,64.51],[11.558,64.465],[11.41,64.452],[11.27,64.36],[11.332,64.412],[11.34,64.46],[11.163,64.446],[11.17,64.5],[11.08,64.523],[11.07,64.57],[10.95,64.61],[10.916,64.576],[10.964,64.51],[10.88,64.49],[10.791,64.544],[10.753,64.466],[10.67,64.48],[10.656,64.452],[10.797,64.432],[10.787,64.411],[10.839,64.371],[10.67,64.42],[10.65,64.45],[10.51,64.44],[10.464,64.405],[10.563,64.4],[10.649,64.357],[10.46,64.36],[10.462,64.294],[10.4,64.3],[10.39,64.27],[10.245,64.234],[10.368,64.2],[10.17,64.199],[10.197,64.158],[10.108,64.117],[10.182,64.1],[10.014,64.119],[10.01,64.07],[9.932,64.064],[10.018,64.035],[9.936,63.959],[10.094,63.97],[9.943,63.918],[10.16,63.96],[10.195,63.94],[9.792,63.884],[9.84,63.862],[9.78,63.85],[9.72,63.87],[9.613,63.8],[9.655,63.847],[9.568,63.858],[9.493,63.804],[9.59,63.804],[9.546,63.774],[9.578,63.76],[9.374,63.75],[9.374,63.782],[9.32,63.793],[9.32,63.75],[9.277,63.75],[9.277,63.717],[9.126,63.706],[9.147,63.652],[9.036,63.679],[9.03,63.61],[9.18,63.642],[9.19,63.544],[9.12,63.6],[8.988,63.593],[8.98,63.65],[8.942,63.655],[8.974,63.663],[8.985,63.75],[9.126,63.76],[9.169,63.793],[9.169,63.901],[9.12,64.009],[9.255,63.987],[9.298,64.063],[9.374,64.084],[9.385,64.138],[9.504,64.138],[9.471,64.236],[9.547,64.225],[9.536,64.29],[9.655,64.322],[9.655,64.29],[9.752,64.246],[9.914,64.257],[9.946,64.344],[9.892,64.344],[9.892,64.387],[9.849,64.387],[9.828,64.462],[9.882,64.462],[9.925,64.516],[9.795,64.516],[9.752,64.549],[9.752,64.603],[9.784,64.614],[9.612,64.635],[9.666,64.722],[9.774,64.722],[9.774,64.689],[9.72,64.689],[9.72,64.668],[9.828,64.678],[10.173,64.808],[10.346,64.786],[10.368,64.743],[10.476,64.765],[10.562,64.743],[10.594,64.765],[10.54,64.776],[10.54,64.808],[10.605,64.808],[10.594,64.862],[10.61,64.84],[10.67,64.86],[10.67,64.89],[10.64,64.89],[10.64,64.87],[10.627,64.87],[10.638,64.894],[10.69,64.894],[10.73,64.84],[10.88,64.84],[10.955,64.88],[11.0,64.87],[11.01,64.898],[11.09,64.89],[11.046,64.858],[11.06,64.83],[11.216,64.83],[11.102,64.808],[11.124,64.776],[11.221,64.786],[11.221,64.808],[11.29,64.79],[11.3,64.82],[11.39,64.79],[11.239,64.74],[11.4,64.75],[11.477,64.81],[11.58,64.83],[11.599,64.819],[11.502,64.786],[11.577,64.786],[11.631,64.83],[11.65,64.8]],[[10.78,64.6],[10.78,64.57],[10.81,64.57],[10.81,64.6],[10.78,64.6]],[[10.67,64.55],[10.67,64.51],[10.74,64.5],[10.74,64.53],[10.67,64.55]],[[9.844,64.033],[9.94,64.0],[9.92,64.05],[9.844,64.033]],[[9.44,63.816],[9.414,63.827],[9.387,63.787],[9.44,63.816]],[[10.73,64.82],[10.715,64.825],[10.721,64.813],[10.73,64.82]]],[[[11.502,64.549],[11.437,64.549],[11.48,64.58],[11.718,64.596],[11.59,64.55],[11.51,64.549],[11.51,64.52],[11.47,64.515],[11.45,64.527],[11.502,64.538],[11.502,64.549]]],[[[11.739,64.891],[11.707,64.858],[11.696,64.884],[11.739,64.891]]],[[[11.94,64.95],[12.035,64.95],[11.818,64.9],[11.94,64.95]]],[[[10.86,64.976],[10.921,64.97],[10.897,64.948],[10.822,64.948],[10.86,64.976]]],[[[10.767,65.002],[10.929,65.002],[10.767,64.99],[10.767,65.002]]],[[[11.145,64.992],[11.113,64.992],[11.113,65.024],[11.145,65.024],[11.145,64.992]]],[[[11.652,65.06],[11.653,65.035],[11.61,65.035],[11.61,65.04],[11.652,65.06]]],[[[10.692,65.359],[10.702,65.413],[10.778,65.413],[10.778,65.38],[10.692,65.359]]],[[[11.685,65.467],[11.685,65.434],[11.718,65.434],[11.718,65.391],[11.61,65.413],[11.61,65.467],[11.685,65.467]]],[[[12.182,65.518],[12.182,65.551],[12.245,65.541],[12.217,65.5],[12.14,65.5],[12.182,65.518]]],[[[10.799,65.702],[10.799,65.67],[10.756,65.67],[10.756,65.702],[10.799,65.702]]],[[[12.041,65.713],[12.041,65.702],[12.095,65.702],[12.182,65.767],[12.29,65.778],[12.29,65.81],[12.398,65.821],[12.398,65.893],[12.479,65.898],[12.4,65.86],[12.4,65.82],[12.473,65.83],[12.462,65.81],[12.516,65.81],[12.527,65.788],[12.527,65.832],[12.538,65.842],[12.5,65.842],[12.493,65.88],[12.55,65.89],[12.56,65.91],[12.58,65.92],[12.603,65.92],[12.57,65.907],[12.592,65.799],[12.592,65.896],[12.65,65.918],[12.612,65.835],[12.709,65.82],[12.6,65.8],[12.558,65.754],[12.656,65.7],[12.65,65.66],[12.525,65.734],[12.41,65.72],[12.306,65.663],[12.36,65.65],[12.355,65.604],[12.4,65.58],[12.404,65.535],[12.53,65.51],[12.57,65.56],[12.576,65.5],[12.406,65.5],[12.32,65.54],[12.32,65.58],[12.268,65.58],[12.29,65.616],[12.268,65.67],[12.192,65.659],[12.177,65.626],[12.16,65.659],[12.182,65.67],[12.05,65.69],[12.063,65.648],[12.03,65.637],[11.989,65.637],[12.04,65.66],[12.02,65.71],[11.84,65.72],[11.771,65.659],[11.782,65.702],[11.825,65.724],[11.858,65.724],[11.771,65.734],[11.782,65.799],[11.858,65.842],[11.955,65.832],[11.955,65.778],[11.922,65.778],[11.901,65.734],[12.041,65.713]],[[12.53,65.83],[12.53,65.79],[12.57,65.83],[12.53,65.83]],[[12.46,65.76],[12.494,65.802],[12.405,65.773],[12.375,65.743],[12.46,65.76]]],[[[11.998,65.853],[12.03,65.853],[12.03,65.821],[11.998,65.821],[11.998,65.853]]],[[[11.285,65.799],[11.231,65.799],[11.242,65.864],[11.156,65.864],[11.156,65.907],[11.231,65.918],[11.242,65.961],[11.328,65.918],[11.372,65.94],[11.48,65.918],[11.501,65.95],[11.609,65.929],[11.933,66.004],[11.933,66.026],[12.03,65.983],[12.206,66.004],[12.257,65.94],[11.868,65.95],[11.706,65.853],[11.555,65.842],[11.49,65.799],[11.49,65.734],[11.415,65.648],[11.285,65.67],[11.285,65.745],[11.264,65.745],[11.285,65.799]]],[[[12.322,65.821],[12.322,65.875],[12.365,65.875],[12.354,65.821],[12.322,65.821]]],[[[12.296,65.879],[12.349,65.918],[12.333,65.886],[12.296,65.879]]],[[[12.257,65.886],[12.268,65.94],[12.324,65.913],[12.257,65.886]]],[[[13.03,65.93],[12.842,65.97],[13.11,65.94],[13.176,65.856],[13.03,65.93]]],[[[12.322,65.932],[12.322,65.961],[12.365,65.961],[12.365,65.934],[12.322,65.932]]],[[[12.756,65.98],[12.797,65.98],[12.68,65.95],[12.734,65.976],[12.756,65.98]]],[[[12.354,66.004],[12.354,65.972],[12.24,65.997],[12.248,66.004],[12.354,66.004]]],[[[12.376,65.983],[12.376,66.026],[12.305,66.017],[12.372,66.03],[12.516,66.057],[12.516,66.015],[12.441,65.983],[12.376,65.983]]],[[[12.627,66.023],[12.527,66.001],[12.56,66.026],[12.527,66.026],[12.521,66.058],[12.599,66.088],[12.657,66.1],[12.57,66.026],[12.689,66.026],[12.668,66.037],[12.668,66.069],[12.71,66.04],[12.87,66.056],[12.873,66.048],[12.64,65.99],[12.627,66.023]]],[[[12.192,66.102],[12.192,66.069],[12.16,66.069],[12.16,66.102],[12.192,66.102]]],[[[12.03,66.112],[12.03,66.08],[11.987,66.08],[11.987,66.112],[12.03,66.112]]],[[[12.43,66.134],[12.466,66.174],[12.56,66.154],[12.365,66.091],[12.342,66.076],[12.41,66.075],[12.268,66.026],[12.268,66.134],[12.43,66.134]],[[12.376,66.123],[12.333,66.123],[12.333,66.091],[12.365,66.091],[12.376,66.123]]],[[[12.862,66.199],[12.87,66.17],[12.959,66.18],[12.905,66.156],[13.08,66.156],[12.884,66.136],[12.862,66.145],[12.862,66.199]]],[[[13.391,66.24],[13.132,66.17],[13.285,66.24],[13.391,66.24]]],[[[13.03,66.21],[13.053,66.177],[13.013,66.188],[13.02,66.24],[13.121,66.242],[13.03,66.21]]],[[[13.526,66.312],[13.3,66.3],[13.167,66.26],[13.132,66.264],[13.175,66.285],[13.01,66.28],[12.921,66.23],[13.002,66.22],[12.9,66.2],[12.845,66.22],[12.89,66.25],[12.89,66.29],[12.851,66.293],[12.851,66.36],[12.899,66.355],[12.89,66.39],[12.942,66.4],[13.1,66.39],[13.0,66.36],[13.0,66.33],[13.07,66.31],[13.13,66.328],[13.137,66.303],[13.212,66.296],[13.43,66.343],[13.403,66.317],[13.526,66.312]]],[[[12.408,66.199],[12.408,66.145],[12.344,66.18],[12.398,66.21],[12.333,66.22],[12.3,66.177],[12.34,66.172],[12.29,66.141],[12.16,66.166],[12.106,66.145],[12.02,66.177],[11.858,66.166],[11.858,66.21],[11.717,66.177],[11.274,66.231],[11.274,66.21],[11.177,66.21],[11.177,66.264],[11.231,66.307],[11.404,66.307],[11.426,66.35],[11.48,66.35],[11.555,66.415],[11.836,66.372],[11.944,66.436],[11.976,66.436],[11.987,66.393],[12.074,66.426],[12.117,66.426],[12.117,66.393],[12.225,66.404],[12.257,66.361],[12.354,66.339],[12.387,66.285],[12.506,66.264],[12.527,66.318],[12.452,66.296],[12.484,66.382],[12.538,66.393],[12.527,66.426],[12.484,66.426],[12.506,66.534],[12.657,66.523],[12.657,66.48],[12.722,66.48],[12.796,66.544],[12.84,66.51],[12.819,66.48],[12.873,66.48],[12.873,66.458],[12.884,66.501],[12.948,66.501],[12.927,66.44],[12.817,66.443],[12.85,66.41],[12.801,66.385],[12.817,66.381],[12.84,66.371],[12.84,66.339],[12.797,66.339],[12.797,66.436],[12.808,66.458],[12.786,66.426],[12.689,66.447],[12.689,66.404],[12.635,66.404],[12.657,66.393],[12.635,66.339],[12.584,66.328],[12.61,66.37],[12.54,66.39],[12.56,66.355],[12.496,66.336],[12.57,66.307],[12.678,66.328],[12.771,66.285],[12.7,66.243],[12.786,66.21],[12.786,66.145],[12.75,66.18],[12.69,66.18],[12.69,66.15],[12.827,66.123],[12.722,66.102],[12.743,66.112],[12.66,66.102],[12.66,66.13],[12.62,66.14],[12.61,66.22],[12.635,66.253],[12.549,66.253],[12.57,66.23],[12.543,66.202],[12.431,66.166],[12.408,66.199]],[[12.24,66.26],[12.24,66.23],[12.28,66.23],[12.28,66.26],[12.24,66.26]],[[12.689,66.177],[12.689,66.199],[12.7,66.21],[12.635,66.199],[12.635,66.156],[12.689,66.177]],[[12.117,66.231],[12.117,66.199],[12.257,66.21],[12.117,66.231]],[[12.3,66.264],[12.3,66.253],[12.344,66.253],[12.311,66.296],[12.225,66.296],[12.3,66.264]]],[[[12.786,66.372],[12.786,66.339],[12.743,66.339],[12.743,66.372],[12.786,66.372]]],[[[11.264,66.361],[11.231,66.382],[11.231,66.415],[11.361,66.415],[11.328,66.361],[11.264,66.361]]],[[[13.14,66.446],[13.13,66.39],[13.09,66.44],[13.024,66.426],[13.013,66.447],[13.024,66.5],[13.15,66.46],[13.103,66.454],[13.14,66.446]]],[[[12.02,66.508],[12.02,66.534],[12.095,66.512],[12.095,66.469],[12.02,66.49],[12.062,66.503],[12.02,66.508]]],[[[12.61,66.577],[12.62,66.55],[12.592,66.544],[12.592,66.587],[12.61,66.577]]],[[[11.274,66.642],[11.242,66.642],[11.264,66.696],[11.307,66.696],[11.274,66.642]]],[[[13.57,66.71],[13.75,66.73],[13.68,66.691],[13.54,66.7],[13.46,66.73],[13.225,66.714],[13.48,66.675],[13.523,66.661],[13.529,66.655],[13.25,66.655],[13.2,66.68],[13.171,66.652],[13.34,66.633],[13.24,66.62],[13.205,66.556],[13.42,66.56],[13.49,66.59],[13.459,66.564],[13.65,66.53],[13.43,66.55],[13.26,66.522],[13.288,66.51],[13.267,66.467],[13.35,66.46],[13.25,66.454],[13.2,66.53],[13.13,66.55],[12.992,66.525],[13.121,66.566],[13.067,66.577],[13.078,66.62],[13.05,66.609],[13.05,66.64],[13.0,66.64],[13.035,66.598],[12.894,66.577],[12.894,66.512],[12.87,66.512],[12.885,66.54],[12.856,66.564],[12.884,66.62],[12.808,66.609],[12.808,66.642],[12.689,66.642],[12.67,66.592],[12.635,66.608],[12.646,66.631],[12.549,66.652],[12.419,66.609],[12.408,66.555],[12.311,66.555],[12.311,66.631],[12.344,66.642],[12.225,66.674],[12.095,66.62],[12.03,66.555],[11.933,66.598],[11.717,66.555],[11.717,66.62],[11.782,66.674],[11.739,66.642],[11.674,66.674],[11.674,66.717],[11.728,66.739],[12.128,66.782],[12.3,66.847],[12.3,66.804],[12.408,66.825],[12.408,66.771],[12.462,66.76],[12.462,66.706],[12.495,66.696],[12.538,66.728],[12.506,66.728],[12.484,66.825],[12.581,66.825],[12.603,66.771],[12.711,66.804],[12.743,66.76],[12.927,66.76],[12.959,66.706],[13.013,66.717],[13.013,66.76],[13.121,66.793],[13.037,66.672],[13.08,66.65],[13.089,66.696],[13.132,66.696],[13.132,66.739],[13.208,66.728],[13.283,66.782],[13.337,66.782],[13.246,66.752],[13.47,66.76],[13.46,66.8],[13.348,66.79],[13.337,66.836],[13.391,66.858],[13.391,66.879],[13.348,66.868],[13.348,66.896],[13.419,66.924],[13.495,66.907],[13.53,66.95],[13.549,66.95],[13.521,66.906],[13.631,66.9],[13.698,66.858],[13.688,66.835],[13.949,66.8],[13.51,66.8],[13.51,66.77],[13.64,66.77],[13.56,66.76],[13.543,66.739],[13.57,66.71]],[[13.13,66.59],[13.13,66.62],[13.09,66.63],[13.09,66.59],[13.13,66.59]]],[[[10.5,66.9],[11.069,66.9],[11.166,66.868],[11.145,66.814],[11.177,66.75],[11.123,66.75],[11.112,66.685],[11.058,66.631],[10.961,66.642],[10.983,66.588],[10.691,66.663],[10.5,66.663],[10.5,66.9]]],[[[13.229,66.81],[13.188,66.805],[13.229,66.793],[13.186,66.793],[13.186,66.825],[13.229,66.81]]],[[[12.462,66.836],[12.462,66.804],[12.43,66.804],[12.43,66.836],[12.462,66.836]]],[[[13.283,66.879],[13.272,66.836],[13.24,66.836],[13.24,66.896],[13.337,66.9],[13.283,66.879]]],[[[12.646,66.896],[12.804,66.918],[12.711,66.868],[12.646,66.858],[12.646,66.896]]],[[[13.128,68.044],[13.16,68.03],[13.08,68.02],[13.094,68.037],[13.128,68.044]]],[[[13.149,68.117],[13.16,68.074],[13.074,68.104],[13.074,68.117],[13.149,68.117]]],[[[13.751,43.281],[13.789,43.281],[13.789,43.2],[13.787,43.2],[13.751,43.281]]],[[[14.357,44.55],[14.454,44.55],[14.466,44.539],[14.357,44.55]]],[[[14.425,45.087],[14.55,45.028],[14.55,45.0],[14.6,45.0],[14.6,44.95],[14.723,44.943],[14.815,44.977],[14.75,45.038],[14.75,45.1],[14.7,45.1],[14.7,45.15],[14.8,45.124],[14.861,45.07],[14.9,45.005],[14.894,44.75],[14.841,44.75],[14.74,44.821],[14.739,44.853],[14.686,44.847],[14.727,44.799],[14.658,44.799],[14.8,44.738],[14.8,44.648],[14.734,44.703],[14.744,44.68],[14.9,44.528],[14.9,44.45],[14.987,44.45],[15.0,44.4],[15.05,44.395],[15.03,44.298],[15.15,44.237],[15.15,44.15],[15.05,44.15],[15.05,44.02],[15.038,44.076],[14.868,44.172],[14.868,44.36],[14.808,44.36],[14.783,44.419],[14.754,44.36],[14.754,44.474],[14.47,44.474],[14.47,44.514],[14.534,44.484],[14.466,44.55],[14.5,44.55],[14.5,44.62],[14.534,44.634],[14.5,44.679],[14.5,44.95],[14.388,45.039],[14.356,45.169],[14.314,45.172],[14.278,45.128],[14.37,45.0],[14.3,45.0],[14.292,44.94],[14.3,44.8],[14.35,44.8],[14.35,44.71],[14.016,44.701],[13.966,44.8],[14.0,44.813],[14.0,44.9],[14.05,44.9],[14.05,44.95],[14.2,44.95],[14.2,45.129],[14.25,45.15],[14.258,45.256],[14.312,45.344],[14.55,45.287],[14.53,45.135],[14.425,45.087]],[[14.955,44.413],[14.887,44.451],[14.933,44.411],[14.961,44.4],[14.955,44.413]],[[14.836,44.887],[14.829,44.903],[14.768,44.929],[14.836,44.887]],[[14.528,44.986],[14.486,44.984],[14.535,44.956],[14.548,44.961],[14.528,44.986]]],[[[13.795,44.9],[13.843,44.814],[13.789,44.814],[13.789,44.871],[13.732,44.871],[13.732,44.985],[13.702,45.0],[13.75,44.982],[13.747,44.888],[13.795,44.9]]],[[[13.681,45.046],[13.7,45.001],[13.618,45.042],[13.618,45.05],[13.681,45.046]]],[[[13.664,45.75],[13.75,45.677],[13.75,45.614],[13.7,45.6],[13.7,45.55],[13.562,45.55],[13.562,45.61],[13.505,45.61],[13.505,45.714],[13.555,45.737],[13.526,45.75],[13.664,45.75]]],[[[20.533,54.974],[20.99,55.27],[21.106,55.421],[21.087,55.441],[21.134,55.568],[21.125,55.675],[21.248,55.442],[21.183,55.346],[21.25,55.37],[21.275,55.326],[21.268,55.212],[21.181,55.193],[21.23,54.939],[20.967,54.9],[20.764,54.948],[20.541,54.952],[20.533,54.974]]],[[[18.203,59.082],[18.222,59.119],[18.255,59.101],[18.203,59.082]]],[[[12.149,57.188],[12.197,57.185],[12.238,57.108],[12.219,57.093],[12.275,57.025],[12.349,57.0],[12.35,56.925],[12.598,56.821],[12.625,56.725],[12.725,56.65],[12.862,56.651],[12.934,56.547],[12.89,56.455],[12.625,56.45],[12.625,56.375],[12.732,56.36],[12.75,56.3],[12.825,56.25],[12.705,56.222],[12.451,56.304],[12.541,56.222],[12.55,56.15],[12.625,56.075],[12.699,56.05],[12.7,56.0],[12.75,55.998],[12.8,55.875],[12.925,55.835],[12.923,55.749],[13.05,55.698],[13.038,55.635],[12.925,55.6],[12.925,55.5],[12.975,55.475],[12.966,55.435],[12.859,55.435],[12.833,55.383],[12.975,55.403],[13.0,55.375],[13.313,55.343],[13.6,55.375],[13.647,55.421],[13.961,55.425],[14.025,55.375],[14.2,55.375],[14.368,55.545],[14.285,55.623],[14.275,55.675],[14.2,55.719],[14.227,55.85],[14.346,55.953],[14.45,55.975],[14.525,56.044],[14.6,56.025],[14.6,56.0],[14.768,56.031],[14.682,56.117],[14.725,56.168],[14.83,56.143],[14.953,56.173],[15.2,56.15],[15.3,56.175],[15.3,56.125],[15.4,56.125],[15.4,56.175],[15.48,56.152],[15.586,56.209],[15.592,56.161],[15.8,56.167],[15.789,56.106],[15.9,56.1],[15.932,56.175],[16.025,56.225],[16.114,56.45],[16.175,56.475],[16.175,56.525],[16.225,56.525],[16.232,56.625],[16.275,56.625],[16.288,56.661],[16.372,56.661],[16.361,56.75],[16.472,56.777],[16.425,56.784],[16.468,56.949],[16.45,56.975],[16.475,56.975],[16.475,57.025],[16.583,57.045],[16.553,57.11],[16.467,57.175],[16.494,57.243],[16.475,57.275],[16.55,57.3],[16.55,57.375],[16.65,57.375],[16.673,57.415],[16.65,57.454],[16.689,57.472],[16.65,57.55],[16.542,57.566],[16.522,57.625],[16.563,57.593],[16.65,57.6],[16.675,57.69],[16.715,57.703],[16.65,57.76],[16.707,57.751],[16.475,57.899],[16.577,57.902],[16.59,57.936],[16.505,57.97],[16.515,57.999],[16.616,57.929],[16.625,57.85],[16.7,57.85],[16.7,57.9],[16.769,57.888],[16.75,58.1],[16.62,58.2],[16.725,58.125],[16.8,58.125],[16.824,58.193],[16.803,58.245],[16.725,58.269],[16.799,58.324],[16.7,58.301],[16.725,58.345],[16.775,58.34],[16.767,58.369],[16.725,58.361],[16.725,58.4],[16.693,58.413],[16.66,58.415],[16.625,58.425],[16.775,58.425],[16.85,58.45],[16.85,58.479],[16.94,58.491],[16.834,58.53],[16.786,58.573],[16.789,58.607],[16.44,58.648],[16.4,58.592],[16.334,58.639],[16.22,58.621],[16.261,58.643],[16.234,58.669],[16.95,58.625],[17.036,58.641],[16.961,58.675],[17.093,58.661],[17.146,58.697],[17.063,58.71],[17.084,58.738],[17.032,58.75],[17.075,58.763],[17.125,58.725],[17.4,58.75],[17.4,58.775],[17.488,58.8],[17.45,58.816],[17.45,58.894],[17.584,58.854],[17.575,58.896],[17.627,58.918],[17.587,58.95],[17.611,58.975],[17.625,58.925],[17.691,58.902],[17.7,59.05],[17.663,59.072],[17.616,59.05],[17.619,59.075],[17.673,59.1],[17.71,59.053],[17.754,59.125],[17.75,58.9],[17.833,58.886],[17.792,58.801],[17.849,58.795],[17.87,58.817],[17.844,58.872],[17.893,58.861],[17.9,58.9],[17.95,58.9],[18.025,59.045],[18.1,59.05],[18.424,59.144],[18.412,59.215],[18.279,59.262],[18.317,59.279],[18.291,59.323],[18.345,59.334],[18.375,59.299],[18.345,59.299],[18.45,59.255],[18.45,59.225],[18.575,59.225],[18.575,59.25],[18.675,59.25],[18.747,59.332],[18.698,59.374],[18.638,59.368],[18.66,59.35],[18.575,59.36],[18.612,59.375],[18.427,59.436],[18.496,59.395],[18.448,59.395],[18.47,59.337],[18.318,59.376],[18.225,59.325],[18.095,59.327],[18.146,59.34],[18.075,59.376],[18.086,59.425],[18.307,59.397],[18.338,59.409],[18.278,59.425],[18.357,59.426],[18.325,59.45],[18.4,59.45],[18.475,59.525],[18.55,59.525],[18.567,59.559],[18.65,59.575],[18.687,59.606],[18.671,59.625],[18.724,59.632],[18.742,59.649],[18.7,59.65],[18.75,59.65],[18.75,59.675],[18.85,59.675],[18.85,59.712],[18.913,59.752],[18.957,59.719],[19.036,59.729],[19.085,59.772],[18.85,59.78],[19.002,59.8],[18.959,59.864],[18.9,59.812],[18.935,59.868],[18.925,59.916],[19.035,59.835],[19.068,59.834],[19.072,59.896],[19.032,59.881],[18.925,59.934],[18.925,59.975],[18.864,60.0],[18.817,60.118],[18.766,60.111],[18.767,60.05],[18.725,60.125],[18.651,60.148],[18.575,60.15],[18.567,60.1],[18.549,60.174],[18.506,60.156],[18.45,60.183],[18.45,60.2],[18.55,60.175],[18.55,60.23],[18.605,60.238],[18.515,60.269],[18.428,60.349],[18.296,60.355],[18.235,60.327],[18.225,60.366],[18.262,60.382],[18.15,60.411],[18.075,60.5],[17.975,60.512],[18.0,60.525],[18.0,60.6],[17.816,60.585],[17.671,60.504],[17.604,60.584],[17.659,60.608],[17.6,60.65],[17.363,60.65],[17.236,60.697],[17.336,60.767],[17.283,60.781],[17.275,60.875],[17.158,60.948],[17.168,60.992],[17.248,61.012],[17.159,61.02],[17.2,61.096],[17.175,61.112],[17.187,61.191],[17.152,61.204],[17.213,61.235],[17.182,61.275],[17.248,61.287],[17.2,61.317],[17.276,61.314],[17.104,61.399],[17.221,61.441],[17.161,61.448],[17.172,61.499],[17.125,61.519],[17.166,61.527],[17.08,61.55],[17.187,61.561],[17.075,61.574],[17.146,61.595],[17.084,61.616],[17.248,61.609],[17.198,61.625],[17.2,61.659],[17.269,61.691],[17.139,61.725],[17.25,61.724],[17.25,61.7],[17.351,61.677],[17.35,61.713],[17.425,61.625],[17.5,61.625],[17.514,61.714],[17.399,61.722],[17.372,61.801],[17.406,61.821],[17.337,61.824],[17.365,61.886],[17.35,61.95],[17.4,61.95],[17.4,61.995],[17.46,62.003],[17.45,62.069],[17.508,62.175],[17.575,62.175],[17.575,62.207],[17.653,62.232],[17.464,62.275],[17.488,62.287],[17.45,62.325],[17.381,62.333],[17.337,62.404],[17.377,62.434],[17.331,62.475],[17.475,62.51],[17.575,62.425],[17.675,62.425],[17.707,62.437],[17.675,62.456],[17.7,62.499],[17.9,62.5],[17.931,62.612],[17.968,62.56],[18.064,62.596],[18.043,62.626],[17.872,62.671],[17.993,62.66],[18.003,62.709],[17.888,62.825],[17.968,62.808],[18.072,62.85],[18.125,62.808],[18.009,62.794],[18.2,62.775],[18.283,62.842],[18.207,62.835],[18.207,62.869],[18.275,62.881],[18.366,62.836],[18.463,62.861],[18.45,62.905],[18.523,62.925],[18.45,62.926],[18.403,62.965],[18.505,62.949],[18.571,62.973],[18.285,63.005],[18.343,63.04],[18.478,63.02],[18.499,63.055],[18.557,63.076],[18.525,63.076],[18.557,63.117],[18.655,63.114],[18.575,63.175],[18.756,63.157],[18.742,63.175],[18.913,63.212],[18.8,63.25],[18.907,63.267],[19.053,63.179],[19.112,63.22],[19.056,63.227],[19.057,63.26],[19.117,63.237],[19.15,63.316],[19.259,63.329],[19.293,63.467],[19.517,63.415],[19.461,63.469],[19.523,63.486],[19.455,63.509],[19.45,63.561],[19.575,63.522],[19.6,63.45],[19.687,63.431],[19.769,63.461],[19.753,63.524],[19.889,63.604],[20.031,63.602],[20.011,63.634],[20.035,63.657],[20.243,63.651],[20.243,63.69],[20.277,63.696],[20.268,63.671],[20.308,63.654],[20.323,63.75],[20.362,63.725],[20.355,63.689],[20.394,63.681],[20.503,63.822],[20.543,63.775],[20.568,63.8],[20.675,63.789],[20.709,63.822],[20.675,63.843],[20.777,63.869],[20.833,63.952],[20.925,63.975],[20.925,64.05],[20.95,64.05],[20.975,64.15],[21.025,64.15],[21.052,64.2],[21.15,64.2],[21.2,64.275],[21.275,64.275],[21.326,64.325],[21.425,64.325],[21.514,64.415],[21.606,64.452],[21.586,64.48],[21.48,64.461],[21.475,64.542],[21.511,64.521],[21.552,64.535],[21.501,64.544],[21.486,64.583],[21.456,64.562],[21.374,64.608],[21.325,64.589],[21.2,64.667],[21.225,64.695],[21.305,64.666],[21.289,64.687],[21.312,64.699],[21.229,64.748],[21.306,64.768],[21.097,64.785],[21.037,64.833],[21.059,64.858],[21.075,64.825],[21.175,64.825],[21.243,64.95],[21.378,64.96],[21.422,65.015],[21.503,65.021],[21.479,65.062],[21.586,65.069],[21.544,65.083],[21.55,65.138],[21.619,65.148],[21.54,65.229],[21.668,65.253],[21.702,65.286],[21.45,65.358],[21.706,65.414],[21.925,65.4],[21.939,65.45],[21.998,65.426],[22.032,65.467],[21.964,65.5],[21.975,65.523],[22.08,65.508],[22.087,65.488],[22.125,65.5],[22.125,65.54],[22.203,65.549],[22.17,65.553],[22.075,65.6],[22.15,65.596],[22.2,65.55],[22.3,65.577],[22.429,65.549],[22.333,65.604],[22.38,65.634],[22.3,65.672],[22.3,65.701],[22.34,65.665],[22.388,65.673],[22.362,65.716],[22.3,65.728],[22.361,65.761],[22.325,65.8],[22.375,65.8],[22.375,65.862],[22.474,65.85],[22.511,65.775],[22.628,65.79],[22.653,65.778],[22.648,65.755],[22.696,65.789],[22.688,65.9],[22.8,65.85],[22.825,65.8],[23.046,65.761],[23.103,65.705],[23.163,65.751],[23.238,65.769],[23.2,65.785],[23.2,65.825],[23.29,65.796],[23.35,65.82],[23.35,65.775],[23.428,65.765],[23.456,65.825],[23.533,65.81],[23.55,65.775],[23.75,65.825],[23.775,65.775],[23.937,65.761],[23.957,65.789],[24.053,65.796],[24.033,65.81],[24.163,65.823],[24.225,65.775],[24.251,65.794],[24.238,65.823],[24.325,65.799],[24.325,65.775],[24.425,65.775],[24.425,65.75],[24.525,65.769],[24.525,65.725],[24.65,65.697],[24.676,65.635],[24.82,65.662],[25.011,65.625],[25.05,65.575],[25.275,65.525],[25.275,65.475],[25.35,65.475],[25.35,65.408],[25.266,65.378],[25.322,65.35],[25.28,65.261],[25.325,65.226],[25.28,65.22],[25.211,65.124],[25.324,65.11],[25.33,65.08],[25.355,65.097],[25.444,64.967],[25.204,64.987],[25.191,64.967],[25.241,64.929],[25.36,64.911],[25.325,64.826],[25.225,64.85],[25.2,64.9],[25.095,64.918],[24.75,64.875],[24.671,64.83],[24.675,64.8],[24.575,64.825],[24.538,64.805],[24.575,64.786],[24.532,64.754],[24.546,64.733],[24.435,64.701],[24.45,64.686],[24.35,64.6],[24.344,64.531],[24.225,64.5],[24.201,64.452],[24.1,64.45],[24.069,64.406],[24.0,64.4],[23.984,64.35],[23.925,64.35],[23.925,64.275],[23.825,64.275],[23.775,64.21],[23.681,64.176],[23.659,64.196],[23.656,64.13],[23.566,64.097],[23.613,64.05],[23.575,64.03],[23.382,64.048],[23.371,63.947],[23.413,63.926],[23.394,63.911],[23.15,63.9],[23.15,63.862],[23.025,63.85],[23.012,63.825],[22.95,63.825],[22.95,63.85],[22.7,63.825],[22.681,63.763],[22.725,63.7],[22.589,63.703],[22.586,63.657],[22.525,63.658],[22.497,63.623],[22.524,63.6],[22.432,63.484],[22.4,63.5],[22.4,63.55],[22.3,63.55],[22.271,63.514],[22.3,63.439],[22.247,63.47],[22.191,63.458],[22.206,63.42],[22.347,63.349],[22.367,63.325],[22.347,63.3],[22.278,63.301],[22.2,63.242],[22.088,63.226],[21.87,63.259],[21.75,63.25],[21.7,63.207],[21.625,63.225],[21.625,63.25],[21.55,63.25],[21.497,63.209],[21.55,63.171],[21.503,63.157],[21.654,63.05],[21.4,63.075],[21.4,62.975],[21.463,62.951],[21.422,62.942],[21.383,62.875],[21.24,62.875],[21.174,62.924],[21.225,62.873],[21.224,62.85],[21.17,62.872],[21.098,62.838],[21.2,62.835],[21.2,62.8],[21.114,62.781],[21.161,62.719],[21.075,62.7],[21.065,62.596],[21.106,62.623],[21.194,62.601],[21.127,62.554],[21.155,62.527],[21.116,62.496],[21.116,62.46],[21.155,62.465],[21.134,62.404],[21.202,62.418],[21.194,62.337],[21.225,62.375],[21.339,62.356],[21.312,62.232],[21.374,62.267],[21.353,62.232],[21.39,62.208],[21.326,62.164],[21.312,62.109],[21.289,62.122],[21.237,61.985],[21.414,61.907],[21.403,61.876],[21.486,61.811],[21.47,61.76],[21.55,61.716],[21.518,61.711],[21.538,61.65],[21.607,61.6],[21.525,61.6],[21.525,61.567],[21.46,61.562],[21.51,61.519],[21.566,61.519],[21.575,61.481],[21.422,61.485],[21.564,61.425],[21.449,61.403],[21.518,61.382],[21.544,61.321],[21.476,61.246],[21.5,61.2],[21.413,61.208],[21.45,61.196],[21.459,61.075],[21.367,61.06],[21.387,61.04],[21.299,61.06],[21.386,60.948],[21.27,60.968],[21.243,60.951],[21.298,60.933],[21.202,60.889],[21.25,60.882],[21.25,60.847],[21.186,60.857],[21.25,60.825],[21.323,60.825],[21.331,60.825],[21.374,60.808],[21.422,60.759],[21.328,60.764],[21.35,60.675],[21.45,60.617],[21.415,60.608],[21.411,60.543],[21.375,60.625],[21.225,60.65],[21.25,60.498],[21.325,60.482],[21.266,60.55],[21.325,60.55],[21.418,60.478],[21.575,60.475],[21.825,60.623],[21.785,60.478],[21.874,60.478],[21.852,60.5],[21.875,60.53],[21.932,60.525],[21.935,60.492],[22.018,60.471],[22.025,60.425],[22.15,60.425],[22.175,60.4],[22.104,60.354],[22.3,60.35],[22.325,60.3],[22.15,60.325],[22.077,60.284],[22.15,60.261],[22.175,60.2],[22.232,60.185],[22.3,60.225],[22.299,60.147],[22.375,60.175],[22.375,60.25],[22.425,60.25],[22.477,60.321],[22.4,60.375],[22.6,60.375],[22.463,60.273],[22.449,60.245],[22.575,60.271],[22.593,60.232],[22.5,60.225],[22.5,60.187],[22.466,60.184],[22.477,60.225],[22.448,60.221],[22.415,60.15],[22.5,60.135],[22.4,60.1],[22.4,60.052],[22.355,60.076],[22.383,59.993],[22.581,60.025],[22.606,59.985],[22.649,60.025],[22.682,59.998],[22.775,60.025],[22.775,60.066],[22.847,60.111],[22.834,60.193],[22.956,60.293],[22.891,60.286],[22.815,60.227],[22.646,60.225],[22.825,60.25],[22.875,60.3],[22.975,60.3],[23.05,60.35],[23.03,60.3],[22.867,60.184],[22.875,60.15],[22.959,60.122],[22.969,60.094],[23.046,60.122],[22.991,60.077],[23.05,60.042],[23.05,60.0],[23.15,60.0],[23.111,59.974],[23.111,59.923],[23.189,59.95],[23.25,59.949],[23.25,59.924],[22.946,59.848],[22.905,59.811],[23.251,59.841],[23.222,59.886],[23.4,59.925],[23.4,59.975],[23.525,60.07],[23.525,60.025],[23.429,59.957],[23.45,59.9],[23.7,59.925],[23.7,59.963],[23.799,59.957],[24.001,60.038],[24.01,60.011],[24.164,60.019],[24.158,60.043],[24.252,60.04],[24.314,60.075],[24.35,60.075],[24.35,60.031],[24.313,59.998],[24.405,60.025],[24.442,60.025],[24.416,59.991],[24.525,60.0],[24.608,60.101],[24.575,60.095],[24.597,60.127],[24.575,60.152],[24.67,60.101],[24.673,60.125],[24.775,60.125],[24.827,60.163],[24.808,60.191],[24.869,60.175],[24.845,60.144],[24.951,60.143],[24.999,60.213],[25.025,60.196],[24.998,60.163],[25.029,60.148],[25.056,60.175],[25.197,60.191],[25.175,60.225],[25.225,60.245],[25.503,60.246],[25.545,60.292],[25.526,60.325],[25.625,60.325],[25.634,60.35],[25.656,60.293],[25.725,60.25],[25.93,60.245],[25.9,60.325],[26.1,60.312],[26.108,60.336],[26.007,60.4],[26.036,60.425],[26.142,60.396],[26.287,60.425],[26.3,60.375],[26.425,60.35],[26.425,60.416],[26.486,60.444],[26.456,60.475],[26.553,60.433],[26.594,60.452],[26.65,60.443],[26.513,60.411],[26.538,60.378],[26.725,60.425],[26.754,60.475],[26.85,60.463],[26.85,60.425],[26.925,60.425],[26.925,60.467],[26.965,60.458],[26.931,60.485],[26.998,60.488],[27.025,60.525],[27.201,60.523],[27.186,60.575],[27.224,60.575],[27.232,60.512],[27.507,60.457],[27.475,60.477],[27.488,60.5],[27.55,60.475],[27.718,60.488],[27.753,60.506],[27.743,60.575],[27.816,60.528],[27.85,60.55],[27.85,60.525],[28.225,60.525],[28.286,60.598],[28.343,60.594],[28.325,60.622],[28.4,60.625],[28.401,60.665],[28.575,60.675],[28.65,60.7],[28.65,60.725],[28.715,60.725],[28.713,60.67],[28.645,60.67],[28.685,60.615],[28.664,60.614],[28.661,60.535],[28.696,60.476],[28.567,60.522],[28.698,60.46],[28.544,60.51],[28.507,60.56],[28.439,60.56],[28.575,60.425],[28.6,60.35],[28.775,60.325],[28.799,60.369],[28.8,60.325],[28.85,60.275],[28.947,60.264],[29.0,60.175],[29.418,60.169],[29.65,60.2],[29.65,60.175],[29.849,60.167],[29.9,60.134],[29.898,60.088],[29.975,60.0],[30.2,59.975],[30.2,59.889],[30.162,59.868],[29.804,59.94],[29.161,60.003],[28.98,59.93],[29.034,59.887],[28.976,59.831],[28.833,59.787],[28.718,59.787],[28.536,59.86],[28.476,59.852],[28.428,59.813],[28.418,59.708],[28.375,59.666],[28.224,59.691],[28.2,59.775],[28.087,59.799],[28.007,59.758],[27.993,59.703],[28.073,59.578],[28.055,59.528],[27.983,59.447],[27.873,59.408],[27.409,59.452],[26.938,59.45],[26.665,59.552],[26.498,59.54],[26.28,59.587],[26.091,59.586],[25.989,59.634],[25.945,59.595],[25.883,59.631],[25.826,59.575],[25.781,59.636],[25.695,59.671],[25.671,59.656],[25.7,59.569],[25.677,59.566],[25.485,59.67],[25.497,59.571],[25.544,59.535],[25.416,59.527],[25.409,59.491],[25.146,59.539],[25.105,59.5],[24.934,59.508],[24.9,59.55],[24.803,59.571],[24.773,59.56],[24.816,59.489],[24.773,59.45],[24.675,59.496],[24.622,59.471],[24.657,59.45],[24.65,59.438],[24.334,59.471],[24.306,59.419],[24.163,59.402],[24.222,59.355],[24.035,59.389],[24.019,59.367],[24.1,59.295],[24.084,59.275],[23.757,59.284],[23.725,59.231],[23.642,59.257],[23.471,59.212],[23.519,59.1],[23.408,59.026],[23.45,58.975],[23.575,58.975],[23.575,59.0],[23.628,58.979],[23.422,58.929],[23.525,58.821],[23.429,58.765],[23.75,58.775],[23.75,58.75],[23.533,58.747],[23.547,58.71],[23.493,58.673],[23.501,58.562],[23.565,58.575],[23.6,58.525],[23.679,58.524],[23.677,58.435],[23.741,58.343],[23.98,58.318],[24.05,58.28],[24.05,58.25],[24.112,58.241],[24.175,58.25],[24.175,58.275],[24.275,58.275],[24.311,58.375],[24.471,58.375],[24.56,58.312],[24.471,58.251],[24.464,58.072],[24.398,58.023],[24.289,57.845],[24.3,57.744],[24.372,57.625],[24.35,57.525],[24.376,57.525],[24.409,57.298],[24.379,57.23],[24.279,57.161],[23.953,57.013],[23.695,56.967],[23.34,57.059],[23.261,57.099],[23.13,57.371],[22.95,57.433],[22.875,57.5],[22.601,57.63],[22.6,57.758],[22.3,57.7],[21.999,57.6],[21.725,57.575],[21.425,57.3],[21.414,57.073],[21.382,57.009],[21.223,56.908],[21.05,56.85],[21.05,56.666],[21.0,56.6],[21.0,56.429],[20.969,56.37],[20.975,56.225],[21.058,56.038],[21.05,55.775],[21.1,55.725],[21.082,55.498],[21.042,55.416],[20.822,55.181],[20.482,54.976],[20.366,54.946],[19.957,54.952],[19.921,54.89],[19.962,54.773],[19.9,54.667],[19.626,54.461],[19.377,54.378],[19.06,54.35],[18.717,54.382],[18.574,54.45],[18.571,54.55],[18.523,54.647],[18.476,54.64],[18.475,54.7],[18.415,54.753],[18.448,54.79],[18.708,54.701],[18.835,54.603],[18.814,54.643],[18.752,54.69],[18.34,54.833],[18.152,54.838],[17.325,54.75],[17.036,54.667],[16.94,54.606],[16.525,54.55],[16.45,54.475],[16.35,54.45],[16.282,54.359],[16.312,54.373],[16.3,54.35],[16.25,54.35],[16.115,54.28],[15.275,54.15],[15.031,54.075],[14.6,54.0],[14.407,53.922],[14.237,53.929],[14.017,54.06],[13.882,54.102],[13.815,54.174],[13.753,54.153],[13.815,54.101],[13.774,54.023],[13.864,54.05],[13.856,54.002],[13.891,54.01],[13.946,54.067],[14.051,54.005],[14.043,53.95],[13.959,53.941],[13.973,53.989],[13.904,53.995],[13.932,53.899],[13.822,53.865],[13.84,53.85],[14.203,53.878],[14.25,53.825],[14.425,53.825],[14.425,53.899],[14.432,53.906],[14.441,53.87],[14.576,53.855],[14.587,53.813],[14.596,53.81],[14.59,53.817],[14.624,53.852],[14.631,53.852],[14.604,53.768],[14.55,53.75],[14.55,53.675],[14.6,53.65],[14.575,53.612],[14.55,53.65],[14.294,53.749],[14.305,53.713],[14.225,53.704],[14.264,53.752],[14.037,53.755],[13.817,53.853],[13.816,53.875],[13.85,53.875],[13.906,53.943],[13.766,54.025],[13.808,54.105],[13.698,54.153],[13.712,54.174],[13.479,54.125],[13.484,54.091],[13.383,54.153],[13.403,54.174],[13.325,54.167],[13.349,54.18],[13.289,54.234],[13.115,54.28],[13.077,54.353],[13.096,54.372],[13.029,54.402],[13.034,54.434],[12.875,54.4],[12.855,54.358],[12.705,54.4],[12.684,54.372],[12.705,54.415],[12.593,54.369],[12.624,54.423],[12.921,54.433],[12.591,54.452],[12.534,54.488],[12.342,54.304],[12.187,54.243],[12.102,54.175],[11.69,54.155],[11.625,54.125],[11.619,54.077],[11.492,54.002],[11.458,53.906],[11.334,53.961],[11.25,53.943],[11.25,53.975],[11.175,54.018],[10.9,53.962],[10.875,53.995],[10.78,54.01],[10.753,54.05],[10.9,54.075],[10.95,54.139],[11.067,54.184],[11.094,54.225],[11.067,54.359],[11.136,54.386],[10.935,54.38],[10.731,54.31],[10.318,54.443],[10.224,54.414],[10.187,54.35],[10.153,54.35],[10.204,54.461],[10.143,54.492],[9.883,54.462],[9.841,54.475],[9.925,54.475],[10.025,54.55],[10.039,54.667],[9.975,54.775],[9.891,54.79],[9.824,54.757],[9.8,54.8],[9.583,54.83],[9.58,54.866],[9.554,54.847],[9.53,54.841],[9.511,54.828],[9.488,54.821],[9.514,54.875],[9.575,54.875],[9.583,54.924],[9.643,54.917],[9.61,54.903],[9.623,54.865],[9.731,54.832],[9.744,54.866],[9.703,54.886],[9.775,54.9],[9.775,54.925],[9.968,54.86],[10.064,54.881],[10.0,55.0],[9.793,55.081],[9.628,55.051],[9.697,55.051],[9.669,55.03],[9.707,55.013],[9.799,55.017],[9.825,54.947],[9.602,55.045],[9.5,55.034],[9.56,55.085],[9.475,55.12],[9.512,55.133],[9.5,55.161],[9.583,55.195],[9.7,55.175],[9.71,55.249],[9.65,55.306],[9.65,55.35],[9.601,55.366],[9.587,55.427],[9.649,55.441],[9.66,55.478],[9.5,55.49],[9.56,55.524],[9.675,55.525],[9.854,55.627],[9.75,55.628],[9.7,55.675],[9.575,55.7],[9.687,55.709],[9.725,55.675],[9.792,55.674],[10.005,55.701],[10.06,55.749],[10.025,55.757],[10.046,55.814],[9.9,55.855],[10.121,55.875],[10.16,55.833],[10.2,55.85],[10.25,55.9],[10.278,56.018],[10.25,56.022],[10.266,56.074],[10.225,56.137],[10.258,56.19],[10.443,56.299],[10.5,56.275],[10.475,56.203],[10.355,56.202],[10.409,56.165],[10.509,56.17],[10.525,56.154],[10.491,56.14],[10.519,56.103],[10.574,56.113],[10.55,56.175],[10.61,56.225],[10.688,56.222],[10.649,56.188],[10.739,56.155],[10.754,56.225],[10.925,56.325],[10.928,56.406],[10.964,56.442],[10.822,56.534],[10.47,56.521],[10.365,56.558],[10.33,56.603],[10.225,56.525],[10.225,56.562],[10.35,56.625],[10.334,56.704],[10.225,56.69],[10.151,56.714],[10.101,56.683],[10.063,56.689],[10.001,56.661],[9.851,56.636],[9.806,56.64],[10.146,56.722],[10.341,56.717],[10.266,56.908],[10.314,56.983],[10.2,56.993],[10.121,57.022],[10.03,57.075],[10.24,56.993],[10.34,57.0],[10.41,57.14],[10.539,57.237],[10.533,57.266],[10.568,57.246],[10.853,57.246],[10.855,57.266],[10.998,57.198],[11.091,57.253],[11.067,57.291],[11.177,57.296],[11.177,57.246],[11.218,57.246],[11.218,57.287],[11.461,57.307],[11.502,57.348],[11.583,57.348],[11.583,57.388],[11.685,57.388],[11.664,57.246],[12.01,57.246],[12.01,57.287],[11.949,57.287],[11.949,57.361],[11.979,57.347],[12.007,57.434],[12.044,57.45],[12.09,57.423],[12.06,57.394],[12.1,57.394],[12.05,57.351],[12.144,57.31],[12.095,57.25],[12.157,57.243],[12.101,57.237],[12.191,57.213],[12.149,57.188]],[[21.306,60.819],[21.319,60.813],[21.323,60.825],[21.306,60.819]],[[24.825,64.95],[24.825,65.043],[25.062,65.043],[24.883,65.059],[24.883,65.087],[24.835,65.095],[24.654,65.08],[24.563,65.037],[24.6,64.975],[24.825,64.95]],[[21.15,63.3],[21.15,63.273],[21.079,63.288],[21.155,63.2],[21.134,63.198],[21.243,63.151],[21.363,63.206],[21.428,63.198],[21.396,63.261],[21.316,63.252],[21.287,63.211],[21.225,63.221],[21.225,63.3],[21.15,63.3]],[[18.025,62.75],[18.025,62.675],[18.1,62.675],[18.16,62.747],[18.025,62.75]],[[18.379,60.508],[18.375,60.375],[18.567,60.307],[18.53,60.368],[18.485,60.366],[18.475,60.45],[18.451,60.45],[18.45,60.5],[18.379,60.508]],[[21.785,60.385],[21.9,60.325],[22.0,60.325],[22.0,60.4],[21.95,60.4],[21.95,60.45],[21.825,60.475],[21.785,60.385]],[[19.625,60.173],[19.671,60.158],[19.65,60.26],[19.763,60.074],[19.912,60.1],[19.948,60.048],[19.949,60.084],[20.05,60.098],[20.044,60.176],[20.0,60.163],[20.031,60.217],[20.0,60.25],[20.058,60.191],[20.075,60.21],[20.075,60.175],[20.162,60.167],[20.2,60.175],[20.278,60.279],[20.2,60.3],[20.2,60.35],[20.025,60.35],[20.0,60.4],[19.85,60.425],[19.777,60.355],[19.8,60.354],[19.8,60.3],[19.85,60.3],[19.88,60.259],[19.775,60.25],[19.786,60.304],[19.7,60.275],[19.688,60.238],[19.65,60.275],[19.575,60.275],[19.562,60.25],[19.483,60.269],[19.473,60.238],[19.525,60.237],[19.517,60.17],[19.565,60.13],[19.625,60.173]],[[21.4,60.25],[21.3,60.25],[21.271,60.191],[21.387,60.163],[21.449,60.191],[21.4,60.191],[21.4,60.25]],[[21.6,60.169],[21.497,60.135],[21.558,60.122],[21.482,60.115],[21.675,60.1],[21.675,60.2],[21.601,60.201],[21.6,60.169]],[[21.868,60.156],[21.846,60.17],[21.888,60.184],[21.725,60.2],[21.696,60.122],[21.826,60.15],[21.8,60.156],[21.868,60.156]],[[20.225,60.005],[20.175,60.1],[20.075,60.1],[20.034,60.064],[20.025,60.042],[20.171,59.999],[20.175,59.971],[20.225,60.005]],[[18.61,59.546],[18.525,59.5],[18.525,59.425],[18.6,59.425],[18.603,59.493],[18.739,59.54],[18.61,59.546]],[[22.737,59.005],[22.7,59.027],[22.714,59.07],[22.64,59.087],[22.587,59.087],[22.559,59.038],[22.442,58.985],[22.46,58.971],[22.045,58.936],[22.25,58.875],[22.382,58.882],[22.497,58.738],[22.463,58.716],[22.55,58.675],[22.675,58.7],[22.753,58.815],[22.8,58.825],[22.79,58.781],[22.875,58.775],[22.875,58.825],[23.034,58.83],[23.039,58.861],[22.934,58.984],[22.737,59.005]],[[23.15,58.675],[23.059,58.603],[23.225,58.525],[23.4,58.555],[23.375,58.65],[23.15,58.675]],[[22.203,58.148],[22.148,58.08],[22.086,58.083],[21.998,57.984],[21.963,57.984],[22.017,57.914],[22.125,57.925],[22.143,57.961],[22.2,57.975],[22.272,58.174],[22.323,58.207],[22.477,58.245],[22.504,58.224],[22.53,58.25],[22.55,58.225],[22.625,58.225],[22.625,58.25],[22.723,58.225],[22.757,58.242],[22.721,58.27],[22.825,58.275],[22.95,58.325],[22.975,58.375],[23.087,58.395],[23.083,58.425],[23.15,58.425],[23.157,58.478],[23.235,58.44],[23.278,58.437],[23.238,58.456],[23.261,58.466],[23.333,58.456],[23.025,58.6],[22.811,58.623],[22.648,58.587],[22.583,58.635],[22.322,58.585],[22.288,58.569],[22.273,58.502],[22.195,58.546],[22.104,58.487],[22.089,58.422],[22.025,58.5],[21.832,58.511],[22.0,58.369],[21.945,58.319],[21.873,58.342],[21.908,58.299],[21.843,58.302],[21.868,58.265],[22.017,58.234],[22.05,58.175],[22.203,58.148]],[[19.339,57.964],[19.222,57.99],[19.098,57.977],[19.037,57.905],[19.13,57.847],[19.16,57.88],[19.15,57.916],[19.248,57.952],[19.339,57.964]],[[18.266,57.041],[18.201,57.018],[18.139,56.922],[18.17,56.912],[18.3,56.925],[18.345,57.004],[18.4,57.004],[18.338,57.031],[18.345,57.083],[18.455,57.127],[18.426,57.127],[18.441,57.157],[18.714,57.243],[18.68,57.31],[18.802,57.376],[18.926,57.393],[18.909,57.439],[18.79,57.45],[18.803,57.469],[18.761,57.508],[18.8,57.525],[18.81,57.607],[18.775,57.613],[18.775,57.643],[18.8,57.65],[18.807,57.734],[18.95,57.725],[18.95,57.775],[19.0,57.775],[19.0,57.814],[19.085,57.826],[19.025,57.9],[18.9,57.9],[18.913,57.921],[18.837,57.912],[18.8,57.828],[18.775,57.9],[18.7,57.921],[18.375,57.75],[18.325,57.673],[18.161,57.578],[18.112,57.511],[18.125,57.425],[18.179,57.38],[18.099,57.259],[18.226,57.1],[18.201,57.065],[18.29,57.093],[18.266,57.041]],[[16.65,56.5],[16.65,56.57],[16.7,56.575],[16.7,56.625],[16.75,56.675],[16.775,56.8],[16.85,56.825],[16.858,56.897],[16.9,56.9],[16.9,56.975],[16.925,56.975],[16.964,57.075],[17.0,57.075],[17.025,57.175],[17.05,57.175],[17.05,57.279],[17.125,57.319],[17.104,57.353],[17.036,57.353],[16.966,57.305],[16.954,57.222],[16.91,57.202],[16.875,57.1],[16.717,56.892],[16.638,56.882],[16.55,56.8],[16.443,56.609],[16.375,56.55],[16.428,56.218],[16.491,56.24],[16.566,56.346],[16.624,56.5],[16.65,56.5]],[[11.675,55.722],[11.763,55.749],[11.739,55.797],[11.65,55.782],[11.656,55.811],[11.732,55.831],[11.675,55.917],[11.744,55.904],[11.768,55.971],[11.6,55.942],[11.273,55.997],[11.477,55.941],[11.505,55.869],[11.398,55.826],[11.348,55.838],[11.367,55.775],[11.25,55.775],[11.25,55.729],[10.875,55.743],[11.088,55.66],[10.93,55.668],[11.088,55.627],[11.146,55.575],[11.081,55.513],[11.164,55.502],[11.211,55.4],[11.088,55.359],[11.108,55.332],[11.175,55.352],[11.153,55.328],[11.241,55.275],[11.261,55.201],[11.425,55.2],[11.425,55.221],[11.55,55.198],[11.55,55.175],[11.8,55.15],[11.718,55.126],[11.825,55.051],[11.616,55.092],[11.825,55.035],[11.883,54.982],[11.711,54.941],[11.875,54.759],[11.875,54.725],[11.91,54.722],[11.875,54.7],[11.875,54.625],[11.949,54.569],[11.975,54.7],[12.17,54.838],[12.128,54.875],[12.225,54.875],[12.348,54.96],[12.552,54.957],[12.505,55.02],[12.262,55.064],[12.287,54.989],[12.177,54.989],[12.125,54.95],[12.125,54.878],[12.02,54.9],[11.958,54.948],[11.89,54.93],[11.91,55.0],[12.033,54.968],[12.162,55.004],[12.119,55.074],[12.171,55.095],[12.169,55.128],[12.047,55.14],[12.025,55.172],[12.083,55.175],[12.099,55.141],[12.179,55.225],[12.35,55.225],[12.35,55.25],[12.425,55.25],[12.465,55.29],[12.435,55.364],[12.225,55.435],[12.2,55.49],[12.266,55.557],[12.404,55.619],[12.52,55.6],[12.556,55.55],[12.675,55.575],[12.675,55.65],[12.65,55.65],[12.65,55.7],[12.591,55.7],[12.602,55.797],[12.529,55.907],[12.535,55.953],[12.622,56.044],[12.5,56.1],[12.245,56.129],[11.866,55.973],[11.865,55.939],[11.992,55.961],[12.029,55.936],[12.075,55.775],[12.049,55.775],[11.998,55.903],[11.917,55.935],[11.954,55.854],[11.869,55.805],[11.855,55.733],[11.787,55.675],[11.746,55.731],[11.675,55.722]],[[10.536,55.775],[10.65,55.775],[10.669,55.88],[10.621,55.88],[10.628,55.921],[10.58,55.937],[10.544,55.998],[10.515,55.951],[10.581,55.895],[10.517,55.846],[10.536,55.775]],[[10.004,55.197],[10.122,55.175],[10.156,55.14],[10.066,55.092],[10.197,55.064],[10.234,55.092],[10.425,55.046],[10.425,55.025],[10.575,55.025],[10.592,55.059],[10.75,55.075],[10.815,55.214],[10.775,55.292],[10.834,55.29],[10.797,55.359],[10.675,55.449],[10.744,55.496],[10.628,55.614],[10.615,55.565],[10.594,55.578],[10.614,55.528],[10.567,55.524],[10.609,55.493],[10.478,55.45],[10.475,55.532],[10.519,55.533],[10.425,55.575],[10.425,55.6],[10.308,55.618],[10.294,55.588],[10.2,55.6],[9.888,55.509],[9.827,55.548],[9.755,55.544],[9.676,55.496],[9.75,55.452],[9.703,55.468],[9.825,55.4],[9.778,55.38],[9.802,55.362],[9.875,55.35],[9.875,55.225],[9.975,55.214],[9.986,55.128],[10.026,55.126],[10.004,55.197]],[[15.11,55.05],[15.15,55.05],[15.15,55.15],[14.927,55.216],[14.761,55.309],[14.706,55.226],[14.7,55.075],[15.1,55.0],[15.11,55.05]],[[10.75,54.75],[10.838,54.937],[10.925,55.025],[10.957,55.154],[10.934,55.16],[10.85,55.1],[10.85,55.04],[10.697,54.931],[10.683,54.907],[10.724,54.886],[10.601,54.838],[10.694,54.735],[10.75,54.75]],[[11.275,54.7],[11.275,54.675],[11.375,54.65],[11.375,54.625],[11.55,54.625],[11.55,54.657],[11.611,54.666],[11.8,54.65],[11.846,54.698],[11.807,54.708],[11.855,54.744],[11.787,54.832],[11.649,54.914],[11.649,54.875],[11.55,54.85],[11.55,54.826],[11.369,54.881],[11.3,54.95],[11.232,54.961],[11.074,54.948],[11.025,54.911],[11.025,54.975],[10.925,54.975],[10.9,54.925],[10.85,54.925],[10.85,54.875],[10.8,54.85],[10.825,54.75],[10.95,54.75],[10.95,54.85],[11.019,54.9],[11.1,54.822],[11.006,54.804],[11.009,54.772],[11.075,54.754],[11.075,54.725],[11.275,54.7]],[[13.298,54.52],[13.26,54.554],[13.143,54.543],[13.25,54.487],[13.157,54.427],[13.239,54.42],[13.25,54.379],[13.149,54.377],[13.115,54.338],[13.175,54.311],[13.15,54.29],[13.268,54.256],[13.329,54.275],[13.312,54.251],[13.407,54.228],[13.418,54.266],[13.356,54.249],[13.36,54.275],[13.425,54.275],[13.5,54.345],[13.664,54.353],[13.691,54.345],[13.672,54.34],[13.617,54.318],[13.712,54.332],[13.651,54.297],[13.712,54.304],[13.691,54.284],[13.723,54.278],[13.766,54.345],[13.61,54.414],[13.575,54.472],[13.65,54.5],[13.671,54.566],[13.425,54.585],[13.4,54.655],[13.445,54.68],[13.419,54.688],[13.225,54.647],[13.293,54.642],[13.253,54.565],[13.381,54.6],[13.441,54.557],[13.521,54.571],[13.5,54.488],[13.431,54.493],[13.377,54.565],[13.384,54.532],[13.35,54.525],[13.369,54.585],[13.301,54.55],[13.298,54.52]],[[11.008,54.455],[11.139,54.413],[11.314,54.414],[11.25,54.5],[11.05,54.525],[11.008,54.455]],[[11.2,56.1],[11.2,56.0],[11.3,56.0],[11.3,56.075],[11.2,56.1]],[[28.562,60.594],[28.599,60.577],[28.635,60.601],[28.576,60.643],[28.562,60.594]],[[11.376,53.982],[11.447,53.997],[11.458,53.961],[11.498,54.023],[11.39,54.005],[11.376,53.982]],[[11.616,54.112],[11.534,54.085],[11.54,54.057],[11.553,54.073],[11.616,54.112]],[[13.15,54.578],[13.151,54.605],[13.102,54.596],[13.061,54.468],[13.119,54.586],[13.15,54.578]],[[10.415,54.878],[10.389,54.92],[10.391,54.895],[10.35,54.897],[10.189,54.977],[10.383,54.831],[10.519,54.852],[10.45,54.9],[10.461,54.874],[10.415,54.878]],[[11.581,56.681],[11.649,56.73],[11.51,56.71],[11.581,56.681]],[[19.188,58.395],[19.25,58.343],[19.332,58.368],[19.188,58.395]],[[20.266,60.06],[20.298,60.122],[20.253,60.139],[20.258,60.108],[20.222,60.15],[20.198,60.104],[20.266,60.06]],[[22.038,60.156],[22.011,60.17],[22.072,60.197],[21.998,60.191],[21.935,60.176],[22.009,60.137],[22.038,60.156]],[[25.863,60.204],[25.876,60.217],[25.822,60.216],[25.863,60.204]],[[20.38,60.27],[20.345,60.238],[20.383,60.241],[20.393,60.197],[20.441,60.253],[20.38,60.27]],[[20.853,60.266],[20.787,60.286],[20.791,60.239],[20.853,60.266]],[[25.57,60.258],[25.622,60.238],[25.603,60.215],[25.636,60.204],[25.684,60.245],[25.582,60.296],[25.57,60.258]],[[21.688,60.455],[21.715,60.471],[21.761,60.512],[21.714,60.509],[21.688,60.455]],[[21.229,63.329],[21.319,63.288],[21.374,63.333],[21.346,63.364],[21.229,63.329]],[[20.92,63.774],[20.865,63.797],[20.839,63.768],[20.874,63.754],[20.92,63.774]],[[24.013,58.154],[23.938,58.137],[23.971,58.1],[24.013,58.154]],[[23.385,58.981],[23.39,59.008],[23.322,59.039],[23.148,59.044],[23.114,59.022],[23.163,58.969],[23.385,58.981]],[[18.479,59.117],[18.375,59.078],[18.344,59.026],[18.414,59.012],[18.49,59.089],[18.479,59.117]],[[18.66,59.177],[18.75,59.205],[18.704,59.211],[18.66,59.177]],[[18.723,59.262],[18.775,59.252],[18.811,59.289],[18.738,59.285],[18.723,59.262]],[[18.19,59.338],[18.249,59.367],[18.123,59.389],[18.19,59.338]],[[18.856,59.386],[18.869,59.393],[18.854,59.403],[18.856,59.386]],[[18.9,59.394],[18.948,59.379],[18.942,59.394],[18.9,59.394]],[[18.861,59.425],[18.894,59.407],[18.916,59.446],[18.874,59.44],[18.861,59.425]],[[24.55,59.558],[24.516,59.598],[24.487,59.579],[24.516,59.544],[24.55,59.558]],[[18.863,59.584],[18.985,59.624],[18.952,59.653],[18.868,59.606],[18.863,59.584]],[[18.924,59.657],[18.757,59.573],[18.824,59.584],[18.924,59.657]],[[20.862,59.928],[20.875,59.914],[20.912,59.904],[20.897,59.94],[20.862,59.928]],[[20.996,59.95],[20.935,59.958],[20.913,59.948],[20.983,59.922],[20.969,59.944],[20.996,59.95]],[[23.847,59.955],[23.924,59.969],[23.892,59.977],[23.847,59.955]],[[29.657,60.025],[29.801,59.986],[29.787,59.997],[29.657,60.025]],[[27.892,59.995],[27.885,60.011],[27.841,60.026],[27.805,59.989],[27.892,59.995]],[[20.501,60.013],[20.587,60.008],[20.605,60.052],[20.545,60.056],[20.501,60.013]],[[20.463,60.067],[20.424,60.055],[20.39,60.028],[20.432,60.025],[20.463,60.067]],[[22.855,60.056],[22.884,60.048],[22.851,60.028],[22.872,60.006],[22.927,60.065],[22.855,60.056]],[[20.471,60.041],[20.519,60.043],[20.536,60.064],[20.47,60.057],[20.471,60.041]],[[26.945,60.091],[26.985,60.018],[27.027,60.027],[26.964,60.099],[26.945,60.091]],[[22.845,60.082],[22.957,60.089],[22.938,60.124],[22.88,60.114],[22.845,60.082]],[[21.93,60.125],[22.012,60.123],[21.977,60.131],[21.93,60.125]],[[20.636,60.144],[20.682,60.11],[20.687,60.127],[20.636,60.144]],[[18.724,60.155],[18.807,60.161],[18.738,60.215],[18.724,60.155]],[[20.716,60.209],[20.684,60.229],[20.663,60.216],[20.687,60.195],[20.716,60.209]],[[21.996,60.296],[21.973,60.285],[21.996,60.287],[21.996,60.296]],[[21.875,60.305],[21.945,60.277],[21.974,60.309],[21.925,60.313],[21.875,60.305]],[[28.721,60.288],[28.541,60.347],[28.551,60.303],[28.624,60.27],[28.695,60.261],[28.721,60.288]],[[28.426,60.361],[28.504,60.311],[28.513,60.347],[28.465,60.366],[28.426,60.361]],[[20.757,60.366],[20.733,60.314],[20.777,60.326],[20.757,60.366]],[[21.294,60.371],[21.355,60.352],[21.338,60.383],[21.294,60.371]],[[15.642,56.105],[15.697,56.074],[15.727,56.118],[15.642,56.105]],[[23.27,57.786],[23.271,57.808],[23.224,57.824],[23.218,57.801],[23.27,57.786]],[[16.879,58.281],[16.877,58.3],[16.833,58.304],[16.847,58.275],[16.879,58.281]],[[16.846,58.32],[16.919,58.336],[16.846,58.345],[16.829,58.382],[16.864,58.398],[16.79,58.389],[16.846,58.32]],[[18.357,58.977],[18.226,58.945],[18.194,58.911],[18.316,58.927],[18.29,58.941],[18.357,58.977]],[[18.146,59.004],[18.217,59.024],[18.104,59.023],[18.051,58.961],[18.145,58.969],[18.146,59.004]],[[22.019,63.326],[22.03,63.308],[21.989,63.31],[21.978,63.28],[22.058,63.295],[22.019,63.326]],[[22.114,63.284],[22.209,63.273],[22.246,63.307],[22.231,63.339],[22.196,63.31],[22.069,63.319],[22.079,63.266],[22.159,63.274],[22.114,63.284]],[[22.096,63.383],[21.996,63.385],[21.947,63.338],[22.076,63.36],[22.096,63.383]],[[20.826,63.644],[20.856,63.651],[20.865,63.677],[20.828,63.653],[20.826,63.644]],[[20.923,63.703],[20.948,63.775],[20.881,63.742],[20.865,63.683],[20.923,63.703]],[[22.295,65.453],[22.285,65.432],[22.418,65.45],[22.295,65.453]],[[22.21,65.466],[22.147,65.469],[22.154,65.43],[22.233,65.424],[22.21,65.466]],[[22.553,65.53],[22.617,65.517],[22.611,65.524],[22.553,65.53]],[[22.359,65.504],[22.187,65.538],[22.28,65.478],[22.279,65.513],[22.359,65.504]],[[22.641,65.589],[22.626,65.593],[22.546,65.582],[22.597,65.554],[22.641,65.589]],[[22.595,65.613],[22.554,65.605],[22.57,65.595],[22.595,65.613]],[[22.882,65.72],[22.972,65.667],[22.985,65.7],[22.905,65.743],[22.882,65.72]],[[23.681,65.722],[23.738,65.697],[23.79,65.747],[23.69,65.748],[23.681,65.722]],[[22.736,65.766],[22.726,65.724],[22.805,65.705],[22.791,65.75],[22.736,65.766]],[[22.457,59.873],[22.414,59.861],[22.513,59.874],[22.457,59.873]],[[20.307,59.954],[20.325,59.977],[20.447,59.995],[20.339,60.02],[20.281,59.977],[20.307,59.954]],[[21.563,60.226],[21.602,60.223],[21.627,60.253],[21.587,60.269],[21.563,60.226]],[[21.059,60.467],[21.078,60.449],[21.097,60.463],[21.059,60.467]],[[21.347,61.178],[21.432,61.171],[21.389,61.192],[21.347,61.178]],[[21.501,61.618],[21.526,61.629],[21.485,61.64],[21.501,61.618]],[[21.13,63.001],[21.147,62.953],[21.222,62.951],[21.196,62.994],[21.13,63.001]],[[16.587,57.103],[16.646,57.098],[16.622,57.104],[16.587,57.103]],[[16.536,57.175],[16.529,57.153],[16.567,57.159],[16.536,57.175]],[[16.791,57.257],[16.785,57.251],[16.797,57.246],[16.791,57.257]],[[16.691,57.509],[16.72,57.501],[16.681,57.524],[16.691,57.509]],[[16.702,57.577],[16.727,57.619],[16.652,57.58],[16.702,57.577]],[[16.656,57.805],[16.662,57.8],[16.705,57.78],[16.718,57.804],[16.656,57.805]],[[16.729,57.854],[16.7,57.839],[16.786,57.805],[16.729,57.854]],[[16.782,58.105],[16.818,58.091],[16.839,58.099],[16.812,58.12],[16.782,58.105]],[[22.477,58.143],[22.498,58.122],[22.519,58.166],[22.496,58.176],[22.477,58.143]],[[16.918,58.204],[16.91,58.185],[16.935,58.179],[16.918,58.204]],[[17.006,58.26],[16.999,58.25],[17.04,58.264],[17.006,58.26]],[[16.913,58.262],[16.907,58.245],[16.93,58.257],[16.913,58.262]],[[16.961,58.412],[16.979,58.43],[16.966,58.433],[16.961,58.412]],[[16.973,58.482],[16.997,58.491],[16.965,58.503],[16.973,58.482]],[[16.892,58.527],[16.908,58.512],[16.938,58.503],[16.924,58.523],[16.892,58.527]],[[17.463,58.702],[17.485,58.709],[17.471,58.725],[17.463,58.702]],[[17.426,58.752],[17.451,58.716],[17.497,58.743],[17.443,58.76],[17.426,58.752]],[[17.855,58.765],[17.865,58.736],[17.868,58.763],[17.855,58.765]],[[17.604,58.833],[17.655,58.806],[17.699,58.797],[17.604,58.833]],[[17.717,58.832],[17.72,58.85],[17.696,58.861],[17.708,58.838],[17.717,58.832]],[[18.108,58.853],[18.143,58.887],[18.138,58.893],[18.108,58.853]],[[18.173,58.938],[18.143,58.903],[18.211,58.936],[18.173,58.938]],[[18.036,58.973],[18.019,58.967],[17.992,58.932],[18.022,58.934],[18.036,58.973]],[[18.143,59.045],[18.186,59.044],[18.167,59.058],[18.143,59.045]],[[18.513,59.05],[18.51,59.03],[18.546,59.061],[18.513,59.05]],[[18.605,59.079],[18.624,59.105],[18.605,59.1],[18.605,59.079]],[[18.74,59.091],[18.761,59.113],[18.747,59.111],[18.74,59.091]],[[18.593,59.126],[18.596,59.13],[18.584,59.134],[18.593,59.126]],[[18.643,59.186],[18.63,59.171],[18.649,59.175],[18.643,59.186]],[[18.425,59.22],[18.405,59.222],[18.419,59.211],[18.425,59.22]],[[18.615,59.234],[18.588,59.226],[18.593,59.225],[18.615,59.234]],[[18.903,59.281],[18.928,59.274],[18.93,59.283],[18.903,59.281]],[[18.885,59.304],[18.901,59.311],[18.874,59.313],[18.885,59.304]],[[18.864,59.322],[18.894,59.343],[18.923,59.346],[18.878,59.353],[18.864,59.322]],[[18.362,59.419],[18.374,59.398],[18.431,59.393],[18.397,59.415],[18.362,59.419]],[[19.016,59.417],[19.019,59.414],[19.023,59.417],[19.016,59.417]],[[18.948,59.394],[18.979,59.416],[18.957,59.423],[18.948,59.394]],[[19.214,59.432],[19.221,59.433],[19.22,59.445],[19.214,59.432]],[[19.5,59.441],[19.512,59.438],[19.509,59.448],[19.5,59.441]],[[18.666,59.457],[18.642,59.44],[18.736,59.458],[18.666,59.457]],[[18.708,59.47],[18.714,59.464],[18.827,59.477],[18.783,59.474],[18.708,59.47]],[[19.165,59.491],[19.176,59.504],[19.173,59.507],[19.165,59.491]],[[19.025,59.576],[19.022,59.573],[19.076,59.576],[19.025,59.576]],[[19.141,59.583],[19.182,59.593],[19.174,59.6],[19.141,59.583]],[[19.246,59.609],[19.241,59.601],[19.244,59.6],[19.246,59.609]],[[19.02,59.643],[19.028,59.638],[19.05,59.638],[19.035,59.655],[19.02,59.643]],[[19.136,59.663],[19.124,59.659],[19.156,59.654],[19.136,59.663]],[[19.178,59.659],[19.197,59.662],[19.196,59.669],[19.178,59.659]],[[19.164,59.675],[19.163,59.676],[19.161,59.675],[19.164,59.675]],[[18.902,59.666],[18.88,59.678],[18.844,59.665],[18.887,59.657],[18.902,59.666]],[[19.409,59.709],[19.395,59.702],[19.403,59.704],[19.409,59.709]],[[19.118,59.758],[19.108,59.755],[19.135,59.741],[19.118,59.758]],[[22.949,59.764],[22.952,59.767],[22.937,59.777],[22.949,59.764]],[[21.372,59.774],[21.387,59.782],[21.373,59.785],[21.372,59.774]],[[19.201,59.779],[19.191,59.786],[19.161,59.778],[19.179,59.761],[19.201,59.779]],[[19.086,59.775],[19.107,59.786],[19.09,59.792],[19.086,59.775]],[[22.314,59.804],[22.339,59.807],[22.325,59.819],[22.314,59.804]],[[23.573,59.819],[23.574,59.832],[23.553,59.827],[23.573,59.819]],[[21.577,59.816],[21.641,59.835],[21.595,59.832],[21.577,59.816]],[[19.922,59.835],[19.928,59.841],[19.92,59.843],[19.922,59.835]],[[22.398,59.842],[22.406,59.853],[22.396,59.859],[22.398,59.842]],[[22.086,59.857],[22.097,59.863],[22.085,59.864],[22.086,59.857]],[[19.137,59.847],[19.14,59.86],[19.093,59.837],[19.137,59.847]],[[27.189,59.835],[27.219,59.841],[27.195,59.865],[27.189,59.835]],[[21.95,59.866],[21.95,59.862],[21.959,59.859],[21.95,59.866]],[[22.205,59.868],[22.205,59.873],[22.183,59.876],[22.205,59.868]],[[23.432,59.881],[23.423,59.886],[23.363,59.884],[23.369,59.862],[23.432,59.881]],[[23.298,59.884],[23.33,59.888],[23.313,59.893],[23.298,59.884]],[[22.522,59.887],[22.532,59.897],[22.477,59.887],[22.522,59.887]],[[22.557,59.905],[22.557,59.907],[22.543,59.908],[22.557,59.905]],[[21.455,59.911],[21.462,59.902],[21.467,59.911],[21.455,59.911]],[[23.103,59.902],[23.125,59.898],[23.125,59.913],[23.103,59.902]],[[22.371,59.924],[22.35,59.909],[22.375,59.913],[22.371,59.924]],[[21.788,59.912],[21.8,59.923],[21.782,59.931],[21.788,59.912]],[[22.478,59.917],[22.469,59.942],[22.463,59.941],[22.478,59.917]],[[22.587,59.956],[22.557,59.944],[22.576,59.948],[22.587,59.956]],[[21.607,59.959],[21.597,59.955],[21.628,59.948],[21.607,59.959]],[[22.615,59.963],[22.589,59.959],[22.643,59.936],[22.615,59.963]],[[22.33,59.948],[22.344,59.933],[22.371,59.954],[22.338,59.962],[22.33,59.948]],[[21.758,59.942],[21.788,59.958],[21.781,59.965],[21.758,59.942]],[[21.301,59.975],[21.289,59.978],[21.294,59.972],[21.301,59.975]],[[22.503,59.969],[22.508,59.959],[22.546,59.967],[22.517,59.986],[22.503,59.969]],[[22.41,59.922],[22.434,59.966],[22.466,59.976],[22.438,59.984],[22.393,59.949],[22.41,59.922]],[[22.649,59.967],[22.615,59.989],[22.605,59.974],[22.649,59.967]],[[22.339,59.971],[22.358,59.967],[22.369,59.998],[22.347,59.988],[22.339,59.971]],[[20.863,60.026],[20.848,60.023],[20.865,60.016],[20.863,60.026]],[[19.959,60.033],[20.015,60.011],[20.01,60.023],[19.959,60.033]],[[21.471,60.033],[21.462,60.035],[21.458,60.025],[21.471,60.033]],[[28.361,60.024],[28.385,60.004],[28.388,60.029],[28.361,60.024]],[[22.973,60.036],[22.946,60.05],[22.904,60.014],[22.973,60.036]],[[22.816,60.039],[22.809,60.051],[22.802,60.052],[22.816,60.039]],[[20.374,60.054],[20.362,60.038],[20.392,60.04],[20.374,60.054]],[[20.808,60.077],[20.794,60.066],[20.822,60.066],[20.808,60.077]],[[21.353,60.076],[21.376,60.073],[21.365,60.079],[21.353,60.076]],[[20.329,60.067],[20.352,60.073],[20.345,60.086],[20.329,60.067]],[[20.717,60.089],[20.712,60.083],[20.73,60.077],[20.717,60.089]],[[20.523,60.113],[20.484,60.108],[20.564,60.094],[20.523,60.113]],[[21.084,60.136],[21.081,60.148],[21.069,60.14],[21.084,60.136]],[[25.037,60.134],[25.073,60.148],[25.046,60.154],[25.037,60.134]],[[22.131,60.141],[22.133,60.156],[22.112,60.154],[22.131,60.141]],[[21.833,60.139],[21.913,60.15],[21.884,60.16],[21.833,60.139]],[[22.264,60.132],[22.283,60.162],[22.256,60.156],[22.264,60.132]],[[20.306,60.147],[20.315,60.153],[20.282,60.161],[20.306,60.147]],[[21.307,60.151],[21.314,60.166],[21.301,60.168],[21.307,60.151]],[[20.592,60.17],[20.567,60.156],[20.602,60.16],[20.592,60.17]],[[20.339,60.16],[20.35,60.176],[20.318,60.163],[20.339,60.16]],[[11.564,54.973],[11.549,54.985],[11.498,54.979],[11.539,54.948],[11.564,54.973]],[[15.194,55.32],[15.191,55.323],[15.191,55.319],[15.194,55.32]],[[12.767,55.607],[12.787,55.621],[12.78,55.661],[12.735,55.639],[12.767,55.607]],[[10.306,55.787],[10.238,55.753],[10.313,55.742],[10.306,55.787]],[[12.724,55.902],[12.703,55.918],[12.674,55.919],[12.703,55.889],[12.724,55.902]],[[14.847,56.001],[14.855,56.013],[14.838,56.02],[14.847,56.001]],[[15.773,56.022],[15.789,56.012],[15.81,56.032],[15.773,56.022]],[[14.98,56.119],[14.98,56.125],[14.954,56.123],[14.974,56.111],[14.98,56.119]],[[15.438,56.107],[15.465,56.096],[15.487,56.126],[15.455,56.12],[15.438,56.107]],[[15.515,56.106],[15.556,56.1],[15.566,56.119],[15.515,56.106]],[[15.598,56.104],[15.633,56.107],[15.629,56.135],[15.596,56.113],[15.598,56.104]],[[15.715,56.133],[15.756,56.107],[15.766,56.131],[15.73,56.141],[15.715,56.133]],[[22.208,60.163],[22.262,60.174],[22.21,60.179],[22.208,60.163]],[[20.402,60.156],[20.44,60.172],[20.423,60.183],[20.402,60.156]],[[22.119,60.183],[22.092,60.171],[22.146,60.193],[22.119,60.183]],[[19.344,60.2],[19.326,60.203],[19.33,60.199],[19.344,60.2]],[[18.625,60.2],[18.59,60.214],[18.562,60.207],[18.593,60.189],[18.625,60.2]],[[21.006,60.224],[20.995,60.224],[20.997,60.217],[21.006,60.224]],[[20.317,60.224],[20.253,60.18],[20.289,60.196],[20.317,60.224]],[[20.747,60.228],[20.731,60.251],[20.729,60.235],[20.747,60.228]],[[22.045,60.242],[22.066,60.228],[22.089,60.244],[22.066,60.253],[22.045,60.242]],[[21.753,60.245],[21.786,60.259],[21.765,60.261],[21.753,60.245]],[[21.696,60.262],[21.691,60.255],[21.704,60.254],[21.696,60.262]],[[18.6,60.273],[18.614,60.266],[18.639,60.265],[18.613,60.285],[18.6,60.273]],[[27.318,60.286],[27.298,60.283],[27.31,60.277],[27.318,60.286]],[[21.447,60.284],[21.431,60.29],[21.38,60.276],[21.427,60.27],[21.447,60.284]],[[21.644,60.282],[21.674,60.289],[21.645,60.299],[21.644,60.282]],[[21.855,60.292],[21.815,60.298],[21.838,60.284],[21.855,60.292]],[[20.487,60.279],[20.495,60.274],[20.516,60.284],[20.498,60.301],[20.487,60.279]],[[21.715,60.29],[21.733,60.296],[21.721,60.303],[21.715,60.29]],[[21.555,60.304],[21.521,60.289],[21.559,60.284],[21.555,60.304]],[[21.053,60.294],[21.059,60.298],[21.046,60.309],[21.053,60.294]],[[20.387,60.278],[20.405,60.274],[20.402,60.304],[20.387,60.278]],[[20.971,60.306],[20.997,60.305],[20.993,60.334],[20.969,60.327],[20.971,60.306]],[[20.937,60.316],[20.915,60.347],[20.907,60.333],[20.937,60.316]],[[20.389,60.331],[20.396,60.331],[20.422,60.343],[20.394,60.348],[20.389,60.331]],[[26.237,60.331],[26.168,60.346],[26.192,60.319],[26.237,60.331]],[[20.337,60.347],[20.372,60.334],[20.386,60.35],[20.343,60.359],[20.337,60.347]],[[21.153,60.34],[21.165,60.358],[21.15,60.356],[21.153,60.34]],[[20.328,60.363],[20.293,60.339],[20.302,60.333],[20.328,60.363]],[[21.643,60.358],[21.662,60.343],[21.704,60.351],[21.657,60.365],[21.643,60.358]],[[19.616,60.366],[19.604,60.366],[19.577,60.354],[19.593,60.33],[19.616,60.366]],[[21.053,60.366],[21.068,60.34],[21.096,60.339],[21.06,60.367],[21.053,60.366]],[[26.784,60.362],[26.744,60.365],[26.774,60.345],[26.784,60.362]],[[20.701,60.36],[20.703,60.369],[20.699,60.373],[20.701,60.36]],[[21.729,60.371],[21.75,60.366],[21.785,60.379],[21.734,60.378],[21.729,60.371]],[[19.686,60.366],[19.707,60.358],[19.709,60.367],[19.686,60.366]],[[21.663,60.382],[21.643,60.377],[21.692,60.362],[21.663,60.382]],[[20.912,60.384],[20.906,60.372],[20.919,60.366],[20.912,60.384]],[[20.857,60.369],[20.876,60.342],[20.876,60.366],[20.857,60.369]],[[21.472,60.358],[21.486,60.387],[21.468,60.387],[21.472,60.358]],[[19.747,60.397],[19.741,60.401],[19.713,60.393],[19.728,60.373],[19.747,60.397]],[[20.117,60.402],[20.104,60.405],[20.077,60.387],[20.099,60.382],[20.117,60.402]],[[21.358,60.4],[21.366,60.382],[21.402,60.368],[21.4,60.397],[21.358,60.4]],[[20.769,60.41],[20.762,60.395],[20.786,60.382],[20.776,60.408],[20.769,60.41]],[[27.069,60.378],[27.073,60.402],[27.022,60.41],[27.041,60.38],[27.069,60.378]],[[20.844,60.419],[20.832,60.417],[20.851,60.401],[20.844,60.419]],[[20.6,60.405],[20.621,60.397],[20.62,60.415],[20.6,60.405]],[[21.056,60.4],[21.06,60.418],[21.028,60.416],[21.056,60.4]],[[21.421,60.428],[21.402,60.415],[21.413,60.401],[21.421,60.428]],[[21.204,60.397],[21.227,60.4],[21.216,60.43],[21.198,60.41],[21.204,60.397]],[[21.011,60.429],[21.004,60.432],[20.976,60.427],[20.991,60.406],[21.011,60.429]],[[20.262,60.417],[20.27,60.433],[20.258,60.426],[20.262,60.417]],[[21.688,60.45],[21.677,60.444],[21.701,60.412],[21.688,60.45]],[[21.599,60.41],[21.615,60.41],[21.643,60.435],[21.622,60.452],[21.599,60.41]],[[28.533,60.355],[28.491,60.441],[28.443,60.465],[28.509,60.363],[28.533,60.355]],[[21.661,60.477],[21.64,60.467],[21.643,60.462],[21.661,60.477]],[[20.918,60.475],[20.943,60.439],[20.958,60.484],[20.918,60.475]],[[27.847,60.485],[27.782,60.5],[27.786,60.489],[27.847,60.485]],[[21.035,60.501],[21.087,60.49],[21.063,60.497],[21.035,60.501]],[[18.399,60.532],[18.361,60.521],[18.398,60.511],[18.399,60.532]],[[20.87,60.532],[20.876,60.522],[20.906,60.52],[20.886,60.535],[20.87,60.532]],[[21.069,60.516],[21.099,60.516],[21.065,60.537],[21.069,60.516]],[[21.049,60.558],[21.03,60.552],[21.048,60.549],[21.049,60.558]],[[28.554,60.623],[28.518,60.65],[28.512,60.644],[28.554,60.623]],[[21.297,60.708],[21.32,60.71],[21.303,60.72],[21.297,60.708]],[[21.021,60.721],[21.027,60.736],[21.006,60.727],[21.021,60.721]],[[21.255,60.757],[21.279,60.76],[21.264,60.768],[21.255,60.757]],[[21.29,60.762],[21.301,60.769],[21.299,60.773],[21.29,60.762]],[[17.304,60.785],[17.356,60.794],[17.338,60.798],[17.304,60.785]],[[21.13,60.801],[21.176,60.781],[21.174,60.789],[21.13,60.801]],[[21.27,60.819],[21.243,60.811],[21.264,60.803],[21.27,60.819]],[[21.032,60.834],[21.036,60.836],[21.024,60.846],[21.032,60.834]],[[21.174,60.995],[21.174,60.989],[21.19,60.989],[21.174,60.995]],[[21.337,61.0],[21.331,61.002],[21.332,60.997],[21.337,61.0]],[[17.214,61.044],[17.206,61.032],[17.249,61.026],[17.214,61.044]],[[21.363,61.139],[21.364,61.134],[21.371,61.138],[21.363,61.139]],[[17.332,61.169],[17.322,61.172],[17.303,61.158],[17.332,61.169]],[[21.465,61.347],[21.469,61.345],[21.507,61.34],[21.493,61.355],[21.465,61.347]],[[21.354,61.475],[21.36,61.483],[21.352,61.485],[21.354,61.475]],[[17.461,61.542],[17.439,61.555],[17.363,61.558],[17.371,61.537],[17.461,61.542]],[[17.271,61.577],[17.261,61.562],[17.283,61.552],[17.271,61.577]],[[21.44,61.635],[21.402,61.64],[21.425,61.617],[21.44,61.635]],[[17.544,61.722],[17.556,61.724],[17.525,61.729],[17.544,61.722]],[[17.491,61.955],[17.48,61.959],[17.476,61.952],[17.491,61.955]],[[17.493,61.962],[17.535,61.955],[17.531,61.958],[17.493,61.962]],[[17.697,62.186],[17.748,62.219],[17.706,62.229],[17.697,62.186]],[[21.09,62.532],[21.095,62.569],[21.056,62.565],[21.056,62.54],[21.09,62.532]],[[18.009,62.661],[18.09,62.641],[18.072,62.672],[18.021,62.669],[18.009,62.661]],[[21.084,62.737],[21.053,62.743],[21.055,62.711],[21.084,62.737]],[[18.208,62.756],[18.239,62.783],[18.216,62.78],[18.208,62.756]],[[17.963,62.787],[17.967,62.773],[17.997,62.754],[18.02,62.777],[17.963,62.787]],[[18.302,62.845],[18.303,62.832],[18.305,62.839],[18.302,62.845]],[[21.095,62.927],[21.085,62.923],[21.091,62.915],[21.095,62.927]],[[20.958,62.965],[20.949,62.965],[20.957,62.958],[20.958,62.965]],[[20.838,62.964],[20.851,62.973],[20.839,62.982],[20.838,62.964]],[[18.626,62.975],[18.66,63.016],[18.652,63.017],[18.626,62.975]],[[21.251,62.989],[21.229,63.011],[21.196,63.026],[21.198,62.997],[21.251,62.989]],[[18.568,63.051],[18.54,63.064],[18.508,63.054],[18.504,63.015],[18.568,63.051]],[[18.608,63.074],[18.618,63.054],[18.622,63.058],[18.608,63.074]],[[18.726,63.072],[18.735,63.062],[18.733,63.084],[18.726,63.072]],[[20.815,63.109],[20.81,63.123],[20.8,63.12],[20.815,63.109]],[[18.762,63.131],[18.761,63.123],[18.769,63.118],[18.762,63.131]],[[18.791,63.132],[18.814,63.142],[18.78,63.145],[18.791,63.132]],[[18.657,63.138],[18.685,63.133],[18.682,63.142],[18.657,63.138]],[[18.865,63.159],[18.831,63.151],[18.844,63.147],[18.865,63.159]],[[18.902,63.195],[18.879,63.189],[18.893,63.185],[18.902,63.195]],[[20.679,63.249],[20.66,63.239],[20.665,63.241],[20.679,63.249]],[[19.181,63.266],[19.183,63.268],[19.172,63.279],[19.181,63.266]],[[21.638,63.267],[21.67,63.255],[21.695,63.299],[21.638,63.309],[21.638,63.267]],[[21.689,63.328],[21.73,63.28],[21.77,63.288],[21.738,63.312],[21.689,63.328]],[[21.673,63.38],[21.688,63.393],[21.643,63.397],[21.673,63.38]],[[21.081,63.416],[21.093,63.428],[21.063,63.431],[21.081,63.416]],[[21.829,63.434],[21.831,63.448],[21.809,63.463],[21.796,63.437],[21.829,63.434]],[[19.511,63.441],[19.534,63.446],[19.5,63.46],[19.511,63.441]],[[19.901,63.476],[19.897,63.49],[19.885,63.486],[19.901,63.476]],[[19.87,63.546],[19.876,63.531],[19.887,63.549],[19.87,63.546]],[[22.423,63.578],[22.453,63.542],[22.448,63.559],[22.423,63.578]],[[20.766,63.603],[20.749,63.598],[20.782,63.6],[20.766,63.603]],[[22.361,63.604],[22.4,63.594],[22.388,63.617],[22.361,63.604]],[[20.275,63.648],[20.28,63.654],[20.271,63.661],[20.275,63.648]],[[20.569,63.731],[20.579,63.722],[20.573,63.746],[20.569,63.731]],[[22.603,63.753],[22.651,63.769],[22.627,63.779],[22.603,63.753]],[[22.555,63.782],[22.549,63.751],[22.57,63.763],[22.555,63.782]],[[20.584,63.781],[20.583,63.794],[20.57,63.784],[20.584,63.781]],[[20.707,63.805],[20.709,63.811],[20.699,63.809],[20.707,63.805]],[[21.003,63.811],[21.0,63.801],[21.017,63.805],[21.003,63.811]],[[22.591,63.811],[22.608,63.789],[22.636,63.807],[22.603,63.816],[22.591,63.811]],[[22.642,63.81],[22.658,63.814],[22.653,63.829],[22.642,63.81]],[[22.994,63.833],[22.995,63.836],[22.977,63.834],[22.994,63.833]],[[22.821,63.87],[22.839,63.862],[22.831,63.868],[22.821,63.87]],[[22.775,63.874],[22.755,63.874],[22.757,63.863],[22.775,63.874]],[[22.821,63.913],[22.8,63.921],[22.806,63.911],[22.821,63.913]],[[22.762,63.925],[22.748,63.918],[22.778,63.912],[22.762,63.925]],[[23.302,63.935],[23.31,63.946],[23.295,63.948],[23.302,63.935]],[[23.203,63.956],[23.189,63.95],[23.221,63.932],[23.203,63.956]],[[23.513,64.084],[23.53,64.076],[23.533,64.08],[23.513,64.084]],[[23.54,64.074],[23.55,64.071],[23.545,64.086],[23.54,64.074]],[[23.406,64.092],[23.403,64.088],[23.409,64.087],[23.406,64.092]],[[23.648,64.143],[23.652,64.144],[23.628,64.156],[23.648,64.143]],[[23.688,64.18],[23.676,64.187],[23.68,64.182],[23.688,64.18]],[[21.126,64.187],[21.129,64.187],[21.122,64.195],[21.126,64.187]],[[23.568,64.195],[23.559,64.194],[23.557,64.191],[23.568,64.195]],[[23.599,64.189],[23.598,64.184],[23.65,64.185],[23.599,64.189]],[[23.638,64.21],[23.644,64.205],[23.649,64.209],[23.638,64.21]],[[23.687,64.221],[23.683,64.224],[23.682,64.219],[23.687,64.221]],[[23.655,64.229],[23.648,64.237],[23.646,64.231],[23.655,64.229]],[[23.512,64.313],[23.509,64.309],[23.519,64.31],[23.512,64.313]],[[21.5,64.601],[21.502,64.594],[21.509,64.598],[21.5,64.601]],[[24.382,64.642],[24.378,64.639],[24.384,64.635],[24.382,64.642]],[[24.409,64.679],[24.398,64.679],[24.401,64.671],[24.409,64.679]],[[24.382,64.686],[24.376,64.682],[24.379,64.682],[24.382,64.686]],[[24.387,64.711],[24.39,64.707],[24.393,64.71],[24.387,64.711]],[[24.698,64.856],[24.706,64.866],[24.69,64.858],[24.698,64.856]],[[21.255,64.903],[21.258,64.887],[21.289,64.872],[21.288,64.897],[21.255,64.903]],[[24.77,64.919],[24.784,64.928],[24.768,64.935],[24.77,64.919]],[[25.316,64.995],[25.324,64.998],[25.305,65.001],[25.316,64.995]],[[21.607,65.098],[21.588,65.105],[21.569,65.088],[21.606,65.087],[21.607,65.098]],[[25.203,65.104],[25.195,65.096],[25.238,65.088],[25.203,65.104]],[[25.156,65.113],[25.141,65.099],[25.197,65.109],[25.156,65.113]],[[25.135,65.133],[25.138,65.138],[25.132,65.143],[25.135,65.133]],[[21.737,65.133],[21.709,65.145],[21.711,65.126],[21.737,65.133]],[[21.655,65.148],[21.653,65.141],[21.689,65.128],[21.668,65.152],[21.655,65.148]],[[21.918,65.186],[21.95,65.18],[21.951,65.186],[21.918,65.186]],[[21.902,65.184],[21.91,65.18],[21.875,65.202],[21.902,65.184]],[[21.81,65.233],[21.764,65.232],[21.844,65.192],[21.81,65.233]],[[24.917,65.243],[24.909,65.244],[24.916,65.239],[24.917,65.243]],[[25.203,65.267],[25.196,65.26],[25.227,65.267],[25.203,65.267]],[[21.942,65.279],[21.933,65.28],[21.938,65.275],[21.942,65.279]],[[21.793,65.283],[21.751,65.285],[21.861,65.242],[21.793,65.283]],[[22.358,65.321],[22.353,65.318],[22.371,65.31],[22.358,65.321]],[[21.765,65.32],[21.815,65.314],[21.777,65.333],[21.765,65.32]],[[25.25,65.335],[25.239,65.332],[25.287,65.33],[25.25,65.335]],[[21.88,65.344],[21.912,65.339],[21.911,65.344],[21.88,65.344]],[[22.451,65.351],[22.479,65.357],[22.458,65.362],[22.451,65.351]],[[22.472,65.386],[22.454,65.389],[22.455,65.38],[22.472,65.386]],[[24.828,65.376],[24.846,65.391],[24.817,65.389],[24.828,65.376]],[[21.825,65.348],[21.753,65.389],[21.659,65.387],[21.722,65.383],[21.825,65.348]],[[21.792,65.391],[21.805,65.381],[21.839,65.378],[21.796,65.394],[21.792,65.391]],[[22.397,65.382],[22.375,65.395],[22.424,65.359],[22.397,65.382]],[[21.972,65.388],[21.996,65.373],[22.026,65.372],[21.993,65.397],[21.972,65.388]],[[22.507,65.397],[22.528,65.399],[22.521,65.409],[22.507,65.397]],[[22.051,65.413],[22.035,65.405],[22.052,65.396],[22.051,65.413]],[[24.998,65.406],[25.021,65.417],[24.999,65.426],[24.998,65.406]],[[25.328,65.429],[25.32,65.426],[25.321,65.422],[25.328,65.429]],[[22.123,65.418],[22.131,65.429],[22.115,65.439],[22.123,65.418]],[[22.597,65.451],[22.63,65.454],[22.617,65.463],[22.597,65.451]],[[22.636,65.474],[22.652,65.464],[22.652,65.474],[22.636,65.474]],[[22.722,65.487],[22.708,65.474],[22.739,65.472],[22.722,65.487]],[[22.059,65.492],[22.084,65.482],[22.073,65.495],[22.059,65.492]],[[22.028,65.496],[22.029,65.506],[21.988,65.506],[22.028,65.496]],[[22.518,65.508],[22.502,65.491],[22.577,65.478],[22.518,65.508]],[[22.678,65.511],[22.669,65.508],[22.714,65.494],[22.678,65.511]],[[22.723,65.518],[22.725,65.526],[22.699,65.527],[22.723,65.518]],[[23.549,65.527],[23.557,65.52],[23.555,65.531],[23.549,65.527]],[[22.38,65.519],[22.329,65.539],[22.355,65.527],[22.38,65.519]],[[22.416,65.544],[22.411,65.537],[22.419,65.535],[22.416,65.544]],[[22.745,65.552],[22.778,65.543],[22.803,65.52],[22.813,65.539],[22.745,65.552]],[[24.821,65.552],[24.822,65.553],[24.813,65.557],[24.821,65.552]],[[22.641,65.542],[22.689,65.549],[22.681,65.558],[22.641,65.542]],[[22.771,65.556],[22.812,65.555],[22.799,65.566],[22.771,65.556]],[[23.721,65.572],[23.771,65.561],[23.757,65.605],[23.723,65.58],[23.721,65.572]],[[23.813,65.61],[23.811,65.605],[23.82,65.603],[23.813,65.61]],[[22.382,65.594],[22.383,65.607],[22.367,65.611],[22.382,65.594]],[[24.2,65.614],[24.194,65.613],[24.192,65.607],[24.2,65.614]],[[24.031,65.601],[24.038,65.617],[24.031,65.615],[24.031,65.601]],[[24.942,65.621],[24.937,65.614],[24.965,65.599],[24.942,65.621]],[[22.459,65.603],[22.429,65.623],[22.414,65.62],[22.454,65.603],[22.459,65.603]],[[24.689,65.623],[24.702,65.621],[24.695,65.627],[24.689,65.623]],[[22.816,65.629],[22.809,65.633],[22.807,65.628],[22.816,65.629]],[[24.89,65.624],[24.893,65.635],[24.875,65.628],[24.89,65.624]],[[22.488,65.636],[22.473,65.64],[22.483,65.624],[22.488,65.636]],[[24.866,65.635],[24.868,65.638],[24.848,65.641],[24.866,65.635]],[[22.635,65.632],[22.649,65.636],[22.631,65.647],[22.635,65.632]],[[22.961,65.651],[22.986,65.635],[22.99,65.64],[22.961,65.651]],[[23.781,65.655],[23.763,65.643],[23.81,65.634],[23.781,65.655]],[[24.034,65.658],[24.029,65.653],[24.034,65.649],[24.034,65.658]],[[23.556,65.656],[23.567,65.656],[23.561,65.659],[23.556,65.656]],[[22.407,65.655],[22.42,65.656],[22.4,65.664],[22.407,65.655]],[[23.977,65.664],[23.973,65.658],[23.982,65.655],[23.977,65.664]],[[23.822,65.655],[23.834,65.65],[23.828,65.668],[23.822,65.655]],[[22.77,65.669],[22.765,65.665],[22.798,65.654],[22.77,65.669]],[[24.13,65.663],[24.132,65.667],[24.11,65.676],[24.13,65.663]],[[22.991,65.674],[23.023,65.665],[23.017,65.676],[22.991,65.674]],[[24.153,65.676],[24.141,65.677],[24.149,65.667],[24.153,65.676]],[[22.452,65.679],[22.45,65.676],[22.473,65.667],[22.452,65.679]],[[23.045,65.675],[23.091,65.664],[23.089,65.673],[23.045,65.675]],[[22.7,65.682],[22.689,65.674],[22.718,65.667],[22.7,65.682]],[[22.875,65.679],[22.901,65.671],[22.898,65.679],[22.875,65.679]],[[24.494,65.685],[24.483,65.681],[24.488,65.678],[24.494,65.685]],[[22.598,65.659],[22.617,65.656],[22.641,65.662],[22.622,65.688],[22.598,65.659]],[[24.297,65.687],[24.28,65.697],[24.289,65.683],[24.297,65.687]],[[24.002,65.691],[24.001,65.695],[23.956,65.699],[23.977,65.683],[24.002,65.691]],[[24.595,65.691],[24.632,65.684],[24.603,65.704],[24.553,65.677],[24.518,65.673],[24.582,65.658],[24.595,65.691]],[[24.088,65.706],[24.111,65.697],[24.117,65.698],[24.098,65.712],[24.088,65.706]],[[24.126,65.711],[24.178,65.697],[24.158,65.715],[24.126,65.711]],[[22.428,65.701],[22.428,65.717],[22.399,65.714],[22.428,65.701]],[[24.512,65.704],[24.513,65.701],[24.535,65.712],[24.512,65.704]],[[22.546,65.726],[22.54,65.726],[22.548,65.717],[22.546,65.726]],[[23.181,65.721],[23.191,65.723],[23.189,65.728],[23.181,65.721]],[[22.574,65.728],[22.576,65.729],[22.569,65.733],[22.574,65.728]],[[23.176,65.734],[23.166,65.734],[23.171,65.729],[23.176,65.734]],[[23.539,65.741],[23.533,65.733],[23.556,65.718],[23.539,65.741]],[[23.488,65.741],[23.489,65.72],[23.517,65.722],[23.499,65.743],[23.488,65.741]],[[23.298,65.723],[23.261,65.747],[23.211,65.738],[23.259,65.708],[23.258,65.738],[23.298,65.723]],[[24.07,65.744],[24.066,65.752],[24.051,65.744],[24.07,65.744]],[[23.408,65.749],[23.428,65.743],[23.422,65.76],[23.408,65.749]],[[23.242,65.751],[23.241,65.755],[23.188,65.753],[23.242,65.751]],[[23.37,65.761],[23.371,65.757],[23.374,65.757],[23.37,65.761]],[[23.896,65.758],[23.889,65.763],[23.886,65.756],[23.896,65.758]],[[23.274,65.762],[23.24,65.76],[23.244,65.756],[23.274,65.762]],[[22.475,65.77],[22.48,65.764],[22.483,65.765],[22.475,65.77]],[[24.205,65.775],[24.195,65.771],[24.226,65.758],[24.205,65.775]],[[22.634,65.786],[22.605,65.772],[22.613,65.771],[22.634,65.786]],[[23.961,65.788],[23.953,65.782],[23.968,65.778],[23.961,65.788]],[[23.473,65.785],[23.481,65.787],[23.482,65.794],[23.473,65.785]],[[23.237,65.794],[23.213,65.797],[23.22,65.787],[23.237,65.794]],[[24.147,65.8],[24.157,65.786],[24.16,65.787],[24.147,65.8]],[[22.425,65.786],[22.387,65.795],[22.392,65.787],[22.425,65.786]],[[24.112,65.798],[24.1,65.789],[24.112,65.786],[24.112,65.798]],[[22.744,65.807],[22.723,65.81],[22.761,65.793],[22.744,65.807]],[[22.47,65.815],[22.464,65.813],[22.466,65.8],[22.47,65.815]],[[22.758,65.815],[22.779,65.796],[22.774,65.807],[22.758,65.815]]],[[[16.45,58.475],[16.625,58.446],[16.625,58.425],[16.45,58.475]]],[[[13.53,66.19],[13.577,66.219],[13.478,66.235],[13.601,66.286],[13.584,66.253],[13.542,66.253],[13.596,66.231],[13.596,66.177],[13.777,66.176],[13.835,66.159],[13.62,66.16],[13.54,66.12],[13.582,66.186],[13.53,66.19]]],[[[13.907,66.268],[13.964,66.305],[14.142,66.33],[13.95,66.24],[13.82,66.215],[13.81,66.24],[13.66,66.24],[13.607,66.188],[13.613,66.242],[13.907,66.268]]],[[[13.93,67.134],[13.948,67.102],[13.858,67.123],[13.93,67.134]]],[[[14.895,67.159],[14.963,67.17],[14.936,67.15],[14.9,67.15],[14.895,67.159]]],[[[14.002,67.145],[13.97,67.145],[13.97,67.177],[14.002,67.177],[14.002,67.145]]],[[[15.47,67.156],[15.43,67.1],[15.393,67.13],[15.41,67.18],[15.28,67.2],[15.384,67.235],[15.41,67.213],[15.377,67.201],[15.47,67.156]]],[[[15.007,67.253],[14.94,67.211],[14.95,67.25],[14.788,67.24],[14.835,67.255],[14.81,67.27],[14.99,67.27],[15.16,67.311],[15.138,67.27],[15.063,67.248],[15.342,67.242],[15.274,67.21],[15.04,67.24],[15.04,67.23],[14.996,67.209],[15.039,67.242],[15.007,67.253]]],[[[14.699,67.276],[14.694,67.253],[14.65,67.271],[14.699,67.276]]],[[[15.53,67.421],[15.615,67.36],[15.541,67.38],[15.53,67.421]]],[[[15.359,67.605],[15.43,67.61],[15.38,67.59],[15.255,67.62],[15.359,67.605]]],[[[16.43,68.16],[16.35,68.17],[16.35,68.14],[16.241,68.132],[16.346,68.082],[16.46,68.116],[16.43,68.08],[16.38,68.08],[16.334,68.002],[16.45,67.93],[16.24,68.03],[16.207,68.003],[16.275,67.975],[16.276,67.94],[16.268,67.89],[16.22,67.893],[16.22,67.98],[16.08,68.05],[16.14,68.19],[16.028,68.18],[16.08,68.19],[16.04,68.26],[15.96,68.26],[15.94,68.2],[15.86,68.2],[15.9,68.14],[15.791,68.092],[15.72,68.118],[15.72,68.17],[15.62,68.19],[15.61,68.14],[15.57,68.15],[15.503,68.11],[15.5,68.16],[15.46,68.16],[15.34,68.11],[15.29,68.03],[15.223,68.063],[15.244,68.025],[15.16,67.996],[15.185,67.967],[15.268,67.967],[15.26,68.02],[15.298,68.024],[15.385,67.987],[15.49,67.998],[15.49,67.98],[15.729,68.012],[15.92,67.97],[15.87,67.95],[15.866,67.91],[15.79,67.97],[15.68,67.97],[15.59,67.95],[15.58,67.92],[15.5,67.94],[15.3,67.91],[15.24,67.87],[15.2,67.9],[15.018,67.918],[15.254,67.917],[15.304,67.945],[15.137,67.96],[15.106,68.001],[15.05,67.968],[14.97,67.97],[14.95,67.922],[14.899,67.922],[14.888,67.966],[14.866,67.879],[14.877,67.89],[14.94,67.89],[14.85,67.845],[15.02,67.857],[15.02,67.85],[14.79,67.84],[14.754,67.804],[14.82,67.797],[14.829,67.762],[15.02,67.782],[14.994,67.769],[15.012,67.75],[14.793,67.729],[14.877,67.7],[14.727,67.659],[14.918,67.652],[15.182,67.715],[15.38,67.8],[15.416,67.85],[15.446,67.832],[15.411,67.796],[15.65,67.78],[15.631,67.762],[15.789,67.728],[15.795,67.7],[15.76,67.73],[15.52,67.77],[15.405,67.735],[15.58,67.7],[15.51,67.68],[15.3,67.74],[15.275,67.694],[15.321,67.682],[15.18,67.66],[15.179,67.618],[15.24,67.616],[15.239,67.529],[15.53,67.51],[15.648,67.545],[15.55,67.51],[15.529,67.467],[15.56,67.46],[15.519,67.43],[15.44,67.5],[15.31,67.51],[15.15,67.44],[15.156,67.481],[15.213,67.489],[15.2,67.53],[15.03,67.49],[15.055,67.516],[15.003,67.56],[15.159,67.536],[15.1,67.59],[14.823,67.577],[14.802,67.544],[14.83,67.54],[14.66,67.49],[14.66,67.46],[14.85,67.44],[14.63,67.44],[14.617,67.406],[14.576,67.399],[14.612,67.388],[14.59,67.372],[14.39,67.31],[14.38,67.27],[14.411,67.27],[14.328,67.242],[14.629,67.264],[14.683,67.24],[14.38,67.22],[14.41,67.18],[14.34,67.18],[14.32,67.114],[14.267,67.084],[14.31,67.07],[14.24,67.058],[14.26,67.013],[14.21,66.99],[14.16,66.99],[14.1,67.06],[14.04,67.07],[14.014,67.023],[14.04,66.99],[14.01,66.98],[13.92,67.02],[13.86,66.98],[13.79,66.99],[13.774,66.95],[13.58,66.94],[13.56,66.961],[13.635,66.95],[13.635,66.994],[13.678,67.015],[13.473,67.037],[13.473,67.069],[13.43,67.08],[13.43,67.134],[13.732,67.199],[13.819,67.188],[13.819,67.231],[13.754,67.231],[13.776,67.318],[13.732,67.328],[13.732,67.372],[13.916,67.415],[13.894,67.48],[14.002,67.48],[14.002,67.447],[13.954,67.425],[14.002,67.393],[14.164,67.436],[14.28,67.415],[14.239,67.374],[14.38,67.39],[14.348,67.372],[14.499,67.35],[14.499,67.372],[14.532,67.372],[14.575,67.404],[14.596,67.404],[14.596,67.426],[14.41,67.404],[14.391,67.458],[14.413,67.469],[14.337,67.48],[14.337,67.534],[14.251,67.555],[14.251,67.663],[14.553,67.706],[14.715,67.674],[14.715,67.706],[14.791,67.739],[14.78,67.771],[14.672,67.771],[14.672,67.804],[14.713,67.817],[14.672,67.814],[14.715,67.847],[14.758,67.836],[14.737,67.879],[14.154,67.868],[14.035,67.912],[13.851,67.89],[13.754,67.901],[13.754,67.922],[13.257,67.901],[13.149,67.944],[13.07,67.912],[13.07,67.939],[13.16,67.95],[13.17,67.987],[13.236,67.966],[13.29,68.01],[13.366,68.013],[13.398,68.063],[13.462,68.03],[13.56,68.041],[13.57,68.12],[13.625,68.108],[13.644,68.071],[13.719,68.078],[13.74,68.126],[13.826,68.107],[13.85,68.15],[13.815,68.16],[13.875,68.18],[14.024,68.18],[14.208,68.149],[14.208,68.128],[14.277,68.168],[14.38,68.149],[14.407,68.192],[14.67,68.24],[14.719,68.338],[14.753,68.32],[14.72,68.263],[14.78,68.266],[14.78,68.222],[14.722,68.2],[14.79,68.19],[14.827,68.209],[14.791,68.225],[14.791,68.257],[14.8,68.23],[14.872,68.223],[14.942,68.271],[14.942,68.236],[15.082,68.214],[15.32,68.236],[15.374,68.279],[15.127,68.3],[15.333,68.302],[15.311,68.346],[15.22,68.336],[15.383,68.42],[15.44,68.41],[15.323,68.351],[15.338,68.332],[15.528,68.338],[15.624,68.3],[15.72,68.34],[15.744,68.42],[15.816,68.393],[15.796,68.41],[15.84,68.41],[15.88,68.459],[15.894,68.367],[16.056,68.356],[16.056,68.324],[16.154,68.324],[16.12,68.274],[16.356,68.239],[16.19,68.24],[16.172,68.204],[16.46,68.224],[16.483,68.175],[16.413,68.187],[16.43,68.16]],[[14.996,67.998],[14.92,67.976],[14.97,67.97],[14.996,67.998]],[[15.835,68.136],[15.829,68.161],[15.755,68.137],[15.835,68.136]],[[14.056,67.264],[14.078,67.307],[13.905,67.296],[13.884,67.264],[14.056,67.264]],[[13.927,67.091],[13.927,67.048],[13.959,67.048],[13.959,67.091],[14.05,67.132],[13.993,67.078],[14.1,67.062],[14.174,67.0],[14.23,67.02],[14.22,67.1],[14.29,67.15],[14.29,67.19],[14.23,67.19],[14.17,67.12],[14.078,67.16],[14.11,67.199],[13.948,67.188],[13.948,67.166],[13.722,67.145],[13.7,67.112],[13.792,67.08],[13.755,67.044],[13.865,67.06],[13.848,67.11],[13.927,67.091]],[[16.275,68.098],[16.179,68.06],[16.314,68.041],[16.331,68.077],[16.275,68.098]],[[14.337,67.318],[14.24,67.296],[14.294,67.285],[14.337,67.318]],[[15.061,68.03],[15.061,67.998],[15.115,68.009],[15.115,68.03],[15.061,68.03]],[[15.732,68.324],[15.689,68.302],[15.743,68.302],[15.765,68.356],[15.732,68.356],[15.732,68.324]],[[15.014,67.64],[15.089,67.645],[15.106,67.667],[15.014,67.64]],[[14.702,68.171],[14.663,68.158],[14.699,68.163],[14.702,68.171]]],[[[14.95,67.43],[14.86,67.41],[14.85,67.44],[14.95,67.43]]],[[[16.35,67.868],[16.453,67.851],[16.39,67.84],[16.35,67.868]]],[[[16.43,68.01],[16.37,68.029],[16.49,68.01],[16.463,67.988],[16.48,67.97],[16.45,67.97],[16.43,68.01]]],[[[15.44,68.04],[15.545,68.075],[15.602,68.038],[15.74,68.035],[15.44,68.01],[15.44,68.04]]],[[[15.64,68.096],[15.724,68.089],[15.65,68.08],[15.64,68.096]]],[[[16.5,68.119],[16.618,68.08],[16.5,68.1],[16.5,68.119]]],[[[16.6,68.21],[16.61,68.221],[16.73,68.15],[16.6,68.21]]],[[[13.602,68.23],[13.53,68.23],[13.495,68.197],[13.495,68.236],[13.602,68.23]]],[[[17.35,68.24],[17.362,68.2],[17.313,68.223],[17.34,68.288],[17.39,68.26],[17.35,68.24]]],[[[14.022,68.262],[13.99,68.28],[14.06,68.279],[14.022,68.262]]],[[[17.24,68.326],[17.335,68.29],[17.26,68.3],[17.24,68.326]]],[[[14.867,68.3],[14.933,68.327],[14.91,68.301],[14.867,68.3]]],[[[14.188,68.346],[14.21,68.33],[14.08,68.34],[14.08,68.346],[14.188,68.346]]],[[[14.35,68.346],[14.396,68.367],[14.44,68.32],[14.35,68.346]]],[[[16.294,68.389],[16.4,68.389],[16.294,68.365],[16.294,68.389]]],[[[16.129,68.454],[16.13,68.43],[16.09,68.43],[16.078,68.389],[15.933,68.378],[16.032,68.455],[16.129,68.454]]],[[[15.51,68.43],[15.443,68.42],[15.49,68.442],[15.51,68.43]]],[[[16.871,68.35],[16.9,68.39],[16.79,68.42],[16.54,68.42],[16.739,68.452],[16.849,68.449],[16.988,68.51],[17.092,68.481],[17.002,68.448],[17.047,68.434],[17.547,68.53],[17.427,68.424],[17.34,68.43],[17.22,68.378],[17.08,68.39],[16.93,68.34],[16.871,68.35]]],[[[16.54,68.41],[16.478,68.41],[16.54,68.42],[16.54,68.41]]],[[[16.509,68.443],[16.41,68.424],[16.465,68.47],[16.509,68.443]]],[[[16.11,68.537],[16.121,68.486],[16.09,68.486],[16.11,68.537]]],[[[16.56,68.54],[16.564,68.562],[16.62,68.54],[16.56,68.54]]],[[[14.425,68.701],[14.404,68.713],[14.447,68.754],[14.542,68.74],[14.425,68.701]]],[[[15.559,68.875],[15.549,68.852],[15.638,68.825],[15.452,68.811],[15.46,68.756],[15.65,68.73],[15.29,68.759],[15.29,68.8],[15.37,68.8],[15.43,68.888],[15.441,68.864],[15.559,68.875]]],[[[15.58,69.0],[15.732,68.99],[15.58,68.945],[15.58,69.0]]],[[[17.52,69.03],[17.488,68.989],[17.534,68.961],[17.48,68.96],[17.426,68.899],[17.718,68.93],[17.76,68.89],[17.82,68.89],[17.835,68.87],[17.61,68.89],[17.468,68.831],[17.739,68.791],[17.783,68.778],[17.783,68.759],[17.42,68.82],[17.234,68.756],[17.403,68.744],[17.494,68.69],[17.58,68.684],[17.56,68.673],[17.44,68.68],[17.4,68.73],[17.12,68.72],[17.1,68.67],[17.04,68.72],[16.74,68.67],[16.726,68.691],[16.57,68.68],[16.6,68.73],[16.57,68.74],[16.556,68.825],[16.255,68.903],[16.24,68.86],[16.097,68.831],[16.095,68.802],[16.211,68.74],[16.05,68.74],[16.033,68.711],[16.084,68.64],[16.005,68.678],[15.83,68.63],[15.81,68.57],[15.779,68.587],[15.788,68.64],[15.9,68.65],[15.97,68.69],[16.01,68.79],[15.95,68.8],[15.81,68.74],[15.89,68.79],[15.95,68.91],[15.91,68.97],[15.7,68.972],[15.87,69.02],[15.931,69.09],[16.09,69.15],[16.14,69.25],[16.521,69.285],[16.542,69.307],[16.521,69.372],[16.413,69.372],[16.391,69.382],[16.413,69.447],[16.316,69.469],[16.316,69.501],[16.445,69.48],[16.499,69.501],[16.434,69.544],[16.434,69.577],[16.629,69.512],[16.856,69.501],[16.942,69.447],[17.093,69.447],[17.19,69.469],[17.19,69.499],[17.25,69.45],[17.47,69.43],[17.282,69.414],[17.31,69.4],[16.93,69.4],[16.879,69.359],[17.06,69.364],[17.042,69.345],[17.066,69.333],[16.906,69.298],[17.0,69.297],[16.981,69.277],[17.03,69.26],[17.101,69.28],[17.12,69.244],[16.93,69.24],[16.879,69.222],[16.919,69.215],[16.899,69.195],[17.154,69.19],[17.07,69.17],[17.063,69.14],[16.92,69.14],[16.895,69.11],[16.596,69.123],[16.532,69.156],[16.488,69.112],[16.488,69.058],[16.564,69.058],[16.564,69.037],[16.769,69.015],[16.845,69.037],[16.83,69.055],[17.12,69.08],[17.06,69.06],[17.042,69.017],[17.21,69.02],[17.21,69.05],[17.17,69.06],[17.19,69.084],[17.472,69.2],[17.53,69.201],[17.488,69.154],[17.61,69.15],[17.988,69.187],[18.009,69.201],[17.925,69.23],[17.979,69.231],[17.99,69.274],[17.935,69.278],[17.909,69.317],[18.044,69.35],[18.07,69.323],[17.99,69.31],[18.0,69.246],[17.989,69.235],[18.09,69.23],[18.06,69.18],[18.14,69.154],[17.659,69.117],[17.632,69.106],[17.67,69.086],[17.52,69.03]],[[17.572,69.09],[17.39,69.08],[17.35,68.99],[17.42,68.99],[17.572,69.09]],[[16.47,69.02],[16.47,68.99],[16.54,68.99],[16.54,69.03],[16.47,69.02]],[[16.62,68.88],[16.62,68.96],[16.27,68.99],[16.28,68.95],[16.43,68.89],[16.62,68.88]],[[16.769,68.958],[16.71,68.974],[16.66,68.93],[16.769,68.958]],[[17.224,68.793],[17.45,68.85],[17.45,68.89],[17.32,68.93],[17.084,68.914],[17.224,68.793]],[[16.69,68.9],[16.69,68.87],[16.72,68.87],[16.72,68.9],[16.69,68.9]],[[15.98,68.86],[15.98,68.83],[16.01,68.83],[16.01,68.86],[15.98,68.86]],[[17.14,68.75],[17.18,68.76],[17.18,68.79],[17.001,68.859],[16.817,68.736],[17.14,68.75]],[[16.866,69.404],[16.834,69.404],[16.812,69.361],[16.866,69.361],[16.866,69.404]],[[16.877,69.404],[16.953,69.404],[16.877,69.415],[16.877,69.404]]],[[[16.78,69.102],[16.79,69.06],[16.769,69.069],[16.769,69.102],[16.78,69.102]]],[[[19.77,70.85],[20.994,71.3],[20.994,70.506],[14.274,70.506],[14.253,70.452],[14.188,70.452],[14.145,70.408],[14.004,70.408],[13.983,70.398],[13.983,69.62],[14.08,69.674],[14.08,69.706],[14.123,69.706],[14.156,69.771],[14.696,69.933],[14.814,70.02],[14.922,70.041],[14.944,70.095],[15.084,70.095],[15.084,70.117],[15.225,70.138],[15.268,70.182],[15.408,70.203],[15.462,70.182],[15.711,70.203],[15.851,70.192],[15.851,70.128],[15.894,70.117],[15.851,70.052],[16.143,70.03],[16.143,69.987],[16.035,69.976],[16.035,69.955],[16.143,69.944],[16.154,69.912],[16.326,69.858],[16.305,69.782],[16.154,69.739],[16.143,69.652],[16.1,69.631],[16.143,69.609],[16.143,69.555],[16.262,69.544],[16.283,69.501],[16.1,69.501],[16.078,69.458],[15.894,69.436],[15.83,69.393],[15.83,69.35],[15.732,69.328],[15.614,69.35],[15.614,69.404],[15.635,69.404],[15.614,69.426],[15.398,69.415],[15.354,69.35],[15.052,69.285],[15.095,69.274],[15.095,69.242],[14.987,69.231],[14.89,69.156],[14.987,69.102],[15.128,69.102],[15.128,69.145],[15.192,69.156],[15.344,69.08],[15.531,69.069],[15.426,68.95],[15.408,69.004],[15.279,68.983],[15.354,68.907],[15.354,68.866],[15.312,68.85],[15.282,68.866],[15.3,68.92],[15.23,68.92],[15.18,68.95],[15.19,69.015],[15.225,69.015],[15.182,69.069],[15.03,69.069],[14.966,68.994],[15.09,69.015],[15.008,68.981],[15.01,68.94],[15.152,68.83],[15.05,68.853],[15.01,68.82],[14.99,68.86],[14.93,68.86],[14.904,68.845],[14.95,68.814],[14.894,68.756],[14.884,68.79],[14.844,68.796],[14.7,68.76],[14.7,68.83],[14.649,68.833],[14.614,68.821],[14.64,68.789],[14.596,68.762],[14.58,68.81],[14.534,68.81],[14.555,68.832],[14.35,68.81],[14.318,68.745],[14.242,68.745],[14.264,68.81],[14.188,68.788],[14.231,68.778],[14.188,68.702],[14.253,68.702],[14.231,68.659],[14.253,68.583],[14.328,68.583],[14.307,68.648],[14.404,68.605],[14.421,68.673],[14.417,68.62],[14.55,68.6],[14.64,68.62],[14.688,68.697],[14.72,68.66],[14.78,68.66],[14.92,68.68],[14.942,68.71],[15.01,68.7],[15.06,68.72],[15.049,68.768],[15.14,68.757],[15.15,68.71],[15.08,68.71],[15.044,68.67],[14.81,68.65],[14.806,68.616],[14.863,68.605],[14.804,68.594],[15.02,68.562],[15.39,68.67],[15.55,68.635],[15.42,68.63],[15.3,68.57],[15.21,68.58],[15.179,68.523],[15.275,68.51],[15.225,68.497],[15.138,68.529],[15.171,68.454],[14.89,68.45],[14.881,68.39],[14.85,68.39],[14.84,68.43],[14.72,68.44],[14.7,68.41],[14.62,68.44],[14.56,68.43],[14.562,68.39],[14.426,68.378],[14.35,68.486],[14.231,68.486],[14.048,68.378],[13.983,68.378],[13.983,68.34],[13.88,68.34],[13.827,68.29],[13.462,68.3],[13.365,68.246],[13.257,68.246],[13.257,68.279],[13.192,68.3],[11.508,68.3],[11.508,66.9],[9.88,67.27],[11.19,68.13],[12.19,68.71],[11.99,68.78],[11.16,68.95],[11.17,68.97],[13.21,70.11],[15.39,71.17],[16.54,71.67],[18.25,71.26],[19.77,70.85]],[[14.955,68.464],[14.95,68.51],[15.0,68.53],[15.0,68.56],[14.669,68.587],[14.604,68.559],[14.62,68.529],[14.555,68.54],[14.555,68.497],[14.62,68.497],[14.598,68.443],[14.922,68.454],[14.955,68.464]],[[15.25,68.96],[15.25,68.93],[15.28,68.93],[15.28,68.96],[15.25,68.96]],[[14.88,68.87],[14.99,68.889],[15.0,68.92],[14.97,68.93],[14.84,68.91],[14.84,68.88],[14.88,68.87]],[[14.739,69.004],[14.739,69.048],[14.631,69.091],[14.35,69.048],[14.372,68.994],[14.48,68.961],[14.771,68.95],[14.793,68.983],[14.739,69.004]],[[14.555,69.21],[14.523,69.177],[14.588,69.188],[14.588,69.199],[14.555,69.21]],[[15.279,70.074],[15.452,70.084],[15.365,70.117],[15.257,70.106],[15.279,70.074]]],[[[19.919,69.272],[19.97,69.307],[19.96,69.28],[19.919,69.272]]],[[[15.981,69.307],[16.096,69.314],[15.944,69.27],[15.905,69.27],[15.981,69.307]]],[[[19.014,69.397],[18.994,69.448],[19.08,69.38],[19.34,69.37],[19.42,69.32],[19.42,69.25],[19.49,69.224],[19.263,69.235],[19.267,69.267],[19.379,69.322],[19.122,69.359],[19.014,69.397]]],[[[18.52,69.26],[18.506,69.26],[18.503,69.37],[18.365,69.392],[18.37,69.447],[18.443,69.436],[18.4,69.458],[18.4,69.49],[18.46,69.51],[18.455,69.454],[18.6,69.4],[18.61,69.37],[18.86,69.34],[18.69,69.32],[18.671,69.28],[18.602,69.3],[18.565,69.365],[18.53,69.35],[18.536,69.29],[18.52,69.26]]],[[[18.054,69.55],[18.13,69.55],[18.141,69.534],[18.108,69.523],[18.206,69.48],[18.15,69.46],[18.16,69.391],[18.11,69.372],[18.098,69.404],[18.141,69.415],[18.087,69.415],[18.081,69.393],[18.071,69.438],[17.95,69.425],[18.045,69.49],[18.098,69.48],[18.054,69.55]]],[[[17.316,69.534],[17.392,69.482],[17.303,69.482],[17.316,69.462],[17.198,69.502],[17.316,69.534]]],[[[17.86,69.5],[17.91,69.51],[17.91,69.555],[18.01,69.51],[17.944,69.523],[17.858,69.452],[17.83,69.45],[17.86,69.5]]],[[[19.739,69.598],[19.75,69.601],[19.74,69.576],[19.708,69.531],[19.708,69.48],[19.66,69.47],[19.651,69.434],[19.569,69.43],[19.65,69.46],[19.63,69.521],[19.653,69.55],[19.739,69.577],[19.739,69.598]]],[[[17.48,69.52],[17.374,69.534],[17.46,69.571],[17.645,69.462],[17.48,69.52]]],[[[18.993,69.54],[19.148,69.565],[19.2,69.567],[19.08,69.55],[18.987,69.49],[18.993,69.54]]],[[[17.683,69.51],[17.63,69.513],[17.6,69.56],[17.51,69.598],[17.658,69.598],[17.683,69.51]]],[[[17.73,69.577],[17.802,69.577],[17.73,69.56],[17.73,69.577]]],[[[19.861,69.61],[19.951,69.61],[19.99,69.59],[19.861,69.61]]],[[[18.164,69.655],[18.16,69.69],[18.098,69.679],[18.141,69.706],[18.195,69.703],[18.22,69.66],[18.336,69.619],[18.076,69.623],[18.164,69.655]]],[[[18.794,69.676],[18.821,69.68],[18.821,69.652],[18.778,69.652],[18.794,69.676]]],[[[20.81,69.51],[20.807,69.503],[20.647,69.521],[20.53,69.58],[20.4,69.59],[20.25,69.386],[20.04,69.35],[20.03,69.32],[19.978,69.311],[20.0,69.348],[20.169,69.394],[20.216,69.469],[20.278,69.485],[20.27,69.517],[20.304,69.544],[20.274,69.561],[20.383,69.599],[20.383,69.635],[20.319,69.682],[20.425,69.877],[20.33,69.97],[20.268,69.98],[20.333,69.976],[20.333,70.009],[20.236,69.987],[20.25,69.96],[20.19,69.91],[20.13,69.94],[19.99,69.77],[20.006,69.843],[19.85,69.78],[19.82,69.72],[19.79,69.72],[19.81,69.63],[19.85,69.611],[19.782,69.613],[19.782,69.652],[19.72,69.62],[19.674,69.682],[19.784,69.804],[19.67,69.82],[19.45,69.78],[19.319,69.782],[19.426,69.793],[19.448,69.825],[19.426,69.836],[19.426,69.864],[19.45,69.877],[19.434,69.841],[19.74,69.86],[19.85,69.987],[19.988,69.955],[19.998,70.009],[20.063,70.009],[20.063,70.041],[20.0,70.065],[20.154,70.113],[20.106,70.128],[20.301,70.117],[20.41,70.05],[20.58,70.08],[20.57,70.04],[20.603,70.03],[20.549,70.02],[20.625,70.009],[20.646,69.922],[20.733,69.922],[20.765,69.912],[20.744,69.933],[20.679,69.933],[20.68,69.97],[20.636,69.998],[20.636,70.03],[20.668,70.03],[20.76,69.98],[20.776,69.922],[20.88,69.912],[20.77,69.88],[20.79,69.83],[20.75,69.8],[20.482,69.763],[20.52,69.7],[20.47,69.65],[20.47,69.62],[20.58,69.59],[20.62,69.54],[20.716,69.53],[20.81,69.51]],[[20.697,69.878],[20.72,69.92],[20.57,69.91],[20.523,69.841],[20.54,69.79],[20.69,69.81],[20.721,69.837],[20.697,69.878]]],[[[18.26,69.712],[18.281,69.717],[18.281,69.771],[18.33,69.71],[18.59,69.71],[18.61,69.693],[18.26,69.712]]],[[[18.25,69.739],[18.216,69.771],[18.27,69.771],[18.27,69.739],[18.25,69.739]]],[[[19.188,69.771],[19.234,69.771],[19.21,69.76],[19.124,69.744],[19.188,69.771]]],[[[18.378,69.836],[18.605,69.814],[18.65,69.868],[18.67,69.82],[18.78,69.79],[18.71,69.77],[18.7,69.691],[18.641,69.756],[18.653,69.804],[18.56,69.8],[18.483,69.751],[18.482,69.777],[18.378,69.797],[18.378,69.836]]],[[[18.605,69.944],[18.681,69.944],[18.681,69.912],[18.605,69.89],[18.605,69.944]]],[[[18.71,69.944],[18.72,69.92],[18.692,69.912],[18.692,69.944],[18.71,69.944]]],[[[18.86,69.95],[18.778,69.96],[18.81,69.98],[18.86,69.95]]],[[[22.06,70.024],[22.03,70.02],[22.03,69.982],[21.9,69.99],[21.88,69.94],[21.88,69.89],[22.018,69.845],[21.916,69.839],[22.06,69.77],[21.957,69.778],[21.81,69.87],[21.609,69.912],[21.579,69.928],[21.606,69.955],[21.558,69.989],[21.393,70.029],[21.22,70.01],[21.2,69.93],[21.31,69.907],[21.07,69.88],[21.06,69.84],[20.996,69.825],[21.015,69.789],[20.941,69.819],[20.955,69.846],[20.894,69.853],[21.093,69.942],[21.003,69.931],[21.003,69.976],[20.977,69.97],[21.099,70.01],[20.959,70.003],[20.935,70.009],[20.871,70.041],[20.949,70.041],[20.949,70.074],[20.884,70.074],[20.915,70.108],[20.85,70.15],[20.81,70.15],[20.789,70.094],[20.772,70.12],[20.824,70.195],[20.794,70.225],[21.102,70.259],[21.145,70.205],[21.177,70.238],[21.28,70.16],[21.48,70.17],[21.437,70.15],[21.44,70.1],[21.6,70.098],[21.71,70.05],[22.055,70.111],[21.96,70.06],[21.798,70.037],[21.84,70.01],[22.06,70.024]],[[21.047,70.039],[21.041,70.061],[20.974,70.04],[20.94,70.04],[20.94,70.01],[21.047,70.039]],[[21.71,69.99],[21.728,70.015],[21.605,70.044],[21.545,70.019],[21.71,69.99]],[[21.736,69.948],[21.668,69.948],[21.696,69.928],[21.736,69.948]],[[21.315,70.1],[21.357,70.1],[21.328,70.122],[21.287,70.11],[21.315,70.1]]],[[[18.605,69.976],[18.648,70.063],[18.692,69.987],[18.605,69.976]]],[[[19.294,70.048],[19.39,70.02],[19.39,69.993],[19.292,70.031],[19.294,70.048]]],[[[19.065,70.074],[19.09,70.03],[18.994,70.052],[19.065,70.074]]],[[[18.918,70.106],[18.97,70.117],[19.0,70.09],[19.005,70.117],[19.005,70.084],[18.918,70.106]]],[[[18.802,70.128],[18.812,70.1],[18.77,70.106],[18.802,70.128]]],[[[20.074,70.16],[20.096,70.124],[19.973,70.15],[20.074,70.16]]],[[[20.182,70.149],[20.15,70.149],[20.15,70.182],[20.182,70.182],[20.182,70.149]]],[[[19.61,70.171],[19.61,70.19],[19.66,70.17],[19.67,70.149],[19.61,70.171]]],[[[19.275,70.149],[19.23,70.138],[19.244,70.203],[19.275,70.203],[19.275,70.149]]],[[[19.785,70.214],[19.862,70.203],[19.811,70.176],[19.785,70.214]]],[[[19.11,70.225],[19.08,70.17],[19.04,70.168],[18.994,70.192],[19.11,70.225]]],[[[20.452,70.203],[20.53,70.22],[20.52,70.202],[20.452,70.192],[20.452,70.203]]],[[[19.739,70.268],[19.772,70.268],[19.782,70.215],[19.739,70.268]]],[[[21.404,70.27],[21.49,70.292],[21.48,70.215],[21.439,70.269],[21.404,70.27]]],[[[21.586,70.312],[21.555,70.324],[21.631,70.313],[21.631,70.263],[21.586,70.312]]],[[[21.663,70.356],[21.685,70.363],[21.663,70.27],[21.663,70.356]]],[[[21.458,70.389],[21.458,70.344],[21.43,70.389],[21.458,70.389]]],[[[32.835,31.1],[32.9,31.139],[32.899,31.101],[32.835,31.1]]],[[[33.022,31.194],[33.0,31.15],[32.938,31.15],[33.022,31.194]]],[[[31.95,31.484],[31.982,31.45],[31.95,31.45],[31.95,31.484]]],[[[16.586,38.798],[16.787,38.9],[17.15,38.9],[17.172,39.005],[17.206,39.029],[17.152,39.046],[17.15,39.1],[17.124,39.1],[17.146,39.211],[17.115,39.283],[17.159,39.406],[16.88,39.54],[16.85,39.6],[16.591,39.637],[16.516,39.69],[16.529,39.722],[16.5,39.752],[16.508,39.838],[16.562,39.9],[16.6,39.9],[16.632,39.966],[16.605,40.084],[16.682,40.15],[16.75,40.15],[16.761,40.27],[16.9,40.4],[16.912,40.445],[17.0,40.45],[17.0,40.5],[17.15,40.5],[17.15,40.4],[17.296,40.379],[17.45,40.327],[17.45,40.3],[17.85,40.289],[17.85,40.25],[17.918,40.216],[18.0,40.116],[18.0,40.073],[17.967,40.057],[18.0,40.046],[18.0,39.95],[18.038,39.95],[18.05,39.9],[18.347,39.798],[18.389,39.817],[18.405,39.95],[18.45,39.95],[18.45,40.032],[18.5,40.05],[18.516,40.139],[18.5,40.25],[18.413,40.293],[18.4,40.35],[18.344,40.352],[18.2,40.5],[18.131,40.5],[18.1,40.55],[18.05,40.55],[18.007,40.651],[17.833,40.7],[17.722,40.756],[17.7,40.8],[17.5,40.823],[17.5,40.85],[17.348,40.912],[17.2,41.05],[17.1,41.064],[17.1,41.1],[16.983,41.1],[16.7,41.2],[16.594,41.207],[16.55,41.25],[16.45,41.267],[16.45,41.3],[16.369,41.3],[15.927,41.486],[15.9,41.528],[15.925,41.64],[16.05,41.65],[16.05,41.694],[16.163,41.761],[16.174,41.69],[16.288,41.69],[16.288,41.747],[16.345,41.747],[16.345,41.974],[16.288,41.974],[16.288,42.031],[16.118,42.031],[16.136,41.921],[16.1,41.95],[15.446,41.907],[15.123,41.934],[14.9,42.05],[14.8,42.066],[14.8,42.1],[14.72,42.14],[14.7,42.2],[14.56,42.226],[14.45,42.35],[14.25,42.451],[14.25,42.5],[14.2,42.5],[14.2,42.55],[14.1,42.577],[14.0,42.7],[14.0,42.8],[13.95,42.8],[13.95,42.9],[13.906,42.9],[13.9,43.0],[13.902,42.997],[14.13,43.054],[14.13,43.167],[14.243,43.167],[14.243,43.224],[14.47,43.224],[14.47,43.281],[14.584,43.281],[14.584,43.338],[14.641,43.338],[14.641,43.394],[14.811,43.394],[14.868,43.508],[15.209,43.508],[15.209,43.565],[15.322,43.565],[15.322,43.622],[15.379,43.622],[15.379,43.735],[15.322,43.735],[15.322,43.792],[15.209,43.792],[15.209,43.882],[15.25,43.8],[15.305,43.809],[15.396,43.772],[15.338,43.815],[15.55,43.85],[15.6,43.75],[15.65,43.75],[15.65,43.673],[15.604,43.675],[15.672,43.637],[15.74,43.628],[15.677,43.65],[15.9,43.65],[15.95,43.5],[16.061,43.49],[16.061,43.451],[16.118,43.451],[16.118,43.394],[16.213,43.394],[16.376,43.333],[16.391,43.346],[16.301,43.394],[16.345,43.394],[16.345,43.482],[16.375,43.49],[16.345,43.5],[16.533,43.5],[16.55,43.45],[16.694,43.438],[16.75,43.4],[16.89,43.4],[17.15,43.195],[17.15,43.15],[17.316,43.127],[17.4,43.055],[17.4,42.973],[17.2,43.027],[17.2,43.05],[17.002,43.052],[17.05,42.978],[16.824,42.962],[16.653,42.992],[16.632,42.983],[16.707,42.962],[16.638,42.935],[16.851,42.901],[17.015,42.929],[17.05,42.9],[17.2,42.9],[17.202,42.984],[17.44,42.9],[17.44,42.873],[17.5,42.85],[17.73,42.8],[17.8,42.7],[17.9,42.7],[17.9,42.65],[18.125,42.645],[18.15,42.6],[18.223,42.6],[18.3,42.5],[18.474,42.441],[18.5,42.4],[18.577,42.4],[18.617,42.368],[18.678,42.386],[18.73,42.312],[18.8,42.284],[18.8,42.25],[18.899,42.25],[18.95,42.15],[19.049,42.14],[19.05,42.1],[19.139,42.042],[19.15,41.9],[19.55,41.829],[19.55,41.582],[19.441,41.585],[19.517,41.513],[19.429,41.401],[19.393,41.414],[19.419,41.323],[19.496,41.3],[19.517,41.256],[19.442,41.144],[19.45,40.95],[19.4,40.95],[19.4,40.818],[19.35,40.8],[19.35,40.693],[19.304,40.653],[19.35,40.55],[19.4,40.55],[19.414,40.523],[19.386,40.543],[19.391,40.522],[19.48,40.45],[19.475,40.35],[19.424,40.33],[19.348,40.431],[19.29,40.42],[19.45,40.236],[19.45,40.2],[19.733,40.11],[19.888,40.006],[19.932,39.935],[19.906,39.906],[20.0,39.871],[20.0,39.65],[20.15,39.637],[20.134,39.53],[20.15,39.5],[20.25,39.5],[20.216,39.489],[20.263,39.446],[20.216,39.44],[20.282,39.371],[20.3,39.3],[20.475,39.256],[20.6,39.1],[20.706,39.049],[20.735,38.8],[20.686,38.85],[20.6,38.8],[20.588,38.75],[20.55,38.75],[20.545,38.57],[20.57,38.6],[20.7,38.6],[20.721,38.65],[20.8,38.595],[20.76,38.627],[20.805,38.662],[20.75,38.664],[20.75,38.75],[20.892,38.75],[20.9,38.65],[20.932,38.65],[20.871,38.583],[20.95,38.65],[20.994,38.65],[21.025,38.608],[21.019,38.535],[21.05,38.513],[21.05,38.4],[21.1,38.4],[21.1,38.3],[21.25,38.3],[21.268,38.35],[21.476,38.35],[21.49,38.309],[21.428,38.331],[21.518,38.296],[21.598,38.35],[21.75,38.334],[21.701,38.205],[21.622,38.155],[21.374,38.221],[21.35,38.1],[21.3,38.1],[21.3,38.002],[21.164,37.93],[21.134,37.946],[21.106,37.878],[21.122,37.837],[21.277,37.79],[21.312,37.638],[21.41,37.65],[21.45,37.6],[21.55,37.561],[21.55,37.5],[21.6,37.5],[21.675,37.396],[21.696,37.316],[21.55,37.2],[21.537,37.057],[21.65,36.999],[21.708,36.8],[21.696,36.74],[21.713,36.8],[21.8,36.8],[21.8,36.75],[21.874,36.727],[21.95,36.75],[21.97,36.795],[21.95,37.0],[22.15,37.0],[22.138,36.917],[22.222,36.898],[22.3,36.806],[22.3,36.7],[22.35,36.7],[22.35,36.45],[22.471,36.45],[22.491,36.391],[22.5,36.622],[22.513,36.603],[22.51,36.65],[22.553,36.651],[22.577,36.783],[22.774,36.8],[22.8,36.777],[22.8,36.65],[22.886,36.65],[22.875,36.631],[22.972,36.52],[23.051,36.522],[23.095,36.443],[23.196,36.433],[23.204,36.456],[23.135,36.508],[23.155,36.541],[23.081,36.579],[23.036,36.649],[23.05,36.745],[23.089,36.733],[23.114,36.781],[23.081,36.789],[23.093,36.818],[23.012,36.939],[23.0,37.1],[22.9,37.15],[22.85,37.35],[22.809,37.35],[22.75,37.443],[22.75,37.55],[22.8,37.55],[22.8,37.5],[22.988,37.5],[23.0,37.45],[23.05,37.45],[23.05,37.35],[23.114,37.35],[23.169,37.3],[23.204,37.303],[23.186,37.341],[23.278,37.35],[23.251,37.357],[23.263,37.4],[23.5,37.4],[23.526,37.439],[23.5,37.512],[23.526,37.528],[23.482,37.556],[23.374,37.556],[23.399,37.638],[23.312,37.617],[23.36,37.55],[23.2,37.601],[23.2,37.8],[23.15,37.85],[23.0,37.862],[23.011,37.9],[23.15,37.9],[23.175,37.95],[23.4,37.95],[23.4,37.9],[23.452,37.885],[23.722,37.9],[23.779,37.802],[23.9,37.78],[23.9,37.7],[24.033,37.652],[24.072,37.69],[24.087,37.785],[24.053,37.823],[24.043,37.916],[24.012,37.925],[24.033,38.008],[24.0,38.127],[24.197,38.15],[24.204,38.09],[24.25,38.097],[24.229,37.983],[24.336,38.0],[24.35,37.95],[24.55,37.95],[24.581,38.026],[24.581,37.942],[24.467,37.942],[24.467,37.885],[24.694,37.828],[24.694,37.925],[24.716,37.879],[24.739,37.892],[24.964,37.686],[24.994,37.754],[24.958,37.774],[24.985,37.816],[24.943,37.843],[24.954,37.906],[24.841,37.919],[24.794,37.994],[24.73,37.985],[24.694,38.055],[24.59,38.055],[24.588,38.159],[24.344,38.159],[24.252,38.228],[24.25,38.35],[24.213,38.35],[24.2,38.388],[24.2,38.495],[24.231,38.522],[24.2,38.6],[24.15,38.6],[24.156,38.653],[23.858,38.683],[23.77,38.71],[23.723,38.762],[23.6,38.77],[23.6,38.8],[23.481,38.838],[23.4,39.0],[23.299,39.042],[23.019,39.0],[23.073,39.042],[23.0,39.026],[23.0,39.1],[22.95,39.15],[22.882,39.191],[22.854,39.159],[22.826,39.272],[23.014,39.336],[23.151,39.285],[23.217,39.18],[23.101,39.105],[23.114,39.159],[23.081,39.147],[23.052,39.098],[23.204,39.105],[23.23,39.118],[23.21,39.132],[23.344,39.18],[23.271,39.323],[23.1,39.5],[23.0,39.55],[23.0,39.6],[22.925,39.6],[22.85,39.8],[22.75,39.869],[22.75,39.95],[22.595,40.027],[22.55,40.147],[22.6,40.2],[22.6,40.264],[22.661,40.369],[22.6,40.45],[22.65,40.45],[22.667,40.5],[22.8,40.5],[22.85,40.4],[22.964,40.379],[23.05,40.3],[23.15,40.277],[23.15,40.25],[23.299,40.235],[23.35,39.95],[23.748,39.93],[23.5,40.042],[23.5,40.1],[23.439,40.1],[23.364,40.15],[23.338,40.208],[23.356,40.25],[23.528,40.25],[23.55,40.2],[23.693,40.2],[23.793,40.094],[23.8,40.0],[23.991,39.954],[23.97,39.968],[24.019,40.016],[23.987,40.042],[23.991,40.119],[23.779,40.203],[23.7,40.284],[23.717,40.345],[23.923,40.369],[24.019,40.31],[24.169,40.275],[24.3,40.128],[24.394,40.152],[24.233,40.317],[24.086,40.366],[24.011,40.449],[24.002,40.386],[23.868,40.414],[23.823,40.507],[23.915,40.539],[23.8,40.586],[23.75,40.649],[23.75,40.761],[23.842,40.783],[24.073,40.721],[24.2,40.75],[24.271,40.8],[24.35,40.8],[24.35,40.9],[24.4,40.9],[24.416,40.946],[24.55,40.95],[24.55,40.9],[24.597,40.9],[24.629,40.859],[24.663,40.88],[24.802,40.853],[24.858,40.9],[24.95,40.9],[25.039,41.0],[25.15,41.0],[25.134,40.963],[25.25,40.933],[25.25,40.9],[25.952,40.846],[26.0,40.817],[26.0,40.7],[26.05,40.7],[26.1,40.6],[26.445,40.619],[26.506,40.599],[26.591,40.635],[26.8,40.649],[26.788,40.563],[26.7,40.55],[26.67,40.511],[26.55,40.5],[26.21,40.322],[26.25,40.277],[26.25,40.184],[26.16,40.067],[26.2,40.057],[26.2,40.008],[26.15,39.95],[26.15,39.631],[26.1,39.6],[26.07,39.496],[26.1,39.45],[26.25,39.45],[26.263,39.481],[26.457,39.521],[26.938,39.575],[26.93,39.488],[26.8,39.45],[26.8,39.4],[26.55,39.4],[26.55,39.25],[26.725,39.25],[26.75,39.15],[26.85,39.123],[26.85,39.057],[26.8,39.05],[26.794,39.022],[26.85,38.75],[26.75,38.75],[26.719,38.721],[26.75,38.666],[26.719,38.653],[26.75,38.639],[26.75,38.55],[26.836,38.55],[26.89,38.515],[26.815,38.543],[26.9,38.492],[26.9,38.376],[26.767,38.364],[26.725,38.433],[26.65,38.4],[26.65,38.55],[26.595,38.55],[26.506,38.653],[26.414,38.679],[26.349,38.635],[26.4,38.45],[26.3,38.45],[26.3,38.322],[26.233,38.28],[26.3,38.254],[26.3,38.2],[26.456,38.2],[26.595,38.104],[26.609,38.145],[26.65,38.15],[26.65,38.2],[26.75,38.2],[26.75,38.15],[26.825,38.145],[26.873,38.035],[26.975,38.065],[27.025,38.05],[27.05,38.0],[27.239,37.988],[27.25,37.745],[27.213,37.713],[27.05,37.689],[27.05,37.8],[26.806,37.815],[26.658,37.793],[26.58,37.741],[26.598,37.677],[26.708,37.714],[26.75,37.697],[26.75,37.65],[27.15,37.624],[27.15,37.55],[27.188,37.534],[27.178,37.467],[27.2,37.478],[27.191,37.357],[27.391,37.35],[27.4,37.3],[27.5,37.25],[27.5,37.107],[27.475,37.093],[27.383,37.152],[27.253,37.124],[27.294,37.11],[27.229,37.062],[27.263,36.963],[27.308,36.959],[27.329,37.014],[27.376,37.028],[27.383,36.994],[27.397,37.028],[27.438,37.028],[27.562,36.973],[27.59,36.998],[28.0,37.0],[28.0,36.797],[27.897,36.812],[27.721,36.782],[27.645,36.806],[27.612,36.765],[27.45,36.754],[27.414,36.709],[27.356,36.712],[27.37,36.679],[27.473,36.651],[27.555,36.685],[27.671,36.658],[27.719,36.756],[28.0,36.758],[28.0,36.698],[27.97,36.68],[28.0,36.679],[28.0,36.65],[28.09,36.644],[28.034,36.603],[27.959,36.603],[27.991,36.56],[28.088,36.589],[28.144,36.65],[28.2,36.65],[28.2,36.69],[28.3,36.7],[28.313,36.8],[28.6,36.8],[28.6,36.7],[28.746,36.698],[28.75,36.65],[28.843,36.638],[28.829,36.603],[28.87,36.607],[28.899,36.65],[29.0,36.65],[29.0,36.55],[29.1,36.548],[29.1,36.35],[29.165,36.35],[29.2,36.3],[29.25,36.3],[29.3,36.2],[29.55,36.2],[29.559,36.121],[29.598,36.15],[29.652,36.15],[29.672,36.123],[29.703,36.15],[29.95,36.15],[29.95,36.2],[30.15,36.2],[30.168,36.3],[30.3,36.291],[30.3,36.25],[30.4,36.25],[30.399,36.206],[30.52,36.342],[30.5,36.443],[30.57,36.528],[30.57,36.781],[30.602,36.838],[30.998,36.85],[31.35,36.8],[31.35,36.75],[31.512,36.726],[31.55,36.65],[31.737,36.642],[31.75,36.6],[32.026,36.543],[32.25,36.317],[32.25,36.25],[32.341,36.205],[32.35,36.15],[32.568,36.096],[32.6,36.05],[32.804,36.027],[32.933,36.1],[33.088,36.083],[33.157,36.137],[33.75,36.15],[33.75,36.2],[33.85,36.2],[33.852,36.3],[33.931,36.29],[33.959,36.214],[33.998,36.3],[34.1,36.3],[34.1,36.4],[34.2,36.45],[34.2,36.508],[34.276,36.587],[34.35,36.6],[34.39,36.65],[34.45,36.65],[34.45,36.688],[34.542,36.75],[34.6,36.75],[34.6,36.785],[34.809,36.8],[34.864,36.771],[34.9,36.7],[35.042,36.695],[35.05,36.65],[35.135,36.65],[35.346,36.541],[35.445,36.596],[35.65,36.6],[35.7,36.7],[35.837,36.8],[35.9,36.8],[35.963,36.9],[36.09,36.9],[36.199,36.785],[36.2,36.62],[36.0,36.55],[35.99,36.48],[35.9,36.45],[35.9,36.413],[35.8,36.35],[35.8,36.2],[35.85,36.2],[35.85,36.15],[35.902,36.15],[35.948,36.088],[35.95,35.971],[35.9,35.95],[35.85,35.85],[35.799,35.85],[35.8,35.7],[35.75,35.7],[35.75,35.591],[35.723,35.582],[35.75,35.5],[35.8,35.5],[35.8,35.45],[35.9,35.436],[35.9,35.128],[35.85,35.1],[35.85,34.9],[35.878,34.9],[35.9,34.8],[35.929,34.791],[35.989,34.553],[35.95,34.55],[35.931,34.5],[35.75,34.5],[35.728,34.35],[35.65,34.35],[35.627,34.201],[35.648,34.119],[35.629,34.05],[35.6,34.05],[35.593,33.947],[35.47,33.902],[35.477,33.804],[35.4,33.7],[35.349,33.514],[35.25,33.45],[35.244,33.356],[35.188,33.28],[35.2,33.216],[35.106,33.112],[35.079,33.0],[35.05,33.0],[35.05,32.85],[34.95,32.85],[34.935,32.7],[34.9,32.7],[34.89,32.5],[34.85,32.5],[34.85,32.35],[34.8,32.35],[34.8,32.181],[34.788,32.15],[34.75,32.15],[34.712,31.952],[34.6,31.8],[34.6,31.754],[34.5,31.65],[34.443,31.535],[34.281,31.377],[34.2,31.35],[34.175,31.3],[34.047,31.229],[33.854,31.163],[33.592,31.114],[33.45,31.147],[33.476,31.142],[33.45,31.2],[33.05,31.25],[33.025,31.201],[32.806,31.1],[32.518,31.1],[32.45,31.2],[32.35,31.25],[32.35,31.3],[32.13,31.337],[32.025,31.4],[31.95,31.55],[31.8,31.55],[31.748,31.482],[31.523,31.45],[31.35,31.55],[31.25,31.569],[31.25,31.6],[30.85,31.6],[30.85,31.55],[30.75,31.55],[30.75,31.519],[30.536,31.464],[30.456,31.463],[30.362,31.509],[30.388,31.45],[30.344,31.498],[30.334,31.381],[30.312,31.35],[30.25,31.35],[30.25,31.303],[30.074,31.3],[30.07,31.333],[29.898,31.203],[29.85,31.2],[29.838,31.154],[29.782,31.148],[29.652,31.05],[29.6,31.05],[29.6,31.01],[29.248,30.85],[28.978,30.85],[28.877,30.896],[28.85,30.95],[28.75,30.976],[28.75,31.0],[28.6,31.025],[28.6,31.05],[28.479,31.052],[28.45,31.1],[27.925,31.1],[27.9,31.113],[27.9,31.2],[27.853,31.24],[27.66,31.18],[27.478,31.214],[27.436,31.228],[27.327,31.379],[27.226,31.368],[26.966,31.45],[26.819,31.45],[26.75,31.5],[26.362,31.522],[26.35,31.55],[26.2,31.561],[26.2,31.6],[25.869,31.621],[25.65,31.6],[25.65,31.565],[25.5,31.55],[25.5,31.527],[25.402,31.503],[25.2,31.529],[25.2,31.6],[25.159,31.6],[25.15,31.7],[25.1,31.8],[25.03,31.837],[25.033,31.916],[24.982,31.968],[24.734,32.033],[24.579,32.0],[24.091,32.006],[24.033,32.034],[24.0,32.1],[23.84,32.149],[23.299,32.224],[23.288,32.2],[23.25,32.217],[23.25,32.3],[23.15,32.306],[23.15,32.5],[23.104,32.516],[23.1,32.65],[22.65,32.766],[22.65,32.8],[22.5,32.8],[22.5,32.85],[22.207,32.888],[22.15,32.948],[21.877,32.903],[21.716,32.95],[21.623,32.937],[21.503,32.85],[21.45,32.85],[21.429,32.8],[21.05,32.8],[21.032,32.764],[20.797,32.643],[20.6,32.6],[20.6,32.571],[20.25,32.35],[20.05,32.15],[19.94,31.958],[19.917,31.759],[19.955,31.559],[20.022,31.397],[20.1,31.313],[20.1,31.25],[20.147,31.217],[20.147,31.046],[20.1,31.0],[20.036,30.819],[19.835,30.6],[19.8,30.6],[19.749,30.511],[19.616,30.421],[19.448,30.35],[19.35,30.35],[19.341,30.3],[18.914,30.3],[18.9,30.35],[18.826,30.35],[18.653,30.422],[18.6,30.5],[18.5,30.544],[18.5,30.6],[18.413,30.6],[18.324,30.657],[18.25,30.732],[18.25,30.8],[18.133,30.8],[18.05,30.85],[17.891,30.877],[17.849,30.924],[17.692,30.96],[17.65,31.0],[17.433,31.05],[17.4,31.1],[17.259,31.1],[16.728,31.224],[16.359,31.227],[16.05,31.275],[16.05,31.3],[15.95,31.313],[15.95,31.35],[15.761,31.388],[15.623,31.497],[15.5,31.65],[15.5,31.75],[15.452,31.75],[15.45,31.85],[15.394,31.878],[15.361,31.965],[15.365,32.175],[15.3,32.3],[15.2,32.4],[14.95,32.45],[14.727,32.451],[14.7,32.5],[14.492,32.516],[14.45,32.6],[14.359,32.6],[14.25,32.7],[13.991,32.745],[13.95,32.8],[13.571,32.803],[13.55,32.85],[13.467,32.85],[13.4,32.9],[13.165,32.913],[13.078,32.868],[12.753,32.8],[12.5,32.819],[12.5,32.85],[12.287,32.85],[11.9,33.054],[11.9,33.1],[11.738,33.114],[11.971,33.114],[11.971,33.17],[12.028,33.17],[12.028,33.398],[12.085,33.398],[12.085,33.795],[12.142,33.795],[12.142,33.909],[12.255,33.966],[12.255,34.079],[12.369,34.136],[12.369,34.42],[12.653,34.42],[12.653,34.477],[12.994,34.477],[12.994,34.42],[13.107,34.42],[13.107,34.477],[13.05,34.477],[12.994,34.59],[12.88,34.59],[12.88,34.647],[12.653,34.647],[12.653,34.704],[12.596,34.704],[12.596,34.931],[13.164,34.931],[13.164,34.874],[13.562,34.874],[13.562,34.931],[13.618,34.931],[13.618,34.988],[13.562,34.988],[13.562,35.102],[13.221,35.102],[13.221,35.158],[13.05,35.158],[13.05,35.329],[12.994,35.329],[12.994,35.442],[12.823,35.442],[12.823,35.499],[12.71,35.499],[12.71,35.613],[12.198,35.613],[12.198,35.556],[11.801,35.556],[11.801,35.613],[11.744,35.613],[11.744,35.386],[11.574,35.386],[11.517,35.272],[11.119,35.255],[11.05,35.324],[11.05,35.457],[11.085,35.507],[11.05,35.516],[11.05,35.65],[10.85,35.7],[10.85,35.8],[10.7,35.8],[10.7,35.85],[10.615,35.85],[10.5,36.027],[10.519,36.337],[10.586,36.398],[10.8,36.4],[10.88,36.588],[10.949,36.649],[10.949,36.578],[11.062,36.522],[11.062,36.465],[11.176,36.465],[11.176,36.522],[11.517,36.522],[11.517,36.465],[11.63,36.465],[11.687,36.351],[11.914,36.351],[11.914,36.408],[11.971,36.408],[11.971,36.522],[12.085,36.578],[12.085,36.635],[12.198,36.635],[12.198,36.692],[12.255,36.692],[12.255,36.862],[12.426,36.862],[12.482,36.976],[12.88,36.976],[12.937,37.09],[13.05,37.09],[12.994,37.203],[12.88,37.203],[12.88,37.374],[12.766,37.374],[12.781,37.574],[12.943,37.569],[13.026,37.493],[13.174,37.487],[13.25,37.4],[13.55,37.278],[13.55,37.25],[13.65,37.2],[13.65,37.15],[14.209,37.081],[14.359,36.981],[14.45,36.849],[14.45,36.8],[14.664,36.75],[14.7,36.7],[15.018,36.7],[15.115,36.66],[15.135,36.688],[15.1,36.804],[15.147,36.9],[15.2,36.9],[15.2,36.95],[15.25,36.95],[15.268,37.0],[15.332,37.012],[15.284,37.048],[15.303,37.101],[15.2,37.171],[15.2,37.243],[15.22,37.22],[15.261,37.234],[15.252,37.258],[15.1,37.337],[15.1,37.499],[15.2,37.6],[15.202,37.685],[15.25,37.7],[15.25,37.801],[15.294,37.85],[15.266,37.714],[15.379,37.771],[15.379,37.885],[15.55,37.885],[15.55,37.998],[15.65,38.049],[15.65,37.95],[15.691,37.95],[15.7,37.9],[16.05,37.9],[16.05,37.93],[16.15,38.0],[16.169,38.143],[16.25,38.15],[16.25,38.222],[16.306,38.277],[16.57,38.43],[16.55,38.74],[16.586,38.798]],[[24.786,40.688],[24.75,40.8],[24.6,40.8],[24.512,40.667],[24.642,40.571],[24.78,40.612],[24.786,40.688]],[[25.15,39.85],[25.15,39.8],[25.349,39.788],[25.37,39.817],[25.35,39.908],[25.45,39.988],[25.45,40.036],[25.35,39.993],[25.033,39.995],[25.055,39.85],[25.15,39.85]],[[19.85,39.651],[19.85,39.71],[19.934,39.741],[19.948,39.79],[19.852,39.825],[19.7,39.8],[19.626,39.748],[19.672,39.724],[19.7,39.65],[19.829,39.572],[19.879,39.453],[20.118,39.371],[20.082,39.447],[19.937,39.473],[19.9,39.604],[19.928,39.625],[19.85,39.651]],[[26.171,39.35],[26.1,39.35],[26.07,39.3],[25.85,39.3],[25.85,39.15],[26.026,39.098],[26.05,39.05],[26.13,39.05],[26.15,39.0],[26.3,39.0],[26.3,38.95],[26.55,38.95],[26.55,39.016],[26.61,39.023],[26.54,39.166],[26.4,39.264],[26.417,39.33],[26.355,39.357],[26.362,39.379],[26.164,39.379],[26.171,39.35]],[[26.164,38.303],[26.164,38.543],[26.131,38.567],[26.101,38.55],[26.1,38.6],[25.9,38.6],[25.833,38.544],[25.989,38.379],[25.964,38.303],[25.886,38.282],[25.866,38.246],[26.01,38.157],[26.04,38.2],[26.112,38.223],[26.114,38.284],[26.164,38.303]],[[20.392,38.3],[20.35,38.3],[20.35,38.15],[20.491,38.15],[20.5,38.1],[20.677,38.1],[20.734,38.062],[20.805,38.083],[20.75,38.198],[20.75,38.45],[20.7,38.451],[20.7,38.5],[20.55,38.5],[20.537,38.35],[20.4,38.364],[20.392,38.3]],[[20.9,37.733],[20.996,37.699],[20.918,37.765],[20.9,37.85],[20.763,37.85],[20.686,37.93],[20.619,37.864],[20.619,37.823],[20.7,37.756],[20.7,37.7],[20.756,37.7],[20.815,37.652],[20.851,37.659],[20.844,37.7],[20.9,37.7],[20.9,37.733]],[[25.141,37.1],[25.05,37.1],[25.026,37.008],[25.05,36.95],[25.2,36.95],[25.2,36.988],[25.28,37.049],[25.263,37.09],[25.293,37.152],[25.259,37.124],[25.224,37.134],[25.239,37.152],[25.141,37.1]],[[25.575,37.179],[25.495,37.189],[25.342,37.083],[25.4,36.95],[25.45,36.918],[25.55,36.95],[25.595,37.1],[25.575,37.179]],[[27.05,36.9],[27.05,37.05],[26.89,37.09],[26.9,36.9],[27.05,36.9]],[[27.85,36.3],[27.75,36.25],[27.75,36.188],[27.684,36.158],[27.75,36.093],[27.712,35.953],[27.75,35.9],[27.9,35.9],[27.9,35.982],[27.95,36.0],[27.97,36.05],[28.1,36.05],[28.1,36.15],[28.15,36.15],[28.15,36.228],[28.2,36.25],[28.236,36.373],[28.222,36.456],[27.959,36.357],[27.85,36.35],[27.85,36.3]],[[23.058,36.216],[23.104,36.237],[22.933,36.381],[22.9,36.328],[22.9,36.15],[23.052,36.145],[23.058,36.216]],[[26.312,35.297],[26.321,35.315],[26.221,35.25],[26.0,35.25],[25.989,35.2],[25.85,35.2],[25.847,35.15],[25.725,35.15],[25.719,35.211],[25.759,35.274],[25.729,35.265],[25.725,35.294],[25.766,35.336],[25.7,35.35],[25.066,35.35],[25.053,35.404],[25.019,35.415],[24.721,35.427],[24.334,35.35],[24.265,35.37],[24.252,35.479],[24.2,35.454],[24.2,35.6],[24.05,35.6],[24.05,35.55],[23.796,35.55],[23.779,35.672],[23.75,35.687],[23.711,35.649],[23.73,35.55],[23.609,35.55],[23.605,35.613],[23.58,35.55],[23.55,35.55],[23.55,35.321],[23.518,35.308],[23.55,35.2],[24.2,35.2],[24.2,35.15],[24.506,35.15],[24.55,35.1],[24.743,35.077],[24.75,34.9],[25.1,34.9],[25.126,34.95],[25.55,34.95],[25.55,35.0],[26.2,35.0],[26.321,35.198],[26.299,35.186],[26.266,35.26],[26.312,35.297]],[[27.157,35.634],[27.219,35.726],[27.221,35.829],[27.157,35.801],[27.115,35.642],[27.05,35.6],[27.05,35.4],[27.2,35.4],[27.2,35.475],[27.237,35.493],[27.157,35.634]],[[32.43,35.05],[32.35,35.05],[32.275,35.091],[32.3,34.85],[32.4,34.8],[32.4,34.7],[32.5,34.7],[32.5,34.65],[32.914,34.65],[32.941,34.569],[33.03,34.569],[33.01,34.625],[33.025,34.65],[33.1,34.65],[33.1,34.698],[33.4,34.7],[33.4,34.75],[33.6,34.8],[33.617,34.845],[33.65,34.85],[33.66,34.95],[34.0,34.95],[34.012,34.988],[34.099,34.965],[34.0,35.1],[33.9,35.164],[33.909,35.25],[33.95,35.25],[33.95,35.3],[34.05,35.3],[34.138,35.415],[34.3,35.45],[34.3,35.495],[34.573,35.644],[34.593,35.692],[34.3,35.581],[34.15,35.6],[34.131,35.511],[33.835,35.41],[33.7,35.4],[33.66,35.359],[33.07,35.359],[32.92,35.398],[32.929,35.233],[32.865,35.157],[32.7,35.2],[32.55,35.2],[32.43,35.05]],[[15.379,35.613],[15.379,35.783],[15.266,35.84],[15.266,35.897],[15.095,35.897],[15.095,36.01],[14.527,36.01],[14.527,35.897],[14.348,35.989],[14.322,35.973],[14.343,35.881],[14.388,35.84],[14.3,35.84],[14.3,35.783],[14.414,35.783],[14.414,35.726],[14.698,35.726],[14.698,35.613],[14.811,35.556],[14.811,35.499],[14.868,35.499],[14.868,35.386],[15.266,35.386],[15.322,35.613],[15.379,35.613]],[[25.092,37.43],[25.206,37.43],[25.206,37.374],[25.262,37.374],[25.262,37.43],[25.433,37.43],[25.433,37.374],[25.546,37.374],[25.546,37.487],[25.319,37.492],[25.319,37.544],[25.229,37.544],[25.259,37.59],[25.246,37.624],[24.985,37.679],[24.998,37.638],[25.159,37.544],[25.149,37.487],[25.092,37.487],[25.092,37.43]],[[16.799,42.77],[16.742,42.77],[16.742,42.656],[16.856,42.656],[16.856,42.741],[16.905,42.732],[16.97,42.77],[16.97,42.883],[16.799,42.883],[16.799,42.77]],[[16.616,43.224],[16.521,43.229],[16.583,43.189],[16.555,43.188],[16.345,43.224],[16.288,43.11],[16.057,43.07],[16.087,43.041],[16.063,43.017],[16.238,43.054],[16.458,43.054],[16.458,43.169],[16.67,43.125],[17.193,43.127],[16.728,43.165],[16.616,43.224]],[[24.046,34.849],[24.135,34.815],[24.081,34.869],[24.046,34.849]],[[27.007,35.398],[27.013,35.431],[26.9,35.425],[26.854,35.363],[27.007,35.398]],[[23.296,35.86],[23.333,35.829],[23.272,35.904],[23.296,35.86]],[[14.185,36.035],[14.241,36.015],[14.334,36.034],[14.257,36.076],[14.184,36.065],[14.185,36.035]],[[25.768,36.402],[25.732,36.373],[25.777,36.354],[25.855,36.364],[25.768,36.402]],[[25.479,36.424],[25.373,36.475],[25.422,36.451],[25.437,36.391],[25.362,36.357],[25.465,36.342],[25.479,36.424]],[[27.4,36.41],[27.369,36.472],[27.301,36.473],[27.297,36.428],[27.428,36.385],[27.442,36.415],[27.4,36.41]],[[26.342,36.569],[26.266,36.596],[26.301,36.513],[26.349,36.516],[26.373,36.572],[26.466,36.583],[26.393,36.637],[26.37,36.624],[26.404,36.59],[26.342,36.569]],[[27.863,36.638],[27.842,36.645],[27.76,36.576],[27.808,36.576],[27.849,36.548],[27.828,36.528],[27.855,36.531],[27.873,36.605],[27.815,36.61],[27.863,36.638]],[[24.948,36.624],[24.841,36.665],[24.923,36.602],[24.964,36.596],[24.948,36.624]],[[25.067,36.638],[25.186,36.719],[25.105,36.699],[25.067,36.638]],[[21.778,36.699],[21.78,36.748],[21.75,36.712],[21.778,36.699]],[[24.354,36.754],[24.327,36.651],[24.546,36.689],[24.533,36.768],[24.409,36.754],[24.471,36.704],[24.407,36.707],[24.354,36.754]],[[24.659,36.751],[24.666,36.775],[24.608,36.781],[24.659,36.751]],[[25.399,36.728],[25.307,36.795],[25.263,36.768],[25.252,36.727],[25.373,36.654],[25.399,36.728]],[[24.573,36.782],[24.602,36.838],[24.534,36.836],[24.532,36.792],[24.573,36.782]],[[25.478,36.871],[25.423,36.833],[25.478,36.835],[25.478,36.871]],[[26.986,36.768],[26.926,36.766],[26.923,36.706],[26.973,36.679],[26.992,36.754],[27.13,36.761],[27.214,36.824],[27.356,36.863],[27.281,36.908],[27.164,36.891],[26.986,36.768]],[[25.65,36.912],[25.609,36.884],[25.684,36.891],[25.65,36.912]],[[25.739,36.795],[25.756,36.77],[25.88,36.795],[26.006,36.891],[26.075,36.893],[25.99,36.931],[25.845,36.85],[25.845,36.809],[25.739,36.795]],[[24.711,36.904],[24.765,36.957],[24.642,37.049],[24.711,36.904]],[[25.801,37.096],[25.829,37.097],[25.835,37.138],[25.781,37.124],[25.801,37.096]],[[24.521,37.204],[24.433,37.172],[24.423,37.124],[24.532,37.13],[24.521,37.204]],[[23.158,37.271],[23.11,37.285],[23.119,37.253],[23.162,37.244],[23.158,37.271]],[[23.464,37.357],[23.374,37.303],[23.497,37.32],[23.505,37.35],[23.587,37.371],[23.464,37.357]],[[24.478,37.391],[24.431,37.446],[24.444,37.487],[24.375,37.438],[24.368,37.412],[24.395,37.412],[24.402,37.371],[24.368,37.31],[24.478,37.391]],[[24.861,37.398],[24.889,37.398],[24.882,37.364],[24.964,37.402],[24.939,37.5],[24.895,37.51],[24.898,37.449],[24.861,37.398]],[[24.289,37.645],[24.275,37.532],[24.396,37.625],[24.403,37.656],[24.365,37.686],[24.289,37.645]],[[26.197,37.632],[26.06,37.631],[25.976,37.516],[26.231,37.571],[26.362,37.686],[26.197,37.632]],[[23.563,37.768],[23.424,37.762],[23.484,37.679],[23.526,37.692],[23.563,37.768]],[[20.941,38.604],[20.932,38.603],[20.908,38.549],[20.941,38.604]],[[25.605,38.535],[25.622,38.584],[25.523,38.597],[25.561,38.535],[25.605,38.535]],[[24.579,38.876],[24.561,38.944],[24.461,38.968],[24.436,38.878],[24.557,38.846],[24.574,38.81],[24.532,38.796],[24.567,38.763],[24.595,38.792],[24.683,38.784],[24.579,38.876]],[[23.399,39.164],[23.453,39.133],[23.513,39.179],[23.47,39.214],[23.399,39.164]],[[23.587,39.208],[23.658,39.104],[23.741,39.08],[23.793,39.124],[23.587,39.208]],[[20.202,39.18],[20.14,39.242],[20.169,39.183],[20.202,39.18]],[[23.896,39.162],[23.967,39.251],[23.957,39.289],[23.834,39.146],[23.896,39.162]],[[25.047,39.545],[24.997,39.562],[24.974,39.515],[24.985,39.467],[25.047,39.545]],[[26.075,39.785],[26.083,39.835],[26.004,39.845],[25.978,39.834],[26.075,39.785]],[[25.759,40.207],[25.663,40.126],[25.766,40.097],[26.012,40.146],[25.963,40.157],[25.972,40.221],[25.926,40.243],[25.759,40.207]],[[25.576,40.515],[25.444,40.482],[25.589,40.398],[25.695,40.433],[25.689,40.475],[25.576,40.515]],[[17.324,42.791],[17.749,42.695],[17.372,42.791],[17.392,42.802],[17.324,42.791]],[[16.688,43.377],[16.426,43.394],[16.453,43.353],[16.406,43.333],[16.422,43.318],[16.628,43.264],[16.846,43.273],[16.892,43.312],[16.688,43.377]],[[12.877,35.856],[12.867,35.872],[12.857,35.852],[12.877,35.856]],[[23.889,36.834],[23.884,36.844],[23.884,36.832],[23.889,36.834]],[[23.464,36.904],[23.464,36.917],[23.458,36.906],[23.464,36.904]],[[27.616,36.243],[27.534,36.242],[27.532,36.212],[27.619,36.228],[27.616,36.243]],[[27.186,36.616],[27.137,36.6],[27.14,36.563],[27.206,36.587],[27.186,36.616]],[[26.85,37.098],[26.887,37.106],[26.85,37.187],[26.773,37.183],[26.85,37.098]],[[26.536,37.373],[26.529,37.301],[26.557,37.271],[26.549,37.327],[26.606,37.34],[26.536,37.373]],[[24.66,37.607],[24.741,37.596],[24.716,37.631],[24.66,37.607]],[[24.063,39.297],[24.094,39.33],[24.042,39.331],[24.063,39.297]],[[25.732,34.875],[25.73,34.881],[25.68,34.875],[25.732,34.875]],[[26.15,34.933],[26.147,34.943],[26.133,34.923],[26.15,34.933]],[[25.239,35.428],[25.246,35.45],[25.184,35.444],[25.239,35.428]],[[14.351,36.01],[14.333,36.019],[14.325,36.003],[14.351,36.01]],[[29.661,36.132],[29.656,36.136],[29.657,36.131],[29.661,36.132]],[[29.764,36.136],[29.751,36.139],[29.747,36.125],[29.764,36.136]],[[29.508,36.155],[29.494,36.161],[29.499,36.15],[29.508,36.155]],[[33.781,36.179],[33.778,36.174],[33.788,36.182],[33.781,36.179]],[[27.705,36.247],[27.721,36.277],[27.684,36.264],[27.705,36.247]],[[22.986,36.458],[22.982,36.499],[22.953,36.505],[22.925,36.469],[22.986,36.458]],[[28.123,36.599],[28.126,36.597],[28.125,36.601],[28.123,36.599]],[[27.163,36.957],[27.109,36.954],[27.175,36.923],[27.163,36.957]],[[27.49,36.966],[27.481,36.979],[27.424,36.992],[27.49,36.966]],[[27.088,37.302],[27.082,37.278],[27.103,37.3],[27.088,37.302]],[[26.72,37.301],[26.778,37.278],[26.785,37.309],[26.711,37.317],[26.72,37.301]],[[26.718,37.405],[26.717,37.413],[26.71,37.403],[26.744,37.361],[26.759,37.376],[26.718,37.405]],[[26.958,37.444],[27.007,37.452],[26.979,37.476],[26.927,37.474],[26.958,37.444]],[[23.943,37.463],[23.934,37.479],[23.897,37.49],[23.943,37.463]],[[26.451,37.566],[26.44,37.603],[26.406,37.586],[26.396,37.576],[26.451,37.566]],[[26.514,37.653],[26.514,37.599],[26.475,37.605],[26.501,37.528],[26.539,37.622],[26.514,37.653]],[[23.96,37.651],[23.939,37.657],[23.96,37.643],[23.96,37.651]],[[24.151,37.734],[24.126,37.743],[24.1,37.659],[24.105,37.645],[24.151,37.734]],[[23.767,37.77],[23.764,37.776],[23.757,37.763],[23.767,37.77]],[[26.293,38.493],[26.279,38.515],[26.283,38.494],[26.293,38.493]],[[26.185,38.542],[26.27,38.513],[26.215,38.533],[26.185,38.542]],[[26.693,38.483],[26.744,38.464],[26.73,38.521],[26.7,38.542],[26.693,38.483]],[[25.518,38.529],[25.523,38.546],[25.494,38.532],[25.518,38.529]],[[24.372,38.834],[24.373,38.841],[24.343,38.834],[24.372,38.834]],[[24.099,39.092],[24.1,39.055],[24.124,39.063],[24.117,39.103],[24.099,39.092]],[[20.258,39.133],[20.245,39.14],[20.219,39.14],[20.258,39.133]],[[24.317,39.357],[24.312,39.335],[24.33,39.354],[24.323,39.369],[24.317,39.357]],[[24.183,39.394],[24.168,39.414],[24.144,39.377],[24.153,39.362],[24.183,39.394]],[[19.539,39.76],[19.514,39.784],[19.524,39.759],[19.539,39.76]],[[19.433,39.866],[19.411,39.863],[19.394,39.838],[19.433,39.866]],[[19.595,39.891],[19.575,39.9],[19.593,39.88],[19.595,39.891]],[[23.884,40.331],[23.887,40.327],[23.941,40.31],[23.884,40.331]],[[19.285,40.474],[19.292,40.494],[19.261,40.506],[19.285,40.474]],[[15.485,42.101],[15.497,42.116],[15.478,42.104],[15.485,42.101]],[[16.335,42.378],[16.336,42.378],[16.335,42.379],[16.335,42.378]],[[16.272,42.386],[16.271,42.388],[16.27,42.387],[16.272,42.386]],[[16.276,42.388],[16.276,42.389],[16.275,42.388],[16.276,42.388]],[[16.267,42.39],[16.259,42.394],[16.258,42.39],[16.267,42.39]],[[16.534,42.763],[16.519,42.773],[16.489,42.747],[16.534,42.763]],[[15.993,42.952],[16.018,42.957],[16.003,42.993],[15.993,42.952]],[[15.721,43.018],[15.766,43.031],[15.726,43.025],[15.721,43.018]],[[16.66,43.089],[16.739,43.087],[16.682,43.1],[16.66,43.089]]],[[[13.868,43.0],[13.841,43.11],[13.9,43.0],[13.868,43.0]]],[[[22.696,70.09],[22.37,70.051],[22.46,70.09],[22.696,70.09]]],[[[23.22,70.22],[23.22,70.19],[23.33,70.18],[23.3,70.14],[23.37,70.12],[23.22,70.11],[23.17,70.09],[23.17,70.06],[23.506,70.012],[23.4,69.971],[23.25,69.99],[23.125,69.944],[23.094,69.955],[23.149,69.976],[23.128,70.034],[23.009,70.05],[23.019,70.147],[22.867,70.106],[22.7,70.091],[22.95,70.16],[22.967,70.207],[22.592,70.259],[23.0,70.24],[23.008,70.281],[22.94,70.32],[23.046,70.292],[22.981,70.34],[23.086,70.37],[23.11,70.355],[23.05,70.34],[23.05,70.29],[23.22,70.284],[23.197,70.259],[23.218,70.238],[23.251,70.259],[23.316,70.259],[23.316,70.27],[23.359,70.281],[23.402,70.281],[23.467,70.346],[23.49,70.31],[23.574,70.292],[23.419,70.28],[23.38,70.28],[23.36,70.269],[23.33,70.27],[23.33,70.261],[23.292,70.244],[23.45,70.25],[23.43,70.235],[23.22,70.22]]],[[[28.597,70.161],[28.617,70.177],[28.716,70.166],[28.597,70.161]]],[[[25.216,70.238],[25.216,70.184],[25.249,70.184],[25.29,70.25],[25.389,70.259],[25.41,70.238],[25.28,70.17],[25.24,70.097],[25.159,70.081],[25.081,70.106],[25.136,70.127],[25.074,70.127],[25.095,70.154],[25.011,70.16],[25.098,70.173],[25.184,70.238],[25.216,70.238]]],[[[22.33,70.15],[22.4,70.159],[22.517,70.125],[22.237,70.14],[22.292,70.168],[22.258,70.23],[22.313,70.27],[22.41,70.259],[22.35,70.25],[22.33,70.15]]],[[[21.706,70.259],[21.79,70.259],[21.79,70.23],[21.83,70.22],[21.82,70.18],[21.87,70.16],[21.83,70.168],[21.706,70.259]]],[[[21.81,70.33],[21.79,70.367],[21.814,70.389],[21.987,70.378],[21.966,70.346],[21.987,70.33],[21.826,70.27],[21.76,70.281],[21.81,70.33]]],[[[23.37,70.323],[23.292,70.332],[23.35,70.346],[23.391,70.35],[23.37,70.323]]],[[[22.916,70.346],[22.916,70.36],[22.97,70.35],[22.97,70.346],[22.916,70.346]]],[[[22.8,70.367],[22.862,70.346],[22.806,70.342],[22.8,70.367]]],[[[22.506,70.375],[22.65,70.389],[22.53,70.364],[22.506,70.375]]],[[[25.54,70.39],[25.44,70.36],[25.422,70.313],[25.422,70.389],[25.497,70.389],[25.519,70.432],[25.62,70.443],[25.59,70.42],[25.54,70.39]]],[[[22.696,70.357],[22.7,70.4],[22.73,70.36],[22.696,70.357]]],[[[21.76,70.389],[21.782,70.37],[21.735,70.38],[21.713,70.389],[21.76,70.389]]],[[[22.279,70.421],[22.3,70.475],[22.24,70.486],[22.262,70.52],[22.29,70.49],[22.389,70.51],[22.45,70.49],[22.484,70.52],[22.56,70.5],[22.495,70.497],[22.495,70.475],[22.56,70.475],[22.56,70.421],[22.354,70.378],[22.395,70.356],[22.35,70.35],[22.38,70.313],[22.311,70.335],[22.203,70.302],[22.225,70.291],[22.13,70.29],[22.112,70.24],[22.1,70.31],[22.0,70.3],[22.032,70.318],[22.012,70.324],[22.128,70.313],[22.128,70.335],[22.063,70.335],[22.063,70.378],[22.149,70.356],[22.279,70.421]]],[[[22.808,70.432],[22.9,70.42],[22.854,70.408],[22.9,70.386],[22.9,70.367],[22.808,70.4],[22.808,70.432]]],[[[25.26,70.496],[25.281,70.459],[25.11,70.472],[25.09,70.489],[25.26,70.496]]],[[[30.09,69.73],[30.05,69.731],[30.07,69.78],[29.894,69.737],[29.66,69.74],[29.66,69.728],[29.5,69.664],[29.737,69.803],[29.775,69.839],[29.76,69.89],[29.535,69.914],[29.43,69.861],[29.365,69.86],[29.686,69.97],[29.33,70.02],[29.155,70.01],[29.13,70.017],[29.193,70.037],[28.61,70.12],[28.86,70.16],[29.05,70.12],[29.59,70.1],[29.72,70.07],[30.159,70.071],[30.118,70.078],[30.355,70.13],[30.375,70.186],[30.489,70.203],[30.52,70.24],[30.757,70.257],[30.649,70.227],[31.005,70.14],[31.005,70.278],[31.077,70.284],[31.047,70.31],[31.063,70.367],[30.99,70.42],[31.005,71.299],[31.9,70.95],[32.92,70.5],[30.43,69.83],[30.29,69.84],[30.324,69.867],[30.289,69.887],[30.165,69.88],[30.14,69.83],[30.19,69.77],[30.1,69.76],[30.09,69.73]],[[30.107,69.829],[30.021,69.832],[29.994,69.894],[29.877,69.914],[29.81,69.91],[29.82,69.832],[29.713,69.763],[29.85,69.76],[30.107,69.829]],[[30.167,69.79],[30.14,69.802],[30.113,69.785],[30.167,69.79]],[[30.066,69.853],[30.091,69.862],[30.031,69.884],[30.026,69.878],[30.066,69.853]],[[31.081,70.368],[31.117,70.366],[31.059,70.405],[31.081,70.368]]],[[[25.26,70.346],[25.195,70.292],[25.204,70.332],[25.11,70.323],[25.136,70.353],[25.09,70.356],[25.198,70.4],[25.292,70.378],[25.335,70.421],[25.26,70.412],[25.252,70.448],[25.378,70.475],[25.368,70.508],[25.292,70.475],[25.292,70.518],[25.25,70.53],[25.09,70.515],[25.56,70.699],[25.594,70.67],[25.767,70.67],[25.767,70.626],[25.702,70.605],[25.702,70.572],[25.85,70.562],[25.83,70.55],[25.81,70.54],[25.78,70.54],[25.78,70.52],[25.7,70.49],[25.465,70.486],[25.465,70.443],[25.324,70.378],[25.324,70.335],[25.26,70.346]]],[[[24.31,70.471],[24.039,70.508],[24.242,70.52],[24.31,70.471]]],[[[23.18,70.54],[23.19,70.51],[23.15,70.5],[23.1,70.518],[23.18,70.54]]],[[[23.737,70.497],[23.737,70.529],[23.715,70.529],[23.715,70.55],[23.74,70.53],[23.76,70.51],[23.899,70.508],[23.737,70.497]]],[[[22.632,70.55],[22.76,70.54],[22.732,70.508],[22.58,70.508],[22.62,70.51],[22.632,70.55]]],[[[22.899,70.579],[22.948,70.56],[22.927,70.529],[22.89,70.529],[22.92,70.547],[22.936,70.559],[22.894,70.568],[22.899,70.579]]],[[[30.325,70.584],[30.433,70.562],[30.163,70.525],[30.062,70.533],[30.165,70.531],[30.125,70.55],[30.325,70.584]]],[[[21.836,70.562],[21.976,70.583],[21.998,70.605],[21.98,70.637],[22.05,70.634],[22.011,70.6],[22.08,70.58],[22.29,70.61],[22.237,70.579],[22.245,70.557],[22.14,70.53],[22.13,70.475],[22.106,70.508],[22.02,70.518],[21.944,70.486],[21.793,70.486],[21.793,70.529],[21.836,70.562]]],[[[23.39,70.533],[23.251,70.541],[23.359,70.572],[23.402,70.562],[23.39,70.56],[23.39,70.533]]],[[[23.38,70.6],[23.42,70.611],[23.47,70.57],[23.402,70.562],[23.38,70.6]]],[[[23.661,70.562],[23.661,70.6],[23.69,70.58],[23.69,70.562],[23.661,70.562]]],[[[23.01,70.6],[23.04,70.59],[22.97,70.562],[23.01,70.6]]],[[[25.951,70.637],[25.984,70.637],[25.951,70.6],[25.951,70.637]]],[[[23.154,70.634],[23.11,70.614],[23.07,70.628],[23.154,70.634]]],[[[22.21,70.632],[22.13,70.648],[22.244,70.668],[22.21,70.632]]],[[[22.287,70.67],[22.36,70.691],[22.41,70.63],[22.287,70.67]]],[[[23.19,70.688],[23.175,70.655],[23.157,70.69],[23.19,70.688]]],[[[29.85,70.65],[29.71,70.623],[29.8,70.66],[29.81,70.724],[29.953,70.702],[29.85,70.65]]],[[[28.348,70.572],[28.316,70.562],[28.359,70.54],[28.338,70.497],[28.359,70.485],[28.256,70.42],[28.335,70.518],[28.23,70.51],[28.05,70.443],[28.185,70.503],[27.93,70.5],[27.88,70.48],[27.88,70.45],[27.849,70.483],[28.26,70.61],[28.31,70.66],[28.3,70.72],[27.7,70.61],[28.131,70.736],[27.99,70.77],[27.8,70.75],[27.828,70.771],[27.761,70.791],[27.99,70.814],[28.25,70.79],[28.29,70.8],[28.29,70.829],[28.36,70.82],[28.36,70.846],[28.445,70.866],[28.4,70.886],[28.554,70.886],[28.575,70.929],[28.888,70.896],[28.54,70.74],[28.54,70.7],[28.62,70.678],[28.517,70.678],[28.397,70.548],[28.53,70.51],[28.48,70.45],[28.459,70.49],[28.37,70.508],[28.392,70.551],[28.348,70.572]]],[[[25.778,70.659],[25.778,70.691],[25.832,70.666],[25.832,70.659],[25.778,70.659]]],[[[22.73,70.62],[22.689,70.661],[22.606,70.641],[22.656,70.682],[22.568,70.713],[22.7,70.734],[22.814,70.648],[22.73,70.65],[22.73,70.62]]],[[[23.618,70.702],[23.63,70.68],[23.67,70.67],[23.618,70.659],[23.618,70.702]]],[[[27.329,70.743],[27.1,70.76],[27.08,70.7],[27.14,70.68],[27.09,70.68],[27.08,70.64],[27.24,70.59],[27.02,70.62],[26.97,70.6],[26.996,70.561],[26.966,70.538],[27.063,70.475],[26.76,70.48],[26.74,70.424],[26.62,70.42],[26.64,70.38],[26.506,70.363],[26.52,70.44],[26.581,70.477],[26.561,70.518],[26.61,70.54],[26.657,70.641],[26.54,70.67],[26.35,70.65],[26.691,70.736],[26.746,70.832],[26.68,70.83],[26.67,70.86],[26.73,70.888],[26.722,70.929],[27.009,71.004],[27.085,71.004],[27.085,70.972],[27.13,70.972],[27.11,70.92],[27.18,70.89],[27.335,70.884],[27.41,70.914],[27.391,70.876],[27.512,70.86],[27.48,70.825],[27.61,70.806],[27.29,70.83],[27.27,70.77],[27.329,70.743]],[[27.17,70.78],[27.2,70.78],[27.2,70.81],[27.17,70.81],[27.17,70.78]]],[[[22.48,70.702],[22.5,70.68],[22.46,70.679],[22.422,70.702],[22.48,70.702]]],[[[29.306,70.653],[29.283,70.68],[29.364,70.709],[29.322,70.723],[29.59,70.734],[29.306,70.653]]],[[[23.819,70.709],[23.866,70.713],[23.866,70.778],[24.234,70.778],[24.255,70.821],[24.245,70.784],[24.52,70.75],[24.7,70.64],[24.65,70.618],[24.478,70.683],[24.3,70.69],[24.24,70.66],[24.24,70.61],[24.147,70.57],[24.14,70.63],[24.05,70.69],[23.819,70.709]]],[[[22.85,70.745],[22.905,70.734],[22.87,70.723],[22.85,70.745]]],[[[23.024,70.799],[23.046,70.81],[23.08,70.8],[23.03,70.791],[23.12,70.759],[23.1,70.72],[23.025,70.723],[23.033,70.701],[22.969,70.661],[22.9,70.693],[22.93,70.7],[22.938,70.767],[23.024,70.778],[23.024,70.799]]],[[[25.746,70.78],[25.702,70.724],[25.627,70.702],[25.657,70.736],[25.629,70.764],[25.746,70.78]]],[[[26.07,70.73],[26.14,70.767],[26.12,70.72],[26.07,70.73]]],[[[29.418,70.736],[29.295,70.744],[29.396,70.778],[29.418,70.736]]],[[[23.457,70.771],[23.42,70.78],[23.44,70.79],[23.499,70.799],[23.499,70.767],[23.404,70.745],[23.457,70.771]]],[[[26.178,70.788],[26.24,70.809],[26.21,70.781],[26.17,70.77],[26.178,70.788]]],[[[23.121,70.81],[23.162,70.821],[23.16,70.792],[23.121,70.81]]],[[[23.32,70.82],[23.31,70.778],[23.175,70.821],[23.3,70.842],[23.32,70.82]]],[[[23.443,70.829],[23.358,70.864],[23.456,70.864],[23.443,70.829]]],[[[24.568,70.92],[24.7,70.87],[24.59,70.87],[24.6,70.82],[24.64,70.809],[24.593,70.79],[24.464,70.82],[24.396,70.88],[24.536,70.896],[24.536,70.875],[24.59,70.875],[24.568,70.92]]],[[[25.537,70.918],[25.57,70.89],[25.456,70.843],[25.423,70.86],[25.537,70.918]]],[[[25.76,70.896],[25.74,70.87],[25.7,70.896],[25.7,70.907],[25.76,70.896]]],[[[25.85,70.9],[25.778,70.9],[25.875,70.907],[25.897,70.888],[25.85,70.9]]],[[[26.318,70.972],[26.556,70.994],[26.534,70.95],[26.61,70.972],[26.66,70.961],[26.62,70.95],[26.49,70.94],[26.28,70.82],[26.037,70.832],[26.016,70.875],[25.886,70.94],[25.719,70.956],[26.073,70.975],[26.208,71.015],[26.296,71.004],[26.318,70.972]]],[[[28.543,70.907],[28.5,70.897],[28.54,70.93],[28.543,70.964],[28.543,70.907]]],[[[24.8,70.951],[24.8,70.961],[24.96,70.961],[24.94,70.92],[24.85,70.91],[24.86,70.928],[24.8,70.951]]],[[[25.119,70.972],[25.119,71.004],[25.03,71.004],[25.048,71.032],[25.01,71.037],[25.098,71.037],[25.184,71.08],[25.216,71.08],[25.216,71.048],[25.152,70.994],[25.31,70.972],[25.39,70.905],[25.351,70.82],[25.29,70.84],[25.29,70.811],[25.257,70.81],[25.24,70.89],[25.16,70.92],[24.95,70.871],[25.053,70.928],[25.054,70.972],[25.119,70.972]]],[[[23.888,70.907],[23.888,70.995],[24.02,70.918],[23.888,70.907]]],[[[26.718,70.972],[26.718,70.93],[26.664,70.972],[26.718,70.972]]],[[[24.201,70.992],[24.183,70.966],[24.087,70.97],[24.08,70.98],[24.201,70.992]]],[[[27.139,70.98],[27.204,71.015],[27.291,70.979],[27.32,70.95],[27.139,70.98]]],[[[24.69,70.994],[24.752,70.994],[24.7,70.975],[24.69,70.994]]],[[[24.568,70.96],[24.568,71.015],[24.644,71.004],[24.568,70.96]]],[[[25.422,70.984],[25.37,71.015],[25.454,71.03],[25.52,71.01],[25.422,70.984]]],[[[28.251,71.039],[28.338,71.015],[28.233,70.977],[28.219,70.98],[28.24,71.011],[28.2,71.018],[28.251,71.039]]],[[[27.509,70.969],[27.48,71.02],[27.347,71.026],[27.474,71.058],[27.57,71.019],[27.54,71.0],[27.55,70.96],[27.509,70.969]]],[[[25.964,71.038],[25.89,71.052],[26.124,71.058],[26.08,71.02],[25.94,71.01],[25.964,71.038]]],[[[25.249,71.08],[25.3,71.09],[25.25,71.06],[25.249,71.026],[25.249,71.08]]],[[[28.064,71.05],[28.06,71.08],[28.1,71.08],[28.1,71.05],[28.064,71.05]]],[[[27.841,71.058],[27.938,71.08],[28.0,71.066],[27.85,71.043],[27.72,71.06],[27.72,71.102],[27.841,71.058]]],[[[24.838,71.102],[24.838,71.069],[24.789,71.048],[24.837,71.1],[24.77,71.1],[24.838,71.102]]],[[[24.676,71.102],[24.711,71.102],[24.72,71.07],[24.676,71.102]]],[[[25.562,71.138],[25.71,71.074],[25.57,71.11],[25.45,71.09],[25.357,71.102],[25.562,71.112],[25.562,71.138]]],[[[25.81,71.134],[25.882,71.11],[25.784,71.11],[25.8,71.166],[25.81,71.134]]],[[[25.702,71.177],[25.724,71.16],[25.627,71.17],[25.627,71.177],[25.702,71.177]]],[[[30.997,71.307],[21.0,71.307],[22.14,71.72],[23.64,72.22],[26.22,72.98],[28.76,72.15],[30.997,71.307]]]]}}]}