{"type":"FeatureCollection","features":[{"type":"Feature","properties":{"status":"target","area_deg2":24.18},"geometry":{"type":"MultiPolygon","coordinates":[[[[-119.9375,33.875],[-120.0625,33.875],[-120.0625,33.913],[-120.0101,33.9375],[-119.6875,33.9375],[-119.6875,33.875],[-119.875,33.875],[-119.875,33.8125],[-119.9375,33.8125],[-119.9375,33.875]]],[[[-71.875,41.0],[-71.875,41.0537],[-71.8574,41.0717],[-71.9033,41.0847],[-71.9309,41.0788],[-71.9189,41.0625],[-71.9453,41.0735],[-71.9581,41.0697],[-71.9583,41.0625],[-72.0,41.0625],[-72.0,41.2518],[-71.9702,41.2736],[-71.928,41.282],[-71.9207,41.2914],[-71.994,41.2831],[-72.0,41.2715],[-72.0,41.3125],[-71.876,41.3125],[-71.8125,41.1875],[-71.6875,41.1875],[-71.6875,41.125],[-71.8125,41.0625],[-71.8125,41.0],[-71.875,41.0]]],[[[-68.75,41.3125],[-68.5625,41.3125],[-68.5625,41.375],[-68.375,41.375],[-68.375,41.6875],[-68.0625,41.6875],[-68.0625,41.75],[-68.0,41.75],[-67.9375,41.875],[-67.8125,41.875],[-67.8125,41.9375],[-67.625,41.9375],[-67.625,42.0],[-67.4375,42.0],[-67.4375,42.0625],[-67.25,42.0625],[-67.25,42.125],[-67.125,42.125],[-67.125,42.1875],[-66.375,42.1875],[-66.375,42.125],[-66.0,42.125],[-66.0,42.0625],[-65.875,42.0],[-65.875,41.875],[-66.0,41.875],[-66.0,41.8125],[-66.375,41.8125],[-66.375,41.5],[-66.5,41.5],[-66.5,41.4375],[-66.625,41.4375],[-66.625,41.375],[-66.6875,41.375],[-66.6875,41.4375],[-66.8125,41.5],[-66.8125,41.75],[-67.0,41.75],[-67.0,41.6875],[-67.125,41.625],[-67.125,41.5],[-67.1875,41.5],[-67.1875,41.4375],[-67.3125,41.4375],[-67.375,41.3125],[-67.5625,41.3125],[-67.5625,41.25],[-67.6875,41.25],[-67.6875,41.1875],[-67.8125,41.1875],[-67.875,41.0625],[-68.0,41.0625],[-68.0,41.0],[-68.0625,41.0],[-68.0625,40.9375],[-68.1875,40.9375],[-68.25,40.8125],[-68.375,40.8125],[-68.375,40.75],[-68.9375,40.75],[-68.9375,40.6875],[-69.4375,40.6875],[-69.4375,40.75],[-69.6875,40.75],[-69.6875,40.8125],[-69.9375,40.8125],[-69.9375,40.875],[-70.0,40.875],[-70.0,40.9375],[-70.125,41.0],[-70.125,41.2455],[-70.0011,41.2393],[-69.9671,41.2495],[-69.9578,41.2757],[-70.0289,41.3861],[-70.0524,41.3966],[-70.0372,41.3729],[-70.0443,41.351],[-70.0761,41.3111],[-70.014,41.3446],[-70.0201,41.3308],[-70.046,41.3076],[-70.0897,41.29],[-70.1875,41.2951],[-70.1875,41.3125],[-70.4375,41.3125],[-70.4375,41.375],[-70.4458,41.375],[-70.446,41.4135],[-70.4557,41.4296],[-70.5,41.394],[-70.5,41.5],[-70.704,41.5],[-70.6792,41.5104],[-70.7106,41.5192],[-70.75,41.5],[-70.6875,41.625],[-70.6522,41.625],[-70.6525,41.578],[-70.6617,41.5505],[-70.6856,41.5308],[-70.6587,41.5213],[-70.5961,41.553],[-70.5658,41.5582],[-70.375,41.5625],[-70.375,41.625],[-70.2696,41.625],[-70.2728,41.6106],[-70.2571,41.625],[-70.125,41.625],[-70.125,41.6621],[-69.9781,41.6818],[-69.9389,41.6742],[-69.9376,41.6875],[-69.875,41.6875],[-69.875,41.625],[-69.75,41.625],[-69.75,41.5625],[-69.4375,41.5625],[-69.4375,41.5],[-69.3125,41.5],[-69.3125,41.375],[-69.25,41.375],[-69.25,41.3125],[-69.125,41.3125],[-69.125,41.25],[-68.75,41.25],[-68.75,41.3125]],[[-66.5,41.875],[-66.75,41.875],[-66.75,41.6875],[-66.5,41.6875],[-66.5,41.875]],[[-70.0215,41.5507],[-70.0021,41.5538],[-69.9762,41.6123],[-69.9594,41.6326],[-69.9651,41.6514],[-69.973,41.6537],[-70.0215,41.5507]]],[[[-70.1875,41.25],[-70.1875,41.2662],[-70.1452,41.25],[-70.1875,41.25]]],[[[-70.5,41.375],[-70.5,41.3925],[-70.487,41.375],[-70.5,41.375]]],[[[-65.5625,42.4375],[-65.5,42.4375],[-65.5,42.1875],[-65.625,42.125],[-65.625,42.5],[-65.5625,42.5],[-65.5625,42.4375]]],[[[-66.4375,43.125],[-66.4375,43.1875],[-66.5625,43.1875],[-66.5625,43.375],[-66.5,43.375],[-66.5,43.5],[-66.375,43.5],[-66.375,43.5625],[-66.3125,43.5625],[-66.3125,43.75],[-66.375,43.75],[-66.375,43.8125],[-66.5,43.875],[-66.5,44.0625],[-66.6875,44.0625],[-66.6875,44.125],[-66.75,44.125],[-66.75,44.5],[-66.9375,44.5],[-66.9375,44.5625],[-67.125,44.5625],[-67.1776,44.6677],[-67.1487,44.6875],[-67.0625,44.6875],[-67.0625,44.75],[-67.0,44.75],[-66.9525,44.8449],[-66.9193,44.8373],[-66.931,44.8699],[-66.8125,44.875],[-66.8125,44.792],[-66.8258,44.7876],[-66.8511,44.7547],[-66.8658,44.7112],[-66.8846,44.6889],[-66.906,44.6062],[-66.8761,44.6063],[-66.867,44.6298],[-66.8391,44.6504],[-66.7833,44.6612],[-66.7428,44.6534],[-66.7283,44.623],[-66.709,44.6137],[-66.6904,44.62],[-66.6918,44.643],[-66.7211,44.6628],[-66.7296,44.6875],[-66.625,44.6875],[-66.625,44.625],[-66.25,44.625],[-66.25,44.8125],[-66.1875,44.8125],[-66.1875,45.0625],[-66.0,45.0625],[-66.0,45.1875],[-65.9375,45.1875],[-65.9375,45.2154],[-65.8883,45.2139],[-65.8164,45.25],[-65.7523,45.2444],[-65.6975,45.2852],[-65.6291,45.3125],[-65.5625,45.3125],[-65.5625,45.3243],[-65.545,45.3296],[-65.5194,45.3646],[-65.4825,45.375],[-65.375,45.375],[-65.3389,45.4472],[-65.2109,45.5],[-65.125,45.5],[-65.125,45.5263],[-64.9909,45.5625],[-64.9375,45.5625],[-64.9375,45.6115],[-64.9122,45.625],[-64.7938,45.625],[-64.7848,45.6132],[-64.7594,45.625],[-64.6875,45.625],[-64.6875,45.6875],[-64.6562,45.6875],[-64.625,45.75],[-64.625,45.7923],[-64.5938,45.8125],[-64.5625,45.875],[-64.5356,45.875],[-64.5315,45.847],[-64.5,45.8269],[-64.5,45.8125],[-64.4915,45.8125],[-64.5085,45.7662],[-64.5263,45.7425],[-64.5458,45.7316],[-64.5139,45.7206],[-64.4809,45.7279],[-64.4642,45.7728],[-64.4195,45.7912],[-64.4001,45.8125],[-64.375,45.8125],[-64.3859,45.7676],[-64.3981,45.7563],[-64.4375,45.75],[-64.4531,45.7188],[-64.4427,45.6979],[-64.4521,45.6875],[-64.4688,45.6875],[-64.5548,45.625],[-64.625,45.625],[-64.625,45.5968],[-64.6454,45.5863],[-64.6488,45.5591],[-64.8331,45.484],[-64.7996,45.4709],[-64.8539,45.4573],[-64.902,45.43],[-64.9287,45.383],[-64.9357,45.3512],[-64.9293,45.3263],[-64.8975,45.3465],[-64.8599,45.353],[-64.8227,45.348],[-64.7682,45.33],[-64.7684,45.2979],[-64.7587,45.2996],[-64.7174,45.3246],[-64.6966,45.3263],[-64.707,45.3606],[-64.6725,45.389],[-64.5762,45.4156],[-64.4588,45.4],[-64.4359,45.3815],[-64.3881,45.3673],[-64.3472,45.389],[-64.3145,45.3819],[-64.3124,45.402],[-64.2759,45.3921],[-64.1826,45.4088],[-64.066,45.413],[-64.038,45.402],[-64.0523,45.3952],[-64.0138,45.3904],[-63.9366,45.3985],[-63.9083,45.3815],[-63.9105,45.3589],[-63.8909,45.3529],[-63.8489,45.3846],[-63.8158,45.3952],[-63.625,45.3952],[-63.625,45.375],[-63.75,45.375],[-63.75,45.3125],[-63.9375,45.3125],[-63.9375,45.2621],[-63.97,45.25],[-64.3504,45.25],[-64.3205,45.2829],[-64.3184,45.2949],[-64.3297,45.3096],[-64.3487,45.3194],[-64.4778,45.3411],[-64.4979,45.3338],[-64.4176,45.3196],[-64.3953,45.3016],[-64.4154,45.2716],[-64.4538,45.25],[-64.625,45.25],[-64.625,45.2061],[-64.6441,45.2008],[-64.7278,45.1875],[-64.875,45.1875],[-64.875,45.1337],[-64.8923,45.125],[-65.0,45.125],[-65.0,45.0712],[-65.0175,45.0625],[-65.1875,45.0625],[-65.2435,44.9504],[-65.2757,44.9375],[-65.375,44.9375],[-65.375,44.9017],[-65.4269,44.875],[-65.5,44.875],[-65.5,44.8347],[-65.5483,44.8125],[-65.6875,44.8125],[-65.7548,44.6875],[-65.7748,44.6875],[-65.7859,44.6964],[-65.8007,44.6875],[-65.875,44.6875],[-65.875,44.6428],[-65.8889,44.6308],[-65.9013,44.625],[-66.0,44.625],[-66.0386,44.5478],[-66.0984,44.5],[-66.1875,44.5],[-66.1875,44.4375],[-66.25,44.4375],[-66.25,44.3658],[-66.2935,44.3125],[-66.3125,44.3125],[-66.3125,44.2823],[-66.3277,44.2581],[-66.3125,44.2527],[-66.3125,44.125],[-66.1875,44.0625],[-66.1875,43.8125],[-66.1311,43.8125],[-66.1217,43.7436],[-66.0794,43.7724],[-66.0732,43.7677],[-66.0742,43.7293],[-66.0602,43.7162],[-66.0555,43.7409],[-66.0421,43.7464],[-66.0309,43.7367],[-66.0323,43.7162],[-66.0261,43.7162],[-66.0238,43.6981],[-66.0064,43.6999],[-66.005,43.7237],[-65.9916,43.7311],[-65.9838,43.7293],[-65.9831,43.7195],[-65.9913,43.7032],[-65.9796,43.706],[-65.9634,43.7373],[-65.9738,43.75],[-65.875,43.75],[-65.875,43.6875],[-65.8164,43.6875],[-65.8148,43.6316],[-65.7995,43.6063],[-65.7923,43.6339],[-65.807,43.6548],[-65.7914,43.6875],[-65.7738,43.6808],[-65.7781,43.5682],[-65.7585,43.5511],[-65.7477,43.5548],[-65.7484,43.5625],[-65.7316,43.5625],[-65.7381,43.5313],[-65.7296,43.5135],[-65.6897,43.5108],[-65.6875,43.5],[-65.6692,43.4971],[-65.6141,43.5],[-65.6078,43.4835],[-65.6561,43.463],[-65.6269,43.4451],[-65.6214,43.435],[-65.6288,43.4221],[-65.6106,43.4282],[-65.5742,43.4767],[-65.5658,43.5],[-65.5022,43.5],[-65.4688,43.4375],[-65.4375,43.4375],[-65.4375,43.375],[-65.5,43.375],[-65.5,43.1875],[-65.625,43.1875],[-65.625,43.125],[-65.75,43.125],[-65.75,43.0625],[-65.9375,43.0625],[-65.9375,42.75],[-66.0,42.75],[-66.0,42.6875],[-66.25,42.6875],[-66.25,42.75],[-66.375,42.75],[-66.375,42.8125],[-66.1875,42.8125],[-66.1875,42.875],[-66.0625,42.875],[-66.0625,43.0625],[-66.3125,43.0625],[-66.3125,43.125],[-66.4375,43.125]]],[[[-66.25,44.3125],[-66.2666,44.3125],[-66.25,44.3279],[-66.25,44.3125]]],[[[-66.0,43.8125],[-66.0,43.8009],[-66.0041,43.8125],[-66.0,43.8125]]],[[[-65.75,43.5847],[-65.7518,43.5692],[-65.7523,43.5865],[-65.75,43.5847]]],[[[-69.5938,47.8125],[-69.6642,47.75],[-69.6875,47.75],[-69.706,47.713],[-69.7995,47.625],[-69.875,47.625],[-69.875,47.5657],[-69.9375,47.5625],[-69.9375,47.5341],[-69.9493,47.5203],[-70.0004,47.4994],[-70.0311,47.4696],[-70.04,47.4375],[-70.0625,47.4375],[-70.1028,47.3569],[-70.1979,47.3125],[-70.375,47.3125],[-70.375,47.3832],[-70.3239,47.4274],[-70.375,47.4258],[-70.375,47.4614],[-70.3022,47.4694],[-70.2369,47.4956],[-70.2101,47.5284],[-70.1996,47.5955],[-70.1568,47.625],[-70.0625,47.625],[-70.0625,47.6866],[-70.0,47.6875],[-70.0,47.7257],[-69.9798,47.7464],[-69.9375,47.75],[-69.9375,47.7692],[-69.9127,47.8125],[-69.875,47.8125],[-69.875,47.8713],[-69.7917,47.9167],[-69.75,48.0],[-69.75,48.0625],[-69.6875,48.0625],[-69.6875,48.125],[-69.5625,48.125],[-69.5625,48.0625],[-69.375,48.0625],[-69.375,48.0095],[-69.4375,48.0],[-69.548,47.8896],[-69.5553,47.8345],[-69.5938,47.8125]]],[[[-63.75,50.0625],[-63.875,50.0625],[-63.875,50.0],[-64.0,49.9375],[-64.0,50.125],[-63.75,50.125],[-63.75,50.0625]]],[[[-128.5,50.875],[-128.875,50.875],[-128.9375,51.0],[-128.8125,51.0],[-128.8125,50.9375],[-128.5,50.9375],[-128.5,50.875]]],[[[-130.8125,52.0],[-130.6875,52.0],[-130.6875,51.8125],[-131.0,51.8125],[-131.0,52.0122],[-130.9923,52.0134],[-131.0,52.0201],[-131.0,52.0625],[-130.8125,52.0625],[-130.8125,52.0]]],[[[-131.25,54.1875],[-131.375,54.1875],[-131.375,54.125],[-131.5625,54.125],[-131.5625,54.0625],[-131.625,54.0625],[-131.625,54.1875],[-131.5625,54.1875],[-131.5625,54.25],[-131.375,54.25],[-131.375,54.3125],[-131.125,54.3125],[-131.125,54.25],[-131.25,54.25],[-131.25,54.1875]]],[[[-132.6847,54.6875],[-132.703,54.7012],[-132.6883,54.718],[-132.7576,54.7422],[-132.7439,54.749],[-132.7507,54.7564],[-132.7252,54.7674],[-132.7225,54.7766],[-132.7563,54.8125],[-132.6924,54.8073],[-132.625,54.6875],[-132.6847,54.6875]]],[[[-132.8125,54.6875],[-132.8125,54.6964],[-132.7938,54.6981],[-132.7651,54.6875],[-132.8125,54.6875]]],[[[-132.875,54.75],[-132.875,54.7586],[-132.8564,54.75],[-132.875,54.75]]],[[[-132.1875,55.8125],[-132.125,55.8125],[-132.125,55.8043],[-132.1689,55.8023],[-132.1769,55.7949],[-132.1822,55.7768],[-132.1679,55.7228],[-132.1875,55.7299],[-132.1875,55.8125]]],[[[-132.125,55.5618],[-132.125,55.375],[-132.1875,55.375],[-132.1875,55.4605],[-132.1505,55.4494],[-132.1406,55.4653],[-132.1455,55.4831],[-132.2148,55.5312],[-132.25,55.5371],[-132.25,55.625],[-132.3125,55.625],[-132.3125,55.6875],[-132.2085,55.6875],[-132.1716,55.5885],[-132.125,55.5618]]],[[[-132.25,55.5],[-132.25,55.5027],[-132.2408,55.4954],[-132.25,55.5]]],[[[-133.9375,56.0625],[-133.9375,56.1372],[-133.9162,56.159],[-133.9354,56.1875],[-133.6875,56.1875],[-133.6875,56.25],[-133.625,56.25],[-133.625,56.2631],[-133.6147,56.2573],[-133.6122,56.2123],[-133.5754,56.1875],[-133.625,56.1875],[-133.625,56.0763],[-133.681,56.0692],[-133.6846,56.0625],[-133.6875,56.125],[-133.875,56.125],[-133.875,55.9385],[-134.1875,55.9375],[-134.1875,55.9124],[-134.2349,55.9],[-134.2579,55.8999],[-134.2441,55.9208],[-134.2636,55.9252],[-134.3322,55.9225],[-134.3472,55.911],[-134.3348,55.8951],[-134.2668,55.875],[-134.5625,55.875],[-134.5625,56.0],[-134.25,56.0],[-134.25,56.125],[-134.2303,56.125],[-134.2342,56.1126],[-134.2078,56.0986],[-134.21,56.0872],[-134.2242,56.0785],[-134.2107,56.0628],[-134.1875,56.0583],[-134.1875,56.0],[-134.1144,55.9966],[-134.0,56.0],[-134.0,56.0625],[-133.9375,56.0625]]],[[[-133.625,56.375],[-133.5,56.375],[-133.5,56.3408],[-133.6147,56.3529],[-133.6147,56.3454],[-133.5663,56.3044],[-133.5763,56.2926],[-133.625,56.2853],[-133.625,56.375]]],[[[-133.5368,56.1875],[-133.5084,56.1917],[-133.4825,56.1875],[-133.5368,56.1875]]],[[[-134.1875,55.875],[-134.1925,55.875],[-134.1875,55.8774],[-134.1875,55.875]]],[[[-132.9375,56.25],[-133.0625,56.25],[-133.0625,56.2812],[-133.125,56.3125],[-133.1241,56.5],[-133.0625,56.5],[-133.0625,56.5625],[-132.9495,56.5625],[-132.9375,56.5176],[-132.9186,56.507],[-132.8306,56.5],[-132.875,56.5],[-132.875,56.4552],[-132.9242,56.452],[-132.9698,56.4348],[-133.0489,56.3628],[-133.0552,56.3448],[-133.0389,56.3305],[-132.9375,56.282],[-132.9375,56.25]]],[[[-132.6875,56.8098],[-132.5625,56.7665],[-132.5625,56.625],[-132.515,56.625],[-132.5,56.6169],[-132.5,56.5625],[-132.5625,56.5625],[-132.5625,56.4375],[-132.6375,56.4375],[-132.6875,56.458],[-132.6875,56.5],[-132.7704,56.5],[-132.7228,56.5105],[-132.7644,56.5447],[-132.7471,56.5595],[-132.703,56.5303],[-132.684,56.5272],[-132.6662,56.5297],[-132.6216,56.5557],[-132.5737,56.5595],[-132.5334,56.5803],[-132.531,56.5893],[-132.5334,56.6003],[-132.5838,56.6181],[-132.6234,56.6653],[-132.6715,56.6838],[-132.6875,56.6993],[-132.6875,56.8098]]],[[[-134.0625,56.9375],[-134.0625,57.0],[-134.25,57.0],[-134.25,56.9415],[-134.2646,56.9419],[-134.2506,56.9375],[-134.3125,56.9375],[-134.3125,56.8953],[-134.3282,56.8887],[-134.3125,56.8533],[-134.3125,56.8137],[-134.351,56.8554],[-134.375,56.8662],[-134.375,56.9375],[-134.5625,56.9375],[-134.5625,56.875],[-134.625,56.875],[-134.625,57.125],[-134.6142,57.125],[-134.6229,57.1108],[-134.5985,57.07],[-134.5985,57.0495],[-134.6146,57.0102],[-134.5746,57.0291],[-134.4849,57.0312],[-134.43,57.0625],[-134.125,57.0625],[-134.125,57.1875],[-133.875,57.1875],[-133.8228,57.0831],[-133.9007,57.0893],[-133.9454,57.0669],[-134.0044,57.0637],[-134.0182,57.0176],[-133.959,56.9893],[-134.0625,56.9375]]],[[[-133.25,57.0],[-133.25,57.0625],[-133.625,57.0625],[-133.625,57.1875],[-133.5625,57.1875],[-133.5625,57.25],[-133.5039,57.25],[-133.4886,57.2209],[-133.5048,57.2034],[-133.552,57.1883],[-133.552,57.1815],[-133.4869,57.1684],[-133.4459,57.1479],[-133.3636,57.1284],[-133.317,57.1025],[-133.2901,57.102],[-133.2572,57.125],[-133.1437,57.125],[-133.1684,57.0896],[-133.1498,57.0815],[-133.125,57.0877],[-133.125,57.0625],[-133.0271,57.0625],[-132.9835,57.0449],[-132.9216,57.0428],[-132.8777,57.0213],[-132.8456,57.0625],[-132.8125,57.0625],[-132.8125,56.9741],[-132.8411,56.9677],[-132.8674,56.9897],[-132.8816,56.9911],[-132.922,56.9829],[-132.8966,56.9581],[-132.8595,56.9376],[-132.8566,56.9145],[-132.7909,56.8854],[-132.7825,56.875],[-132.875,56.875],[-132.875,56.9375],[-133.0,56.9388],[-133.0,57.0],[-133.25,57.0]]],[[[-134.6875,58.3125],[-134.8011,58.3125],[-134.8125,58.3325],[-134.8125,58.375],[-134.9178,58.375],[-134.9375,58.4057],[-134.9375,58.4375],[-134.8125,58.4375],[-134.8125,58.5],[-134.7945,58.5],[-134.7746,58.4759],[-134.7673,58.4003],[-134.7562,58.3815],[-134.7348,58.3738],[-134.6875,58.3789],[-134.6875,58.3125]]],[[[-135.5625,58.3636],[-135.5689,58.3732],[-135.5928,58.375],[-135.5625,58.375],[-135.5625,58.3636]]],[[[-135.5625,58.25],[-135.7379,58.25],[-135.7589,58.2686],[-135.7851,58.2761],[-135.8135,58.2744],[-135.8763,58.25],[-136.4375,58.25],[-136.4375,58.3125],[-136.5,58.3125],[-136.5,58.3161],[-136.4342,58.3192],[-136.3706,58.2995],[-136.3619,58.3161],[-136.3657,58.3524],[-136.4067,58.375],[-136.2898,58.375],[-136.2657,58.3465],[-136.2875,58.3182],[-136.2728,58.313],[-136.0763,58.3456],[-136.0267,58.3881],[-136.0602,58.4495],[-136.0623,58.4743],[-136.0843,58.4847],[-136.0825,58.5164],[-136.125,58.5191],[-136.125,58.5625],[-135.9375,58.5625],[-135.9375,58.625],[-135.8965,58.625],[-135.8821,58.6106],[-135.8207,58.6003],[-135.8896,58.5799],[-135.8896,58.5731],[-135.8561,58.5593],[-135.8453,58.5465],[-135.8467,58.5078],[-135.8605,58.491],[-135.848,58.47],[-135.9032,58.4775],[-135.9503,58.4632],[-135.9503,58.4564],[-135.8759,58.4632],[-135.9022,58.4216],[-135.9094,58.3813],[-135.6875,58.4053],[-135.6854,58.375],[-135.7142,58.3705],[-135.7185,58.3461],[-135.6706,58.3309],[-135.5625,58.3321],[-135.5625,58.25]],[[-136.06,58.2678],[-136.0279,58.295],[-136.0451,58.3186],[-136.107,58.3034],[-136.1437,58.2854],[-136.1376,58.2651],[-136.112,58.2585],[-136.06,58.2678]]],[[[-136.5,58.375],[-136.4825,58.375],[-136.4803,58.3469],[-136.5,58.3468],[-136.5,58.375]]],[[[-135.375,59.0625],[-135.375,59.1222],[-135.3196,59.1015],[-135.3074,59.087],[-135.307,59.1111],[-135.3173,59.1314],[-135.3409,59.1484],[-135.3341,59.1614],[-135.3595,59.2138],[-135.4228,59.2379],[-135.4289,59.25],[-135.3441,59.25],[-135.2726,59.1832],[-135.2296,59.1259],[-135.2258,59.1109],[-135.25,59.0625],[-135.375,59.0625]]],[[[-135.3788,59.125],[-135.4375,59.1289],[-135.4375,59.2112],[-135.3955,59.1832],[-135.3788,59.125]]],[[[-151.3793,59.25],[-151.2944,59.2242],[-151.1875,59.2184],[-151.1875,59.0625],[-151.3125,59.0],[-151.3125,58.875],[-151.8125,58.875],[-151.8125,58.6875],[-151.9375,58.6875],[-151.9375,58.625],[-152.0,58.625],[-152.0,58.5],[-152.0625,58.5],[-152.0625,58.5625],[-152.3125,58.5625],[-152.3125,58.625],[-152.3498,58.625],[-152.3696,58.6381],[-152.5,58.625],[-152.5625,58.75],[-152.4375,58.75],[-152.4375,58.8125],[-152.375,58.8125],[-152.375,59.1875],[-152.5,59.1875],[-152.5625,59.3125],[-152.8125,59.3125],[-152.8125,59.375],[-153.0,59.375],[-153.0,59.625],[-153.125,59.6904],[-153.0553,59.7101],[-153.0001,59.8004],[-153.0057,59.8271],[-153.0139,59.8323],[-153.0625,59.8332],[-153.0625,59.8832],[-153.0212,59.8889],[-153.0,59.8866],[-153.0,59.875],[-152.8125,59.875],[-152.8125,59.8947],[-152.7379,59.9084],[-152.7189,59.9156],[-152.7019,59.9375],[-152.6875,59.9375],[-152.6875,59.9708],[-152.6779,59.9845],[-152.6545,60.0],[-152.625,60.0],[-152.625,60.0152],[-152.6171,60.0193],[-152.625,60.0326],[-152.598,60.0427],[-152.5786,60.0701],[-152.5786,60.0812],[-152.5903,60.0922],[-152.625,60.1098],[-152.625,60.125],[-152.6033,60.125],[-152.5801,60.1072],[-152.5582,60.1083],[-152.5625,60.2488],[-152.5,60.25],[-152.5,60.2768],[-152.416,60.2978],[-152.4039,60.3098],[-152.3981,60.3322],[-152.375,60.3438],[-152.3681,60.3579],[-152.2459,60.396],[-152.2459,60.4022],[-152.3125,60.4188],[-152.3125,60.5],[-152.25,60.5],[-152.2174,60.5652],[-152.1094,60.6083],[-152.0921,60.625],[-152.0625,60.625],[-152.0625,60.661],[-152.0514,60.6732],[-151.9985,60.6875],[-151.9375,60.6875],[-151.9375,60.7213],[-151.8624,60.7387],[-151.8664,60.75],[-151.8429,60.7517],[-151.7797,60.7241],[-151.7463,60.7182],[-151.7114,60.7257],[-151.7178,60.7431],[-151.7856,60.8125],[-151.75,60.8125],[-151.7469,60.9168],[-151.6812,60.9287],[-151.6674,60.9375],[-151.625,60.9375],[-151.625,60.9601],[-151.5496,61.0],[-151.4062,61.0],[-151.3983,61.0159],[-151.3624,61.0124],[-151.3109,61.0329],[-151.1771,61.0539],[-151.1548,61.0644],[-151.0982,61.125],[-151.0625,61.125],[-151.0625,61.1616],[-151.0399,61.1774],[-151.0106,61.1875],[-150.9375,61.1875],[-150.9375,61.2116],[-150.8915,61.2143],[-150.7309,61.254],[-150.6913,61.2775],[-150.6584,61.3125],[-150.6042,61.2913],[-150.5849,61.2946],[-150.5923,61.3125],[-150.555,61.3125],[-150.5417,61.2866],[-150.4996,61.2617],[-150.4375,61.25],[-150.25,61.25],[-150.25,61.2586],[-150.0,61.2471],[-150.0,61.202],[-150.0156,61.2064],[-150.0382,61.1931],[-150.0652,61.1549],[-150.125,61.125],[-150.125,61.0625],[-150.1562,61.0625],[-150.1875,61.0],[-150.3125,61.0],[-150.3125,61.0625],[-150.5,61.0625],[-150.5,61.0167],[-150.5451,61.0],[-150.6875,61.0],[-150.6875,60.9512],[-150.7299,60.9375],[-150.8125,60.9375],[-150.8125,60.9048],[-150.8797,60.875],[-151.0,60.875],[-151.0,60.8216],[-151.0205,60.8125],[-151.25,60.8125],[-151.25,60.7755],[-151.3238,60.7391],[-151.3969,60.738],[-151.4173,60.7182],[-151.3959,60.6789],[-151.355,60.6396],[-151.3339,60.5922],[-151.3125,60.5674],[-151.3125,60.3845],[-151.375,60.375],[-151.3902,60.3594],[-151.3906,60.2998],[-151.4033,60.2524],[-151.4375,60.25],[-151.4375,60.2101],[-151.4658,60.1875],[-151.5625,60.1875],[-151.5625,60.1288],[-151.625,60.125],[-151.625,60.0909],[-151.6718,60.0625],[-151.6875,60.0625],[-151.6875,60.0529],[-151.725,60.0249],[-151.7541,59.9667],[-151.8125,59.9375],[-151.8125,59.8827],[-151.8487,59.82],[-151.8829,59.7865],[-151.8718,59.7495],[-151.8314,59.7162],[-151.7638,59.6875],[-151.8125,59.6875],[-151.8125,59.5],[-151.75,59.5],[-151.75,59.4456],[-151.8077,59.4438],[-151.894,59.4128],[-151.9002,59.3989],[-151.8152,59.3539],[-151.8966,59.3596],[-151.925,59.3539],[-151.9764,59.3254],[-151.9858,59.3129],[-151.9867,59.2928],[-151.9618,59.2707],[-151.8971,59.2583],[-151.8867,59.2416],[-151.9108,59.2379],[-151.8931,59.2206],[-151.8403,59.2134],[-151.7634,59.2242],[-151.7586,59.2197],[-151.7668,59.1931],[-151.7415,59.1671],[-151.6828,59.163],[-151.5681,59.1758],[-151.5763,59.1882],[-151.6038,59.182],[-151.616,59.1894],[-151.614,59.1975],[-151.5753,59.2037],[-151.4891,59.1997],[-151.4726,59.2167],[-151.5198,59.2242],[-151.4489,59.25],[-151.3793,59.25]],[[-152.2216,58.9385],[-152.177,58.9391],[-152.164,58.943],[-152.1578,58.9567],[-152.2531,58.9567],[-152.3291,58.9709],[-152.3272,58.935],[-152.3402,58.9248],[-152.3633,58.9225],[-152.3633,58.9157],[-152.3342,58.9119],[-152.2497,58.9225],[-152.2216,58.9385]],[[-151.8662,60.4973],[-151.9042,60.5106],[-151.9532,60.5085],[-151.9797,60.4854],[-151.9675,60.4658],[-151.9711,60.4521],[-151.9902,60.4191],[-152.0206,60.4022],[-152.0275,60.3681],[-152.0897,60.3591],[-152.0616,60.3476],[-152.0386,60.3504],[-151.966,60.3756],[-151.9822,60.3895],[-151.9786,60.4083],[-151.9449,60.437],[-151.8971,60.4506],[-151.8797,60.4774],[-151.8562,60.4854],[-151.8662,60.4973]],[[-150.2244,61.1704],[-150.26,61.1331],[-150.2764,61.1274],[-150.2275,61.1272],[-150.1962,61.1413],[-150.1777,61.1614],[-150.1845,61.1743],[-150.2244,61.1704]],[[-152.0352,58.9517],[-152.0625,58.9428],[-152.0747,58.9143],[-152.0552,58.9143],[-152.0425,58.9298],[-152.0131,58.9398],[-152.0352,58.9517]],[[-151.7216,59.1219],[-151.6998,59.0979],[-151.6626,59.0982],[-151.6469,59.1039],[-151.6437,59.1157],[-151.6702,59.1181],[-151.6879,59.1297],[-151.7085,59.1307],[-151.7216,59.1219]],[[-151.5085,59.1286],[-151.4596,59.109],[-151.4389,59.1073],[-151.4283,59.1173],[-151.4382,59.1272],[-151.4336,59.1353],[-151.5003,59.1373],[-151.5085,59.1286]],[[-151.8932,59.1444],[-151.8008,59.1389],[-151.7888,59.1531],[-151.8168,59.1707],[-151.8887,59.1572],[-151.8932,59.1444]]],[[[-149.8125,61.375],[-149.8514,61.2972],[-149.8689,61.2825],[-149.8857,61.25],[-149.9745,61.25],[-149.9389,61.2712],[-149.9197,61.3104],[-149.911,61.3527],[-149.893,61.375],[-149.8125,61.375]]],[[[153.25,-24.4375],[153.3125,-24.4375],[153.3333,-24.4792],[153.375,-24.5],[153.375,-24.5625],[153.4375,-24.5625],[153.4375,-24.6875],[153.3125,-24.6875],[153.3125,-24.75],[153.2856,-24.75],[153.2813,-24.6935],[153.25,-24.7123],[153.25,-24.5],[153.125,-24.5],[153.125,-24.375],[153.0625,-24.375],[153.0,-24.25],[153.125,-24.25],[153.125,-24.3125],[153.1875,-24.3125],[153.1875,-24.375],[153.25,-24.375],[153.25,-24.4375]]],[[[150.9375,-23.375],[150.875,-23.375],[150.875,-23.25],[150.8388,-23.25],[150.8215,-23.2275],[150.8125,-23.2395],[150.8125,-22.875],[150.875,-22.875],[150.875,-22.9375],[151.0,-22.9375],[151.0,-23.0],[151.1875,-23.0],[151.1875,-23.0625],[151.25,-23.0625],[151.25,-23.3125],[151.1875,-23.3125],[151.1875,-23.4375],[150.9375,-23.4375],[150.9375,-23.375]],[[150.9738,-23.1527],[150.9597,-23.1593],[150.9543,-23.1726],[150.9356,-23.174],[150.9391,-23.1965],[150.9888,-23.186],[150.9915,-23.1791],[150.9779,-23.1709],[150.9738,-23.1527]],[[150.8941,-23.0564],[150.886,-23.0794],[150.9101,-23.0827],[150.904,-23.0708],[150.8941,-23.0564]]],[[[151.6875,-23.0],[151.6875,-22.8125],[151.75,-22.8125],[151.75,-22.75],[151.875,-22.6875],[151.875,-22.8125],[151.9375,-22.8125],[151.9375,-23.1875],[152.0625,-23.25],[152.0625,-23.4375],[151.8125,-23.4375],[151.8125,-23.5],[151.75,-23.5],[151.75,-23.125],[151.625,-23.125],[151.625,-23.0],[151.6875,-23.0]]],[[[152.3125,-21.625],[152.3125,-21.5625],[152.375,-21.5625],[152.375,-21.375],[152.25,-21.375],[152.25,-21.3125],[152.4375,-21.3125],[152.4375,-21.25],[152.5625,-21.25],[152.5625,-21.1875],[152.625,-21.1875],[152.625,-21.3125],[152.5625,-21.3125],[152.5625,-21.4375],[152.5,-21.4375],[152.5,-21.75],[152.5625,-21.75],[152.5625,-21.875],[152.6875,-21.875],[152.6875,-22.0625],[152.625,-22.0625],[152.625,-22.0],[152.375,-22.0],[152.375,-21.625],[152.3125,-21.625]],[[152.4769,-21.982],[152.4765,-21.985],[152.4777,-21.9843],[152.4769,-21.982]],[[152.4168,-21.7891],[152.4179,-21.7916],[152.4191,-21.7909],[152.4168,-21.7891]],[[152.4515,-21.7904],[152.45,-21.7879],[152.4491,-21.7901],[152.4515,-21.7904]]],[[[148.6875,-20.125],[148.6875,-20.0625],[148.8125,-20.0625],[148.8125,-20.0],[149.0625,-20.0],[149.0625,-20.125],[149.3125,-20.125],[149.3125,-20.25],[149.375,-20.25],[149.375,-20.5625],[149.5,-20.5625],[149.5,-20.625],[149.5625,-20.625],[149.5625,-20.6875],[149.8125,-20.6875],[149.8125,-20.75],[149.75,-20.75],[149.75,-20.875],[149.6239,-20.875],[149.6217,-20.8602],[149.6059,-20.8508],[149.6011,-20.8666],[149.5894,-20.8644],[149.5859,-20.875],[149.5625,-20.875],[149.5625,-21.125],[149.625,-21.125],[149.625,-21.1875],[149.875,-21.1875],[149.875,-21.25],[150.0625,-21.25],[150.0625,-21.1875],[150.125,-21.1875],[150.125,-21.25],[150.25,-21.25],[150.25,-21.3125],[150.375,-21.3125],[150.375,-21.375],[150.4375,-21.375],[150.4375,-21.75],[150.5,-21.75],[150.5,-21.8125],[150.625,-21.8125],[150.625,-21.875],[150.6875,-21.875],[150.6875,-21.9375],[150.8125,-22.0],[150.8125,-22.125],[150.875,-22.125],[150.875,-22.3125],[150.8125,-22.3125],[150.8125,-22.375],[150.75,-22.375],[150.75,-22.3125],[150.5625,-22.3125],[150.5625,-22.3326],[150.5437,-22.367],[150.5345,-22.427],[150.5453,-22.4814],[150.5625,-22.5],[150.5,-22.5],[150.5,-22.3491],[150.5264,-22.3351],[150.5608,-22.2958],[150.5525,-22.2823],[150.5298,-22.2717],[150.5046,-22.2167],[150.4784,-22.2162],[150.4937,-22.2551],[150.4578,-22.3102],[150.4714,-22.3027],[150.4866,-22.3125],[150.375,-22.3125],[150.3438,-22.25],[150.1875,-22.25],[150.1875,-22.1875],[150.0899,-22.1875],[150.0816,-22.1624],[150.0536,-22.1415],[149.9905,-22.1629],[149.9782,-22.1738],[149.9235,-22.2983],[149.9507,-22.3443],[149.9299,-22.3381],[149.9372,-22.3801],[149.9556,-22.4011],[149.999,-22.5],[149.9375,-22.5],[149.9375,-22.4375],[149.869,-22.4375],[149.8308,-22.3886],[149.8128,-22.3781],[149.7736,-22.4375],[149.75,-22.4375],[149.7538,-22.3766],[149.7663,-22.3647],[149.75,-22.3498],[149.75,-22.3125],[149.6875,-22.3125],[149.6875,-22.2812],[149.625,-22.25],[149.625,-22.125],[149.5625,-22.125],[149.5625,-22.0],[149.5136,-22.0],[149.5,-21.9783],[149.5,-21.4375],[149.375,-21.375],[149.375,-21.3125],[149.5,-21.25],[149.5,-20.9375],[149.4474,-20.9375],[149.4603,-20.9171],[149.4524,-20.9075],[149.4375,-20.9062],[149.4375,-20.875],[149.3125,-20.875],[149.3125,-20.75],[149.1875,-20.75],[149.1875,-20.6875],[149.1558,-20.6875],[149.1649,-20.6767],[149.1584,-20.6677],[149.1507,-20.6659],[149.1456,-20.6875],[149.0625,-20.6875],[149.0625,-20.625],[148.875,-20.625],[148.875,-20.5221],[148.896,-20.5243],[148.9022,-20.5349],[148.9197,-20.5296],[148.937,-20.5349],[148.8981,-20.4773],[148.9233,-20.4728],[148.8508,-20.4211],[148.8402,-20.3909],[148.8494,-20.3487],[148.8402,-20.3289],[148.8167,-20.3215],[148.8125,-20.3102],[148.8125,-20.125],[148.6875,-20.125]],[[149.9165,-22.0419],[149.8897,-22.0732],[149.896,-22.0829],[149.874,-22.1186],[149.868,-22.1624],[149.8823,-22.1928],[149.8776,-22.22],[149.8885,-22.2268],[149.9087,-22.2164],[149.9216,-22.1907],[149.93,-22.1345],[149.9097,-22.0866],[149.9165,-22.0419]],[[150.2932,-21.7477],[150.3428,-21.7717],[150.3689,-21.7267],[150.3411,-21.7409],[150.3177,-21.7341],[150.2932,-21.7409],[150.2932,-21.7477]],[[150.3053,-21.6598],[150.2461,-21.6236],[150.2516,-21.6515],[150.242,-21.6635],[150.2461,-21.6789],[150.2575,-21.6684],[150.2804,-21.6833],[150.2905,-21.6811],[150.2932,-21.6721],[150.3001,-21.6789],[150.3053,-21.6598]],[[149.0941,-20.4182],[149.0706,-20.4899],[149.0394,-20.5007],[149.0531,-20.5281],[149.0721,-20.5162],[149.0926,-20.4861],[149.1151,-20.4797],[149.0984,-20.4532],[149.0941,-20.4182]],[[149.0734,-20.3],[149.0462,-20.2742],[149.0296,-20.2394],[149.0041,-20.2293],[149.0052,-20.2022],[148.9849,-20.1515],[148.9695,-20.1645],[148.95,-20.2327],[148.9689,-20.2377],[148.964,-20.2506],[148.927,-20.2873],[148.947,-20.2941],[148.9712,-20.281],[148.9712,-20.3215],[149.0038,-20.3116],[149.0189,-20.3289],[149.0394,-20.2873],[149.0674,-20.3152],[149.0734,-20.3]],[[148.9575,-20.1438],[148.9439,-20.1135],[148.9802,-20.0569],[148.9637,-20.0416],[148.948,-20.0637],[148.937,-20.0688],[148.9202,-20.0608],[148.909,-20.0688],[148.9159,-20.0893],[148.8879,-20.1218],[148.8843,-20.1469],[148.9022,-20.165],[148.909,-20.1515],[148.9159,-20.1575],[148.9251,-20.1515],[148.9233,-20.1786],[148.9575,-20.1438]],[[150.0081,-22.1023],[149.999,-22.1164],[149.9786,-22.12],[149.9369,-22.148],[149.9408,-22.1664],[149.9723,-22.159],[150.017,-22.1262],[150.0154,-22.114],[150.0378,-22.1114],[150.0081,-22.1023]],[[149.877,-21.9897],[149.8477,-22.0022],[149.8471,-22.012],[149.8635,-22.0146],[149.8862,-21.9944],[149.877,-21.9897]],[[150.1816,-21.9723],[150.1505,-21.9716],[150.1629,-21.986],[150.166,-22.0041],[150.1813,-21.9956],[150.1847,-21.9807],[150.1816,-21.9723]],[[149.8141,-21.5916],[149.7861,-21.6051],[149.7942,-21.6152],[149.8186,-21.6085],[149.8141,-21.5916]],[[149.6771,-21.3014],[149.6684,-21.3138],[149.6839,-21.3325],[149.6946,-21.3246],[149.6771,-21.3014]],[[149.4682,-20.7304],[149.4735,-20.7501],[149.4834,-20.7462],[149.4682,-20.7304]],[[148.8674,-20.3583],[148.8609,-20.3183],[148.8536,-20.3374],[148.8594,-20.3794],[148.8794,-20.398],[148.885,-20.3862],[148.8674,-20.3583]],[[148.8338,-20.255],[148.8281,-20.2743],[148.8325,-20.2861],[148.846,-20.2734],[148.8503,-20.2559],[148.8403,-20.2617],[148.8338,-20.255]]],[[[148.8125,-20.5],[148.8125,-20.4358],[148.8328,-20.4563],[148.8272,-20.4933],[148.8463,-20.5],[148.8125,-20.5]]],[[[152.3125,-21.0],[152.375,-21.125],[152.125,-21.125],[152.125,-20.9375],[152.25,-20.9375],[152.25,-21.0],[152.3125,-21.0]]],[[[151.875,-21.6875],[151.6875,-21.6875],[151.6875,-21.75],[151.5625,-21.75],[151.5625,-21.625],[151.4375,-21.5625],[151.4375,-21.375],[151.3125,-21.375],[151.3125,-21.25],[151.25,-21.25],[151.25,-20.9375],[151.0625,-20.9375],[151.0625,-20.8125],[150.9375,-20.8125],[150.9375,-20.6875],[150.8125,-20.6875],[150.8125,-20.625],[150.1875,-20.625],[150.1875,-20.5625],[150.0,-20.5625],[150.0,-20.5],[150.125,-20.5],[150.125,-20.3125],[150.0,-20.3125],[149.9375,-20.1875],[149.8125,-20.1875],[149.8125,-20.0625],[149.75,-20.0625],[149.75,-20.0],[149.625,-20.0],[149.625,-19.9375],[149.5625,-19.9375],[149.5625,-19.8125],[149.125,-19.8125],[149.125,-19.5625],[149.0625,-19.5625],[149.0625,-19.5],[148.875,-19.5],[148.875,-19.4375],[148.6875,-19.4375],[148.6875,-19.3125],[148.8125,-19.3125],[148.8125,-19.375],[149.25,-19.375],[149.25,-19.4375],[149.3125,-19.4375],[149.3438,-19.5],[149.375,-19.5],[149.375,-19.5625],[149.6875,-19.5625],[149.6875,-19.5],[149.75,-19.5],[149.75,-19.5625],[150.0625,-19.5625],[150.0625,-19.625],[150.1875,-19.625],[150.1875,-19.6875],[150.3125,-19.75],[150.3125,-19.875],[150.375,-19.875],[150.375,-19.9375],[150.4375,-19.9375],[150.4688,-20.0],[150.5,-20.0],[150.5312,-20.0625],[150.625,-20.0625],[150.625,-20.125],[150.75,-20.125],[150.75,-20.1875],[150.8125,-20.1875],[150.8125,-20.375],[150.9375,-20.375],[150.9375,-20.4375],[151.0,-20.4375],[151.0,-20.625],[151.125,-20.625],[151.125,-20.6875],[151.25,-20.6875],[151.25,-20.75],[151.3125,-20.75],[151.375,-20.875],[151.5,-20.875],[151.5,-20.9375],[151.6875,-20.9375],[151.6875,-21.0],[151.75,-21.0],[151.7812,-21.0625],[151.8125,-21.0625],[151.8125,-21.125],[151.9375,-21.125],[151.9375,-21.1875],[152.0625,-21.1875],[152.0625,-21.25],[151.9375,-21.25],[151.9375,-21.4375],[152.0,-21.4375],[152.0,-21.5],[151.875,-21.5],[151.875,-21.6875]],[[151.625,-21.125],[151.625,-21.3125],[151.8125,-21.3125],[151.8125,-21.125],[151.625,-21.125]],[[150.375,-20.5],[150.625,-20.5],[150.625,-20.3125],[150.375,-20.3125],[150.375,-20.5]]],[[[152.6875,-11.1441],[152.7074,-11.1398],[152.7044,-11.127],[152.7037,-11.1328],[152.6878,-11.1342],[152.6901,-11.125],[152.875,-11.125],[152.875,-11.0],[152.9375,-11.0],[152.9375,-11.0625],[153.0625,-11.0625],[153.1233,-11.1841],[153.0625,-11.1875],[153.0625,-11.25],[152.9375,-11.25],[152.9375,-11.1875],[152.6875,-11.1875],[152.6875,-11.1441]],[[152.9178,-11.1634],[152.9124,-11.1712],[152.9013,-11.1651],[152.9217,-11.1874],[152.9268,-11.1825],[152.9178,-11.1634]],[[152.771,-11.1663],[152.7889,-11.1571],[152.7682,-11.1548],[152.771,-11.1663]],[[153.0021,-11.1537],[152.9737,-11.1896],[152.9966,-11.2067],[153.0051,-11.1995],[153.0215,-11.214],[153.033,-11.2083],[153.0291,-11.1948],[153.0436,-11.1582],[153.0021,-11.1537]],[[153.0498,-11.1582],[153.0589,-11.1734],[153.0698,-11.1734],[153.0877,-11.156],[153.0781,-11.1493],[153.0498,-11.1582]]],[[[152.5,-11.125],[152.5,-11.1875],[152.3125,-11.1875],[152.3125,-11.3125],[152.25,-11.3125],[152.25,-11.25],[152.0,-11.25],[152.0,-11.1875],[151.375,-11.1875],[151.375,-11.125],[151.125,-11.125],[151.125,-11.0625],[151.0625,-11.0625],[151.0625,-10.9375],[150.9375,-10.875],[150.9375,-10.6875],[151.0,-10.6875],[151.0,-10.6369],[151.0151,-10.6625],[151.032,-10.6711],[151.0464,-10.6697],[151.0467,-10.6603],[151.0679,-10.6399],[151.0449,-10.6368],[151.047,-10.6274],[151.0747,-10.6057],[151.0608,-10.5938],[151.0467,-10.6057],[151.02,-10.5915],[151.0,-10.5915],[151.0,-10.5625],[151.125,-10.5625],[151.125,-10.6875],[151.0625,-10.6875],[151.0625,-10.8438],[151.125,-10.875],[151.1875,-11.0],[151.4375,-11.0],[151.4375,-11.0625],[152.0,-11.0625],[152.0312,-11.125],[152.0625,-11.125],[152.0625,-11.1875],[152.25,-11.1875],[152.25,-11.125],[152.5,-11.125]],[[152.3154,-11.1301],[152.3344,-11.1439],[152.3477,-11.1356],[152.3313,-11.1358],[152.3154,-11.1301]]],[[[152.375,-10.7031],[152.4054,-10.7211],[152.4133,-10.6947],[152.406,-10.6875],[152.5,-10.6875],[152.5,-10.75],[152.6875,-10.75],[152.6875,-10.875],[152.5625,-10.875],[152.5625,-10.8125],[152.4375,-10.8125],[152.4375,-10.75],[152.375,-10.75],[152.375,-10.7031]]],[[[143.4375,-12.0],[143.4375,-11.9375],[143.1875,-11.9375],[143.1875,-11.875],[143.125,-11.875],[143.125,-11.8125],[143.25,-11.8125],[143.25,-11.625],[143.1875,-11.625],[143.1875,-11.5625],[143.0625,-11.5625],[143.0625,-11.5],[143.1875,-11.5],[143.1875,-11.1875],[143.0,-11.1875],[143.0,-11.3125],[142.9375,-11.3125],[142.9375,-11.125],[142.8125,-11.125],[142.8125,-11.0],[142.75,-11.0],[142.75,-10.9375],[142.625,-10.875],[142.625,-10.75],[142.5496,-10.7082],[142.5501,-10.6902],[142.5403,-10.6887],[142.5051,-10.715],[142.4486,-10.7145],[142.425,-10.7451],[142.4011,-10.8204],[142.3519,-10.875],[142.1875,-10.875],[142.1875,-10.9273],[142.1562,-10.9375],[142.125,-11.0],[142.0625,-11.0],[142.0625,-10.9375],[142.0,-10.9375],[142.0,-9.1882],[142.0625,-9.1875],[142.0625,-9.25],[142.1672,-9.25],[142.1509,-9.2714],[142.2222,-9.2911],[142.2791,-9.287],[142.2801,-9.2617],[142.2404,-9.25],[142.25,-9.25],[142.25,-9.1875],[142.2902,-9.1875],[142.3191,-9.2037],[142.375,-9.2155],[142.375,-9.25],[142.4793,-9.25],[142.5773,-9.3238],[142.6125,-9.3346],[142.6526,-9.3303],[142.7078,-9.2995],[142.731,-9.2778],[142.8031,-9.25],[142.8125,-9.25],[142.8125,-9.3125],[143.0,-9.3125],[143.0,-9.1286],[143.125,-9.125],[143.1733,-9.0429],[143.2354,-9.0361],[143.2285,-9.0292],[143.3148,-9.0235],[143.3722,-9.0],[143.3872,-9.0],[143.3804,-9.0244],[143.3951,-9.0351],[143.4039,-9.0381],[143.4155,-9.0221],[143.4299,-9.0286],[143.4452,-8.9939],[143.4375,-8.9717],[143.4375,-8.7661],[143.4392,-8.774],[143.4503,-8.7731],[143.4571,-8.7402],[143.5625,-8.6875],[143.5625,-8.6662],[143.6058,-8.6892],[143.617,-8.7219],[143.6289,-8.7304],[143.6423,-8.7262],[143.6525,-8.7065],[143.6444,-8.6613],[143.6292,-8.6447],[143.5879,-8.6314],[143.5625,-8.6105],[143.5625,-8.5],[143.3915,-8.5],[143.375,-8.4941],[143.375,-8.4375],[143.4452,-8.4391],[143.4619,-8.4582],[143.5301,-8.4855],[143.5818,-8.4867],[143.6106,-8.475],[143.6115,-8.4622],[143.5886,-8.4208],[143.5848,-8.3813],[143.5737,-8.3737],[143.5,-8.3653],[143.5,-8.244],[143.6125,-8.2392],[143.6292,-8.2304],[143.635,-8.2114],[143.628,-8.1875],[143.8125,-8.1875],[143.8125,-8.125],[143.875,-8.125],[143.875,-8.0389],[143.8983,-8.0279],[143.9138,-8.0076],[143.9063,-8.0],[144.5625,-8.0],[144.5625,-8.125],[144.3125,-8.125],[144.3125,-8.1875],[144.1875,-8.25],[144.1875,-8.375],[144.125,-8.375],[144.125,-8.4375],[144.0,-8.4375],[144.0,-8.5625],[143.9375,-8.5625],[143.9375,-8.625],[143.875,-8.625],[143.875,-8.75],[143.8125,-8.75],[143.8125,-9.0625],[143.75,-9.0625],[143.75,-9.3125],[143.8125,-9.3125],[143.8125,-9.375],[143.9375,-9.375],[143.9375,-9.625],[144.125,-9.625],[144.125,-9.5625],[144.1875,-9.5625],[144.1875,-9.5],[144.3125,-9.4375],[144.3125,-9.5625],[144.25,-9.5625],[144.25,-9.75],[144.3125,-9.75],[144.3125,-9.8125],[144.25,-9.8125],[144.25,-9.875],[144.1875,-9.9062],[144.1875,-9.9375],[144.125,-9.9375],[144.125,-10.0625],[144.0,-10.0625],[144.0,-10.8125],[144.0625,-10.8125],[144.0625,-11.3125],[144.0,-11.3125],[144.0,-11.5],[143.875,-11.5],[143.875,-11.75],[143.8125,-11.75],[143.8125,-11.9375],[143.875,-11.9375],[143.875,-12.0],[143.8125,-12.0312],[143.8125,-12.0625],[143.75,-12.0938],[143.75,-12.3125],[143.8125,-12.3125],[143.8125,-12.375],[143.75,-12.375],[143.75,-12.5],[143.5,-12.5],[143.5,-12.4375],[143.5625,-12.4375],[143.5625,-12.0],[143.4375,-12.0]],[[143.75,-11.75],[143.5625,-11.75],[143.5625,-11.9375],[143.75,-11.9375],[143.75,-11.75]],[[142.2123,-10.5976],[142.1932,-10.5915],[142.1802,-10.6154],[142.1458,-10.6391],[142.1235,-10.6436],[142.1123,-10.6843],[142.1455,-10.7492],[142.187,-10.7696],[142.2061,-10.7331],[142.2831,-10.7145],[142.2788,-10.6905],[142.2554,-10.6667],[142.2123,-10.5976]],[[142.2537,-10.6254],[142.2744,-10.6408],[142.3031,-10.6325],[142.3252,-10.6124],[142.3189,-10.5886],[142.2943,-10.5732],[142.2622,-10.5778],[142.2473,-10.5998],[142.2537,-10.6254]],[[142.2317,-10.1419],[142.2144,-10.1533],[142.2111,-10.183],[142.1932,-10.1936],[142.2012,-10.2204],[142.2212,-10.2421],[142.2485,-10.2403],[142.2898,-10.2602],[142.3167,-10.2135],[142.3405,-10.1909],[142.332,-10.1697],[142.3145,-10.1486],[142.2935,-10.1389],[142.2317,-10.1419]],[[142.1572,-10.053],[142.1421,-10.0504],[142.097,-10.1186],[142.0991,-10.1357],[142.1387,-10.1725],[142.1429,-10.1856],[142.1548,-10.1881],[142.167,-10.1821],[142.1901,-10.1437],[142.1978,-10.1021],[142.1901,-10.081],[142.1572,-10.053]],[[142.6936,-9.3796],[142.6375,-9.374],[142.6123,-9.3832],[142.6012,-9.3995],[142.6122,-9.4163],[142.6416,-9.4284],[142.7139,-9.4286],[142.742,-9.4192],[142.7826,-9.3863],[142.7546,-9.3698],[142.6936,-9.3796]],[[143.8159,-8.4954],[143.7803,-8.5133],[143.7826,-8.5276],[143.7961,-8.5383],[143.8135,-8.5309],[143.8229,-8.5095],[143.8159,-8.4954]],[[143.6569,-8.3547],[143.6379,-8.3406],[143.5996,-8.3326],[143.5506,-8.3362],[143.5409,-8.35],[143.5899,-8.3718],[143.6257,-8.4124],[143.6677,-8.428],[143.6817,-8.4127],[143.6569,-8.3547]],[[143.4689,-11.9281],[143.4754,-11.9207],[143.4689,-11.9143],[143.4689,-11.9281]],[[143.8599,-11.5815],[143.8595,-11.5844],[143.8607,-11.5838],[143.8599,-11.5815]],[[142.6696,-10.6306],[142.6438,-10.6192],[142.635,-10.6289],[142.6515,-10.6568],[142.6696,-10.6306]],[[142.1878,-10.5498],[142.183,-10.5641],[142.1953,-10.5751],[142.2185,-10.5668],[142.2288,-10.5282],[142.2215,-10.523],[142.1878,-10.5498]],[[142.3145,-10.5079],[142.287,-10.5259],[142.3065,-10.5446],[142.3226,-10.5353],[142.3145,-10.5079]],[[142.8495,-10.0195],[142.8316,-10.0206],[142.8356,-10.0372],[142.8539,-10.0544],[142.8677,-10.037],[142.8495,-10.0195]],[[142.1988,-9.9488],[142.1795,-9.944],[142.1633,-9.9529],[142.1787,-9.9753],[142.1988,-9.9488]],[[144.0586,-9.9093],[144.037,-9.918],[144.043,-9.9286],[144.0586,-9.9093]],[[142.9155,-9.8456],[142.8965,-9.8556],[142.9028,-9.8688],[142.9455,-9.8589],[142.9155,-9.8456]],[[142.6241,-9.766],[142.626,-9.7778],[142.6479,-9.773],[142.6458,-9.7624],[142.6241,-9.766]],[[143.7638,-9.6022],[143.7739,-9.5995],[143.7827,-9.5839],[143.7774,-9.5729],[143.7702,-9.5829],[143.7552,-9.5839],[143.7638,-9.6022]],[[142.3112,-9.5628],[142.287,-9.5548],[142.2625,-9.5531],[142.2641,-9.5628],[142.3015,-9.5754],[142.3111,-9.5712],[142.3112,-9.5628]],[[143.202,-9.1301],[143.2201,-9.1444],[143.2528,-9.1476],[143.2651,-9.1377],[143.27,-9.1075],[143.2508,-9.0966],[143.2045,-9.1193],[143.202,-9.1301]],[[143.21,-9.1034],[143.231,-9.0845],[143.2258,-9.0769],[143.1965,-9.0704],[143.1845,-9.0874],[143.21,-9.1034]],[[143.6157,-8.4824],[143.5996,-8.5102],[143.6126,-8.5313],[143.632,-8.5396],[143.6729,-8.5187],[143.6749,-8.5057],[143.6621,-8.4835],[143.6371,-8.4719],[143.6157,-8.4824]],[[143.7777,-8.5034],[143.7867,-8.4755],[143.779,-8.4581],[143.7583,-8.4429],[143.7263,-8.4367],[143.716,-8.4577],[143.7221,-8.4726],[143.7654,-8.5091],[143.7777,-8.5034]]],[[[130.3125,33.0],[130.3125,33.0625],[130.4242,33.0625],[130.4272,33.0],[130.3125,33.0]]],[[[124.125,33.0625],[124.375,33.0625],[124.375,33.0],[124.0,33.0],[124.0,33.125],[124.125,33.125],[124.125,33.0625]]],[[[129.125,33.0625],[129.125,33.161],[129.1329,33.158],[129.1435,33.1898],[129.1197,33.2128],[129.1186,33.1875],[129.0585,33.1875],[129.0912,33.1885],[129.0824,33.2019],[129.0957,33.212],[129.0619,33.2102],[129.049,33.2194],[129.0291,33.1996],[129.0455,33.1875],[129.0,33.1875],[129.0625,33.3125],[129.4375,33.3125],[129.4373,33.2967],[129.4064,33.275],[129.4168,33.2369],[129.394,33.2395],[129.3777,33.2146],[129.4065,33.194],[129.3848,33.1835],[129.3499,33.2135],[129.3425,33.1796],[129.376,33.1697],[129.4375,33.1931],[129.4375,33.0625],[129.5,33.0625],[129.5,33.0],[129.254,33.0],[129.2595,33.0185],[129.2469,33.015],[129.2462,33.0229],[129.2233,33.0],[129.1875,33.0],[129.1959,33.015],[129.1875,33.0183],[129.1875,33.0625],[129.125,33.0625]],[[129.1355,33.2999],[129.0891,33.2833],[129.075,33.2599],[129.1273,33.2475],[129.1502,33.2765],[129.1355,33.2999]],[[129.3536,33.0219],[129.3373,33.0091],[129.3521,33.0004],[129.3536,33.0219]],[[129.0146,33.2115],[129.0143,33.1997],[129.0221,33.199],[129.0265,33.2069],[129.0146,33.2115]]],[[[126.3125,33.125],[126.3125,33.0625],[126.125,33.0625],[126.125,33.125],[126.0,33.125],[126.0,33.375],[126.1875,33.375],[126.1934,33.3631],[126.1611,33.3008],[126.1714,33.2694],[126.2008,33.2436],[126.2312,33.2349],[126.2539,33.204],[126.27,33.1976],[126.2861,33.2004],[126.3038,33.2266],[126.3334,33.2382],[126.375,33.2387],[126.375,33.125],[126.3125,33.125]]],[[[132.0,33.5],[132.0,33.4375],[131.9375,33.4375],[131.9375,33.5],[132.0,33.5]]],[[[129.8125,33.6875],[129.75,33.6875],[129.75,33.7371],[129.7839,33.7382],[129.7997,33.751],[129.7996,33.7648],[129.7764,33.7734],[129.7764,33.7797],[129.7969,33.7864],[129.7668,33.8021],[129.7629,33.8125],[129.9375,33.8125],[129.9375,33.5625],[129.8125,33.5625],[129.8125,33.6875]],[[129.8661,33.5932],[129.8627,33.6183],[129.855,33.6177],[129.8482,33.5998],[129.8581,33.5878],[129.8661,33.5932]]],[[[125.0,38.625],[125.0,38.5915],[124.9839,38.5919],[124.9809,38.5842],[124.9957,38.574],[125.0,38.5],[124.9375,38.5],[124.9375,38.4266],[124.928,38.4091],[124.8802,38.3464],[124.8125,38.3125],[124.8125,38.1843],[124.7733,38.176],[124.7651,38.1561],[124.7451,38.1479],[124.6978,38.145],[124.6736,38.1372],[124.6672,38.1257],[124.6771,38.1154],[124.7938,38.0978],[124.8655,38.1071],[124.882,38.125],[124.9044,38.125],[124.9375,38.0981],[124.9375,38.0625],[125.0,38.0625],[125.0,37.9562],[124.9837,37.9423],[124.9795,37.9252],[125.0129,37.9375],[125.0066,37.9184],[125.0132,37.906],[125.0621,37.8961],[125.1004,37.8751],[125.1875,37.8704],[125.1875,37.819],[125.1414,37.7995],[125.1477,37.7856],[125.1924,37.8125],[125.3125,37.81],[125.3125,37.7609],[125.2795,37.7494],[125.2746,37.7338],[125.2502,37.7317],[125.2206,37.7038],[125.2263,37.6964],[125.261,37.7074],[125.3206,37.75],[125.3566,37.75],[125.3351,37.6863],[125.3475,37.6756],[125.3616,37.6801],[125.3853,37.7164],[125.4387,37.7198],[125.4746,37.7312],[125.4881,37.75],[125.5625,37.75],[125.5625,37.7876],[125.5828,37.7819],[125.5752,37.7744],[125.584,37.7675],[125.6135,37.7614],[125.6204,37.7741],[125.6092,37.8063],[125.6875,37.8125],[125.6875,37.875],[125.8125,37.9375],[125.8125,37.875],[125.8873,37.875],[125.9216,37.8449],[125.9559,37.8403],[125.9862,37.8228],[125.9713,37.875],[126.0,37.875],[126.0,37.8125],[126.0609,37.8125],[126.0628,37.8022],[126.0869,37.8004],[126.1104,37.7409],[126.1582,37.7335],[126.1654,37.7683],[126.1503,37.8125],[126.1875,37.8125],[126.1875,37.8421],[126.25,37.8446],[126.25,37.8125],[126.2341,37.8023],[126.2205,37.7713],[126.2245,37.7604],[126.25,37.7668],[126.25,37.75],[126.3125,37.75],[126.282,37.6993],[126.3125,37.6804],[126.3125,37.625],[126.3758,37.625],[126.4102,37.602],[126.4761,37.6111],[126.5,37.5962],[126.5,37.5625],[126.5966,37.5625],[126.6038,37.5493],[126.6011,37.5068],[126.6065,37.4968],[126.625,37.4984],[126.625,37.4905],[126.6048,37.4857],[126.595,37.4723],[126.596,37.4397],[126.625,37.4273],[126.625,37.3972],[126.6151,37.3797],[126.625,37.3737],[126.625,37.125],[126.75,37.125],[126.7582,37.1085],[126.7512,37.0701],[126.7552,37.0488],[126.7926,37.0398],[126.8125,37.0],[126.6173,37.0],[126.5191,37.0554],[126.5007,37.055],[126.5029,37.0395],[126.5123,37.0164],[126.5354,37.0],[126.4968,37.0078],[126.4944,37.0],[126.4473,37.0],[126.4277,37.0084],[126.3909,37.0079],[126.3911,37.0],[126.3125,37.0],[126.3125,36.9375],[126.3064,36.9375],[126.3089,36.9669],[126.2857,36.9611],[126.2812,36.9375],[126.1875,36.9375],[126.1875,36.7829],[126.1656,36.8161],[126.1282,36.7613],[126.1328,36.7038],[126.1502,36.7239],[126.1582,36.7608],[126.1875,36.7484],[126.1875,36.706],[126.157,36.7021],[126.1656,36.6789],[126.188,36.6738],[126.25,36.6875],[126.25,36.625],[126.297,36.625],[126.2886,36.61],[126.2953,36.5827],[126.3148,36.6016],[126.343,36.61],[126.3293,36.625],[126.3748,36.625],[126.4242,36.6066],[126.4377,36.625],[126.5,36.625],[126.5,36.6035],[126.4577,36.5956],[126.4703,36.5402],[126.5,36.5311],[126.5,36.5127],[126.4834,36.497],[126.4828,36.4858],[126.5,36.4461],[126.5,36.375],[126.5625,36.3692],[126.5625,36.3405],[126.5288,36.3339],[126.5138,36.3227],[126.5563,36.3094],[126.4375,36.25],[126.4375,36.0625],[126.5,36.0625],[126.5,36.0],[126.5625,36.0],[126.5625,35.9741],[126.5214,35.9705],[126.5257,35.9404],[126.5625,35.945],[126.5625,35.875],[126.625,35.875],[126.625,35.75],[126.5,35.6875],[126.5,35.6564],[126.4676,35.6396],[126.4637,35.602],[126.5,35.5836],[126.5,35.5275],[126.4711,35.5],[126.4375,35.5],[126.4375,35.438],[126.4182,35.394],[126.4321,35.375],[126.3125,35.375],[126.3125,35.1875],[126.25,35.1875],[126.25,35.0624],[126.2185,35.0766],[126.2385,35.0919],[126.236,35.0984],[126.2166,35.1037],[126.1986,35.0971],[126.1775,35.1058],[126.1587,35.0942],[126.1848,35.0627],[126.2361,35.0519],[126.2341,35.0383],[126.25,35.026],[126.25,35.0062],[126.2431,35.0045],[126.2494,34.9981],[126.25,34.9375],[126.3125,34.9375],[126.3125,34.9146],[126.2865,34.9129],[126.2976,34.8942],[126.2927,34.8807],[126.2307,34.8546],[126.2487,34.8447],[126.3125,34.8531],[126.3125,34.7825],[126.3059,34.7795],[126.3125,34.7513],[126.2903,34.7502],[126.2694,34.6713],[126.2711,34.6425],[126.3125,34.6216],[126.3125,34.6041],[126.3015,34.6089],[126.2918,34.5991],[126.3125,34.5765],[126.3125,34.5427],[126.2804,34.5683],[126.2477,34.5748],[126.2411,34.5665],[126.2744,34.5373],[126.2683,34.522],[126.2383,34.5157],[126.2266,34.5276],[126.2238,34.5134],[126.187,34.4942],[126.1721,34.4649],[126.1442,34.4632],[126.1157,34.4362],[126.1033,34.4028],[126.1243,34.3823],[126.1243,34.4035],[126.1531,34.3885],[126.1585,34.3823],[126.1426,34.3638],[126.1448,34.355],[126.1985,34.3555],[126.3052,34.4017],[126.3093,34.424],[126.3359,34.4035],[126.364,34.4375],[126.375,34.4375],[126.375,34.375],[126.4878,34.375],[126.4796,34.3488],[126.5057,34.3499],[126.5274,34.3414],[126.5213,34.2942],[126.5789,34.3048],[126.6033,34.3004],[126.6245,34.375],[126.6424,34.375],[126.6449,34.3371],[126.6636,34.3234],[126.6875,34.3226],[126.6875,34.3125],[126.6966,34.3125],[126.689,34.3011],[126.7317,34.2894],[126.7417,34.2982],[126.7681,34.2892],[126.7599,34.3125],[126.8348,34.3125],[126.8406,34.3034],[126.8768,34.3122],[126.8933,34.3413],[126.875,34.3474],[126.875,34.375],[126.907,34.3553],[126.9406,34.375],[127.0,34.375],[127.0,34.5],[127.1875,34.5],[127.1875,34.4851],[127.1403,34.4787],[127.1105,34.4649],[127.1238,34.4552],[127.1174,34.4376],[127.169,34.4177],[127.2102,34.424],[127.235,34.4375],[127.3125,34.4375],[127.3125,34.375],[127.4375,34.375],[127.4375,34.3125],[127.3125,34.3125],[127.3125,34.25],[127.25,34.25],[127.25,34.3125],[127.0625,34.3125],[127.0625,34.25],[127.0,34.25],[127.0,34.125],[126.8125,34.125],[126.8125,34.0],[126.75,34.0],[126.75,33.75],[126.875,33.75],[126.875,33.6875],[127.0,33.6875],[127.0,33.5625],[127.0625,33.5625],[127.0625,33.5],[126.9633,33.5],[126.9514,33.5249],[126.9375,33.5],[126.9375,33.5625],[126.6875,33.5625],[126.5625,33.8125],[126.3125,33.8125],[126.3125,33.875],[125.9375,33.875],[125.9375,33.8125],[125.8125,33.8125],[125.8125,33.75],[125.5625,33.75],[125.5625,33.8125],[125.4375,33.8125],[125.375,33.9375],[124.6875,33.9375],[124.6875,34.125],[124.625,34.125],[124.625,34.1875],[124.875,34.1875],[124.875,34.375],[124.8125,34.375],[124.8125,34.6875],[124.6875,34.6875],[124.6875,34.75],[124.75,34.75],[124.75,34.875],[124.8125,34.875],[124.8125,34.9375],[125.0,34.9375],[125.0,35.125],[125.125,35.1875],[125.125,35.3125],[125.1875,35.3125],[125.1875,35.4375],[125.25,35.4375],[125.25,35.5],[125.3125,35.5],[125.3125,35.5625],[125.4375,35.625],[125.4375,35.75],[125.5,35.75],[125.5625,35.875],[125.9375,35.875],[125.9375,35.9375],[126.0625,35.9375],[126.0625,35.875],[126.3125,35.875],[126.3125,35.9375],[126.375,35.9375],[126.375,36.3125],[126.1875,36.3125],[126.1875,36.375],[125.9375,36.375],[125.9375,36.3125],[125.75,36.3125],[125.75,36.375],[125.625,36.4375],[125.625,36.5625],[125.5625,36.5625],[125.5625,36.75],[125.4375,36.8125],[125.4375,37.0625],[125.0625,37.0625],[125.0,37.1875],[124.75,37.1875],[124.75,37.25],[124.5,37.25],[124.5,37.3125],[124.375,37.3125],[124.375,37.375],[124.125,37.375],[124.125,37.4375],[124.0,37.4375],[124.0,39.0],[125.1875,39.0],[125.1875,38.9556],[125.152,38.8915],[125.1372,38.8035],[125.1453,38.7771],[125.1721,38.7632],[125.1875,38.7393],[125.1875,38.6875],[125.125,38.6875],[125.0625,38.6562],[125.0625,38.625],[125.0,38.625]],[[126.4321,36.4079],[126.4048,36.4796],[126.3838,36.4871],[126.3838,36.4933],[126.4048,36.4933],[126.3794,36.5184],[126.3811,36.5363],[126.3634,36.5738],[126.3735,36.5922],[126.3602,36.6094],[126.3412,36.6041],[126.3148,36.5818],[126.3298,36.5317],[126.3281,36.4711],[126.3386,36.4756],[126.3433,36.4666],[126.3569,36.4796],[126.3638,36.4735],[126.3457,36.4533],[126.3426,36.4384],[126.3538,36.4341],[126.3776,36.4462],[126.3611,36.4263],[126.3638,36.4114],[126.4321,36.4079]],[[125.9767,34.7283],[125.9524,34.7051],[125.9229,34.6954],[125.916,34.6876],[125.9251,34.671],[125.9597,34.6567],[125.9839,34.6606],[126.0054,34.6926],[125.9767,34.7283]],[[126.0007,34.7901],[125.9386,34.7765],[125.9251,34.7808],[125.9019,34.7711],[125.8909,34.7498],[125.8978,34.726],[125.9064,34.7193],[125.93,34.7226],[125.9517,34.7593],[125.9779,34.7571],[125.9865,34.7665],[126.0076,34.7597],[126.0007,34.7901]],[[126.0523,34.9075],[126.028,34.9099],[126.0143,34.8996],[125.9865,34.8627],[126.0314,34.869],[126.0547,34.8592],[126.0807,34.871],[126.0915,34.8969],[126.0812,34.9226],[126.0603,34.9269],[126.0523,34.9075]],[[126.1052,35.05],[126.1448,35.0825],[126.1314,35.1002],[126.1278,35.1206],[126.1652,35.1435],[126.1294,35.1429],[126.1113,35.1333],[126.0989,35.1133],[126.0691,35.1024],[126.056,35.0613],[126.1052,35.05]],[[126.5672,37.5112],[126.5148,37.5343],[126.5007,37.5302],[126.4937,37.5078],[126.4734,37.4993],[126.4189,37.4969],[126.3736,37.4716],[126.3593,37.4736],[126.3555,37.4662],[126.3713,37.4473],[126.365,37.4423],[126.3832,37.4375],[126.3995,37.4449],[126.4014,37.4345],[126.4163,37.4346],[126.4205,37.4224],[126.4434,37.4206],[126.5066,37.4656],[126.5831,37.4904],[126.5672,37.5112]],[[124.6494,37.9733],[124.624,37.9805],[124.6136,37.9451],[124.6441,37.9245],[124.6849,37.92],[124.7053,37.9327],[124.6784,37.942],[124.6833,37.9545],[124.7088,37.9563],[124.7282,37.947],[124.742,37.955],[124.7437,37.9697],[124.7327,37.9805],[124.7049,37.9887],[124.6494,37.9733]],[[124.8772,38.5363],[124.8494,38.5459],[124.8442,38.5552],[124.8322,38.553],[124.7944,38.5339],[124.7903,38.5174],[124.7995,38.5085],[124.822,38.5224],[124.904,38.4944],[124.8772,38.5363]],[[126.0994,34.6055],[126.0676,34.6255],[126.0601,34.6208],[126.0813,34.5808],[126.065,34.5638],[126.0313,34.5564],[126.0545,34.5489],[126.0316,34.539],[126.0352,34.5339],[126.0576,34.5325],[126.0994,34.5587],[126.1043,34.5898],[126.0994,34.6055]],[[126.0576,34.5726],[126.0604,34.5843],[126.0286,34.6342],[126.0166,34.6061],[126.0205,34.5714],[126.0286,34.5659],[126.0576,34.5726]],[[125.4339,34.6955],[125.4129,34.692],[125.3989,34.6718],[125.3923,34.6463],[125.3988,34.632],[125.4085,34.6286],[125.4592,34.6868],[125.4373,34.6883],[125.4339,34.6955]],[[126.1738,34.7445],[126.1636,34.755],[126.1178,34.77],[126.0696,34.7697],[126.1043,34.722],[126.1384,34.7235],[126.1594,34.7028],[126.1721,34.7038],[126.1779,34.7134],[126.1738,34.7445]],[[126.1687,34.7923],[126.1494,34.8081],[126.0925,34.7876],[126.1463,34.7619],[126.1582,34.7645],[126.1687,34.7923]],[[126.0641,34.8426],[126.0962,34.7988],[126.1159,34.8031],[126.1189,34.8238],[126.1421,34.8329],[126.1397,34.8579],[126.1531,34.865],[126.1472,34.8769],[126.1228,34.8788],[126.1133,34.8712],[126.1126,34.8534],[126.0938,34.8576],[126.0671,34.8505],[126.0641,34.8426]],[[126.2534,34.9292],[126.2302,34.9355],[126.2204,34.9224],[126.2254,34.9134],[126.2376,34.9131],[126.2534,34.9292]],[[126.1653,35.0552],[126.1374,35.0569],[126.1278,35.0482],[126.1724,35.0236],[126.1817,35.0291],[126.1809,35.044],[126.1653,35.0552]],[[126.2671,35.5741],[126.3057,35.6032],[126.3073,35.6166],[126.2761,35.6129],[126.2778,35.6074],[126.2565,35.596],[126.263,35.5918],[126.2525,35.5873],[126.2537,35.5744],[126.2671,35.5741]],[[126.1052,37.2236],[126.1117,37.2145],[126.1333,37.2123],[126.1592,37.2319],[126.1047,37.2675],[126.0886,37.226],[126.1052,37.2236]],[[126.4435,37.2731],[126.4353,37.264],[126.4357,37.2384],[126.4582,37.2313],[126.4695,37.2335],[126.4832,37.2543],[126.4983,37.2614],[126.4841,37.279],[126.4435,37.2731]],[[126.6139,37.2552],[126.5779,37.2711],[126.5767,37.2877],[126.5594,37.2786],[126.5408,37.2829],[126.5608,37.2513],[126.5393,37.1981],[126.5625,37.2004],[126.6135,37.2328],[126.6188,37.242],[126.6139,37.2552]],[[125.6804,37.6783],[125.6878,37.6518],[125.7062,37.6723],[125.6882,37.6793],[125.6804,37.6783]],[[125.0304,37.8362],[125.0254,37.8179],[125.0068,37.8193],[124.9977,37.8084],[125.0256,37.8083],[125.0446,37.8246],[125.0408,37.8345],[125.0304,37.8362]],[[124.7041,37.8444],[124.6765,37.8249],[124.6735,37.817],[124.6846,37.8],[124.7142,37.8096],[124.7183,37.8182],[124.7245,37.8437],[124.7041,37.8444]],[[125.1343,34.0469],[125.1364,34.0593],[125.1221,34.0838],[125.1022,34.0959],[125.0946,34.0901],[125.0921,34.0718],[125.1343,34.0469]],[[126.6077,34.1656],[126.5329,34.1791],[126.5151,34.1688],[126.5071,34.1389],[126.5178,34.1271],[126.5369,34.1265],[126.5818,34.1574],[126.616,34.157],[126.6077,34.1656]],[[126.6619,34.1657],[126.6731,34.1801],[126.6707,34.1899],[126.6453,34.1972],[126.6365,34.1872],[126.645,34.1775],[126.6387,34.1281],[126.6555,34.1168],[126.6654,34.1191],[126.6719,34.143],[126.6795,34.1466],[126.6619,34.1657]],[[126.8822,34.2133],[126.8608,34.2019],[126.8491,34.1744],[126.8532,34.159],[126.867,34.1628],[126.887,34.1514],[126.9019,34.1524],[126.9136,34.1577],[126.925,34.1849],[126.8993,34.2097],[126.8822,34.2133]],[[126.5962,34.226],[126.5564,34.2321],[126.5622,34.2223],[126.5498,34.1912],[126.5838,34.1756],[126.584,34.1863],[126.6066,34.1883],[126.6162,34.2133],[126.5962,34.226]],[[126.0887,34.3079],[126.0332,34.3149],[126.0217,34.2956],[126.0493,34.2802],[126.0846,34.2839],[126.0887,34.3079]],[[127.082,34.3559],[127.0459,34.3577],[127.0254,34.3813],[126.9915,34.3563],[127.0456,34.3354],[127.0388,34.3129],[127.074,34.3342],[127.0653,34.3398],[127.0969,34.3378],[127.082,34.3559]],[[126.3026,33.9538],[126.3218,33.9298],[126.3268,33.9453],[126.3407,33.9475],[126.3425,33.9567],[126.3026,33.9538]],[[126.5846,34.1138],[126.5816,34.1017],[126.6034,34.0973],[126.5949,34.1153],[126.5846,34.1138]],[[126.7637,34.2121],[126.7473,34.1894],[126.7591,34.177],[126.7698,34.1955],[126.7637,34.2121]],[[125.9315,34.2306],[125.9443,34.2321],[125.9553,34.2414],[125.9369,34.2474],[125.9263,34.2399],[125.9315,34.2306]],[[126.6205,34.2479],[126.5926,34.2416],[126.5985,34.2331],[126.626,34.2393],[126.6205,34.2479]],[[126.0539,34.2541],[126.0429,34.2375],[126.0231,34.2362],[126.0379,34.2244],[126.0429,34.2337],[126.0561,34.2267],[126.0684,34.241],[126.0539,34.2541]],[[125.9064,34.2583],[125.899,34.2462],[125.9144,34.2399],[125.9124,34.2496],[125.9224,34.2538],[125.9265,34.2463],[125.925,34.2588],[125.9064,34.2583]],[[126.5389,34.2757],[126.5574,34.2748],[126.5707,34.2808],[126.5392,34.2848],[126.5389,34.2757]],[[126.9727,34.3381],[126.9561,34.3255],[126.9688,34.3052],[126.9891,34.3076],[127.0136,34.325],[127.0028,34.3371],[126.9727,34.3381]],[[125.9961,34.3415],[125.9966,34.3273],[126.059,34.3238],[126.0371,34.3393],[125.9961,34.3415]],[[126.4706,34.3342],[126.476,34.3427],[126.466,34.3464],[126.4649,34.3407],[126.4706,34.3342]],[[125.3171,34.3862],[125.2838,34.3984],[125.2966,34.3801],[125.3171,34.3862]],[[127.2584,34.4045],[127.2395,34.4137],[127.2523,34.3839],[127.2706,34.3813],[127.2584,34.4045]],[[125.2904,34.4515],[125.2811,34.4386],[125.2829,34.4343],[125.2966,34.4424],[125.2904,34.4515]],[[127.0509,34.4163],[127.0516,34.4274],[127.0638,34.4046],[127.0703,34.413],[127.0742,34.425],[127.0631,34.4498],[127.0302,34.4566],[127.0255,34.4521],[127.042,34.4199],[127.0509,34.4163]],[[126.0333,34.4818],[126.0388,34.4606],[126.0677,34.4821],[126.0483,34.4971],[126.0333,34.4818]],[[125.8551,34.6285],[125.8256,34.6178],[125.8019,34.6214],[125.8208,34.6084],[125.814,34.6046],[125.8206,34.5961],[125.858,34.6066],[125.8551,34.6285]],[[125.9626,34.6444],[125.9457,34.6364],[125.9768,34.6187],[125.9741,34.6341],[125.9626,34.6444]],[[125.4556,34.6436],[125.4654,34.6374],[125.4816,34.656],[125.466,34.6554],[125.4556,34.6436]],[[126.1742,34.6638],[126.1581,34.6536],[126.1605,34.6697],[126.1491,34.6718],[126.1159,34.6494],[126.1289,34.6415],[126.1276,34.6133],[126.1621,34.6259],[126.1762,34.6236],[126.2002,34.6374],[126.1873,34.6406],[126.1742,34.6638]],[[125.3814,34.6772],[125.3621,34.6764],[125.3708,34.6666],[125.3814,34.6772]],[[126.1026,34.6965],[126.1082,34.7014],[126.1078,34.7134],[126.0946,34.7024],[126.1026,34.6965]],[[125.2143,34.7041],[125.2138,34.7152],[125.2038,34.7156],[125.1886,34.6847],[125.1783,34.6813],[125.1864,34.6623],[125.2143,34.7041]],[[126.2172,34.9855],[126.1995,34.9696],[126.2117,34.9532],[126.2172,34.9855]],[[126.178,34.9966],[126.1516,35.0213],[126.134,35.0246],[126.0972,35.0025],[126.1049,34.9955],[126.1518,34.9968],[126.138,34.9883],[126.1268,34.9473],[126.145,34.9512],[126.146,34.9659],[126.1776,34.9781],[126.178,34.9966]],[[126.0257,35.0933],[126.015,35.0994],[126.0094,35.0888],[126.0256,35.0758],[126.0257,35.0933]],[[126.1493,35.2746],[126.1493,35.2901],[126.1379,35.2975],[126.1306,35.2845],[126.1406,35.2689],[126.1493,35.2746]],[[126.0194,35.3452],[126.0062,35.3443],[126.0137,35.3319],[126.0391,35.3428],[126.0217,35.363],[126.0089,35.3546],[126.0194,35.3452]],[[126.4858,35.816],[126.4424,35.832],[126.4521,35.8065],[126.4595,35.8222],[126.4644,35.8112],[126.4858,35.816]],[[126.3788,35.8541],[126.3652,35.8528],[126.3604,35.8477],[126.3705,35.8445],[126.3805,35.8483],[126.3788,35.8541]],[[126.3591,36.3264],[126.3677,36.3366],[126.3532,36.3559],[126.3381,36.3301],[126.3591,36.3264]],[[126.4412,36.3648],[126.4281,36.385],[126.383,36.3751],[126.3875,36.3689],[126.4582,36.358],[126.4412,36.3648]],[[126.079,36.6723],[126.0836,36.6906],[126.0479,36.6717],[126.0547,36.6667],[126.079,36.6723]],[[126.0082,37.0206],[126.0139,37.0285],[125.9906,37.0294],[125.9867,37.0404],[125.9787,37.0405],[125.992,37.0192],[126.0082,37.0206]],[[126.4295,37.0414],[126.4456,37.0448],[126.4453,37.0574],[126.4212,37.0623],[126.4295,37.0414]],[[125.9517,37.0697],[125.9525,37.0831],[125.9645,37.0817],[125.9649,37.0891],[125.9476,37.0947],[125.94,37.0763],[125.9517,37.0697]],[[126.0633,37.0872],[126.0754,37.0828],[126.0851,37.1068],[126.0656,37.1037],[126.0597,37.0959],[126.0728,37.0937],[126.0633,37.0872]],[[126.3814,37.1149],[126.3929,37.0978],[126.3886,37.1153],[126.3814,37.1149]],[[126.245,37.1778],[126.2807,37.157],[126.268,37.1766],[126.2584,37.1825],[126.245,37.1778]],[[126.113,37.1801],[126.0895,37.1858],[126.09,37.1715],[126.1095,37.1651],[126.113,37.1801]],[[126.3403,37.2552],[126.2876,37.2687],[126.2807,37.2632],[126.322,37.2447],[126.3403,37.2552]],[[126.4347,37.3874],[126.4093,37.4084],[126.3991,37.3986],[126.4124,37.3675],[126.4361,37.372],[126.4347,37.3874]],[[126.4522,37.5367],[126.432,37.5222],[126.4651,37.5111],[126.4725,37.5335],[126.4522,37.5367]],[[126.3823,37.5321],[126.3485,37.5374],[126.3125,37.5562],[126.3316,37.5256],[126.3823,37.5321]],[[125.7199,37.6088],[125.7088,37.611],[125.7058,37.6017],[125.7199,37.6088]],[[126.2555,37.6266],[126.2528,37.6532],[126.227,37.6512],[126.2394,37.6361],[126.2555,37.6266]],[[126.1955,37.6559],[126.2065,37.6614],[126.1948,37.6839],[126.1579,37.674],[126.1955,37.6559]],[[126.142,37.687],[126.1302,37.6914],[126.1232,37.6889],[126.1387,37.6796],[126.142,37.687]],[[126.2431,37.717],[126.2246,37.7231],[126.2184,37.7206],[126.2431,37.717]],[[125.6504,37.7337],[125.6496,37.7379],[125.6467,37.7353],[125.6504,37.7337]],[[125.235,37.74],[125.2399,37.7547],[125.2143,37.7552],[125.235,37.74]],[[124.7415,37.7753],[124.7298,37.7586],[124.7706,37.7748],[124.7652,37.7786],[124.7415,37.7753]],[[125.9213,37.7841],[125.8959,37.7786],[125.8883,37.7679],[125.9046,37.7692],[125.9213,37.7841]],[[125.7577,37.803],[125.77,37.7967],[125.7723,37.8136],[125.7625,37.8104],[125.7577,37.803]],[[124.957,37.9278],[124.9583,37.9144],[124.9652,37.9158],[124.9662,37.9242],[124.957,37.9278]],[[124.8241,38.0614],[124.82,38.053],[124.8238,38.0514],[124.8241,38.0614]],[[125.0161,38.6465],[125.0202,38.659],[125.0078,38.6575],[124.9883,38.6736],[124.9854,38.6473],[125.004,38.6475],[124.9968,38.6375],[124.985,38.6396],[124.9793,38.6252],[125.0161,38.6465]]],[[[126.6276,37.5],[126.6307,37.5073],[126.6442,37.5044],[126.643,37.5],[126.6276,37.5]]],[[[-56.25,51.75],[-56.25,51.625],[-56.1875,51.625],[-56.1875,51.5119],[-56.2171,51.5],[-56.375,51.5],[-56.375,51.4375],[-56.5,51.4375],[-56.5,51.4098],[-56.5961,51.375],[-57.0625,51.375],[-57.0625,51.4274],[-57.0485,51.419],[-56.9872,51.4228],[-56.9375,51.4375],[-56.9375,51.489],[-56.9264,51.5],[-56.8961,51.4772],[-56.8597,51.4757],[-56.8125,51.5],[-56.8021,51.5146],[-56.8105,51.5268],[-56.7773,51.5375],[-56.7599,51.5625],[-56.6875,51.5625],[-56.6875,51.625],[-56.5625,51.625],[-56.5625,51.6651],[-56.5147,51.6875],[-56.4375,51.6875],[-56.4375,51.7443],[-56.4116,51.7337],[-56.3733,51.75],[-56.25,51.75]]]]}},{"type":"Feature","properties":{"status":"blocked","area_deg2":68.62},"geometry":{"type":"MultiPolygon","coordinates":[[[[-80.5,52.3125],[-80.5,52.375],[-80.625,52.375],[-80.625,52.4375],[-80.75,52.4375],[-80.75,52.5625],[-80.875,52.625],[-80.875,52.7341],[-80.7845,52.723],[-80.7438,52.7002],[-80.7177,52.695],[-80.6995,52.7001],[-80.7047,52.7213],[-80.6696,52.742],[-80.6875,52.7957],[-80.6875,52.875],[-80.4375,52.875],[-80.4375,52.6875],[-80.375,52.6875],[-80.3125,52.5625],[-80.125,52.5625],[-80.125,52.1875],[-80.25,52.1875],[-80.3125,52.3125],[-80.5,52.3125]]],[[[-80.1875,53.0625],[-80.1875,53.0],[-80.3125,53.0],[-80.3125,52.9375],[-80.4375,52.9375],[-80.4375,53.0625],[-80.1875,53.0625]]],[[[-82.125,53.5625],[-82.0,53.5625],[-82.0,53.5],[-81.9375,53.5],[-81.9375,53.4375],[-81.875,53.4375],[-81.875,53.375],[-81.75,53.3125],[-81.75,53.1875],[-81.9375,53.1875],[-81.9375,53.1476],[-81.985,53.107],[-82.0132,53.07],[-82.0536,53.0397],[-82.0627,53.0228],[-82.016,53.0104],[-81.9517,52.9744],[-81.75,52.9307],[-81.75,52.8125],[-81.875,52.8125],[-81.875,52.75],[-81.9375,52.75],[-81.9375,52.8125],[-82.0,52.8125],[-82.0417,52.8958],[-82.125,52.9375],[-82.25,52.9375],[-82.25,53.2133],[-82.1886,53.232],[-82.1401,53.2587],[-82.1144,53.289],[-82.125,53.3428],[-82.125,53.5625]]],[[[-82.0,55.375],[-82.0,55.3125],[-81.8125,55.3125],[-81.8125,55.1875],[-81.75,55.1875],[-81.75,55.125],[-81.8125,55.125],[-81.8125,54.875],[-81.6875,54.875],[-81.6875,54.8125],[-81.9375,54.8125],[-81.9375,54.75],[-82.1875,54.75],[-82.1875,55.0625],[-82.25,55.0625],[-82.25,55.1875],[-82.5625,55.1875],[-82.625,55.3125],[-82.5625,55.3125],[-82.5,55.4375],[-82.125,55.4375],[-82.125,55.375],[-82.0,55.375]]],[[[-85.5,62.9375],[-85.5,63.0],[-85.625,63.0],[-85.625,63.0625],[-85.3125,63.0625],[-85.3125,63.0],[-85.1875,63.0],[-85.25,62.875],[-85.3125,62.875],[-85.3125,62.9375],[-85.5,62.9375]]],[[[-87.1875,63.7194],[-87.2086,63.6965],[-87.2238,63.6601],[-87.2145,63.623],[-87.1754,63.585],[-87.125,63.5625],[-87.0625,63.5549],[-87.0625,63.5],[-86.9375,63.4375],[-86.9375,63.3125],[-87.0,63.3125],[-87.0,63.25],[-87.4375,63.25],[-87.4375,63.3125],[-87.625,63.3125],[-87.625,63.5625],[-87.75,63.5625],[-87.8125,63.6875],[-88.0,63.6875],[-88.0,63.75],[-88.0625,63.75],[-88.0625,63.9375],[-88.125,63.9375],[-88.1875,64.0625],[-88.125,64.0625],[-88.125,64.125],[-88.0,64.125],[-87.9375,64.25],[-87.75,64.25],[-87.75,64.3125],[-87.6875,64.3125],[-87.6875,64.25],[-87.5625,64.25],[-87.5625,64.1875],[-87.1875,64.1875],[-87.1875,64.125],[-87.0,64.125],[-87.0,63.9375],[-87.125,63.9375],[-87.125,63.875],[-87.1875,63.875],[-87.1875,63.7194]]],[[[-87.125,65.3125],[-88.4375,65.3125],[-88.4375,65.375],[-88.5,65.375],[-88.5,65.4375],[-88.246,65.4375],[-88.2219,65.4118],[-88.2055,65.4051],[-88.1704,65.4],[-88.0639,65.3595],[-87.9275,65.3334],[-87.3808,65.3297],[-87.1916,65.375],[-87.125,65.375],[-87.125,65.3125]]],[[[-84.5625,66.125],[-84.4726,66.125],[-84.4735,66.0902],[-84.4661,66.0902],[-84.4735,66.0834],[-84.4661,66.0759],[-84.4735,66.0759],[-84.4252,66.0294],[-84.3794,66.0089],[-84.375,66.0],[-84.2791,66.0],[-84.1946,65.9719],[-84.1875,65.963],[-84.1875,65.875],[-84.132,65.875],[-84.125,65.8614],[-84.125,65.8125],[-84.5,65.8125],[-84.5,65.75],[-84.625,65.75],[-84.625,65.8125],[-84.6875,65.8125],[-84.6875,65.875],[-84.75,65.875],[-84.75,65.9375],[-84.8125,65.9375],[-84.8438,66.0],[-84.875,66.0],[-84.875,66.0625],[-85.0049,66.0625],[-85.0028,66.0753],[-85.0217,66.0831],[-85.0806,66.0814],[-85.0982,66.0743],[-85.1027,66.0625],[-85.125,66.0625],[-85.125,66.0248],[-85.167,66.0],[-85.375,66.0],[-85.4375,65.875],[-85.4702,65.875],[-85.4623,65.8807],[-85.4865,65.9241],[-85.5,65.9235],[-85.5,65.9375],[-85.6875,65.9375],[-85.6875,65.8793],[-85.8125,65.875],[-85.8125,65.823],[-85.8347,65.8125],[-85.9375,65.8125],[-85.9375,65.7639],[-85.9523,65.75],[-86.0,65.75],[-86.0,65.7003],[-86.0284,65.665],[-86.0245,65.625],[-86.0625,65.625],[-86.0625,65.5882],[-86.0834,65.5621],[-86.1078,65.5],[-86.5625,65.5],[-86.5625,65.625],[-86.625,65.625],[-86.6018,65.6714],[-86.5498,65.6725],[-86.5223,65.7053],[-86.4747,65.734],[-86.4615,65.75],[-86.4375,65.75],[-86.4375,65.8705],[-86.4315,65.875],[-86.3125,65.875],[-86.3125,65.924],[-86.2049,65.9397],[-86.1942,65.9841],[-86.0633,65.9991],[-85.9744,66.0356],[-85.9863,66.0548],[-85.9744,66.0759],[-85.9748,66.0983],[-85.9294,66.125],[-85.3125,66.125],[-85.3125,66.1875],[-85.25,66.1875],[-85.25,66.25],[-85.1875,66.25],[-85.178,66.2691],[-85.1308,66.2956],[-85.1361,66.3264],[-85.1073,66.3268],[-85.0836,66.3031],[-85.0832,66.2868],[-85.0378,66.2799],[-84.9837,66.2543],[-84.875,66.2684],[-84.875,66.25],[-84.8313,66.25],[-84.783,66.227],[-84.75,66.2213],[-84.75,66.1875],[-84.5625,66.1875],[-84.5625,66.125]]],[[[-83.9375,66.125],[-83.625,66.125],[-83.625,66.1187],[-83.6488,66.123],[-83.6578,66.0993],[-83.6424,66.0854],[-83.6484,66.0711],[-83.625,66.0796],[-83.625,66.0625],[-83.6059,66.0625],[-83.6223,66.049],[-83.6199,66.0409],[-83.5587,66.046],[-83.5661,66.0625],[-83.5,66.0625],[-83.5,65.9375],[-83.625,65.9375],[-83.625,66.0],[-83.8125,66.0],[-83.8125,66.0625],[-83.9375,66.0625],[-83.9375,66.125]]],[[[-81.375,66.5625],[-80.9375,66.5625],[-80.9375,66.4375],[-80.8125,66.4375],[-80.8125,66.375],[-81.0625,66.375],[-81.0625,66.4375],[-81.3125,66.4375],[-81.3125,66.5],[-81.5625,66.5],[-81.625,66.625],[-81.375,66.625],[-81.375,66.5625]]],[[[-81.5625,66.9375],[-81.5959,67.0044],[-81.5274,66.996],[-81.5029,67.001],[-81.4924,67.0187],[-81.491,67.0605],[-81.125,67.0625],[-81.125,67.25],[-81.0625,67.25],[-81.0625,67.0],[-81.1875,67.0],[-81.25,66.875],[-81.3125,66.875],[-81.3125,66.9375],[-81.5625,66.9375]]],[[[-88.0,68.125],[-88.0,68.1875],[-87.9375,68.1875],[-87.9375,68.2036],[-87.9116,68.2227],[-87.8446,68.2558],[-87.7922,68.3312],[-87.8036,68.3445],[-87.796,68.3862],[-87.8004,68.4043],[-87.8125,68.4136],[-87.8125,68.4375],[-87.75,68.4375],[-87.75,68.5],[-87.5625,68.5],[-87.5625,68.5625],[-87.125,68.5625],[-87.125,68.625],[-87.0625,68.625],[-87.0625,68.5],[-86.6875,68.5],[-86.6875,68.4375],[-86.5625,68.4375],[-86.5625,68.3125],[-86.75,68.3125],[-86.75,68.2854],[-86.7951,68.25],[-86.875,68.25],[-86.875,68.2047],[-86.9013,68.1875],[-87.0,68.1875],[-87.0,68.125],[-87.625,68.125],[-87.625,68.0625],[-87.6875,68.0625],[-87.6875,68.125],[-88.0,68.125]]],[[[-113.625,68.5],[-113.625,68.5625],[-114.0,68.5625],[-114.0,68.5],[-114.0625,68.5],[-114.0625,68.6222],[-113.5625,68.625],[-113.5625,68.6875],[-113.5,68.6875],[-113.5,68.625],[-113.412,68.625],[-113.3505,68.5915],[-113.25,68.5708],[-113.25,68.5625],[-113.5,68.5625],[-113.5,68.5],[-113.625,68.5]],[[-113.9674,68.5978],[-113.7958,68.5817],[-113.762,68.5978],[-113.8353,68.6144],[-113.9419,68.6203],[-113.9674,68.6121],[-113.96,68.6052],[-113.9674,68.5978]]],[[[-100.8125,68.875],[-101.1875,68.875],[-101.1875,68.9375],[-100.8125,68.9375],[-100.8125,68.875]]],[[[-99.875,69.0625],[-99.875,69.125],[-99.5,69.125],[-99.5,69.1137],[-99.5915,69.0411],[-99.5973,69.0267],[-99.5908,69.0148],[-99.5555,69.0],[-99.8125,69.0],[-99.8125,68.9375],[-99.875,68.9375],[-99.875,69.0],[-99.9906,69.0],[-99.9863,69.0296],[-100.0,69.049],[-100.0,69.0625],[-99.875,69.0625]]],[[[-88.125,69.125],[-88.125,69.0],[-88.1875,69.0],[-88.1875,69.125],[-88.3125,69.1875],[-88.3125,69.5],[-88.25,69.5],[-88.25,69.625],[-88.1875,69.625],[-88.1875,69.5625],[-88.0625,69.5625],[-88.0625,69.375],[-88.0,69.375],[-88.0,69.125],[-88.125,69.125]]],[[[-90.0,69.75],[-90.0,69.625],[-90.0625,69.625],[-90.0625,69.4375],[-90.125,69.4375],[-90.125,69.5625],[-90.3125,69.5625],[-90.3125,69.625],[-90.1875,69.625],[-90.1875,69.6875],[-90.0625,69.6875],[-90.0625,69.75],[-90.0,69.75]]],[[[-95.625,69.625],[-95.625,69.75],[-95.5987,69.75],[-95.4105,69.6859],[-95.2252,69.6467],[-95.1848,69.645],[-95.1547,69.628],[-95.1875,69.5625],[-95.471,69.5625],[-95.5,69.5734],[-95.5,69.625],[-95.625,69.625]]],[[[-89.25,69.5],[-89.1875,69.375],[-89.4375,69.375],[-89.4375,69.4375],[-89.5625,69.5],[-89.5625,69.5625],[-89.5,69.5625],[-89.5,69.75],[-89.6875,69.75],[-89.6875,69.8125],[-89.8125,69.875],[-89.8125,69.9375],[-89.75,69.9375],[-89.75,70.125],[-89.5625,70.125],[-89.5625,70.1875],[-89.4375,70.1875],[-89.4375,70.125],[-89.375,70.125],[-89.375,70.0625],[-89.3125,70.0625],[-89.25,69.9375],[-89.125,69.9375],[-89.125,69.875],[-89.25,69.875],[-89.25,69.8125],[-89.375,69.8125],[-89.375,69.625],[-89.3125,69.625],[-89.3125,69.5],[-89.25,69.5]]],[[[-91.125,70.25],[-91.3125,70.25],[-91.3125,70.1875],[-91.5396,70.1875],[-91.5625,70.2001],[-91.5625,70.25],[-91.625,70.25],[-91.625,70.3125],[-91.125,70.3125],[-91.125,70.25]]],[[[-90.4375,73.9375],[-90.4375,74.0625],[-90.3125,74.0625],[-90.3125,74.125],[-90.25,74.125],[-90.25,74.0625],[-90.125,74.0625],[-90.125,73.9375],[-90.3125,73.9375],[-90.3125,73.9269],[-90.3326,73.9302],[-90.3497,73.9158],[-90.375,73.9191],[-90.375,73.9375],[-90.4375,73.9375]]],[[[-90.3125,73.8125],[-90.363,73.8125],[-90.375,73.8605],[-90.3419,73.8743],[-90.313,73.871],[-90.3125,73.8125]]],[[[-99.8125,74.8125],[-100.125,74.8125],[-100.125,75.0027],[-99.8125,74.9853],[-99.8125,74.8125]]],[[[-97.1875,75.5625],[-96.9375,75.5625],[-96.9375,75.5224],[-97.0509,75.5],[-97.375,75.5],[-97.375,75.625],[-97.1875,75.625],[-97.1875,75.5625]]],[[[-94.625,75.625],[-94.5625,75.75],[-94.375,75.75],[-94.375,75.625],[-94.625,75.625]]],[[[-95.25,76.0625],[-95.25,76.2391],[-95.1639,76.2391],[-95.0607,76.2254],[-94.9992,76.2534],[-94.8481,76.2692],[-94.8125,76.2799],[-94.8125,76.1875],[-94.6875,76.1875],[-94.625,76.0625],[-94.5,76.0625],[-94.5,76.0],[-94.8125,76.0],[-94.8125,75.9558],[-94.9105,75.9374],[-94.9001,75.918],[-94.8787,75.9035],[-94.8279,75.889],[-94.8345,75.8456],[-94.8234,75.8105],[-94.7934,75.7827],[-94.75,75.7642],[-94.75,75.75],[-94.875,75.75],[-94.875,75.6428],[-94.9375,75.6359],[-94.9375,75.75],[-95.0,75.75],[-95.0,75.8125],[-94.9375,75.8125],[-94.9375,76.0],[-95.0,76.0],[-95.0,76.0625],[-95.25,76.0625]]],[[[-95.375,76.3125],[-95.0823,76.3125],[-95.2902,76.288],[-95.3578,76.3051],[-95.375,76.2975],[-95.375,76.3125]]],[[[-94.8179,76.3125],[-94.8434,76.3073],[-94.862,76.308],[-94.8573,76.3125],[-94.8179,76.3125]]],[[[-88.375,76.4837],[-88.4411,76.4657],[-88.3994,76.4603],[-88.375,76.4375],[-88.6216,76.4382],[-88.5829,76.4678],[-88.5049,76.5],[-88.375,76.5],[-88.375,76.4837]]],[[[-88.8551,76.4375],[-88.8079,76.4474],[-88.7905,76.4588],[-88.7873,76.4741],[-88.7974,76.4846],[-88.8311,76.5],[-88.6355,76.5],[-88.6129,76.4862],[-88.6577,76.4751],[-88.6809,76.4375],[-88.8551,76.4375]]],[[[-89.5,76.6487],[-89.5996,76.629],[-89.6197,76.6165],[-89.6145,76.5972],[-89.6197,76.5886],[-89.6812,76.5749],[-89.5439,76.5429],[-89.4976,76.5625],[-89.4315,76.5625],[-89.4106,76.5442],[-89.4053,76.529],[-89.4348,76.4998],[-89.4165,76.4922],[-89.2604,76.4588],[-89.2355,76.4377],[-89.2064,76.4293],[-89.1338,76.4237],[-89.0625,76.4375],[-89.0625,76.25],[-89.125,76.25],[-89.125,76.3125],[-89.4219,76.3125],[-89.5625,76.326],[-89.5625,76.375],[-90.0625,76.375],[-90.0625,76.4375],[-90.3125,76.4375],[-90.3125,76.5],[-90.5,76.5],[-90.5,76.5625],[-90.6875,76.5756],[-90.6875,76.625],[-90.5625,76.625],[-90.5625,76.6875],[-90.5361,76.7007],[-90.2662,76.5746],[-90.2043,76.5242],[-90.1578,76.5061],[-90.0648,76.4862],[-89.9774,76.4777],[-89.9386,76.4833],[-89.9486,76.5066],[-89.9196,76.5158],[-89.8258,76.4862],[-89.787,76.4859],[-89.675,76.5066],[-89.7125,76.5209],[-89.7916,76.5344],[-89.8317,76.5625],[-89.8125,76.5625],[-89.8125,76.6682],[-89.7259,76.68],[-89.6942,76.6926],[-89.675,76.7121],[-89.6933,76.7211],[-89.675,76.7326],[-89.6964,76.7535],[-89.7224,76.7638],[-89.7083,76.7708],[-89.6875,76.8125],[-89.5625,76.8125],[-89.5625,76.9375],[-89.5,76.9375],[-89.5,76.875],[-89.4893,76.875],[-89.5372,76.8568],[-89.5023,76.8266],[-89.5,76.6487]],[[-89.4962,76.4787],[-89.503,76.4719],[-89.525,76.4804],[-89.5619,76.4735],[-89.6265,76.4514],[-89.5964,76.4437],[-89.4074,76.4379],[-89.3801,76.4451],[-89.4962,76.4787]]],[[[-80.4375,77.25],[-80.6243,77.25],[-80.7453,77.2595],[-80.7095,77.3309],[-80.4375,77.3023],[-80.4375,77.25]]],[[[-115.4375,77.875],[-115.0625,77.875],[-115.0625,77.8125],[-115.4375,77.8125],[-115.4375,77.875]]],[[[-72.625,41.25],[-72.5625,41.25],[-72.5625,41.2717],[-72.5406,41.2637],[-72.5222,41.2702],[-72.5079,41.2564],[-72.4751,41.2811],[-72.4335,41.29],[-72.3698,41.2766],[-72.3509,41.29],[-72.3646,41.2974],[-72.3581,41.3125],[-72.288,41.2829],[-72.2269,41.3107],[-72.2001,41.2974],[-72.1968,41.3125],[-72.0,41.3125],[-72.0,41.2715],[-72.0034,41.267],[-72.0221,41.2769],[-72.0388,41.2494],[-72.0,41.2518],[-72.0,41.125],[-72.125,41.125],[-72.125,41.1875],[-72.3125,41.1875],[-72.3125,41.1524],[-72.3654,41.125],[-72.5,41.125],[-72.5,41.0625],[-72.5625,41.0625],[-72.5625,41.125],[-72.625,41.125],[-72.625,41.25]]],[[[-72.3125,41.125],[-72.3198,41.125],[-72.3125,41.1283],[-72.3125,41.125]]],[[[-79.6875,52.125],[-79.6875,52.0625],[-79.5625,52.0625],[-79.5625,52.0182],[-79.6353,52.0217],[-79.6558,51.9875],[-79.6211,51.9375],[-79.625,51.875],[-79.875,51.875],[-79.875,51.8125],[-79.9375,51.8125],[-79.9375,51.875],[-80.0,51.875],[-80.0,51.9375],[-80.125,52.0],[-80.125,52.1875],[-79.9375,52.1875],[-79.9375,52.125],[-79.6875,52.125]]],[[[-79.1875,52.125],[-79.1875,52.1875],[-79.0625,52.1875],[-79.0625,52.125],[-79.0,52.125],[-79.0,52.0625],[-79.0625,52.0625],[-79.0625,51.9375],[-79.25,51.9375],[-79.2408,51.9602],[-79.25,51.958],[-79.25,52.125],[-79.1875,52.125]],[[-79.0801,52.1065],[-79.0867,52.0975],[-79.0316,52.0934],[-79.0067,52.0979],[-79.0019,52.1076],[-79.0275,52.1136],[-79.0801,52.1065]],[[-79.2201,51.9853],[-79.1973,52.0013],[-79.2043,52.0122],[-79.2307,51.9975],[-79.2317,51.99],[-79.2201,51.9853]]],[[[-79.6294,52.5334],[-79.5653,52.5454],[-79.5846,52.5552],[-79.5914,52.5767],[-79.6124,52.5773],[-79.6382,52.5378],[-79.6875,52.5625],[-79.6875,52.625],[-79.375,52.625],[-79.375,52.5625],[-79.5625,52.5625],[-79.5625,52.5],[-79.6294,52.5334]]],[[[-80.0625,53.3154],[-80.0547,53.3125],[-80.0625,53.3125],[-80.0625,53.3154]]],[[[-80.0625,53.375],[-79.5,53.375],[-79.5625,53.25],[-79.625,53.25],[-79.625,53.3125],[-79.9405,53.3125],[-79.9567,53.3231],[-79.9438,53.3716],[-80.0428,53.3662],[-80.0625,53.3582],[-80.0625,53.375]]],[[[-79.8125,55.875],[-79.8125,55.625],[-79.875,55.625],[-79.875,55.5625],[-79.9375,55.5625],[-79.9375,55.75],[-80.125,55.75],[-80.125,55.9375],[-80.0036,55.9375],[-80.0257,55.9003],[-79.9491,55.8891],[-79.9127,55.8432],[-79.909,55.8253],[-79.8671,55.8435],[-79.8529,55.875],[-79.8125,55.875]]],[[[-78.8125,56.6582],[-78.753,56.6573],[-78.7399,56.667],[-78.7501,56.6756],[-78.8125,56.6758],[-78.8125,56.75],[-78.6875,56.75],[-78.6875,56.5],[-78.8125,56.5],[-78.8125,56.6582]]],[[[-66.25,58.875],[-66.375,58.875],[-66.375,58.8528],[-66.4612,58.8242],[-66.4718,58.8126],[-66.461,58.8028],[-66.4634,58.7866],[-66.491,58.7648],[-66.4758,58.7501],[-66.4513,58.7444],[-66.4687,58.722],[-66.527,58.7195],[-66.5536,58.7102],[-66.5714,58.6694],[-66.5954,58.6772],[-66.5885,58.6313],[-66.5947,58.625],[-66.625,58.625],[-66.625,58.5625],[-66.8125,58.5625],[-66.8125,58.5],[-67.0,58.5],[-67.0053,58.4375],[-67.125,58.4375],[-67.125,58.375],[-67.1602,58.3802],[-67.1875,58.375],[-67.1875,58.4375],[-67.625,58.4375],[-67.625,58.5],[-67.75,58.5],[-67.75,58.5625],[-67.8125,58.5625],[-67.8125,58.6875],[-67.875,58.6875],[-67.875,58.75],[-68.0,58.75],[-68.0,58.8125],[-67.75,58.8125],[-67.75,58.75],[-67.5,58.75],[-67.5,58.875],[-67.375,58.875],[-67.3125,58.75],[-67.125,58.75],[-67.125,58.8125],[-66.9375,58.8125],[-66.9375,58.875],[-66.5625,58.875],[-66.5625,58.9375],[-66.25,58.9375],[-66.25,58.875]]],[[[-68.9375,60.8125],[-69.0625,60.8125],[-69.0625,60.75],[-69.125,60.75],[-69.125,60.8125],[-69.25,60.8125],[-69.25,60.875],[-68.9375,60.875],[-68.9375,60.8125]]],[[[-65.75,61.3125],[-65.375,61.3125],[-65.375,61.5478],[-65.2931,61.5338],[-65.2481,61.5058],[-65.2035,61.507],[-65.1931,61.5024],[-65.1795,61.4686],[-65.1608,61.459],[-65.087,61.458],[-65.0994,61.4439],[-65.1211,61.4443],[-65.1211,61.437],[-65.0758,61.4186],[-64.972,61.4164],[-64.9225,61.4028],[-64.9772,61.3791],[-64.984,61.3655],[-64.9754,61.3494],[-64.9554,61.3476],[-64.915,61.3618],[-64.9004,61.3406],[-64.8751,61.3307],[-64.8512,61.3337],[-64.8406,61.3515],[-64.7866,61.3953],[-64.7996,61.4102],[-64.7826,61.4241],[-64.726,61.4375],[-64.6875,61.4375],[-64.6847,61.4868],[-64.6777,61.5],[-64.6562,61.5],[-64.625,61.5625],[-64.4375,61.5625],[-64.4375,61.625],[-64.25,61.625],[-64.25,61.5625],[-64.125,61.5625],[-64.0625,61.4375],[-63.9375,61.4375],[-63.875,61.3125],[-63.75,61.3125],[-63.75,61.1875],[-63.6875,61.1875],[-63.6875,61.125],[-63.5625,61.125],[-63.5625,61.0],[-63.5,61.0],[-63.5,60.875],[-63.4375,60.875],[-63.4375,60.8125],[-63.5,60.8125],[-63.5,60.6875],[-63.5625,60.6875],[-63.5625,60.4375],[-63.5,60.4375],[-63.5,60.375],[-63.125,60.375],[-63.125,60.3125],[-62.8125,60.3125],[-62.8125,60.125],[-62.875,60.125],[-62.875,60.1875],[-63.4375,60.1875],[-63.4375,60.125],[-63.5625,60.125],[-63.5625,59.875],[-63.625,59.875],[-63.625,59.9375],[-63.875,59.9375],[-63.875,59.8125],[-64.0,59.8125],[-64.0,59.875],[-64.125,59.875],[-64.125,59.9375],[-63.9375,59.9375],[-63.9375,60.1875],[-64.375,60.1875],[-64.375,60.3125],[-64.4375,60.3125],[-64.4375,60.3669],[-64.4225,60.3976],[-64.4375,60.4022],[-64.4375,60.4375],[-64.5642,60.4375],[-64.5604,60.4494],[-64.5697,60.458],[-64.6072,60.4575],[-64.6014,60.4688],[-64.625,60.483],[-64.625,60.5],[-64.8125,60.5],[-64.8125,60.4861],[-64.8616,60.4655],[-64.8541,60.4404],[-64.8125,60.4088],[-64.8125,60.3613],[-64.8605,60.3613],[-64.8397,60.3432],[-64.837,60.3292],[-64.8469,60.3134],[-64.875,60.3125],[-64.875,60.2886],[-64.8843,60.2819],[-64.9573,60.2589],[-64.8804,60.2189],[-64.875,60.2038],[-64.8942,60.1957],[-64.9515,60.1934],[-64.9661,60.1547],[-64.9948,60.1527],[-64.9914,60.1291],[-65.001,60.1163],[-65.0084,60.1112],[-65.019,60.1202],[-65.0631,60.1043],[-65.0653,60.0946],[-65.025,60.0808],[-65.0398,60.0625],[-65.125,60.0625],[-65.1875,59.9375],[-65.375,59.9375],[-65.3755,59.8125],[-65.4375,59.8125],[-65.4459,59.787],[-65.4917,59.7995],[-65.4979,59.7927],[-65.4664,59.7714],[-65.5222,59.75],[-65.6875,59.75],[-65.6875,59.6875],[-65.75,59.6875],[-65.75,59.8125],[-65.8125,59.8125],[-65.8125,59.875],[-66.5625,59.875],[-66.5625,59.75],[-66.6875,59.75],[-66.6875,59.6875],[-67.125,59.6875],[-67.125,59.75],[-67.375,59.75],[-67.375,59.8125],[-67.5625,59.8125],[-67.5625,59.875],[-67.6875,59.875],[-67.6875,59.9375],[-67.875,59.9375],[-67.875,60.0],[-68.0,60.0],[-68.0,60.0625],[-68.0625,60.0625],[-68.0625,60.125],[-68.125,60.125],[-68.1818,60.2386],[-68.1726,60.2575],[-68.1109,60.2685],[-68.0612,60.2941],[-67.9728,60.2903],[-67.9558,60.3021],[-67.9601,60.3326],[-67.9351,60.3471],[-67.9102,60.375],[-67.875,60.375],[-67.875,60.3907],[-67.847,60.4164],[-67.8265,60.4657],[-67.8403,60.4895],[-67.875,60.4958],[-67.875,60.5625],[-67.9803,60.5625],[-67.9991,60.5859],[-68.0281,60.5827],[-68.1306,60.5965],[-68.2413,60.5856],[-68.2559,60.5625],[-68.375,60.5625],[-68.375,60.625],[-68.25,60.625],[-68.25,60.75],[-68.125,60.75],[-68.125,60.8125],[-67.9375,60.8125],[-67.9375,60.75],[-67.8125,60.75],[-67.8125,60.6875],[-67.6875,60.6875],[-67.6875,60.625],[-66.625,60.625],[-66.625,60.6875],[-66.375,60.6875],[-66.375,60.75],[-65.5625,60.75],[-65.5625,60.9375],[-65.6875,61.0],[-65.6875,61.25],[-65.75,61.25],[-65.75,61.3125]],[[-64.6174,60.6866],[-64.6921,60.6155],[-64.7165,60.6049],[-64.7135,60.5976],[-64.6898,60.5878],[-64.6256,60.6146],[-64.5973,60.6502],[-64.594,60.6837],[-64.6174,60.6866]]],[[[-65.4827,61.625],[-65.5625,61.625],[-65.5625,61.5625],[-65.625,61.5625],[-65.625,61.625],[-66.0,61.625],[-66.0,61.5],[-66.0625,61.5],[-66.0625,61.5625],[-66.5,61.5625],[-66.5,61.625],[-66.9375,61.625],[-67.0,61.75],[-67.125,61.75],[-67.125,61.8125],[-67.1875,61.8125],[-67.1875,62.0625],[-67.1592,62.0625],[-67.0875,62.034],[-67.0233,62.0539],[-67.0,62.0409],[-67.0,62.0],[-66.7513,62.0],[-66.7216,61.9887],[-66.6977,61.9651],[-66.625,61.9681],[-66.625,61.9609],[-66.6561,61.9478],[-66.6624,61.9376],[-66.6431,61.9241],[-66.6276,61.9208],[-66.5913,61.9304],[-66.5398,61.903],[-66.4862,61.8983],[-66.4057,61.8771],[-66.3376,61.8752],[-66.2745,61.8581],[-66.1702,61.8764],[-66.0631,61.8749],[-66.0336,61.8894],[-65.9713,61.8864],[-65.9504,61.8969],[-65.9488,61.9088],[-65.9636,61.9273],[-65.9873,61.9338],[-65.9883,61.9617],[-65.9997,61.9665],[-66.0398,61.9583],[-66.0625,61.9903],[-66.0625,62.0],[-66.0312,62.0],[-66.0,62.0625],[-66.0,62.125],[-65.8125,62.125],[-65.8125,62.1875],[-65.75,62.1875],[-65.75,62.125],[-65.3125,62.125],[-65.3125,62.375],[-65.375,62.375],[-65.375,62.4375],[-65.5,62.5],[-65.5,62.5625],[-65.4375,62.5625],[-65.375,62.6875],[-65.3547,62.6875],[-65.3355,62.6716],[-65.3287,62.6765],[-65.3326,62.6875],[-65.3125,62.6875],[-65.3125,62.625],[-65.2602,62.625],[-65.211,62.5788],[-65.1875,62.5729],[-65.1875,62.375],[-65.0,62.375],[-65.0,62.4375],[-64.9513,62.4375],[-64.923,62.4195],[-64.5941,62.3698],[-64.47,62.4176],[-64.5,62.4389],[-64.4976,62.4486],[-64.4452,62.437],[-64.3949,62.4648],[-64.463,62.4728],[-64.4843,62.4784],[-64.4843,62.4858],[-64.3602,62.4996],[-64.3602,62.5058],[-64.3813,62.5138],[-64.3806,62.5275],[-64.4044,62.536],[-64.4667,62.5267],[-64.4632,62.5473],[-64.5,62.5554],[-64.5,62.5625],[-64.4375,62.5625],[-64.4375,62.625],[-64.1875,62.625],[-64.1875,62.6875],[-64.125,62.6875],[-64.125,62.625],[-63.9375,62.625],[-63.9375,62.5625],[-63.875,62.5625],[-63.875,62.25],[-63.9375,62.25],[-63.9375,62.125],[-64.0,62.125],[-64.0,62.0],[-64.125,62.0],[-64.125,61.9375],[-64.4375,61.9375],[-64.4375,61.875],[-64.625,61.875],[-64.625,61.75],[-64.75,61.75],[-64.75,61.8125],[-64.875,61.8125],[-64.875,61.875],[-64.9593,61.875],[-64.9604,61.8842],[-64.9778,61.8969],[-64.9983,61.875],[-65.0254,61.875],[-65.0665,61.9304],[-65.1132,61.944],[-65.1876,61.9503],[-65.1986,61.9452],[-65.2078,61.9255],[-65.2412,61.9204],[-65.2552,61.8909],[-65.2167,61.8279],[-65.1875,61.8194],[-65.1875,61.8125],[-65.2292,61.7917],[-65.25,61.75],[-65.3125,61.75],[-65.3125,61.6731],[-65.4521,61.6567],[-65.4827,61.625]],[[-65.7033,61.7932],[-65.7233,61.8443],[-65.7378,61.8475],[-65.7765,61.8282],[-65.7845,61.8311],[-65.7933,61.845],[-65.7523,61.8559],[-65.7915,61.8725],[-65.9464,61.8011],[-65.9,61.7729],[-65.8135,61.7597],[-65.7865,61.7646],[-65.7722,61.787],[-65.7212,61.7576],[-65.6915,61.7504],[-65.676,61.7597],[-65.6786,61.7687],[-65.7033,61.7932]]],[[[-64.9375,62.5519],[-64.8741,62.5608],[-64.8611,62.5348],[-64.8678,62.5275],[-64.8438,62.5],[-64.8125,62.5],[-64.8125,62.4936],[-64.8863,62.4966],[-64.9375,62.4852],[-64.9375,62.5519]]],[[[-68.5625,60.25],[-68.5625,60.375],[-68.625,60.375],[-68.625,60.4375],[-68.4375,60.4375],[-68.4375,60.375],[-68.3804,60.375],[-68.439,60.2593],[-68.4353,60.25],[-68.5625,60.25]]],[[[-71.375,61.8125],[-71.3125,61.8125],[-71.3125,61.6875],[-71.25,61.6875],[-71.25,61.625],[-71.4375,61.625],[-71.4375,61.5625],[-71.555,61.5625],[-71.5487,61.5747],[-71.5625,61.5898],[-71.5625,61.6875],[-71.625,61.6875],[-71.625,61.75],[-71.375,61.75],[-71.375,61.8125]]],[[[-70.75,62.4375],[-70.75,62.375],[-70.8125,62.375],[-70.8125,62.4375],[-70.9375,62.4375],[-70.9375,62.5],[-71.1875,62.5],[-71.1875,62.6875],[-71.25,62.6875],[-71.25,62.9375],[-71.1875,62.9375],[-71.1604,62.8834],[-71.236,62.8864],[-71.237,62.8732],[-71.1974,62.8502],[-71.138,62.8385],[-71.131,62.8245],[-71.1797,62.8148],[-71.1573,62.8035],[-71.0946,62.7993],[-71.037,62.8125],[-71.0,62.8118],[-71.0,62.6875],[-70.8326,62.6875],[-70.8171,62.6732],[-70.8204,62.6266],[-70.7907,62.6028],[-70.7334,62.5958],[-70.7254,62.569],[-70.7405,62.5576],[-70.6822,62.5473],[-70.6446,62.5684],[-70.5624,62.5411],[-70.362,62.5269],[-70.25,62.5471],[-70.25,62.5],[-70.4375,62.5],[-70.4375,62.375],[-70.5,62.375],[-70.5,62.4375],[-70.75,62.4375]]],[[[-70.3125,62.6875],[-70.0625,62.6875],[-70.0625,62.5625],[-70.2052,62.5625],[-70.177,62.59],[-70.1995,62.6101],[-70.2406,62.6156],[-70.275,62.6574],[-70.3125,62.6629],[-70.3125,62.6875]]],[[[-74.4375,62.9375],[-74.3125,62.9375],[-74.3125,62.875],[-73.625,62.875],[-73.625,62.6875],[-73.5625,62.6875],[-73.5625,62.5625],[-73.375,62.5625],[-73.375,62.5],[-73.5,62.5],[-73.5,62.4375],[-73.5625,62.4375],[-73.5625,62.5],[-73.8125,62.5],[-73.8125,62.4684],[-73.8722,62.4648],[-73.8969,62.4375],[-74.1875,62.4375],[-74.1875,62.375],[-74.25,62.375],[-74.25,62.5],[-74.4375,62.5],[-74.4375,62.6593],[-74.3756,62.6345],[-74.1186,62.6026],[-73.9647,62.6094],[-74.0015,62.6588],[-74.0325,62.6754],[-74.106,62.6804],[-74.1527,62.692],[-74.3756,62.6845],[-74.3945,62.695],[-74.4005,62.7023],[-74.3922,62.7085],[-74.4134,62.7255],[-74.4481,62.7255],[-74.4818,62.7459],[-74.5301,62.7534],[-74.6531,62.7193],[-74.5688,62.6875],[-74.6875,62.6875],[-74.6875,62.75],[-74.8125,62.75],[-74.8125,62.8125],[-74.9375,62.8125],[-74.9375,62.875],[-75.125,62.875],[-75.125,62.9375],[-75.25,62.9375],[-75.25,63.0],[-75.5,63.0],[-75.5,62.9375],[-75.625,62.9375],[-75.625,63.0],[-75.8125,63.0],[-75.8125,63.0625],[-75.75,63.0625],[-75.75,63.1875],[-75.6875,63.1875],[-75.625,63.0625],[-75.4375,63.0625],[-75.4375,63.125],[-75.125,63.125],[-75.125,63.3125],[-75.0625,63.3125],[-75.0625,63.125],[-74.75,63.125],[-74.75,63.1875],[-74.625,63.1875],[-74.625,63.0625],[-74.4375,63.0625],[-74.4375,62.9375]]],[[[-67.8125,63.1875],[-68.125,63.1875],[-68.125,63.2197],[-68.0498,63.1924],[-68.0585,63.2227],[-68.1453,63.2725],[-68.2003,63.2755],[-68.25,63.375],[-68.0,63.375],[-68.0,63.4375],[-67.875,63.4375],[-67.875,63.4672],[-67.827,63.4079],[-67.7313,63.3697],[-67.6977,63.3697],[-67.6704,63.3948],[-67.6882,63.4375],[-67.625,63.4375],[-67.6875,63.3125],[-67.8125,63.3125],[-67.8125,63.1875]],[[-68.092,63.3204],[-67.9589,63.2184],[-67.895,63.1894],[-67.9317,63.2329],[-68.0234,63.3009],[-68.092,63.3204]],[[-67.964,63.41],[-67.9515,63.3805],[-67.8662,63.2918],[-67.8183,63.2913],[-67.8527,63.346],[-67.9125,63.3931],[-67.964,63.41]]],[[[-68.1875,63.25],[-68.1876,63.2501],[-68.1873,63.25],[-68.1875,63.25]]],[[[-71.8125,63.375],[-72.0,63.375],[-72.0,63.4241],[-71.978,63.429],[-71.9626,63.4038],[-71.937,63.3945],[-71.8125,63.3897],[-71.8125,63.375]]],[[[-72.0748,63.4375],[-72.0843,63.4473],[-72.125,63.452],[-72.125,63.5],[-72.3125,63.5],[-72.375,63.625],[-72.125,63.625],[-72.125,63.6875],[-72.0544,63.6875],[-72.0416,63.6707],[-72.0093,63.6875],[-71.9311,63.6875],[-71.9693,63.6702],[-71.974,63.6554],[-71.9671,63.6541],[-71.9298,63.655],[-71.8817,63.6875],[-71.8125,63.6875],[-71.8125,63.625],[-71.6875,63.625],[-71.6875,63.5625],[-71.625,63.5625],[-71.625,63.4375],[-71.8045,63.4375],[-72.0201,63.4533],[-72.0363,63.4523],[-72.0564,63.4375],[-72.0748,63.4375]]],[[[-79.875,64.0],[-79.875,63.6875],[-80.1875,63.6875],[-80.1875,63.7551],[-80.1833,63.7676],[-80.1697,63.7744],[-80.1875,63.8011],[-80.1875,63.875],[-80.25,63.875],[-80.25,63.9375],[-80.0,63.9375],[-80.0,64.0],[-79.875,64.0]]],[[[-75.25,63.8125],[-75.25,64.0],[-75.3125,64.0],[-75.3125,64.0625],[-75.1875,64.0625],[-75.1875,64.0],[-75.0625,63.9375],[-75.0625,63.8125],[-75.25,63.8125]]],[[[-73.8125,64.25],[-73.625,64.25],[-73.625,64.125],[-73.875,64.125],[-73.8125,64.25]]],[[[-75.625,64.375],[-74.9375,64.375],[-74.9375,64.3125],[-75.9375,64.3125],[-75.9375,64.375],[-75.858,64.375],[-75.8472,64.3681],[-75.8402,64.375],[-75.8125,64.375],[-75.8125,64.3809],[-75.736,64.3725],[-75.7158,64.384],[-75.8088,64.4218],[-75.8125,64.4326],[-75.8001,64.4375],[-75.625,64.4375],[-75.625,64.375]]],[[[-67.3106,65.5928],[-67.2542,65.6084],[-67.2731,65.6321],[-67.2731,65.6452],[-67.3695,65.6745],[-67.4356,65.6806],[-67.4708,65.6729],[-67.5,65.6875],[-67.5,65.7101],[-67.4788,65.708],[-67.3892,65.7362],[-67.5,65.7407],[-67.5,65.875],[-67.625,65.875],[-67.625,65.9087],[-67.5177,65.9112],[-67.473,65.8935],[-67.4502,65.9027],[-67.415,65.9375],[-67.3743,65.9349],[-67.3437,65.9191],[-67.3125,65.9258],[-67.3125,65.8125],[-67.25,65.8098],[-67.3616,65.8116],[-67.4102,65.7987],[-67.3196,65.7863],[-67.25,65.7917],[-67.25,65.5625],[-67.3106,65.5928]]],[[[-77.625,63.4375],[-77.8125,63.4375],[-77.8125,63.5],[-78.4212,63.5],[-78.4405,63.5194],[-78.4848,63.5111],[-78.4992,63.5],[-78.5625,63.5],[-78.5625,63.8125],[-78.6875,63.8125],[-78.6875,63.9375],[-78.75,63.9375],[-78.75,64.0],[-78.875,64.0],[-78.875,64.125],[-79.0,64.125],[-79.0,64.1875],[-79.25,64.1875],[-79.25,64.125],[-79.3125,64.125],[-79.3125,64.1875],[-79.5,64.1875],[-79.5,64.0625],[-79.625,64.0625],[-79.625,64.0],[-79.8125,64.0],[-79.75,64.125],[-79.5625,64.125],[-79.5625,64.3125],[-79.75,64.3125],[-79.75,64.4375],[-79.5625,64.4375],[-79.5,64.5625],[-79.3125,64.5625],[-79.3125,64.625],[-79.25,64.625],[-79.25,64.8125],[-79.6875,64.8125],[-79.6875,64.875],[-79.875,64.875],[-79.875,64.9375],[-80.1875,64.9375],[-80.1875,65.0],[-80.125,65.0],[-80.125,65.25],[-80.1875,65.25],[-80.1875,65.3125],[-80.3125,65.3125],[-80.3125,65.375],[-80.1875,65.375],[-80.1875,65.5625],[-80.25,65.5625],[-80.25,65.625],[-80.0,65.625],[-80.0,65.8125],[-80.0625,65.8125],[-80.0625,65.875],[-80.1875,65.875],[-80.1875,66.0],[-80.25,66.0],[-80.25,66.0625],[-80.125,66.0625],[-80.125,66.1875],[-79.875,66.1875],[-79.875,66.25],[-79.75,66.25],[-79.75,66.3125],[-79.6875,66.3125],[-79.6875,66.4375],[-79.625,66.4375],[-79.625,66.625],[-79.375,66.625],[-79.375,66.6875],[-79.1875,66.6875],[-79.1875,66.625],[-79.0,66.625],[-79.0,66.8125],[-79.0625,66.8125],[-79.0625,66.875],[-79.3125,66.875],[-79.3125,66.9375],[-79.5,66.9375],[-79.5,67.0],[-79.625,67.0],[-79.625,67.0625],[-78.5,67.0625],[-78.5,67.0],[-78.0625,67.0],[-78.0625,67.1875],[-78.125,67.1875],[-78.125,67.25],[-78.25,67.25],[-78.25,67.3125],[-78.4375,67.3125],[-78.4375,67.375],[-78.5,67.375],[-78.5,67.4375],[-78.375,67.4375],[-78.375,67.625],[-78.5625,67.625],[-78.5625,67.6875],[-78.6875,67.6875],[-78.6875,68.0625],[-78.75,68.0625],[-78.75,68.125],[-78.875,68.125],[-78.875,68.2294],[-78.83,68.2527],[-78.8104,68.2845],[-78.8312,68.3008],[-78.875,68.3139],[-78.875,68.375],[-79.125,68.375],[-79.125,68.3482],[-79.1561,68.3445],[-79.176,68.3315],[-79.1833,68.3125],[-79.4375,68.3125],[-79.4375,68.25],[-79.5,68.25],[-79.5,68.3125],[-80.3125,68.3125],[-80.3125,68.375],[-80.0625,68.375],[-80.0625,68.4375],[-80.0,68.4375],[-80.0,68.375],[-79.8125,68.375],[-79.75,68.5],[-79.625,68.5],[-79.625,68.6875],[-79.25,68.6875],[-79.25,68.8318],[-79.2128,68.8349],[-79.1446,68.8693],[-78.8466,68.9079],[-78.7992,68.9513],[-78.7399,68.9643],[-78.7242,68.9752],[-78.7201,69.0],[-78.6875,69.0],[-78.6875,69.0305],[-78.625,69.0593],[-78.625,69.0],[-78.5,69.0],[-78.5,68.9375],[-78.4375,68.9375],[-78.4375,68.875],[-78.375,68.875],[-78.3125,68.75],[-78.5625,68.75],[-78.5625,68.6875],[-78.8125,68.6875],[-78.8125,68.6657],[-78.8935,68.6567],[-78.9017,68.653],[-78.8125,68.63],[-78.8125,68.5509],[-78.8442,68.5456],[-78.875,68.521],[-78.875,68.625],[-79.125,68.625],[-79.125,68.4375],[-78.875,68.4375],[-78.875,68.4534],[-78.7841,68.4459],[-78.7374,68.4523],[-78.6466,68.4827],[-78.6189,68.5],[-78.5625,68.5],[-78.5625,68.5491],[-78.5,68.5484],[-78.5,68.5],[-78.0,68.5],[-78.0,68.5625],[-77.5,68.5625],[-77.5,68.625],[-76.9375,68.625],[-76.9375,68.6875],[-76.8125,68.6875],[-76.8125,68.75],[-76.6875,68.75],[-76.6875,68.8125],[-76.625,68.8125],[-76.625,68.8979],[-76.5913,68.885],[-76.5625,68.8859],[-76.5625,68.8302],[-76.6732,68.7658],[-76.6815,68.7294],[-76.625,68.6824],[-76.539,68.6748],[-76.3256,68.6985],[-76.1263,68.75],[-75.8125,68.75],[-75.8125,68.8125],[-75.75,68.8125],[-75.75,68.8565],[-75.6656,68.875],[-75.625,68.875],[-75.625,68.8125],[-75.375,68.8125],[-75.375,68.75],[-75.25,68.75],[-75.25,68.7227],[-75.31,68.6964],[-75.3314,68.6605],[-75.3921,68.626],[-75.4004,68.6087],[-75.3945,68.565],[-75.4004,68.5507],[-75.3942,68.5507],[-75.4115,68.5228],[-75.379,68.4988],[-75.2563,68.4494],[-75.0347,68.3972],[-75.0162,68.3856],[-75.0065,68.3462],[-74.9962,68.3377],[-74.8841,68.344],[-74.8523,68.324],[-74.8113,68.324],[-74.8591,68.3445],[-74.8148,68.344],[-74.8045,68.3514],[-74.8075,68.3662],[-74.8294,68.375],[-74.8125,68.375],[-74.8125,68.3957],[-74.7908,68.406],[-74.7843,68.4179],[-74.8125,68.4211],[-74.8125,68.4375],[-74.4,68.4375],[-74.3922,68.4091],[-74.3345,68.3605],[-74.25,68.3333],[-74.25,68.3157],[-74.2588,68.3151],[-74.2713,68.2948],[-74.2573,68.2689],[-74.2217,68.2496],[-74.1733,68.2471],[-74.1539,68.2556],[-74.14,68.2891],[-74.0971,68.3125],[-73.8125,68.3125],[-73.8125,68.1875],[-73.9688,68.1875],[-74.0,68.125],[-74.2156,68.125],[-74.2144,68.1354],[-74.25,68.1463],[-74.25,68.1875],[-74.5625,68.1875],[-74.5625,68.125],[-74.625,68.125],[-74.625,68.0816],[-74.7307,68.0741],[-74.756,68.0634],[-74.7752,68.0294],[-74.7772,67.9852],[-74.7701,67.9642],[-74.6402,67.8567],[-74.5562,67.8125],[-74.6875,67.8125],[-74.6875,67.625],[-74.625,67.625],[-74.625,67.5625],[-74.5625,67.5625],[-74.5,67.4375],[-74.375,67.4375],[-74.375,67.375],[-74.1875,67.375],[-74.1875,67.3125],[-73.75,67.3125],[-73.75,67.25],[-73.5,67.25],[-73.5,67.1875],[-73.3125,67.1875],[-73.3125,67.125],[-72.8125,67.125],[-72.8125,67.0339],[-72.8376,67.0],[-72.875,67.0],[-72.875,66.9418],[-72.8863,66.9289],[-72.8785,66.9269],[-72.9551,66.875],[-73.0625,66.875],[-73.0625,66.8125],[-73.125,66.8125],[-73.1805,66.7015],[-73.245,66.6875],[-73.3125,66.6875],[-73.3125,66.6681],[-73.3447,66.6588],[-73.3946,66.625],[-73.4375,66.625],[-73.4375,66.5625],[-73.5625,66.5625],[-73.5625,66.5133],[-73.6006,66.5],[-73.6875,66.5],[-73.6875,66.4696],[-73.7502,66.4375],[-73.875,66.4375],[-73.875,66.3876],[-73.9078,66.375],[-74.0,66.375],[-74.0,66.3352],[-74.0627,66.3125],[-74.25,66.3125],[-74.25,66.2528],[-74.3125,66.25],[-74.3125,66.2351],[-74.3454,66.2258],[-74.4572,66.1623],[-74.4722,66.1486],[-74.4737,66.1314],[-74.4586,66.112],[-74.4204,66.0834],[-74.25,66.0],[-74.3125,66.0],[-74.375,65.875],[-74.625,65.875],[-74.625,65.8125],[-74.8125,65.8125],[-74.8125,65.625],[-74.625,65.625],[-74.625,65.4375],[-75.0,65.4375],[-75.0,65.3832],[-75.0625,65.397],[-75.0625,65.4375],[-75.4375,65.4375],[-75.5,65.3125],[-75.6084,65.3125],[-75.5981,65.3216],[-75.6035,65.3346],[-75.6406,65.3435],[-75.7,65.3125],[-75.7789,65.3125],[-75.875,65.3181],[-75.875,65.375],[-76.5,65.375],[-76.5,65.4375],[-77.0,65.4375],[-77.0,65.5],[-77.25,65.5],[-77.25,65.4738],[-77.3916,65.4731],[-77.4357,65.4596],[-77.4042,65.4375],[-77.4375,65.4375],[-77.4375,65.3821],[-77.4561,65.3851],[-77.5075,65.3359],[-77.5142,65.3261],[-77.5,65.3125],[-77.875,65.3125],[-77.875,65.1875],[-77.9375,65.1875],[-77.9375,65.0625],[-78.0,65.0625],[-78.0,65.0213],[-78.0219,65.0182],[-78.144,64.9573],[-78.125,64.885],[-78.125,64.7837],[-78.1746,64.7681],[-78.1879,64.753],[-78.183,64.7334],[-78.1898,64.73],[-78.183,64.7259],[-78.299,64.7067],[-78.1866,64.7086],[-78.1556,64.6993],[-78.1831,64.6816],[-78.1966,64.6514],[-78.1689,64.6453],[-78.1619,64.6378],[-78.1697,64.6207],[-78.1621,64.6096],[-78.1284,64.5969],[-78.1284,64.59],[-78.1724,64.59],[-78.1848,64.5867],[-78.1822,64.5797],[-78.1444,64.5573],[-78.0656,64.5416],[-78.0775,64.5173],[-78.0472,64.4965],[-77.97,64.4659],[-77.97,64.4597],[-78.0182,64.4428],[-78.011,64.4282],[-77.9626,64.4113],[-77.8366,64.4249],[-77.832,64.4219],[-77.8602,64.4051],[-77.9086,64.4051],[-77.854,64.3703],[-77.7745,64.3641],[-77.7578,64.343],[-77.6926,64.3368],[-77.6789,64.3225],[-77.647,64.3322],[-77.6612,64.375],[-77.625,64.375],[-77.625,64.3125],[-77.3856,64.3125],[-77.4499,64.2952],[-77.4362,64.29],[-77.4016,64.2952],[-77.3702,64.2815],[-77.3811,64.2468],[-77.3508,64.2411],[-77.1522,64.2847],[-77.1332,64.3011],[-77.125,64.2992],[-77.125,64.25],[-77.0,64.25],[-77.0,64.1875],[-76.8125,64.1875],[-76.8125,64.2058],[-76.7438,64.2036],[-76.689,64.1916],[-76.6695,64.1968],[-76.6574,64.2091],[-76.6567,64.2213],[-76.7183,64.2414],[-76.7163,64.2542],[-76.7303,64.2763],[-76.7279,64.2961],[-76.7109,64.3054],[-76.6815,64.2952],[-76.689,64.2815],[-76.6409,64.2836],[-76.6052,64.3112],[-76.5888,64.3125],[-76.5759,64.2999],[-76.5549,64.3088],[-76.504,64.3014],[-76.5,64.25],[-76.375,64.25],[-76.375,64.1875],[-76.0,64.1875],[-76.0,64.125],[-75.8125,64.125],[-75.8125,63.875],[-75.875,63.875],[-75.9375,63.75],[-76.25,63.75],[-76.25,63.6875],[-76.4375,63.6875],[-76.4375,63.625],[-76.5,63.625],[-76.5,63.4375],[-76.4375,63.4375],[-76.4375,63.375],[-76.3125,63.375],[-76.3125,63.3125],[-76.1875,63.3125],[-76.1875,63.25],[-76.0625,63.25],[-76.0625,63.1875],[-76.375,63.1875],[-76.375,63.25],[-77.3125,63.25],[-77.3125,63.0],[-77.1875,63.0],[-77.1875,62.9375],[-77.25,62.9375],[-77.25,62.8125],[-77.375,62.75],[-77.375,62.625],[-77.5,62.625],[-77.5,62.5812],[-77.5189,62.5625],[-77.5625,62.5625],[-77.5625,62.625],[-77.875,62.625],[-77.875,62.5953],[-78.1087,62.5841],[-78.1134,62.5747],[-78.1056,62.5653],[-78.0,62.5533],[-78.0,62.4375],[-78.25,62.4375],[-78.25,62.5],[-78.625,62.5],[-78.625,62.5625],[-78.4375,62.5625],[-78.4375,62.625],[-78.1875,62.625],[-78.1875,62.9375],[-78.25,62.9375],[-78.25,63.2341],[-78.1498,63.1891],[-78.1103,63.1612],[-78.0443,63.1442],[-78.0457,63.1301],[-77.9408,63.0871],[-77.7588,63.1104],[-77.6448,63.1432],[-77.5597,63.1875],[-77.5,63.1875],[-77.5,63.375],[-77.625,63.375],[-77.625,63.4375]],[[-76.6875,63.4865],[-76.6178,63.5217],[-76.6875,63.5384],[-76.6875,63.625],[-76.8125,63.625],[-76.8125,63.6875],[-77.125,63.6875],[-77.125,63.6652],[-77.1374,63.6645],[-77.196,63.685],[-77.2877,63.6857],[-77.3664,63.7014],[-77.397,63.6934],[-77.4461,63.6611],[-77.4481,63.6417],[-77.4134,63.6327],[-77.3332,63.6304],[-77.3332,63.623],[-77.4414,63.6195],[-77.4205,63.6047],[-77.4015,63.6025],[-77.4356,63.5956],[-77.3605,63.5894],[-77.3735,63.582],[-77.2528,63.5493],[-77.2438,63.541],[-77.2438,63.5274],[-77.1947,63.5095],[-77.1619,63.5075],[-77.0383,63.4312],[-76.9821,63.4073],[-76.89,63.4119],[-76.8661,63.4081],[-76.8664,63.3976],[-76.8502,63.3902],[-76.702,63.3697],[-76.6525,63.3997],[-76.6388,63.4195],[-76.6548,63.4387],[-76.6295,63.4296],[-76.5449,63.4665],[-76.5802,63.4755],[-76.6584,63.4772],[-76.6875,63.4865]],[[-76.625,68.2745],[-76.6889,68.2626],[-76.716,68.25],[-76.75,68.25],[-76.75,68.2305],[-76.8154,68.1875],[-76.875,68.1875],[-76.8807,68.1428],[-76.8964,68.125],[-76.9062,68.125],[-76.9151,68.1072],[-76.9842,68.0625],[-77.0,68.0625],[-77.0115,68.0395],[-77.1326,67.9375],[-77.1875,67.9375],[-77.1875,67.8913],[-77.2068,67.875],[-77.2188,67.875],[-77.2449,67.836],[-77.3158,67.7251],[-77.3227,67.708],[-77.318,67.6875],[-77.6875,67.6875],[-77.6875,67.75],[-78.0625,67.75],[-78.0625,67.6875],[-78.125,67.6875],[-78.125,67.375],[-78.0,67.375],[-78.0,67.3125],[-77.4375,67.3125],[-77.4375,67.375],[-77.25,67.375],[-77.25,67.4375],[-77.2062,67.4375],[-77.178,67.4255],[-77.1134,67.3242],[-77.0759,67.2863],[-76.9816,67.2433],[-76.6337,67.228],[-76.5377,67.2475],[-76.3668,67.2416],[-76.3244,67.25],[-76.125,67.25],[-76.125,67.2579],[-76.089,67.2621],[-75.9211,67.2553],[-75.6897,67.3078],[-75.5959,67.3111],[-75.5683,67.3244],[-75.5438,67.3515],[-75.5106,67.3611],[-75.3905,67.3577],[-75.373,67.375],[-75.3125,67.375],[-75.3125,67.4175],[-75.1875,67.4375],[-75.1875,67.4577],[-75.0824,67.5332],[-75.0651,67.5524],[-75.0286,67.6307],[-75.0441,67.6457],[-75.0625,67.7095],[-75.0609,67.7769],[-75.0441,67.817],[-75.0625,67.8297],[-75.0625,67.9375],[-75.0,67.9375],[-75.0,68.0],[-74.875,68.0],[-74.875,68.1875],[-75.0625,68.1875],[-75.0625,68.25],[-75.25,68.251],[-75.25,68.3125],[-75.625,68.3165],[-75.625,68.375],[-76.0625,68.375],[-76.0625,68.3125],[-76.2455,68.3125],[-76.2563,68.3179],[-76.2522,68.3317],[-76.2991,68.3348],[-76.4195,68.3125],[-76.625,68.3125],[-76.625,68.2745]],[[-77.9208,63.9554],[-77.7372,63.9321],[-77.6446,63.9825],[-77.6094,64.0142],[-77.5455,64.0208],[-77.5455,64.0277],[-77.5957,64.0412],[-77.7782,64.0351],[-77.7707,64.0277],[-77.7914,64.0208],[-77.8607,64.0277],[-77.9292,64.0203],[-77.9618,64.0046],[-77.9833,63.9725],[-77.9208,63.9554]],[[-76.4941,64.2235],[-76.4974,64.2426],[-76.5297,64.2458],[-76.5727,64.2343],[-76.5685,64.2061],[-76.4842,64.1813],[-76.4718,64.2061],[-76.4941,64.2235]],[[-76.6074,64.221],[-76.5958,64.2392],[-76.5653,64.2541],[-76.6131,64.2715],[-76.6901,64.2641],[-76.6909,64.2524],[-76.628,64.2219],[-76.6074,64.221]]],[[[-76.6423,69.0],[-76.9375,69.0],[-76.9375,69.0625],[-77.0,69.0625],[-77.0,69.125],[-76.9544,69.125],[-76.9012,69.1055],[-76.9012,69.113],[-76.9196,69.125],[-76.875,69.125],[-76.875,69.1444],[-76.8602,69.154],[-76.875,69.1595],[-76.875,69.1875],[-76.6875,69.1875],[-76.6875,69.125],[-76.4375,69.125],[-76.4375,69.0625],[-76.5625,69.0625],[-76.5625,69.0377],[-76.6235,69.0236],[-76.6381,69.0159],[-76.6423,69.0]]],[[[-77.25,65.4584],[-77.2718,65.4596],[-77.2718,65.467],[-77.25,65.4688],[-77.25,65.4584]]],[[[-76.8125,64.2198],[-76.8118,64.2194],[-76.8125,64.2192],[-76.8125,64.2198]]],[[[-78.875,68.4734],[-78.8607,68.4687],[-78.875,68.4595],[-78.875,68.4734]]],[[[-72.6875,67.75],[-72.625,67.75],[-72.625,67.7371],[-72.6662,67.722],[-72.6728,67.7026],[-72.6644,67.6875],[-73.125,67.6875],[-73.125,67.75],[-73.375,67.75],[-73.375,67.7991],[-73.3583,67.8381],[-73.4061,67.862],[-73.3992,67.8944],[-73.4225,67.9116],[-73.4334,67.9343],[-73.4129,67.9684],[-73.4462,67.993],[-73.5625,68.0126],[-73.5625,68.0625],[-73.5,68.0625],[-73.5,68.125],[-73.375,68.125],[-73.375,68.1875],[-73.25,68.1875],[-73.25,68.0625],[-72.9172,68.0625],[-72.9128,68.0525],[-72.9195,68.0397],[-72.899,68.023],[-72.9133,67.9951],[-72.9059,67.961],[-72.94,67.9479],[-72.944,67.9323],[-72.8785,67.9343],[-72.9133,67.9063],[-72.8894,67.8959],[-72.8574,67.8605],[-72.8376,67.8511],[-72.7637,67.8804],[-72.7346,67.8654],[-72.741,67.8563],[-72.7367,67.85],[-72.6875,67.8196],[-72.6875,67.75]]],[[[-80.1875,68.8125],[-80.6875,68.8125],[-80.6875,68.75],[-80.75,68.75],[-80.75,68.5625],[-80.6875,68.5625],[-80.6875,68.5],[-81.3125,68.5],[-81.3125,68.5625],[-81.4375,68.5625],[-81.4375,68.5852],[-81.3585,68.6018],[-81.3409,68.6226],[-81.25,68.625],[-81.25,68.7609],[-81.233,68.7739],[-81.25,68.7854],[-81.25,68.875],[-81.0,68.875],[-81.0,68.9375],[-80.9375,68.9375],[-80.9375,68.875],[-80.625,68.875],[-80.625,68.9375],[-80.5625,68.9375],[-80.5625,69.0],[-80.4375,69.0],[-80.4375,69.0625],[-80.25,69.0625],[-80.25,69.0],[-79.9375,69.0],[-79.9375,69.1875],[-79.1875,69.1875],[-79.1875,69.125],[-79.125,69.125],[-79.125,69.0921],[-79.176,69.0919],[-79.25,69.0625],[-79.25,69.0531],[-79.3258,68.9699],[-79.3843,68.9375],[-79.6875,68.9375],[-79.6875,69.0],[-79.875,69.0],[-79.875,68.9375],[-80.1875,68.9375],[-80.1875,68.8125]]],[[[-77.8125,69.1875],[-77.8125,69.125],[-77.6875,69.125],[-77.6875,69.0625],[-78.125,69.0625],[-78.125,69.125],[-77.875,69.125],[-77.875,69.1875],[-77.8125,69.1875]]],[[[-78.75,69.4375],[-78.8125,69.4375],[-78.8125,69.4547],[-78.6762,69.5],[-78.5772,69.5],[-78.546,69.486],[-78.5172,69.4848],[-78.4798,69.5],[-78.375,69.5],[-78.375,69.387],[-78.4567,69.3935],[-78.5965,69.375],[-78.75,69.375],[-78.75,69.4375]]],[[[-78.8125,69.5625],[-79.0,69.5625],[-79.0,69.625],[-79.1875,69.625],[-79.1875,69.75],[-79.0625,69.75],[-79.0625,69.6875],[-78.75,69.6875],[-78.75,69.5403],[-78.8125,69.5188],[-78.8125,69.5625]]],[[[-71.6875,77.4375],[-71.6875,77.424],[-71.7541,77.4161],[-71.976,77.4375],[-71.6875,77.4375]]],[[[-71.375,77.5],[-71.0,77.5],[-71.0,77.4614],[-71.2729,77.4595],[-71.3026,77.4525],[-71.2319,77.4375],[-71.375,77.4375],[-71.375,77.5]]],[[[-66.875,80.5625],[-66.875,80.6153],[-66.7903,80.5986],[-66.5882,80.6107],[-66.588,80.6198],[-66.6092,80.625],[-66.5625,80.625],[-66.5625,80.6875],[-66.4375,80.6875],[-66.493,80.5766],[-66.6478,80.5625],[-66.875,80.5625]]],[[[-66.875,80.6875],[-67.0625,80.6875],[-67.0625,80.75],[-66.75,80.75],[-66.75,80.6569],[-66.875,80.6731],[-66.875,80.6875]]],[[[115.625,-20.5],[115.5625,-20.5],[115.5625,-20.6875],[115.5,-20.6875],[115.5,-21.125],[115.5625,-21.125],[115.5625,-21.25],[115.4375,-21.25],[115.4375,-21.125],[115.25,-21.125],[115.25,-21.0625],[115.375,-21.0],[115.375,-20.8727],[115.4081,-20.8537],[115.4154,-20.8362],[115.4385,-20.819],[115.4403,-20.7944],[115.4705,-20.7462],[115.457,-20.716],[115.4512,-20.6684],[115.429,-20.6691],[115.375,-20.7216],[115.375,-20.6875],[115.5,-20.625],[115.5,-20.3125],[115.625,-20.3125],[115.625,-20.5]]],[[[117.0625,-20.4375],[116.875,-20.4375],[116.875,-20.3125],[117.0625,-20.3125],[117.0625,-20.4375]]],[[[124.625,-16.375],[124.4259,-16.375],[124.4002,-16.3531],[124.3861,-16.3512],[124.3606,-16.375],[124.3125,-16.375],[124.3125,-16.3125],[124.1875,-16.3125],[124.1875,-16.25],[124.1357,-16.25],[124.1424,-16.2486],[124.1163,-16.2393],[124.1112,-16.2304],[124.0951,-16.25],[124.0298,-16.25],[123.9722,-16.2404],[123.9109,-16.2175],[123.9394,-16.25],[123.9007,-16.25],[123.8779,-16.2351],[123.8765,-16.243],[123.8608,-16.2384],[123.8779,-16.25],[123.7946,-16.25],[123.8135,-16.246],[123.8284,-16.2311],[123.7879,-16.2254],[123.7693,-16.2166],[123.7669,-16.2044],[123.8045,-16.2075],[123.8069,-16.1911],[123.7858,-16.1804],[123.7737,-16.1628],[123.7495,-16.1628],[123.7241,-16.1363],[123.7191,-16.1559],[123.6909,-16.1487],[123.595,-16.1559],[123.6034,-16.1756],[123.5813,-16.1696],[123.5702,-16.1769],[123.554,-16.2106],[123.5706,-16.2219],[123.5764,-16.2424],[123.5671,-16.2609],[123.5397,-16.2652],[123.5941,-16.3168],[123.6102,-16.3181],[123.6159,-16.3085],[123.6034,-16.2997],[123.6192,-16.2931],[123.6496,-16.3233],[123.6875,-16.3294],[123.6875,-16.3778],[123.6516,-16.3603],[123.6316,-16.3647],[123.6519,-16.3925],[123.6875,-16.4075],[123.6875,-16.429],[123.6484,-16.4278],[123.554,-16.3956],[123.5493,-16.4119],[123.5061,-16.408],[123.5061,-16.4161],[123.6541,-16.4845],[123.6074,-16.4941],[123.5881,-16.5055],[123.6351,-16.5154],[123.6433,-16.526],[123.6184,-16.53],[123.5435,-16.5055],[123.4895,-16.4689],[123.4658,-16.4638],[123.4925,-16.5003],[123.4827,-16.5055],[123.4242,-16.4911],[123.488,-16.5439],[123.4985,-16.5619],[123.5125,-16.5667],[123.5435,-16.567],[123.5335,-16.5322],[123.5552,-16.5397],[123.5964,-16.5359],[123.6092,-16.5463],[123.6091,-16.5639],[123.554,-16.5942],[123.5662,-16.616],[123.513,-16.642],[123.5099,-16.6539],[123.5956,-16.6653],[123.6433,-16.704],[123.7083,-16.7419],[123.7327,-16.8139],[123.7681,-16.8785],[123.7925,-16.8907],[123.8125,-16.8864],[123.8125,-16.9375],[123.6875,-16.9375],[123.6875,-17.0],[123.6359,-16.9914],[123.6061,-16.9964],[123.595,-16.9851],[123.5745,-17.0429],[123.5796,-17.094],[123.625,-17.1581],[123.625,-17.1875],[123.5625,-17.1875],[123.5625,-17.25],[123.4375,-17.25],[123.4375,-17.1875],[123.375,-17.1875],[123.375,-17.0625],[123.3125,-17.0625],[123.3125,-16.9375],[123.1875,-16.875],[123.1875,-16.75],[123.125,-16.75],[123.1336,-16.6969],[123.1322,-16.6863],[123.125,-16.688],[123.125,-16.625],[123.0625,-16.625],[123.0625,-16.5],[122.9794,-16.5],[122.99,-16.4734],[123.0408,-16.4781],[123.0537,-16.4706],[123.0584,-16.4535],[122.9984,-16.4229],[123.0203,-16.3826],[123.0066,-16.3744],[122.9382,-16.4161],[122.9162,-16.4159],[122.8914,-16.5],[122.75,-16.5],[122.75,-16.5625],[122.5,-16.5625],[122.5,-16.625],[122.375,-16.6875],[122.375,-17.0049],[122.2661,-17.1013],[122.2566,-17.1213],[122.2611,-17.125],[122.25,-17.125],[122.1986,-17.2278],[122.1764,-17.25],[122.125,-17.25],[122.125,-17.1875],[121.9375,-17.1875],[121.9375,-17.25],[121.875,-17.25],[121.875,-17.375],[121.75,-17.4375],[121.75,-17.625],[122.0625,-17.625],[122.0625,-17.75],[122.1875,-17.75],[122.1875,-17.8125],[122.1947,-17.8125],[122.2073,-17.8732],[122.2079,-17.9113],[122.1961,-17.9454],[122.1698,-17.9783],[122.1971,-17.9988],[122.2171,-17.9697],[122.25,-17.961],[122.25,-18.0],[122.1875,-18.0],[122.1875,-18.0625],[122.125,-18.0625],[122.0625,-18.1875],[121.8125,-18.1875],[121.8125,-18.3125],[121.75,-18.3125],[121.75,-18.125],[121.5625,-18.125],[121.5625,-18.1875],[121.5,-18.1875],[121.5,-18.25],[121.4375,-18.25],[121.4375,-18.3125],[121.375,-18.3125],[121.375,-18.375],[121.25,-18.4375],[121.25,-18.625],[121.625,-18.625],[121.625,-18.6875],[121.5625,-18.6875],[121.5625,-18.9375],[121.4375,-18.9375],[121.4375,-19.0],[121.375,-19.0],[121.375,-19.0625],[121.25,-19.0625],[121.25,-19.125],[121.1875,-19.125],[121.1875,-19.1875],[121.125,-19.1875],[121.125,-19.25],[121.0625,-19.25],[121.0,-19.375],[120.875,-19.375],[120.8125,-19.5],[120.625,-19.5],[120.625,-19.5625],[120.5,-19.5625],[120.5,-19.625],[120.375,-19.625],[120.375,-19.5625],[120.4375,-19.5625],[120.4375,-19.5],[120.5625,-19.4375],[120.5625,-19.25],[120.1875,-19.25],[120.1875,-19.3125],[120.0625,-19.3125],[120.0625,-19.375],[119.9375,-19.375],[119.9375,-19.4375],[119.8125,-19.4375],[119.75,-19.5625],[119.625,-19.5625],[119.625,-19.6875],[119.5625,-19.6875],[119.5625,-19.75],[119.4375,-19.75],[119.4375,-19.8125],[119.125,-19.8125],[119.125,-19.875],[119.0,-19.875],[119.0,-19.9375],[118.9375,-19.9375],[118.9375,-20.0625],[118.875,-20.0625],[118.875,-20.125],[118.8125,-20.125],[118.75,-20.25],[118.6875,-20.25],[118.625,-20.125],[118.25,-20.125],[118.25,-19.9375],[118.3125,-19.9375],[118.3125,-19.625],[118.4375,-19.625],[118.5,-19.5],[118.75,-19.5],[118.75,-19.4375],[118.875,-19.4375],[118.875,-19.375],[119.0,-19.3125],[119.0,-19.1875],[119.125,-19.1875],[119.125,-19.125],[119.1875,-19.125],[119.25,-19.0],[119.4375,-19.0],[119.4375,-18.9375],[119.5625,-18.9375],[119.5625,-18.875],[119.6875,-18.875],[119.6875,-18.8125],[119.8125,-18.8125],[119.8125,-18.75],[119.9375,-18.75],[119.9375,-18.6875],[120.0625,-18.6875],[120.0625,-18.25],[120.1875,-18.25],[120.1875,-18.1875],[120.25,-18.1875],[120.25,-18.125],[120.375,-18.0625],[120.375,-17.9375],[120.4375,-17.9375],[120.4375,-17.8125],[120.5,-17.8125],[120.5,-17.6875],[120.5625,-17.6875],[120.5625,-17.5625],[120.625,-17.5625],[120.625,-17.5],[120.6875,-17.5],[120.6875,-17.4375],[120.8125,-17.375],[120.8125,-17.25],[120.875,-17.25],[120.875,-17.1875],[120.9375,-17.1875],[120.9375,-17.0625],[121.0625,-17.0],[121.0625,-16.75],[121.125,-16.75],[121.125,-16.625],[121.1875,-16.625],[121.1875,-16.4375],[121.0625,-16.4375],[121.0625,-16.0],[121.125,-16.0],[121.125,-15.875],[121.1875,-15.875],[121.1875,-16.1875],[121.25,-16.1875],[121.25,-16.3125],[121.4375,-16.3125],[121.4375,-15.625],[121.5625,-15.5625],[121.5625,-15.4375],[121.625,-15.4375],[121.625,-15.3125],[121.75,-15.25],[121.75,-15.125],[121.8125,-15.125],[121.8125,-15.0625],[121.875,-15.0625],[121.875,-15.0],[121.9375,-15.0],[122.0,-14.875],[122.125,-14.875],[122.125,-14.8125],[122.25,-14.8125],[122.3125,-14.6875],[122.4375,-14.6875],[122.4375,-14.625],[122.5625,-14.625],[122.5625,-14.5625],[122.6875,-14.5625],[122.6875,-14.5],[122.75,-14.5],[122.8125,-14.375],[122.875,-14.375],[122.875,-14.4375],[123.0625,-14.4375],[123.0625,-14.375],[123.1875,-14.375],[123.1875,-14.3125],[123.3125,-14.3125],[123.375,-14.1875],[123.5,-14.1875],[123.5,-14.125],[123.6875,-14.125],[123.6875,-14.0625],[123.9375,-14.0625],[123.9375,-14.0],[124.0,-14.0],[124.0,-14.125],[124.0625,-14.125],[124.0625,-14.25],[124.125,-14.25],[124.125,-14.3125],[124.9375,-14.3125],[124.9375,-14.375],[125.1875,-14.375],[125.1875,-14.4375],[125.3125,-14.4375],[125.3125,-14.5],[125.3457,-14.5],[125.3335,-14.5431],[125.3148,-14.5732],[125.2905,-14.5662],[125.2437,-14.5942],[125.2329,-14.6142],[125.239,-14.6315],[125.25,-14.6322],[125.25,-14.6721],[125.2178,-14.6638],[125.2049,-14.6681],[125.2013,-14.685],[125.2114,-14.7009],[125.1817,-14.6988],[125.1746,-14.706],[125.1775,-14.7275],[125.1443,-14.7284],[125.136,-14.7359],[125.1375,-14.7575],[125.155,-14.7629],[125.1609,-14.7784],[125.1814,-14.7719],[125.1887,-14.7794],[125.1914,-14.8327],[125.2022,-14.8448],[125.2277,-14.8502],[125.2329,-14.8605],[125.2676,-14.8562],[125.2976,-14.8683],[125.3088,-14.885],[125.2876,-14.8947],[125.2948,-14.9147],[125.2897,-14.9201],[125.2632,-14.9191],[125.2534,-14.9015],[125.2158,-14.9084],[125.2043,-14.9321],[125.183,-14.9391],[125.1868,-14.9455],[125.2141,-14.9581],[125.2381,-14.9528],[125.2428,-14.9661],[125.2534,-14.9704],[125.2876,-14.9562],[125.2739,-14.9841],[125.2886,-14.9944],[125.3125,-14.9868],[125.3125,-15.0],[125.25,-15.0],[125.25,-15.0625],[125.2189,-15.0625],[125.1875,-15.0509],[125.1875,-15.0],[125.0766,-15.0],[125.082,-14.9767],[125.0723,-14.9685],[125.0418,-14.991],[125.0002,-14.9704],[125.011,-15.0],[125.0,-15.0],[125.0,-15.0955],[124.9729,-15.1349],[124.9525,-15.1159],[124.8967,-15.1015],[124.863,-15.1144],[124.8342,-15.1647],[124.8699,-15.1659],[124.8562,-15.1951],[124.8562,-15.2299],[124.8699,-15.2162],[124.8767,-15.2237],[124.8699,-15.2504],[124.9319,-15.2032],[124.9627,-15.1902],[124.9797,-15.1623],[124.9863,-15.1785],[125.0,-15.1818],[125.0,-15.2208],[124.9706,-15.2078],[124.9362,-15.2226],[124.9177,-15.2374],[124.9247,-15.2472],[124.8875,-15.2755],[124.8853,-15.2968],[124.8971,-15.2994],[124.8997,-15.3125],[124.8235,-15.3125],[124.8125,-15.3059],[124.8125,-15.2861],[124.8312,-15.2839],[124.8525,-15.2587],[124.8403,-15.2436],[124.8125,-15.2344],[124.8125,-15.125],[124.5625,-15.125],[124.5625,-15.2462],[124.5044,-15.2794],[124.4932,-15.2919],[124.5142,-15.2919],[124.5017,-15.3087],[124.5067,-15.3261],[124.4956,-15.3159],[124.4797,-15.318],[124.4706,-15.351],[124.4588,-15.3609],[124.4857,-15.3776],[124.5,-15.3753],[124.5,-15.4676],[124.4729,-15.4687],[124.452,-15.4911],[124.4478,-15.5251],[124.4248,-15.5356],[124.3899,-15.5226],[124.3765,-15.5253],[124.397,-15.5392],[124.4033,-15.5593],[124.3968,-15.608],[124.4185,-15.6041],[124.4275,-15.6215],[124.418,-15.6694],[124.4043,-15.6352],[124.3968,-15.6762],[124.3806,-15.6645],[124.3765,-15.6762],[124.39,-15.7171],[124.3815,-15.7485],[124.3992,-15.8048],[124.4043,-15.8748],[124.4387,-15.8497],[124.4385,-15.8263],[124.4505,-15.8432],[124.4756,-15.9273],[124.4932,-15.9505],[124.4863,-15.9983],[124.5,-15.985],[124.5,-16.0],[124.3125,-16.0],[124.3125,-16.1875],[124.3919,-16.1875],[124.3784,-16.2149],[124.3968,-16.2385],[124.3833,-16.2826],[124.4015,-16.3293],[124.4133,-16.3381],[124.4446,-16.3404],[124.4568,-16.3333],[124.4763,-16.3478],[124.4993,-16.3357],[124.5962,-16.3266],[124.625,-16.3317],[124.625,-16.375]],[[124.408,-15.2721],[124.3347,-15.2968],[124.3765,-15.3193],[124.3968,-15.2994],[124.4317,-15.3087],[124.4446,-15.2994],[124.4318,-15.2922],[124.452,-15.2647],[124.4455,-15.2532],[124.4229,-15.2462],[124.408,-15.2721]],[[124.9319,-14.9547],[124.9246,-14.9363],[124.904,-14.9704],[124.887,-14.9528],[124.8714,-14.9567],[124.8638,-14.9726],[124.8699,-14.991],[124.8971,-14.991],[124.9115,-15.0182],[124.927,-15.0292],[124.9363,-15.0261],[124.9398,-15.0139],[124.9382,-14.9977],[124.9216,-14.984],[124.9319,-14.9547]],[[125.1814,-14.4664],[125.1719,-14.4406],[125.1528,-14.4438],[125.1579,-14.4565],[125.1228,-14.4812],[125.1156,-14.4968],[125.1305,-14.5112],[125.1389,-14.5097],[125.1375,-14.559],[125.1152,-14.5422],[125.1022,-14.539],[125.0964,-14.549],[125.0916,-14.6186],[125.1206,-14.6183],[125.1375,-14.6476],[125.1499,-14.6384],[125.147,-14.6171],[125.1536,-14.6109],[125.1696,-14.6111],[125.2049,-14.593],[125.1777,-14.5422],[125.2005,-14.5104],[125.2088,-14.4816],[125.2064,-14.4736],[125.1814,-14.4664]],[[123.5038,-16.626],[123.4851,-16.6183],[123.457,-16.623],[123.5046,-16.6424],[123.5146,-16.6375],[123.5243,-16.6131],[123.5178,-16.6104],[123.5038,-16.626]],[[123.3865,-16.5803],[123.3493,-16.5339],[123.3483,-16.5593],[123.3587,-16.5814],[123.3833,-16.5991],[123.3865,-16.5803]],[[123.356,-16.4298],[123.352,-16.4172],[123.342,-16.4205],[123.3438,-16.4465],[123.356,-16.4298]],[[123.1276,-16.436],[123.1002,-16.4154],[123.0877,-16.4249],[123.1082,-16.436],[123.1276,-16.436]],[[123.2165,-16.3923],[123.1989,-16.4172],[123.1992,-16.4241],[123.2178,-16.4142],[123.2204,-16.3963],[123.2165,-16.3923]],[[123.2072,-16.391],[123.1685,-16.3868],[123.1754,-16.4033],[123.1532,-16.4285],[123.1896,-16.4303],[123.2072,-16.391]],[[123.3594,-16.363],[123.346,-16.3378],[123.3358,-16.3338],[123.3298,-16.3429],[123.3338,-16.3571],[123.3594,-16.363]],[[123.6003,-16.3272],[123.6053,-16.3399],[123.6266,-16.3549],[123.6269,-16.3447],[123.6003,-16.3272]],[[123.5372,-16.2576],[123.5213,-16.2627],[123.5064,-16.2577],[123.5238,-16.2783],[123.5372,-16.2576]],[[123.4733,-16.2429],[123.482,-16.2798],[123.4937,-16.2847],[123.5043,-16.2729],[123.4944,-16.2558],[123.5274,-16.2529],[123.4907,-16.2406],[123.4738,-16.2142],[123.4518,-16.2117],[123.448,-16.2258],[123.4733,-16.2429]],[[123.3438,-16.1712],[123.3506,-16.1631],[123.3435,-16.1512],[123.3224,-16.1485],[123.3237,-16.1581],[123.3438,-16.1712]],[[123.5145,-16.1646],[123.5231,-16.1589],[123.5223,-16.1437],[123.5072,-16.1466],[123.5035,-16.1601],[123.5145,-16.1646]],[[124.0888,-16.1498],[124.075,-16.1367],[124.0625,-16.1319],[124.0602,-16.1545],[124.0908,-16.1673],[124.0888,-16.1498]],[[123.4188,-16.1275],[123.3931,-16.1085],[123.3893,-16.1301],[123.4166,-16.1344],[123.4188,-16.1275]],[[123.7873,-16.1195],[123.7803,-16.1148],[123.7715,-16.1241],[123.7149,-16.1073],[123.6823,-16.1112],[123.7303,-16.1314],[123.7691,-16.1585],[123.765,-16.1488],[123.7818,-16.1567],[123.793,-16.1444],[123.7842,-16.1318],[123.7873,-16.1195]],[[124.0589,-16.1213],[124.0762,-16.1195],[124.0868,-16.1092],[124.0945,-16.1157],[124.0952,-16.1048],[124.0673,-16.0851],[124.0543,-16.1102],[124.0653,-16.11],[124.0589,-16.1213]],[[123.6384,-16.1003],[123.5824,-16.0842],[123.6266,-16.1065],[123.6384,-16.1003]],[[123.4224,-16.071],[123.3792,-16.0614],[123.4198,-16.0747],[123.4224,-16.071]],[[123.5579,-16.0763],[123.5355,-16.057],[123.5207,-16.0675],[123.5247,-16.0851],[123.5333,-16.0934],[123.541,-16.086],[123.5457,-16.0996],[123.5549,-16.0928],[123.5525,-16.0754],[123.5579,-16.0763]],[[123.3055,-16.036],[123.2813,-16.0405],[123.2734,-16.0481],[123.2886,-16.0499],[123.3055,-16.036]],[[123.5089,-16.0224],[123.5388,-16.0548],[123.5488,-16.0471],[123.533,-16.0287],[123.5266,-16.0331],[123.5277,-16.0204],[123.5194,-16.0158],[123.5159,-16.025],[123.5089,-16.0224]],[[123.6851,-15.9694],[123.6963,-15.9502],[123.6881,-15.93],[123.6851,-15.9694]],[[124.2268,-15.9371],[124.2207,-15.9215],[124.2156,-15.9212],[124.2121,-15.9413],[124.2268,-15.9371]],[[124.2073,-15.9556],[124.2044,-15.9215],[124.1923,-15.9172],[124.1888,-15.927],[124.2035,-15.9674],[124.2329,-15.9697],[124.229,-15.9503],[124.2073,-15.9556]],[[124.465,-15.9426],[124.457,-15.9017],[124.4484,-15.9114],[124.4456,-15.99],[124.4575,-15.9475],[124.465,-15.9426]],[[124.2289,-15.2997],[124.2338,-15.322],[124.2556,-15.3056],[124.276,-15.3106],[124.278,-15.3021],[124.2686,-15.2822],[124.2289,-15.2997]],[[124.7345,-14.9147],[124.7334,-14.9273],[124.7372,-14.9429],[124.7477,-14.9081],[124.7345,-14.9147]],[[124.9898,-14.4908],[124.9808,-14.4981],[124.9757,-14.5248],[124.9889,-14.5293],[124.9965,-14.5121],[124.9898,-14.4908]],[[124.9811,-14.4246],[124.9839,-14.3998],[124.9742,-14.3818],[124.9623,-14.3951],[124.9753,-14.4011],[124.9701,-14.4121],[124.9811,-14.4246]]],[[[125.375,-14.5],[125.375,-14.5625],[125.3547,-14.5726],[125.3565,-14.5043],[125.3497,-14.5],[125.375,-14.5]]],[[[125.0,-15.375],[124.9375,-15.375],[124.9375,-15.3324],[125.0381,-15.2814],[125.0443,-15.2865],[125.0,-15.375]]],[[[124.5625,-15.3071],[124.5514,-15.3062],[124.5496,-15.2975],[124.5625,-15.2587],[124.5625,-15.3071]]],[[[124.6875,-15.3125],[124.6875,-15.3206],[124.667,-15.3244],[124.6637,-15.3398],[124.6697,-15.3523],[124.6875,-15.3453],[124.6875,-15.375],[124.6205,-15.375],[124.6017,-15.3438],[124.5757,-15.3329],[124.5822,-15.318],[124.5769,-15.3125],[124.6875,-15.3125]]],[[[124.5217,-15.375],[124.5378,-15.3678],[124.5825,-15.374],[124.5795,-15.375],[124.5217,-15.375]]],[[[124.5003,-15.375],[124.5142,-15.3609],[124.509,-15.375],[124.5003,-15.375]]],[[[124.5586,-15.9296],[124.542,-15.9375],[124.53,-15.9375],[124.5455,-15.9034],[124.5586,-15.9296]]],[[[136.3125,-13.8125],[136.3125,-13.625],[136.5625,-13.625],[136.5625,-13.6875],[136.524,-13.7068],[136.5038,-13.6966],[136.5022,-13.7104],[136.4751,-13.7169],[136.4671,-13.7352],[136.4375,-13.75],[136.4375,-13.8158],[136.4246,-13.8103],[136.4097,-13.8185],[136.4072,-13.8327],[136.4302,-13.8771],[136.4154,-13.9485],[136.3125,-14.0],[136.3125,-14.0625],[136.1875,-14.0],[136.1875,-13.8125],[136.2022,-13.8125],[136.2111,-13.8259],[136.1974,-13.8532],[136.2085,-13.8559],[136.2451,-13.8395],[136.2531,-13.8125],[136.3125,-13.8125]],[[136.3421,-13.8465],[136.3614,-13.8465],[136.3705,-13.8327],[136.3705,-13.812],[136.3553,-13.8101],[136.337,-13.8288],[136.333,-13.8386],[136.3421,-13.8465]]],[[[127.75,-14.1875],[127.6875,-14.1875],[127.6875,-14.125],[127.625,-14.125],[127.625,-14.0625],[127.5625,-14.0625],[127.5625,-14.0],[127.5,-14.0],[127.4688,-13.9375],[127.4375,-13.9375],[127.4375,-13.875],[127.3125,-13.875],[127.3125,-13.8125],[127.0625,-13.8125],[127.0625,-13.75],[126.9749,-13.75],[126.9529,-13.7236],[126.905,-13.7433],[126.9198,-13.75],[126.8635,-13.7433],[126.8525,-13.75],[126.8125,-13.75],[126.8125,-13.768],[126.8029,-13.78],[126.7474,-13.7918],[126.7678,-13.8464],[126.7902,-13.875],[126.5938,-13.875],[126.5886,-13.8854],[126.5232,-13.8709],[126.501,-13.8737],[126.5151,-13.9049],[126.5557,-13.8942],[126.581,-13.9004],[126.5625,-13.9375],[126.5275,-13.929],[126.5169,-13.9375],[126.4375,-13.9375],[126.4375,-13.9765],[126.4321,-13.9699],[126.3973,-14.0],[126.375,-14.0],[126.375,-13.9375],[126.1467,-13.9375],[126.1516,-13.9221],[126.1292,-13.9321],[126.0916,-13.9254],[126.1038,-13.8976],[126.0984,-13.8874],[126.0864,-13.8894],[126.0745,-13.8991],[126.0601,-13.9318],[126.0173,-13.9221],[126.0359,-13.9423],[126.0625,-13.9559],[126.0625,-14.0079],[126.0474,-13.9841],[126.0349,-13.9904],[126.0339,-14.0285],[126.0205,-14.0319],[125.9802,-13.9904],[125.9728,-14.0214],[125.9891,-14.0625],[125.9375,-14.0625],[125.9375,-14.125],[125.75,-14.125],[125.75,-14.0625],[125.6875,-14.0625],[125.6875,-13.9375],[125.6317,-13.9375],[125.6304,-13.9288],[125.6238,-13.9375],[125.5625,-13.9375],[125.5625,-13.875],[125.6875,-13.875],[125.6875,-13.5625],[125.625,-13.5625],[125.625,-13.3125],[125.9375,-13.3125],[125.9375,-13.0625],[126.0,-13.0625],[126.0,-12.9375],[126.125,-12.9375],[126.1875,-12.8125],[126.25,-12.8125],[126.25,-12.875],[126.4375,-12.875],[126.4375,-12.9375],[126.5,-12.9375],[126.5,-13.0625],[126.75,-13.0625],[126.75,-13.0],[127.25,-13.0],[127.25,-12.9375],[127.3125,-12.9375],[127.3125,-12.75],[127.4375,-12.6875],[127.4375,-12.75],[127.5,-12.75],[127.5,-12.8125],[127.625,-12.875],[127.625,-13.0],[127.6875,-13.0],[127.6875,-13.125],[127.75,-13.125],[127.75,-13.25],[127.8125,-13.25],[127.8125,-13.5625],[128.25,-13.5625],[128.25,-13.625],[128.5,-13.625],[128.5,-13.5625],[128.6875,-13.5625],[128.6875,-13.5],[128.9375,-13.5],[128.9375,-13.5625],[129.4375,-13.5625],[129.4375,-13.5],[129.5625,-13.5],[129.5625,-13.875],[129.625,-13.875],[129.625,-13.9375],[129.5625,-13.9375],[129.5625,-14.08],[129.5388,-14.0813],[129.53,-14.0519],[129.5148,-14.0615],[129.4886,-14.0481],[129.4822,-14.0519],[129.4959,-14.0891],[129.4932,-14.1445],[129.4832,-14.1646],[129.4375,-14.1875],[129.4375,-14.212],[129.4133,-14.2504],[129.4094,-14.2846],[129.3729,-14.3293],[129.3581,-14.4088],[129.4168,-14.446],[129.427,-14.4701],[129.4474,-14.477],[129.4548,-14.4975],[129.4754,-14.4975],[129.5353,-14.5453],[129.5852,-14.5663],[129.625,-14.5663],[129.625,-14.6039],[129.5947,-14.6074],[129.5881,-14.6135],[129.5901,-14.6274],[129.6068,-14.6716],[129.6733,-14.7228],[129.6651,-14.7399],[129.6688,-14.75],[129.625,-14.75],[129.5949,-14.8101],[129.583,-14.8038],[129.586,-14.828],[129.5731,-14.8539],[129.5335,-14.7985],[129.5081,-14.7857],[129.502,-14.7985],[129.5426,-14.875],[129.3492,-14.875],[129.3244,-14.8621],[129.2892,-14.8619],[129.2792,-14.875],[129.261,-14.875],[129.2444,-14.8442],[129.2288,-14.8366],[129.2214,-14.8435],[129.2243,-14.875],[129.1875,-14.875],[129.1875,-14.9375],[129.125,-14.9375],[129.125,-14.875],[129.0319,-14.875],[129.0,-14.8681],[129.0,-14.8125],[128.8125,-14.8125],[128.8125,-14.75],[128.625,-14.75],[128.625,-14.6875],[128.4375,-14.6875],[128.4375,-14.7925],[128.3958,-14.796],[128.3884,-14.8034],[128.4026,-14.823],[128.4333,-14.8401],[128.4375,-14.8536],[128.4069,-14.875],[128.3538,-14.8692],[128.3515,-14.875],[128.1875,-14.875],[128.1875,-14.8307],[128.1943,-14.822],[128.1875,-14.7359],[128.1978,-14.7316],[128.2278,-14.7439],[128.2319,-14.728],[128.2195,-14.7005],[128.1875,-14.7006],[128.1875,-14.625],[128.125,-14.625],[128.125,-14.5625],[128.0625,-14.5625],[128.0,-14.4375],[127.8784,-14.4375],[127.875,-14.3125],[127.8125,-14.3125],[127.8125,-14.25],[127.75,-14.25],[127.75,-14.1875]],[[128.3232,-14.7441],[128.2966,-14.7385],[128.3126,-14.764],[128.3338,-14.7575],[128.3232,-14.7441]],[[126.3093,-13.8998],[126.3062,-13.9269],[126.3132,-13.9228],[126.3156,-13.9015],[126.3093,-13.8998]]],[[[136.0625,-12.0625],[136.125,-11.9375],[136.25,-11.9375],[136.25,-12.0202],[136.208,-12.0304],[136.2111,-12.0024],[136.2,-11.9999],[136.1619,-12.0348],[136.1292,-12.0167],[136.1349,-12.0378],[136.1292,-12.0576],[136.1511,-12.0745],[136.1843,-12.0781],[136.2183,-12.0541],[136.25,-12.0457],[136.25,-12.1081],[136.2246,-12.1537],[136.1824,-12.1625],[136.177,-12.1708],[136.1875,-12.1917],[136.1875,-12.25],[136.0661,-12.25],[136.0625,-12.125],[136.0112,-12.125],[136.0359,-12.1033],[136.0535,-12.0644],[136.0,-12.1109],[136.0,-12.0625],[136.0625,-12.0625]],[[136.1486,-12.1729],[136.1279,-12.1765],[136.1192,-12.1702],[136.11,-12.1778],[136.11,-12.2009],[136.1561,-12.1913],[136.1486,-12.1729]]],[[[134.75,-11.875],[135.0,-11.875],[135.0,-11.8125],[135.125,-11.8125],[135.125,-11.9375],[135.1129,-11.9375],[135.122,-11.9297],[135.1109,-11.925],[135.0539,-11.9194],[135.0475,-11.9375],[135.0,-11.9375],[135.0,-12.0],[134.875,-12.0],[134.875,-12.0515],[134.8543,-12.0378],[134.86,-12.055],[134.7951,-12.0226],[134.7746,-11.9951],[134.7737,-11.9527],[134.75,-11.9484],[134.75,-11.875]]],[[[136.625,-11.875],[136.5,-11.875],[136.5,-11.9375],[136.4375,-11.9375],[136.4375,-11.75],[136.5,-11.75],[136.5,-11.6875],[136.625,-11.6875],[136.625,-11.875]],[[136.4691,-11.9065],[136.4832,-11.8894],[136.478,-11.8658],[136.4985,-11.7981],[136.4778,-11.8142],[136.4642,-11.8937],[136.4691,-11.9065]],[[136.5702,-11.7732],[136.5371,-11.7731],[136.5195,-11.7907],[136.528,-11.7985],[136.5816,-11.7981],[136.6237,-11.7366],[136.5702,-11.7732]]],[[[129.6875,-11.875],[129.5625,-11.8125],[129.5625,-11.5625],[129.5,-11.5625],[129.5,-11.375],[129.4375,-11.375],[129.4375,-11.3125],[129.625,-11.3125],[129.625,-11.25],[129.75,-11.25],[129.75,-11.125],[129.9375,-11.125],[129.9375,-11.0625],[130.0625,-11.0625],[130.0625,-11.0],[130.25,-11.0],[130.25,-11.0625],[130.4375,-11.0625],[130.4375,-11.1875],[130.4252,-11.1875],[130.4002,-11.1533],[130.3831,-11.1679],[130.3674,-11.2043],[130.3697,-11.25],[130.3125,-11.25],[130.3125,-11.3324],[130.2698,-11.3381],[130.2283,-11.3997],[130.1706,-11.447],[130.147,-11.489],[130.1755,-11.4836],[130.1941,-11.4952],[130.1986,-11.52],[130.1841,-11.5473],[130.186,-11.5625],[130.125,-11.5625],[130.125,-11.6956],[130.0715,-11.6712],[130.0643,-11.6913],[130.0696,-11.7556],[130.054,-11.7634],[130.023,-11.7624],[130.0183,-11.7853],[130.0535,-11.8228],[130.147,-11.8248],[130.2351,-11.7897],[130.3211,-11.7702],[130.3601,-11.7937],[130.4375,-11.8113],[130.4963,-11.839],[130.521,-11.8295],[130.5733,-11.831],[130.625,-11.8125],[130.635,-11.7682],[130.625,-11.75],[130.6526,-11.75],[130.6807,-11.7634],[130.6735,-11.7729],[130.6875,-11.7862],[130.6875,-11.8125],[130.7604,-11.8141],[130.8084,-11.8427],[130.875,-11.8677],[130.875,-11.875],[130.8949,-11.8779],[130.9414,-11.9279],[130.9612,-11.9339],[130.98,-11.9264],[131.0424,-11.875],[131.0625,-11.875],[131.0625,-11.8584],[131.099,-11.8284],[131.1296,-11.8125],[131.1875,-11.8125],[131.1875,-11.7824],[131.2225,-11.75],[131.25,-11.75],[131.2606,-11.7288],[131.2931,-11.7241],[131.3563,-11.625],[131.4375,-11.625],[131.4375,-11.6073],[131.474,-11.6002],[131.4584,-11.5625],[131.5,-11.5625],[131.5,-11.4722],[131.5194,-11.4788],[131.5366,-11.4631],[131.5337,-11.3974],[131.5179,-11.3806],[131.5,-11.3807],[131.5,-11.25],[131.4279,-11.25],[131.4143,-11.2426],[131.3561,-11.25],[131.3434,-11.241],[131.3251,-11.25],[131.2986,-11.25],[131.305,-11.2426],[131.3024,-11.216],[131.292,-11.1975],[131.2744,-11.1896],[131.23,-11.2081],[131.2048,-11.25],[131.125,-11.25],[131.125,-11.1875],[131.1875,-11.1875],[131.1875,-11.125],[131.25,-11.125],[131.25,-11.0625],[131.3125,-11.0625],[131.375,-10.9375],[131.8125,-10.9375],[131.8125,-11.0],[131.9375,-11.0625],[131.9375,-11.2484],[131.8825,-11.172],[131.8699,-11.1948],[131.8768,-11.2067],[131.8685,-11.2208],[131.8485,-11.2073],[131.8191,-11.2016],[131.8469,-11.2634],[131.8389,-11.2774],[131.7897,-11.2634],[131.8049,-11.2905],[131.7743,-11.2996],[131.7676,-11.3108],[131.8157,-11.3171],[131.8562,-11.3034],[131.9255,-11.3209],[131.9226,-11.3411],[131.9375,-11.3524],[131.9375,-11.375],[131.9647,-11.375],[131.9481,-11.3792],[131.9553,-11.4039],[131.9822,-11.3997],[131.9905,-11.4251],[132.0,-11.4244],[132.0,-11.4375],[132.057,-11.4375],[132.0308,-11.4509],[132.0326,-11.4604],[132.0428,-11.4841],[132.0847,-11.518],[132.1245,-11.519],[132.1782,-11.4822],[132.1958,-11.489],[132.2437,-11.4548],[132.3125,-11.4607],[132.3125,-11.5],[132.375,-11.5],[132.375,-11.6875],[132.4375,-11.6875],[132.4375,-11.8125],[132.375,-11.8125],[132.375,-11.9375],[132.3125,-11.9375],[132.3125,-12.1875],[132.2696,-12.1875],[132.2622,-12.165],[132.25,-12.1567],[132.25,-12.125],[131.9375,-12.125],[131.9375,-12.1875],[131.875,-12.1875],[131.875,-12.125],[131.5,-12.125],[131.5,-12.1875],[131.375,-12.1875],[131.375,-12.125],[131.3182,-12.125],[131.3162,-12.0842],[131.2962,-12.0439],[131.273,-12.0671],[131.2631,-12.125],[131.125,-12.125],[131.125,-12.1682],[131.106,-12.1463],[131.0779,-12.1674],[131.0438,-12.1463],[131.0109,-12.156],[130.9961,-12.1913],[131.0292,-12.25],[130.875,-12.25],[130.875,-12.3582],[130.8508,-12.375],[130.8125,-12.375],[130.8125,-12.4375],[130.7825,-12.4375],[130.7393,-12.4156],[130.6956,-12.4138],[130.6743,-12.3923],[130.6411,-12.3832],[130.6058,-12.386],[130.5784,-12.4008],[130.6204,-12.4369],[130.5,-12.4375],[130.495,-12.6191],[130.5,-12.6491],[130.448,-12.6267],[130.4036,-12.6521],[130.4002,-12.6813],[130.375,-12.6766],[130.375,-12.6452],[130.3933,-12.636],[130.3857,-12.6197],[130.375,-12.6194],[130.375,-12.5625],[130.3125,-12.5625],[130.3125,-12.4375],[130.25,-12.4375],[130.25,-12.375],[130.125,-12.375],[130.125,-12.25],[129.8125,-12.25],[129.8125,-12.0625],[129.75,-12.0625],[129.75,-11.9375],[129.6875,-11.9375],[129.6875,-11.875]],[[130.4123,-12.5939],[130.4287,-12.5859],[130.4256,-12.5679],[130.4044,-12.5715],[130.4123,-12.5939]],[[131.0353,-12.1311],[131.0434,-12.1202],[131.0409,-12.1069],[131.0216,-12.1061],[131.0085,-12.1214],[131.0353,-12.1311]],[[131.0829,-12.0608],[131.0587,-12.0715],[131.0981,-12.0794],[131.1218,-12.0712],[131.1237,-12.0592],[131.0829,-12.0608]],[[131.0295,-12.0351],[131.0125,-12.0421],[130.9998,-12.0543],[131.0322,-12.062],[131.0605,-12.037],[131.0295,-12.0351]],[[132.1128,-11.582],[132.1087,-11.6216],[132.134,-11.6269],[132.1421,-11.618],[132.1312,-11.5774],[132.122,-11.5692],[132.1128,-11.582]],[[132.293,-11.5852],[132.3103,-11.6017],[132.3215,-11.5858],[132.3078,-11.5686],[132.2978,-11.5711],[132.293,-11.5852]]],[[[136.25,-11.5988],[136.2322,-11.6262],[136.1902,-11.6464],[136.177,-11.6882],[136.2305,-11.6521],[136.2322,-11.6603],[136.262,-11.649],[136.3125,-11.75],[136.0,-11.75],[136.0,-11.711],[136.0552,-11.65],[136.0241,-11.6409],[136.0,-11.6523],[136.0,-11.625],[135.9375,-11.625],[136.0,-11.5],[136.1875,-11.5],[136.2188,-11.5625],[136.25,-11.5625],[136.25,-11.5988]],[[136.113,-11.5444],[136.1076,-11.5524],[136.11,-11.5686],[136.1187,-11.557],[136.113,-11.5444]]],[[[133.0625,-10.9375],[133.0625,-11.0625],[133.0,-11.0636],[132.9745,-11.0509],[132.9949,-11.0934],[133.0,-11.0898],[133.0,-11.125],[132.875,-11.125],[132.875,-11.0],[133.0,-11.0],[133.0,-10.9375],[133.0625,-10.9375]]],[[[132.5606,-11.0],[132.5513,-11.0324],[132.5105,-11.0471],[132.5,-11.0395],[132.5,-11.0],[132.5606,-11.0]]],[[[132.5625,-10.875],[132.625,-10.875],[132.625,-11.0625],[132.5986,-11.0625],[132.5814,-11.0256],[132.5823,-10.9997],[132.5993,-10.9684],[132.5789,-10.9701],[132.5625,-10.9944],[132.5625,-10.875]]],[[[132.4375,-11.125],[132.4375,-11.1875],[132.3702,-11.1875],[132.343,-11.122],[132.3324,-11.1533],[132.3147,-11.1598],[132.3125,-11.0625],[132.4865,-11.0625],[132.5071,-11.0782],[132.5176,-11.125],[132.4375,-11.125]]],[[[122.4375,25.5625],[122.25,25.5625],[122.25,25.4375],[122.125,25.375],[122.125,25.0625],[122.0625,25.0625],[122.0625,25.0],[122.0012,25.0],[122.0,26.0],[122.375,26.0],[122.375,25.9375],[122.75,25.9375],[122.8125,25.8125],[122.6875,25.8125],[122.6875,25.6875],[122.4375,25.6875],[122.4375,25.5625]],[[122.0798,25.6303],[122.0705,25.6355],[122.0719,25.6254],[122.0798,25.6303]]],[[[124.0,31.125],[124.4375,31.125],[124.4375,31.0625],[124.3125,31.0625],[124.3125,31.0],[124.25,31.0],[124.25,30.9375],[124.125,30.875],[124.125,30.8125],[123.9375,30.8125],[123.9375,31.0],[124.0,31.0],[124.0,31.125]]],[[[122.75,33.875],[122.875,33.875],[122.875,33.75],[122.9375,33.75],[122.9375,33.6875],[123.0,33.6875],[123.0,33.625],[123.0625,33.625],[123.125,33.5],[123.25,33.5],[123.25,33.4375],[123.375,33.4375],[123.4375,33.3125],[123.5625,33.3125],[123.5625,33.25],[123.875,33.25],[123.9375,33.125],[124.0,33.125],[124.0,33.0],[124.4375,33.0],[124.4375,32.9375],[124.5,32.9375],[124.5,32.875],[124.5625,32.875],[124.625,32.75],[124.5625,32.75],[124.5625,32.625],[124.5,32.625],[124.5,32.5625],[124.375,32.5625],[124.375,32.5],[124.25,32.5],[124.25,32.4375],[124.125,32.4375],[124.125,32.1875],[124.1875,32.1875],[124.1875,32.125],[124.4375,32.125],[124.4375,32.1875],[124.5625,32.25],[124.5625,32.375],[124.625,32.375],[124.6875,32.5],[124.8125,32.5],[124.8125,32.5625],[125.0625,32.5625],[125.0625,32.5],[125.125,32.5],[125.125,32.4375],[125.0625,32.4375],[125.0625,32.25],[125.375,32.25],[125.375,32.3125],[125.5,32.3125],[125.5,32.1875],[125.4375,32.1875],[125.4375,31.875],[125.5625,31.875],[125.5625,31.8125],[125.375,31.8125],[125.375,31.75],[125.3125,31.75],[125.3125,31.625],[125.25,31.625],[125.25,31.375],[124.75,31.375],[124.75,31.3125],[124.5625,31.3125],[124.5625,31.375],[124.25,31.375],[124.25,31.3125],[124.0,31.3125],[124.0,31.1875],[123.8125,31.1875],[123.8125,31.125],[123.6875,31.125],[123.6875,31.0],[123.5625,31.0],[123.5625,30.9375],[123.4375,30.875],[123.4375,30.75],[123.375,30.75],[123.375,30.6875],[123.0625,30.6875],[123.0625,30.25],[123.25,30.25],[123.25,30.1875],[123.1875,30.1875],[123.1875,30.125],[122.875,30.125],[122.875,29.9375],[122.75,29.9375],[122.75,29.8125],[122.6875,29.8125],[122.6875,29.75],[122.625,29.75],[122.625,29.6875],[122.5,29.625],[122.5,29.5],[122.25,29.375],[122.25,29.25],[122.1875,29.25],[122.1875,29.0625],[122.125,29.0625],[122.0625,28.9375],[122.0,28.9375],[122.0,29.3125],[122.125,29.3125],[122.125,29.6733],[122.1326,29.6689],[122.1494,29.6818],[122.1494,29.6688],[122.1698,29.675],[122.1629,29.6545],[122.1869,29.6734],[122.1809,29.6875],[122.1875,29.6875],[122.1875,29.875],[122.125,29.875],[122.1364,29.8845],[122.125,29.9043],[122.125,29.9375],[122.0407,29.9375],[122.0539,29.9533],[122.052,29.9625],[122.0405,29.9665],[122.0252,29.9537],[122.0351,29.9375],[122.0,29.9375],[122.0,30.0],[122.1847,29.9945],[122.2456,29.9699],[122.2936,29.9338],[122.307,29.9972],[122.3267,30.0108],[122.3275,30.0245],[122.3042,30.042],[122.2896,30.0673],[122.2561,30.0682],[122.2293,30.0916],[122.1875,30.0991],[122.1875,30.173],[122.201,30.1773],[122.2041,30.1916],[122.1909,30.1895],[122.169,30.2021],[122.145,30.1875],[122.0564,30.1875],[122.0532,30.1988],[122.0405,30.2025],[122.0359,30.1944],[122.0265,30.199],[122.0,30.1875],[122.0,34.375],[122.0625,34.25],[122.25,34.25],[122.25,34.1875],[122.375,34.1875],[122.375,34.125],[122.5,34.125],[122.5625,34.0],[122.6875,34.0],[122.75,33.875]],[[122.2205,30.3207],[122.2251,30.3323],[122.2114,30.3466],[122.1528,30.3227],[122.1042,30.3142],[122.0736,30.2914],[122.1377,30.2546],[122.2023,30.2419],[122.2145,30.2473],[122.2196,30.2705],[122.2319,30.2777],[122.2039,30.2851],[122.2388,30.3131],[122.2205,30.3207]],[[122.3747,30.4573],[122.3692,30.477],[122.3374,30.4585],[122.3113,30.4726],[122.2908,30.4717],[122.2871,30.4831],[122.28,30.4826],[122.2738,30.4514],[122.2871,30.4422],[122.2728,30.436],[122.2854,30.4221],[122.348,30.436],[122.4231,30.4149],[122.411,30.4521],[122.3747,30.4573]],[[122.4097,29.9112],[122.3952,29.9221],[122.4075,29.9306],[122.4067,29.9527],[122.3591,29.9463],[122.3464,29.9494],[122.3418,29.963],[122.322,29.9484],[122.3252,29.9279],[122.3674,29.8959],[122.3692,29.8836],[122.3571,29.8617],[122.3848,29.8352],[122.3952,29.8333],[122.3955,29.8427],[122.3828,29.8647],[122.4097,29.9112]],[[122.312,29.829],[122.2712,29.8468],[122.2477,29.8461],[122.2317,29.8362],[122.2513,29.8061],[122.3084,29.7763],[122.3147,29.7837],[122.3047,29.8175],[122.312,29.829]],[[122.3457,30.2419],[122.3836,30.2615],[122.3958,30.2394],[122.4085,30.244],[122.4077,30.2659],[122.3826,30.2772],[122.324,30.2722],[122.2776,30.2355],[122.3457,30.2419]],[[122.5293,30.7208],[122.4729,30.7172],[122.4299,30.7431],[122.4347,30.7271],[122.4273,30.7039],[122.4553,30.694],[122.4744,30.7026],[122.5311,30.7044],[122.5293,30.7208]],[[122.2288,29.7066],[122.217,29.7185],[122.2046,29.7191],[122.2082,29.706],[122.2403,29.687],[122.249,29.6925],[122.2749,29.6834],[122.2721,29.6907],[122.2288,29.7066]],[[122.301,29.7469],[122.2472,29.7604],[122.2513,29.7783],[122.2401,29.7864],[122.2159,29.7758],[122.2573,29.737],[122.3032,29.7355],[122.301,29.7469]],[[122.343,29.8796],[122.2923,29.883],[122.2844,29.8631],[122.3043,29.8556],[122.3295,29.8629],[122.343,29.8796]],[[122.1348,29.9747],[122.1765,29.9601],[122.184,29.9675],[122.1615,29.9899],[122.1348,29.9747]],[[122.4116,30.0027],[122.4006,30.0158],[122.4022,30.0325],[122.3791,30.0264],[122.3693,29.9877],[122.3919,29.9745],[122.3953,30.0024],[122.4116,30.0027]],[[122.7633,30.1277],[122.7729,30.1283],[122.7814,30.1324],[122.7564,30.1442],[122.7633,30.1277]],[[122.6699,30.2035],[122.6848,30.1819],[122.6879,30.1983],[122.6748,30.2097],[122.6699,30.2035]],[[122.6418,30.2143],[122.633,30.2073],[122.648,30.1862],[122.6462,30.2086],[122.6418,30.2143]],[[122.2692,30.5251],[122.2575,30.5263],[122.2525,30.5163],[122.2682,30.5168],[122.2692,30.5251]],[[122.0719,30.5755],[122.0879,30.5967],[122.0503,30.5917],[122.0648,30.5868],[122.0719,30.5755]],[[122.5428,30.6549],[122.5666,30.6458],[122.5648,30.6581],[122.5811,30.6673],[122.5569,30.681],[122.5428,30.6549]],[[122.7738,30.7309],[122.7575,30.7233],[122.7516,30.7075],[122.7653,30.7099],[122.7769,30.6963],[122.7839,30.7009],[122.7793,30.7167],[122.7927,30.7237],[122.7738,30.7309]],[[122.6902,30.8423],[122.6985,30.8538],[122.6774,30.8596],[122.6649,30.8527],[122.6902,30.8423]]],[[[130.0,32.625],[130.125,32.625],[130.125,32.6875],[130.155,32.6875],[130.1281,32.6839],[130.1295,32.6411],[130.1696,32.6191],[130.1731,32.6036],[130.166,32.593],[130.1815,32.5923],[130.2539,32.6248],[130.2682,32.6504],[130.3056,32.6514],[130.3417,32.6673],[130.3604,32.6875],[130.375,32.6875],[130.375,32.875],[130.3125,32.875],[130.3125,33.0],[130.4272,33.0],[130.4413,32.9237],[130.4702,32.9097],[130.5,32.883],[130.5,32.6577],[130.4572,32.6352],[130.448,32.6214],[130.4617,32.6152],[130.5,32.625],[130.4478,32.5989],[130.4529,32.611],[130.4465,32.6166],[130.4136,32.6136],[130.3988,32.5932],[130.4114,32.5739],[130.4073,32.5625],[130.375,32.5625],[130.25,32.5],[130.25,32.5625],[130.0,32.5625],[130.0,32.625]]],[[[129.1875,32.9375],[129.1875,33.0],[129.2349,32.9984],[129.2401,32.9898],[129.254,33.0],[129.375,33.0],[129.375,32.9375],[129.1875,32.9375]]],[[[132.1875,33.5],[132.25,33.5],[132.25,33.4644],[132.1561,33.4375],[132.125,33.4375],[132.125,33.4171],[132.0943,33.4085],[132.0105,33.349],[132.0255,33.3449],[132.1103,33.3867],[132.1016,33.3701],[132.125,33.3638],[132.125,33.25],[132.0,33.25],[132.0,33.5],[132.0625,33.5],[132.0625,33.5625],[132.1875,33.5625],[132.1875,33.5]]],[[[132.25,33.4375],[132.2465,33.4375],[132.25,33.4391],[132.25,33.4375]]],[[[132.625,33.8125],[132.375,33.8125],[132.3807,33.8864],[132.3945,33.8993],[132.4365,33.9036],[132.469,33.9375],[132.5482,33.9375],[132.5171,33.9335],[132.529,33.926],[132.5526,33.9375],[132.625,33.9375],[132.625,33.8125]],[[132.5321,33.8419],[132.5346,33.8485],[132.5241,33.8548],[132.5212,33.8515],[132.5321,33.8419]]],[[[132.2908,33.875],[132.2981,33.884],[132.3118,33.8759],[132.3186,33.8833],[132.3286,33.875],[132.2908,33.875]]],[[[132.1875,33.9375],[132.1875,33.9639],[132.2132,33.9897],[132.1997,34.0625],[132.25,34.0625],[132.25,34.0],[132.375,34.0],[132.375,33.9375],[132.4149,33.9375],[132.4012,33.9168],[132.374,33.9168],[132.3262,33.8963],[132.2982,33.9305],[132.2536,33.9501],[132.2261,33.9527],[132.1875,33.9375]],[[132.3497,33.9603],[132.338,33.9482],[132.3534,33.9379],[132.3548,33.9512],[132.3497,33.9603]]],[[[133.1875,34.0],[133.0625,34.0],[133.0625,34.0625],[133.0222,34.0625],[132.9424,34.1413],[132.9288,34.1199],[132.8975,34.1227],[132.8954,34.1132],[132.9262,34.1117],[132.9303,34.0944],[132.9191,34.0684],[132.8125,34.0625],[132.8125,34.0207],[132.7699,33.9963],[132.7725,33.9559],[132.7593,33.9375],[132.625,33.9375],[132.625,33.9575],[132.6345,33.9648],[132.6443,34.0009],[132.6414,34.0141],[132.625,33.9995],[132.625,34.1997],[132.6563,34.1993],[132.703,34.2255],[132.7715,34.2353],[132.7781,34.2427],[132.7622,34.2703],[132.7991,34.284],[132.8362,34.3111],[132.853,34.2873],[132.9055,34.3125],[132.9375,34.3168],[133.0,34.3218],[133.0,34.3125],[133.0721,34.3125],[133.0764,34.2596],[133.0933,34.2526],[133.1252,34.2763],[133.1658,34.2923],[133.1875,34.2814],[133.1875,34.0]],[[133.0518,34.2223],[133.0557,34.2424],[133.0449,34.2731],[133.03,34.2953],[133.01,34.2912],[132.9697,34.2526],[132.9873,34.2488],[132.9909,34.2321],[132.9629,34.2185],[132.9548,34.1982],[132.9639,34.1919],[132.9995,34.2084],[133.0348,34.2073],[133.0518,34.2223]],[[133.1017,34.171],[133.0554,34.1935],[133.0331,34.1894],[133.0262,34.1762],[133.0368,34.1533],[133.02,34.1496],[133.0171,34.1188],[133.0278,34.1116],[133.0452,34.1184],[133.1017,34.171]],[[132.709,34.2033],[132.6952,34.2001],[132.689,34.1899],[132.6979,34.1813],[132.7316,34.1713],[132.74,34.1599],[132.7561,34.1675],[132.7614,34.1772],[132.7551,34.1891],[132.709,34.2033]],[[132.8971,34.2567],[132.8464,34.2402],[132.843,34.2284],[132.8499,34.2152],[132.8831,34.2086],[132.9168,34.2219],[132.9285,34.2519],[132.9285,34.284],[132.8971,34.2567]],[[132.6736,33.957],[132.662,33.9746],[132.6517,33.9553],[132.6574,33.9503],[132.6736,33.957]],[[132.7999,34.1733],[132.7804,34.1879],[132.7705,34.1678],[132.7826,34.1615],[132.7999,34.1733]],[[132.8499,34.1963],[132.8071,34.1757],[132.8065,34.1546],[132.8421,34.159],[132.8587,34.1702],[132.8636,34.1828],[132.8499,34.1963]],[[132.6486,34.1704],[132.6747,34.1733],[132.6826,34.187],[132.6716,34.2035],[132.6479,34.1879],[132.6486,34.1704]],[[133.1133,34.2222],[133.1024,34.2394],[133.0632,34.2349],[133.0539,34.2113],[133.0808,34.1982],[133.1011,34.2021],[133.1153,34.1937],[133.1374,34.2195],[133.1133,34.2222]],[[133.1501,34.2437],[133.1513,34.2337],[133.1675,34.2356],[133.1667,34.2466],[133.1501,34.2437]]],[[[134.625,34.0625],[134.625,34.1526],[134.6421,34.1793],[134.625,34.1794],[134.6257,34.201],[134.6469,34.2393],[134.625,34.2303],[134.625,34.25],[134.6071,34.2508],[134.375,34.25],[134.375,34.375],[134.625,34.375],[134.625,34.4375],[134.75,34.4375],[134.75,34.3735],[134.7208,34.3298],[134.7052,34.3232],[134.6833,34.3282],[134.6572,34.2882],[134.6665,34.2655],[134.6881,34.2436],[134.7239,34.2526],[134.7022,34.2212],[134.7269,34.21],[134.7287,34.1909],[134.8,34.2008],[134.8339,34.2266],[134.875,34.2416],[134.875,34.1875],[134.8125,34.1875],[134.8125,34.0625],[134.75,34.0625],[134.75,34.0],[134.625,34.0625]]],[[[134.3125,34.375],[134.1582,34.375],[134.1436,34.3918],[134.1275,34.3898],[134.1238,34.375],[133.875,34.375],[133.875,34.3293],[133.8441,34.3125],[133.75,34.3125],[133.75,34.2661],[133.738,34.256],[133.625,34.3125],[133.625,34.4949],[133.6875,34.5],[133.6875,34.521],[133.7,34.5259],[133.7166,34.5201],[133.7234,34.5276],[133.7305,34.507],[133.7689,34.488],[133.7944,34.4429],[133.8264,34.4376],[133.8218,34.4621],[133.9363,34.4512],[133.9641,34.5],[134.0,34.5],[134.0,34.5236],[134.012,34.5201],[134.0051,34.5338],[134.0442,34.5625],[134.0625,34.5625],[134.0625,34.5],[134.0798,34.5],[134.046,34.4877],[134.0395,34.4783],[134.084,34.4598],[134.1045,34.4903],[134.0844,34.5],[134.1721,34.5],[134.1717,34.4859],[134.1614,34.4792],[134.1702,34.4655],[134.1875,34.4665],[134.1875,34.4375],[134.2468,34.4375],[134.2444,34.4177],[134.2624,34.4209],[134.2757,34.4375],[134.3125,34.4375],[134.3125,34.375]],[[133.7157,34.3961],[133.6885,34.3662],[133.7031,34.3518],[133.7258,34.3714],[133.7157,34.3961]],[[133.6619,34.3253],[133.6657,34.3146],[133.6756,34.3041],[133.6825,34.3148],[133.6619,34.3253]],[[133.7928,34.3863],[133.7765,34.4007],[133.7648,34.3919],[133.753,34.3982],[133.7585,34.3686],[133.7928,34.3863]],[[134.0395,34.3782],[134.0542,34.3907],[134.0571,34.4066],[134.0517,34.4091],[134.0395,34.3782]],[[133.667,34.3819],[133.6755,34.4075],[133.6533,34.4094],[133.667,34.3819]],[[133.7631,34.419],[133.7754,34.4258],[133.7585,34.4306],[133.7631,34.419]],[[134.0554,34.4163],[134.0663,34.4253],[134.0617,34.4341],[134.0552,34.4271],[134.0554,34.4163]],[[134.0123,34.4498],[133.9673,34.4777],[133.9657,34.4721],[133.9793,34.4472],[134.0022,34.4432],[134.0123,34.4498]],[[134.0191,34.4773],[134.023,34.5019],[134.0195,34.5078],[134.0087,34.5],[134.0191,34.4773]]],[[[123.5625,38.5625],[123.5625,38.8125],[123.625,38.8125],[123.625,39.0],[123.6875,39.0],[123.6875,39.125],[123.75,39.125],[123.8125,39.25],[123.9375,39.25],[123.9375,39.5],[124.0625,39.5625],[124.0625,39.75],[124.125,39.75],[124.125,39.8365],[124.155,39.8613],[124.1875,39.8732],[124.1875,39.75],[124.4375,39.75],[124.4375,39.6875],[124.5625,39.6875],[124.5625,39.625],[124.6125,39.625],[124.6294,39.6116],[124.6238,39.598],[124.6375,39.5905],[124.6491,39.6121],[124.6787,39.625],[124.7588,39.625],[124.7547,39.6149],[124.7634,39.6192],[124.7599,39.625],[124.875,39.625],[124.875,39.6875],[124.894,39.6875],[124.9016,39.6621],[124.9375,39.646],[124.9375,39.5],[125.375,39.5],[125.375,39.4836],[125.346,39.4596],[125.3425,39.4335],[125.375,39.4408],[125.357,39.3987],[125.375,39.393],[125.375,39.25],[125.3125,39.25],[125.3125,39.1655],[125.2874,39.1523],[125.2944,39.1474],[125.288,39.125],[125.25,39.125],[125.25,39.0475],[125.2108,39.0],[124.0,39.0],[124.0,37.4375],[123.9375,37.4375],[123.9375,37.5],[123.4375,37.5],[123.4375,37.4375],[123.3125,37.4375],[123.3125,37.375],[123.1875,37.375],[123.125,37.25],[123.0,37.25],[123.0,37.125],[122.9375,37.125],[122.9375,37.0625],[122.875,37.0625],[122.875,37.0],[122.8125,37.0],[122.8125,36.9375],[122.75,36.9375],[122.75,36.875],[122.6875,36.875],[122.625,36.75],[122.4375,36.75],[122.4375,36.6875],[122.125,36.6875],[122.125,36.75],[122.0625,36.75],[122.0625,36.875],[122.1826,36.875],[122.1853,36.8499],[122.2003,36.8428],[122.3198,36.8229],[122.3552,36.8291],[122.3797,36.8614],[122.4024,36.857],[122.431,36.8647],[122.4375,36.875],[122.4375,36.9189],[122.5032,36.9375],[122.5127,36.9346],[122.5001,36.9156],[122.4985,36.9042],[122.5074,36.898],[122.5327,36.9259],[122.5282,36.9375],[122.5625,36.9375],[122.5625,37.1491],[122.5743,37.1444],[122.5772,37.1578],[122.5632,37.1732],[122.5813,37.1875],[122.6289,37.1928],[122.625,37.3743],[122.6561,37.3846],[122.679,37.3747],[122.6887,37.3897],[122.6882,37.4098],[122.625,37.4175],[122.625,37.4375],[122.4375,37.4375],[122.4375,37.625],[122.5,37.625],[122.5,37.6875],[122.625,37.6875],[122.625,37.75],[123.1875,37.75],[123.1875,37.8125],[123.25,37.8125],[123.25,38.0625],[123.375,38.0625],[123.375,38.125],[123.5,38.125],[123.5,38.1875],[123.5625,38.1875],[123.5625,38.4375],[123.5,38.4375],[123.5,38.5625],[123.5625,38.5625]],[[124.8805,39.6125],[124.8818,39.6039],[124.8697,39.5957],[124.8705,39.5809],[124.8545,39.5738],[124.8566,39.5442],[124.8428,39.5384],[124.857,39.5279],[124.8498,39.5165],[124.8369,39.5209],[124.8186,39.4954],[124.8617,39.5076],[124.8832,39.5275],[124.9336,39.5505],[124.9097,39.5936],[124.9267,39.6048],[124.8805,39.6125]],[[124.6936,39.5351],[124.6846,39.5032],[124.7048,39.5087],[124.7047,39.5371],[124.6936,39.5351]],[[124.6981,39.5629],[124.6738,39.5706],[124.6309,39.5651],[124.5959,39.5379],[124.6448,39.5477],[124.6755,39.5385],[124.6981,39.5629]],[[124.596,39.4302],[124.6191,39.433],[124.6126,39.4571],[124.5929,39.4468],[124.596,39.4302]],[[124.7329,39.4181],[124.7201,39.4171],[124.7168,39.4081],[124.7264,39.4116],[124.7329,39.4181]],[[124.7734,39.4473],[124.78,39.4516],[124.792,39.4591],[124.7691,39.4655],[124.7734,39.4473]],[[124.6305,39.4634],[124.6284,39.4682],[124.6234,39.473],[124.6213,39.4687],[124.6305,39.4634]],[[124.6219,39.4855],[124.6314,39.4897],[124.6251,39.499],[124.6179,39.4932],[124.6219,39.4855]],[[124.8015,39.5189],[124.8049,39.5158],[124.8127,39.5133],[124.8015,39.5189]],[[124.7366,39.5587],[124.7341,39.5445],[124.7415,39.5582],[124.7366,39.5587]],[[124.91,39.6287],[124.8989,39.6286],[124.9097,39.6223],[124.91,39.6287]]],[[[122.4375,39.4128],[122.4698,39.4167],[122.5127,39.4375],[122.5625,39.4375],[122.625,39.3125],[122.875,39.3125],[122.875,39.25],[122.9375,39.25],[122.9375,39.125],[123.1875,39.125],[123.1875,39.0811],[123.1807,39.0919],[123.1436,39.0809],[123.1648,39.0625],[122.625,39.0625],[122.625,39.1875],[122.4375,39.1875],[122.4375,39.0625],[122.25,39.0625],[122.25,39.0],[122.125,39.0],[122.125,38.9375],[122.0625,38.9375],[122.0,38.8125],[122.0,39.0622],[122.0625,39.0625],[122.0625,39.1017],[122.1029,39.125],[122.125,39.125],[122.1275,39.142],[122.1627,39.1461],[122.125,39.1585],[122.125,39.1875],[122.1875,39.1875],[122.25,39.3125],[122.4375,39.3125],[122.4375,39.4128]],[[122.334,39.1463],[122.3763,39.1606],[122.3889,39.1523],[122.4026,39.1591],[122.3889,39.1871],[122.4026,39.2138],[122.3306,39.1801],[122.3213,39.166],[122.334,39.1463]],[[122.636,39.228],[122.6975,39.2213],[122.6907,39.1933],[122.7256,39.21],[122.7395,39.2222],[122.742,39.2361],[122.7186,39.2419],[122.636,39.2343],[122.636,39.228]],[[122.6439,39.2785],[122.5847,39.2844],[122.5466,39.2969],[122.5051,39.2969],[122.5335,39.2717],[122.5862,39.258],[122.6431,39.2551],[122.6844,39.2622],[122.6439,39.2785]],[[122.498,39.2193],[122.5359,39.2235],[122.5444,39.2303],[122.488,39.2331],[122.498,39.2193]]],[[[-51.4375,64.4117],[-51.4983,64.4051],[-51.5155,64.3872],[-51.4375,64.3952],[-51.4375,64.2193],[-51.6624,64.2182],[-51.7315,64.2084],[-51.762,64.1875],[-51.875,64.1875],[-51.875,64.2198],[-51.8351,64.225],[-51.774,64.25],[-51.75,64.25],[-51.75,64.2703],[-51.7049,64.3005],[-51.6627,64.3088],[-51.67,64.3125],[-51.625,64.3125],[-51.625,64.375],[-51.5625,64.375],[-51.5625,64.4375],[-51.4792,64.4792],[-51.464,64.5096],[-51.4399,64.5347],[-51.4315,64.5625],[-51.2552,64.5625],[-51.2649,64.5621],[-51.2761,64.5342],[-51.3505,64.4797],[-51.3406,64.4522],[-51.4375,64.4375],[-51.4375,64.4117]]],[[[-51.5618,64.1875],[-51.529,64.2005],[-51.4538,64.1875],[-51.5618,64.1875]]],[[[-51.738,64.1875],[-51.7139,64.1894],[-51.7061,64.1875],[-51.738,64.1875]]],[[[-63.375,64.8125],[-63.375,64.875],[-63.4375,64.875],[-63.4375,64.9375],[-63.5355,64.9375],[-63.5043,64.9599],[-63.5316,64.973],[-63.4559,65.0077],[-63.4696,65.0351],[-63.4375,65.0349],[-63.4375,65.0],[-63.1875,65.0],[-63.1875,64.9375],[-63.125,64.9375],[-63.125,64.8125],[-63.375,64.8125]]],[[[-63.75,64.9375],[-63.75,64.9665],[-63.6393,65.0],[-63.6024,64.9945],[-63.6052,64.9655],[-63.6619,64.9456],[-63.6413,64.9375],[-63.75,64.9375]]],[[[-63.4375,65.0534],[-63.4633,65.0555],[-63.4633,65.0623],[-63.4375,65.0612],[-63.4375,65.0534]]],[[[-54.5,68.0],[-54.5,67.9375],[-54.375,67.9375],[-54.375,67.875],[-54.1875,67.875],[-54.1875,68.0],[-54.125,68.0],[-54.125,67.875],[-53.875,67.875],[-53.875,67.9375],[-53.8125,67.9375],[-53.8125,67.5625],[-54.125,67.5625],[-54.125,67.5],[-54.1875,67.5],[-54.1875,67.625],[-54.625,67.625],[-54.625,67.6875],[-54.75,67.6875],[-54.75,67.8125],[-54.8125,67.8125],[-54.8125,67.875],[-54.6875,67.875],[-54.625,68.0],[-54.5,68.0]]],[[[-63.125,81.2141],[-63.2388,81.1875],[-63.875,81.1875],[-63.875,81.25],[-63.625,81.25],[-63.625,81.3125],[-63.5,81.3125],[-63.5,81.25],[-63.125,81.25],[-63.125,81.2141]]],[[[-59.75,82.125],[-59.75,82.0625],[-60.3125,82.0625],[-60.3125,82.125],[-59.75,82.125]]],[[[167.6214,-47.125],[167.613,-47.1486],[167.625,-47.1587],[167.5558,-47.1817],[167.534,-47.204],[167.5155,-47.2537],[167.521,-47.273],[167.5414,-47.2776],[167.6092,-47.2704],[167.6594,-47.2364],[167.6721,-47.2361],[167.6719,-47.2605],[167.7033,-47.2372],[167.7266,-47.2053],[167.6346,-47.2255],[167.6167,-47.2122],[167.6779,-47.1875],[167.6947,-47.1875],[167.7015,-47.207],[167.7105,-47.2074],[167.7253,-47.1942],[167.722,-47.1875],[167.8125,-47.1875],[167.8125,-47.25],[167.9375,-47.25],[167.9375,-47.4375],[167.875,-47.4375],[167.875,-47.5],[167.75,-47.5625],[167.75,-47.75],[167.875,-47.8125],[167.875,-48.0],[167.75,-48.0],[167.625,-47.9375],[167.625,-47.875],[167.6875,-47.875],[167.6875,-47.3125],[167.375,-47.3125],[167.375,-47.4375],[167.3125,-47.4375],[167.3125,-47.5625],[167.1875,-47.5625],[167.1875,-47.625],[167.0,-47.625],[167.0,-47.5625],[167.125,-47.5],[167.125,-47.375],[167.1875,-47.375],[167.1875,-47.25],[167.25,-47.25],[167.25,-47.125],[167.375,-47.125],[167.375,-47.0625],[167.4375,-47.0625],[167.4375,-47.125],[167.6214,-47.125]],[[167.4268,-47.2446],[167.487,-47.2189],[167.4773,-47.2057],[167.4543,-47.2075],[167.4187,-47.2326],[167.4268,-47.2446]],[[167.4021,-47.1454],[167.4045,-47.1568],[167.4027,-47.1613],[167.4113,-47.1403],[167.4021,-47.1454]]],[[[167.8125,-46.5625],[168.0625,-46.5625],[168.0625,-46.5],[168.3844,-46.5],[168.3264,-46.5368],[168.3198,-46.5226],[168.2986,-46.5197],[168.2678,-46.5263],[168.2698,-46.5379],[168.2815,-46.5523],[168.3078,-46.5584],[168.3192,-46.5815],[168.3418,-46.589],[168.3781,-46.6198],[168.4055,-46.6231],[168.3635,-46.5781],[168.3571,-46.5577],[168.3657,-46.5402],[168.426,-46.5611],[168.5233,-46.5625],[168.5651,-46.5851],[168.5472,-46.5908],[168.5183,-46.5867],[168.4959,-46.5725],[168.4601,-46.572],[168.4375,-46.5798],[168.4192,-46.602],[168.5915,-46.6144],[168.6452,-46.602],[168.6315,-46.5883],[168.6445,-46.5779],[168.6273,-46.5625],[168.6875,-46.5625],[168.6651,-46.5815],[168.6875,-46.5816],[168.6875,-46.625],[168.625,-46.625],[168.625,-46.75],[168.6025,-46.75],[168.59,-46.7324],[168.5778,-46.75],[168.5,-46.75],[168.5,-46.8125],[168.4375,-46.8125],[168.4375,-46.75],[168.25,-46.75],[168.25,-46.8125],[168.125,-46.8125],[168.0938,-46.75],[168.0625,-46.75],[168.0625,-46.6875],[167.75,-46.6875],[167.75,-46.625],[167.8125,-46.625],[167.8125,-46.5625]]],[[[174.375,-41.5],[174.375,-41.625],[174.25,-41.6875],[174.25,-41.3169],[174.2605,-41.2951],[174.2977,-41.2647],[174.3257,-41.2162],[174.2634,-41.2477],[174.25,-41.2491],[174.25,-41.2318],[174.312,-41.2026],[174.366,-41.2026],[174.3809,-41.1951],[174.4014,-41.1406],[174.3973,-41.1083],[174.3809,-41.1064],[174.3436,-41.1257],[174.3257,-41.1269],[174.3421,-41.1447],[174.3667,-41.1406],[174.3675,-41.1589],[174.3512,-41.1755],[174.3291,-41.1817],[174.312,-41.1686],[174.25,-41.2171],[174.25,-41.1262],[174.2573,-41.1269],[174.2615,-41.0988],[174.3264,-41.0094],[174.3189,-40.9965],[174.3045,-41.0006],[174.25,-41.0457],[174.25,-40.8125],[174.5,-40.8125],[174.5,-40.875],[174.8125,-40.875],[174.8125,-40.9375],[174.875,-40.9375],[174.875,-41.0],[174.75,-41.0],[174.75,-41.1626],[174.6751,-41.2231],[174.6115,-41.2374],[174.5999,-41.2573],[174.6094,-41.2919],[174.646,-41.3204],[174.6948,-41.3395],[174.7406,-41.3466],[174.7776,-41.3263],[174.7993,-41.3355],[174.8125,-41.3321],[174.8125,-41.4375],[174.6875,-41.4375],[174.6875,-41.5],[174.375,-41.5]]],[[[174.0625,-40.625],[174.0625,-40.75],[173.966,-40.75],[173.9649,-40.7088],[173.9435,-40.75],[173.8125,-40.75],[173.8125,-40.625],[174.0625,-40.625]]],[[[148.25,-40.3362],[148.2102,-40.3386],[148.1941,-40.3657],[148.1716,-40.3512],[148.1382,-40.3454],[148.0625,-40.3563],[148.0625,-40.25],[148.1243,-40.2706],[148.1867,-40.25],[148.25,-40.25],[148.25,-40.3362]]],[[[148.289,-40.4375],[148.3279,-40.4375],[148.3406,-40.4695],[148.3406,-40.5037],[148.375,-40.4838],[148.375,-40.5],[148.4375,-40.5],[148.4375,-40.6875],[148.375,-40.6875],[148.375,-40.8125],[148.1875,-40.8125],[148.1875,-40.75],[148.0333,-40.75],[147.9842,-40.7365],[147.96,-40.75],[147.9375,-40.75],[147.9375,-40.6875],[147.875,-40.6875],[147.875,-40.5625],[147.9375,-40.5625],[147.9375,-40.5],[148.0508,-40.4434],[148.082,-40.4543],[148.1516,-40.4485],[148.176,-40.4553],[148.1898,-40.4435],[148.208,-40.4426],[148.2307,-40.4621],[148.289,-40.4375]],[[148.105,-40.53],[148.1209,-40.5617],[148.1619,-40.5706],[148.1687,-40.5856],[148.1942,-40.5963],[148.2136,-40.5515],[148.2268,-40.5483],[148.2307,-40.5173],[148.2511,-40.4894],[148.1311,-40.5138],[148.105,-40.53]]],[[[144.375,-40.4375],[144.3125,-40.4375],[144.3125,-40.3125],[144.5625,-40.3125],[144.625,-40.1875],[144.9375,-40.1875],[144.9375,-40.25],[145.0625,-40.3125],[145.0625,-40.375],[145.0,-40.375],[145.0,-40.5625],[144.9375,-40.5625],[144.9375,-40.625],[144.9305,-40.6153],[144.9154,-40.625],[144.8125,-40.625],[144.8125,-40.6875],[144.75,-40.6875],[144.75,-40.625],[144.625,-40.625],[144.5625,-40.5],[144.375,-40.5],[144.375,-40.4375]],[[144.7791,-40.4054],[144.7629,-40.4695],[144.716,-40.4767],[144.7083,-40.4894],[144.7288,-40.5136],[144.7295,-40.5699],[144.7424,-40.5925],[144.7647,-40.5846],[144.7656,-40.5245],[144.7905,-40.5021],[144.7922,-40.4279],[144.7791,-40.4054]],[[144.9007,-40.4695],[144.9526,-40.4489],[144.9485,-40.4379],[144.9605,-40.3979],[144.9411,-40.3864],[144.8885,-40.3818],[144.8734,-40.3917],[144.8845,-40.3976],[144.8665,-40.4212],[144.8312,-40.428],[144.8745,-40.4675],[144.9007,-40.4695]]],[[[144.0625,-40.125],[144.0625,-40.0625],[144.125,-40.0625],[144.1875,-39.9375],[144.3125,-40.0],[144.3125,-40.25],[144.1875,-40.25],[144.1875,-40.1875],[143.9375,-40.1875],[143.9375,-40.125],[144.0625,-40.125]]],[[[147.75,-39.8125],[147.6875,-39.8125],[147.6875,-39.75],[147.5625,-39.6875],[147.5625,-39.5],[147.6875,-39.5],[147.6875,-39.4375],[148.0,-39.4375],[148.0,-39.5],[148.0625,-39.5],[148.0625,-39.625],[148.0,-39.625],[148.0,-39.6875],[147.9533,-39.7117],[147.9093,-39.75],[147.8651,-39.7429],[147.8607,-39.7527],[147.875,-39.7869],[147.854,-39.7975],[147.8636,-39.817],[147.7959,-39.8473],[147.7644,-39.875],[147.75,-39.875],[147.75,-39.8125]]],[[[138.3125,-35.6875],[138.1875,-35.75],[138.1875,-35.875],[138.125,-35.875],[138.1296,-35.8163],[138.0713,-35.7857],[138.0647,-35.761],[138.0,-35.7387],[138.0,-35.5],[138.1875,-35.5],[138.1875,-35.518],[138.1227,-35.5554],[138.1074,-35.6207],[138.1768,-35.6682],[138.222,-35.669],[138.2805,-35.6443],[138.2805,-35.6518],[138.3125,-35.653],[138.3125,-35.6875]]],[[[172.875,-34.25],[172.875,-34.375],[172.75,-34.375],[172.75,-34.4315],[172.7028,-34.4118],[172.7013,-34.4459],[172.6741,-34.4799],[172.75,-34.5177],[172.75,-34.5625],[172.625,-34.5625],[172.625,-34.5],[172.5,-34.5],[172.4375,-34.375],[172.3125,-34.375],[172.3125,-34.3125],[172.125,-34.3125],[172.125,-34.25],[171.9375,-34.25],[171.9375,-34.1875],[172.25,-34.1875],[172.25,-34.25],[172.5,-34.25],[172.5,-34.0625],[172.8125,-34.0625],[172.8125,-34.25],[172.875,-34.25]]],[[[137.625,-33.5],[137.625,-33.5625],[137.5,-33.5625],[137.5,-33.75],[137.4375,-33.75],[137.4375,-34.0],[137.375,-34.0],[137.375,-33.8125],[137.25,-33.8125],[137.25,-33.75],[137.1875,-33.75],[137.1875,-33.6763],[137.2249,-33.6533],[137.25,-33.625],[137.2755,-33.5625],[137.4375,-33.5625],[137.4375,-33.5],[137.625,-33.5]]],[[[139.0625,-16.9375],[139.0625,-16.875],[139.0,-16.875],[139.0,-16.75],[138.9375,-16.75],[138.9375,-16.6875],[139.0,-16.6875],[139.0625,-16.5625],[139.1875,-16.5625],[139.1875,-16.5853],[139.1643,-16.6163],[139.155,-16.6723],[139.137,-16.6972],[139.1449,-16.756],[139.153,-16.756],[139.1712,-16.7314],[139.182,-16.7327],[139.1859,-16.7116],[139.178,-16.6624],[139.2263,-16.7211],[139.25,-16.7248],[139.25,-16.8125],[139.1875,-16.8125],[139.1875,-16.9375],[139.0625,-16.9375]],[[139.0892,-16.8276],[139.1011,-16.8595],[139.1077,-16.8625],[139.1219,-16.8364],[139.1581,-16.8276],[139.155,-16.8129],[139.0892,-16.8276]]],[[[139.6875,-16.5211],[139.7123,-16.5219],[139.7087,-16.4954],[139.7191,-16.4843],[139.7341,-16.5055],[139.7395,-16.4547],[139.7341,-16.4433],[139.7232,-16.4445],[139.7101,-16.4688],[139.6919,-16.4638],[139.6994,-16.4433],[139.6875,-16.4428],[139.6875,-16.375],[139.625,-16.375],[139.625,-16.3125],[139.6875,-16.3125],[139.6875,-16.25],[139.8125,-16.25],[139.8125,-16.3125],[139.9375,-16.3125],[139.9375,-16.375],[140.0,-16.375],[140.0,-16.5],[140.125,-16.5625],[140.125,-16.6875],[140.1875,-16.6875],[140.1875,-16.8125],[140.125,-16.8125],[140.125,-16.875],[140.0,-16.875],[140.0,-16.8125],[139.875,-16.8125],[139.875,-16.75],[139.75,-16.75],[139.75,-16.625],[139.625,-16.625],[139.625,-16.5625],[139.6875,-16.5625],[139.6875,-16.5211]]],[[[137.125,-14.125],[137.0,-14.375],[136.875,-14.3125],[136.875,-14.2837],[136.9031,-14.2989],[136.9136,-14.28],[136.9373,-14.2914],[136.933,-14.2765],[136.9515,-14.2778],[136.9421,-14.2678],[136.9409,-14.2431],[136.9588,-14.2327],[136.9521,-14.2208],[137.0,-14.125],[137.125,-14.125]]],[[[137.0,-12.0625],[137.0,-12.125],[137.125,-12.1875],[137.125,-12.375],[137.0,-12.375],[137.0,-12.3125],[136.9375,-12.3125],[136.9375,-12.1875],[136.8125,-12.1875],[136.8125,-12.1353],[136.8294,-12.1323],[136.8215,-12.1208],[136.822,-12.0844],[136.8125,-12.0782],[136.8125,-11.9375],[136.875,-11.9375],[136.875,-12.0],[136.9375,-12.0],[136.9375,-12.0625],[137.0,-12.0625]]],[[[136.6875,-10.875],[136.75,-10.875],[136.75,-10.9375],[136.875,-10.9375],[136.875,-11.0625],[136.8125,-11.0625],[136.8125,-11.125],[136.7375,-11.125],[136.7637,-11.0401],[136.7625,-11.0193],[136.7523,-11.0372],[136.7386,-11.0297],[136.7187,-11.0508],[136.7348,-11.0642],[136.731,-11.0792],[136.7113,-11.0966],[136.7076,-11.125],[136.6875,-11.125],[136.6875,-10.875]]],[[[141.9375,-10.125],[141.875,-10.125],[141.875,-9.9375],[141.75,-9.9375],[141.75,-9.8125],[141.5625,-9.8125],[141.5625,-10.125],[141.5,-10.125],[141.5,-10.1875],[141.25,-10.1875],[141.25,-10.125],[141.1875,-10.125],[141.125,-10.0],[140.9375,-10.0],[140.9375,-9.9375],[140.8125,-9.9375],[140.8125,-9.875],[140.75,-9.875],[140.75,-9.75],[140.625,-9.75],[140.625,-9.5625],[140.25,-9.5625],[140.25,-9.3125],[140.125,-9.3125],[140.125,-9.25],[139.875,-9.25],[139.875,-9.1875],[139.6875,-9.1875],[139.6875,-9.125],[139.5625,-9.125],[139.5625,-9.0625],[139.4375,-9.0625],[139.4062,-9.0],[140.375,-9.0],[140.375,-9.1875],[140.4375,-9.1875],[140.4375,-9.25],[140.75,-9.25],[140.75,-9.125],[140.875,-9.125],[140.875,-9.1875],[141.0625,-9.1875],[141.0625,-9.1723],[141.115,-9.2184],[141.1526,-9.2322],[141.2002,-9.2278],[141.25,-9.1987],[141.25,-9.25],[141.125,-9.25],[141.125,-9.3125],[140.9375,-9.3125],[140.9375,-9.5],[141.25,-9.5],[141.3125,-9.375],[141.5,-9.375],[141.5625,-9.25],[141.8125,-9.25],[141.8125,-9.2056],[141.8474,-9.2172],[141.8929,-9.2189],[142.0,-9.1882],[142.0,-10.875],[141.9375,-10.875],[141.9375,-10.8438],[141.875,-10.8125],[141.875,-10.75],[141.9375,-10.75],[141.9375,-10.5625],[141.875,-10.5625],[141.875,-10.3125],[141.9375,-10.3125],[141.9375,-10.125]]],[[[138.9375,-9.0625],[138.6875,-9.0625],[138.6562,-9.0],[138.9375,-9.0],[138.9375,-9.0625]]],[[[142.25,27.125],[142.25,27.375],[142.1875,27.375],[142.1875,27.4688],[142.125,27.5],[142.0,27.5],[142.0,27.5625],[142.125,27.5625],[142.125,27.75],[141.875,27.75],[141.875,27.8125],[142.0625,27.8125],[142.0625,27.9375],[142.375,27.9375],[142.375,27.8125],[142.25,27.8125],[142.25,27.625],[142.4375,27.625],[142.4375,27.4375],[142.5,27.4375],[142.5,27.375],[142.375,27.375],[142.375,27.0625],[142.4375,27.0625],[142.4375,27.0],[142.25,27.0],[142.25,27.0625],[142.237,27.0625],[142.2411,27.0843],[142.2332,27.0943],[142.1932,27.0917],[142.2144,27.0638],[142.1875,27.075],[142.1875,27.125],[142.1893,27.117],[142.2214,27.1038],[142.2297,27.1083],[142.227,27.1138],[142.2108,27.125],[142.25,27.125]],[[142.1831,27.6195],[142.1795,27.6125],[142.1953,27.5991],[142.1929,27.6162],[142.1831,27.6195]],[[142.2131,27.4846],[142.2118,27.4947],[142.2088,27.4978],[142.2131,27.4846]],[[142.1419,27.6797],[142.1253,27.6809],[142.1252,27.6774],[142.1388,27.6676],[142.1419,27.6797]]],[[[142.1875,27.0625],[142.1875,27.0673],[142.1908,27.0625],[142.1875,27.0625]]],[[[139.375,34.4375],[139.375,34.25],[139.4375,34.25],[139.4375,34.2188],[139.5,34.1875],[139.5,34.0965],[139.4875,34.0625],[139.375,34.0625],[139.375,34.125],[139.25,34.125],[139.25,34.5],[139.1875,34.5],[139.1875,34.5625],[139.25,34.5625],[139.25,34.6875],[139.3125,34.6875],[139.3125,34.75],[139.3517,34.75],[139.3512,34.72],[139.3594,34.7023],[139.4375,34.6768],[139.4375,34.4375],[139.375,34.4375]],[[139.2704,34.396],[139.2537,34.3414],[139.2678,34.3227],[139.2835,34.3369],[139.2964,34.3679],[139.301,34.4179],[139.2704,34.396]],[[139.2916,34.4698],[139.2972,34.4744],[139.2887,34.4738],[139.2916,34.4698]],[[139.2768,34.5128],[139.2905,34.5234],[139.2794,34.534],[139.2643,34.5259],[139.2768,34.5128]]],[[[141.5625,41.5],[141.5625,41.4375],[141.5,41.4375],[141.5,41.3125],[141.4375,41.3125],[141.4375,41.3448],[141.4575,41.3775],[141.4538,41.3964],[141.4669,41.4193],[141.4606,41.4302],[141.4375,41.4106],[141.4375,41.4375],[141.3125,41.4375],[141.3125,41.5],[141.5625,41.5]]],[[[140.375,41.2461],[140.3423,41.2657],[140.3328,41.2372],[140.3321,41.1875],[140.3125,41.1875],[140.3125,41.3125],[140.25,41.3125],[140.25,41.375],[140.0625,41.375],[140.0625,41.1875],[140.0,41.1875],[140.0,41.25],[139.875,41.3125],[139.875,41.4375],[140.0,41.5],[140.0,41.5295],[140.0383,41.4426],[140.1004,41.4135],[140.1375,41.421],[140.209,41.4011],[140.2412,41.4572],[140.2747,41.4824],[140.375,41.5],[140.375,41.375],[140.4375,41.375],[140.4375,41.3125],[140.375,41.3125],[140.375,41.2461]]],[[[140.0,41.6875],[140.0171,41.6875],[140.0,41.629],[140.0,41.6875]]],[[[140.875,41.75],[140.8938,41.75],[140.96,41.722],[141.0064,41.7121],[141.0433,41.7239],[141.125,41.7804],[141.125,41.5625],[141.0625,41.5625],[141.0625,41.5],[141.0,41.5],[140.9872,41.4936],[140.9136,41.5469],[140.8995,41.5242],[140.9071,41.5008],[140.898,41.4761],[140.8592,41.4375],[140.8125,41.4375],[140.8125,41.5625],[140.875,41.5625],[140.875,41.75]]],[[[145.9375,43.375],[145.8125,43.3788],[145.8125,43.5],[145.9375,43.5],[145.9375,43.625],[146.0,43.625],[146.0,43.4375],[145.9375,43.4367],[145.9325,43.4445],[145.9382,43.4553],[145.9048,43.4484],[145.8864,43.4596],[145.865,43.4562],[145.891,43.4449],[145.8879,43.4252],[145.8965,43.4241],[145.896,43.4173],[145.9093,43.4248],[145.9375,43.4231],[145.9375,43.375]]],[[[145.375,43.8125],[145.4101,43.8301],[145.4276,43.8056],[145.4276,43.7709],[145.4431,43.7245],[145.5142,43.7357],[145.5518,43.7163],[145.5443,43.7094],[145.5443,43.6747],[145.5562,43.6527],[145.5723,43.7304],[145.625,43.625],[145.4375,43.625],[145.4375,43.5625],[145.375,43.5625],[145.375,43.625],[145.3125,43.625],[145.3125,43.75],[145.375,43.75],[145.375,43.8125]]],[[[142.3125,45.4375],[142.1875,45.4375],[142.1875,45.5],[141.9664,45.5],[141.9605,45.5102],[141.9375,45.5191],[141.9375,45.5625],[141.875,45.5625],[141.875,45.75],[141.8125,45.75],[141.8125,45.875],[141.5625,45.875],[141.5625,45.9375],[141.625,45.9375],[141.625,46.0],[141.9733,46.0],[142.0015,45.978],[142.0398,45.9243],[142.0853,45.9008],[142.0942,45.9028],[142.1273,46.0],[142.25,46.0],[142.25,45.9375],[142.3125,45.9375],[142.3125,45.875],[142.375,45.875],[142.375,45.6875],[142.4375,45.6875],[142.4375,45.5625],[142.375,45.5625],[142.3125,45.4375]]]]}},{"type":"Feature","properties":{"status":"unknown","area_deg2":135.65},"geometry":{"type":"MultiPolygon","coordinates":[[[[-157.8125,-81.125],[-157.8125,-81.1875],[-158.0,-81.1875],[-158.0,-81.25],[-158.1875,-81.25],[-158.1875,-81.1875],[-158.5,-81.1875],[-158.5,-81.125],[-158.3125,-81.125],[-158.3125,-81.0625],[-158.25,-81.0625],[-158.25,-81.125],[-157.8125,-81.125]]],[[[-163.125,-79.8152],[-163.0658,-79.8198],[-162.9759,-79.8267],[-163.0,-79.875],[-163.125,-79.875],[-163.125,-79.8152]]],[[[-163.25,-79.8125],[-163.25,-79.8055],[-163.1593,-79.8125],[-163.25,-79.8125]]],[[[-163.25,-79.75],[-163.1389,-79.75],[-163.0488,-79.7683],[-163.0381,-79.7771],[-163.0657,-79.782],[-163.1516,-79.7678],[-163.25,-79.7687],[-163.25,-79.75]]],[[[-162.9375,-79.75],[-162.9454,-79.7658],[-163.0643,-79.75],[-162.9375,-79.75]]],[[[-165.25,-79.375],[-165.0625,-79.375],[-165.0625,-79.4375],[-165.3125,-79.4375],[-165.3125,-79.375],[-165.5,-79.375],[-165.5,-79.3125],[-165.25,-79.3125],[-165.25,-79.375]]],[[[-148.4375,-77.0],[-148.4375,-77.125],[-148.5131,-77.1076],[-148.7697,-77.1047],[-148.8055,-77.111],[-148.7587,-77.0174],[-148.4375,-77.0]]],[[[-176.625,-43.6875],[-176.625,-43.75],[-176.75,-43.75],[-176.7562,-43.7624],[-176.7724,-43.7512],[-176.7865,-43.7563],[-176.7793,-43.7791],[-176.8403,-43.8012],[-176.855,-43.8201],[-176.8259,-43.8396],[-176.7909,-43.8317],[-176.8125,-43.875],[-176.9375,-43.875],[-176.9375,-43.6875],[-176.875,-43.6875],[-176.875,-43.5],[-176.9375,-43.5],[-176.9375,-43.375],[-176.8125,-43.375],[-176.75,-43.5],[-176.625,-43.5],[-176.625,-43.5625],[-176.5,-43.625],[-176.5,-43.6875],[-176.625,-43.6875]]],[[[-175.1875,-20.75],[-175.0625,-20.75],[-175.0625,-20.625],[-175.0,-20.625],[-175.0,-20.8125],[-174.9375,-20.8125],[-174.9375,-20.9375],[-175.1875,-20.8125],[-175.1875,-20.75]]],[[[-174.0625,-18.75],[-173.9375,-18.75],[-173.9375,-18.8125],[-174.0,-18.8125],[-174.0,-18.9375],[-174.125,-19.0],[-174.125,-18.8125],[-174.0625,-18.8125],[-174.0625,-18.75]]],[[[-144.875,-16.75],[-144.875,-16.6875],[-144.625,-16.6875],[-144.625,-16.8125],[-144.6875,-16.8125],[-144.75,-16.9375],[-144.8125,-16.9375],[-144.8125,-16.75],[-144.875,-16.75]]],[[[-147.5,-15.125],[-147.5,-15.25],[-147.5625,-15.25],[-147.5625,-15.1875],[-147.75,-15.1875],[-147.75,-14.9375],[-147.6875,-14.9375],[-147.6875,-15.0],[-147.5,-15.0],[-147.5,-15.0625],[-147.4375,-15.0625],[-147.4375,-15.125],[-147.5,-15.125]],[[-147.4925,-15.0911],[-147.5309,-15.069],[-147.459,-15.1214],[-147.4925,-15.0911]]],[[[-145.875,-14.375],[-145.875,-14.4375],[-146.3125,-14.4375],[-146.3125,-14.375],[-146.1875,-14.375],[-146.1875,-14.25],[-146.125,-14.25],[-146.125,-14.375],[-145.875,-14.375]]],[[[-165.9375,23.8125],[-166.1875,23.8125],[-166.1875,23.75],[-166.25,23.75],[-166.25,23.875],[-166.4375,23.875],[-166.375,24.0],[-166.3125,24.0],[-166.3125,23.9375],[-166.1875,23.9375],[-166.1875,23.875],[-165.9375,23.875],[-165.9375,23.8125]],[[-166.21,23.7829],[-166.2104,23.7801],[-166.2091,23.7807],[-166.21,23.7829]],[[-166.204,23.7907],[-166.2045,23.7878],[-166.2032,23.7885],[-166.204,23.7907]],[[-166.2348,23.8022],[-166.232,23.8021],[-166.2325,23.8026],[-166.2348,23.8022]],[[-166.2284,23.8227],[-166.2281,23.819],[-166.2267,23.8194],[-166.2284,23.8227]],[[-166.232,23.8241],[-166.2333,23.8227],[-166.2312,23.8221],[-166.232,23.8241]],[[-166.2205,23.8544],[-166.2198,23.8572],[-166.2228,23.8572],[-166.2205,23.8544]],[[-166.2224,23.8592],[-166.2248,23.8595],[-166.2231,23.8582],[-166.2224,23.8592]],[[-166.2443,23.8677],[-166.2447,23.8648],[-166.2434,23.8654],[-166.2443,23.8677]]],[[[-166.875,24.25],[-166.8438,24.1875],[-166.8125,24.1875],[-166.8125,24.125],[-167.0625,24.125],[-167.0625,24.3125],[-166.9375,24.3125],[-166.9375,24.25],[-166.875,24.25]]],[[[-81.75,24.5761],[-81.7695,24.5625],[-82.375,24.5625],[-82.375,24.625],[-81.75,24.625],[-81.75,24.5761]],[[-82.1105,24.5655],[-82.1096,24.5861],[-82.1194,24.5947],[-82.1317,24.5981],[-82.1457,24.5927],[-82.1196,24.5851],[-82.1105,24.5655]],[[-82.155,24.574],[-82.1555,24.5718],[-82.1533,24.572],[-82.155,24.574]]],[[[-81.75,24.5664],[-81.7557,24.5625],[-81.7525,24.5699],[-81.75,24.5664]]],[[[-167.8125,24.875],[-167.8125,24.6875],[-167.75,24.6875],[-167.75,24.625],[-168.0,24.625],[-168.0,24.75],[-167.875,24.8125],[-167.875,24.875],[-167.8125,24.875]]],[[[-112.8125,28.375],[-112.8519,28.375],[-112.8584,28.4038],[-112.8447,28.4224],[-112.8463,28.4411],[-112.8678,28.4323],[-112.8815,28.4375],[-112.876,28.4505],[-112.9024,28.4753],[-113.0,28.4556],[-113.0,28.5625],[-112.8125,28.5625],[-112.8125,28.6192],[-112.7739,28.5758],[-112.7524,28.5911],[-112.8125,28.6413],[-112.8125,28.75],[-112.6875,28.75],[-112.6875,28.8125],[-112.574,28.8692],[-112.496,28.833],[-112.4938,28.823],[-112.4672,28.8194],[-112.4665,28.8056],[-112.4128,28.8001],[-112.382,28.7738],[-112.367,28.772],[-112.3591,28.7582],[-112.3455,28.7652],[-112.3262,28.7627],[-112.3133,28.75],[-112.4375,28.75],[-112.5,28.625],[-112.625,28.625],[-112.625,28.4375],[-112.6875,28.4375],[-112.6875,28.3125],[-112.8125,28.25],[-112.8125,28.375]],[[-112.6132,28.7258],[-112.6043,28.6694],[-112.5539,28.6723],[-112.5414,28.7123],[-112.548,28.7285],[-112.5575,28.7338],[-112.6132,28.7258]]],[[[-112.5625,28.8878],[-112.5625,29.0],[-112.5034,29.0296],[-112.5002,28.9904],[-112.4859,28.9716],[-112.5043,28.9319],[-112.5261,28.9088],[-112.5625,28.8878]]],[[[-113.0625,29.1875],[-113.0625,29.125],[-113.0312,29.0625],[-113.0,29.0625],[-113.0,29.0],[-112.875,28.9375],[-112.875,28.875],[-113.0,28.875],[-113.0,28.8125],[-113.0625,28.8125],[-113.0625,28.5625],[-113.1156,28.5625],[-113.125,28.5886],[-113.125,28.8125],[-113.2134,28.8125],[-113.2341,28.8356],[-113.2604,28.8401],[-113.2981,28.8125],[-113.3125,28.8125],[-113.3125,28.9375],[-113.125,28.9375],[-113.125,28.9883],[-113.1148,28.9845],[-113.1166,29.0262],[-113.1021,29.0531],[-113.125,29.0607],[-113.125,29.1875],[-113.0625,29.1875]],[[-113.037,28.9008],[-113.045,28.8833],[-113.0329,28.8955],[-113.037,28.9008]],[[-113.0957,29.0635],[-113.0823,29.0655],[-113.0827,29.0716],[-113.0957,29.0635]]],[[[-113.5926,29.4375],[-113.5891,29.4096],[-113.5117,29.3264],[-113.4961,29.2852],[-113.4819,29.2784],[-113.4501,29.2797],[-113.4375,29.2692],[-113.4375,29.25],[-113.625,29.25],[-113.625,29.3125],[-113.6757,29.3125],[-113.6875,29.3228],[-113.6875,29.4375],[-113.5926,29.4375]]],[[[-114.5625,30.875],[-114.5625,30.8125],[-114.6875,30.875],[-114.6875,31.0],[-114.5625,31.0],[-114.5625,31.1875],[-114.5,31.1875],[-114.5,31.3125],[-114.375,31.375],[-114.375,31.125],[-114.4375,31.125],[-114.4375,30.875],[-114.5625,30.875]]],[[[-178.0,51.9223],[-178.1478,51.9147],[-178.1875,51.8972],[-178.1875,51.9375],[-178.0,51.9375],[-178.0,51.9223]]],[[[-178.0,51.7862],[-178.0,51.712],[-178.0294,51.7001],[-178.0799,51.7003],[-178.0919,51.6906],[-178.1014,51.6654],[-178.0446,51.6656],[-178.0112,51.6481],[-177.9736,51.6452],[-177.958,51.6374],[-177.9525,51.625],[-178.0625,51.625],[-178.0625,51.5625],[-178.25,51.5625],[-178.25,51.5],[-178.4375,51.5],[-178.4375,51.4375],[-178.5625,51.4375],[-178.5625,51.5625],[-178.7995,51.5625],[-178.8445,51.5762],[-178.8554,51.5731],[-178.8371,51.5625],[-179.0625,51.5625],[-179.0625,51.625],[-179.125,51.625],[-179.125,51.6875],[-178.875,51.6875],[-178.875,51.875],[-178.6875,51.875],[-178.6875,51.6875],[-178.5625,51.6875],[-178.5625,51.625],[-178.375,51.625],[-178.375,51.6875],[-178.25,51.6875],[-178.25,51.8125],[-178.1875,51.8125],[-178.1875,51.8543],[-178.0952,51.8237],[-178.0463,51.7914],[-178.0,51.7862]],[[-178.8136,51.8392],[-178.8589,51.7957],[-178.8427,51.7726],[-178.8083,51.7473],[-178.7605,51.7523],[-178.7402,51.7836],[-178.7485,51.8176],[-178.8136,51.8392]],[[-179.055,51.5891],[-179.0615,51.5761],[-179.0384,51.5694],[-179.0409,51.5825],[-179.055,51.5891]],[[-178.5794,51.6061],[-178.6076,51.5963],[-178.5951,51.5856],[-178.5784,51.5874],[-178.5794,51.6061]],[[-178.6551,51.6136],[-178.6848,51.6059],[-178.6833,51.595],[-178.6396,51.5881],[-178.621,51.5966],[-178.6251,51.6084],[-178.6551,51.6136]]],[[[-177.8125,51.6875],[-177.803,51.75],[-177.75,51.75],[-177.75,51.8047],[-177.6474,51.8205],[-177.6267,51.8326],[-177.6222,51.8572],[-177.709,51.8373],[-177.75,51.8371],[-177.75,52.0],[-177.6875,52.0],[-177.625,51.875],[-177.5,51.875],[-177.5,51.75],[-177.4668,51.75],[-177.4747,51.7412],[-177.5176,51.7379],[-177.5229,51.72],[-177.5707,51.72],[-177.6464,51.7337],[-177.7047,51.7064],[-177.6848,51.6875],[-177.6875,51.625],[-177.9093,51.625],[-177.913,51.6309],[-177.9095,51.6592],[-177.917,51.6654],[-177.8925,51.6679],[-177.8829,51.6859],[-177.8478,51.6719],[-177.8125,51.6875]]],[[[-177.125,51.75],[-177.125,51.8393],[-177.0743,51.8588],[-177.067,51.8816],[-177.0468,51.892],[-177.0547,51.9098],[-177.0748,51.9226],[-177.125,51.9375],[-177.0,51.9375],[-177.0,52.0],[-176.875,52.0],[-176.875,51.9375],[-176.7811,51.9375],[-176.7793,51.9087],[-176.7587,51.884],[-176.7392,51.875],[-176.8125,51.875],[-176.8125,51.8125],[-176.851,51.8125],[-176.8649,51.8237],[-176.9048,51.8076],[-176.9151,51.7919],[-176.909,51.7753],[-176.875,51.7682],[-176.8822,51.7204],[-176.9022,51.7001],[-176.9666,51.6691],[-176.9756,51.6471],[-176.9779,51.6003],[-176.9521,51.5922],[-176.9171,51.6015],[-176.875,51.6626],[-176.875,51.5625],[-177.0625,51.5625],[-177.125,51.6875],[-177.2484,51.6875],[-177.2238,51.6971],[-177.2038,51.6927],[-177.2038,51.7138],[-177.1567,51.7001],[-177.125,51.75]]],[[[-177.3148,51.6875],[-177.3069,51.6927],[-177.2948,51.6875],[-177.3148,51.6875]]],[[[-177.375,51.6875],[-177.375,51.625],[-177.4375,51.625],[-177.4375,51.6875],[-177.632,51.6875],[-177.5986,51.7027],[-177.4989,51.7033],[-177.4543,51.723],[-177.3854,51.7264],[-177.3568,51.7178],[-177.3203,51.6875],[-177.375,51.6875]]],[[[-176.1875,51.8865],[-176.2045,51.881],[-176.2107,51.8671],[-176.2012,51.8409],[-176.2237,51.8436],[-176.2191,51.8244],[-176.1788,51.8125],[-176.25,51.8125],[-176.25,52.0],[-176.3125,52.0],[-176.3125,52.0625],[-176.1912,52.0625],[-176.1875,51.8865]]],[[[-176.125,51.875],[-176.125,51.8541],[-176.1282,51.864],[-176.1549,51.875],[-176.125,51.875]]],[[[-176.15,51.8125],[-176.1484,51.8179],[-176.1356,51.8299],[-176.1278,51.8125],[-176.15,51.8125]]],[[[-173.875,52.117],[-173.9011,52.1117],[-173.8874,52.1384],[-173.9589,52.123],[-174.011,52.1247],[-174.052,52.1384],[-174.0594,52.1247],[-174.0246,52.1042],[-173.9905,52.1042],[-173.9216,52.0837],[-173.9299,52.0663],[-173.9221,52.0594],[-173.836,52.0434],[-173.7491,52.0478],[-173.7016,52.0625],[-173.6747,52.0625],[-173.6821,52.049],[-173.5707,52.0485],[-173.5578,52.0446],[-173.5722,52.0353],[-173.5609,52.0312],[-173.5238,52.0353],[-173.4902,52.0217],[-173.463,52.0428],[-173.3874,52.0378],[-173.4375,51.9375],[-173.75,51.9375],[-173.75,51.8125],[-173.8125,51.8125],[-173.8125,51.875],[-174.125,51.875],[-174.125,51.9375],[-174.0625,51.9375],[-174.0625,52.125],[-174.0941,52.125],[-174.1002,52.1409],[-174.1766,52.1875],[-174.125,52.1875],[-174.125,52.2285],[-174.0892,52.2271],[-174.052,52.2408],[-174.0495,52.25],[-174.0,52.25],[-174.0,52.2937],[-173.9919,52.3126],[-174.0,52.3285],[-174.0,52.375],[-173.9375,52.375],[-173.9375,52.1875],[-173.875,52.1875],[-173.875,52.117]]],[[[-174.1644,52.125],[-174.1568,52.1291],[-174.1415,52.125],[-174.1644,52.125]]],[[[-175.0625,52.0625],[-175.0625,52.0424],[-175.1041,52.0299],[-175.1208,52.0285],[-175.1063,52.0388],[-175.1102,52.0446],[-175.1613,52.0485],[-175.2102,52.0353],[-175.3108,52.0267],[-175.3405,52.0148],[-175.3236,52.0078],[-175.0625,52.0047],[-175.25,52.0],[-175.25,51.9375],[-175.6875,51.9375],[-175.6875,51.9552],[-175.6621,51.9596],[-175.6621,51.967],[-175.6875,51.9691],[-175.6875,52.0],[-175.8125,52.0],[-175.8125,52.125],[-175.75,52.125],[-175.75,52.1875],[-175.5,52.1875],[-175.5,52.25],[-175.25,52.25],[-175.25,52.1875],[-174.9375,52.1875],[-174.939,52.0769],[-174.9659,52.0797],[-174.9721,52.0625],[-175.01,52.0748],[-175.02,52.0745],[-175.0253,52.0625],[-175.0625,52.0625]],[[-175.463,51.9842],[-175.4537,51.9786],[-175.4313,51.9818],[-175.4491,51.988],[-175.463,51.9842]],[[-175.5273,52.1829],[-175.531,52.1723],[-175.51,52.1601],[-175.492,52.173],[-175.5105,52.1848],[-175.5273,52.1829]]],[[[-173.1875,52.1875],[-173.0625,52.1875],[-173.0625,52.25],[-172.9375,52.25],[-172.875,52.375],[-172.625,52.375],[-172.625,52.5],[-172.5,52.5],[-172.5,52.5625],[-172.4375,52.5625],[-172.4375,52.625],[-172.4062,52.625],[-172.375,52.6875],[-172.25,52.6875],[-172.25,52.75],[-171.75,52.75],[-171.75,52.8125],[-171.625,52.8125],[-171.625,52.875],[-171.4688,52.875],[-171.4375,52.9375],[-171.4375,53.0625],[-171.375,53.0625],[-171.375,53.0],[-171.0625,53.0],[-171.0625,52.9375],[-170.875,52.9375],[-170.875,52.875],[-170.625,52.875],[-170.625,52.9375],[-170.4375,52.9375],[-170.4375,53.0],[-170.375,53.0],[-170.3125,53.125],[-170.0,53.125],[-170.0,53.1875],[-169.6875,53.1875],[-169.6875,53.125],[-169.5625,53.125],[-169.5625,53.0625],[-169.4375,53.0625],[-169.4375,53.0],[-169.1875,53.0],[-169.1875,53.0625],[-169.125,53.0625],[-169.125,53.0],[-168.9375,53.0],[-168.9375,53.125],[-168.875,53.125],[-168.875,52.9513],[-168.891,52.9403],[-168.953,52.9403],[-168.9679,52.9272],[-168.9704,52.8947],[-168.9809,52.8782],[-169.056,52.8646],[-169.0499,52.8577],[-169.0609,52.8418],[-169.0953,52.8349],[-169.1113,52.8236],[-169.0356,52.8373],[-169.0399,52.8537],[-168.9008,52.8883],[-168.8602,52.9161],[-168.8183,52.9196],[-168.8125,52.9283],[-168.8125,52.875],[-168.6875,52.875],[-168.6875,52.8125],[-168.8125,52.8125],[-168.8125,52.75],[-168.9375,52.75],[-168.9375,52.6875],[-169.125,52.6875],[-169.125,52.625],[-169.5,52.625],[-169.5,52.5625],[-169.8125,52.5625],[-169.8125,52.5],[-169.9375,52.5],[-169.9375,52.4375],[-170.1875,52.4375],[-170.1875,52.3125],[-170.25,52.3125],[-170.25,52.375],[-170.5625,52.375],[-170.5625,52.25],[-170.75,52.25],[-170.75,52.3125],[-170.875,52.3125],[-170.875,52.375],[-171.0,52.375],[-171.0,52.4375],[-171.1875,52.4375],[-171.1875,52.375],[-171.375,52.375],[-171.375,52.3125],[-171.4375,52.3125],[-171.4375,52.1875],[-171.5625,52.1875],[-171.5625,52.125],[-171.75,52.125],[-171.75,52.0],[-172.0,52.0],[-172.0625,51.875],[-172.125,51.875],[-172.1875,52.0],[-172.5,52.0],[-172.5,52.0625],[-172.6875,52.0625],[-172.6875,52.0],[-172.75,52.0],[-172.75,51.875],[-172.8125,51.875],[-172.8125,51.9375],[-173.0,51.9375],[-173.0,52.0625],[-173.125,52.0625],[-173.1029,52.0747],[-173.0519,52.0685],[-173.017,52.0816],[-172.9558,52.0899],[-173.1017,52.0983],[-173.125,52.1087],[-173.125,52.125],[-173.1875,52.125],[-173.1875,52.1875]],[[-172.3835,52.3688],[-172.4413,52.3991],[-172.558,52.3507],[-172.5988,52.3134],[-172.633,52.2613],[-172.5832,52.2482],[-172.5294,52.2502],[-172.4794,52.2648],[-172.4413,52.2892],[-172.4258,52.2767],[-172.4128,52.2786],[-172.3873,52.296],[-172.3109,52.3165],[-172.3016,52.3443],[-172.3835,52.3688]],[[-171.3146,52.4884],[-171.3116,52.4643],[-171.2768,52.4537],[-171.2222,52.4631],[-171.2076,52.4987],[-171.2564,52.5294],[-171.2936,52.5141],[-171.3146,52.4884]],[[-170.5637,52.6728],[-170.6705,52.7008],[-170.7035,52.6819],[-170.7437,52.6787],[-170.7555,52.6591],[-170.8212,52.616],[-170.8467,52.5844],[-170.8374,52.5493],[-170.8312,52.5567],[-170.7978,52.5403],[-170.7528,52.5743],[-170.7009,52.5977],[-170.6455,52.5871],[-170.5978,52.6114],[-170.5673,52.6507],[-170.5637,52.6728]],[[-170.1466,52.791],[-170.187,52.7827],[-170.1733,52.7752],[-170.1944,52.7274],[-170.0634,52.7343],[-170.0703,52.7485],[-170.0561,52.7603],[-170.0658,52.7711],[-170.1466,52.791]],[[-169.7072,52.8727],[-169.7276,52.8851],[-169.7675,52.8847],[-169.7829,52.8925],[-169.803,52.8823],[-169.8503,52.8825],[-169.8994,52.8518],[-169.9733,52.8557],[-170.0117,52.8377],[-170.0111,52.8236],[-170.0007,52.8095],[-169.9641,52.7895],[-169.9149,52.7994],[-169.8648,52.8209],[-169.7814,52.8039],[-169.7234,52.7745],[-169.7071,52.7827],[-169.7139,52.7961],[-169.7065,52.8056],[-169.6793,52.8236],[-169.6935,52.8305],[-169.6793,52.8577],[-169.6866,52.872],[-169.7072,52.8727]],[[-170.1032,52.9163],[-170.1255,52.8994],[-170.1248,52.8886],[-170.0908,52.8646],[-170.0561,52.8571],[-170.0306,52.8646],[-169.9946,52.9056],[-170.0703,52.9192],[-170.1032,52.9163]],[[-169.7342,53.0329],[-169.7533,53.0248],[-169.7499,52.9985],[-169.7605,52.9687],[-169.7419,52.9601],[-169.7481,52.9465],[-169.7193,52.9501],[-169.6864,52.989],[-169.6662,53.0012],[-169.6807,53.0332],[-169.7342,53.0329]],[[-171.1586,52.5836],[-171.1776,52.562],[-171.1169,52.561],[-171.1178,52.5785],[-171.1586,52.5836]],[[-169.1807,52.799],[-169.2441,52.7691],[-169.2112,52.7747],[-169.1636,52.7977],[-169.1807,52.799]]],[[[-167.8316,53.4619],[-167.8081,53.4779],[-167.7959,53.5],[-167.6875,53.5],[-167.6875,53.4375],[-167.625,53.4375],[-167.625,53.3783],[-167.6415,53.3751],[-167.6704,53.3854],[-167.7185,53.3813],[-167.8448,53.3125],[-168.0,53.3125],[-168.0,53.3334],[-167.9377,53.3485],[-167.85,53.3854],[-167.8575,53.3928],[-167.8551,53.4148],[-167.8316,53.4619]]],[[[-166.0625,54.1875],[-166.0625,54.25],[-166.0,54.25],[-166.0,54.208],[-166.0817,54.1805],[-166.1164,54.1395],[-166.109,54.1326],[-166.1227,54.1184],[-166.066,54.0776],[-166.0755,54.0638],[-166.0408,54.0364],[-165.9725,54.0712],[-165.9661,54.0624],[-165.9182,54.061],[-165.9007,54.0334],[-165.875,54.0499],[-165.875,54.0],[-165.9375,54.0],[-165.9375,53.8125],[-166.0,53.8125],[-166.0,53.75],[-166.1727,53.75],[-166.1916,53.7764],[-166.1301,53.7764],[-166.1172,53.793],[-166.1301,53.8105],[-166.1268,53.8198],[-166.0892,53.8447],[-166.1059,53.848],[-166.137,53.8378],[-166.1697,53.843],[-166.1779,53.831],[-166.1978,53.8371],[-166.2325,53.7831],[-166.24,53.7831],[-166.2379,53.8153],[-166.25,53.8095],[-166.25,53.8838],[-166.2249,53.9055],[-166.2189,53.934],[-166.25,53.915],[-166.25,54.0],[-166.3648,54.0],[-166.375,54.0058],[-166.375,54.125],[-166.25,54.125],[-166.25,54.1875],[-166.0625,54.1875]],[[-166.1158,53.9887],[-166.1892,53.9897],[-166.1961,53.981],[-166.1913,53.9649],[-166.1691,53.9568],[-166.1115,53.956],[-166.0795,53.9709],[-166.1158,53.9887]]],[[[-166.1875,53.6875],[-166.25,53.6875],[-166.25,53.7284],[-166.2126,53.7081],[-166.2263,53.728],[-166.1875,53.7335],[-166.1875,53.6875]]],[[[-164.6875,54.1875],[-164.6875,54.125],[-164.75,54.125],[-164.8125,54.0],[-164.875,54.0],[-164.9062,54.0625],[-165.0,54.0625],[-165.0,54.0763],[-164.9651,54.0775],[-164.9399,54.0993],[-164.9327,54.114],[-164.9378,54.1252],[-164.9551,54.1331],[-165.0,54.12],[-165.0,54.125],[-165.1201,54.125],[-165.133,54.1326],[-165.1454,54.125],[-165.3125,54.125],[-165.3125,54.0911],[-165.3766,54.0911],[-165.4858,54.0775],[-165.3384,54.0712],[-165.3219,54.0625],[-165.4375,54.0625],[-165.4375,54.0],[-165.5,54.0],[-165.5,54.0352],[-165.4894,54.043],[-165.5,54.0486],[-165.5,54.0625],[-165.625,54.0625],[-165.625,54.1866],[-165.5957,54.1737],[-165.6239,54.1451],[-165.6249,54.1324],[-165.5888,54.1109],[-165.5509,54.1223],[-165.5411,54.1395],[-165.5548,54.1457],[-165.474,54.1659],[-165.4858,54.1805],[-165.4239,54.1831],[-165.4045,54.1918],[-165.4182,54.2077],[-165.4438,54.2001],[-165.5473,54.2221],[-165.5411,54.2425],[-165.5548,54.2351],[-165.5616,54.2425],[-165.519,54.2702],[-165.52,54.2835],[-165.4913,54.29],[-165.4943,54.2964],[-165.5132,54.2972],[-165.5625,54.2815],[-165.5625,54.375],[-165.5,54.375],[-165.5,54.3125],[-165.1875,54.3125],[-165.1875,54.5],[-165.125,54.5],[-165.0625,54.625],[-164.875,54.625],[-164.875,54.6875],[-164.8125,54.6875],[-164.8125,54.6321],[-164.8791,54.6221],[-164.9582,54.5851],[-164.931,54.5268],[-164.9043,54.4966],[-164.9099,54.4753],[-164.8892,54.4709],[-164.8453,54.4235],[-164.8023,54.404],[-164.6526,54.392],[-164.6087,54.4089],[-164.5625,54.4135],[-164.5625,54.375],[-164.5,54.375],[-164.5,54.3125],[-164.5625,54.3125],[-164.5625,54.1875],[-164.6875,54.1875]],[[-164.8814,54.1948],[-164.8704,54.1901],[-164.7679,54.2126],[-164.7999,54.2279],[-164.8814,54.1948]]],[[[-168.4375,55.875],[-168.25,55.875],[-168.25,55.8125],[-168.625,55.8125],[-168.625,55.875],[-168.5625,55.875],[-168.5625,56.0],[-168.5,56.0],[-168.5,56.0625],[-168.4375,56.0625],[-168.4375,55.875]]],[[[-161.375,56.0625],[-161.375,56.0],[-161.6875,56.0],[-161.6875,56.0625],[-161.5625,56.0625],[-161.5625,56.1875],[-161.5,56.1875],[-161.5,56.0625],[-161.375,56.0625]]],[[[-154.9375,56.5625],[-154.9375,56.625],[-154.875,56.625],[-154.875,56.5625],[-154.6875,56.5625],[-154.6875,56.625],[-154.625,56.625],[-154.625,56.5612],[-154.7001,56.5303],[-154.7314,56.5082],[-154.7705,56.4709],[-154.7912,56.4309],[-154.7678,56.4006],[-154.7382,56.3983],[-154.625,56.4733],[-154.625,56.375],[-154.6875,56.375],[-154.6875,56.3125],[-154.8125,56.3125],[-154.8125,56.25],[-154.9375,56.25],[-154.9375,56.1875],[-155.0,56.1875],[-155.0,56.125],[-155.0625,56.125],[-155.125,56.0],[-155.25,56.0],[-155.25,55.9375],[-155.4375,55.9375],[-155.4375,55.875],[-155.4688,55.875],[-155.5,55.8125],[-155.5578,55.8125],[-155.5704,55.852],[-155.5561,55.9146],[-155.6,55.9148],[-155.6353,55.9057],[-155.6523,55.8867],[-155.6634,55.856],[-155.7416,55.8315],[-155.7498,55.8177],[-155.728,55.8048],[-155.7187,55.7749],[-155.6875,55.7723],[-155.6875,55.75],[-155.8125,55.75],[-155.8125,55.8125],[-155.875,55.8125],[-155.875,55.9375],[-155.9375,55.9375],[-155.875,56.0625],[-155.75,56.0625],[-155.75,56.125],[-155.5625,56.125],[-155.5625,56.375],[-155.3125,56.375],[-155.3125,56.5],[-155.1875,56.5],[-155.1875,56.5625],[-154.9375,56.5625]]],[[[-152.9375,56.4375],[-152.5625,56.4375],[-152.5625,56.5],[-152.4375,56.5],[-152.4375,56.375],[-153.25,56.375],[-153.25,56.4375],[-153.0625,56.4375],[-153.0625,56.5],[-152.9375,56.5],[-152.9375,56.4375]]],[[[-171.375,56.5625],[-171.75,56.5625],[-171.75,56.625],[-171.375,56.625],[-171.375,56.5625]]],[[[-154.0625,56.875],[-154.0006,56.873],[-154.0625,56.8479],[-154.0625,56.875]]],[[[-153.875,56.625],[-153.8125,56.625],[-153.8125,56.5625],[-153.9375,56.5625],[-153.9375,56.625],[-154.25,56.625],[-154.25,56.75],[-154.1875,56.7812],[-154.1875,56.8125],[-154.125,56.8125],[-154.0741,56.838],[-154.1301,56.7865],[-154.1495,56.7509],[-154.1226,56.7412],[-154.055,56.7625],[-153.9873,56.7438],[-153.9625,56.7482],[-153.875,56.7979],[-153.875,56.625]],[[-154.0482,56.7324],[-154.089,56.7112],[-154.1261,56.7096],[-154.1298,56.7006],[-154.1133,56.7038],[-154.1137,56.6945],[-154.0393,56.6841],[-154.025,56.6934],[-154.0187,56.7092],[-154.0257,56.7181],[-154.0482,56.7324]]],[[[-170.0,57.1875],[-170.125,57.1875],[-170.125,57.125],[-170.1875,57.125],[-170.1875,57.0625],[-170.25,57.0625],[-170.2552,57.1411],[-170.1686,57.169],[-170.1368,57.2246],[-170.1044,57.2504],[-170.123,57.2501],[-170.1474,57.2341],[-170.2416,57.2163],[-170.3238,57.2163],[-170.3479,57.2043],[-170.4099,57.1968],[-170.4121,57.1848],[-170.3992,57.161],[-170.366,57.1486],[-170.3199,57.1547],[-170.2757,57.1479],[-170.2769,57.125],[-170.4375,57.125],[-170.4375,57.1875],[-170.5625,57.1875],[-170.5625,57.25],[-170.4375,57.25],[-170.4375,57.3125],[-170.3125,57.3125],[-170.3125,57.25],[-170.125,57.25],[-170.125,57.3125],[-170.0,57.3125],[-170.0,57.1875]]],[[[-159.8125,58.0625],[-159.625,58.0625],[-159.625,58.0],[-159.4375,58.0],[-159.4375,58.0625],[-159.3125,58.0625],[-159.3125,58.125],[-159.1875,58.1875],[-159.1875,58.3125],[-159.125,58.3125],[-159.125,58.4983],[-159.1146,58.4901],[-159.0785,58.4911],[-159.0837,58.4691],[-159.0747,58.4587],[-159.0307,58.4564],[-159.0463,58.4383],[-159.0716,58.4427],[-159.0513,58.4247],[-158.9398,58.3981],[-158.8297,58.4048],[-158.7973,58.4222],[-158.8253,58.4222],[-158.8253,58.429],[-158.7598,58.4471],[-158.7397,58.4742],[-158.7087,58.4923],[-158.7228,58.5048],[-158.7585,58.5073],[-158.7706,58.521],[-158.75,58.5312],[-158.75,58.875],[-158.6875,58.875],[-158.6875,58.8959],[-158.609,58.9332],[-158.5447,59.0],[-158.5,59.0],[-158.5,59.0409],[-158.4621,59.0528],[-158.4601,59.0625],[-158.375,59.0625],[-158.375,59.0376],[-158.4243,59.0328],[-158.4913,59.0015],[-158.4975,58.994],[-158.4758,58.984],[-158.4416,58.9982],[-158.4375,58.9731],[-158.4775,58.9632],[-158.4993,58.9488],[-158.4888,58.9225],[-158.51,58.8815],[-158.5596,58.84],[-158.5662,58.8195],[-158.5461,58.7993],[-158.4083,58.7701],[-158.3802,58.7574],[-158.3453,58.7241],[-158.3358,58.7015],[-158.3454,58.6829],[-158.3159,58.6466],[-158.263,58.6235],[-158.2034,58.613],[-158.0961,58.625],[-158.0,58.625],[-158.0,58.6433],[-157.815,58.6875],[-157.75,58.6875],[-157.75,58.7076],[-157.6575,58.7362],[-157.5682,58.7479],[-157.4752,58.7996],[-157.424,58.803],[-157.4051,58.8125],[-157.3125,58.8125],[-157.3125,58.75],[-157.0742,58.75],[-157.0625,58.7274],[-157.0625,58.7141],[-157.0918,58.7098],[-157.1334,58.6875],[-157.1875,58.6875],[-157.1875,58.6602],[-157.2578,58.625],[-157.3125,58.625],[-157.3472,58.5556],[-157.3586,58.5464],[-157.4361,58.5216],[-157.4659,58.5],[-157.5,58.5],[-157.5,58.4663],[-157.5621,58.3637],[-157.5685,58.3207],[-157.5373,58.2919],[-157.5454,58.2736],[-157.529,58.256],[-157.4792,58.2291],[-157.5625,58.1875],[-157.5625,58.1544],[-157.5913,58.1274],[-157.6101,58.0924],[-157.6313,57.9656],[-157.6875,57.9375],[-157.6875,57.7801],[-157.7017,57.75],[-157.75,57.75],[-157.75,57.5625],[-157.875,57.5625],[-157.875,57.5131],[-157.9301,57.5],[-158.0,57.5],[-158.0421,57.4158],[-158.0991,57.3808],[-158.0625,57.375],[-158.25,57.375],[-158.25,57.3361],[-158.3157,57.3125],[-158.375,57.3125],[-158.375,57.2696],[-158.4021,57.25],[-158.4375,57.25],[-158.4375,57.2243],[-158.4884,57.1875],[-158.5625,57.1875],[-158.5625,57.1338],[-158.5747,57.125],[-158.8125,57.125],[-158.8125,57.1875],[-159.0,57.1875],[-159.0,56.8377],[-159.045,56.8125],[-159.5,56.8125],[-159.5,56.6427],[-159.5686,56.625],[-159.75,56.625],[-159.75,56.5777],[-159.7899,56.5625],[-159.875,56.5625],[-159.875,56.523],[-159.9108,56.5],[-160.0,56.5],[-160.0,56.5625],[-160.125,56.5625],[-160.125,56.75],[-160.1875,56.75],[-160.1875,56.8125],[-159.8125,56.8125],[-159.75,56.9375],[-159.5,56.9375],[-159.5,57.125],[-159.4375,57.125],[-159.4375,57.1875],[-159.3125,57.1875],[-159.3125,57.0625],[-159.125,57.0625],[-159.125,57.3125],[-159.1875,57.3125],[-159.1875,57.375],[-159.25,57.375],[-159.3125,57.5],[-159.4375,57.5],[-159.5,57.625],[-159.6875,57.625],[-159.6875,57.6875],[-159.8125,57.6875],[-159.8125,57.75],[-159.9375,57.75],[-159.9375,57.8125],[-160.0625,57.8125],[-160.0625,57.875],[-160.125,57.875],[-160.125,58.0],[-160.25,58.0],[-160.25,58.0625],[-160.3125,58.0625],[-160.3125,58.125],[-160.4375,58.125],[-160.4375,58.1875],[-160.6875,58.1875],[-160.75,58.3125],[-161.0625,58.3125],[-161.0625,58.25],[-161.4375,58.25],[-161.4375,58.1875],[-161.5625,58.125],[-161.625,58.25],[-161.875,58.25],[-161.875,58.5],[-162.0625,58.5],[-162.0625,58.4375],[-162.75,58.4375],[-162.75,58.375],[-162.8125,58.375],[-162.8125,58.625],[-162.9375,58.6875],[-162.9375,58.8125],[-163.0,58.8125],[-163.0625,58.9375],[-163.25,58.9375],[-163.25,59.0],[-163.375,59.0],[-163.375,59.0625],[-163.3125,59.0625],[-163.3125,59.375],[-163.25,59.375],[-163.25,59.4375],[-163.125,59.4375],[-163.0625,59.5625],[-162.3125,59.5625],[-162.3125,59.625],[-162.125,59.625],[-162.125,59.5625],[-161.9375,59.5625],[-161.9375,59.6875],[-161.8797,59.6875],[-161.8592,59.6281],[-161.8125,59.5873],[-161.8125,59.4704],[-161.8474,59.4222],[-161.8675,59.4331],[-161.9051,59.3955],[-161.9466,59.3878],[-161.9595,59.3751],[-161.9709,59.3539],[-161.9625,59.3281],[-161.9709,59.3067],[-161.9683,59.2808],[-161.9831,59.2537],[-162.009,59.2375],[-162.035,59.2509],[-162.0437,59.2658],[-162.0362,59.2819],[-161.9982,59.3129],[-162.0387,59.2894],[-162.0515,59.2702],[-161.9907,59.1609],[-162.0625,59.125],[-162.0625,58.9375],[-161.8125,58.9375],[-161.8125,58.875],[-161.9375,58.875],[-161.9375,58.6875],[-161.8458,58.6875],[-161.8587,58.6694],[-161.9225,58.6481],[-161.9498,58.6618],[-161.9498,58.6755],[-162.0301,58.6759],[-162.046,58.6829],[-162.0671,58.6667],[-162.1218,58.6639],[-162.1761,58.6449],[-162.0772,58.6209],[-162.0358,58.6259],[-162.0121,58.6207],[-161.9801,58.6284],[-161.9597,58.6233],[-161.9128,58.6319],[-161.7977,58.6232],[-161.7629,58.591],[-161.7634,58.625],[-161.7229,58.625],[-161.7102,58.614],[-161.7648,58.5594],[-161.7075,58.5612],[-161.6656,58.5908],[-161.5969,58.6072],[-161.5624,58.602],[-161.536,58.6233],[-161.5,58.625],[-161.5,58.6362],[-161.4883,58.6404],[-161.3639,58.6596],[-161.3013,58.6818],[-161.3619,58.6685],[-161.3745,58.6723],[-161.3762,58.6868],[-161.3125,58.6875],[-161.3088,58.75],[-161.0625,58.75],[-161.0153,58.8444],[-160.9933,58.8467],[-160.9614,58.8732],[-160.8589,58.875],[-160.8424,58.868],[-160.8294,58.8526],[-160.8337,58.8125],[-160.7685,58.8964],[-160.6813,58.9375],[-160.5625,58.9375],[-160.5625,58.875],[-160.625,58.875],[-160.625,58.6875],[-160.5,58.6875],[-160.5,58.625],[-160.375,58.625],[-160.375,58.5625],[-160.1875,58.5625],[-160.1875,58.4375],[-160.125,58.4375],[-160.125,58.375],[-159.9375,58.375],[-159.9375,58.3125],[-159.875,58.3125],[-159.875,58.125],[-159.8125,58.125],[-159.8125,58.0625]],[[-160.9731,58.7318],[-161.0617,58.7005],[-161.078,58.6393],[-161.1719,58.6908],[-161.0795,58.6298],[-161.0754,58.6007],[-161.0901,58.5899],[-161.0765,58.5722],[-161.086,58.5533],[-161.0741,58.5469],[-161.0189,58.5589],[-160.9663,58.5495],[-160.8979,58.5703],[-160.8685,58.5921],[-160.8606,58.6147],[-160.7211,58.7671],[-160.6859,58.8108],[-160.6878,58.8187],[-160.7392,58.7979],[-160.767,58.7757],[-160.8582,58.7474],[-160.9095,58.7456],[-160.9731,58.7318]]],[[[-159.0,56.8125],[-159.0281,56.8125],[-159.0,56.8277],[-159.0,56.8125]]],[[[-159.5,56.625],[-159.5457,56.625],[-159.5,56.6411],[-159.5,56.625]]],[[[-151.8235,58.1875],[-151.7934,58.2447],[-151.8099,58.2629],[-151.8271,58.2656],[-151.8661,58.2578],[-151.8918,58.207],[-151.8939,58.1875],[-152.0492,58.1875],[-152.0314,58.2097],[-151.9722,58.2373],[-151.9788,58.25],[-151.9375,58.25],[-151.9375,58.3125],[-151.875,58.3125],[-151.875,58.4375],[-151.5,58.4375],[-151.5,58.25],[-151.625,58.25],[-151.625,58.1875],[-151.8235,58.1875]]],[[[-150.625,58.25],[-150.625,58.3125],[-150.6875,58.3125],[-150.6875,58.375],[-150.9375,58.375],[-150.9375,58.4375],[-150.0625,58.4375],[-150.0625,58.375],[-149.9375,58.375],[-149.9375,58.3125],[-150.3125,58.3125],[-150.3125,58.25],[-150.625,58.25]]],[[[-165.5625,59.875],[-165.625,59.875],[-165.625,59.9078],[-165.5986,59.9097],[-165.5587,59.9296],[-165.5598,59.9494],[-165.5821,59.951],[-165.5783,59.9626],[-165.5411,59.9845],[-165.6025,59.9709],[-165.6134,59.9757],[-165.625,59.9886],[-165.625,60.0625],[-165.4375,60.0625],[-165.4375,60.25],[-165.5,60.25],[-165.5,60.4375],[-165.625,60.4375],[-165.625,60.5],[-165.6875,60.5],[-165.6875,60.6875],[-165.4375,60.6875],[-165.4375,60.625],[-165.2056,60.625],[-165.2489,60.6147],[-165.2977,60.5831],[-165.3541,60.5884],[-165.3839,60.581],[-165.4312,60.553],[-165.375,60.5138],[-165.375,60.0625],[-165.0625,60.0625],[-165.0625,60.0],[-164.6875,60.0],[-164.6875,60.0625],[-164.5625,60.0625],[-164.5625,60.1875],[-164.5002,60.1875],[-164.4853,60.1837],[-164.4956,60.1688],[-164.4883,60.1506],[-164.4127,60.0918],[-164.3481,60.0665],[-164.25,60.0451],[-164.25,60.0],[-164.1875,60.0],[-164.1724,59.9698],[-164.2123,59.955],[-164.2048,59.9156],[-164.1599,59.8646],[-164.1285,59.8427],[-164.0,59.8185],[-164.0,59.8125],[-164.375,59.8125],[-164.375,59.75],[-164.4375,59.75],[-164.4375,59.8125],[-164.625,59.8125],[-164.625,59.75],[-164.6875,59.75],[-164.6875,59.8125],[-164.875,59.8125],[-164.875,59.75],[-165.25,59.75],[-165.25,59.8125],[-165.5625,59.8125],[-165.5625,59.875]]],[[[-167.25,60.3125],[-167.1875,60.3125],[-167.1875,60.25],[-167.3125,60.25],[-167.3125,60.2372],[-167.3429,60.2243],[-167.4211,60.2117],[-167.4528,60.2172],[-167.4361,60.1954],[-167.3436,60.1422],[-167.3264,60.125],[-167.5625,60.125],[-167.5625,60.25],[-167.625,60.25],[-167.625,60.375],[-167.25,60.375],[-167.25,60.3125]]],[[[-166.375,60.625],[-166.3125,60.625],[-166.25,60.75],[-166.1875,60.75],[-166.1875,60.6875],[-166.0625,60.6875],[-166.0625,60.5625],[-166.0,60.5625],[-166.0,60.5],[-166.125,60.4375],[-166.125,60.4288],[-166.1574,60.437],[-166.1347,60.4016],[-166.137,60.3886],[-166.1516,60.3812],[-166.1875,60.385],[-166.1875,60.4375],[-166.375,60.4375],[-166.375,60.625]]],[[[-62.25,-81.5625],[-62.6875,-81.5546],[-62.6875,-81.5],[-63.1875,-81.5],[-63.1875,-81.4375],[-63.375,-81.4375],[-63.4375,-81.3125],[-63.8125,-81.3125],[-63.8125,-81.25],[-64.875,-81.25],[-64.875,-81.1875],[-65.1875,-81.1875],[-65.1875,-81.3125],[-65.25,-81.3125],[-65.25,-81.375],[-66.125,-81.375],[-66.125,-81.3125],[-66.25,-81.25],[-66.25,-81.1875],[-65.4375,-81.1875],[-65.4375,-81.0625],[-65.375,-81.0625],[-65.375,-81.0],[-65.25,-81.0],[-65.25,-80.8125],[-65.1875,-80.8125],[-65.1875,-80.75],[-64.4375,-80.75],[-64.4375,-80.7297],[-64.2848,-80.7512],[-64.1761,-80.7332],[-64.1708,-80.7268],[-64.1837,-80.7077],[-64.1773,-80.6965],[-64.1599,-80.6875],[-64.125,-80.6875],[-64.125,-80.75],[-64.0,-80.75],[-64.0,-80.8125],[-64.125,-80.8125],[-64.125,-81.0],[-63.625,-81.0],[-63.625,-81.0625],[-63.0625,-81.0625],[-63.0625,-81.0],[-63.0,-81.0],[-63.0,-80.875],[-62.8125,-80.875],[-62.8125,-80.9375],[-62.4375,-80.9375],[-62.4375,-80.875],[-62.0,-80.8916],[-62.0,-80.9375],[-61.75,-80.9375],[-61.75,-81.0],[-62.0,-81.0],[-62.0,-81.0625],[-62.0625,-81.0625],[-62.0625,-81.25],[-61.625,-81.25],[-61.625,-81.1875],[-61.4375,-81.1875],[-61.4375,-81.25],[-61.1875,-81.25],[-61.1875,-81.3125],[-61.3125,-81.3125],[-61.375,-81.4375],[-61.5,-81.4375],[-61.5,-81.5625],[-61.6875,-81.5625],[-61.6875,-81.625],[-61.875,-81.625],[-61.875,-81.6875],[-61.9375,-81.6875],[-61.9375,-81.625],[-62.1666,-81.625],[-62.1892,-81.5994],[-62.25,-81.5891],[-62.25,-81.5625]],[[-64.25,-81.0625],[-64.25,-80.875],[-64.4375,-80.875],[-64.4375,-81.0625],[-64.25,-81.0625]]],[[[-69.625,-80.6875],[-70.1875,-80.6875],[-70.1875,-80.75],[-70.25,-80.75],[-70.25,-80.6875],[-70.3741,-80.6875],[-70.4015,-80.6681],[-70.4375,-80.6569],[-70.4375,-80.625],[-69.625,-80.625],[-69.625,-80.6875]]],[[[-66.125,-80.25],[-66.2117,-80.25],[-66.1698,-80.2275],[-66.1672,-80.2182],[-66.2106,-80.1972],[-66.2579,-80.1949],[-66.2701,-80.1999],[-66.2662,-80.2125],[-66.3125,-80.2166],[-66.3125,-80.1875],[-66.5625,-80.1875],[-66.5625,-80.0625],[-66.3845,-80.0625],[-66.3105,-80.0807],[-66.2227,-80.0864],[-65.7947,-80.0274],[-65.7499,-80.0],[-65.6875,-80.0],[-65.6875,-79.9856],[-65.5625,-79.9706],[-65.5625,-80.1875],[-65.75,-80.1875],[-65.75,-80.125],[-66.0625,-80.125],[-66.0625,-80.1875],[-66.0938,-80.1875],[-66.125,-80.25]]],[[[-77.125,-79.986],[-76.626,-79.9375],[-76.5625,-79.9375],[-76.5625,-79.9197],[-76.5,-79.9021],[-76.5,-79.9375],[-76.4375,-79.9375],[-76.375,-80.0625],[-76.25,-80.0625],[-76.25,-80.0886],[-76.2745,-80.0811],[-76.8812,-80.125],[-77.25,-80.125],[-77.25,-80.0625],[-77.5,-80.0625],[-77.5,-80.0127],[-77.4191,-80.0138],[-77.273,-80.0],[-77.125,-80.0],[-77.125,-79.986]]],[[[-76.25,-80.125],[-76.2657,-80.125],[-76.25,-80.0988],[-76.25,-80.125]]],[[[-68.5625,-79.1875],[-68.875,-79.1875],[-68.875,-79.125],[-68.3125,-79.125],[-68.3125,-79.0625],[-68.25,-79.0625],[-68.25,-79.125],[-68.125,-79.125],[-68.125,-79.1501],[-68.2259,-79.1681],[-68.1833,-79.1833],[-68.125,-79.1786],[-68.125,-79.25],[-68.5625,-79.25],[-68.5625,-79.1875]]],[[[-61.4375,-74.875],[-61.4375,-74.9375],[-62.0625,-74.9375],[-62.0625,-74.9248],[-61.875,-74.8523],[-61.875,-74.875],[-61.4375,-74.875]]],[[[-62.0,-63.25],[-61.9375,-63.25],[-61.9375,-63.4375],[-62.0,-63.4375],[-62.0,-63.375],[-62.3125,-63.375],[-62.2624,-63.2748],[-62.2447,-63.2922],[-62.2416,-63.3193],[-62.2562,-63.3403],[-62.2775,-63.3523],[-62.0831,-63.3526],[-62.0118,-63.3451],[-61.9757,-63.3336],[-61.9517,-63.3118],[-61.9939,-63.2985],[-62.0,-63.25]]],[[[-62.25,-63.25],[-62.2107,-63.25],[-62.2101,-63.2512],[-62.2614,-63.2727],[-62.25,-63.25]]],[[[-71.9375,-54.4611],[-71.9735,-54.4487],[-72.0023,-54.4591],[-71.9901,-54.4786],[-71.9568,-54.5],[-72.004,-54.499],[-72.0012,-54.5625],[-72.1875,-54.5625],[-72.1875,-54.4375],[-72.125,-54.4375],[-72.125,-54.375],[-71.9375,-54.375],[-71.9375,-54.4611]]],[[[-60.875,-53.75],[-60.5625,-53.75],[-60.5625,-53.8125],[-60.3125,-53.8125],[-60.3125,-53.875],[-60.25,-53.875],[-60.25,-54.0],[-60.125,-54.0625],[-60.125,-54.1875],[-59.5625,-54.1875],[-59.5625,-54.25],[-59.4375,-54.25],[-59.4375,-54.3125],[-59.625,-54.3125],[-59.625,-54.375],[-59.75,-54.375],[-59.75,-54.3125],[-60.125,-54.3125],[-60.125,-54.5625],[-60.1875,-54.5625],[-60.1875,-54.625],[-60.3125,-54.625],[-60.3125,-54.5625],[-60.875,-54.5625],[-60.875,-54.75],[-61.0625,-54.75],[-61.0625,-54.5625],[-61.1875,-54.5625],[-61.1875,-54.5],[-61.5,-54.5],[-61.5,-54.4375],[-61.75,-54.4375],[-61.75,-54.5],[-61.875,-54.5],[-61.875,-54.5625],[-62.1875,-54.5625],[-62.1875,-54.4375],[-62.25,-54.4375],[-62.25,-54.375],[-61.9375,-54.375],[-61.9375,-54.3125],[-61.8125,-54.3125],[-61.8125,-54.0],[-61.75,-54.0],[-61.75,-53.9375],[-61.625,-53.9375],[-61.625,-53.875],[-61.4375,-53.875],[-61.4375,-53.8125],[-61.25,-53.8125],[-61.25,-53.75],[-61.0625,-53.75],[-61.0625,-53.8125],[-60.875,-53.8125],[-60.875,-53.75]]],[[[-65.5625,-54.5625],[-65.5625,-54.625],[-65.6875,-54.625],[-65.6875,-54.5625],[-65.8125,-54.5625],[-65.8125,-54.5],[-66.125,-54.5],[-66.125,-54.5625],[-66.1406,-54.5625],[-66.1875,-54.5488],[-66.1875,-54.5],[-66.3125,-54.5],[-66.3125,-54.4375],[-66.4375,-54.4375],[-66.4375,-54.3125],[-66.6819,-54.3125],[-66.6875,-54.25],[-66.7663,-54.25],[-66.8195,-54.2359],[-66.875,-54.125],[-67.125,-54.125],[-67.25,-53.875],[-67.5,-53.875],[-67.5,-53.8125],[-67.625,-53.75],[-67.625,-53.625],[-67.6875,-53.625],[-67.6875,-53.4375],[-68.0625,-53.4375],[-68.0783,-53.406],[-68.0764,-53.3953],[-68.1114,-53.3438],[-68.125,-53.3386],[-68.125,-53.3125],[-68.25,-53.3125],[-68.25,-53.25],[-68.3125,-53.25],[-68.3125,-53.1875],[-68.25,-53.1875],[-68.25,-53.0924],[-68.2305,-53.1186],[-68.2258,-53.1025],[-68.25,-53.027],[-68.25,-52.9375],[-68.2908,-52.9375],[-68.3125,-52.9111],[-68.3125,-52.75],[-68.5,-52.75],[-68.5,-52.6875],[-68.5625,-52.6875],[-68.5625,-52.625],[-68.6586,-52.625],[-68.6875,-52.6044],[-68.6875,-52.5625],[-68.7391,-52.5625],[-68.7674,-52.5484],[-68.779,-52.5483],[-68.7948,-52.5625],[-68.875,-52.5625],[-68.875,-52.6221],[-68.8821,-52.625],[-69.0,-52.625],[-69.0,-52.5625],[-69.1875,-52.5625],[-69.1875,-52.625],[-69.238,-52.625],[-69.2812,-52.5625],[-69.298,-52.5625],[-69.3125,-52.5462],[-69.3125,-52.5],[-69.3496,-52.5],[-69.3742,-52.4703],[-69.4176,-52.4515],[-69.5069,-52.4885],[-69.5625,-52.5],[-69.558,-52.4375],[-69.5312,-52.4375],[-69.5071,-52.3891],[-69.4969,-52.3853],[-69.4845,-52.3125],[-69.4688,-52.3125],[-69.4383,-52.2515],[-69.375,-52.25],[-69.375,-52.3125],[-69.125,-52.3125],[-69.125,-52.25],[-69.0401,-52.25],[-68.9657,-52.2838],[-68.8985,-52.3035],[-68.8216,-52.3036],[-68.8125,-52.3125],[-68.6886,-52.3125],[-68.5625,-52.3408],[-68.5625,-52.375],[-68.4404,-52.375],[-68.4375,-52.4375],[-68.3125,-52.4375],[-68.3125,-52.5],[-68.1875,-52.5],[-68.1875,-52.5625],[-67.8125,-52.5625],[-67.8125,-52.625],[-67.375,-52.625],[-67.375,-52.5625],[-67.25,-52.5625],[-67.25,-52.4375],[-67.125,-52.4375],[-67.0625,-52.3125],[-67.0,-52.3125],[-67.0,-52.4375],[-66.625,-52.4375],[-66.625,-52.3125],[-66.5,-52.3125],[-66.5,-52.25],[-66.25,-52.25],[-66.25,-52.1875],[-66.1875,-52.1875],[-66.1875,-52.25],[-66.0,-52.25],[-66.0,-52.1875],[-65.8125,-52.1875],[-65.8125,-52.125],[-65.4375,-52.125],[-65.4375,-52.1875],[-65.0625,-52.1875],[-65.0625,-52.125],[-64.875,-52.125],[-64.875,-52.0625],[-64.75,-52.0625],[-64.75,-52.125],[-64.6875,-52.125],[-64.6875,-52.3125],[-64.625,-52.3125],[-64.625,-52.4375],[-64.5625,-52.4375],[-64.5625,-52.8125],[-64.5,-52.8125],[-64.5,-52.9375],[-64.375,-52.9375],[-64.375,-53.0],[-64.3125,-53.0],[-64.3125,-53.0625],[-64.1875,-53.125],[-64.1875,-53.3125],[-64.125,-53.3125],[-64.125,-53.375],[-64.0,-53.4375],[-64.0,-53.8125],[-63.9375,-53.8125],[-63.9375,-53.9375],[-63.875,-53.9375],[-63.8125,-54.0625],[-63.6875,-54.0625],[-63.6875,-54.125],[-63.1875,-54.125],[-63.1875,-54.1875],[-63.125,-54.1875],[-63.125,-54.3125],[-63.25,-54.3125],[-63.25,-54.375],[-63.3125,-54.375],[-63.3125,-54.5625],[-63.0625,-54.5625],[-63.0,-54.6875],[-63.3125,-54.6875],[-63.3125,-54.75],[-63.3438,-54.75],[-63.375,-54.8125],[-63.4375,-54.8125],[-63.4375,-54.75],[-63.75,-54.75],[-63.75,-54.8125],[-63.8125,-54.8125],[-63.8125,-54.75],[-63.8461,-54.75],[-63.8121,-54.7299],[-63.8257,-54.7149],[-63.8682,-54.7331],[-63.9141,-54.7154],[-63.9375,-54.7193],[-63.9375,-54.6875],[-64.5,-54.6875],[-64.5,-54.749],[-64.5423,-54.7156],[-64.5699,-54.7221],[-64.5394,-54.75],[-64.5625,-54.75],[-64.5625,-54.7912],[-64.6037,-54.7981],[-64.6831,-54.7702],[-64.7079,-54.7922],[-64.7537,-54.8134],[-64.7587,-54.8323],[-64.6686,-54.8665],[-64.6875,-54.875],[-64.6951,-54.8917],[-64.6875,-54.901],[-64.6875,-54.9375],[-65.125,-54.9375],[-65.125,-54.875],[-65.25,-54.875],[-65.25,-54.8232],[-65.2434,-54.821],[-65.25,-54.7893],[-65.2098,-54.7647],[-65.2242,-54.7436],[-65.1937,-54.6902],[-65.1504,-54.6611],[-65.1419,-54.6469],[-65.25,-54.632],[-65.25,-54.625],[-65.3125,-54.625],[-65.3125,-54.5625],[-65.5625,-54.5625]]],[[[-64.5625,-54.875],[-64.5842,-54.875],[-64.5625,-54.8637],[-64.5625,-54.875]]],[[[-70.625,-52.875],[-70.6193,-52.8434],[-70.625,-52.8384],[-70.625,-52.75],[-70.5625,-52.75],[-70.5625,-52.6875],[-70.5229,-52.6875],[-70.5498,-52.7027],[-70.5482,-52.7227],[-70.5177,-52.7233],[-70.4252,-52.6875],[-70.3125,-52.6875],[-70.3125,-52.6371],[-70.2421,-52.6394],[-70.2077,-52.651],[-70.2003,-52.625],[-70.125,-52.625],[-70.125,-52.5821],[-70.0437,-52.5625],[-69.9375,-52.5625],[-69.9375,-52.5261],[-69.8822,-52.5],[-69.8193,-52.5],[-69.7798,-52.5226],[-69.7156,-52.5354],[-69.6724,-52.5309],[-69.6349,-52.5],[-69.5625,-52.5],[-69.6039,-52.5212],[-69.6182,-52.5375],[-69.6236,-52.5603],[-69.5977,-52.625],[-69.625,-52.625],[-69.669,-52.7131],[-69.7028,-52.75],[-70.0,-52.75],[-70.0,-52.8125],[-70.0444,-52.8125],[-70.0625,-52.7983],[-70.0625,-52.75],[-70.1184,-52.75],[-70.1286,-52.7323],[-70.2747,-52.7356],[-70.4161,-52.7581],[-70.4255,-52.7766],[-70.3358,-52.777],[-70.3125,-52.7864],[-70.3125,-52.875],[-70.375,-52.875],[-70.375,-52.9375],[-70.5,-52.9375],[-70.5,-52.875],[-70.625,-52.875]]],[[[-68.3125,-52.125],[-67.875,-52.125],[-67.875,-52.1875],[-67.9375,-52.1875],[-68.0,-52.3125],[-68.0625,-52.3125],[-68.0625,-52.25],[-68.3125,-52.25],[-68.3125,-52.125]]],[[[-61.125,-52.0625],[-61.125,-51.875],[-61.3125,-51.875],[-61.3125,-51.8287],[-61.2523,-51.862],[-61.2175,-51.8621],[-61.194,-51.8375],[-61.2257,-51.8409],[-61.235,-51.8313],[-61.194,-51.8171],[-61.2062,-51.8019],[-61.2329,-51.7991],[-61.2506,-51.8338],[-61.2977,-51.8171],[-61.3125,-51.821],[-61.3125,-51.8125],[-61.4375,-51.8125],[-61.4375,-51.75],[-61.375,-51.75],[-61.375,-51.6875],[-61.2937,-51.6875],[-61.3044,-51.6949],[-61.3182,-51.7282],[-61.3021,-51.7477],[-61.2772,-51.7555],[-61.2773,-51.7257],[-61.2667,-51.704],[-61.194,-51.6935],[-61.2242,-51.6875],[-61.1875,-51.6875],[-61.1875,-51.75],[-61.0625,-51.75],[-61.0625,-51.8244],[-61.1219,-51.8259],[-61.1531,-51.8449],[-61.1186,-51.8565],[-61.1118,-51.8708],[-61.1195,-51.8928],[-61.0649,-51.9064],[-61.0513,-51.9267],[-61.037,-51.9269],[-61.0438,-51.9406],[-60.9764,-51.9534],[-60.9008,-51.9406],[-60.8868,-51.9343],[-60.8657,-51.8996],[-60.9073,-51.8996],[-60.8891,-51.875],[-60.8125,-51.875],[-60.8125,-51.9375],[-60.8438,-51.9375],[-60.875,-52.0],[-61.0,-52.0],[-61.0,-52.0152],[-61.0198,-52.0125],[-61.0302,-52.0226],[-61.0369,-52.0466],[-61.0,-52.0625],[-61.125,-52.0625]]],[[[-68.8125,-51.75],[-68.8125,-51.6875],[-68.875,-51.6875],[-68.875,-51.625],[-68.9375,-51.625],[-68.9682,-51.5635],[-68.9545,-51.5429],[-68.9641,-51.5],[-68.875,-51.5],[-68.875,-51.5625],[-68.625,-51.5625],[-68.625,-51.6875],[-68.6875,-51.6875],[-68.6875,-51.75],[-68.8125,-51.75]]],[[[-74.6875,-51.4375],[-74.6875,-51.375],[-74.6412,-51.375],[-74.6462,-51.3925],[-74.625,-51.4058],[-74.625,-51.5],[-74.5625,-51.5],[-74.5625,-51.5992],[-74.5872,-51.5895],[-74.6084,-51.5947],[-74.5689,-51.625],[-74.8726,-51.625],[-74.8653,-51.6183],[-74.9375,-51.625],[-74.9375,-51.6875],[-74.9952,-51.7163],[-75.0398,-51.7164],[-75.0625,-51.7349],[-75.0625,-51.6875],[-75.125,-51.6875],[-75.125,-51.625],[-75.25,-51.625],[-75.25,-51.6072],[-75.2058,-51.6017],[-75.2209,-51.5748],[-75.2182,-51.5625],[-75.1624,-51.5732],[-75.1411,-51.5625],[-75.0,-51.5625],[-75.0,-51.5],[-74.9739,-51.5],[-74.9856,-51.5317],[-74.9185,-51.5529],[-74.8939,-51.5468],[-74.8832,-51.5342],[-74.9015,-51.5247],[-74.9129,-51.5084],[-74.9092,-51.5],[-74.8125,-51.5],[-74.8125,-51.4375],[-74.6875,-51.4375]],[[-74.766,-51.549],[-74.7572,-51.5602],[-74.6836,-51.5765],[-74.6874,-51.5645],[-74.7073,-51.5549],[-74.7446,-51.5438],[-74.766,-51.549]]],[[[-74.6875,-50.125],[-74.6927,-50.1875],[-74.75,-50.1875],[-74.75,-50.3854],[-74.7629,-50.3987],[-74.75,-50.4059],[-74.75,-50.4272],[-74.76,-50.4375],[-74.8125,-50.4375],[-74.8125,-50.3125],[-74.875,-50.3125],[-74.875,-50.25],[-74.8125,-50.25],[-74.8125,-50.1916],[-74.7937,-50.1699],[-74.7908,-50.1456],[-74.8007,-50.125],[-74.6875,-50.125]]],[[[-67.3125,-49.9375],[-67.3125,-50.0625],[-67.375,-50.0625],[-67.4375,-50.1875],[-67.6875,-50.1875],[-67.8125,-50.4375],[-68.0,-50.4375],[-68.0,-50.375],[-68.1875,-50.375],[-68.1875,-50.3125],[-68.3125,-50.3125],[-68.3125,-50.25],[-68.4238,-50.1943],[-68.3621,-50.1693],[-68.3499,-50.1488],[-68.3631,-50.1342],[-68.4375,-50.1103],[-68.4375,-50.0277],[-68.3995,-50.0753],[-68.3766,-50.0834],[-68.3419,-50.1176],[-68.2584,-50.1246],[-68.1701,-50.114],[-68.0764,-50.0873],[-67.9822,-50.0432],[-67.8332,-49.9545],[-67.8125,-49.9375],[-67.8125,-49.9276],[-67.7717,-49.8709],[-67.732,-49.7813],[-67.7256,-49.75],[-67.6875,-49.75],[-67.6875,-49.625],[-67.5625,-49.625],[-67.5625,-49.5625],[-67.4375,-49.5625],[-67.4375,-49.625],[-67.25,-49.625],[-67.1875,-49.75],[-67.0625,-49.75],[-67.0625,-49.8125],[-67.125,-49.8125],[-67.1875,-49.9375],[-67.3125,-49.9375]]],[[[-65.8125,-47.0625],[-66.125,-47.0625],[-66.1875,-46.9375],[-66.0625,-46.9375],[-66.0625,-46.875],[-66.0,-46.875],[-66.0,-46.75],[-65.875,-46.75],[-65.8125,-46.625],[-65.6875,-46.625],[-65.6875,-46.5625],[-65.625,-46.5625],[-65.625,-46.5],[-65.5,-46.5],[-65.5,-46.4375],[-65.4375,-46.4375],[-65.4375,-46.5],[-65.375,-46.5],[-65.3125,-46.625],[-65.1875,-46.625],[-65.1875,-46.75],[-64.9375,-46.75],[-64.9375,-46.8125],[-64.8125,-46.8125],[-64.75,-46.9375],[-64.5625,-46.9375],[-64.5625,-47.1875],[-64.4375,-47.25],[-64.4375,-47.4375],[-64.375,-47.4375],[-64.375,-47.6875],[-64.4375,-47.6875],[-64.4375,-47.9375],[-64.375,-47.9375],[-64.375,-48.125],[-64.3125,-48.125],[-64.3125,-48.1875],[-64.375,-48.1875],[-64.375,-48.5],[-64.5625,-48.5],[-64.5625,-48.625],[-64.8125,-48.625],[-64.8125,-48.6875],[-64.9375,-48.6875],[-64.9375,-48.75],[-65.3125,-48.75],[-65.3125,-48.8125],[-65.5,-48.8125],[-65.5,-48.875],[-65.625,-48.875],[-65.625,-48.9375],[-65.75,-48.9375],[-65.75,-49.0],[-65.9375,-49.0],[-65.9375,-49.0625],[-66.25,-49.0625],[-66.25,-49.0],[-66.4375,-49.0],[-66.4375,-49.0625],[-66.5,-49.0625],[-66.5,-48.9375],[-66.5625,-48.9375],[-66.5625,-48.875],[-66.625,-48.875],[-66.625,-48.8125],[-66.75,-48.75],[-66.75,-48.625],[-66.875,-48.625],[-66.875,-48.5921],[-66.8664,-48.5898],[-66.8578,-48.5483],[-66.7846,-48.5],[-66.625,-48.5],[-66.625,-48.4286],[-66.5011,-48.414],[-66.4685,-48.4003],[-66.4654,-48.375],[-66.4375,-48.375],[-66.4375,-48.3503],[-66.3411,-48.3527],[-66.355,-48.3212],[-66.3169,-48.2643],[-66.2934,-48.25],[-66.25,-48.25],[-66.25,-48.2239],[-66.2383,-48.2089],[-66.1663,-48.1875],[-66.125,-48.1875],[-66.125,-48.1324],[-66.1086,-48.1233],[-65.9717,-48.0994],[-65.9532,-48.1048],[-65.945,-48.1178],[-65.9172,-48.1138],[-65.8977,-48.0945],[-65.9032,-48.0785],[-65.9375,-48.0717],[-65.9641,-48.057],[-65.9684,-48.0472],[-65.949,-48.0383],[-65.9369,-48.0158],[-65.93,-47.991],[-65.952,-47.9807],[-65.9375,-47.9688],[-65.9375,-47.9527],[-65.9274,-47.9414],[-65.8772,-47.9375],[-65.8471,-47.9444],[-65.8367,-47.963],[-65.762,-47.9486],[-65.7951,-47.9359],[-65.7617,-47.9119],[-65.827,-47.8985],[-65.8534,-47.8796],[-65.875,-47.8122],[-65.875,-47.7502],[-65.8125,-47.75],[-65.8125,-47.6762],[-65.7873,-47.625],[-65.75,-47.625],[-65.75,-47.5416],[-65.7348,-47.5],[-65.6875,-47.5],[-65.6875,-47.1875],[-65.75,-47.1875],[-65.8125,-47.0625]]],[[[-65.5625,-44.9038],[-65.5625,-44.8125],[-65.375,-44.8125],[-65.375,-44.875],[-65.25,-44.9375],[-65.25,-45.125],[-65.5,-45.125],[-65.5,-45.1875],[-65.5625,-45.1875],[-65.5625,-45.125],[-65.625,-45.125],[-65.6661,-45.0428],[-65.6434,-45.0474],[-65.6026,-45.0277],[-65.6222,-45.0071],[-65.6119,-44.9989],[-65.5838,-45.0075],[-65.6054,-44.9727],[-65.5869,-44.9581],[-65.5738,-44.9617],[-65.5214,-44.9319],[-65.5353,-44.9156],[-65.5625,-44.9038]],[[-65.6263,-45.0536],[-65.6141,-45.0639],[-65.5666,-45.0628],[-65.6006,-45.0452],[-65.6263,-45.0536]]],[[[-65.125,-44.5],[-65.1875,-44.5],[-65.1875,-44.4375],[-65.3114,-44.434],[-65.3046,-44.4261],[-65.2858,-44.4326],[-65.2895,-44.4264],[-65.2788,-44.4219],[-65.2857,-44.4124],[-65.2703,-44.4057],[-65.2597,-44.3886],[-65.2354,-44.3867],[-65.2289,-44.3704],[-65.2169,-44.3664],[-65.2214,-44.3384],[-65.25,-44.331],[-65.25,-44.25],[-65.125,-44.25],[-65.125,-44.3125],[-65.0,-44.3125],[-65.0,-44.4375],[-65.125,-44.4375],[-65.125,-44.5]]],[[[-73.6875,-43.317],[-73.6042,-43.2708],[-73.5691,-43.2007],[-73.5047,-43.1802],[-73.5077,-43.1587],[-73.521,-43.1458],[-73.5343,-43.1545],[-73.5298,-43.1684],[-73.543,-43.1684],[-73.5625,-43.1423],[-73.5625,-43.1155],[-73.5243,-43.131],[-73.5023,-43.128],[-73.4901,-43.1],[-73.5507,-43.0625],[-73.4375,-43.0625],[-73.4375,-42.9955],[-73.3922,-42.9982],[-73.3651,-42.9908],[-73.3845,-42.9706],[-73.4375,-42.9517],[-73.4375,-42.875],[-73.25,-42.875],[-73.25,-42.9375],[-73.1875,-42.9375],[-73.1875,-43.0625],[-73.375,-43.0625],[-73.375,-43.3125],[-73.1875,-43.3125],[-73.1875,-43.25],[-73.0,-43.25],[-73.0099,-43.2699],[-73.0759,-43.3014],[-73.0846,-43.3163],[-73.0852,-43.375],[-73.3125,-43.375],[-73.3125,-43.5625],[-73.375,-43.5625],[-73.375,-43.5],[-73.625,-43.5],[-73.625,-43.5625],[-73.6875,-43.5625],[-73.6875,-43.8125],[-73.75,-43.8125],[-73.755,-43.9853],[-73.7336,-44.0175],[-73.7288,-44.0466],[-73.6719,-44.0807],[-73.6736,-44.1149],[-73.6654,-44.1298],[-73.6505,-44.1319],[-73.619,-44.1081],[-73.6102,-44.0851],[-73.6321,-44.0625],[-73.4375,-44.0625],[-73.4375,-44.25],[-73.5625,-44.25],[-73.5625,-44.375],[-73.625,-44.375],[-73.625,-44.25],[-73.6722,-44.25],[-73.6757,-44.2413],[-73.7136,-44.25],[-73.8125,-44.25],[-73.8125,-44.125],[-73.875,-44.125],[-73.8958,-44.0833],[-73.9375,-44.0625],[-73.9375,-44.0],[-73.8125,-44.0],[-73.8125,-43.8907],[-73.7623,-43.8889],[-73.7933,-43.829],[-73.8651,-43.7626],[-73.8654,-43.7893],[-73.921,-43.7992],[-73.9136,-43.8125],[-73.9997,-43.8125],[-74.0452,-43.7961],[-74.1165,-43.8096],[-74.1662,-43.8538],[-74.1654,-43.8751],[-74.1379,-43.8908],[-74.0839,-43.902],[-74.0319,-43.893],[-74.023,-43.8986],[-74.0157,-43.9197],[-74.0,-43.9341],[-74.0,-44.0],[-74.25,-44.0],[-74.25,-43.9375],[-74.1875,-43.9375],[-74.1875,-43.5],[-74.3125,-43.4375],[-74.3125,-43.3125],[-74.2152,-43.3301],[-74.201,-43.3455],[-74.1656,-43.342],[-74.13,-43.3569],[-74.0849,-43.4016],[-74.0792,-43.3768],[-74.0534,-43.3629],[-74.0262,-43.3645],[-73.9918,-43.3883],[-73.9786,-43.375],[-73.9187,-43.375],[-73.9068,-43.3922],[-73.889,-43.4006],[-73.877,-43.422],[-73.8475,-43.4235],[-73.8277,-43.4019],[-73.8005,-43.4094],[-73.8008,-43.375],[-73.7589,-43.375],[-73.7311,-43.3926],[-73.6817,-43.3811],[-73.669,-43.3638],[-73.6716,-43.3511],[-73.6875,-43.3432],[-73.6875,-43.317]],[[-74.2741,-43.3612],[-74.284,-43.4178],[-74.2573,-43.4275],[-74.247,-43.4134],[-74.2307,-43.4134],[-74.2516,-43.3887],[-74.2474,-43.3525],[-74.2741,-43.3612]]],[[[-74.8125,-43.4375],[-74.75,-43.4375],[-74.75,-43.5],[-74.5625,-43.5],[-74.5625,-43.6215],[-74.5827,-43.5977],[-74.6482,-43.554],[-74.6811,-43.553],[-74.7153,-43.5331],[-74.7379,-43.5302],[-74.7451,-43.536],[-74.7449,-43.5659],[-74.7844,-43.5753],[-74.8247,-43.5625],[-74.8125,-43.5625],[-74.8125,-43.4375]]],[[[-74.75,-43.6875],[-74.875,-43.625],[-74.875,-43.5625],[-74.825,-43.5625],[-74.8245,-43.5946],[-74.8147,-43.618],[-74.8182,-43.635],[-74.7754,-43.6746],[-74.75,-43.6747],[-74.75,-43.6875]]],[[[-64.0,-42.875],[-64.0602,-42.875],[-64.0,-42.8596],[-64.0,-42.875]]],[[[-64.0625,-43.0625],[-64.125,-43.0625],[-64.125,-43.125],[-64.5625,-43.125],[-64.5625,-43.1033],[-64.4476,-43.0686],[-64.3067,-42.9936],[-64.3021,-42.9809],[-64.3158,-42.9505],[-64.4081,-42.9762],[-64.4375,-42.9745],[-64.4375,-42.8125],[-64.375,-42.8125],[-64.3125,-42.6875],[-64.2284,-42.6875],[-64.251,-42.7521],[-64.2513,-42.7751],[-64.214,-42.7922],[-64.1622,-42.8469],[-64.1079,-42.8837],[-64.0625,-42.8758],[-64.0625,-43.0625]]],[[[-73.4282,-42.5578],[-73.4194,-42.5642],[-73.4207,-42.5541],[-73.375,-42.5312],[-73.375,-42.5],[-73.3125,-42.5],[-73.25,-42.4688],[-73.25,-42.4375],[-73.1875,-42.4375],[-73.1875,-42.5],[-73.0,-42.5],[-73.0,-42.625],[-72.8616,-42.625],[-72.8291,-42.6526],[-72.827,-42.6803],[-72.8649,-42.6965],[-72.8649,-42.7512],[-72.8497,-42.8125],[-72.9375,-42.8125],[-72.9375,-42.7933],[-72.9188,-42.7865],[-72.9304,-42.7233],[-72.9439,-42.7162],[-72.9553,-42.7237],[-72.9583,-42.7372],[-72.9817,-42.7339],[-72.9958,-42.6999],[-73.0092,-42.6953],[-73.0307,-42.6968],[-73.0336,-42.7139],[-72.9977,-42.75],[-73.125,-42.75],[-73.125,-42.6875],[-73.25,-42.6875],[-73.25,-42.6547],[-73.239,-42.6508],[-73.241,-42.6314],[-73.25,-42.625],[-73.4375,-42.625],[-73.4375,-42.5625],[-73.4282,-42.5578]]],[[[-73.75,-41.8125],[-73.875,-41.8125],[-73.9375,-41.6875],[-73.75,-41.6875],[-73.75,-41.625],[-73.681,-41.625],[-73.6966,-41.6371],[-73.7001,-41.6818],[-73.7283,-41.7265],[-73.7599,-41.7488],[-73.66,-41.7575],[-73.5705,-41.778],[-73.515,-41.8036],[-73.4375,-41.7935],[-73.4375,-41.8125],[-73.5575,-41.8125],[-73.5904,-41.7978],[-73.623,-41.8125],[-73.691,-41.809],[-73.75,-41.8397],[-73.75,-41.8125]]],[[[-64.0,-41.6875],[-64.0,-41.5625],[-63.9375,-41.5625],[-63.9375,-41.0818],[-63.8667,-41.1337],[-63.7794,-41.1588],[-63.4795,-41.1542],[-63.3841,-41.1611],[-63.317,-41.148],[-63.0995,-41.1549],[-63.0536,-41.1471],[-62.9351,-41.0997],[-62.8638,-41.0851],[-62.8345,-41.0625],[-62.8125,-41.0625],[-62.8109,-41.044],[-62.7294,-41.0411],[-62.6745,-41.011],[-62.625,-41.0],[-62.4968,-40.9375],[-62.4375,-40.9375],[-62.4375,-40.9129],[-62.3434,-40.875],[-62.3125,-40.875],[-62.3125,-40.847],[-62.2944,-40.8125],[-62.25,-40.8125],[-62.25,-40.7336],[-62.2392,-40.6875],[-62.1875,-40.6875],[-62.1875,-40.6323],[-62.1815,-40.6266],[-62.1875,-40.6269],[-62.1875,-40.5197],[-62.1657,-40.5094],[-62.1547,-40.5266],[-62.1613,-40.5571],[-62.1087,-40.5641],[-62.0376,-40.4844],[-62.0285,-40.4549],[-62.0838,-40.3857],[-61.6875,-40.1875],[-61.6875,-40.4375],[-61.625,-40.4375],[-61.625,-40.75],[-61.875,-40.75],[-61.875,-41.0],[-61.9375,-41.0],[-61.9375,-41.25],[-62.0,-41.25],[-62.0,-41.4375],[-62.0625,-41.4375],[-62.0625,-41.5625],[-62.1875,-41.625],[-62.1875,-41.75],[-62.25,-41.75],[-62.25,-42.0],[-62.3125,-42.0],[-62.3125,-42.0625],[-62.4375,-42.125],[-62.4375,-42.3125],[-62.5,-42.3125],[-62.5,-42.375],[-62.625,-42.4375],[-62.625,-42.5625],[-62.6875,-42.5625],[-62.6875,-42.625],[-62.8125,-42.625],[-62.8125,-42.6875],[-62.875,-42.6875],[-62.875,-42.75],[-62.9375,-42.75],[-62.9375,-42.8125],[-63.0,-42.8125],[-63.0,-42.875],[-63.0625,-42.875],[-63.125,-43.0],[-63.25,-43.0],[-63.25,-43.0625],[-63.625,-43.0625],[-63.625,-43.0],[-63.8125,-43.0],[-63.8125,-42.8377],[-63.7366,-42.8248],[-63.6715,-42.8022],[-63.6203,-42.7512],[-63.625,-42.6943],[-63.5894,-42.625],[-63.5625,-42.625],[-63.5625,-42.25],[-63.6809,-42.1908],[-63.6875,-42.1778],[-63.6875,-42.0625],[-63.9375,-42.0625],[-63.9375,-42.1065],[-63.9791,-42.125],[-64.125,-42.125],[-64.1675,-42.2099],[-64.3065,-42.2242],[-64.3397,-42.2374],[-64.3128,-42.25],[-64.375,-42.25],[-64.375,-42.1875],[-64.25,-42.1875],[-64.25,-42.125],[-64.1875,-42.125],[-64.1875,-42.0],[-64.125,-42.0],[-64.125,-41.8125],[-64.0625,-41.8125],[-64.0625,-41.6875],[-64.0,-41.6875]]],[[[-61.875,-39.0],[-61.9375,-39.0],[-61.9375,-39.1232],[-62.0,-39.1072],[-62.0,-39.0642],[-61.9755,-39.0577],[-61.9673,-39.047],[-61.9723,-39.0339],[-62.0,-39.0164],[-62.0,-38.9438],[-61.875,-38.9726],[-61.875,-39.0]]],[[[-61.875,-39.25],[-61.9375,-39.25],[-61.9375,-39.375],[-62.0232,-39.375],[-62.0239,-39.3648],[-62.0625,-39.3295],[-62.0625,-39.1875],[-62.125,-39.1875],[-62.125,-39.125],[-62.0842,-39.125],[-62.0268,-39.1829],[-61.941,-39.2116],[-61.9105,-39.2341],[-61.875,-39.2398],[-61.875,-39.25]]],[[[-78.5625,-33.6875],[-78.75,-33.6875],[-78.75,-33.8125],[-78.8125,-33.8125],[-78.8125,-33.6875],[-78.9375,-33.6875],[-78.9375,-33.6514],[-78.8636,-33.6305],[-78.8129,-33.6506],[-78.8085,-33.6443],[-78.7999,-33.6506],[-78.7576,-33.6432],[-78.7804,-33.6135],[-78.8158,-33.6088],[-78.8284,-33.5906],[-78.875,-33.5764],[-78.875,-33.5625],[-78.5625,-33.5625],[-78.5625,-33.6875]]],[[[-81.5,7.4375],[-81.4375,7.4375],[-81.4375,7.3125],[-81.75,7.3125],[-81.75,7.352],[-81.6842,7.3414],[-81.6494,7.3215],[-81.6282,7.3216],[-81.588,7.3352],[-81.6095,7.375],[-81.5,7.375],[-81.5,7.4375]]],[[[-61.0625,13.0],[-61.0625,12.9375],[-61.125,12.9375],[-61.125,12.6875],[-61.3125,12.6875],[-61.3125,12.5],[-61.375,12.5],[-61.375,12.375],[-61.4375,12.375],[-61.4375,12.4574],[-61.428,12.4547],[-61.4216,12.5134],[-61.428,12.5297],[-61.451,12.5],[-61.5,12.5],[-61.5,12.5625],[-61.4375,12.5625],[-61.4375,12.5866],[-61.4266,12.5919],[-61.4375,12.6055],[-61.4375,12.6875],[-61.375,12.6875],[-61.375,12.75],[-61.25,12.75],[-61.25,12.9835],[-61.2424,12.9748],[-61.194,13.0369],[-61.2015,13.0512],[-61.241,13.0242],[-61.2493,13.0163],[-61.2396,12.9958],[-61.25,12.9938],[-61.25,13.0625],[-61.1875,13.0625],[-61.1875,13.0],[-61.0625,13.0]],[[-61.3354,12.7272],[-61.334,12.7086],[-61.3531,12.6965],[-61.3339,12.6936],[-61.3144,12.7209],[-61.3194,12.7338],[-61.3354,12.7272]],[[-61.1876,12.8564],[-61.1836,12.862],[-61.175,12.8818],[-61.1832,12.8835],[-61.1918,12.8682],[-61.1876,12.8564]],[[-61.388,12.5084],[-61.3839,12.5202],[-61.3986,12.5178],[-61.397,12.5128],[-61.388,12.5084]],[[-61.3874,12.6404],[-61.3996,12.6444],[-61.4045,12.6339],[-61.4005,12.6243],[-61.3874,12.6404]],[[-61.147,12.9559],[-61.153,12.9523],[-61.1488,12.9351],[-61.1407,12.9379],[-61.147,12.9559]],[[-61.1376,12.9526],[-61.1339,12.9642],[-61.1397,12.9585],[-61.1376,12.9526]]],[[[-64.9609,18.3125],[-64.9591,18.3063],[-64.9539,18.3125],[-64.9014,18.3125],[-64.8788,18.3044],[-64.8731,18.3125],[-64.8125,18.3125],[-64.8125,18.25],[-65.0,18.25],[-65.0,18.125],[-65.0625,18.125],[-65.0625,18.25],[-65.1875,18.25],[-65.1875,18.3125],[-64.9609,18.3125]]],[[[-77.4375,23.5],[-77.1875,23.5],[-77.1875,23.4375],[-77.0,23.4375],[-77.0,23.375],[-77.25,23.375],[-77.25,23.25],[-77.3125,23.25],[-77.3125,23.3125],[-77.375,23.3125],[-77.4375,23.4375],[-77.5625,23.4375],[-77.625,23.5625],[-77.75,23.5625],[-77.75,23.6875],[-77.7308,23.6875],[-77.7277,23.6811],[-77.7355,23.6788],[-77.7264,23.6731],[-77.7122,23.6875],[-77.5,23.6875],[-77.5,23.625],[-77.4375,23.625],[-77.4375,23.5]]],[[[-76.875,23.375],[-76.6875,23.375],[-76.6875,23.4375],[-76.5625,23.4375],[-76.5625,23.5],[-76.5,23.5],[-76.5,23.75],[-76.4375,23.75],[-76.4375,23.5],[-76.375,23.5],[-76.375,23.375],[-76.5,23.375],[-76.5,23.25],[-76.8125,23.25],[-76.8125,23.3125],[-76.875,23.3125],[-76.875,23.375]]],[[[-78.0,25.3125],[-78.0,25.1875],[-78.1272,25.1875],[-78.1496,25.1995],[-78.2027,25.2067],[-78.2128,25.1875],[-78.25,25.1875],[-78.25,25.3125],[-78.125,25.3125],[-78.125,25.375],[-78.0625,25.375],[-78.0625,25.3125],[-78.0,25.3125]]],[[[-76.1348,35.0],[-76.1256,35.0115],[-76.125,35.0119],[-76.125,35.0],[-76.1348,35.0]]],[[[-76.3044,35.0],[-76.3125,35.0095],[-76.3125,35.0625],[-76.25,35.0625],[-76.25,35.125],[-76.0625,35.125],[-76.0625,35.1875],[-75.9375,35.1875],[-75.9375,35.1282],[-76.0,35.125],[-76.0,35.0951],[-76.0173,35.075],[-76.0,35.0848],[-76.0,35.0625],[-76.0397,35.0625],[-76.0725,35.0748],[-76.0814,35.0625],[-76.125,35.0625],[-76.125,35.0141],[-76.1403,35.0],[-76.3044,35.0]]],[[[-75.0,39.0625],[-74.9375,39.0625],[-74.9375,39.0361],[-74.9526,39.0075],[-74.9676,38.9358],[-74.9442,38.9244],[-74.875,38.9446],[-74.875,38.875],[-74.9375,38.875],[-74.9375,38.8125],[-75.0625,38.875],[-75.125,39.0],[-75.0,39.0],[-75.0,39.0625]]],[[[-60.8125,-81.0625],[-60.8125,-81.125],[-61.1875,-81.125],[-61.1875,-80.9375],[-60.6527,-80.9604],[-60.5625,-80.9467],[-60.5625,-81.0],[-60.4375,-81.0],[-60.4375,-81.125],[-60.5,-81.125],[-60.5,-81.0625],[-60.8125,-81.0625]]],[[[-37.25,-80.4375],[-37.1875,-80.4375],[-37.1875,-80.5],[-37.0625,-80.5],[-37.0625,-80.625],[-37.25,-80.625],[-37.25,-80.4375]]],[[[-35.6875,-79.0625],[-35.75,-79.0625],[-35.75,-79.0],[-35.6875,-79.0],[-35.6474,-78.9198],[-35.4375,-78.9435],[-35.4375,-79.0],[-35.5625,-79.0],[-35.5625,-79.0919],[-35.6287,-79.0939],[-35.6875,-79.1094],[-35.6875,-79.0625]]],[[[-50.75,-78.0625],[-50.75,-78.0],[-50.9375,-78.0],[-50.9375,-77.9375],[-51.25,-77.9375],[-51.25,-77.75],[-51.625,-77.75],[-51.625,-77.5625],[-51.9375,-77.5625],[-51.9375,-77.625],[-52.625,-77.625],[-52.625,-77.5625],[-52.875,-77.5625],[-52.875,-77.5],[-53.0625,-77.5],[-53.0625,-77.4375],[-53.25,-77.4375],[-53.25,-77.375],[-53.4375,-77.375],[-53.4375,-77.3125],[-53.625,-77.3125],[-53.625,-77.25],[-53.9375,-77.25],[-53.9375,-77.1875],[-54.375,-77.1875],[-54.4375,-77.0625],[-54.625,-77.0625],[-54.625,-77.0],[-54.9375,-77.0],[-54.9375,-76.9375],[-55.125,-76.9375],[-55.125,-76.875],[-54.75,-76.875],[-54.75,-76.8125],[-53.75,-76.8125],[-53.75,-76.875],[-53.25,-76.875],[-53.25,-76.9375],[-52.0625,-76.9375],[-52.0625,-76.6875],[-52.0,-76.6875],[-52.0,-76.75],[-51.75,-76.75],[-51.75,-76.8125],[-51.375,-76.8125],[-51.375,-77.0],[-50.375,-77.0],[-50.375,-77.125],[-50.1875,-77.125],[-50.1875,-77.0625],[-50.125,-77.0625],[-50.125,-77.125],[-49.9375,-77.125],[-49.9375,-77.1875],[-50.0,-77.1875],[-50.0,-77.375],[-49.9375,-77.375],[-49.9375,-77.4375],[-49.5,-77.4375],[-49.5,-77.5],[-49.3125,-77.5],[-49.3125,-77.3125],[-49.5,-77.3125],[-49.5,-77.25],[-49.0625,-77.25],[-49.0625,-77.3125],[-48.625,-77.3125],[-48.625,-77.375],[-48.4375,-77.375],[-48.4375,-77.4375],[-48.25,-77.4375],[-48.25,-77.5625],[-48.125,-77.5625],[-48.125,-77.75],[-48.4375,-77.75],[-48.4375,-77.9375],[-48.8125,-77.9375],[-48.8125,-78.0],[-48.875,-78.0],[-48.9375,-77.875],[-49.125,-77.875],[-49.125,-77.9375],[-49.5,-77.9375],[-49.5,-78.0625],[-49.6875,-78.0625],[-49.6875,-78.0],[-49.875,-78.0],[-49.875,-78.125],[-50.0,-78.125],[-50.0,-78.1875],[-50.1875,-78.1875],[-50.1875,-78.25],[-50.25,-78.25],[-50.25,-78.1875],[-50.375,-78.1875],[-50.375,-78.125],[-50.5,-78.125],[-50.5,-78.0625],[-50.75,-78.0625]],[[-49.2587,-77.8725],[-48.7504,-77.7477],[-48.7816,-77.7392],[-48.8469,-77.7442],[-48.989,-77.7843],[-49.3364,-77.8298],[-49.4508,-77.8631],[-49.3912,-77.8805],[-49.2587,-77.8725]]],[[[-56.125,-76.3125],[-55.625,-76.3125],[-55.625,-76.4375],[-56.1875,-76.4375],[-56.125,-76.3125]]],[[[-57.5625,-76.0625],[-57.75,-76.0625],[-57.75,-76.125],[-58.0625,-76.125],[-58.0625,-76.0625],[-58.1875,-76.0625],[-58.1875,-76.0],[-57.5625,-76.0],[-57.5625,-76.0625]]],[[[-56.5625,-75.875],[-56.5625,-75.9375],[-56.75,-75.9375],[-56.75,-75.875],[-57.0,-75.875],[-57.0,-75.9375],[-57.125,-75.9375],[-57.125,-75.8125],[-57.3125,-75.8125],[-57.3125,-75.75],[-57.0625,-75.75],[-57.0625,-75.6875],[-57.0,-75.6875],[-57.0,-75.75],[-56.8125,-75.75],[-56.8125,-75.8125],[-56.6875,-75.8125],[-56.6875,-75.875],[-56.5625,-75.875]]],[[[-16.8125,-73.875],[-16.5357,-73.875],[-16.517,-73.8852],[-16.4621,-73.8946],[-16.2624,-73.8948],[-16.1759,-73.9392],[-15.75,-73.9473],[-15.75,-74.0],[-16.0,-74.0],[-16.0,-74.0625],[-16.0625,-74.0625],[-16.0625,-74.0],[-16.875,-74.0],[-16.8125,-73.875]]],[[[-16.375,-73.875],[-16.392,-73.8793],[-16.4402,-73.875],[-16.375,-73.875]]],[[[-20.125,-73.5625],[-19.6875,-73.5625],[-19.6875,-73.625],[-19.5,-73.625],[-19.5,-73.5625],[-18.375,-73.5625],[-18.375,-73.625],[-18.9375,-73.625],[-18.9375,-73.6875],[-19.5,-73.6875],[-19.5,-73.75],[-19.875,-73.75],[-19.875,-73.8125],[-20.5,-73.8125],[-20.5,-73.75],[-20.5314,-73.75],[-20.535,-73.7395],[-20.5092,-73.6777],[-20.5159,-73.6598],[-20.5514,-73.625],[-20.125,-73.625],[-20.125,-73.5625]]],[[[-20.6875,-73.625],[-20.6831,-73.625],[-20.6875,-73.6257],[-20.6875,-73.625]]],[[[-48.625,-72.1875],[-48.25,-72.1875],[-48.25,-72.25],[-48.125,-72.25],[-48.125,-72.3125],[-47.9375,-72.3125],[-47.9375,-72.375],[-47.8125,-72.375],[-47.8125,-72.4375],[-47.6875,-72.4375],[-47.6875,-72.5],[-47.75,-72.5],[-47.75,-72.5625],[-49.125,-72.5625],[-49.125,-72.625],[-50.3125,-72.625],[-50.3125,-72.6875],[-50.375,-72.6875],[-50.375,-72.625],[-50.625,-72.625],[-50.625,-72.5625],[-50.9375,-72.5625],[-50.9375,-72.5],[-51.125,-72.5],[-51.125,-72.375],[-51.0625,-72.375],[-51.0625,-72.25],[-50.9375,-72.25],[-50.9375,-72.1875],[-50.8125,-72.1875],[-50.8125,-72.125],[-50.5,-72.125],[-50.5,-72.0625],[-49.4375,-72.0625],[-49.4375,-72.125],[-48.625,-72.125],[-48.625,-72.1875]]],[[[-56.75,-64.375],[-56.75,-64.4375],[-56.8125,-64.4375],[-56.8125,-64.375],[-56.9375,-64.375],[-56.8784,-64.3357],[-56.9375,-64.3285],[-56.9375,-64.3125],[-56.8088,-64.3227],[-56.7145,-64.3066],[-56.625,-64.2687],[-56.625,-64.375],[-56.75,-64.375]]],[[[-55.0,-63.3125],[-55.0,-63.25],[-54.6875,-63.25],[-54.6875,-63.3125],[-54.375,-63.3125],[-54.4375,-63.4375],[-54.625,-63.4375],[-54.625,-63.5],[-54.75,-63.5],[-54.75,-63.4375],[-54.875,-63.4375],[-54.875,-63.375],[-55.125,-63.375],[-55.125,-63.3472],[-55.06,-63.3125],[-55.0,-63.3125]]],[[[-56.625,-63.1516],[-56.6731,-63.1653],[-56.7015,-63.1875],[-56.75,-63.1875],[-56.75,-63.3125],[-56.8125,-63.3125],[-56.8125,-63.375],[-56.875,-63.375],[-56.875,-63.3125],[-57.0,-63.3125],[-57.0625,-63.1875],[-56.8125,-63.1875],[-56.8125,-63.0],[-56.9375,-63.0],[-56.9375,-62.9375],[-56.625,-62.9375],[-56.625,-63.0],[-56.5625,-63.0],[-56.5625,-63.0147],[-56.6027,-63.0305],[-56.618,-63.0514],[-56.6036,-63.0702],[-56.5625,-63.091],[-56.5625,-63.125],[-56.625,-63.125],[-56.625,-63.1516]]],[[[-59.375,-62.375],[-59.4375,-62.355],[-59.4375,-62.3125],[-59.625,-62.3125],[-59.625,-62.3503],[-59.693,-62.364],[-59.75,-62.25],[-59.6875,-62.25],[-59.6875,-62.1875],[-59.3125,-62.1875],[-59.3125,-62.125],[-59.0625,-62.125],[-59.0625,-62.1875],[-59.125,-62.1875],[-59.125,-62.2534],[-59.1888,-62.2724],[-59.2178,-62.2921],[-59.1729,-62.3125],[-59.25,-62.3125],[-59.25,-62.375],[-59.375,-62.375]]],[[[-55.4375,-61.1046],[-55.449,-61.115],[-55.4375,-61.125],[-55.3448,-61.1537],[-55.3912,-61.1785],[-55.375,-61.2003],[-55.375,-61.25],[-55.5,-61.25],[-55.5,-61.0625],[-55.4375,-61.0625],[-55.4375,-61.1046]]],[[[-44.625,-60.7479],[-44.5663,-60.745],[-44.5352,-60.7365],[-44.5087,-60.7136],[-44.4517,-60.7033],[-44.5052,-60.6756],[-44.5248,-60.6747],[-44.5697,-60.6957],[-44.5873,-60.6957],[-44.603,-60.7092],[-44.625,-60.7033],[-44.625,-60.6875],[-44.6689,-60.6875],[-44.6903,-60.6762],[-44.686,-60.6875],[-45.0222,-60.6875],[-45.0296,-60.6568],[-45.0671,-60.6311],[-45.069,-60.6603],[-45.0834,-60.6847],[-45.0763,-60.6875],[-45.184,-60.6875],[-45.1758,-60.6821],[-45.1468,-60.6858],[-45.2178,-60.6546],[-45.1907,-60.6329],[-45.3572,-60.625],[-45.3895,-60.6122],[-45.3724,-60.5973],[-45.391,-60.5793],[-45.4282,-60.5625],[-45.125,-60.5625],[-45.125,-60.625],[-44.5625,-60.625],[-44.5,-60.5],[-44.4375,-60.5],[-44.4375,-60.5625],[-44.1875,-60.5625],[-44.1875,-60.625],[-44.3125,-60.625],[-44.375,-60.75],[-44.625,-60.7479]]],[[[-45.3125,-60.6875],[-45.3125,-60.6786],[-45.2744,-60.6875],[-45.3125,-60.6875]]],[[[-47.0625,-60.5625],[-47.0625,-60.5],[-46.6875,-60.5],[-46.6875,-60.5625],[-47.0625,-60.5625]]],[[[-46.0,-60.375],[-46.0,-60.4375],[-45.6875,-60.4375],[-45.6875,-60.375],[-45.625,-60.375],[-45.625,-60.5],[-45.5,-60.5],[-45.5,-60.5469],[-45.5675,-60.5536],[-45.6658,-60.5241],[-45.7206,-60.5162],[-45.7373,-60.519],[-45.747,-60.5323],[-45.8081,-60.5358],[-45.8428,-60.5484],[-45.9351,-60.5247],[-45.9551,-60.5278],[-45.9494,-60.5625],[-46.0625,-60.5625],[-46.0625,-60.375],[-46.0,-60.375]]],[[[-45.8125,-60.625],[-45.875,-60.625],[-45.875,-60.6032],[-45.8125,-60.5854],[-45.8125,-60.625]]],[[[-46.4375,-60.4375],[-46.25,-60.4375],[-46.25,-60.5],[-46.625,-60.5],[-46.625,-60.4375],[-46.5,-60.4375],[-46.5,-60.3125],[-46.4375,-60.3125],[-46.4375,-60.4375]]],[[[-59.5,-51.8741],[-59.6875,-51.875],[-59.6875,-51.9375],[-59.862,-51.9375],[-59.8093,-51.875],[-59.75,-51.875],[-59.7067,-51.7885],[-59.644,-51.75],[-59.5,-51.75],[-59.5,-51.6875],[-59.375,-51.75],[-59.375,-51.8125],[-59.5,-51.8125],[-59.5,-51.8741]],[[-59.5823,-51.7847],[-59.6253,-51.7921],[-59.622,-51.809],[-59.5631,-51.8058],[-59.554,-51.8014],[-59.5465,-51.7651],[-59.5823,-51.7847]]],[[[-57.9375,-51.1875],[-57.625,-51.1875],[-57.625,-51.25],[-57.5,-51.25],[-57.5,-51.375],[-57.5625,-51.375],[-57.5625,-51.5],[-57.75,-51.5],[-57.75,-51.4375],[-57.8125,-51.4375],[-57.8125,-51.375],[-58.0,-51.375],[-58.0,-51.25],[-57.9375,-51.25],[-57.9375,-51.1875]]],[[[-60.4375,-51.0],[-60.4375,-51.0625],[-60.375,-51.0625],[-60.3125,-51.1875],[-60.1875,-51.1875],[-60.1875,-51.25],[-60.5938,-51.25],[-60.625,-51.3125],[-60.8125,-51.3125],[-60.8125,-51.25],[-60.875,-51.25],[-60.875,-51.2089],[-60.8401,-51.1979],[-60.875,-51.199],[-60.875,-51.1257],[-60.8601,-51.1269],[-60.8581,-51.115],[-60.8921,-51.104],[-60.9221,-51.08],[-60.928,-51.0955],[-60.8784,-51.125],[-61.0,-51.125],[-61.0,-51.0625],[-61.0704,-51.0625],[-61.0924,-51.0383],[-61.1192,-51.0278],[-61.1122,-51.0509],[-61.1261,-51.0625],[-61.1875,-51.0625],[-61.1875,-51.0558],[-61.1641,-51.0558],[-61.1875,-51.0409],[-61.1875,-51.0],[-61.3125,-50.9375],[-61.3125,-50.8125],[-61.1875,-50.8125],[-61.1875,-50.875],[-61.0625,-50.875],[-61.0625,-50.9375],[-60.6875,-50.9375],[-60.6875,-50.875],[-60.625,-50.875],[-60.625,-50.9375],[-60.5,-50.9375],[-60.5,-51.0],[-60.4375,-51.0]]],[[[-6.5625,-39.5625],[-6.5625,-39.625],[-6.75,-39.625],[-6.75,-39.5625],[-6.6875,-39.5625],[-6.6875,-39.375],[-6.625,-39.375],[-6.625,-39.5625],[-6.5625,-39.5625]]],[[[-48.4375,-25.4375],[-48.3264,-25.4375],[-48.3193,-25.4543],[-48.3239,-25.4675],[-48.3092,-25.486],[-48.2911,-25.4891],[-48.2559,-25.4657],[-48.2671,-25.4463],[-48.2603,-25.4011],[-48.2462,-25.4082],[-48.2502,-25.4278],[-48.2416,-25.4482],[-48.2251,-25.4597],[-48.2091,-25.4576],[-48.2008,-25.4308],[-48.1875,-25.4375],[-48.25,-25.5625],[-48.3021,-25.5625],[-48.2868,-25.5392],[-48.2982,-25.5412],[-48.3127,-25.5074],[-48.3342,-25.4992],[-48.4375,-25.5],[-48.4375,-25.4375]]],[[[-48.3125,-25.375],[-48.3112,-25.3757],[-48.3125,-25.3766],[-48.3125,-25.375]]],[[[-48.3692,-25.5625],[-48.375,-25.5194],[-48.3129,-25.5401],[-48.3166,-25.5625],[-48.3692,-25.5625]]],[[[-37.8125,-18.0625],[-37.625,-18.0625],[-37.625,-18.125],[-37.75,-18.125],[-37.75,-18.375],[-37.8125,-18.375],[-37.8125,-18.0625]]],[[[-36.0,-17.8125],[-35.875,-17.8125],[-35.875,-17.75],[-35.8125,-17.75],[-35.8125,-17.875],[-35.875,-17.875],[-35.9375,-18.0],[-36.0625,-17.9375],[-36.0,-17.8125]]],[[[-50.6395,-0.25],[-50.6547,-0.2638],[-50.6719,-0.3125],[-50.6875,-0.3125],[-50.6875,-0.3499],[-50.6999,-0.3715],[-50.717,-0.4523],[-50.8125,-0.5],[-50.8125,-0.375],[-50.75,-0.375],[-50.75,-0.25],[-50.6395,-0.25]]],[[[-44.9375,0.4375],[-44.9375,0.375],[-45.125,0.375],[-45.125,0.4375],[-45.3125,0.4375],[-45.3125,0.5],[-45.0625,0.5],[-45.0625,0.4375],[-44.9375,0.4375]]],[[[-44.75,-1.0625],[-44.875,-1.0625],[-44.9375,-0.9375],[-45.0625,-0.9375],[-45.0625,-0.875],[-45.125,-0.875],[-45.125,-0.6875],[-45.0625,-0.6875],[-45.0625,-0.625],[-44.875,-0.625],[-44.875,-0.4375],[-44.9375,-0.4375],[-44.9375,-0.375],[-45.0625,-0.375],[-45.0625,-0.3125],[-45.125,-0.3125],[-45.125,-0.25],[-45.1875,-0.25],[-45.25,-0.125],[-45.5,-0.125],[-45.5,-0.1875],[-45.5625,-0.1875],[-45.5625,-0.375],[-45.5,-0.375],[-45.5,-0.4375],[-45.375,-0.5],[-45.375,-0.75],[-45.5625,-0.75],[-45.5625,-0.6875],[-45.6875,-0.6875],[-45.6875,-0.625],[-45.875,-0.625],[-45.875,-0.5625],[-46.0,-0.5625],[-46.0,-0.5],[-46.125,-0.5],[-46.125,-0.4375],[-46.3125,-0.4375],[-46.3125,-0.5],[-46.375,-0.5],[-46.375,-0.4375],[-46.5,-0.4375],[-46.5,-0.375],[-46.6875,-0.375],[-46.6875,-0.3125],[-46.875,-0.3125],[-46.875,-0.375],[-47.0,-0.375],[-47.0,-0.4375],[-47.0625,-0.4375],[-47.0625,-0.625],[-47.1875,-0.625],[-47.1875,-0.5625],[-47.7064,-0.5625],[-47.7155,-0.5473],[-47.7347,-0.5417],[-47.7434,-0.5473],[-47.7452,-0.5625],[-47.875,-0.5625],[-47.875,-0.625],[-48.0625,-0.625],[-48.0625,-0.6827],[-48.1116,-0.7245],[-48.154,-0.7818],[-48.1608,-0.816],[-48.1517,-0.8259],[-48.1757,-0.8378],[-48.1949,-0.8194],[-48.2436,-0.8417],[-48.2845,-0.9215],[-48.3127,-0.9533],[-48.3179,-1.0],[-48.375,-1.0],[-48.375,-1.0656],[-48.405,-1.0688],[-48.4215,-1.0795],[-48.4283,-1.1173],[-48.4654,-1.1576],[-48.4375,-1.1749],[-48.4375,-1.2209],[-48.4585,-1.25],[-48.5,-1.25],[-48.5,-1.3125],[-48.5625,-1.3125],[-48.5625,-1.375],[-48.625,-1.375],[-48.625,-1.4161],[-48.6421,-1.3857],[-48.6569,-1.3834],[-48.6993,-1.4729],[-48.7157,-1.491],[-48.7331,-1.4943],[-48.7368,-1.5114],[-48.7717,-1.5625],[-48.9375,-1.5625],[-48.9375,-1.5954],[-48.9656,-1.5997],[-48.9993,-1.6559],[-49.0625,-1.6875],[-49.0625,-1.7312],[-49.123,-1.768],[-49.1456,-1.8568],[-49.2116,-1.9183],[-49.25,-1.9375],[-49.25,-1.9857],[-49.2869,-2.0625],[-49.3125,-2.0625],[-49.314,-2.1604],[-49.3581,-2.25],[-49.4375,-2.25],[-49.4375,-2.1553],[-49.4282,-2.1315],[-49.4259,-2.0625],[-49.375,-2.0625],[-49.375,-1.955],[-49.3674,-1.9257],[-49.375,-1.892],[-49.3674,-1.8951],[-49.2933,-1.8046],[-49.277,-1.767],[-49.3098,-1.7444],[-49.319,-1.7175],[-49.3381,-1.7127],[-49.3736,-1.7516],[-49.4115,-1.7756],[-49.4218,-1.8125],[-49.4404,-1.8125],[-49.422,-1.779],[-49.463,-1.8058],[-49.458,-1.7787],[-49.4665,-1.7643],[-49.4852,-1.7639],[-49.5108,-1.779],[-49.5262,-1.8125],[-49.5485,-1.8125],[-49.5513,-1.7906],[-49.5746,-1.7885],[-49.6089,-1.7864],[-49.6555,-1.8046],[-49.6667,-1.8318],[-49.6657,-1.852],[-49.625,-1.8327],[-49.625,-1.8628],[-49.6378,-1.875],[-49.8125,-1.875],[-49.8125,-1.8186],[-49.6875,-1.8125],[-49.6875,-1.7694],[-49.6691,-1.7721],[-49.6455,-1.75],[-49.5625,-1.75],[-49.5625,-1.7236],[-49.5517,-1.7209],[-49.5453,-1.6875],[-49.5278,-1.6875],[-49.5295,-1.7171],[-49.5228,-1.7352],[-49.5086,-1.7449],[-49.4683,-1.7194],[-49.432,-1.7087],[-49.4223,-1.6875],[-49.3125,-1.6875],[-49.3125,-1.625],[-49.125,-1.625],[-49.125,-1.5625],[-49.0312,-1.5625],[-49.0097,-1.5193],[-48.9562,-1.5087],[-48.948,-1.5],[-48.875,-1.5],[-48.875,-1.4604],[-48.8392,-1.45],[-48.8392,-1.4426],[-48.8589,-1.4294],[-48.8333,-1.4167],[-48.8125,-1.375],[-48.7812,-1.3906],[-48.75,-1.375],[-48.75,-1.1465],[-48.7052,-1.125],[-48.6875,-1.125],[-48.6875,-1.1121],[-48.6428,-1.0836],[-48.6288,-1.0632],[-48.6283,-1.0478],[-48.6543,-1.0528],[-48.6543,-1.0459],[-48.625,-1.0312],[-48.625,-1.0],[-48.5625,-1.0],[-48.5625,-0.9152],[-48.5375,-0.8945],[-48.525,-0.8563],[-48.4375,-0.8125],[-48.4375,-0.4571],[-48.4282,-0.4375],[-48.3125,-0.4375],[-48.3125,-0.25],[-48.4375,-0.25],[-48.4375,-0.1875],[-48.6875,-0.1875],[-48.6875,-0.2366],[-48.702,-0.2372],[-48.7645,-0.2211],[-48.7812,-0.1875],[-48.8125,-0.1875],[-48.8125,-0.125],[-49.3125,-0.125],[-49.3125,-0.1599],[-49.3265,-0.1546],[-49.3903,-0.1875],[-49.8473,-0.1875],[-49.875,-0.1816],[-49.875,-0.125],[-50.1646,-0.125],[-50.35,-0.0994],[-50.3682,-0.1056],[-50.3794,-0.125],[-50.4375,-0.125],[-50.4375,-0.16],[-50.4913,-0.1589],[-50.5367,-0.1875],[-50.5625,-0.1875],[-50.5625,-0.125],[-50.5,-0.125],[-50.5,-0.0156],[-50.4475,-0.0152],[-50.4377,0.0],[-50.125,0.0],[-50.125,-0.0625],[-49.9375,-0.0625],[-49.9375,-0.0292],[-49.875,-0.0128],[-49.875,-0.0625],[-49.8162,-0.0625],[-49.8323,-0.1031],[-49.7162,-0.1477],[-49.6869,-0.1354],[-49.492,-0.1326],[-49.4387,-0.1205],[-49.42,-0.0953],[-49.3839,-0.0625],[-49.375,-0.0625],[-49.375,-0.0544],[-49.36,-0.0584],[-49.3475,-0.0097],[-49.3706,0.0],[-49.25,0.0],[-49.25,0.25],[-49.3125,0.25],[-49.3125,0.375],[-49.4375,0.375],[-49.4375,0.5625],[-49.5625,0.5625],[-49.5625,0.625],[-49.9375,0.625],[-49.9375,0.5625],[-50.0316,0.5625],[-50.0333,0.5936],[-50.0657,0.6473],[-50.0822,0.6479],[-50.1235,0.625],[-50.375,0.625],[-50.375,0.6148],[-50.4308,0.548],[-50.4281,0.4655],[-50.4116,0.4375],[-50.4375,0.4375],[-50.4375,0.4018],[-50.4604,0.3125],[-50.5,0.3125],[-50.5,0.2681],[-50.5146,0.25],[-50.5625,0.25],[-50.5625,0.1875],[-50.6106,0.1834],[-50.6369,0.1653],[-50.6485,0.1505],[-50.6407,0.125],[-50.6562,0.125],[-50.6875,0.0625],[-50.875,0.0625],[-50.875,0.008],[-50.9473,-0.012],[-50.9724,-0.0428],[-50.9771,-0.0625],[-51.0625,-0.0625],[-51.0625,-0.0077],[-51.0225,0.0625],[-51.0,0.0625],[-50.9664,0.1297],[-50.9289,0.1554],[-50.854,0.1737],[-50.7906,0.1695],[-50.6686,0.3125],[-50.625,0.3125],[-50.625,0.3574],[-50.6083,0.375],[-50.5625,0.375],[-50.5625,0.4452],[-50.5313,0.5],[-50.5,0.5],[-50.5,0.5554],[-50.4739,0.625],[-50.4375,0.625],[-50.4375,0.6755],[-50.3667,0.7156],[-50.34,0.75],[-50.2414,0.7446],[-50.1034,0.7557],[-50.0616,0.8125],[-50.0,0.8125],[-50.0,0.875],[-49.9375,0.875],[-49.9375,1.0217],[-49.9162,1.0566],[-49.9208,1.0625],[-49.875,1.0625],[-49.875,1.6875],[-49.9216,1.6875],[-49.9559,1.7243],[-50.0,1.8125],[-50.1596,1.8125],[-50.1832,1.8189],[-50.375,1.8125],[-50.375,1.875],[-50.3843,1.875],[-50.3209,1.9354],[-50.3125,1.9471],[-50.314,1.9683],[-50.3532,2.0343],[-50.3569,2.0594],[-50.3996,2.1151],[-50.4544,2.1109],[-50.4701,2.0977],[-50.5042,2.0957],[-50.5238,2.0015],[-50.4976,1.9846],[-50.4946,1.966],[-50.5625,2.0],[-50.5625,2.125],[-50.6826,2.1851],[-50.6875,2.375],[-50.743,2.375],[-50.75,2.3933],[-50.75,2.5],[-50.8125,2.5022],[-50.8125,2.75],[-50.875,2.75],[-50.875,2.875],[-50.9375,2.875],[-50.9375,3.0625],[-51.0,3.0625],[-51.0,3.25],[-51.044,3.25],[-51.0625,3.2979],[-51.0625,3.875],[-51.0804,3.875],[-51.0932,3.9072],[-51.1164,3.9062],[-51.125,3.8896],[-51.125,4.125],[-51.0625,4.125],[-51.0625,4.0],[-51.0,4.0],[-51.0,3.875],[-50.9375,3.875],[-50.9375,3.8125],[-50.75,3.8125],[-50.75,3.875],[-50.625,3.875],[-50.625,3.8125],[-50.5625,3.8125],[-50.5625,3.75],[-50.5,3.75],[-50.4375,3.625],[-50.3125,3.625],[-50.25,3.5],[-50.125,3.5],[-50.125,3.4375],[-49.9375,3.4375],[-49.875,3.3125],[-49.75,3.3125],[-49.75,3.25],[-49.625,3.25],[-49.625,3.1875],[-49.5625,3.1875],[-49.5625,3.0625],[-49.5,3.0625],[-49.4375,2.9375],[-49.3125,2.9375],[-49.3125,2.875],[-49.25,2.875],[-49.25,2.8125],[-49.1875,2.8125],[-49.1875,2.75],[-49.125,2.75],[-49.125,2.6875],[-49.0625,2.6875],[-49.0,2.5625],[-48.875,2.5625],[-48.875,2.4375],[-48.8125,2.4375],[-48.8125,2.25],[-48.75,2.25],[-48.75,2.1875],[-48.625,2.125],[-48.625,1.9375],[-48.5,1.875],[-48.5,1.75],[-48.375,1.6875],[-48.375,1.5625],[-48.3125,1.5625],[-48.3125,1.5],[-48.25,1.5],[-48.25,1.4375],[-48.1875,1.4375],[-48.1875,1.375],[-48.0625,1.3125],[-48.0625,1.1875],[-48.0,1.1875],[-48.0,1.0625],[-47.9375,1.0625],[-47.9375,0.9375],[-47.8125,0.9375],[-47.8125,0.875],[-47.6875,0.875],[-47.6875,0.8125],[-47.5625,0.8125],[-47.5625,0.75],[-47.3125,0.75],[-47.3125,0.875],[-47.25,0.875],[-47.25,1.0625],[-47.125,1.0625],[-47.125,1.0],[-46.6875,1.0],[-46.6875,0.9375],[-46.4375,0.9375],[-46.4375,0.875],[-46.25,0.875],[-46.25,1.0625],[-46.1875,1.0625],[-46.1875,0.875],[-46.0,0.875],[-46.0,0.9375],[-45.9375,0.9375],[-45.9375,0.875],[-45.6875,0.875],[-45.6875,0.75],[-45.9375,0.75],[-45.9375,0.5625],[-45.875,0.5625],[-45.875,0.5],[-45.6875,0.5],[-45.6875,0.4375],[-45.625,0.4375],[-45.625,0.3125],[-45.5,0.3125],[-45.4375,0.1875],[-45.3125,0.1875],[-45.25,0.0625],[-45.0625,0.0625],[-45.0,-0.0625],[-44.875,-0.0625],[-44.875,-0.125],[-44.75,-0.125],[-44.75,-0.1875],[-44.375,-0.1875],[-44.375,-0.25],[-44.3125,-0.25],[-44.3125,-0.3125],[-44.25,-0.3125],[-44.1875,-0.4375],[-43.9375,-0.4375],[-43.9375,-0.5],[-44.0,-0.5],[-44.0,-0.6875],[-43.9375,-0.6875],[-43.9375,-0.8125],[-43.8125,-0.875],[-43.8125,-1.0],[-43.625,-1.0],[-43.625,-0.9375],[-43.5625,-0.9375],[-43.5625,-1.0625],[-43.75,-1.0625],[-43.75,-1.25],[-43.6875,-1.25],[-43.6875,-1.375],[-43.625,-1.375],[-43.625,-1.4375],[-43.5625,-1.4375],[-43.5625,-1.5],[-43.4375,-1.5625],[-43.4375,-1.6875],[-43.375,-1.6875],[-43.375,-1.8125],[-43.25,-1.875],[-43.25,-2.0625],[-43.3125,-2.0625],[-43.3125,-2.3125],[-43.5,-2.3125],[-43.5,-2.25],[-43.6875,-2.25],[-43.6875,-2.2654],[-43.7154,-2.2892],[-43.7249,-2.3125],[-43.75,-2.3125],[-43.75,-2.375],[-43.875,-2.4375],[-43.875,-2.5625],[-43.9121,-2.5625],[-43.9232,-2.5468],[-43.9584,-2.6007],[-43.9464,-2.625],[-43.9759,-2.6103],[-43.9989,-2.625],[-44.0625,-2.625],[-44.0625,-2.5517],[-44.0494,-2.5529],[-44.0327,-2.5133],[-44.0419,-2.4704],[-44.0494,-2.4704],[-44.0562,-2.5051],[-44.0625,-2.4383],[-44.0289,-2.443],[-44.0344,-2.4152],[-44.053,-2.4],[-44.073,-2.3995],[-44.0829,-2.4164],[-44.1115,-2.4158],[-44.1547,-2.4375],[-44.25,-2.4375],[-44.25,-2.473],[-44.2926,-2.4811],[-44.3008,-2.5],[-44.3125,-2.5],[-44.3125,-2.5318],[-44.3452,-2.5258],[-44.3681,-2.5496],[-44.351,-2.6628],[-44.3578,-2.6628],[-44.3647,-2.6287],[-44.4062,-2.7789],[-44.392,-2.7931],[-44.4043,-2.8049],[-44.4088,-2.8922],[-44.4242,-2.9345],[-44.4375,-2.9375],[-44.4375,-2.9549],[-44.4686,-2.9866],[-44.4739,-3.0017],[-44.5292,-3.0322],[-44.5419,-3.0522],[-44.5625,-3.0625],[-44.5625,-3.0089],[-44.5382,-2.97],[-44.4973,-2.9493],[-44.5057,-2.9151],[-44.4881,-2.872],[-44.4808,-2.7931],[-44.5,-2.8145],[-44.484,-2.7612],[-44.4808,-2.7044],[-44.5,-2.7142],[-44.5,-2.625],[-44.5625,-2.625],[-44.5625,-2.5787],[-44.5482,-2.5553],[-44.4875,-2.525],[-44.5,-2.5],[-44.4375,-2.5],[-44.4375,-2.4071],[-44.3954,-2.4021],[-44.3734,-2.3774],[-44.3625,-2.3103],[-44.375,-2.2856],[-44.375,-2.1875],[-44.25,-2.1875],[-44.25,-1.6875],[-44.3125,-1.6875],[-44.3125,-1.5625],[-44.375,-1.5625],[-44.375,-1.5],[-44.5,-1.4375],[-44.5,-1.3125],[-44.625,-1.3125],[-44.625,-1.25],[-44.6875,-1.25],[-44.6875,-1.125],[-44.75,-1.125],[-44.75,-1.0625]],[[-50.5257,2.1377],[-50.5202,2.1154],[-50.4979,2.1074],[-50.4733,2.1078],[-50.4576,2.1205],[-50.4247,2.1197],[-50.4152,2.1269],[-50.4305,2.165],[-50.4633,2.1869],[-50.5136,2.1873],[-50.5417,2.1679],[-50.553,2.1513],[-50.5257,2.1377]]],[[[-15.875,10.375],[-16.0,10.375],[-16.0,10.4375],[-16.125,10.4375],[-16.125,10.5],[-16.25,10.5],[-16.25,10.5625],[-16.3125,10.5625],[-16.3125,10.625],[-16.375,10.625],[-16.375,10.6875],[-16.4375,10.6875],[-16.4375,10.75],[-16.5,10.75],[-16.5,10.8125],[-16.625,10.875],[-16.625,11.0],[-16.6875,11.0],[-16.6875,11.0625],[-16.8125,11.125],[-16.8125,11.25],[-16.875,11.25],[-16.875,11.4375],[-16.9375,11.4375],[-16.9375,11.8125],[-17.0,11.8125],[-17.0,12.0625],[-16.9375,12.0625],[-16.9375,11.875],[-16.6875,11.875],[-16.6875,11.75],[-16.375,11.75],[-16.375,11.875],[-16.1875,11.875],[-16.1875,11.8125],[-16.1563,11.8125],[-16.1212,11.7998],[-16.0836,11.7551],[-16.0517,11.7622],[-16.0414,11.7551],[-16.0294,11.7692],[-16.0173,11.8125],[-15.952,11.8125],[-15.9696,11.7683],[-15.959,11.7348],[-15.9055,11.7619],[-15.8952,11.8125],[-15.8796,11.8125],[-15.88,11.7744],[-15.8605,11.7694],[-15.8502,11.7753],[-15.8308,11.8125],[-15.8142,11.8125],[-15.8304,11.7484],[-15.8125,11.7529],[-15.8125,11.6875],[-15.875,11.6875],[-15.875,11.5],[-15.6938,11.5],[-15.7137,11.4678],[-15.7355,11.4694],[-15.7404,11.4604],[-15.7209,11.4427],[-15.6857,11.4535],[-15.6796,11.4404],[-15.6527,11.4661],[-15.6584,11.4739],[-15.6516,11.4882],[-15.6614,11.4894],[-15.6614,11.5],[-15.625,11.5],[-15.625,11.525],[-15.5758,11.5224],[-15.5625,11.5129],[-15.5625,11.3125],[-15.5,11.3125],[-15.5,11.25],[-15.4123,11.25],[-15.4095,11.1896],[-15.375,11.1744],[-15.375,11.0625],[-15.2293,11.0625],[-15.2711,11.0392],[-15.2699,11.0285],[-15.242,11.0],[-15.3125,11.0],[-15.3125,10.625],[-15.1875,10.625],[-15.1875,10.5625],[-14.9375,10.5625],[-14.9375,10.5],[-14.75,10.5],[-14.75,10.3125],[-15.25,10.3125],[-15.25,10.375],[-15.375,10.375],[-15.375,10.4375],[-15.5625,10.4375],[-15.5625,10.3125],[-15.625,10.3125],[-15.625,10.25],[-15.75,10.25],[-15.75,10.3125],[-15.875,10.3125],[-15.875,10.375]],[[-16.0938,11.25],[-16.125,11.1769],[-16.1383,11.1866],[-16.1619,11.1662],[-16.1697,11.1323],[-16.179,11.125],[-16.2065,11.125],[-16.1867,11.132],[-16.2017,11.1356],[-16.225,11.125],[-16.3125,11.125],[-16.3125,10.9375],[-16.0625,10.9375],[-16.0625,11.045],[-16.0557,11.0495],[-16.0609,11.0625],[-15.9813,11.0625],[-15.9782,11.0481],[-15.9632,11.0562],[-15.9264,11.0514],[-15.8827,11.0606],[-15.8776,11.0736],[-15.8865,11.088],[-15.875,11.0938],[-15.875,11.2029],[-15.8465,11.201],[-15.8376,11.214],[-15.8365,11.2555],[-15.8258,11.2927],[-15.8312,11.303],[-15.8571,11.3027],[-15.8808,11.2806],[-15.8958,11.25],[-16.0938,11.25]],[[-16.5,11.375],[-16.5,11.5625],[-16.6875,11.5625],[-16.6875,11.375],[-16.5,11.375]],[[-15.6995,11.3058],[-15.7235,11.299],[-15.7367,11.2755],[-15.754,11.2759],[-15.754,11.2555],[-15.7751,11.2338],[-15.7595,11.2219],[-15.782,11.2003],[-15.7733,11.1731],[-15.7638,11.1679],[-15.754,11.1791],[-15.7342,11.1791],[-15.7268,11.1661],[-15.7203,11.1956],[-15.7268,11.2208],[-15.7145,11.2249],[-15.7062,11.2145],[-15.6986,11.2209],[-15.6857,11.2412],[-15.6932,11.2555],[-15.6788,11.2541],[-15.6634,11.2299],[-15.6584,11.2338],[-15.6584,11.3027],[-15.6995,11.3058]],[[-16.1728,11.2446],[-16.1513,11.2555],[-16.1544,11.2892],[-16.1588,11.2965],[-16.1975,11.2984],[-16.2065,11.3101],[-16.2487,11.2944],[-16.2625,11.2786],[-16.2611,11.2617],[-16.2779,11.2524],[-16.2828,11.2307],[-16.2385,11.2153],[-16.173,11.2208],[-16.1728,11.2446]],[[-16.214,11.4404],[-16.1642,11.4961],[-16.1655,11.5156],[-16.2367,11.508],[-16.2554,11.4827],[-16.3021,11.4535],[-16.214,11.4404]],[[-16.2755,11.4955],[-16.2445,11.5522],[-16.2413,11.5702],[-16.248,11.5838],[-16.2679,11.5769],[-16.2828,11.5838],[-16.31,11.5535],[-16.3892,11.5477],[-16.4263,11.5292],[-16.412,11.5224],[-16.4194,11.4882],[-16.3915,11.5019],[-16.3368,11.5019],[-16.3138,11.4805],[-16.2755,11.4955]],[[-16.0221,11.5122],[-16.0836,11.4678],[-16.0352,11.42],[-16.0159,11.4283],[-16.0011,11.4473],[-15.9874,11.433],[-15.9812,11.4473],[-15.9738,11.4473],[-15.9657,11.4267],[-15.898,11.4535],[-15.9134,11.4984],[-15.9104,11.5227],[-15.898,11.5429],[-15.9093,11.5517],[-15.9061,11.5784],[-15.9184,11.5913],[-15.9224,11.578],[-15.9309,11.5787],[-15.9396,11.6049],[-15.9523,11.6068],[-16.0013,11.569],[-16.0221,11.5122]]],[[[-15.6786,11.5],[-15.6857,11.4945],[-15.6913,11.5],[-15.6786,11.5]]],[[[-15.625,11.625],[-15.5625,11.625],[-15.5625,11.577],[-15.5857,11.5775],[-15.6074,11.5501],[-15.625,11.5412],[-15.625,11.625]]],[[[-15.5625,11.5403],[-15.5697,11.5429],[-15.5697,11.5497],[-15.5625,11.5493],[-15.5625,11.5403]]],[[[-15.1875,11.0],[-15.217,11.0],[-15.1875,11.0355],[-15.1875,11.0]]],[[[-16.875,19.75],[-16.9375,19.75],[-16.9375,19.8125],[-17.0625,19.875],[-17.0625,20.0625],[-17.125,20.0625],[-17.125,20.1875],[-17.0625,20.1875],[-17.0625,20.125],[-16.875,20.125],[-16.875,20.25],[-16.8125,20.25],[-16.8125,19.9375],[-16.75,19.9375],[-16.75,19.875],[-16.5625,19.875],[-16.5625,19.8125],[-16.5,19.8125],[-16.5,19.75],[-16.6875,19.75],[-16.6875,19.5625],[-16.75,19.5625],[-16.75,19.625],[-16.8125,19.625],[-16.8125,19.6875],[-16.875,19.6875],[-16.875,19.75]]],[[[-28.4375,30.0],[-28.4375,29.8125],[-28.5625,29.875],[-28.5625,30.0625],[-28.4375,30.0]]],[[[-13.4375,64.25],[-13.0625,64.25],[-13.0625,64.3125],[-12.875,64.3125],[-12.9375,64.1875],[-13.4375,64.1875],[-13.4375,64.25]]],[[[-14.125,64.375],[-14.5625,64.375],[-14.5256,64.4345],[-14.5105,64.4423],[-14.5093,64.4719],[-14.4751,64.5],[-14.375,64.5],[-14.375,64.4375],[-14.125,64.4375],[-14.125,64.375]]],[[[-13.75,64.875],[-13.75,64.9119],[-13.6983,64.9252],[-13.7153,64.9375],[-13.5,64.9375],[-13.5,65.1875],[-13.3125,65.1875],[-13.3125,65.25],[-13.0625,65.25],[-13.0625,65.125],[-13.0,65.125],[-13.0,65.0625],[-13.25,65.0625],[-13.25,65.0],[-13.375,65.0],[-13.375,64.8125],[-13.1875,64.8125],[-13.1875,64.5625],[-13.3125,64.5625],[-13.3125,64.625],[-13.5,64.625],[-13.5,64.6875],[-13.6875,64.6875],[-13.6875,64.75],[-13.8125,64.75],[-13.8541,64.8333],[-13.8189,64.8328],[-13.7669,64.8538],[-13.7844,64.875],[-13.75,64.875]]],[[[-24.375,65.4375],[-24.4375,65.4375],[-24.4375,65.4904],[-24.375,65.4932],[-24.375,65.4375]]],[[[-24.5295,65.5],[-24.6875,65.5],[-24.6875,65.4375],[-24.8125,65.4375],[-24.8125,65.5625],[-24.875,65.5625],[-24.875,65.625],[-24.5625,65.625],[-24.5625,65.6875],[-24.3125,65.6875],[-24.3125,65.6369],[-24.3658,65.6179],[-24.3754,65.5694],[-24.4516,65.5452],[-24.496,65.519],[-24.5399,65.508],[-24.5295,65.5]]],[[[-38.0,65.875],[-38.0,65.9375],[-37.9375,65.9375],[-37.9375,66.0625],[-37.875,66.0625],[-37.875,66.0],[-37.7917,66.0],[-37.7308,65.9809],[-37.7587,65.953],[-37.8065,65.9326],[-37.8381,65.8959],[-37.8542,65.8916],[-37.8542,65.8848],[-37.8293,65.8787],[-37.786,65.9052],[-37.75,65.9115],[-37.75,65.8857],[-37.8236,65.8711],[-37.8378,65.8615],[-37.8599,65.8165],[-37.875,65.8125],[-37.8754,65.8022],[-37.9543,65.7964],[-37.9873,65.7006],[-37.9723,65.6875],[-38.125,65.6875],[-38.125,65.7688],[-38.1112,65.7718],[-38.1009,65.7986],[-38.1061,65.8107],[-38.125,65.8165],[-38.125,65.875],[-38.0,65.875]]],[[[-37.6875,65.9375],[-37.6951,65.9375],[-37.6898,65.9468],[-37.6875,65.9466],[-37.6875,65.9375]]],[[[-23.75,66.0764],[-23.7926,66.0704],[-23.8024,66.0625],[-24.125,66.0625],[-24.125,66.125],[-23.75,66.125],[-23.75,66.0764]]],[[[-19.1875,78.0625],[-19.1875,78.0798],[-19.1639,78.0766],[-19.1139,78.0613],[-19.1071,78.0429],[-19.125,78.0236],[-19.125,78.0625],[-19.1875,78.0625]]],[[[-19.1875,78.125],[-19.0,78.125],[-18.999,78.1229],[-19.1526,78.1088],[-19.1875,78.1121],[-19.1875,78.125]]],[[[-18.9375,78.0],[-18.9797,78.0],[-18.9461,78.0173],[-18.9375,78.0]]],[[[24.5,-70.5],[24.3481,-70.5],[24.3125,-70.4801],[24.3125,-70.4375],[24.2127,-70.4375],[24.125,-70.413],[24.125,-70.375],[24.5,-70.375],[24.5,-70.3125],[24.75,-70.3125],[24.75,-70.375],[25.25,-70.375],[25.25,-70.4375],[25.125,-70.4375],[25.125,-70.5],[24.5625,-70.5],[24.5625,-70.5625],[24.5,-70.5625],[24.5,-70.5]]],[[[51.4375,-46.75],[51.4375,-46.625],[51.6875,-46.625],[51.6875,-46.75],[51.4375,-46.75]]],[[[42.75,-46.125],[42.75,-46.3125],[42.6875,-46.3125],[42.6875,-46.25],[42.5625,-46.25],[42.5625,-46.125],[42.75,-46.125]]],[[[42.4375,-46.0],[42.4375,-46.0625],[42.125,-46.0625],[42.125,-46.0],[42.25,-45.9375],[42.25,-46.0],[42.4375,-46.0]]],[[[43.8125,-24.6875],[43.75,-24.6875],[43.75,-24.625],[43.875,-24.625],[43.875,-24.5688],[43.9183,-24.6191],[43.928,-24.6524],[43.9183,-24.742],[43.9285,-24.7746],[43.9587,-24.8125],[43.8125,-24.8125],[43.8125,-24.6875]]],[[[35.125,-20.9375],[35.125,-20.8125],[35.0625,-20.8125],[35.0625,-20.75],[34.9375,-20.6875],[34.9375,-20.5625],[35.0,-20.5625],[35.0,-20.4375],[35.25,-20.4375],[35.25,-20.3125],[35.3125,-20.3125],[35.3125,-20.1875],[35.375,-20.1875],[35.375,-20.0625],[35.4375,-20.0625],[35.4375,-20.4375],[35.625,-20.4375],[35.625,-20.375],[35.6875,-20.375],[35.6875,-20.1875],[35.8125,-20.1875],[35.8125,-19.9375],[35.9375,-19.9375],[35.9375,-19.875],[36.0,-19.875],[36.0,-19.8125],[36.0625,-19.8125],[36.0625,-19.75],[36.1875,-19.6875],[36.1875,-19.5625],[36.375,-19.5625],[36.375,-19.5],[36.5,-19.4375],[36.5,-19.25],[36.6875,-19.25],[36.6875,-19.1875],[36.75,-19.1875],[36.75,-19.0],[36.875,-19.0],[36.875,-19.125],[36.8125,-19.125],[36.8125,-19.25],[36.75,-19.25],[36.75,-19.375],[36.625,-19.4375],[36.625,-19.625],[36.4688,-19.625],[36.4375,-19.6875],[36.4375,-19.75],[36.375,-19.75],[36.375,-19.8125],[36.25,-19.8125],[36.25,-19.875],[36.1875,-19.9062],[36.1875,-19.9375],[36.125,-19.9375],[36.125,-20.125],[36.0625,-20.1562],[36.0625,-20.1875],[36.0,-20.2188],[36.0,-20.3125],[35.9375,-20.3125],[35.9375,-20.4375],[35.875,-20.4375],[35.875,-20.5625],[35.8125,-20.5625],[35.8125,-20.625],[35.75,-20.625],[35.75,-20.6875],[35.6875,-20.6875],[35.6875,-20.75],[35.625,-20.75],[35.625,-20.8125],[35.5,-20.875],[35.5,-21.0625],[35.4375,-21.0625],[35.4375,-20.75],[35.25,-20.75],[35.25,-20.8125],[35.1875,-20.8125],[35.1875,-20.9375],[35.125,-20.9375]]],[[[43.4375,-17.5],[43.4375,-17.75],[43.375,-17.75],[43.375,-17.5625],[43.3125,-17.5625],[43.3125,-17.4375],[43.25,-17.4375],[43.25,-17.375],[43.375,-17.3125],[43.375,-17.5],[43.4375,-17.5]]],[[[43.8125,-16.375],[43.8125,-16.5],[43.75,-16.5],[43.75,-16.625],[43.625,-16.625],[43.625,-16.6875],[43.375,-16.6875],[43.375,-16.625],[43.5625,-16.625],[43.5625,-16.5625],[43.625,-16.5625],[43.625,-16.5],[43.6875,-16.5],[43.6875,-16.4375],[43.8125,-16.375]]],[[[50.6875,-10.3125],[50.625,-10.3125],[50.625,-10.5],[50.5,-10.5],[50.5,-10.375],[50.5625,-10.375],[50.5625,-10.25],[50.6875,-10.25],[50.6875,-10.3125]]],[[[51.25,-9.6875],[51.125,-9.625],[51.125,-9.5],[51.375,-9.5],[51.375,-9.5625],[51.25,-9.5625],[51.25,-9.6875]]],[[[52.4375,12.25],[52.5,12.25],[52.5,12.125],[52.4375,12.125],[52.4375,12.1875],[52.3946,12.1875],[52.3895,12.1973],[52.3747,12.2006],[52.3194,12.1883],[52.2892,12.2008],[52.1875,12.2109],[52.1875,12.25],[52.3125,12.25],[52.3125,12.3125],[52.4375,12.3125],[52.4375,12.25]]],[[[50.9981,25.9678],[50.9842,25.9813],[50.9829,25.9602],[50.9375,25.9375],[50.9375,25.8083],[50.9236,25.8052],[50.9155,25.7864],[50.9017,25.7895],[50.9073,25.75],[50.7912,25.75],[50.7832,25.7558],[50.7773,25.75],[50.6875,25.75],[50.6875,25.8125],[50.625,25.8125],[50.625,26.0625],[50.6875,26.0625],[50.6875,26.125],[50.875,26.125],[50.875,26.0625],[51.0625,26.0625],[51.0274,26.0269],[51.0066,25.9721],[50.9981,25.9678]]],[[[50.3125,26.375],[50.4375,26.375],[50.4375,26.3125],[50.5625,26.3125],[50.5625,26.25],[50.5,26.25],[50.5,26.2421],[50.4815,26.2426],[50.4612,26.2252],[50.4489,26.1616],[50.4685,26.125],[50.4227,26.125],[50.4192,26.1661],[50.3977,26.1747],[50.3827,26.1597],[50.3853,26.125],[50.1875,26.125],[50.1875,26.163],[50.2103,26.1875],[50.25,26.1875],[50.25,26.4375],[50.3125,26.4375],[50.3125,26.375]]],[[[51.3125,27.8125],[51.25,27.8125],[51.25,28.0],[51.3735,28.0],[51.3999,27.9317],[51.4204,27.9332],[51.4282,27.9611],[51.4521,27.9475],[51.5,27.875],[51.5732,27.875],[51.5851,27.8493],[51.7228,27.8251],[51.8125,27.8412],[51.8125,27.625],[51.875,27.625],[51.875,27.5625],[51.8125,27.5625],[51.75,27.4375],[51.375,27.4375],[51.375,27.625],[51.3125,27.625],[51.3125,27.8125]]],[[[37.0,64.4375],[37.0641,64.4375],[37.1215,64.3947],[37.3125,64.3464],[37.3125,64.3125],[37.0,64.3125],[37.0,64.4375]]],[[[36.0,64.5],[36.125,64.5],[36.125,64.5625],[36.375,64.5625],[36.375,64.625],[36.5625,64.625],[36.5625,64.7175],[36.6441,64.7189],[36.6875,64.7096],[36.6875,64.6875],[36.7324,64.6875],[36.7441,64.681],[36.8125,64.6134],[36.8125,64.3125],[36.6875,64.3125],[36.6875,64.5],[36.4375,64.5],[36.4375,64.4375],[36.25,64.4375],[36.25,64.25],[36.3125,64.25],[36.3125,64.1875],[36.1348,64.1875],[36.125,64.1927],[36.125,64.375],[36.0253,64.375],[35.9375,64.4071],[35.9375,64.4375],[36.0,64.4375],[36.0,64.5]]],[[[35.375,65.1875],[35.5625,65.1875],[35.5625,65.15],[35.5241,65.1445],[35.5061,65.1213],[35.5052,65.0956],[35.5463,65.0625],[35.4375,65.0625],[35.4375,65.0],[35.1875,65.0],[35.1875,64.8125],[35.3125,64.8125],[35.3125,64.75],[35.0,64.7505],[35.0,64.8125],[35.125,64.875],[35.125,64.9229],[35.1549,64.9256],[35.125,64.9483],[35.125,65.0625],[35.3125,65.0625],[35.375,65.1875]],[[35.1452,64.9505],[35.1524,64.9405],[35.1737,64.9417],[35.1631,64.9526],[35.1452,64.9505]]],[[[36.5,64.8125],[36.1875,64.8125],[36.1875,64.875],[36.0,64.875],[36.0,64.9375],[35.875,64.9375],[35.875,65.1875],[35.9646,65.1875],[35.9499,65.181],[35.9422,65.1546],[35.952,65.1464],[36.0,65.1374],[36.0,65.0625],[36.1875,65.0625],[36.1875,65.1386],[36.261,65.1545],[36.1875,65.1553],[36.1875,65.1875],[36.375,65.1875],[36.375,65.0625],[36.4375,65.0625],[36.4375,65.0],[36.5625,65.0],[36.5625,64.9375],[36.466,64.9341],[36.44,64.9171],[36.4729,64.8656],[36.5,64.8496],[36.5,64.8125]],[[35.9958,65.0551],[35.9274,65.0541],[35.8919,65.0407],[35.906,65.0218],[35.9206,65.0212],[36.0051,65.0265],[36.0256,65.0366],[36.0239,65.0457],[35.9958,65.0551]]],[[[35.9917,65.1875],[36.0,65.1844],[35.9901,65.1835],[35.9917,65.1875]]],[[[35.125,65.125],[35.125,65.0625],[34.9375,65.0625],[34.9375,65.0],[34.8125,65.0],[34.8125,65.125],[35.125,65.125]]],[[[41.3125,67.0],[41.375,67.0],[41.375,67.1053],[41.3904,67.1249],[41.375,67.1394],[41.375,67.25],[41.25,67.25],[41.25,67.3125],[41.1875,67.3125],[41.1875,67.4375],[41.125,67.4401],[41.125,67.5625],[41.0625,67.5625],[41.0625,67.75],[40.8125,67.75],[40.8125,67.8125],[40.5625,67.8125],[40.5312,67.875],[40.4107,67.875],[40.375,67.8957],[40.375,67.9375],[40.25,67.9375],[40.25,68.0],[40.0797,68.0],[40.0574,68.0103],[40.0312,68.0625],[40.0,68.0625],[40.0,68.125],[39.8701,68.1293],[39.7932,68.1647],[39.7219,68.1733],[39.7098,68.1688],[39.7861,68.125],[39.6875,68.125],[39.6875,68.3125],[39.625,68.3125],[39.625,68.375],[39.75,68.375],[39.75,68.4375],[40.0625,68.4375],[40.0625,68.5],[40.625,68.5],[40.625,68.5625],[40.6875,68.5625],[40.6875,68.5],[40.875,68.5],[40.875,68.5625],[41.1875,68.5625],[41.1875,68.625],[41.4375,68.625],[41.4375,68.6875],[41.625,68.6875],[41.625,68.625],[42.3125,68.625],[42.3125,68.5625],[42.75,68.5625],[42.75,68.625],[42.875,68.625],[42.875,68.6875],[43.0,68.6875],[43.0,68.75],[43.375,68.75],[43.375,68.6875],[43.3125,68.6875],[43.3125,68.6657],[43.2737,68.6582],[43.3125,68.6222],[43.3125,68.5625],[42.9375,68.5625],[42.9375,68.5],[42.75,68.5],[42.75,68.375],[42.6875,68.375],[42.6875,68.1875],[42.75,68.1875],[42.75,68.125],[42.9375,68.125],[42.9375,68.0625],[43.5625,68.0625],[43.5625,68.0],[43.8125,68.0],[43.8125,67.9375],[43.875,67.9375],[43.875,67.625],[43.9375,67.625],[43.9375,67.5062],[43.875,67.4688],[43.873,67.4375],[43.8125,67.4375],[43.8125,67.3666],[43.793,67.3434],[43.7667,67.2777],[43.7614,67.2211],[43.8153,67.1775],[43.9169,67.161],[44.0396,67.1674],[44.125,67.1504],[44.125,67.125],[44.1875,67.125],[44.1875,67.0],[44.125,67.0],[44.125,66.8125],[44.0625,66.8125],[44.0625,66.75],[43.9375,66.75],[43.9375,66.6875],[43.8125,66.6875],[43.8125,66.625],[43.6875,66.625],[43.6875,66.5625],[43.5625,66.5625],[43.5625,66.375],[43.5,66.375],[43.5,66.4375],[42.6875,66.4375],[42.6875,66.5],[42.4375,66.5],[42.4375,66.5625],[42.125,66.5625],[42.125,66.5079],[42.1147,66.5],[42.0625,66.5],[42.0175,66.4099],[41.9683,66.375],[41.9375,66.375],[41.9375,66.4375],[41.625,66.4375],[41.625,66.3125],[41.5,66.3125],[41.5,66.1875],[41.3125,66.1875],[41.3125,66.0625],[40.8125,66.0625],[40.8125,66.0],[40.6875,66.0],[40.6875,65.9601],[40.6454,65.9375],[40.5625,65.9375],[40.5625,65.8789],[40.5571,65.875],[40.4375,65.875],[40.4375,65.8125],[40.3125,65.8125],[40.3125,65.75],[40.125,65.75],[40.125,65.6875],[39.875,65.6875],[39.875,65.625],[39.8125,65.625],[39.7907,65.5814],[39.7385,65.5388],[39.7203,65.5],[39.625,65.5],[39.625,65.625],[39.5,65.625],[39.5,65.6875],[39.3125,65.6875],[39.3125,65.75],[39.125,65.75],[39.125,65.8125],[39.0,65.8125],[39.0,65.875],[38.6875,65.875],[38.6875,65.9375],[38.5625,65.9375],[38.5625,66.0],[38.375,66.0],[38.375,66.0625],[38.5544,66.055],[38.6149,66.0625],[39.0,66.0625],[39.0,66.1091],[39.064,66.1039],[39.3436,66.1347],[39.4652,66.1796],[39.625,66.1875],[39.625,66.1979],[39.7044,66.2069],[39.875,66.25],[40.0,66.25],[40.0,66.2731],[40.085,66.2888],[40.1279,66.3125],[40.1875,66.3125],[40.1875,66.3395],[40.2887,66.375],[40.375,66.375],[40.375,66.3907],[40.4443,66.4055],[40.5016,66.4375],[40.5625,66.4375],[40.5625,66.4549],[40.6021,66.4965],[40.6875,66.5],[40.7007,66.5265],[40.7192,66.5419],[40.7163,66.5576],[40.7298,66.5847],[40.745,66.5974],[40.82,66.625],[40.875,66.625],[40.875,66.6573],[40.9435,66.6875],[41.0,66.6875],[41.0,66.7208],[41.0529,66.75],[41.125,66.75],[41.125,66.7804],[41.181,66.8125],[41.25,66.8125],[41.25,66.875],[41.3125,66.875],[41.3125,67.0]],[[42.5848,66.7703],[42.5045,66.7779],[42.4549,66.7737],[42.4265,66.752],[42.4417,66.7295],[42.4834,66.7073],[42.5826,66.6785],[42.668,66.6667],[42.681,66.6819],[42.6649,66.7232],[42.6302,66.7556],[42.5848,66.7703]],[[40.6787,66.4839],[40.6878,66.4899],[40.6799,66.4881],[40.6787,66.4839]]],[[[47.25,68.25],[47.4375,68.25],[47.4375,68.1875],[47.5625,68.1875],[47.5625,68.125],[47.75,68.125],[47.75,68.0625],[47.8125,68.0625],[47.8125,68.0],[47.9375,67.9375],[47.9375,67.8125],[48.0625,67.75],[48.0129,67.6507],[47.9246,67.625],[47.875,67.625],[47.875,67.6098],[47.8146,67.5814],[47.8247,67.5603],[47.875,67.5228],[47.875,67.3904],[47.7931,67.3606],[47.7704,67.3378],[47.7764,67.3125],[47.75,67.3125],[47.75,67.2297],[47.6951,67.2047],[47.6923,67.1875],[47.5625,67.1875],[47.5625,67.25],[46.5625,67.25],[46.5625,67.3125],[46.3125,67.3125],[46.3125,67.375],[46.1875,67.375],[46.1875,67.4375],[46.0625,67.4375],[46.0625,67.5],[46.0,67.5],[46.0,67.75],[46.125,67.75],[46.125,67.7878],[46.3116,67.8125],[46.6611,67.8074],[46.6983,67.8165],[46.722,67.8449],[46.7026,67.8917],[46.6875,67.9065],[46.6875,68.0625],[46.625,68.0625],[46.625,68.125],[46.5,68.1875],[46.5,68.375],[46.1875,68.375],[46.1875,68.4375],[46.125,68.4375],[46.125,68.5],[46.0,68.5],[46.0,68.5625],[46.375,68.5625],[46.375,68.5],[46.5,68.5],[46.5,68.4375],[46.625,68.4375],[46.625,68.375],[47.0,68.375],[47.0,68.3125],[47.25,68.3125],[47.25,68.25]]],[[[14.0996,68.2956],[14.0672,68.2967],[14.0996,68.2958],[14.0996,68.2956]]],[[[14.2832,68.3004],[14.2993,68.3004],[14.2976,68.2956],[14.2832,68.3004]]],[[[14.2744,68.3028],[14.3001,68.3028],[14.3,68.3024],[14.2744,68.3028]]],[[[30.987,70.4644],[31.0052,70.4644],[31.0052,70.432],[30.987,70.432],[30.987,70.4644]]],[[[18.75,75.375],[19.0625,75.375],[19.0625,75.4375],[19.125,75.4375],[19.1875,75.3125],[20.0,75.3125],[20.0,75.375],[20.4375,75.375],[20.4375,75.4375],[20.6875,75.4375],[20.6875,75.5],[21.0625,75.5],[21.0625,75.5625],[21.1875,75.5625],[21.1875,75.75],[20.9375,75.75],[20.9375,75.8125],[20.125,75.8125],[20.125,75.875],[21.25,75.875],[21.25,75.9375],[21.5,75.9375],[21.5,76.0],[21.875,76.0],[21.875,75.875],[21.5625,75.875],[21.5625,75.5],[21.4375,75.5],[21.4375,75.4375],[21.3125,75.375],[21.3125,75.3125],[21.1875,75.3125],[21.125,75.1875],[21.0,75.1875],[21.0,75.125],[20.875,75.125],[20.8125,75.0],[20.5625,75.0],[20.4375,74.75],[20.1875,74.75],[20.1875,74.6875],[20.0625,74.6875],[20.0625,74.625],[19.9375,74.625],[19.9375,74.5625],[19.8125,74.5625],[19.8125,74.5],[19.75,74.5],[19.75,74.4375],[19.6875,74.4375],[19.625,74.3125],[19.4375,74.3125],[19.4375,74.25],[19.3125,74.25],[19.3125,74.1875],[19.125,74.1875],[19.125,74.125],[18.875,74.125],[18.875,74.0625],[18.8125,74.0625],[18.8125,74.125],[18.6875,74.125],[18.6875,74.1875],[18.5625,74.1875],[18.5625,74.25],[18.4375,74.3125],[18.4375,74.5625],[18.625,74.5625],[18.625,74.6875],[18.8125,74.6875],[18.8125,74.625],[19.0,74.625],[19.0,74.6875],[19.125,74.6875],[19.125,74.75],[19.3125,74.75],[19.3125,74.8125],[19.6875,74.8125],[19.6875,75.0625],[19.3125,75.0625],[19.3125,75.0],[19.25,75.0],[19.25,75.0625],[18.5625,75.0625],[18.5625,75.1875],[18.1875,75.1875],[18.1875,75.25],[18.3125,75.25],[18.3125,75.4375],[18.75,75.4375],[18.75,75.375]],[[19.0,74.5169],[18.8748,74.5162],[18.8205,74.5041],[18.7898,74.4782],[18.8655,74.4304],[18.9631,74.3861],[19.0266,74.373],[19.047,74.3513],[19.0737,74.3474],[19.1951,74.369],[19.1878,74.3758],[19.2349,74.3991],[19.2368,74.4186],[19.2834,74.444],[19.28,74.4608],[19.2974,74.4811],[19.2508,74.4895],[19.1875,74.5151],[19.1875,74.5625],[19.0,74.5625],[19.0,74.5169]]],[[[16.8125,76.375],[16.125,76.375],[16.125,76.4375],[16.0,76.5],[16.0625,76.625],[16.3258,76.625],[16.3368,76.6164],[16.2959,76.596],[16.3171,76.5793],[16.3438,76.5724],[16.3635,76.5737],[16.3748,76.5927],[16.3984,76.5988],[16.4058,76.6164],[16.4309,76.6224],[16.5637,76.6067],[16.5593,76.5923],[16.5648,76.5833],[16.5907,76.578],[16.8096,76.5668],[17.0,76.6044],[17.0,76.5625],[17.0625,76.5625],[17.0625,76.5],[16.875,76.5],[16.8125,76.375]]],[[[17.0,76.6104],[16.9948,76.6164],[17.0,76.6221],[17.0,76.6104]]],[[[24.75,76.8125],[25.625,76.8125],[25.625,76.75],[25.6875,76.75],[25.6875,76.6875],[25.625,76.6875],[25.625,76.625],[25.5,76.625],[25.5,76.4375],[25.25,76.4375],[25.25,76.375],[24.6875,76.375],[24.6875,76.5625],[24.625,76.5625],[24.625,76.625],[24.5,76.625],[24.5,76.875],[24.625,76.9375],[24.625,76.875],[24.75,76.875],[24.75,76.8125]],[[25.4784,76.7121],[25.4163,76.6916],[25.4231,76.6841],[25.3545,76.6369],[25.0947,76.5441],[25.0322,76.5051],[24.9934,76.4934],[24.9473,76.4602],[24.9434,76.4451],[24.9793,76.4365],[25.0176,76.4396],[25.0319,76.4465],[25.0191,76.4687],[25.0472,76.498],[25.1812,76.5338],[25.2251,76.555],[25.2176,76.5681],[25.3913,76.6203],[25.5608,76.696],[25.5808,76.6984],[25.5808,76.7121],[25.4784,76.7121]]],[[[23.0,77.25],[22.9375,77.25],[22.9375,77.1875],[22.8125,77.1875],[22.8125,77.125],[22.75,77.125],[22.75,77.1875],[22.5625,77.1875],[22.5625,77.125],[22.4375,77.125],[22.4375,77.0625],[22.3125,77.0625],[22.3125,76.9375],[22.0625,76.9375],[22.0625,76.875],[21.6875,76.875],[21.6875,76.8125],[21.375,76.8125],[21.3125,76.6875],[21.25,76.6875],[21.25,76.75],[21.125,76.75],[21.125,76.8125],[21.1875,76.8125],[21.1875,76.9375],[21.4375,76.9375],[21.4375,77.0],[21.5625,77.0],[21.5625,77.0625],[21.75,77.0625],[21.875,77.3125],[22.375,77.3125],[22.375,77.4375],[22.4357,77.4375],[22.4109,77.4203],[22.4375,77.4025],[22.4375,77.3217],[22.3909,77.3039],[22.4016,77.284],[22.4297,77.2637],[22.7039,77.2373],[22.9222,77.2563],[23.0,77.2581],[23.0,77.25]]],[[[21.9556,78.25],[22.2713,78.2675],[22.2371,78.2818],[22.2433,78.2886],[22.229,78.3125],[22.3125,78.3125],[22.3125,78.25],[21.9556,78.25]]],[[[29.375,78.9375],[29.625,78.9375],[29.625,79.0],[29.75,79.0],[29.7008,78.9015],[29.6655,78.9206],[29.375,78.9048],[29.375,78.9375]]],[[[29.6875,78.875],[29.4557,78.875],[29.6987,78.8974],[29.6875,78.875]]],[[[31.375,80.0625],[31.375,80.125],[31.6445,80.125],[31.4963,80.1157],[31.4771,80.1039],[31.6111,80.0727],[32.0,80.092],[32.0,80.0625],[31.375,80.0625]]],[[[37.125,80.25],[37.125,80.1875],[37.1875,80.1875],[37.1875,80.125],[36.625,80.125],[36.625,80.0625],[36.5625,80.0625],[36.5625,80.125],[36.3125,80.125],[36.3125,80.1875],[36.0625,80.1875],[36.0625,80.25],[37.125,80.25]],[[36.6463,80.1455],[36.7859,80.1398],[36.8537,80.1519],[36.6526,80.1749],[36.5936,80.1588],[36.6463,80.1455]]],[[[27.375,80.25],[27.4375,80.25],[27.4375,80.1875],[27.5625,80.1875],[27.5625,80.125],[27.4375,80.125],[27.4375,80.0625],[27.3125,80.125],[27.375,80.25]]],[[[33.5625,80.3125],[33.5625,80.25],[33.0625,80.25],[33.0625,80.3125],[32.875,80.3125],[32.875,80.375],[33.125,80.375],[33.125,80.3125],[33.5625,80.3125]]],[[[73.6875,-53.1875],[73.5812,-53.1875],[73.6095,-53.1799],[73.6616,-53.1467],[73.6875,-53.1418],[73.6875,-53.1875]]],[[[73.5,-53.25],[73.0625,-53.25],[73.0625,-53.1875],[73.125,-53.1875],[73.125,-52.875],[73.25,-52.875],[73.25,-52.8125],[73.5625,-52.8125],[73.5625,-52.875],[73.75,-52.875],[73.75,-52.9375],[73.9375,-52.9375],[73.9375,-53.0],[74.0625,-53.0],[74.0625,-53.0625],[73.6875,-53.0625],[73.6875,-53.0892],[73.6326,-53.0441],[73.5642,-53.0168],[73.488,-53.0094],[73.447,-53.0281],[73.4256,-53.0253],[73.4129,-53.0094],[73.4265,-53.0032],[73.3996,-52.991],[73.3775,-53.017],[73.2969,-52.9616],[73.236,-52.982],[73.2537,-53.0151],[73.3644,-53.0373],[73.3533,-53.0517],[73.3713,-53.0646],[73.3638,-53.0748],[73.4041,-53.1393],[73.4402,-53.1733],[73.4734,-53.1892],[73.5,-53.1918],[73.5,-53.25]]],[[[72.625,-52.9375],[72.6875,-52.9375],[72.6875,-53.0625],[72.5625,-53.0625],[72.5625,-53.0],[72.5,-53.0],[72.5,-52.9375],[72.5625,-52.9375],[72.5625,-52.875],[72.625,-52.875],[72.625,-52.9375]]],[[[74.625,-52.625],[74.625,-52.6875],[74.5625,-52.6875],[74.5,-52.8125],[74.375,-52.8125],[74.375,-52.875],[74.25,-52.875],[74.25,-52.625],[74.375,-52.625],[74.4375,-52.5],[74.6875,-52.5],[74.6875,-52.625],[74.625,-52.625]]],[[[76.5625,-51.6875],[76.5,-51.6875],[76.5,-51.8125],[76.0625,-51.8125],[76.0625,-51.625],[76.0,-51.625],[76.0,-51.5],[75.9375,-51.5],[75.9375,-51.4375],[75.875,-51.4375],[75.8125,-51.3125],[76.0625,-51.3125],[76.0625,-51.5],[76.125,-51.5],[76.125,-51.625],[76.5625,-51.625],[76.5625,-51.6875]]],[[[70.6875,-51.1875],[70.75,-51.1875],[70.75,-51.25],[70.5,-51.25],[70.5,-51.1875],[70.4375,-51.1875],[70.4375,-51.125],[70.375,-51.125],[70.375,-51.0625],[70.3125,-51.0625],[70.25,-50.9375],[70.375,-50.9375],[70.4375,-51.0625],[70.6875,-51.0625],[70.6875,-51.1875]]],[[[64.875,-49.875],[64.875,-49.8125],[65.25,-49.8125],[65.25,-49.875],[64.875,-49.875]]],[[[69.1875,-48.625],[69.1875,-48.6875],[69.0773,-48.6875],[69.0607,-48.6711],[69.0755,-48.6584],[69.0156,-48.6546],[68.9568,-48.6715],[68.9459,-48.6875],[68.9375,-48.6875],[68.9375,-48.6998],[68.9207,-48.7228],[68.9347,-48.7364],[68.9332,-48.75],[68.8125,-48.75],[68.8125,-48.6875],[68.6875,-48.6875],[68.6875,-48.625],[68.625,-48.625],[68.625,-48.5],[68.75,-48.5],[68.75,-48.5625],[69.0,-48.5625],[69.0,-48.5],[69.125,-48.5],[69.125,-48.625],[69.1875,-48.625]],[[68.8308,-48.5774],[68.8186,-48.5667],[68.7951,-48.569],[68.781,-48.5846],[68.78,-48.6048],[68.79,-48.6159],[68.8286,-48.5927],[68.8308,-48.5774]]],[[[57.75,-20.125],[57.7448,-20.1051],[57.7088,-20.0899],[57.6875,-20.0437],[57.6875,-20.0],[57.625,-19.9823],[57.625,-19.6875],[57.6875,-19.6875],[57.6875,-19.75],[57.8125,-19.75],[57.8125,-20.0],[57.75,-20.0],[57.75,-20.125]]],[[[62.25,-19.5],[62.25,-19.5625],[62.3125,-19.5625],[62.375,-19.6875],[62.0625,-19.6875],[62.0625,-19.625],[62.0,-19.625],[62.0625,-19.5],[62.25,-19.5]]],[[[61.75,-19.5625],[61.75,-19.4375],[61.6875,-19.4375],[61.6875,-19.375],[61.75,-19.375],[61.75,-19.25],[61.8125,-19.25],[61.8125,-19.375],[61.875,-19.375],[61.875,-19.4375],[61.8125,-19.4375],[61.8125,-19.5625],[61.75,-19.5625]]],[[[59.6875,-15.8125],[59.8125,-15.8125],[59.8125,-15.75],[59.875,-15.75],[59.9375,-15.875],[60.0625,-15.875],[60.0625,-16.0],[59.8125,-16.0],[59.8125,-15.9375],[59.5625,-15.9375],[59.5625,-16.0],[59.5,-16.0],[59.5,-15.875],[59.6875,-15.875],[59.6875,-15.8125]]],[[[60.625,-14.9375],[60.6875,-14.9375],[60.6875,-15.125],[60.625,-15.125],[60.625,-15.3125],[60.5,-15.375],[60.5,-15.25],[60.5625,-15.25],[60.5625,-15.0625],[60.625,-15.0625],[60.625,-14.9375]]],[[[61.125,-14.3125],[61.0625,-14.3125],[61.0625,-14.5],[61.0,-14.5],[61.0,-14.625],[60.9375,-14.625],[60.9375,-14.375],[61.0,-14.375],[61.0,-14.25],[61.125,-14.1875],[61.125,-14.3125]]],[[[60.625,-13.625],[60.6875,-13.75],[60.5,-13.75],[60.5,-13.625],[60.4375,-13.625],[60.4375,-13.25],[60.625,-13.25],[60.625,-13.0625],[60.6875,-13.0625],[60.6875,-13.25],[60.75,-13.25],[60.75,-13.3125],[60.6875,-13.3125],[60.6875,-13.4375],[60.5625,-13.4375],[60.5625,-13.625],[60.625,-13.625]]],[[[60.8125,-12.75],[60.9375,-12.75],[60.9375,-12.9375],[60.875,-12.9375],[60.875,-13.0],[60.8125,-13.0],[60.8125,-12.75]]],[[[61.125,-12.3125],[61.0625,-12.3125],[61.0625,-12.25],[61.375,-12.25],[61.375,-12.0625],[61.4375,-12.0625],[61.4375,-12.4375],[61.3125,-12.4375],[61.3125,-12.5],[61.25,-12.5],[61.25,-12.375],[61.125,-12.375],[61.125,-12.3125]]],[[[59.875,-9.6875],[59.875,-9.9375],[59.8125,-9.9375],[59.8125,-9.75],[59.75,-9.75],[59.75,-9.625],[59.8125,-9.625],[59.8125,-9.6875],[59.875,-9.6875]]],[[[115.5625,-8.625],[115.625,-8.625],[115.625,-8.6875],[115.8125,-8.6875],[115.8125,-8.625],[115.9375,-8.625],[115.9375,-8.7547],[115.8923,-8.7548],[115.8794,-8.7248],[115.8689,-8.7306],[115.8486,-8.7248],[115.8338,-8.7489],[115.8286,-8.7918],[115.8393,-8.8169],[115.8674,-8.8212],[115.9282,-8.8549],[115.9443,-8.858],[115.9692,-8.8494],[115.9912,-8.875],[115.625,-8.875],[115.5938,-8.8125],[115.5625,-8.8125],[115.5625,-8.7995],[115.5889,-8.8073],[115.6242,-8.7689],[115.6157,-8.7396],[115.5731,-8.672],[115.5501,-8.6662],[115.5351,-8.6737],[115.5176,-8.6702],[115.507,-8.679],[115.4683,-8.7319],[115.4964,-8.75],[115.4375,-8.75],[115.4375,-8.6875],[115.375,-8.6875],[115.375,-8.593],[115.4988,-8.5484],[115.516,-8.5344],[115.523,-8.5113],[115.5337,-8.5065],[115.5625,-8.5043],[115.5625,-8.625]]],[[[116.8125,-8.8191],[116.7769,-8.8263],[116.7354,-8.875],[116.5803,-8.875],[116.5889,-8.8632],[116.5625,-8.851],[116.5625,-8.7321],[116.5875,-8.6875],[116.625,-8.6875],[116.6278,-8.6148],[116.6767,-8.5625],[116.6875,-8.5625],[116.6917,-8.4675],[116.7302,-8.4162],[116.8125,-8.375],[116.8125,-8.4375],[116.8705,-8.4375],[116.8381,-8.4462],[116.8588,-8.4523],[116.875,-8.4469],[116.875,-8.528],[116.8381,-8.5079],[116.8366,-8.5625],[116.8125,-8.5625],[116.8125,-8.5789],[116.7901,-8.5837],[116.7485,-8.6665],[116.7723,-8.6803],[116.7641,-8.7382],[116.7711,-8.7478],[116.7907,-8.7454],[116.8125,-8.7787],[116.8125,-8.8191]]],[[[119.1875,-8.75],[119.1875,-8.6325],[119.1943,-8.6261],[119.1893,-8.6178],[119.2036,-8.6109],[119.1875,-8.5828],[119.1875,-8.5625],[119.125,-8.5625],[119.1875,-8.4375],[119.2736,-8.4375],[119.2867,-8.4679],[119.2968,-8.4631],[119.3056,-8.4375],[119.3213,-8.4554],[119.3286,-8.4375],[119.4306,-8.4375],[119.4153,-8.4433],[119.427,-8.4881],[119.4185,-8.4948],[119.4221,-8.5353],[119.4153,-8.5563],[119.388,-8.5563],[119.3796,-8.5659],[119.3811,-8.628],[119.3984,-8.6344],[119.4021,-8.6676],[119.3812,-8.7089],[119.3811,-8.7345],[119.3737,-8.7345],[119.3811,-8.7407],[119.3991,-8.7265],[119.4375,-8.7425],[119.4375,-8.75],[119.1875,-8.75]],[[119.2269,-8.6518],[119.2136,-8.6735],[119.2258,-8.6891],[119.2428,-8.6637],[119.2269,-8.6518]]],[[[119.625,-8.5625],[119.625,-8.6875],[119.4433,-8.6875],[119.4483,-8.6536],[119.4553,-8.6443],[119.4732,-8.6472],[119.491,-8.6109],[119.4836,-8.6041],[119.4707,-8.6154],[119.4568,-8.5966],[119.48,-8.5917],[119.5067,-8.5659],[119.5252,-8.5904],[119.5379,-8.5937],[119.5698,-8.5904],[119.5726,-8.5656],[119.625,-8.5625]],[[119.5853,-8.6355],[119.544,-8.6643],[119.562,-8.6872],[119.564,-8.6634],[119.5766,-8.6544],[119.5961,-8.659],[119.6086,-8.6363],[119.5853,-8.6355]]],[[[114.5,-8.0],[114.5,-8.0902],[114.4524,-8.0951],[114.4479,-8.1218],[114.4684,-8.2185],[114.5339,-8.3125],[114.4375,-8.3125],[114.4375,-8.0461],[114.4469,-8.0],[114.5,-8.0]]],[[[57.0,-7.25],[57.0625,-7.25],[57.0,-7.375],[56.875,-7.3125],[56.875,-7.1875],[57.0,-7.1875],[57.0,-7.25]]],[[[112.75,-7.0189],[112.6945,-7.039],[112.7013,-7.0921],[112.71,-7.0973],[112.7199,-7.0828],[112.7273,-7.0895],[112.7188,-7.1033],[112.7199,-7.1479],[112.7264,-7.1588],[112.8181,-7.1614],[112.875,-7.1742],[112.875,-7.25],[112.8167,-7.25],[112.8125,-7.1875],[112.6875,-7.1875],[112.6875,-7.0],[112.75,-7.0],[112.75,-7.0189]]],[[[56.375,-6.3125],[56.25,-6.375],[56.25,-6.125],[56.3125,-6.125],[56.3125,-5.9375],[56.25,-5.9375],[56.25,-5.875],[56.3125,-5.875],[56.3125,-5.75],[56.4375,-5.75],[56.4375,-6.25],[56.375,-6.25],[56.375,-6.3125]]],[[[105.875,-6.0],[105.875,-5.9375],[105.8125,-5.9375],[105.8125,-5.875],[105.75,-5.875],[105.7826,-5.8285],[105.8125,-5.75],[105.9375,-5.75],[105.9375,-5.8125],[106.125,-5.8125],[106.125,-5.875],[106.0,-5.875],[106.0,-5.9148],[105.9773,-5.9835],[105.9558,-6.0],[105.875,-6.0]]],[[[53.375,-5.6875],[53.3438,-5.6875],[53.3125,-5.75],[53.125,-5.75],[53.125,-5.5],[53.1875,-5.5],[53.1875,-5.625],[53.375,-5.625],[53.375,-5.6875]]],[[[119.125,-5.4375],[119.3826,-5.4375],[119.4375,-5.5218],[119.4235,-5.5625],[119.375,-5.5625],[119.375,-5.5],[119.3019,-5.5],[119.2988,-5.4803],[119.2881,-5.4759],[119.2744,-5.4814],[119.2706,-5.5],[119.125,-5.5],[119.125,-5.4375]]],[[[53.125,-5.3125],[53.125,-5.125],[53.1875,-5.125],[53.1875,-5.0],[53.3125,-5.0],[53.3125,-5.125],[53.375,-5.125],[53.375,-5.1875],[53.3125,-5.1875],[53.3125,-5.375],[53.375,-5.375],[53.375,-5.4375],[53.3444,-5.4375],[53.334,-5.4202],[53.3416,-5.4375],[53.1875,-5.4375],[53.1875,-5.3125],[53.125,-5.3125]]],[[[118.3125,-3.1875],[118.3125,-3.0625],[118.375,-3.0625],[118.375,-3.25],[118.1875,-3.25],[118.1875,-3.375],[117.9375,-3.375],[117.9375,-3.4375],[117.8125,-3.5],[117.8125,-3.3125],[117.75,-3.3125],[117.75,-3.25],[118.0625,-3.25],[118.0625,-3.1875],[118.3125,-3.1875]]],[[[110.1875,-2.9133],[110.1979,-2.8975],[110.1915,-2.875],[110.2223,-2.875],[110.2048,-2.8962],[110.2402,-2.9731],[110.2632,-3.0029],[110.301,-2.998],[110.375,-2.9424],[110.375,-3.125],[110.1875,-3.125],[110.1875,-3.5],[110.0625,-3.5],[110.0625,-3.25],[110.0,-3.25],[110.0,-3.1875],[110.125,-3.125],[110.125,-2.9375],[110.1875,-2.9375],[110.1875,-2.9133]]],[[[106.094,-2.8406],[106.25,-2.8951],[106.25,-2.9375],[106.1875,-2.9375],[106.1875,-3.0625],[106.0625,-3.0625],[106.0625,-2.9375],[106.0,-2.9375],[106.0,-2.875],[105.9375,-2.875],[105.9375,-2.8125],[105.8125,-2.75],[105.8125,-2.625],[105.9025,-2.625],[105.9076,-2.6746],[105.9225,-2.716],[105.9865,-2.8212],[106.0025,-2.8307],[106.094,-2.8406]]],[[[105.375,-1.3125],[105.375,-1.25],[105.5625,-1.25],[105.5625,-1.5],[105.4375,-1.5],[105.375,-1.625],[105.25,-1.5625],[105.25,-1.3125],[105.375,-1.3125]]],[[[104.375,-1.0],[104.25,-1.0],[104.25,-0.9375],[104.1875,-0.9375],[104.1875,-0.625],[104.3125,-0.625],[104.3125,-0.5625],[104.3414,-0.5625],[104.3563,-0.6617],[104.3758,-0.6601],[104.3939,-0.6139],[104.4204,-0.575],[104.4767,-0.614],[104.5,-0.614],[104.5,-0.625],[104.6875,-0.625],[104.6875,-0.5625],[104.75,-0.5625],[104.75,-0.375],[104.6875,-0.375],[104.6875,-0.3125],[104.5,-0.3125],[104.5,-0.25],[104.4375,-0.25],[104.4375,-0.2075],[104.4471,-0.221],[104.4979,-0.2281],[104.5287,-0.27],[104.5505,-0.268],[104.5686,-0.25],[104.7705,-0.25],[104.8329,-0.2824],[104.8513,-0.3012],[104.9352,-0.3321],[104.9172,-0.2875],[104.9352,-0.2781],[105.0027,-0.2949],[105.0115,-0.2815],[104.9375,-0.2418],[104.9375,-0.125],[105.0,-0.125],[105.0,-0.0625],[105.1875,-0.0625],[105.1875,-0.125],[105.25,-0.125],[105.25,-0.1875],[105.375,-0.25],[105.375,-0.375],[105.1875,-0.375],[105.1875,-0.625],[105.0625,-0.625],[105.0625,-0.75],[104.9375,-0.75],[104.9375,-0.8125],[104.6875,-0.8125],[104.6875,-0.875],[104.625,-0.875],[104.625,-0.9375],[104.5,-1.0],[104.5,-1.125],[104.4375,-1.125],[104.375,-1.0]],[[104.4054,-0.8622],[104.405,-0.8651],[104.4062,-0.8645],[104.4054,-0.8622]],[[104.2359,-0.6568],[104.2341,-0.6611],[104.244,-0.6656],[104.2359,-0.6568]]],[[[104.4375,0.0],[104.375,0.0],[104.3125,0.125],[104.1875,0.125],[104.1875,0.25],[104.25,0.25],[104.25,0.4375],[104.1875,0.4375],[104.1875,0.5],[104.25,0.5],[104.25,0.6668],[104.2664,0.633],[104.2774,0.6262],[104.2876,0.6508],[104.2527,0.6875],[104.2748,0.6875],[104.2895,0.6741],[104.304,0.6773],[104.2998,0.6875],[104.3125,0.6875],[104.3125,0.75],[104.3377,0.75],[104.3556,0.7384],[104.3597,0.7448],[104.3524,0.75],[104.375,0.75],[104.375,0.6875],[104.5625,0.6875],[104.5625,0.75],[104.65,0.75],[104.6197,0.7397],[104.61,0.7142],[104.5984,0.7067],[104.6197,0.6954],[104.6551,0.75],[104.6946,0.75],[104.7067,0.7384],[104.7116,0.75],[104.75,0.75],[104.75,1.0],[104.6875,1.0],[104.6875,1.0625],[104.875,1.0625],[104.875,1.0],[105.0625,1.0],[105.0625,0.9375],[105.125,0.9375],[105.125,0.875],[105.25,0.8125],[105.25,0.625],[105.1875,0.625],[105.1875,0.5625],[105.0,0.5625],[105.0,0.625],[104.8125,0.625],[104.8125,0.3125],[104.75,0.3125],[104.75,0.25],[104.625,0.25],[104.625,0.1875],[104.5819,0.1875],[104.5432,0.2274],[104.5311,0.216],[104.4902,0.2426],[104.5278,0.1875],[104.5,0.1875],[104.5,0.1444],[104.4868,0.1498],[104.488,0.1354],[104.5,0.1275],[104.5,-0.1282],[104.4375,-0.1808],[104.4375,0.0]],[[104.7912,1.0241],[104.8259,0.993],[104.8328,0.9551],[104.8528,0.9755],[104.839,1.0036],[104.8435,1.0182],[104.7986,1.0315],[104.7912,1.0241]],[[104.4971,0.0713],[104.4139,0.1758],[104.4087,0.1509],[104.4287,0.1061],[104.4014,0.1191],[104.4114,0.0917],[104.4834,0.0235],[104.4696,0.0638],[104.4971,0.0713]],[[104.3582,0.3689],[104.3394,0.3655],[104.3735,0.3245],[104.3919,0.3166],[104.3996,0.295],[104.4114,0.2944],[104.4202,0.3063],[104.4162,0.3288],[104.3582,0.3689]],[[104.7207,0.7379],[104.7393,0.7163],[104.749,0.7226],[104.7542,0.7372],[104.741,0.7489],[104.7249,0.7497],[104.7207,0.7379]],[[104.2896,0.1689],[104.2975,0.1582],[104.2982,0.1331],[104.3029,0.1272],[104.3096,0.1313],[104.3324,0.1049],[104.3356,0.1258],[104.3022,0.1644],[104.2896,0.1689]],[[104.2184,0.1952],[104.201,0.172],[104.2215,0.161],[104.2339,0.1636],[104.2328,0.1947],[104.2184,0.1952]],[[104.3259,0.3205],[104.3272,0.3072],[104.355,0.2788],[104.3843,0.279],[104.3727,0.2974],[104.3441,0.3176],[104.3259,0.3205]],[[104.3067,0.3455],[104.3008,0.3383],[104.3117,0.3065],[104.3198,0.3303],[104.3067,0.3455]],[[104.4503,0.3877],[104.4364,0.4057],[104.4311,0.4014],[104.4347,0.3924],[104.4503,0.3877]],[[104.551,0.4216],[104.5141,0.4269],[104.5238,0.3672],[104.5322,0.3584],[104.5282,0.4132],[104.5575,0.412],[104.551,0.4216]],[[104.3996,0.4734],[104.4172,0.46],[104.4255,0.46],[104.3996,0.4734]],[[104.4478,0.4831],[104.4373,0.4788],[104.459,0.4582],[104.4478,0.4831]],[[104.2977,0.4743],[104.2881,0.525],[104.2826,0.5173],[104.2977,0.4743]],[[104.3288,0.6623],[104.3159,0.6852],[104.3117,0.665],[104.3288,0.6623]]],[[[103.9375,-0.125],[103.9375,-0.1875],[103.875,-0.1875],[103.875,-0.125],[103.75,-0.0625],[103.75,-0.0112],[103.7915,-0.0125],[103.8018,-0.0073],[103.814,0.0189],[103.8005,0.0346],[103.7826,0.125],[103.8125,0.125],[103.8125,0.25],[104.0625,0.125],[104.0625,-0.125],[103.9375,-0.125]]],[[[107.625,1.125],[107.6875,1.125],[107.6875,1.0625],[107.75,1.0625],[107.75,1.0],[107.6875,1.0],[107.6875,0.8125],[107.5625,0.875],[107.5625,0.9375],[107.625,0.9375],[107.625,1.125]]],[[[102.5,1.4375],[102.5,1.5625],[102.375,1.5625],[102.375,1.625],[102.125,1.625],[102.125,1.8125],[101.9375,1.8125],[101.9375,1.875],[101.8125,1.875],[101.8125,2.0],[101.7812,2.0625],[101.75,2.0625],[101.75,2.125],[101.25,2.125],[101.25,2.1875],[101.125,2.1875],[101.125,2.3125],[101.0361,2.3125],[101.0427,2.3198],[101.011,2.323],[100.9772,2.3179],[100.9786,2.3125],[100.875,2.3125],[100.875,2.294],[100.8412,2.2808],[100.8125,2.25],[100.8125,2.375],[100.75,2.375],[100.75,2.4375],[100.8125,2.4375],[100.8125,2.625],[100.625,2.625],[100.625,2.5],[100.5,2.4375],[100.5,2.5625],[100.4375,2.5625],[100.4375,2.6875],[100.3125,2.6875],[100.375,2.8125],[100.6875,2.8125],[100.6875,2.9375],[100.75,2.9375],[100.75,3.0625],[100.875,3.125],[100.875,3.25],[100.9375,3.25],[100.9375,3.3125],[101.0625,3.3125],[101.0625,3.1875],[101.125,3.1875],[101.125,3.0625],[101.25,3.0625],[101.237,3.0351],[101.25,3.0278],[101.25,2.9686],[101.2314,2.9381],[101.2328,2.9136],[101.244,2.9073],[101.2557,2.9123],[101.2567,2.9341],[101.2887,2.9181],[101.281,2.8979],[101.3035,2.8948],[101.2864,2.8497],[101.3106,2.8336],[101.375,2.8247],[101.375,2.8125],[101.4068,2.8125],[101.4302,2.7925],[101.5,2.6875],[101.5423,2.6613],[101.6735,2.6273],[101.7134,2.5966],[101.75,2.5931],[101.75,2.5625],[101.7877,2.5625],[101.8032,2.518],[101.8511,2.4789],[101.8652,2.3945],[101.8775,2.4088],[101.9092,2.4108],[101.9268,2.4224],[101.9888,2.3945],[101.9871,2.3771],[101.999,2.3616],[102.0513,2.3409],[102.1543,2.2357],[102.3125,2.1649],[102.3125,2.125],[102.4101,2.125],[102.4445,2.111],[102.5,2.0],[102.5769,2.0],[102.625,1.9614],[102.625,1.9375],[102.6536,1.9375],[102.6994,1.8594],[102.7219,1.8471],[102.75,1.8483],[102.75,1.8125],[102.875,1.8125],[102.875,1.75],[102.9319,1.75],[102.9963,1.7349],[103.0,1.6875],[103.0822,1.6875],[103.125,1.6609],[103.125,1.5625],[103.1875,1.5625],[103.1875,1.5],[103.3125,1.5],[103.3125,1.375],[103.4416,1.375],[103.4548,1.3394],[103.5164,1.2705],[103.533,1.3089],[103.5625,1.25],[103.75,1.25],[103.75,1.2983],[103.7759,1.2876],[103.7896,1.2679],[103.8389,1.2663],[103.8877,1.3013],[103.9544,1.3181],[104.0029,1.375],[104.1064,1.375],[104.1545,1.3523],[104.2192,1.3462],[104.2396,1.3673],[104.2774,1.3673],[104.2796,1.4265],[104.2891,1.4375],[104.3125,1.4375],[104.3125,1.625],[104.4375,1.6875],[104.4375,1.625],[104.5625,1.625],[104.5625,1.5],[104.625,1.5],[104.625,1.25],[104.5,1.25],[104.5,1.1875],[104.4372,1.1875],[104.3997,1.2026],[104.3924,1.1875],[104.375,1.1875],[104.375,1.1773],[104.3413,1.1796],[104.3166,1.1329],[104.2319,1.0933],[104.2456,1.0173],[104.271,1.0036],[104.3125,1.0],[104.1875,1.0],[104.1875,1.1875],[103.9375,1.1875],[103.9375,1.0803],[103.9141,1.0998],[103.9026,1.0905],[103.9182,1.0513],[103.9375,1.0291],[103.9375,0.9975],[103.8928,1.0144],[103.8801,1.0315],[103.8738,1.0036],[103.8566,1.0144],[103.8447,1.0127],[103.8397,0.9899],[103.8566,0.9684],[103.9114,0.9379],[104.0,0.9375],[104.0,0.8125],[103.9299,0.8125],[103.8982,0.8533],[103.8633,0.8769],[103.8186,0.8862],[103.8517,0.8354],[103.8928,0.8125],[103.8322,0.8125],[103.8171,0.8417],[103.7776,0.8801],[103.7434,0.8937],[103.7262,0.8732],[103.7305,0.8476],[103.7639,0.8049],[103.8125,0.7756],[103.8125,0.6875],[103.75,0.6875],[103.75,0.5625],[103.625,0.5625],[103.625,0.5],[103.5795,0.5571],[103.57,0.5534],[103.5709,0.546],[103.5913,0.5223],[103.5985,0.5],[103.4499,0.5],[103.4375,0.5071],[103.4375,0.5625],[103.375,0.5625],[103.3125,0.6875],[103.2539,0.6875],[103.2118,0.7082],[103.1875,0.6987],[103.1875,0.75],[103.125,0.75],[103.125,0.8348],[103.1675,0.859],[103.1746,0.8821],[103.125,0.9302],[103.125,1.0625],[103.0625,1.0625],[103.0625,1.1875],[102.9375,1.1875],[102.9375,1.25],[102.875,1.25],[102.8125,1.375],[102.5625,1.375],[102.5625,1.4375],[102.5,1.4375]],[[103.5625,0.75],[103.5625,1.125],[103.3909,1.125],[103.3767,1.1333],[103.3421,1.1197],[103.3235,1.0928],[103.3148,1.0616],[103.3577,1.0045],[103.375,1.0086],[103.375,0.887],[103.3574,0.8725],[103.3387,0.8049],[103.3405,0.784],[103.3456,0.7634],[103.4157,0.6574],[103.4343,0.6473],[103.4595,0.6581],[103.4803,0.6852],[103.5082,0.75],[103.5625,0.75]],[[103.4995,0.6955],[103.4692,0.6374],[103.472,0.623],[103.489,0.6199],[103.5179,0.6676],[103.5174,0.6984],[103.5064,0.7019],[103.4995,0.6955]],[[103.6665,0.8236],[103.7009,0.7657],[103.7249,0.7665],[103.7273,0.7799],[103.7181,0.7981],[103.6677,0.8397],[103.6665,0.8236]],[[103.6754,0.6377],[103.6716,0.6141],[103.7004,0.6057],[103.7053,0.6235],[103.6754,0.6377]],[[103.75,0.7377],[103.6915,0.7282],[103.6965,0.7099],[103.7184,0.6911],[103.7394,0.6872],[103.735,0.7144],[103.75,0.7377]],[[103.6766,0.7129],[103.6885,0.7266],[103.6802,0.7366],[103.6559,0.7424],[103.6766,0.7129]],[[103.8047,0.9621],[103.7929,1.0491],[103.7744,1.0515],[103.7594,1.0316],[103.7582,1.0128],[103.7725,1.015],[103.7807,0.9823],[103.8047,0.9621]],[[103.8013,1.11],[103.7961,1.0968],[103.8125,1.0854],[103.8187,1.0934],[103.8013,1.11]],[[103.7201,1.118],[103.7197,1.1151],[103.721,1.1157],[103.7201,1.118]],[[103.301,1.1483],[103.2933,1.1219],[103.3036,1.1203],[103.3086,1.1431],[103.301,1.1483]],[[103.8784,1.1453],[103.8921,1.1439],[103.8896,1.1579],[103.8827,1.1529],[103.8784,1.1453]],[[103.8669,1.1613],[103.8679,1.1545],[103.8718,1.1592],[103.8669,1.1613]],[[103.3777,1.1561],[103.3919,1.1358],[103.408,1.1367],[103.3916,1.1673],[103.3777,1.1561]],[[103.4225,1.3096],[103.4365,1.3261],[103.4259,1.3431],[103.4159,1.336],[103.4225,1.3096]]],[[[108.8125,1.75],[108.75,1.75],[108.75,1.8125],[108.625,1.875],[108.625,1.9375],[108.9375,1.9375],[108.9375,2.25],[108.875,2.25],[108.875,2.375],[108.9375,2.375],[108.9375,2.5625],[108.875,2.5625],[108.875,2.6875],[108.8125,2.6875],[108.8125,2.8615],[108.8425,2.8464],[108.8555,2.8737],[108.875,2.875],[108.8897,2.888],[108.8923,2.9039],[108.8841,2.9416],[108.8986,2.9829],[108.875,3.0031],[108.875,3.125],[108.9375,3.125],[108.9375,2.875],[109.0,2.875],[109.0,2.8125],[109.125,2.75],[109.125,2.5625],[109.25,2.5625],[109.25,2.375],[109.4375,2.375],[109.4375,2.3125],[109.625,2.3125],[109.625,2.25],[109.75,2.25],[109.75,2.0625],[109.6502,2.0625],[109.6453,2.0832],[109.6284,2.0625],[109.5625,2.0625],[109.5625,2.0],[109.4688,2.0],[109.4499,1.9623],[109.3589,1.9483],[109.341,1.9355],[109.3351,1.8502],[109.3078,1.8125],[109.1875,1.8125],[109.1875,1.6875],[109.125,1.6875],[109.125,1.5806],[109.0987,1.5625],[109.0625,1.5625],[109.0611,1.5],[108.9375,1.5],[108.9375,1.25],[108.875,1.25],[108.875,1.1875],[108.75,1.1875],[108.6875,1.3125],[108.5625,1.3125],[108.5625,1.5],[108.875,1.5],[108.875,1.6875],[108.8125,1.6875],[108.8125,1.75]],[[109.0535,2.5379],[108.9964,2.5618],[108.9719,2.5551],[108.9681,2.5436],[108.9798,2.5291],[109.0056,2.5379],[109.0233,2.5278],[109.0125,2.4975],[109.0267,2.4858],[109.0785,2.496],[109.1139,2.5232],[109.0969,2.5372],[109.0535,2.5379]],[[109.0924,2.0752],[109.1001,2.0621],[109.1088,2.0712],[109.0964,2.0814],[109.0924,2.0752]],[[108.9419,2.4907],[108.9562,2.4844],[108.9591,2.5062],[108.9404,2.5045],[108.9419,2.4907]],[[108.9264,2.7746],[108.8936,2.7423],[108.8875,2.7325],[108.9083,2.7372],[108.9284,2.7574],[108.9264,2.7746]]],[[[109.3309,1.8125],[109.3418,1.82],[109.3489,1.8154],[109.3484,1.8125],[109.3309,1.8125]]],[[[111.375,2.75],[111.3637,2.75],[111.3499,2.7713],[111.3154,2.7845],[111.301,2.7526],[111.3007,2.6875],[111.25,2.6875],[111.25,2.75],[111.125,2.75],[111.125,2.8125],[111.1875,2.8125],[111.1875,2.9375],[111.375,2.9375],[111.375,2.75]]],[[[72.9375,3.0],[72.9375,2.9375],[73.0625,2.9375],[73.0625,2.8125],[72.875,2.8125],[72.875,3.0],[72.9375,3.0]]],[[[99.625,4.0625],[99.625,4.125],[99.75,4.125],[99.75,4.0625],[99.6875,4.0625],[99.6875,3.875],[100.0625,3.875],[100.0625,3.8125],[99.9375,3.8125],[99.9375,3.75],[99.6875,3.75],[99.6875,3.625],[99.625,3.625],[99.625,3.4375],[99.5,3.375],[99.5,3.5],[99.375,3.5],[99.375,3.5625],[99.4375,3.5625],[99.4375,4.0],[99.3125,4.0],[99.3125,4.0625],[99.625,4.0625]]],[[[100.4375,3.9375],[100.125,3.9375],[100.125,3.875],[100.0625,3.875],[100.0625,4.0],[100.1875,4.0],[100.1875,4.0625],[100.3125,4.0625],[100.3125,4.125],[100.4375,4.125],[100.4375,4.3125],[100.5625,4.375],[100.5625,4.2551],[100.548,4.269],[100.5363,4.2694],[100.5433,4.2265],[100.5625,4.2047],[100.5625,4.1875],[100.5,4.1875],[100.5,4.0],[100.625,4.0],[100.625,3.9375],[100.7009,3.9375],[100.7034,3.8989],[100.7207,3.8681],[100.7848,3.8393],[100.8125,3.8513],[100.8125,3.75],[100.6875,3.75],[100.6875,3.8125],[100.5,3.8125],[100.5,3.75],[100.4375,3.75],[100.4375,3.9375]]],[[[100.0625,4.3125],[100.0625,4.25],[100.0,4.25],[99.9375,4.125],[99.8125,4.125],[99.8125,4.25],[99.9375,4.25],[99.9375,4.3125],[100.0625,4.3125]]],[[[72.875,4.4375],[72.875,4.875],[72.9375,4.875],[72.9375,4.4375],[72.875,4.4375]]],[[[73.0625,6.4375],[73.1875,6.4375],[73.1875,6.375],[73.0625,6.375],[73.0625,6.3125],[73.0,6.3125],[73.0,6.5625],[73.0625,6.5625],[73.0625,6.4375]],[[73.0205,6.369],[73.0242,6.3627],[73.0249,6.3648],[73.0205,6.369]],[[73.0431,6.4337],[73.0462,6.4363],[73.0488,6.4413],[73.0431,6.4337]]],[[[93.875,6.6875],[93.9375,6.6875],[93.9375,6.5],[93.8125,6.5],[93.8125,6.625],[93.75,6.625],[93.75,6.6875],[93.8125,6.6875],[93.8125,6.7548],[93.8342,6.7456],[93.8594,6.8043],[93.875,6.8029],[93.875,6.6875]]],[[[93.8125,6.8095],[93.8137,6.8083],[93.8125,6.7844],[93.8125,6.8095]]],[[[93.375,7.8125],[93.375,7.875],[93.4544,7.8693],[93.456,7.875],[93.5625,7.875],[93.5625,7.6875],[93.6875,7.6875],[93.6875,7.625],[93.75,7.625],[93.75,7.25],[93.625,7.1875],[93.625,7.2554],[93.6442,7.2575],[93.6792,7.2983],[93.7285,7.3371],[93.7312,7.3694],[93.6995,7.3987],[93.697,7.4451],[93.6672,7.3828],[93.625,7.3706],[93.5625,7.375],[93.5625,7.5625],[93.5,7.5625],[93.5,7.6875],[93.4375,7.6875],[93.4375,7.8125],[93.375,7.8125]]],[[[104.25,8.125],[104.0,8.125],[104.0,8.1875],[103.9375,8.1875],[104.0,8.3125],[104.125,8.3125],[104.125,8.6875],[104.1875,8.6875],[104.25,8.8125],[104.4375,8.8125],[104.4375,8.875],[104.5625,8.875],[104.5625,8.8125],[104.625,8.8125],[104.625,8.75],[104.75,8.75],[104.7812,8.6875],[104.8125,8.6875],[104.8125,8.6501],[104.7593,8.6156],[104.7202,8.6138],[104.7229,8.6027],[104.7522,8.5908],[104.8148,8.5811],[104.8562,8.5656],[105.0672,8.625],[105.125,8.625],[105.125,8.6587],[105.1431,8.6875],[105.1875,8.6875],[105.25,8.5625],[105.375,8.5625],[105.375,8.5],[105.5,8.5],[105.5,8.4375],[105.375,8.4375],[105.375,8.375],[105.3125,8.375],[105.25,8.25],[105.0,8.25],[105.0,8.1875],[104.5625,8.1875],[104.5625,8.25],[104.375,8.25],[104.375,8.1875],[104.25,8.1875],[104.25,8.125]],[[104.848,8.4494],[104.8229,8.4254],[104.8316,8.4168],[104.8434,8.423],[104.848,8.4494]]],[[[92.9375,8.9375],[92.9375,8.75],[92.875,8.75],[92.875,8.875],[92.8125,8.875],[92.8125,9.0312],[92.75,9.0625],[92.75,9.1252],[92.7996,9.1102],[92.832,9.145],[92.8338,9.2024],[92.8114,9.2312],[92.763,9.2641],[92.751,9.2612],[92.75,9.2371],[92.75,9.375],[92.8125,9.375],[92.8125,9.3438],[92.875,9.3125],[92.875,8.9375],[92.9375,8.9375]]],[[[98.375,10.6875],[98.4591,10.6875],[98.4656,10.625],[98.3125,10.625],[98.3125,10.4375],[98.25,10.4375],[98.25,10.6875],[98.3125,10.6875],[98.3125,10.75],[98.375,10.75],[98.375,10.6875]]],[[[92.5994,11.375],[92.635,11.3579],[92.6874,11.375],[92.75,11.375],[92.75,11.0],[92.6875,11.0],[92.6875,10.9375],[92.5,10.9375],[92.5,11.0],[92.5625,11.0],[92.5625,11.1875],[92.5,11.1875],[92.5,11.3125],[92.5625,11.3125],[92.5625,11.375],[92.5994,11.375]]],[[[98.25,11.125],[98.25,11.2152],[98.2796,11.2232],[98.302,11.2412],[98.2983,11.2486],[98.2752,11.248],[98.2814,11.2759],[98.25,11.2758],[98.25,11.375],[98.1485,11.375],[98.1441,11.4241],[98.1362,11.4232],[98.1384,11.4147],[98.1101,11.4197],[98.1008,11.4118],[98.1209,11.4011],[98.1304,11.3762],[98.1478,11.375],[98.0,11.375],[98.0,11.4375],[98.125,11.4375],[98.125,11.5],[98.1959,11.5],[98.1995,11.4882],[98.1922,11.4787],[98.1653,11.4739],[98.1653,11.4535],[98.187,11.4464],[98.22,11.4535],[98.202,11.4663],[98.2268,11.4739],[98.2235,11.4888],[98.2319,11.5],[98.2609,11.4678],[98.2678,11.4882],[98.2752,11.4808],[98.2808,11.5],[98.3125,11.5],[98.3125,11.3125],[98.375,11.3125],[98.375,11.1875],[98.25,11.125]]],[[[97.375,12.375],[97.375,12.125],[97.4375,12.125],[97.4375,12.0938],[97.5,12.0625],[97.5,12.0],[97.4375,12.0],[97.4375,11.8125],[97.4813,11.8125],[97.5,11.7838],[97.5,11.375],[97.625,11.3125],[97.625,11.125],[97.5,11.125],[97.5,11.3125],[97.375,11.3125],[97.375,11.5],[97.3125,11.5],[97.3125,11.5625],[97.375,11.5625],[97.375,11.8125],[97.3125,11.8125],[97.3125,12.0625],[97.25,12.0625],[97.25,12.1875],[97.1875,12.1875],[97.1875,12.25],[97.25,12.25],[97.25,12.375],[97.3125,12.375],[97.3125,12.625],[97.375,12.625],[97.375,12.5938],[97.4375,12.5625],[97.4375,12.375],[97.375,12.375]],[[97.4797,11.778],[97.4629,11.7998],[97.4443,11.8002],[97.4797,11.778]]],[[[97.5,11.8125],[97.5,11.8089],[97.4941,11.8125],[97.5,11.8125]]],[[[98.375,12.125],[98.375,11.9375],[98.2682,11.9375],[98.2609,11.9711],[98.25,11.9739],[98.25,12.0],[98.1875,12.0],[98.1875,12.125],[98.0,12.125],[98.0,12.1875],[98.0596,12.1875],[98.0767,12.1619],[98.1167,12.1655],[98.1375,12.1387],[98.1377,12.1875],[98.4375,12.1875],[98.4375,12.125],[98.375,12.125]],[[98.3902,12.1747],[98.3809,12.1443],[98.3984,12.1374],[98.4054,12.1701],[98.3902,12.1747]]],[[[98.0971,12.1875],[98.0964,12.1872],[98.0965,12.1875],[98.0971,12.1875]]],[[[97.3125,14.0],[97.3125,13.0625],[97.4375,13.0625],[97.4375,13.0],[97.25,13.0],[97.25,12.9375],[97.1875,12.9375],[97.1875,13.0],[97.125,13.0],[97.125,13.5],[97.1875,13.5],[97.1875,14.0625],[97.125,14.0625],[97.125,14.1875],[97.25,14.1875],[97.25,14.0],[97.3125,14.0]]],[[[93.4375,14.375],[93.5,14.375],[93.5,14.1875],[93.4375,14.1875],[93.4375,14.0],[93.3125,14.0],[93.3125,13.9375],[93.25,13.9375],[93.25,13.75],[93.125,13.6875],[93.125,13.5625],[93.0522,13.5625],[93.0425,13.5712],[93.0228,13.5661],[93.0117,13.5781],[93.0,13.5625],[93.0,13.6582],[93.0527,13.6402],[93.0332,13.6802],[93.0,13.6716],[93.0,13.6875],[93.0625,13.6875],[93.0625,13.875],[93.1875,13.9375],[93.1875,14.125],[93.375,14.125],[93.375,14.4375],[93.4375,14.4375],[93.4375,14.375]],[[93.3903,14.1538],[93.3833,14.1384],[93.3748,14.0647],[93.3948,14.0764],[93.4002,14.0956],[93.396,14.1404],[93.3903,14.1538]],[[93.2383,13.9692],[93.2457,13.9757],[93.2364,14.0121],[93.2307,13.9792],[93.2383,13.9692]]],[[[96.3125,15.0],[96.25,15.125],[96.0625,15.125],[96.0625,15.1875],[95.875,15.1875],[95.875,15.25],[95.75,15.25],[95.6875,15.375],[95.5,15.375],[95.5,15.4375],[95.375,15.4375],[95.375,15.5],[95.0625,15.5],[95.0625,15.5625],[94.9375,15.625],[94.9375,15.75],[94.875,15.75],[94.875,15.7809],[94.9378,15.7641],[94.9756,15.7641],[94.9976,15.7953],[95.0393,15.8125],[95.0625,15.8125],[95.125,15.6875],[95.3125,15.6875],[95.3125,15.723],[95.3965,15.7164],[95.4499,15.75],[95.5,15.75],[95.5,15.7874],[95.532,15.8125],[95.5625,15.8125],[95.5625,15.8439],[95.5927,15.875],[95.625,15.875],[95.625,15.9083],[95.6647,15.9492],[95.6905,16.0],[95.7188,16.0],[95.75,16.0625],[95.75,16.125],[95.9375,16.125],[95.9422,16.25],[95.9502,16.25],[95.9424,16.2191],[95.9619,16.2167],[96.011,16.25],[96.0625,16.25],[96.1012,16.3274],[96.1441,16.3249],[96.2853,16.366],[96.2897,16.375],[96.3125,16.375],[96.3125,16.4106],[96.3352,16.4375],[96.4375,16.4375],[96.4375,16.4779],[96.559,16.4969],[96.6159,16.518],[96.6629,16.5625],[96.6875,16.5625],[96.7488,16.685],[96.7832,16.7123],[96.801,16.7374],[96.7894,16.7561],[96.8113,16.7647],[96.8293,16.8125],[96.875,16.8125],[96.875,16.75],[97.0,16.75],[97.0,16.6875],[97.1875,16.6875],[97.2468,16.7172],[97.2858,16.6589],[97.3112,16.6524],[97.3298,16.6798],[97.3703,16.4835],[97.4026,16.5169],[97.4231,16.5234],[97.451,16.5245],[97.4928,16.5036],[97.4596,16.4774],[97.4662,16.467],[97.4522,16.4494],[97.4849,16.3639],[97.4828,16.342],[97.4692,16.3327],[97.4593,16.3014],[97.5,16.2685],[97.5,16.25],[97.512,16.244],[97.5169,16.2098],[97.5475,16.1999],[97.5656,16.2172],[97.625,16.1875],[97.6122,16.1074],[97.5693,16.0726],[97.5757,16.0174],[97.6372,15.9492],[97.6875,15.915],[97.6875,15.875],[97.7094,15.875],[97.7061,15.8603],[97.7214,15.8562],[97.7271,15.8432],[97.7264,15.7778],[97.7129,15.7573],[97.7339,15.7263],[97.7256,15.7013],[97.7437,15.6649],[97.75,15.5],[97.7617,15.5],[97.7804,15.4375],[97.75,15.4375],[97.75,15.36],[97.7341,15.3553],[97.7264,15.3396],[97.742,15.3179],[97.7409,15.2756],[97.75,15.25],[97.7803,15.2115],[97.8125,15.2091],[97.8102,15.0951],[97.7948,15.0585],[97.8084,15.0312],[97.7874,15.0307],[97.7743,15.0175],[97.8044,14.9987],[97.8125,14.984],[97.8125,14.9483],[97.7948,14.8803],[97.8125,14.8546],[97.8125,14.8125],[97.8243,14.8125],[97.8393,14.75],[97.125,14.75],[97.125,14.8125],[96.875,14.8125],[96.8125,14.9375],[96.4375,14.9375],[96.4375,15.0],[96.3125,15.0]],[[97.6716,15.55],[97.6509,15.5922],[97.6644,15.5041],[97.6716,15.55]],[[95.0525,15.7507],[95.0221,15.7277],[95.0263,15.7143],[95.0421,15.7127],[95.059,15.7195],[95.0658,15.7364],[95.0525,15.7507]]],[[[107.9375,18.125],[107.75,18.125],[107.75,18.1875],[107.625,18.25],[107.625,18.5],[107.6875,18.5],[107.6875,18.75],[107.625,18.75],[107.625,18.8125],[107.6875,18.8125],[107.6875,19.25],[107.875,19.25],[107.875,19.3125],[108.0,19.375],[108.0,19.5],[108.0625,19.5],[108.125,19.625],[108.25,19.625],[108.25,19.5625],[108.375,19.5625],[108.375,19.5],[108.5625,19.5],[108.5625,19.5625],[108.625,19.5625],[108.625,19.5],[108.75,19.5],[108.75,19.3861],[108.7145,19.3759],[108.6865,19.3779],[108.6693,19.3437],[108.6773,19.3276],[108.6668,19.3252],[108.6626,19.3097],[108.6448,19.3104],[108.6494,19.2996],[108.6317,19.2863],[108.627,19.275],[108.638,19.249],[108.6218,19.2281],[108.6221,19.2177],[108.6639,19.2096],[108.6719,19.173],[108.6834,19.1562],[108.6834,19.1501],[108.6631,19.1562],[108.6443,19.1242],[108.6152,19.1016],[108.6426,19.0185],[108.6426,18.9828],[108.6563,18.944],[108.6538,18.921],[108.6239,18.8492],[108.6681,18.7886],[108.6936,18.7199],[108.6909,18.6047],[108.6741,18.5548],[108.6773,18.5324],[108.695,18.5048],[108.7956,18.4866],[108.8859,18.4267],[108.9528,18.4023],[108.9909,18.3687],[109.0916,18.3686],[109.125,18.3588],[109.125,18.3125],[109.1446,18.3125],[109.1626,18.2878],[109.2181,18.3056],[109.25,18.3053],[109.25,18.0],[109.1875,18.0],[109.1875,17.875],[109.125,17.875],[109.125,17.75],[109.0625,17.75],[109.0625,17.5625],[109.0,17.5625],[109.0,17.625],[108.5625,17.625],[108.5625,17.6875],[108.375,17.6875],[108.375,17.625],[108.3125,17.625],[108.3125,17.8125],[108.1875,17.875],[108.1875,18.0],[108.0625,18.0],[108.0625,18.0625],[107.9375,18.0625],[107.9375,18.125]]],[[[110.7268,20.0625],[110.7109,20.0752],[110.6779,20.1636],[110.6401,20.1083],[110.5931,20.1073],[110.5693,20.0798],[110.5696,20.0625],[110.406,20.0625],[110.383,20.081],[110.3751,20.0625],[110.157,20.0674],[110.125,20.0625],[110.125,20.0093],[110.1096,20.0],[109.7277,20.0],[109.719,20.0106],[109.65,20.0],[109.5625,20.0],[109.5625,20.0625],[109.5,20.0625],[109.5,20.1875],[109.4375,20.1875],[109.4375,20.5],[109.5,20.5],[109.5,20.9375],[109.5625,20.9375],[109.5625,20.75],[109.75,20.75],[109.75,20.8125],[109.7699,20.8125],[109.7603,20.8078],[109.7581,20.7928],[109.7732,20.7669],[109.7564,20.7497],[109.7603,20.73],[109.7869,20.6911],[109.8125,20.7082],[109.8125,20.6843],[109.7971,20.6776],[109.7752,20.6862],[109.7516,20.6737],[109.7459,20.6298],[109.7759,20.6313],[109.802,20.6163],[109.8189,20.5891],[109.8211,20.5546],[109.8277,20.5546],[109.8414,20.5956],[109.8482,20.5956],[109.8414,20.5472],[109.8257,20.5428],[109.8221,20.5165],[109.8497,20.5009],[109.875,20.4985],[109.875,20.4375],[109.9375,20.4375],[109.9375,20.4019],[109.9036,20.4311],[109.8961,20.4311],[109.888,20.414],[109.8628,20.4063],[109.8899,20.3827],[109.8741,20.3763],[109.9172,20.3523],[109.9287,20.3264],[109.9172,20.2393],[109.9339,20.2441],[109.9509,20.2722],[109.9658,20.281],[109.9923,20.2865],[110.006,20.2803],[110.0271,20.3008],[110.0576,20.2964],[110.0698,20.2778],[110.1275,20.248],[110.1878,20.253],[110.1966,20.2703],[110.2372,20.275],[110.2803,20.253],[110.3443,20.2792],[110.3621,20.3049],[110.4,20.3008],[110.4135,20.3125],[110.4375,20.3125],[110.4375,20.339],[110.473,20.3928],[110.5,20.4063],[110.5342,20.4783],[110.5,20.5457],[110.5,20.5625],[110.4375,20.5737],[110.4375,20.625],[110.4573,20.5869],[110.4758,20.5959],[110.4769,20.625],[110.8125,20.625],[110.8125,20.5625],[110.9375,20.5625],[110.9375,20.5],[111.0,20.5],[111.0,20.375],[111.0625,20.375],[111.0625,20.0625],[111.125,20.0625],[111.125,20.0],[110.9375,20.0],[110.9375,20.0625],[110.7268,20.0625]]],[[[71.125,20.4375],[71.0625,20.4375],[71.0625,20.5],[71.0,20.5],[71.0,20.5625],[70.875,20.625],[70.875,20.7039],[70.9824,20.7101],[71.0008,20.7222],[71.0077,20.7416],[71.0242,20.7445],[71.0623,20.739],[71.0768,20.75],[71.1875,20.75],[71.1875,20.7877],[71.2403,20.8125],[71.2812,20.8125],[71.2938,20.8377],[71.3186,20.8493],[71.4287,20.875],[71.5,20.875],[71.5037,20.9375],[71.625,20.9375],[71.625,20.9866],[71.64,20.9968],[71.75,21.0],[71.75,21.0291],[71.8069,21.0625],[71.875,21.0625],[71.875,21.101],[71.9174,21.125],[72.0625,21.125],[72.0667,21.1813],[72.125,21.1875],[72.125,21.3125],[72.1875,21.3125],[72.1875,21.4126],[72.2126,21.4375],[72.25,21.4375],[72.25,21.5079],[72.2752,21.5955],[72.2988,21.6263],[72.2957,21.6539],[72.2717,21.6909],[72.25,21.691],[72.25,22.0],[72.3333,22.0417],[72.375,22.125],[72.375,22.1875],[72.5,22.1875],[72.5,22.125],[72.5341,22.125],[72.5195,22.0884],[72.5222,22.0543],[72.5017,21.976],[72.5427,21.9108],[72.5625,21.9174],[72.5563,21.7743],[72.5285,21.6951],[72.5347,21.6729],[72.5625,21.669],[72.5625,21.5625],[72.625,21.5625],[72.625,21.4915],[72.5837,21.4174],[72.625,21.4303],[72.625,21.4046],[72.5646,21.3858],[72.5789,21.367],[72.5941,21.3628],[72.625,21.3704],[72.625,21.3555],[72.5905,21.3485],[72.5868,21.3412],[72.6061,21.2666],[72.6184,21.2529],[72.625,21.2592],[72.625,21.1301],[72.615,21.1059],[72.6379,21.0854],[72.6712,21.0998],[72.6724,21.125],[72.6875,21.125],[72.6875,21.0938],[72.7024,21.0863],[72.7004,21.0748],[72.7137,21.0806],[72.75,21.0625],[72.75,20.875],[72.875,20.8125],[72.875,20.5067],[72.8293,20.4375],[72.8125,20.4375],[72.8125,20.3711],[72.7816,20.3523],[72.7681,20.3125],[72.75,20.3125],[72.742,20.2456],[72.75,20.2007],[72.7376,20.1843],[72.7078,20.0625],[72.6875,20.0625],[72.6875,19.9688],[72.6652,19.9529],[72.6642,19.8816],[72.6492,19.852],[72.6799,19.8005],[72.6779,19.7466],[72.7164,19.75],[72.7264,19.7152],[72.7264,19.7058],[72.7078,19.6975],[72.6867,19.7248],[72.718,19.6067],[72.7108,19.5876],[72.7225,19.5363],[72.75,19.5134],[72.75,19.5],[72.7942,19.5],[72.7544,19.4818],[72.7468,19.468],[72.7634,19.3802],[72.7876,19.3452],[72.8125,19.3309],[72.8125,19.3165],[72.7854,19.3139],[72.7756,19.299],[72.773,19.25],[72.3125,19.25],[72.3125,19.3125],[72.25,19.3125],[72.25,19.375],[72.125,19.375],[72.0625,19.5],[71.9375,19.5],[71.9375,19.5625],[71.8125,19.5625],[71.75,19.6875],[71.625,19.6875],[71.5625,19.8125],[71.4375,19.8125],[71.4375,19.875],[71.3125,19.9375],[71.3125,20.125],[71.25,20.125],[71.25,20.25],[71.125,20.3125],[71.125,20.4375]]],[[[72.75,19.5333],[72.7345,19.5466],[72.7407,19.5607],[72.7345,19.5808],[72.75,19.5774],[72.75,19.5333]]],[[[72.8125,19.25],[72.8121,19.25],[72.8125,19.2505],[72.8125,19.25]]],[[[87.0,20.6545],[87.0342,20.6875],[87.0625,20.6875],[87.0625,20.875],[87.0,20.875],[86.9375,21.0],[87.125,21.0],[87.125,20.875],[87.3125,20.875],[87.3125,21.0625],[87.375,21.0625],[87.375,20.8125],[87.4375,20.8125],[87.4375,20.75],[87.25,20.75],[87.1875,20.625],[87.0,20.625],[87.0,20.6545]]],[[[87.0,20.6875],[87.0296,20.6875],[87.0,20.6727],[87.0,20.6875]]],[[[88.125,21.8617],[88.09,21.8087],[88.0505,21.7054],[88.0431,21.6576],[88.0635,21.6367],[88.0916,21.6365],[88.125,21.625],[88.1976,21.625],[88.2083,21.603],[88.2244,21.613],[88.2375,21.6017],[88.2486,21.5625],[88.1875,21.5625],[88.1875,21.375],[88.25,21.375],[88.25,21.3125],[88.4375,21.3125],[88.4375,21.25],[88.5625,21.25],[88.5625,21.1875],[88.6875,21.1875],[88.6875,21.125],[88.625,21.125],[88.625,21.0625],[88.4375,21.0625],[88.4375,21.0],[88.375,21.0],[88.375,21.0625],[87.8125,21.0625],[87.8125,21.0],[87.75,21.0],[87.75,21.125],[87.5,21.125],[87.5,21.0625],[87.4375,21.0625],[87.4375,21.25],[87.5,21.25],[87.5,21.3125],[87.625,21.3125],[87.625,21.375],[88.0,21.375],[88.0,21.4375],[88.0625,21.4375],[88.0625,21.625],[88.0,21.625],[88.0,21.875],[88.0713,21.875],[88.0723,21.8568],[88.0809,21.8494],[88.105,21.8612],[88.1151,21.875],[88.125,21.875],[88.125,21.8617]]],[[[88.3064,21.625],[88.3125,21.5625],[88.2926,21.5625],[88.3058,21.5717],[88.3045,21.5819],[88.2876,21.6003],[88.2842,21.6212],[88.3064,21.625]]],[[[91.5625,21.1875],[90.8125,21.1875],[90.8125,21.25],[90.5625,21.25],[90.5625,21.3125],[90.4375,21.3125],[90.4375,21.375],[90.25,21.375],[90.25,21.4375],[90.3125,21.4375],[90.3125,21.6875],[90.1875,21.6875],[90.1875,21.8015],[90.2038,21.8046],[90.265,21.8512],[90.3125,21.875],[90.3125,21.9914],[90.317,22.0],[90.3487,22.0],[90.3396,21.9723],[90.346,21.9723],[90.3594,22.0],[90.375,22.0],[90.3811,22.0231],[90.3875,22.048],[90.375,22.0458],[90.3762,22.125],[90.3927,22.125],[90.3875,22.1026],[90.3938,22.0947],[90.4386,22.076],[90.4596,22.0919],[90.4799,22.125],[90.5,22.125],[90.5011,22.1767],[90.5161,22.1875],[90.5625,22.1875],[90.5625,22.1376],[90.5335,22.1101],[90.5031,22.0963],[90.4917,22.0801],[90.4837,22.035],[90.5383,22.0685],[90.5444,22.0617],[90.5036,22.0241],[90.509,21.9994],[90.5195,21.9947],[90.5383,22.0002],[90.5597,22.0237],[90.5694,22.0625],[90.6063,22.0625],[90.61,22.0241],[90.626,22.0272],[90.6521,22.0625],[90.6623,22.0625],[90.6394,22.0161],[90.6475,21.994],[90.6577,21.9929],[90.6917,22.007],[90.7178,22.0484],[90.7361,22.0625],[90.75,22.0625],[90.75,22.076],[90.7573,22.0617],[90.7747,22.0759],[90.8323,22.1662],[90.875,22.1875],[90.875,22.375],[91.0738,22.375],[91.0683,22.2407],[91.0591,22.192],[91.0051,22.1168],[91.0225,22.0949],[91.0633,22.0898],[91.0937,22.1189],[91.1415,22.1462],[91.1868,22.2278],[91.1714,22.3196],[91.1565,22.3321],[91.1488,22.3571],[91.1266,22.375],[91.375,22.375],[91.375,22.5],[91.4284,22.5],[91.4375,22.4745],[91.4375,22.4375],[91.4582,22.4375],[91.4761,22.4133],[91.5075,22.3968],[91.5552,22.402],[91.5633,22.4375],[91.7292,22.4375],[91.7544,22.3747],[91.7717,22.2603],[91.7871,22.2379],[91.8125,22.2388],[91.813,22.1803],[91.8291,22.1341],[91.846,22.1169],[91.8533,22.1487],[91.8621,22.1506],[91.8672,22.1374],[91.8535,22.1436],[91.875,22.0304],[91.875,21.9147],[91.8672,21.932],[91.8362,21.8941],[91.8399,21.8255],[91.824,21.7426],[91.8325,21.7258],[91.875,21.8331],[91.875,21.8125],[91.9008,21.8125],[91.8993,21.7895],[91.9087,21.7812],[91.9375,21.7895],[91.9375,21.7323],[91.9356,21.7812],[91.9012,21.7743],[91.9095,21.7268],[91.9033,21.7029],[91.8877,21.685],[91.9028,21.7303],[91.898,21.7433],[91.8723,21.7548],[91.8535,21.7258],[91.8479,21.6888],[91.874,21.5819],[91.8711,21.5477],[91.8552,21.5195],[91.8684,21.4868],[91.8877,21.4801],[91.8997,21.486],[91.8945,21.5068],[91.9611,21.5062],[91.976,21.5625],[91.9904,21.5625],[92.0,21.4992],[91.9829,21.4888],[91.9634,21.4521],[91.9497,21.4584],[91.9597,21.424],[92.0,21.3768],[92.0,21.25],[91.5625,21.25],[91.5625,21.1875]],[[90.522,21.9388],[90.5104,21.8979],[90.5315,21.8767],[90.5036,21.8699],[90.5036,21.8625],[90.5213,21.8615],[90.5408,21.8759],[90.5656,21.9177],[90.5808,21.9125],[90.5908,21.9351],[90.6066,21.9388],[90.5935,21.9661],[90.5935,21.9866],[90.522,21.9388]],[[90.3225,21.9167],[90.3229,21.8439],[90.3416,21.8603],[90.3655,21.9387],[90.3906,21.9783],[90.3943,22.0002],[90.3714,21.9948],[90.354,21.9768],[90.3225,21.9167]],[[90.4155,22.0383],[90.4119,21.976],[90.3943,21.9388],[90.4024,21.9069],[90.4155,21.9005],[90.4763,21.945],[90.4862,21.9768],[90.4733,22.0036],[90.4285,22.048],[90.4155,22.0383]],[[90.9356,22.2125],[90.9192,22.1321],[90.9294,22.1169],[90.949,22.1216],[90.9567,22.1448],[90.9512,22.2125],[90.9417,22.205],[90.9356,22.2125]],[[90.9948,22.2138],[90.9969,22.2535],[90.9829,22.2592],[90.9764,22.1858],[90.9948,22.2138]],[[90.9901,22.2814],[90.9895,22.3408],[90.9764,22.3633],[90.9602,22.323],[90.9567,22.2777],[90.9372,22.2327],[90.9529,22.2268],[90.9901,22.2814]]],[[[91.8125,22.3188],[91.8088,22.3063],[91.8125,22.2757],[91.794,22.286],[91.7914,22.3019],[91.8125,22.3188]]],[[[113.875,22.3125],[113.8882,22.286],[113.8506,22.2568],[113.8568,22.246],[113.8492,22.2441],[113.8492,22.2342],[113.8392,22.2342],[113.8392,22.2049],[113.8464,22.1971],[113.8925,22.2224],[113.9063,22.204],[113.9265,22.2096],[113.9375,22.1875],[113.875,22.1875],[113.875,22.125],[113.75,22.125],[113.75,22.25],[113.8125,22.25],[113.8125,22.3125],[113.875,22.3125]]],[[[113.9221,22.2184],[113.9183,22.2192],[113.9202,22.2221],[113.9221,22.2184]]],[[[68.625,22.5],[68.5625,22.5],[68.5625,22.75],[68.5,22.75],[68.5625,22.875],[68.875,22.875],[68.875,23.0165],[69.0399,22.9505],[69.2019,22.8522],[69.2388,22.8419],[69.3381,22.8331],[69.375,22.8186],[69.375,22.8125],[69.4083,22.8125],[69.5,22.7817],[69.5444,22.7817],[69.5857,22.7612],[69.6538,22.7605],[69.6932,22.75],[69.6875,22.75],[69.6875,22.625],[69.625,22.625],[69.625,22.4375],[69.5522,22.4375],[69.5479,22.4521],[69.516,22.4481],[69.5145,22.4375],[69.5,22.4375],[69.5,22.375],[69.4375,22.375],[69.4375,22.4375],[69.0527,22.4375],[69.0823,22.4595],[69.0852,22.4729],[69.0736,22.4819],[69.0,22.4375],[68.9744,22.4047],[68.9606,22.3495],[68.944,22.3183],[68.9446,22.2951],[68.9708,22.25],[68.9375,22.25],[68.9375,22.3125],[68.75,22.3125],[68.75,22.375],[68.625,22.375],[68.625,22.5]]],[[[69.75,22.75],[69.7209,22.75],[69.75,22.791],[69.75,22.75]]],[[[117.3125,23.25],[117.3125,23.3125],[117.125,23.3125],[117.125,23.4001],[117.14,23.4375],[117.25,23.4375],[117.25,23.375],[117.4375,23.375],[117.4375,23.662],[117.4798,23.6627],[117.4768,23.6875],[117.625,23.6875],[117.625,23.7802],[117.6393,23.7941],[117.626,23.8125],[117.875,23.8125],[117.875,23.6875],[117.9375,23.6875],[117.9375,23.5625],[118.0,23.5625],[118.0625,23.4375],[118.875,23.4375],[118.875,23.5],[118.9375,23.5],[118.9375,23.5625],[119.0625,23.5625],[119.125,23.6875],[119.25,23.6875],[119.25,23.75],[119.5962,23.75],[119.5885,23.743],[119.5941,23.7275],[119.6125,23.75],[119.625,23.75],[119.625,23.875],[119.75,23.875],[119.75,24.125],[119.625,24.125],[119.625,24.1875],[119.5,24.1875],[119.5,24.25],[119.875,24.25],[119.875,24.1875],[120.0625,24.1875],[120.0625,24.125],[120.125,24.125],[120.125,24.0625],[120.25,24.0],[120.293,23.914],[120.2575,23.8784],[120.2407,23.8328],[120.2165,23.8125],[120.1875,23.8125],[120.1875,23.7711],[120.1708,23.6989],[120.1436,23.638],[120.1417,23.5379],[120.1243,23.52],[120.125,23.4896],[120.1575,23.4915],[120.1321,23.457],[120.1413,23.4375],[120.1261,23.4445],[120.125,23.3184],[120.1165,23.3179],[120.1105,23.3037],[120.1247,23.295],[120.1089,23.2867],[120.0786,23.207],[120.0869,23.182],[120.062,23.165],[120.0594,23.151],[120.0892,23.1177],[120.0594,23.1175],[120.0594,23.1107],[120.1004,23.097],[120.0964,23.0864],[120.0594,23.0759],[120.0552,23.0437],[120.0663,23.0349],[120.0925,23.0548],[120.1079,23.0486],[120.1141,23.0076],[120.1267,23.0071],[120.1421,23.0349],[120.1662,23.0317],[120.1703,23.0134],[120.1639,23.0],[119.75,23.0],[119.75,23.0625],[119.5,23.0625],[119.5,23.0],[119.4375,23.0],[119.4375,22.9375],[119.3125,22.9375],[119.3125,22.875],[119.0625,22.875],[119.0625,22.8125],[118.8125,22.8125],[118.8125,22.75],[118.5625,22.75],[118.5625,22.6875],[118.3125,22.6875],[118.3125,22.625],[118.0625,22.625],[118.0625,22.6875],[117.875,22.6875],[117.875,22.625],[117.6875,22.625],[117.6875,22.875],[117.5625,22.9375],[117.5625,23.0625],[117.5,23.0625],[117.5,23.1875],[117.4375,23.1875],[117.4375,23.25],[117.3125,23.25]],[[119.6333,23.5935],[119.6063,23.5904],[119.6131,23.6103],[119.5672,23.5885],[119.5524,23.5904],[119.5524,23.5625],[119.5593,23.5693],[119.5872,23.5488],[119.5574,23.5346],[119.532,23.5488],[119.5271,23.54],[119.564,23.5166],[119.6001,23.5284],[119.6097,23.5519],[119.6406,23.5635],[119.6685,23.5488],[119.6658,23.5733],[119.648,23.6035],[119.6333,23.5935]],[[119.4745,23.5797],[119.4495,23.5741],[119.4424,23.5625],[119.4917,23.571],[119.5012,23.6198],[119.5173,23.6376],[119.5013,23.6504],[119.4894,23.6396],[119.4745,23.5797]],[[119.5851,23.6247],[119.5869,23.645],[119.5962,23.6533],[119.5664,23.6792],[119.5453,23.6649],[119.5768,23.6225],[119.5851,23.6247]],[[120.0077,23.4326],[120.0903,23.4994],[120.1248,23.5505],[120.0077,23.4326]],[[120.032,23.0708],[120.0282,23.0662],[120.0432,23.0446],[120.0461,23.0523],[120.032,23.0708]],[[120.0476,23.1454],[120.0514,23.1682],[120.0366,23.121],[120.0476,23.1454]],[[119.4076,23.2134],[119.4183,23.1918],[119.4356,23.2067],[119.436,23.2197],[119.4076,23.2134]],[[120.0768,23.2185],[120.0741,23.2246],[120.0604,23.1902],[120.0768,23.2185]],[[119.4137,23.2476],[119.397,23.2455],[119.398,23.2368],[119.4142,23.226],[119.4207,23.2368],[119.4137,23.2476]],[[119.6139,23.2488],[119.6013,23.255],[119.6047,23.2478],[119.6139,23.2488]],[[119.6101,23.259],[119.6094,23.2565],[119.6112,23.2571],[119.6101,23.259]],[[119.6693,23.2633],[119.6581,23.257],[119.6623,23.2472],[119.6693,23.2633]],[[119.6494,23.2633],[119.6525,23.2615],[119.6523,23.2659],[119.6494,23.2633]],[[119.5019,23.2746],[119.4974,23.2684],[119.5042,23.2712],[119.5019,23.2746]],[[120.0876,23.2967],[120.0833,23.2604],[120.0837,23.26],[120.0876,23.2967]],[[119.3267,23.3188],[119.3295,23.3174],[119.3292,23.3192],[119.3267,23.3188]],[[119.3119,23.3242],[119.3147,23.3229],[119.3139,23.3251],[119.3119,23.3242]],[[119.3297,23.3234],[119.3281,23.3199],[119.3294,23.3198],[119.3297,23.3234]],[[120.1055,23.3112],[120.1139,23.3346],[120.0987,23.3065],[120.1055,23.3112]],[[120.1223,23.3722],[120.1113,23.3578],[120.1104,23.3514],[120.1223,23.3722]],[[119.5211,23.3741],[119.5142,23.361],[119.5327,23.372],[119.5211,23.3741]],[[119.5078,23.3729],[119.4999,23.3909],[119.4787,23.4051],[119.471,23.3874],[119.4732,23.3793],[119.4841,23.3836],[119.4796,23.3581],[119.5031,23.3567],[119.5078,23.3729]],[[119.3209,23.403],[119.3119,23.4109],[119.3065,23.4017],[119.3106,23.3979],[119.3209,23.403]],[[119.5344,23.4973],[119.5,23.4928],[119.501,23.4857],[119.5344,23.4973]]],[[[68.5625,23.7143],[68.5413,23.6875],[68.5,23.6875],[68.4886,23.6647],[68.4694,23.6592],[68.4688,23.6408],[68.476,23.6395],[68.4663,23.6201],[68.4275,23.6314],[68.4089,23.6213],[68.4092,23.5625],[68.3125,23.5625],[68.3125,23.5877],[68.3273,23.5869],[68.353,23.6107],[68.3429,23.625],[68.375,23.625],[68.375,23.6607],[68.3991,23.6875],[68.4375,23.6875],[68.4579,23.7284],[68.5877,23.7757],[68.6175,23.8125],[68.625,23.8125],[68.625,23.757],[68.5625,23.75],[68.5625,23.7143]]],[[[56.375,26.5625],[56.5625,26.5625],[56.5625,26.5],[56.625,26.5],[56.625,26.3125],[56.5,26.3125],[56.5111,26.3335],[56.5,26.375],[56.3755,26.375],[56.37,26.386],[56.3613,26.375],[56.25,26.375],[56.25,26.25],[56.2087,26.25],[56.2083,26.2631],[56.1871,26.2508],[56.125,26.375],[56.1875,26.375],[56.1875,26.4375],[56.3125,26.4375],[56.375,26.5625]]],[[[55.3125,26.4375],[55.4375,26.375],[55.4375,26.3125],[55.375,26.3125],[55.375,26.25],[55.25,26.1875],[55.25,26.5],[54.9375,26.5],[54.9375,26.5625],[55.0,26.5625],[55.0,26.6231],[55.0625,26.625],[55.1033,26.7013],[55.2059,26.7264],[55.2188,26.75],[55.3125,26.75],[55.3125,26.6875],[55.375,26.6875],[55.375,26.6591],[55.3519,26.6474],[55.3319,26.6453],[55.2847,26.6602],[55.2738,26.6498],[55.2892,26.6136],[55.2806,26.5847],[55.2854,26.56],[55.2983,26.5436],[55.3125,26.5463],[55.3125,26.4375]],[[55.3095,26.283],[55.2864,26.2651],[55.2949,26.2502],[55.3226,26.2541],[55.3203,26.2783],[55.3095,26.283]]],[[[56.0625,27.1086],[56.0926,27.125],[56.125,27.125],[56.125,27.0],[55.9375,27.0],[55.9375,26.9375],[55.8125,26.9375],[55.8125,27.0093],[55.9393,27.0267],[55.9822,27.0625],[56.0625,27.0625],[56.0625,27.1086]]],[[[118.6875,38.5],[118.8125,38.5],[118.8125,38.4375],[119.0,38.4375],[119.0,38.375],[119.0625,38.375],[119.0625,38.0625],[119.0,38.0625],[119.0,38.1875],[118.6875,38.1875],[118.6875,38.3125],[118.5625,38.3125],[118.5625,38.4375],[118.6875,38.4375],[118.6875,38.5]]],[[[118.4375,39.0625],[118.4375,38.875],[118.25,38.875],[118.25,38.9375],[118.1875,38.9375],[118.1875,39.1089],[118.2071,39.0767],[118.2353,39.0531],[118.3261,39.0309],[118.3443,39.0307],[118.409,39.0625],[118.4375,39.0625]]],[[[54.375,69.0625],[54.5625,69.0625],[54.5625,69.125],[55.1875,69.125],[55.1875,69.0625],[55.5,69.0625],[55.5,68.9375],[55.3386,68.9464],[55.2398,68.9274],[55.2254,68.9138],[55.375,68.9266],[55.375,68.875],[54.625,68.875],[54.625,68.9375],[54.5,68.9375],[54.5,68.9819],[54.5403,68.982],[54.5569,68.9929],[54.5559,69.0047],[54.375,69.0119],[54.375,69.0625]],[[54.6167,68.9973],[54.5955,68.9752],[54.5708,68.9641],[54.6026,68.9546],[54.6401,68.9565],[54.6857,68.9687],[54.6979,68.982],[54.6948,68.9973],[54.6799,69.0055],[54.6433,69.0093],[54.6167,68.9973]],[[54.9142,68.9376],[54.9119,68.931],[54.9233,68.9241],[54.9883,68.9119],[55.0195,68.9154],[55.0222,68.9282],[55.0129,68.9359],[54.9743,68.9399],[54.9142,68.9376]]],[[[59.125,69.1875],[59.1437,69.1875],[59.1731,69.1691],[59.2446,69.1457],[59.2357,69.1875],[59.3125,69.1875],[59.3125,69.125],[59.375,69.125],[59.4375,69.0],[58.9375,69.0032],[58.9375,69.0625],[59.0625,69.0625],[59.125,69.1875]]],[[[110.125,74.25],[110.125,74.1875],[110.1875,74.1875],[110.1875,74.125],[110.125,74.125],[110.0701,74.0153],[110.0215,74.0145],[109.9642,74.0],[109.625,74.0],[109.625,73.8421],[109.5576,73.834],[109.5327,73.8125],[109.375,73.8125],[109.375,73.9375],[109.5,73.9375],[109.5,74.0625],[109.5625,74.0625],[109.5625,74.1065],[109.6239,74.125],[109.6875,74.125],[109.6875,74.1385],[109.7969,74.1617],[109.875,74.1875],[109.9129,74.2116],[109.9476,74.25],[110.125,74.25]]],[[[73.375,89.625],[92.25,89.625],[92.25,89.5625],[87.8125,89.5625],[87.8125,89.5],[84.8125,89.5],[84.8125,89.5625],[68.5,89.5625],[68.5,89.625],[63.25,89.625],[63.25,89.6875],[73.375,89.6875],[73.375,89.625]]],[[[135.8125,-8.25],[135.8125,-8.5],[135.75,-8.5],[135.75,-8.4375],[135.6875,-8.4375],[135.6875,-8.25],[135.8125,-8.25]]],[[[127.25,-8.5],[127.25,-8.4718],[127.3032,-8.4323],[127.3132,-8.4152],[127.306,-8.3952],[127.25,-8.3725],[127.25,-8.3125],[127.375,-8.25],[127.375,-8.4375],[127.25,-8.5]]],[[[123.1875,-8.4375],[123.25,-8.4375],[123.25,-8.4047],[123.2893,-8.4045],[123.3211,-8.3849],[123.3355,-8.2992],[123.3503,-8.28],[123.3406,-8.2589],[123.3308,-8.2547],[123.3143,-8.2614],[123.25,-8.2359],[123.25,-8.1875],[123.4375,-8.1875],[123.4375,-8.125],[123.5,-8.125],[123.5,-8.1875],[123.5625,-8.1875],[123.5625,-8.2467],[123.5161,-8.2409],[123.4568,-8.2791],[123.4142,-8.2672],[123.3664,-8.3045],[123.3696,-8.3167],[123.4733,-8.321],[123.4837,-8.3302],[123.4802,-8.3581],[123.3576,-8.4113],[123.2501,-8.5],[123.1875,-8.5],[123.1875,-8.4375]]],[[[124.3125,-8.375],[124.3125,-8.1875],[124.2703,-8.1789],[124.25,-8.1875],[124.25,-8.125],[124.5,-8.125],[124.5,-8.138],[124.4753,-8.1326],[124.4507,-8.149],[124.4328,-8.1911],[124.3968,-8.2205],[124.3924,-8.2652],[124.4212,-8.2675],[124.4375,-8.2598],[124.4375,-8.2899],[124.4105,-8.3061],[124.3765,-8.3713],[124.3492,-8.3933],[124.3125,-8.375]]],[[[124.5,-8.25],[124.4583,-8.25],[124.5,-8.2311],[124.5,-8.25]]],[[[123.75,-8.125],[123.9375,-8.125],[123.9375,-8.0625],[124.0,-8.0625],[124.0938,-8.25],[124.125,-8.25],[124.125,-8.3125],[124.0656,-8.3125],[124.0442,-8.3049],[124.0,-8.3125],[124.0,-8.3286],[123.967,-8.3608],[123.9375,-8.4148],[123.9375,-8.375],[123.75,-8.375],[123.7659,-8.3217],[123.7899,-8.2936],[123.8765,-8.2862],[123.9375,-8.2652],[123.9388,-8.2322],[123.8488,-8.2136],[123.8045,-8.1789],[123.7671,-8.193],[123.75,-8.2091],[123.75,-8.125]]],[[[124.0,-8.4375],[123.9781,-8.4375],[124.0,-8.4303],[124.0,-8.4375]]],[[[127.3125,-7.4375],[127.4375,-7.375],[127.4375,-7.4375],[127.625,-7.4375],[127.6875,-7.5625],[127.5,-7.5625],[127.5,-7.5],[127.3125,-7.5],[127.3125,-7.4375]]],[[[135.5,-7.625],[135.5,-7.5625],[135.4375,-7.5625],[135.4375,-7.4375],[135.375,-7.4375],[135.375,-7.25],[135.5625,-7.25],[135.5625,-7.625],[135.5,-7.625]]],[[[121.625,-7.3125],[121.4375,-7.3125],[121.4375,-7.375],[121.25,-7.375],[121.25,-7.5],[121.1875,-7.5],[121.1875,-7.375],[120.8125,-7.375],[120.8482,-7.3036],[120.8814,-7.295],[120.9639,-7.3139],[120.9927,-7.3336],[121.0569,-7.3211],[121.0669,-7.3025],[121.05,-7.2858],[121.0199,-7.2804],[120.8711,-7.2735],[120.8644,-7.2711],[120.875,-7.25],[121.2188,-7.25],[121.25,-7.1875],[121.3125,-7.1875],[121.3125,-7.25],[121.5,-7.25],[121.5,-7.1875],[121.625,-7.1875],[121.625,-7.0625],[121.6875,-7.0625],[121.6875,-7.1875],[121.9375,-7.1875],[121.9375,-7.375],[121.8358,-7.375],[121.8371,-7.3565],[121.8182,-7.3336],[121.7798,-7.3434],[121.7556,-7.375],[121.6875,-7.375],[121.6875,-7.4375],[121.625,-7.4375],[121.625,-7.3125]],[[121.7677,-7.2645],[121.7315,-7.2826],[121.7331,-7.2988],[121.7779,-7.2874],[121.7819,-7.2735],[121.7677,-7.2645]]],[[[133.5,-7.125],[133.625,-7.0625],[133.625,-6.9375],[133.6875,-6.9375],[133.6875,-6.8125],[133.8125,-6.8125],[133.8125,-6.75],[133.875,-6.75],[133.9375,-6.625],[134.0878,-6.625],[134.0545,-6.7516],[134.055,-6.7752],[134.0734,-6.8268],[134.1462,-6.859],[134.1851,-6.9186],[134.2448,-6.8835],[134.3107,-6.8595],[134.3623,-6.8125],[134.375,-6.8125],[134.3793,-6.75],[134.4375,-6.75],[134.4375,-6.8125],[134.6875,-6.8125],[134.6875,-6.75],[134.75,-6.75],[134.75,-6.8125],[134.9375,-6.8125],[134.9375,-7.0],[134.875,-7.0],[134.875,-7.25],[134.9375,-7.25],[134.9375,-7.3125],[134.875,-7.3125],[134.875,-7.4375],[134.8125,-7.4375],[134.8125,-7.5625],[134.6875,-7.5625],[134.625,-7.6875],[134.5625,-7.6875],[134.5625,-7.625],[134.375,-7.625],[134.375,-7.6875],[134.25,-7.6875],[134.25,-7.75],[134.1875,-7.75],[134.1875,-7.6875],[134.125,-7.6875],[134.125,-7.625],[134.0,-7.5625],[134.0,-7.4375],[133.9375,-7.4375],[133.9375,-7.375],[133.6875,-7.375],[133.6875,-7.5],[133.5625,-7.5],[133.5625,-7.4375],[133.5,-7.4375],[133.5,-7.125]],[[134.4935,-7.062],[134.4729,-7.089],[134.5226,-7.0992],[134.5357,-7.0806],[134.5305,-7.0671],[134.5043,-7.0699],[134.4935,-7.062]],[[134.5151,-6.9441],[134.5116,-6.9295],[134.4886,-6.9453],[134.4925,-6.9534],[134.5268,-6.9511],[134.5151,-6.9441]],[[134.6554,-6.8447],[134.6183,-6.857],[134.5903,-6.8867],[134.5742,-6.8777],[134.5793,-6.8985],[134.5899,-6.8993],[134.6228,-6.869],[134.6613,-6.8495],[134.6554,-6.8447]]],[[[120.75,-7.0],[120.5625,-7.0],[120.5625,-6.9375],[120.6875,-6.9375],[120.6875,-6.875],[120.8125,-6.875],[120.8438,-6.9375],[120.875,-6.9375],[120.875,-7.0625],[120.7828,-7.0625],[120.7813,-7.0559],[120.75,-7.0625],[120.75,-7.0]]],[[[131.4375,-6.6875],[131.5821,-6.6875],[131.5657,-6.6965],[131.5374,-6.7381],[131.5274,-6.7809],[131.551,-6.8015],[131.5913,-6.7677],[131.5662,-6.7516],[131.5687,-6.7326],[131.584,-6.7195],[131.6062,-6.7271],[131.6245,-6.7097],[131.6234,-6.6875],[131.6875,-6.6875],[131.6875,-6.8125],[131.625,-6.8125],[131.5625,-6.9375],[131.5,-6.9375],[131.5,-6.8959],[131.5117,-6.8637],[131.5,-6.8623],[131.5,-6.75],[131.4375,-6.75],[131.4375,-6.6875]]],[[[121.25,-6.5],[121.25,-6.6875],[121.125,-6.6875],[121.125,-6.625],[121.0625,-6.625],[121.0625,-6.5],[121.0,-6.5],[121.0625,-6.375],[121.1875,-6.375],[121.1875,-6.5],[121.25,-6.5]]],[[[136.8125,-5.0],[136.9375,-5.0],[136.9375,-5.0625],[137.0,-5.0625],[137.0,-5.125],[137.0625,-5.125],[137.125,-5.25],[137.25,-5.25],[137.25,-5.3125],[137.375,-5.3125],[137.375,-5.375],[137.5,-5.4375],[137.5,-5.5625],[137.625,-5.5625],[137.625,-5.6875],[137.5625,-5.6875],[137.5625,-5.875],[137.625,-5.875],[137.625,-5.9375],[137.8125,-5.9375],[137.8125,-6.0],[138.0,-6.0],[138.0,-6.1875],[138.0625,-6.1875],[138.0625,-6.375],[138.125,-6.375],[138.125,-6.4375],[138.25,-6.4375],[138.25,-6.625],[138.1875,-6.625],[138.1875,-6.8125],[138.125,-6.8125],[138.125,-6.9375],[138.0625,-6.9375],[138.0625,-7.0625],[137.9375,-7.0625],[137.9375,-7.125],[137.875,-7.125],[137.875,-7.1875],[137.75,-7.25],[137.75,-7.5],[137.625,-7.5625],[137.625,-7.8125],[137.5625,-7.8125],[137.5625,-8.0625],[137.625,-8.0625],[137.625,-8.1875],[137.7107,-8.1875],[137.637,-8.3894],[137.6382,-8.4259],[137.6771,-8.426],[137.75,-8.3977],[137.75,-8.5],[137.5625,-8.5],[137.5625,-8.4375],[137.3125,-8.4375],[137.3125,-8.375],[136.9375,-8.375],[136.9375,-8.3125],[136.8125,-8.25],[136.8125,-8.0625],[136.75,-8.0625],[136.75,-7.9375],[137.0,-7.9375],[137.0,-7.6875],[136.9375,-7.6875],[136.9375,-7.625],[136.75,-7.625],[136.75,-7.3125],[136.875,-7.3125],[136.875,-7.25],[137.1875,-7.25],[137.1875,-7.1875],[137.25,-7.1875],[137.25,-6.875],[137.1875,-6.875],[137.1875,-6.5],[137.125,-6.5],[137.125,-6.4375],[137.0625,-6.4375],[137.0625,-6.3125],[137.0,-6.3125],[137.0,-6.125],[137.0625,-6.125],[137.0625,-5.875],[136.9375,-5.875],[136.9375,-5.8125],[136.8125,-5.8125],[136.75,-5.6875],[136.625,-5.6875],[136.625,-5.625],[136.5625,-5.625],[136.5625,-5.5],[136.5,-5.5],[136.5,-5.4375],[136.375,-5.4375],[136.375,-5.25],[136.1875,-5.25],[136.1875,-5.375],[136.0625,-5.375],[136.0625,-5.4375],[135.9375,-5.4375],[135.9375,-5.625],[136.0625,-5.6875],[136.0625,-5.875],[136.0,-5.875],[136.0,-5.8125],[135.875,-5.8125],[135.875,-5.75],[135.8125,-5.75],[135.8125,-5.625],[135.4375,-5.625],[135.4375,-5.6875],[135.375,-5.6875],[135.375,-5.75],[135.3125,-5.75],[135.25,-5.875],[135.0625,-5.875],[135.0625,-5.8125],[135.0,-5.8125],[135.0,-5.6875],[134.75,-5.6875],[134.7581,-5.6713],[134.75,-5.6586],[134.75,-5.5],[134.6875,-5.5],[134.6562,-5.4375],[134.625,-5.4375],[134.625,-5.375],[134.5481,-5.375],[134.5614,-5.3559],[134.5756,-5.3561],[134.5715,-5.3366],[134.5506,-5.3329],[134.5304,-5.3393],[134.5289,-5.3527],[134.5,-5.3642],[134.5,-5.125],[134.5625,-5.125],[134.5625,-5.0],[134.625,-5.0],[134.625,-4.75],[134.6875,-4.75],[134.6875,-4.6875],[134.8125,-4.625],[134.8125,-4.375],[134.75,-4.375],[134.8103,-4.2543],[134.875,-4.2549],[134.875,-4.3125],[134.9514,-4.3125],[135.0,-4.3421],[135.0,-4.375],[135.0571,-4.375],[135.1856,-4.4489],[135.2278,-4.4612],[135.272,-4.4584],[135.3306,-4.4399],[135.4392,-4.4375],[135.5,-4.45],[135.5,-4.5],[135.75,-4.5],[135.75,-4.625],[135.625,-4.6875],[135.625,-5.1875],[135.5625,-5.1875],[135.5625,-4.9375],[135.3125,-4.9375],[135.3125,-5.25],[135.375,-5.25],[135.375,-5.4375],[135.4375,-5.4375],[135.4375,-5.5],[135.5625,-5.5],[135.5625,-5.5625],[135.75,-5.5625],[135.75,-5.375],[135.8125,-5.375],[135.8125,-5.25],[135.875,-5.25],[135.875,-5.1875],[135.9375,-5.1562],[135.9375,-5.125],[136.0,-5.125],[136.0,-4.875],[136.125,-4.8125],[136.125,-4.625],[136.1464,-4.625],[136.177,-4.6496],[136.2757,-4.6763],[136.3125,-4.75],[136.4913,-4.75],[136.5,-4.7544],[136.5,-4.8125],[136.6078,-4.8125],[136.625,-4.822],[136.625,-4.875],[136.7992,-4.8801],[136.8125,-4.9208],[136.8125,-5.0]]],[[[130.9375,-3.8125],[131.0625,-3.8125],[131.0625,-3.9375],[131.0,-3.9375],[131.0,-3.875],[130.931,-3.875],[130.9273,-3.8696],[130.8125,-3.875],[130.8125,-3.8667],[130.8416,-3.865],[130.8253,-3.8125],[130.875,-3.8125],[130.875,-3.75],[130.9375,-3.75],[130.9375,-3.8125]]],[[[127.375,-3.5625],[127.25,-3.5625],[127.25,-3.4409],[127.2688,-3.3859],[127.25,-3.3675],[127.25,-3.3125],[127.375,-3.375],[127.375,-3.5625]]],[[[127.5,-3.1875],[127.625,-3.1875],[127.625,-3.125],[127.9289,-3.125],[127.9056,-3.1495],[127.8439,-3.1661],[127.8423,-3.1733],[127.8601,-3.1875],[127.7887,-3.1875],[127.7844,-3.1687],[127.7581,-3.1495],[127.7063,-3.1563],[127.6433,-3.2244],[127.6585,-3.2456],[127.625,-3.3125],[127.564,-3.2558],[127.5264,-3.2543],[127.5,-3.2826],[127.5,-3.1875]]],[[[127.875,-3.25],[127.875,-3.2082],[127.8828,-3.25],[127.875,-3.25]]],[[[133.5484,-2.5],[133.4456,-2.4947],[133.4375,-2.5],[133.4375,-2.4375],[133.3473,-2.4375],[133.3324,-2.4317],[133.3011,-2.4375],[133.2585,-2.4164],[133.1963,-2.4295],[133.1729,-2.4221],[133.1313,-2.4375],[133.0625,-2.4375],[133.0625,-2.4659],[133.0335,-2.4794],[133.0148,-2.5],[133.0,-2.5],[133.0,-2.5237],[132.9653,-2.5625],[132.9375,-2.5625],[132.874,-2.6875],[132.8125,-2.6875],[132.8125,-2.625],[132.625,-2.625],[132.625,-2.6875],[132.375,-2.6875],[132.375,-2.625],[132.1875,-2.625],[132.1875,-2.681],[132.1616,-2.6833],[132.1133,-2.7044],[132.1108,-2.7194],[132.126,-2.7182],[132.125,-2.7382],[132.0881,-2.7356],[132.0785,-2.7385],[132.0835,-2.75],[132.0654,-2.7448],[132.0583,-2.7586],[132.0103,-2.759],[131.958,-2.7882],[132.035,-2.7936],[132.0444,-2.8034],[132.0379,-2.8176],[131.9928,-2.8402],[131.9375,-2.8125],[131.9375,-2.625],[132.0,-2.625],[132.0,-2.375],[132.0625,-2.375],[132.0625,-2.3125],[132.1875,-2.25],[132.1875,-2.1542],[132.2362,-2.183],[132.2805,-2.2498],[132.3057,-2.2656],[132.3479,-2.2701],[132.4553,-2.2172],[132.5237,-2.2042],[132.5559,-2.1875],[132.583,-2.1909],[132.6135,-2.211],[132.6367,-2.2773],[132.6693,-2.2892],[132.6887,-2.3072],[132.7921,-2.25],[132.8413,-2.25],[132.9016,-2.2792],[132.9436,-2.2834],[133.0202,-2.2558],[133.135,-2.2385],[133.1694,-2.2169],[133.2312,-2.2172],[133.2962,-2.2042],[133.3166,-2.2226],[133.3882,-2.2172],[133.4456,-2.2379],[133.5147,-2.226],[133.5042,-2.2035],[133.5213,-2.2096],[133.5331,-2.2385],[133.5486,-2.245],[133.5646,-2.2379],[133.5916,-2.1875],[133.5936,-2.2376],[133.6233,-2.2253],[133.6519,-2.2341],[133.6621,-2.214],[133.6875,-2.201],[133.6875,-2.2218],[133.6764,-2.2334],[133.6941,-2.25],[133.6756,-2.2674],[133.75,-2.25],[133.75,-2.375],[133.6875,-2.375],[133.625,-2.5],[133.5962,-2.5],[133.6058,-2.4889],[133.6055,-2.468],[133.5059,-2.4245],[133.49,-2.4312],[133.5135,-2.476],[133.5484,-2.5]]],[[[132.0,-2.875],[132.0,-2.8512],[132.0239,-2.8547],[132.0187,-2.875],[132.0,-2.875]]],[[[126.0625,-2.3125],[126.0625,-2.3585],[126.0106,-2.25],[126.125,-2.25],[126.125,-2.3125],[126.0625,-2.3125]]],[[[125.9375,-2.375],[125.9375,-2.2611],[125.9548,-2.3022],[125.9592,-2.375],[125.9375,-2.375]]],[[[136.875,-1.875],[136.875,-1.8184],[136.8994,-1.7995],[136.875,-1.7806],[136.875,-1.75],[137.1875,-1.75],[137.1875,-1.7704],[137.1235,-1.7975],[137.1154,-1.8125],[137.0,-1.8125],[137.0,-1.8336],[136.9623,-1.834],[136.9762,-1.8445],[137.0,-1.8476],[137.0,-1.875],[136.875,-1.875]]],[[[129.75,-1.8125],[129.6875,-1.8125],[129.625,-1.6875],[129.8125,-1.6875],[129.8125,-1.8401],[129.75,-1.8618],[129.75,-1.8125]]],[[[123.5244,-1.4375],[124.0,-1.4375],[124.0,-1.5],[124.25,-1.5],[124.25,-1.5625],[124.4375,-1.5625],[124.4375,-1.6547],[124.3849,-1.6679],[124.375,-1.6875],[124.3689,-1.7507],[124.3314,-1.8269],[124.3291,-1.8708],[124.375,-1.9475],[124.375,-2.0],[124.3662,-1.9713],[124.3489,-1.9596],[124.3125,-1.9682],[124.3125,-1.9375],[124.0,-1.9375],[124.0,-2.125],[123.9375,-2.125],[123.9062,-2.0625],[123.8896,-2.0625],[123.875,-2.0],[123.8425,-2.0],[123.8562,-1.9924],[123.8693,-1.9981],[123.8524,-1.9387],[123.7874,-1.874],[123.7717,-1.8956],[123.7733,-1.9226],[123.7874,-1.9806],[123.8104,-2.0],[123.6875,-2.0],[123.6875,-2.125],[123.625,-2.125],[123.625,-1.9375],[123.4375,-1.9375],[123.4375,-1.875],[123.5625,-1.875],[123.5625,-1.7217],[123.6013,-1.7028],[123.6087,-1.6887],[123.6165,-1.6246],[123.6006,-1.6033],[123.5689,-1.6008],[123.5574,-1.5812],[123.5601,-1.546],[123.5374,-1.485],[123.5233,-1.4827],[123.5207,-1.5048],[123.5007,-1.5094],[123.4778,-1.5577],[123.4795,-1.5771],[123.4915,-1.5847],[123.4927,-1.595],[123.4784,-1.6196],[123.4832,-1.6875],[123.3809,-1.6875],[123.3611,-1.6738],[123.3125,-1.7137],[123.3125,-1.5625],[123.2513,-1.5625],[123.252,-1.5],[123.3607,-1.5],[123.3622,-1.5114],[123.3812,-1.4983],[123.4084,-1.5165],[123.4622,-1.4943],[123.5244,-1.4375]],[[123.6496,-1.9018],[123.6516,-1.9494],[123.657,-1.9633],[123.6638,-1.9633],[123.657,-1.9018],[123.6496,-1.9018]],[[123.7129,-1.9117],[123.7056,-1.9338],[123.7117,-1.9571],[123.7405,-1.9405],[123.7463,-1.9291],[123.738,-1.9079],[123.7261,-1.9],[123.7129,-1.9117]],[[124.0326,-1.8622],[124.0052,-1.8102],[123.9948,-1.8188],[123.9946,-1.8362],[124.0106,-1.8716],[124.023,-1.8867],[124.0341,-1.8886],[124.0326,-1.8622]],[[124.1453,-1.7602],[124.1651,-1.7893],[124.1803,-1.7649],[124.1582,-1.7393],[124.1477,-1.7381],[124.1453,-1.7602]]],[[[124.3125,-2.0],[124.3125,-1.9988],[124.3179,-2.0],[124.3125,-2.0]]],[[[123.875,-2.0625],[123.875,-2.0615],[123.8757,-2.0625],[123.875,-2.0625]]],[[[123.375,-1.75],[123.3339,-1.75],[123.375,-1.7155],[123.375,-1.75]]],[[[130.4375,-1.875],[130.4375,-1.75],[130.375,-1.75],[130.375,-1.7188],[130.3556,-1.709],[130.3534,-1.6801],[130.3125,-1.6828],[130.3125,-1.375],[130.375,-1.375],[130.375,-1.3125],[130.5,-1.3125],[130.5,-1.125],[130.7008,-1.125],[130.7293,-1.1508],[130.736,-1.1832],[130.7497,-1.1961],[130.7497,-1.2234],[130.7727,-1.25],[130.5625,-1.25],[130.5625,-1.4375],[130.625,-1.4375],[130.625,-1.625],[130.6875,-1.625],[130.6875,-1.6875],[130.75,-1.6875],[130.75,-2.0],[130.5882,-2.0],[130.5516,-1.9912],[130.5394,-2.0],[130.5,-2.0],[130.5,-1.875],[130.4375,-1.875]]],[[[135.4375,-1.625],[135.4375,-1.6213],[135.439,-1.625],[135.4375,-1.625]]],[[[135.4375,-1.5],[135.3205,-1.5],[135.334,-1.4841],[135.3157,-1.4879],[135.2857,-1.4767],[135.2393,-1.4897],[135.2048,-1.4777],[135.1509,-1.483],[135.125,-1.4762],[135.125,-1.4375],[135.375,-1.4375],[135.375,-1.375],[135.5,-1.375],[135.5,-1.5951],[135.4636,-1.5895],[135.4375,-1.6017],[135.4375,-1.5]]],[[[130.9375,-1.375],[131.0025,-1.375],[130.9858,-1.3913],[130.9531,-1.405],[130.9483,-1.4122],[130.9538,-1.4375],[130.875,-1.4375],[130.875,-1.375],[130.8125,-1.375],[130.8125,-1.2757],[130.863,-1.3372],[130.8794,-1.3401],[130.9082,-1.3215],[130.9324,-1.3266],[130.9375,-1.375]]],[[[122.875,-1.1875],[122.875,-1.2183],[122.8361,-1.274],[122.8213,-1.3125],[122.5625,-1.3125],[122.5625,-1.2674],[122.5753,-1.25],[122.8125,-1.25],[122.8125,-1.125],[122.9375,-1.125],[122.9375,-1.1806],[122.9138,-1.1764],[122.8965,-1.1875],[122.875,-1.1875]]],[[[123.5,-1.125],[123.5,-1.1875],[123.3191,-1.1875],[123.3125,-1.1811],[123.3125,-1.125],[123.1875,-1.125],[123.1875,-1.0625],[123.125,-1.0625],[123.125,-0.9375],[123.1526,-0.9375],[123.2109,-0.9833],[123.2388,-1.0248],[123.2698,-1.0446],[123.3112,-1.0514],[123.3524,-1.0397],[123.375,-1.0134],[123.375,-1.0625],[123.5,-1.125]]],[[[130.75,-0.5625],[130.8125,-0.5625],[130.8125,-0.6875],[131.0625,-0.6875],[131.0625,-0.75],[131.0,-0.75],[131.0,-0.875],[130.8125,-0.875],[130.8125,-0.9172],[130.7901,-0.9293],[130.7572,-0.9375],[130.625,-0.9375],[130.625,-0.9069],[130.8193,-0.8703],[130.8718,-0.8447],[130.8937,-0.8263],[130.8767,-0.8176],[130.8757,-0.7992],[130.9246,-0.7807],[130.8794,-0.7647],[130.82,-0.7673],[130.8042,-0.7573],[130.8006,-0.77],[130.8166,-0.7883],[130.811,-0.7989],[130.8179,-0.8194],[130.8001,-0.8014],[130.7328,-0.8263],[130.6807,-0.8126],[130.6543,-0.824],[130.6312,-0.8062],[130.5864,-0.8331],[130.5804,-0.8156],[130.5647,-0.8051],[130.551,-0.8342],[130.5191,-0.8396],[130.4946,-0.8279],[130.5032,-0.8051],[130.4785,-0.7999],[130.4685,-0.8194],[130.4617,-0.8194],[130.4617,-0.8051],[130.4484,-0.8186],[130.4475,-0.8609],[130.4345,-0.875],[130.375,-0.875],[130.375,-0.6875],[130.5,-0.6875],[130.5,-0.52],[130.5476,-0.5053],[130.5647,-0.4767],[130.5969,-0.4645],[130.5977,-0.4908],[130.5837,-0.5239],[130.5715,-0.532],[130.5964,-0.5385],[130.6411,-0.5275],[130.6834,-0.4772],[130.6864,-0.4492],[130.6787,-0.4375],[130.7277,-0.4375],[130.75,-0.4448],[130.75,-0.5625]]],[[[130.5,-0.4375],[130.5773,-0.4375],[130.5505,-0.4638],[130.5352,-0.4689],[130.5134,-0.4618],[130.5,-0.4375]]],[[[130.3125,-0.2078],[130.2766,-0.2092],[130.242,-0.1956],[130.2171,-0.2009],[130.2324,-0.2128],[130.2937,-0.2304],[130.3068,-0.25],[130.1875,-0.25],[130.1875,-0.1875],[130.0625,-0.1875],[130.0625,0.125],[129.9375,0.1875],[129.9375,0.3125],[129.8735,0.3155],[129.8125,0.4375],[129.9375,0.4375],[129.9375,0.375],[130.0,0.375],[130.0,0.3125],[130.0625,0.3125],[130.125,0.1875],[130.5,0.1875],[130.5,0.125],[130.375,0.125],[130.375,-0.0625],[130.3125,-0.0625],[130.3125,-0.1042],[130.2908,-0.0992],[130.2766,-0.1171],[130.2971,-0.1652],[130.3125,-0.1789],[130.3125,-0.2078]],[[130.0672,-0.079],[130.1273,-0.095],[130.15,-0.0897],[130.1527,-0.063],[130.1433,-0.0443],[130.1113,-0.0376],[130.0672,-0.079]]],[[[128.9375,0.625],[128.8125,0.5625],[128.8125,0.75],[129.125,0.75],[129.125,0.6875],[128.9375,0.6875],[128.9375,0.625]]],[[[125.125,1.875],[125.1875,1.875],[125.1875,1.6875],[125.125,1.6875],[125.125,1.75],[125.0,1.75],[125.0,1.8125],[125.0625,1.8125],[125.0625,1.9375],[125.125,1.9375],[125.125,1.875]],[[125.1722,1.7992],[125.1353,1.831],[125.1223,1.807],[125.1321,1.7584],[125.1447,1.7418],[125.177,1.7788],[125.1722,1.7992]]],[[[125.4375,2.125],[125.405,2.1303],[125.375,2.125],[125.375,2.3439],[125.3923,2.3257],[125.4231,2.3171],[125.4526,2.3331],[125.4562,2.3677],[125.4507,2.3779],[125.4084,2.3917],[125.5,2.4375],[125.5,2.3125],[125.4375,2.3125],[125.4375,2.125]]],[[[119.8461,4.8125],[119.8309,4.8209],[119.8123,4.8168],[119.8125,4.75],[119.6562,4.75],[119.625,4.6875],[119.625,4.625],[119.4375,4.625],[119.375,4.5],[119.3125,4.5],[119.25,4.625],[119.0,4.625],[119.0,4.75],[119.125,4.75],[119.125,4.8125],[119.25,4.8125],[119.25,4.875],[119.375,4.875],[119.375,4.9375],[119.5,4.9375],[119.5,5.0],[119.5625,5.0],[119.5625,5.125],[119.6875,5.125],[119.6875,5.25],[119.8125,5.25],[119.8438,5.1875],[119.875,5.1875],[119.875,5.1514],[119.8125,5.1225],[119.8193,5.0598],[119.8298,5.0488],[119.8604,5.0598],[119.8916,5.0598],[119.9224,5.0877],[119.9541,5.0755],[119.9702,5.0877],[119.9798,5.125],[120.0,5.125],[120.0,5.0143],[119.9858,4.9748],[119.9907,4.9603],[120.0,4.9567],[120.0,4.875],[119.9375,4.875],[119.9375,4.8125],[119.8461,4.8125]],[[119.4815,4.8677],[119.4585,4.9018],[119.4354,4.9028],[119.4569,4.8427],[119.4627,4.7758],[119.4566,4.6557],[119.4966,4.7336],[119.5036,4.7642],[119.4815,4.8677]],[[119.8499,4.8733],[119.8426,4.9049],[119.8044,4.9274],[119.7931,4.9219],[119.7986,4.8798],[119.8211,4.8628],[119.8369,4.8629],[119.8499,4.8733]],[[119.808,5.0587],[119.806,5.1185],[119.7983,5.121],[119.7693,5.0976],[119.7458,5.044],[119.7521,5.0361],[119.808,5.0587]],[[119.42,4.7871],[119.3927,4.7445],[119.4059,4.743],[119.4074,4.7357],[119.3944,4.7016],[119.392,4.6832],[119.3988,4.6722],[119.4043,4.6745],[119.42,4.7871]]],[[[125.625,5.5625],[125.625,5.4375],[125.5,5.4375],[125.5,5.375],[125.4219,5.375],[125.4187,5.4255],[125.375,5.4303],[125.375,5.5],[125.4375,5.5],[125.4375,5.5625],[125.625,5.5625]],[[125.4701,5.4929],[125.4684,5.4763],[125.4536,5.4601],[125.4673,5.4554],[125.4534,5.4502],[125.4502,5.4351],[125.4588,5.4283],[125.4655,5.3915],[125.4743,5.3929],[125.4914,5.4243],[125.4967,5.4723],[125.4909,5.4857],[125.4701,5.4929]]],[[[121.2322,5.9375],[121.2525,5.9163],[121.2598,5.875],[121.125,5.875],[121.125,5.75],[121.0625,5.7188],[121.0625,5.6931],[121.0143,5.6836],[121.0396,5.6615],[121.0625,5.6712],[121.0625,5.625],[121.0,5.625],[121.0,5.5625],[120.9688,5.5625],[120.9375,5.5],[120.8986,5.5],[120.9092,5.5197],[120.9046,5.538],[120.8731,5.5724],[120.8607,5.5744],[120.8353,5.5629],[120.8198,5.5433],[120.8434,5.5101],[120.8672,5.5],[120.8438,5.5],[120.8125,5.4375],[120.6875,5.4375],[120.6875,5.25],[120.5312,5.25],[120.5,5.1818],[120.4797,5.1946],[120.4865,5.1684],[120.5,5.1614],[120.5,5.125],[120.3366,5.125],[120.3426,5.1647],[120.3242,5.1555],[120.3195,5.1341],[120.3263,5.125],[120.3032,5.1269],[120.2697,5.0996],[120.2822,5.0843],[120.3125,5.1023],[120.3125,5.0625],[120.25,5.0625],[120.25,5.1829],[120.2748,5.1777],[120.3095,5.1981],[120.3052,5.2268],[120.2695,5.2436],[120.2717,5.2499],[120.2905,5.2401],[120.2676,5.2568],[120.25,5.2096],[120.25,5.3125],[120.2163,5.3125],[120.2088,5.348],[120.1878,5.3451],[120.125,5.3125],[120.125,5.375],[120.1875,5.375],[120.1875,5.5],[120.3125,5.5],[120.3125,5.5625],[120.4375,5.5625],[120.4375,5.6875],[120.625,5.6875],[120.625,5.75],[120.6875,5.75],[120.6875,5.8125],[120.75,5.8125],[120.75,5.875],[120.8125,5.875],[120.8125,5.9375],[120.8438,5.9375],[120.875,6.0],[120.89,6.0],[120.8718,5.961],[120.8763,5.9426],[120.8919,5.9201],[120.9154,5.9101],[120.9177,5.894],[120.9341,5.8857],[121.0083,5.9238],[121.0498,5.9163],[121.0811,5.8882],[121.1834,5.9375],[121.2322,5.9375]],[[120.833,5.7068],[120.8074,5.6957],[120.7966,5.6786],[120.7993,5.6676],[120.8389,5.6686],[120.8827,5.6853],[120.8601,5.7038],[120.833,5.7068]],[[120.8909,5.7098],[120.9099,5.7],[120.9243,5.7117],[120.9294,5.7332],[120.9043,5.7591],[120.8923,5.7414],[120.8909,5.7098]],[[120.3524,5.2211],[120.352,5.217],[120.3547,5.2181],[120.3524,5.2211]],[[120.3361,5.2326],[120.3286,5.2152],[120.3415,5.1827],[120.349,5.2194],[120.3565,5.2244],[120.3482,5.2335],[120.3361,5.2326]],[[120.3445,5.2531],[120.3501,5.2344],[120.3578,5.2357],[120.3661,5.2503],[120.3617,5.2584],[120.3445,5.2531]],[[120.2319,5.3603],[120.2175,5.3572],[120.2249,5.3405],[120.245,5.326],[120.2319,5.3603]],[[120.3065,5.3653],[120.3359,5.3782],[120.3185,5.3896],[120.2931,5.3803],[120.3065,5.3653]],[[120.3657,5.3926],[120.3938,5.3964],[120.3934,5.4075],[120.381,5.4066],[120.3657,5.3926]],[[120.604,5.4049],[120.6069,5.4124],[120.5943,5.4309],[120.5806,5.4367],[120.5998,5.415],[120.5872,5.4119],[120.5765,5.4217],[120.5781,5.4097],[120.604,5.4049]],[[120.5779,5.4594],[120.5863,5.4449],[120.5876,5.4705],[120.5779,5.4594]],[[120.7145,5.486],[120.7145,5.478],[120.7285,5.479],[120.7368,5.4527],[120.7322,5.4481],[120.7402,5.4418],[120.7371,5.4705],[120.7232,5.4879],[120.7145,5.486]],[[120.8048,5.5341],[120.8055,5.5585],[120.7896,5.569],[120.7586,5.5561],[120.7448,5.5164],[120.7533,5.5031],[120.7744,5.4962],[120.8048,5.5341]]],[[[121.3125,6.125],[121.375,6.125],[121.375,6.3125],[121.1875,6.3125],[121.1875,6.375],[120.875,6.375],[120.875,6.3386],[120.8685,6.3476],[120.8521,6.3456],[120.85,6.3303],[120.8588,6.3364],[120.8707,6.3314],[120.8538,6.319],[120.8463,6.3262],[120.8449,6.3125],[120.75,6.3125],[120.75,6.25],[120.625,6.25],[120.625,6.125],[120.5625,6.125],[120.5,6.0],[120.375,6.0],[120.375,5.875],[120.0108,5.875],[120.0104,5.8813],[119.9723,5.875],[119.9739,5.8916],[119.9657,5.893],[119.9652,5.875],[119.9325,5.8858],[119.9268,5.8784],[119.9391,5.8823],[119.9419,5.875],[119.8125,5.875],[119.8125,5.8125],[119.625,5.8125],[119.625,5.75],[119.5938,5.75],[119.5625,5.6875],[119.5625,5.5625],[119.5,5.5625],[119.5,5.375],[119.625,5.375],[119.625,5.3125],[119.5,5.3125],[119.5,5.1875],[119.375,5.1875],[119.375,5.125],[119.25,5.125],[119.25,5.1864],[119.3125,5.1875],[119.3125,5.375],[119.2271,5.4177],[119.2048,5.4433],[119.1875,5.4505],[119.1875,5.625],[119.25,5.625],[119.25,5.8125],[119.5625,5.8125],[119.5625,5.875],[119.6875,5.875],[119.6875,5.9375],[119.9802,5.9375],[119.9799,5.9208],[119.9931,5.9208],[119.9989,5.9375],[120.0625,5.9375],[120.0625,6.0],[120.25,6.0],[120.25,6.125],[120.4375,6.125],[120.4375,6.1394],[120.4435,6.1357],[120.4504,6.1482],[120.4453,6.1655],[120.4599,6.169],[120.4536,6.1433],[120.4679,6.1719],[120.4375,6.1738],[120.4375,6.25],[120.4943,6.25],[120.5456,6.2385],[120.5698,6.2436],[120.5829,6.2615],[120.6043,6.3297],[120.596,6.375],[120.625,6.375],[120.625,6.4375],[120.6562,6.4375],[120.6875,6.5],[120.7812,6.5],[120.8125,6.5625],[120.9375,6.5625],[120.9375,6.625],[121.0625,6.625],[121.0625,6.6875],[121.125,6.6875],[121.125,6.75],[121.2188,6.75],[121.25,6.8125],[121.5625,6.8125],[121.5625,6.875],[121.625,6.875],[121.6875,7.0],[121.875,7.0],[121.875,7.0625],[121.8989,7.0625],[121.937,6.9789],[121.9612,6.9582],[122.0379,6.9174],[122.1187,6.8964],[122.1545,6.9281],[122.1858,7.0],[122.3125,7.0],[122.3125,6.875],[122.4375,6.8125],[122.4375,6.75],[122.375,6.75],[122.375,6.625],[122.3125,6.625],[122.3125,6.6875],[122.1875,6.6875],[122.1875,6.75],[122.0,6.75],[121.9979,6.7121],[121.9531,6.6875],[121.9375,6.6875],[121.9375,6.6771],[121.8392,6.6689],[121.8108,6.6452],[121.8068,6.6193],[121.8145,6.5929],[121.875,6.5749],[121.8801,6.5032],[121.95,6.4445],[121.9575,6.4073],[122.0443,6.4113],[122.0625,6.375],[122.0,6.375],[122.0,6.3125],[121.9899,6.3075],[121.9636,6.3164],[121.9555,6.3015],[121.964,6.2945],[121.9375,6.2812],[121.9375,6.25],[121.875,6.25],[121.875,6.125],[121.848,6.125],[121.8542,6.135],[121.8451,6.1483],[121.8165,6.1365],[121.8125,6.0632],[121.7766,6.0774],[121.7833,6.0625],[121.674,6.0592],[121.6685,6.0432],[121.6811,6.0383],[121.6831,6.0292],[121.6528,6.0013],[121.625,5.9375],[121.5772,5.9375],[121.5941,5.9634],[121.5785,5.9805],[121.5563,5.9533],[121.5678,5.9375],[121.4375,5.9375],[121.4375,5.875],[121.3121,5.875],[121.3406,5.9033],[121.3895,5.9099],[121.3918,5.9399],[121.4194,5.948],[121.4287,5.9698],[121.4212,5.9871],[121.4035,5.9995],[121.3125,6.0079],[121.3125,6.125]],[[121.6167,6.6723],[121.5825,6.6317],[121.6016,6.6055],[121.6164,6.5614],[121.6289,6.5886],[121.6289,6.6574],[121.6167,6.6723]],[[120.0936,5.9782],[120.0892,5.9745],[120.106,5.9402],[120.1078,5.9567],[120.0936,5.9782]],[[121.5568,6.0236],[121.5545,6.0419],[121.5459,6.0447],[121.5189,5.9997],[121.5331,6.0006],[121.5568,6.0236]],[[121.4251,6.0107],[121.4328,6.0177],[121.4297,6.0397],[121.4062,6.0513],[121.388,6.034],[121.3845,6.0154],[121.4251,6.0107]],[[120.5351,6.1224],[120.5483,6.1162],[120.5606,6.1314],[120.551,6.1439],[120.5357,6.1479],[120.5351,6.1224]],[[121.8202,6.1719],[121.8088,6.1751],[121.7983,6.1608],[121.7949,6.1495],[121.8047,6.1351],[121.8295,6.1517],[121.8202,6.1719]],[[120.6647,6.2934],[120.6631,6.3112],[120.6577,6.2802],[120.6458,6.2958],[120.6292,6.2821],[120.6231,6.2672],[120.6336,6.2529],[120.6551,6.2664],[120.6647,6.2934]],[[120.7183,6.4304],[120.7127,6.4409],[120.6913,6.435],[120.6701,6.4199],[120.6709,6.4079],[120.7122,6.4043],[120.7183,6.4304]],[[120.7773,6.4392],[120.7925,6.4217],[120.7813,6.4465],[120.7773,6.4392]],[[121.9779,6.7408],[121.9858,6.744],[121.9867,6.7556],[121.9526,6.7481],[121.9391,6.7278],[121.941,6.7138],[121.9628,6.7119],[121.9815,6.7304],[121.9779,6.7408]]],[[[120.875,6.3125],[120.8618,6.3125],[120.875,6.3242],[120.875,6.3125]]],[[[120.5,6.2706],[120.5,6.375],[120.5735,6.375],[120.53,6.2881],[120.515,6.2726],[120.5,6.2706]]],[[[120.25,5.1972],[120.2539,5.1999],[120.25,5.1953],[120.25,5.1972]]],[[[123.4375,9.4375],[123.3797,9.4375],[123.43,9.5],[123.4375,9.5],[123.4375,9.4375]]],[[[123.2537,9.4375],[123.25,9.5625],[123.3319,9.6034],[123.3143,9.5076],[123.3201,9.4375],[123.2537,9.4375]]],[[[125.625,9.875],[125.75,9.875],[125.75,9.75],[125.6875,9.75],[125.6875,9.6875],[125.656,9.6875],[125.6515,9.7125],[125.6608,9.7262],[125.625,9.7278],[125.625,9.8125],[125.5625,9.8125],[125.5625,9.9375],[125.625,9.9375],[125.625,9.875]],[[125.711,9.7997],[125.6949,9.7968],[125.6989,9.7666],[125.7155,9.7665],[125.7252,9.7542],[125.7232,9.7654],[125.7401,9.7834],[125.7169,9.7905],[125.7209,9.808],[125.7101,9.8148],[125.711,9.7997]]],[[[125.625,9.6875],[125.625,9.7052],[125.6323,9.7103],[125.6415,9.6875],[125.625,9.6875]]],[[[125.5,10.75],[125.625,10.75],[125.625,10.9795],[125.6354,10.9737],[125.6518,10.9814],[125.6493,11.0],[125.6875,11.0],[125.6875,11.1241],[125.7061,11.1168],[125.7196,11.0495],[125.7605,11.0228],[125.7796,11.0524],[125.7736,11.0625],[125.8125,11.0625],[125.8125,11.0312],[125.875,11.0],[125.875,10.9688],[125.9375,10.9375],[125.9375,10.8438],[126.0,10.8125],[126.0,10.625],[125.9375,10.625],[125.9375,10.375],[126.0625,10.375],[126.0625,10.3125],[125.6695,10.3125],[125.6838,10.3644],[125.6848,10.3999],[125.6574,10.4564],[125.6377,10.4604],[125.6242,10.4437],[125.6104,10.371],[125.5944,10.3652],[125.5804,10.3791],[125.5625,10.3785],[125.5562,10.3708],[125.5625,10.3308],[125.5221,10.317],[125.5322,10.2839],[125.5278,10.2686],[125.542,10.2543],[125.5303,10.2419],[125.542,10.1997],[125.529,10.2098],[125.5142,10.2071],[125.5176,10.1694],[125.509,10.1513],[125.4937,10.1445],[125.4957,10.125],[125.375,10.125],[125.375,10.25],[125.25,10.25],[125.25,10.2589],[125.2733,10.278],[125.2759,10.3004],[125.2666,10.3684],[125.25,10.3942],[125.25,10.625],[125.1875,10.625],[125.1875,10.6875],[125.5,10.6875],[125.5,10.75]],[[125.822,10.7347],[125.7605,10.741],[125.7442,10.7584],[125.7315,10.8081],[125.7092,10.8177],[125.6873,10.8052],[125.679,10.7789],[125.6841,10.7528],[125.74,10.7244],[125.7694,10.7004],[125.7983,10.6994],[125.8269,10.7089],[125.8318,10.7201],[125.822,10.7347]],[[125.4623,10.4591],[125.478,10.4242],[125.4955,10.4231],[125.4974,10.4455],[125.4623,10.4591]],[[125.9631,10.7464],[125.9629,10.7614],[125.9447,10.7729],[125.9414,10.7653],[125.9631,10.7464]]],[[[125.75,11.125],[125.75,11.0954],[125.7251,11.125],[125.75,11.125]]],[[[124.3125,12.875],[124.625,12.875],[124.625,12.8125],[124.6875,12.8125],[124.6875,12.75],[124.5625,12.75],[124.5625,12.625],[124.5,12.625],[124.5,12.5713],[124.4803,12.5851],[124.4767,12.5753],[124.4865,12.5625],[124.435,12.5625],[124.4255,12.5799],[124.4103,12.5625],[124.375,12.5625],[124.375,12.5442],[124.363,12.5436],[124.305,12.583],[124.2835,12.5706],[124.2762,12.5333],[124.3453,12.375],[124.2793,12.375],[124.2788,12.406],[124.2647,12.4406],[124.2455,12.4606],[124.2392,12.443],[124.262,12.375],[124.125,12.375],[124.125,12.4375],[124.0,12.5],[124.0,12.5408],[124.0549,12.5373],[124.0952,12.5571],[124.0816,12.5837],[124.0951,12.5937],[124.0891,12.625],[124.125,12.625],[124.1377,12.75],[124.1875,12.75],[124.1875,12.875],[124.25,12.875],[124.25,13.0],[124.3125,13.0],[124.3125,12.875]],[[124.1766,12.4327],[124.1605,12.456],[124.1336,12.4708],[124.1375,12.4376],[124.1491,12.4147],[124.1686,12.3981],[124.182,12.4069],[124.1766,12.4327]],[[124.3644,12.6184],[124.363,12.5957],[124.3745,12.5881],[124.3775,12.594],[124.3884,12.5796],[124.3965,12.592],[124.3903,12.6028],[124.3741,12.6188],[124.3644,12.6184]],[[124.3859,12.6399],[124.3934,12.6509],[124.3824,12.6869],[124.3519,12.6953],[124.3614,12.6614],[124.3859,12.6399]]],[[[121.875,18.8125],[121.881,18.8502],[121.9375,18.9044],[121.9375,18.8125],[121.875,18.8125]]],[[[121.875,19.125],[121.9375,19.125],[122.0,19.0],[121.9611,19.0],[121.9466,19.0122],[121.9209,18.9981],[121.9024,19.0054],[121.875,18.9731],[121.875,19.125]]],[[[121.1875,18.625],[121.1875,18.6562],[121.125,18.6875],[121.0625,18.6875],[121.0625,18.75],[121.125,18.7812],[121.125,18.8125],[121.1875,18.8125],[121.1875,19.3125],[121.25,19.3125],[121.25,19.375],[121.3507,19.375],[121.406,19.2985],[121.4263,19.2965],[121.4983,19.2593],[121.5187,19.2791],[121.5433,19.2789],[121.5433,19.2959],[121.5261,19.3207],[121.5261,19.3823],[121.5166,19.3935],[121.471,19.3821],[121.3958,19.4033],[121.375,19.3817],[121.375,19.4375],[121.5,19.4375],[121.5,19.6875],[121.5625,19.6875],[121.5625,19.3125],[121.625,19.3125],[121.625,19.25],[121.3125,19.25],[121.3125,19.0],[121.4375,18.9375],[121.4375,18.9],[121.4168,18.9081],[121.3533,18.8988],[121.2752,18.8759],[121.2949,18.8468],[121.3855,18.849],[121.3125,18.8125],[121.3125,18.625],[121.1875,18.625]],[[121.1924,19.1117],[121.1968,19.0655],[121.245,19.0185],[121.259,19.0457],[121.2522,19.0813],[121.2298,19.1592],[121.2109,19.1767],[121.1924,19.1117]],[[121.5032,19.4382],[121.5135,19.4247],[121.5069,19.4511],[121.5032,19.4382]]],[[[121.8125,20.6875],[121.8517,20.7186],[121.8772,20.7703],[121.8792,20.814],[121.864,20.8382],[121.875,20.8438],[121.875,20.875],[121.9375,20.875],[121.9375,21.125],[122.0,21.125],[122.0,20.6875],[122.0625,20.6875],[122.0625,20.4375],[122.125,20.4375],[122.125,20.375],[122.0,20.375],[122.0,20.25],[121.9375,20.25],[121.9375,20.1875],[121.875,20.1875],[121.875,20.0625],[121.8125,20.0625],[121.8125,20.4375],[121.9375,20.4375],[121.9375,20.6875],[121.8125,20.6875]],[[121.8377,20.3339],[121.8508,20.2734],[121.8693,20.2762],[121.8921,20.2973],[121.8932,20.3137],[121.8594,20.3474],[121.8416,20.346],[121.8377,20.3339]],[[121.9802,20.473],[121.9224,20.3933],[121.916,20.3759],[121.9221,20.3542],[121.939,20.3487],[121.958,20.355],[121.9739,20.3793],[121.9637,20.4066],[122.0324,20.4641],[122.0276,20.4811],[122.0098,20.4885],[121.9802,20.473]],[[121.9543,21.1184],[121.9507,21.1224],[121.9491,21.1069],[121.9543,21.1184]]],[[[121.8125,20.8125],[121.8433,20.8279],[121.8125,20.7697],[121.8125,20.8125]]],[[[120.875,21.75],[120.75,21.75],[120.75,21.875],[120.6875,21.875],[120.6875,22.0],[120.7044,21.9814],[120.7004,21.9484],[120.7144,21.9375],[120.7273,21.9345],[120.7361,21.9428],[120.7373,21.9661],[120.7674,21.9593],[120.8231,21.9286],[120.8403,21.9046],[120.8357,21.9872],[120.8506,22.0],[120.9375,22.0],[120.9375,21.625],[120.875,21.625],[120.875,21.75]]],[[[119.875,25.5625],[120.0,25.5],[120.0,25.4375],[119.875,25.4375],[119.875,25.3125],[119.8125,25.3125],[119.8125,25.25],[119.5,25.25],[119.5,25.3735],[119.5444,25.3772],[119.5582,25.4046],[119.536,25.4191],[119.5348,25.4375],[119.5923,25.4375],[119.578,25.4187],[119.5999,25.3712],[119.5794,25.3445],[119.6546,25.3581],[119.6204,25.365],[119.646,25.3926],[119.6453,25.4105],[119.6264,25.4375],[119.6875,25.4375],[119.6875,25.4808],[119.71,25.4879],[119.7118,25.4696],[119.6978,25.4566],[119.693,25.4376],[119.7222,25.4138],[119.7573,25.4049],[119.7578,25.4333],[119.772,25.4506],[119.8211,25.4675],[119.8465,25.4612],[119.8397,25.4792],[119.8048,25.5],[119.875,25.5],[119.875,25.5625]]],[[[119.5,25.4351],[119.5042,25.4299],[119.5,25.4072],[119.5,25.4351]]],[[[119.6194,25.4375],[119.6167,25.4372],[119.6163,25.4375],[119.6194,25.4375]]],[[[121.0,25.9375],[121.0625,25.9375],[121.0625,26.0],[121.1875,26.0],[121.1875,26.125],[121.25,26.125],[121.25,26.1875],[121.3125,26.1875],[121.375,26.3125],[121.5,26.3125],[121.5625,26.4375],[121.6875,26.375],[121.6875,26.0625],[121.8125,26.0625],[121.8125,26.0],[122.0,26.0],[122.0,25.125],[121.9375,25.125],[121.9375,25.1875],[121.75,25.1875],[121.6875,25.3125],[121.5,25.3125],[121.5,25.2792],[121.4467,25.25],[121.375,25.25],[121.375,25.1875],[121.25,25.1875],[121.25,25.125],[121.125,25.125],[121.125,25.0698],[121.1005,25.0625],[121.0,25.0625],[121.0,25.0],[120.9375,25.0],[120.9375,25.0625],[120.875,25.0625],[120.875,25.1875],[120.8125,25.1875],[120.8125,25.5],[120.875,25.5],[120.875,25.625],[120.9375,25.625],[120.9375,25.8125],[121.0,25.8125],[121.0,25.9375]]],[[[119.875,26.625],[119.875,26.6124],[119.8538,26.5983],[119.8538,26.5641],[119.8359,26.5615],[119.8326,26.5505],[119.8357,26.5314],[119.8472,26.5236],[119.875,26.5233],[119.875,26.5],[119.8125,26.5],[119.8136,26.6236],[119.7946,26.6322],[119.7675,26.625],[119.6875,26.625],[119.6875,26.6391],[119.7155,26.6417],[119.7564,26.6749],[119.7418,26.6799],[119.7206,26.6631],[119.6875,26.6695],[119.6875,26.6875],[119.8538,26.6875],[119.8569,26.6535],[119.9016,26.6597],[119.8882,26.6875],[119.9048,26.6875],[119.9375,26.6666],[119.9375,26.6291],[119.875,26.625]]],[[[119.9375,26.6746],[119.9356,26.6775],[119.9375,26.682],[119.9375,26.6746]]],[[[121.4375,27.8125],[121.3125,27.8125],[121.3125,27.75],[121.25,27.75],[121.25,27.625],[121.1875,27.625],[121.1875,27.5625],[121.125,27.5625],[121.125,27.4375],[121.0712,27.4375],[121.0765,27.4385],[121.0665,27.455],[121.1034,27.4519],[121.1035,27.4601],[121.074,27.4795],[121.0625,27.476],[121.0625,27.6875],[121.0,27.6875],[121.0,27.8125],[121.0625,27.8125],[121.0625,27.8458],[121.0837,27.8657],[121.0625,27.8638],[121.0625,27.9546],[121.1033,27.9462],[121.1392,27.957],[121.1397,27.9658],[121.1113,27.9838],[121.0625,27.9798],[121.0625,28.0],[121.125,28.0],[121.125,28.1296],[121.1306,28.1035],[121.1552,28.0714],[121.1467,28.0578],[121.1516,28.0412],[121.1864,28.0437],[121.2185,28.0585],[121.2192,28.0679],[121.2381,28.0712],[121.2381,28.0929],[121.2791,28.0854],[121.2854,28.1019],[121.2629,28.125],[121.375,28.125],[121.3761,28.1875],[121.5625,28.1875],[121.5625,28.0625],[121.625,28.0625],[121.625,28.0],[121.5,28.0],[121.5,27.9375],[121.4375,27.9375],[121.4375,27.8125]],[[121.1587,27.8581],[121.1492,27.8458],[121.114,27.8441],[121.096,27.8279],[121.098,27.8178],[121.1384,27.8249],[121.1712,27.8188],[121.173,27.841],[121.1893,27.8483],[121.1885,27.8637],[121.1587,27.8581]]],[[[121.0625,27.4375],[121.0625,27.4411],[121.0665,27.4375],[121.0625,27.4375]]],[[[121.125,28.1875],[121.1875,28.1875],[121.1875,28.1689],[121.1653,28.1505],[121.125,28.1401],[121.125,28.1875]]],[[[121.0,30.559],[121.0625,30.5625],[121.0625,30.5845],[121.1213,30.593],[121.1466,30.625],[121.1875,30.625],[121.1875,30.6532],[121.2029,30.6651],[121.2596,30.6875],[121.3125,30.6875],[121.3125,30.6988],[121.3506,30.7134],[121.3913,30.75],[121.4375,30.75],[121.4537,30.7823],[121.5429,30.8165],[121.6311,30.8366],[121.9074,30.8571],[121.9601,30.8743],[121.9774,30.9149],[121.9508,30.9821],[121.875,31.1015],[121.875,31.1875],[121.8125,31.1875],[121.8125,31.3125],[121.75,31.3125],[121.75,31.3319],[121.7664,31.3206],[121.78,31.3252],[121.7822,31.3418],[121.7624,31.3738],[121.7256,31.4027],[121.6182,31.4438],[121.5,31.4375],[121.5,31.5],[121.375,31.5],[121.375,31.5625],[121.3125,31.5625],[121.3125,31.625],[121.25,31.625],[121.2292,31.6667],[121.1875,31.6875],[121.1875,31.75],[121.2122,31.75],[121.2859,31.704],[121.3145,31.6556],[121.5175,31.5684],[121.5715,31.5294],[121.6846,31.5068],[121.8173,31.4467],[121.8514,31.4392],[121.9779,31.4778],[121.9866,31.5039],[121.9801,31.5403],[121.919,31.5785],[121.8441,31.6079],[121.75,31.6251],[121.75,31.7113],[121.8173,31.6909],[121.872,31.6907],[121.9148,31.7064],[121.9304,31.7267],[121.9221,31.7544],[121.875,31.8254],[121.875,31.9375],[121.8333,32.0208],[121.75,32.0625],[121.6875,32.0625],[121.6875,32.0938],[121.625,32.125],[121.625,32.3125],[121.5625,32.3125],[121.5625,32.5],[121.5,32.5],[121.5,32.875],[121.4375,32.875],[121.375,33.0],[121.0,33.0],[121.0,32.875],[120.9375,32.875],[120.9375,33.0625],[120.875,33.0625],[120.875,33.125],[120.75,33.1906],[120.75,33.3125],[120.6875,33.3125],[120.6875,33.4375],[120.6478,33.4375],[120.625,33.4808],[120.625,33.5625],[120.5625,33.5625],[120.5625,33.8125],[120.4375,33.875],[120.4375,34.0625],[120.375,34.0625],[120.375,34.25],[120.3125,34.25],[120.3125,34.3438],[120.25,34.375],[120.1875,34.375],[120.1875,34.4375],[120.0625,34.4375],[120.0625,34.5],[119.8125,34.5],[119.8125,34.5625],[119.75,34.5625],[119.75,34.6875],[120.0,34.8125],[120.0,35.0625],[119.875,35.0625],[119.8125,35.1875],[119.5625,35.1875],[119.5,35.0625],[119.375,35.0625],[119.375,35.125],[119.5,35.1875],[119.5,35.3125],[119.5625,35.3125],[119.5625,35.4031],[119.5696,35.4348],[119.8125,35.4375],[119.8125,35.625],[119.8389,35.625],[119.8602,35.6061],[119.9046,35.6246],[119.9016,35.6715],[119.9163,35.6875],[120.0,35.6875],[120.0625,35.8125],[120.25,35.8125],[120.25,35.625],[120.3125,35.625],[120.3125,35.4375],[120.25,35.4375],[120.25,35.1875],[120.375,35.1875],[120.375,35.0625],[120.4375,35.0625],[120.4375,35.0],[120.625,35.0],[120.625,34.8125],[120.9375,34.8125],[120.9375,34.75],[121.25,34.75],[121.25,34.8125],[121.3125,34.8125],[121.3125,34.6875],[121.375,34.6875],[121.375,34.5625],[121.4375,34.5625],[121.5,34.4375],[121.625,34.4375],[121.625,34.375],[122.0,34.375],[122.0,30.1479],[121.9631,30.1424],[121.9808,30.0901],[121.9734,30.06],[122.0,30.0355],[122.0,29.9375],[121.9793,29.9375],[121.96,29.9532],[121.9408,29.9375],[121.875,29.9375],[121.875,29.9781],[121.9033,30.0018],[121.9092,30.045],[121.8648,30.0859],[121.8477,30.0832],[121.8283,30.0],[121.6875,30.0],[121.6875,30.0625],[121.5858,30.1133],[121.5625,30.1489],[121.5625,30.25],[121.5,30.25],[121.5,30.3125],[121.3978,30.3125],[121.375,30.3256],[121.375,30.375],[121.1875,30.375],[121.1875,30.3379],[121.1497,30.3258],[121.1382,30.3125],[121.0625,30.3125],[121.0625,30.2536],[121.0,30.25],[121.0,30.2812],[120.9375,30.3125],[120.9375,30.4375],[121.0,30.4688],[121.0,30.559]],[[121.7942,31.3688],[121.8234,31.3024],[121.8347,31.2925],[121.8662,31.3042],[121.8818,31.3366],[121.8678,31.3662],[121.8377,31.3751],[121.7942,31.3688]],[[121.9266,30.0838],[121.9317,30.0694],[121.9406,30.0747],[121.9564,30.1085],[121.931,30.1147],[121.9139,30.1053],[121.9082,30.093],[121.9266,30.0838]],[[121.9555,30.2934],[121.9702,30.3074],[121.9824,30.3448],[121.9611,30.3313],[121.9513,30.308],[121.9555,30.2934]],[[120.1834,35.7545],[120.1753,35.7832],[120.1715,35.7844],[120.1533,35.7537],[120.1594,35.7433],[120.1709,35.7433],[120.1834,35.7545]]],[[[121.625,31.375],[121.625,31.4138],[121.6911,31.375],[121.625,31.375]]],[[[121.9375,29.0],[121.8125,29.0],[121.75,29.125],[121.8145,29.1154],[121.8421,29.095],[121.861,29.1068],[121.8641,29.125],[121.8733,29.125],[121.9002,29.0937],[121.8887,29.0723],[121.9353,29.0629],[121.9583,29.1019],[121.957,29.125],[122.0,29.125],[122.0,28.9375],[121.9375,28.9375],[121.9375,29.0]]],[[[121.625,35.3125],[121.375,35.3125],[121.4375,35.4375],[121.6875,35.4375],[121.625,35.3125]]],[[[120.75,36.25],[120.8125,36.25],[120.8125,36.125],[120.75,36.125],[120.75,36.0],[120.625,36.0],[120.625,36.1173],[120.6968,36.144],[120.7048,36.1562],[120.7008,36.1629],[120.75,36.1875],[120.75,36.25]]],[[[120.8125,39.625],[120.8125,39.6875],[120.875,39.6875],[120.875,39.75],[120.9375,39.75],[120.9375,39.8125],[121.0,39.8125],[121.0,39.875],[121.0625,39.875],[121.0625,39.9375],[121.125,39.9375],[121.1875,40.0625],[121.375,40.0625],[121.375,40.1875],[121.4375,40.1875],[121.4375,40.25],[121.8125,40.25],[121.8125,40.1875],[122.0,40.1875],[121.9915,40.187],[121.9955,40.1786],[121.9622,40.1118],[121.9331,40.1014],[121.9295,40.0773],[121.9092,40.0625],[121.875,40.0625],[121.875,40.125],[121.6875,40.125],[121.6875,39.9375],[121.625,39.9375],[121.625,39.8829],[121.6187,39.875],[121.5,39.875],[121.5,39.8205],[121.4707,39.8102],[121.4873,39.778],[121.4846,39.764],[121.4607,39.75],[121.4375,39.75],[121.4375,39.6875],[121.3625,39.65],[121.375,39.625],[121.3125,39.625],[121.3125,39.5993],[121.26,39.5637],[121.2485,39.5434],[121.2285,39.5364],[121.2234,39.5286],[121.2368,39.5147],[121.2727,39.5154],[121.3125,39.5036],[121.3125,39.4489],[121.2659,39.4336],[121.2586,39.4124],[121.2595,39.3915],[121.273,39.3851],[121.2962,39.3914],[121.3125,39.4076],[121.3125,39.3125],[121.25,39.3125],[121.25,39.125],[121.375,39.125],[121.375,39.0625],[121.25,39.0625],[121.25,39.0],[121.125,39.0],[121.125,38.946],[121.0862,38.9057],[121.0904,38.8991],[121.125,38.8991],[121.125,38.8647],[121.1145,38.8581],[121.1113,38.8403],[121.125,38.8125],[121.1349,38.8098],[121.1393,38.7895],[121.1145,38.7681],[121.1324,38.7587],[121.1531,38.7276],[121.1795,38.7209],[121.1985,38.7279],[121.2447,38.7756],[121.2175,38.7756],[121.2367,38.7985],[121.2876,38.7881],[121.3401,38.8125],[121.485,38.8099],[121.5,38.8125],[121.5049,38.8265],[121.5527,38.8581],[121.6548,38.8579],[121.6761,38.8712],[121.6963,38.8629],[121.7048,38.8731],[121.7036,38.8919],[121.6875,38.9139],[121.6875,38.9375],[121.8125,38.9375],[121.8125,38.9722],[121.8599,38.9446],[121.8948,38.9708],[121.8953,38.981],[121.8732,39.0],[122.0,39.0],[122.0,38.8125],[121.875,38.8125],[121.875,38.75],[121.8125,38.75],[121.8125,38.6875],[121.75,38.6875],[121.6875,38.5625],[121.5625,38.5625],[121.5625,38.5],[121.4375,38.5],[121.375,38.375],[121.25,38.375],[121.25,38.3125],[121.125,38.3125],[121.125,38.1875],[121.0625,38.1875],[121.0625,37.8125],[120.9375,37.8125],[120.9375,37.875],[120.75,37.875],[120.75,37.8329],[120.6913,37.8125],[120.5625,37.8125],[120.5625,38.5],[120.5,38.5],[120.5,38.625],[120.375,38.6875],[120.375,39.0],[120.25,39.0],[120.25,39.0625],[120.3125,39.0625],[120.3125,39.1875],[120.375,39.1875],[120.375,39.3125],[120.4375,39.3125],[120.5,39.4375],[120.625,39.4375],[120.625,39.5],[120.6875,39.5],[120.6875,39.5625],[120.75,39.5625],[120.75,39.625],[120.8125,39.625]],[[120.7271,37.9477],[120.7263,37.9088],[120.7546,37.8967],[120.7573,37.9227],[120.7484,37.9387],[120.7271,37.9477]],[[120.6019,37.9693],[120.6229,37.9488],[120.6258,37.9726],[120.619,37.9811],[120.6068,37.9799],[120.6019,37.9693]],[[120.6902,37.9906],[120.7005,37.9699],[120.7205,37.964],[120.7273,37.9694],[120.7201,37.9809],[120.6902,37.9906]],[[120.7388,38.1756],[120.7466,38.1619],[120.7733,38.1597],[120.7427,38.1876],[120.7388,38.1756]],[[120.8001,38.2875],[120.8362,38.3043],[120.8338,38.3126],[120.8074,38.3049],[120.8001,38.2875]],[[120.9232,38.3832],[120.9178,38.3955],[120.9069,38.3926],[120.9076,38.3852],[120.9232,38.3832]],[[121.8384,38.8706],[121.8338,38.8926],[121.8236,38.8902],[121.822,38.8649],[121.826,38.8606],[121.8384,38.8706]]],[[[120.4375,40.1951],[120.4925,40.2313],[120.5049,40.2491],[120.5038,40.2832],[120.5625,40.3125],[120.5625,40.25],[120.625,40.25],[120.625,40.1875],[120.6875,40.1875],[120.75,40.0625],[120.5,40.0625],[120.5,40.125],[120.4375,40.125],[120.4375,40.1951]]],[[[137.6103,54.4375],[137.6125,54.4554],[137.6504,54.4821],[137.6433,54.4956],[137.6504,54.5094],[137.6356,54.5208],[137.6226,54.5708],[137.5467,54.5163],[137.561,54.4958],[137.5704,54.4375],[137.375,54.4375],[137.375,54.375],[137.3125,54.375],[137.3125,54.2754],[137.28,54.2556],[137.286,54.25],[137.1875,54.25],[137.1875,54.2109],[137.0906,54.1543],[137.0614,54.1457],[137.1382,54.0834],[137.149,54.0625],[136.7778,54.0625],[136.7688,54.0802],[136.7979,54.125],[136.8125,54.125],[136.8125,54.3084],[136.8206,54.3161],[136.8125,54.3238],[136.8125,54.4243],[136.8408,54.4323],[136.818,54.4735],[136.8206,54.4853],[136.8416,54.4883],[136.8125,54.507],[136.8125,54.522],[136.8381,54.534],[136.8386,54.5516],[136.8833,54.5914],[136.8444,54.6041],[136.8145,54.6261],[136.8267,54.6394],[136.8125,54.651],[136.8125,54.6875],[136.4375,54.6875],[136.4375,54.625],[136.3125,54.625],[136.3125,54.6875],[136.25,54.6875],[136.25,54.875],[136.125,54.875],[136.125,54.9375],[135.625,54.9375],[135.5625,54.8125],[135.5,54.8125],[135.5,54.9375],[135.375,54.9375],[135.375,54.997],[135.4554,55.0288],[135.4691,55.0567],[135.4818,55.0625],[135.75,55.0625],[135.75,55.1368],[135.8108,55.1714],[135.8689,55.1739],[135.9811,55.2448],[136.0544,55.2688],[136.1266,55.3083],[136.1875,55.3125],[136.1875,55.3432],[136.2198,55.3546],[136.2371,55.375],[136.25,55.375],[136.25,55.3913],[136.2687,55.4149],[136.3077,55.4246],[136.319,55.4866],[136.3372,55.5],[136.5,55.5],[136.5655,55.6232],[136.6231,55.616],[136.6372,55.625],[136.6875,55.625],[136.6875,55.651],[136.7733,55.6605],[136.8125,55.6875],[136.8125,55.6974],[136.8355,55.7228],[136.8921,55.75],[136.9375,55.75],[136.9375,55.7811],[136.9794,55.7923],[137.0056,55.7949],[137.03,55.7876],[137.0498,55.7931],[137.0569,55.7997],[137.0502,55.8125],[137.0625,55.8125],[137.0625,55.8293],[137.1346,55.875],[137.1875,55.875],[137.1875,55.895],[137.2375,55.9156],[137.2612,55.9375],[137.3125,55.9375],[137.3125,55.9649],[137.3311,55.9689],[137.3908,55.9456],[137.4002,55.9657],[137.4168,55.973],[137.416,56.0],[137.4375,56.0],[137.4375,56.0425],[137.4437,56.0485],[137.4995,56.0625],[137.75,56.0625],[137.75,55.9375],[137.875,55.875],[137.875,55.5625],[137.9375,55.5625],[137.9375,55.4375],[138.0,55.4375],[138.0,55.25],[137.9375,55.25],[137.9375,55.1509],[137.875,55.1372],[137.875,55.1875],[137.6524,55.1875],[137.6061,55.2001],[137.5679,55.1946],[137.544,55.1786],[137.5171,55.1352],[137.4922,55.1195],[137.4981,55.0969],[137.4809,55.0529],[137.375,55.0],[137.3562,54.9689],[137.2749,54.8983],[137.2561,54.8608],[137.2492,54.8091],[137.2259,54.7778],[137.2927,54.7958],[137.375,54.8407],[137.375,54.75],[137.5625,54.75],[137.5625,54.767],[137.5852,54.751],[137.6463,54.6613],[137.7061,54.625],[137.7189,54.6243],[137.7358,54.6364],[137.7427,54.6602],[137.7664,54.6671],[137.7916,54.6875],[137.8125,54.6875],[137.8125,54.6987],[137.8569,54.7258],[137.8716,54.75],[137.9375,54.75],[137.9559,54.7868],[137.9862,54.7974],[138.0047,54.8195],[137.9922,54.8594],[138.0,54.875],[138.25,54.875],[138.25,54.8125],[138.3125,54.8125],[138.3125,54.625],[138.125,54.625],[138.125,54.5625],[138.0,54.5625],[138.0,54.5],[137.9212,54.5],[137.918,54.5094],[137.8536,54.5],[137.75,54.5],[137.75,54.4375],[137.6103,54.4375]],[[137.1221,55.1213],[137.1016,55.107],[137.0881,55.0854],[137.0461,55.1064],[136.979,55.0869],[136.856,55.0302],[136.8093,55.0181],[136.7547,54.9823],[136.7009,54.9648],[136.6908,54.9544],[136.6857,54.9212],[136.6704,54.9073],[136.7381,54.8851],[136.7598,54.893],[136.7386,54.9203],[136.7489,54.9311],[136.7834,54.9277],[136.8128,54.943],[136.8413,54.9378],[136.8958,54.9601],[136.9233,54.9578],[136.9299,54.9277],[136.943,54.9228],[137.0179,54.9204],[137.075,54.9332],[137.0881,54.9544],[137.0651,55.0002],[137.0711,55.0097],[137.1136,55.0254],[137.1807,55.0932],[137.1853,55.1063],[137.1712,55.1195],[137.1463,55.1262],[137.1221,55.1213]],[[138.1825,54.7078],[138.2101,54.7011],[138.241,54.7137],[138.1808,54.7151],[138.1825,54.7078]]],[[[170.5625,-72.375],[170.375,-72.375],[170.375,-72.5],[170.3125,-72.5],[170.3125,-72.4617],[170.3405,-72.4312],[170.313,-72.3694],[170.2922,-72.365],[170.2824,-72.3263],[170.25,-72.32],[170.25,-72.3125],[170.625,-72.3125],[170.625,-72.375],[170.75,-72.375],[170.75,-72.4375],[170.5625,-72.4375],[170.5625,-72.375]]],[[[171.375,-71.6875],[171.375,-71.8125],[171.3125,-71.8125],[171.3125,-71.875],[171.25,-71.875],[171.1875,-72.0],[170.8125,-72.0],[170.8125,-71.9287],[170.9458,-71.8608],[170.9661,-71.8346],[170.9255,-71.8289],[170.875,-71.7982],[170.875,-71.7636],[170.8848,-71.759],[170.875,-71.7574],[170.875,-71.6875],[170.75,-71.6875],[170.75,-71.625],[170.6524,-71.625],[170.625,-71.6024],[170.625,-71.5625],[170.5717,-71.5625],[170.5364,-71.5385],[170.5061,-71.5],[170.8125,-71.5],[170.8125,-71.4375],[170.9375,-71.4375],[170.9375,-71.5],[171.1875,-71.5],[171.1875,-71.5625],[171.375,-71.5625],[171.4375,-71.6875],[171.375,-71.6875]]],[[[170.1875,-71.5625],[170.1875,-71.5],[170.0625,-71.5],[170.0625,-71.4375],[170.25,-71.4375],[170.25,-71.5],[170.3412,-71.5],[170.3618,-71.544],[170.318,-71.5625],[170.1875,-71.5625]]],[[[158.8125,-54.9375],[158.8125,-55.0],[158.6875,-55.0],[158.6875,-54.8125],[158.75,-54.8125],[158.75,-54.6875],[158.8125,-54.6875],[158.8125,-54.875],[159.0,-54.875],[159.0,-54.9375],[158.8125,-54.9375]]],[[[169.3125,-52.4375],[169.375,-52.4375],[169.375,-52.625],[169.3125,-52.625],[169.3125,-52.5],[169.253,-52.5],[169.222,-52.4832],[169.209,-52.4841],[169.2128,-52.4746],[169.205,-52.4692],[169.1875,-52.4692],[169.1875,-52.375],[169.3125,-52.375],[169.3125,-52.4375]]],[[[166.625,-50.5625],[166.375,-50.5625],[166.375,-50.625],[166.25,-50.625],[166.2508,-50.5794],[166.302,-50.5769],[166.2883,-50.5602],[166.2878,-50.5427],[166.25,-50.5484],[166.25,-50.5],[166.125,-50.5],[166.125,-50.4375],[166.25,-50.4375],[166.25,-50.375],[166.5625,-50.375],[166.5625,-50.4375],[166.6875,-50.4375],[166.625,-50.5625]]],[[[167.3125,-50.375],[167.3125,-50.4375],[167.125,-50.4375],[167.1875,-50.3125],[167.375,-50.3125],[167.375,-50.375],[167.3125,-50.375]]],[[[167.625,-48.5],[167.6875,-48.5],[167.6875,-48.625],[167.375,-48.625],[167.375,-48.5625],[167.625,-48.5625],[167.625,-48.5]]],[[[166.8125,-48.4375],[166.875,-48.3125],[167.0,-48.3125],[167.0,-48.25],[167.125,-48.25],[167.125,-48.375],[167.0625,-48.375],[167.0625,-48.4375],[167.0,-48.4375],[167.0,-48.5],[166.875,-48.5625],[166.8125,-48.6875],[166.6875,-48.6875],[166.6875,-48.75],[166.625,-48.75],[166.625,-48.625],[166.5625,-48.625],[166.5625,-48.5625],[166.4375,-48.5625],[166.4375,-48.5],[166.75,-48.5],[166.75,-48.4375],[166.8125,-48.4375]]],[[[167.9375,-48.0625],[167.9375,-48.1875],[167.875,-48.1875],[167.875,-48.375],[167.8125,-48.375],[167.8125,-48.4375],[167.6875,-48.5],[167.6875,-48.25],[167.75,-48.25],[167.75,-48.0],[167.875,-48.0],[167.875,-48.0625],[167.9375,-48.0625]]],[[[167.25,-22.5625],[167.125,-22.5625],[167.125,-22.4375],[167.25,-22.4375],[167.25,-22.5],[167.3125,-22.5],[167.375,-22.625],[167.25,-22.625],[167.25,-22.5625]]],[[[173.6875,-11.9375],[173.6875,-11.8125],[173.9375,-11.8125],[173.9375,-11.875],[173.8125,-11.875],[173.8125,-12.0625],[173.75,-12.0625],[173.75,-11.9375],[173.6875,-11.9375]]],[[[138.9375,-8.9375],[138.9375,-9.0],[138.6562,-9.0],[138.625,-8.9375],[138.5,-8.9375],[138.5,-8.875],[138.3125,-8.875],[138.3125,-8.5625],[138.125,-8.5625],[138.125,-8.5],[138.3125,-8.5],[138.3125,-8.4189],[138.376,-8.4096],[138.4375,-8.3827],[138.4375,-8.5],[138.6875,-8.5],[138.6875,-8.625],[138.75,-8.625],[138.75,-8.6875],[138.9375,-8.6875],[138.9375,-8.5],[138.8125,-8.4375],[138.8125,-8.4009],[138.8941,-8.4055],[138.9098,-8.3961],[138.9109,-8.375],[138.9375,-8.375],[138.9375,-8.2944],[138.9572,-8.2708],[138.9625,-8.25],[139.5,-8.25],[139.5,-8.3125],[139.6875,-8.3125],[139.6875,-8.1875],[139.875,-8.1875],[139.875,-8.25],[139.9375,-8.25],[139.9375,-8.375],[139.8125,-8.375],[139.8125,-8.5625],[139.875,-8.5625],[139.875,-8.6875],[140.125,-8.6875],[140.125,-8.5],[140.0,-8.5],[140.0,-8.4375],[140.1875,-8.4375],[140.1875,-8.5],[140.25,-8.5],[140.25,-8.5625],[140.375,-8.625],[140.375,-8.75],[140.4375,-8.75],[140.4375,-8.8125],[140.375,-8.8125],[140.375,-9.0],[139.4062,-9.0],[139.375,-8.9375],[138.9375,-8.9375]]],[[[144.125,-7.9375],[144.125,-7.875],[144.3125,-7.875],[144.3125,-7.8125],[144.6875,-7.8125],[144.6875,-7.75],[144.843,-7.75],[144.8796,-7.7817],[144.9038,-7.7755],[144.9426,-7.7923],[144.9553,-7.7755],[144.9944,-7.8153],[144.8333,-7.8958],[144.8125,-7.9375],[144.75,-7.9375],[144.75,-8.0],[144.0,-8.0],[144.0,-7.9375],[144.125,-7.9375]]],[[[160.125,-8.9375],[160.0,-8.9375],[159.9844,-8.9063],[159.9905,-8.9155],[159.9981,-8.8921],[160.0054,-8.8994],[159.9984,-8.8871],[160.0046,-8.8846],[160.0296,-8.9091],[160.0422,-8.905],[160.0365,-8.8822],[160.0284,-8.8732],[160.0042,-8.874],[159.9827,-8.9029],[159.875,-8.6875],[159.625,-8.6875],[159.625,-8.625],[159.6875,-8.625],[159.6875,-8.5359],[159.7004,-8.5185],[159.6875,-8.5069],[159.6875,-8.4058],[159.7004,-8.4079],[159.7029,-8.4328],[159.75,-8.4754],[159.75,-8.5],[159.7862,-8.5],[159.825,-8.5421],[159.8464,-8.5421],[159.8872,-8.5624],[159.9004,-8.5507],[159.8594,-8.5113],[159.859,-8.5],[159.9375,-8.5],[159.9375,-8.5625],[160.0,-8.5625],[160.0,-8.6875],[160.0625,-8.6875],[160.0625,-8.8125],[160.125,-8.8125],[160.125,-8.9375]]],[[[160.0625,-8.25],[160.0,-8.125],[160.125,-8.125],[160.125,-8.1875],[160.375,-8.1875],[160.375,-8.25],[160.0625,-8.25]]],[[[158.125,-7.3125],[158.125,-7.25],[158.1875,-7.25],[158.2188,-7.3125],[158.25,-7.3125],[158.25,-7.375],[158.375,-7.375],[158.375,-7.5044],[158.3591,-7.5141],[158.3361,-7.4946],[158.3113,-7.4937],[158.3057,-7.4825],[158.2766,-7.4664],[158.2644,-7.4768],[158.2732,-7.4937],[158.3377,-7.5183],[158.375,-7.5519],[158.375,-7.5625],[158.125,-7.5625],[158.125,-7.5],[157.8125,-7.5],[157.8125,-7.4375],[157.7828,-7.4375],[157.7693,-7.4008],[157.7217,-7.3839],[157.683,-7.4375],[157.6121,-7.4375],[157.619,-7.4118],[157.6116,-7.4042],[157.6052,-7.4118],[157.5889,-7.3933],[157.5412,-7.3949],[157.5273,-7.3672],[157.5254,-7.3125],[157.5625,-7.3125],[157.5625,-7.25],[157.6875,-7.25],[157.6875,-7.3125],[158.125,-7.3125]],[[158.2732,-7.4161],[158.2694,-7.3906],[158.2503,-7.395],[158.2243,-7.4196],[158.208,-7.4179],[158.1943,-7.4384],[158.2153,-7.4391],[158.249,-7.4732],[158.2564,-7.4384],[158.2762,-7.4521],[158.2832,-7.4118],[158.2732,-7.4161]]],[[[157.5913,-7.4375],[157.5916,-7.4322],[157.5989,-7.4375],[157.5913,-7.4375]]],[[[157.5581,-7.4287],[157.57,-7.4322],[157.5623,-7.4371],[157.5581,-7.4287]]],[[[156.375,-6.8125],[156.375,-6.875],[156.25,-6.875],[156.25,-6.9375],[156.1411,-6.9375],[156.1526,-6.9313],[156.1128,-6.9127],[156.0979,-6.8909],[156.1026,-6.8782],[156.0637,-6.8596],[156.0734,-6.8332],[156.0979,-6.822],[156.0979,-6.8152],[156.0768,-6.8152],[156.0625,-6.8239],[156.0625,-6.8125],[156.0117,-6.8125],[156.0414,-6.7868],[156.0396,-6.7787],[156.0222,-6.7747],[155.9964,-6.7832],[155.9914,-6.7953],[155.9638,-6.7401],[155.9639,-6.7019],[155.9548,-6.6875],[156.4375,-6.6875],[156.4375,-6.5],[156.5,-6.5],[156.5,-6.6008],[156.4878,-6.603],[156.447,-6.6448],[156.4544,-6.7194],[156.4611,-6.7333],[156.5522,-6.8125],[156.375,-6.8125]]],[[[156.1106,-6.9375],[156.1116,-6.9313],[156.1263,-6.9375],[156.1106,-6.9375]]],[[[156.0625,-6.9375],[156.0625,-6.8799],[156.0872,-6.9016],[156.0671,-6.9109],[156.0691,-6.9375],[156.0625,-6.9375]]],[[[150.1875,8.8125],[150.1875,8.75],[149.875,8.75],[149.875,8.6875],[149.8125,8.6875],[149.8125,8.8125],[150.1875,8.8125]]],[[[139.9375,10.0],[139.9375,9.9375],[139.8125,9.9375],[139.8125,10.0625],[139.75,10.0625],[139.75,10.1875],[139.875,10.1875],[139.875,10.0],[139.9375,10.0]]],[[[145.625,15.1875],[145.6875,15.1875],[145.6875,15.25],[145.7331,15.2272],[145.6983,15.2032],[145.6838,15.1313],[145.6875,14.9375],[145.6502,14.9375],[145.6678,14.9827],[145.6473,15.0175],[145.6526,15.0593],[145.6473,15.0721],[145.6331,15.0821],[145.625,15.0765],[145.625,15.1875]]],[[[145.8125,15.1875],[145.8125,15.125],[145.7393,15.125],[145.745,15.1498],[145.7572,15.1608],[145.7661,15.155],[145.7798,15.1592],[145.7813,15.2031],[145.8125,15.1875]]],[[[146.1875,43.625],[146.25,43.625],[146.25,43.5],[146.2052,43.5],[146.2295,43.5313],[146.1575,43.5463],[146.0794,43.5176],[146.1016,43.5],[146.0,43.5],[146.0,43.5625],[146.1875,43.5625],[146.1875,43.625]]],[[[146.8125,44.0],[146.9375,44.0],[146.9375,44.0625],[147.125,44.0625],[147.1875,44.1875],[147.5,44.1875],[147.5,44.125],[147.4375,44.125],[147.375,44.0],[147.25,44.0],[147.25,43.9375],[147.1875,43.9375],[147.1875,43.625],[146.625,43.625],[146.625,43.7268],[146.6506,43.7126],[146.6819,43.7114],[146.7163,43.7299],[146.7095,43.7436],[146.7276,43.7402],[146.7835,43.7535],[146.819,43.7819],[146.8403,43.7783],[146.8654,43.7927],[146.9146,43.8027],[146.9266,43.8144],[146.9421,43.8466],[146.9102,43.8446],[146.8605,43.8772],[146.8462,43.8783],[146.8193,43.8603],[146.7956,43.867],[146.7687,43.8608],[146.6743,43.822],[146.6047,43.8086],[146.6131,43.7783],[146.6038,43.75],[146.5,43.75],[146.5,43.875],[146.625,43.875],[146.625,43.9375],[146.8125,43.9375],[146.8125,44.0]]],[[[147.0218,44.625],[147.0378,44.599],[147.0007,44.566],[146.9619,44.5839],[146.9516,44.6223],[146.937,44.6248],[146.9292,44.6069],[146.9313,44.586],[146.9499,44.5489],[146.8734,44.4899],[146.8583,44.462],[146.8618,44.4453],[146.876,44.4341],[146.9583,44.421],[146.9937,44.4804],[147.0547,44.5372],[147.1133,44.5704],[147.125,44.5671],[147.125,44.5],[147.0625,44.5],[147.0625,44.375],[146.9375,44.375],[146.9375,44.3125],[146.375,44.3125],[146.375,44.328],[146.4143,44.3679],[146.4592,44.381],[146.5032,44.3621],[146.5293,44.3734],[146.5549,44.408],[146.5721,44.4499],[146.5519,44.4511],[146.4692,44.4288],[146.375,44.4228],[146.375,44.4375],[146.3125,44.4397],[146.3125,44.5],[146.2031,44.5],[146.1831,44.5108],[146.1193,44.506],[146.0625,44.4375],[146.0625,44.5625],[146.125,44.5625],[146.125,44.6875],[146.1875,44.6875],[146.1875,44.625],[146.5,44.625],[146.5625,44.6562],[146.5625,44.6875],[146.625,44.6875],[146.625,44.75],[146.6667,44.7708],[146.6875,44.8125],[146.8125,44.8125],[146.8125,44.75],[146.875,44.75],[146.875,44.625],[147.0218,44.625]]],[[[147.0625,44.8125],[147.1033,44.8125],[147.0965,44.7958],[147.1219,44.7763],[147.2039,44.7554],[147.1966,44.7137],[147.1677,44.6875],[147.125,44.6875],[147.125,44.646],[147.0914,44.6374],[147.0625,44.6493],[147.0625,44.8125]]],[[[147.1875,44.8125],[147.1875,44.875],[147.2856,44.875],[147.2406,44.8509],[147.2499,44.8209],[147.2165,44.799],[147.1875,44.8125]]],[[[147.3125,44.9375],[147.375,44.9375],[147.375,44.9118],[147.3125,44.8844],[147.3125,44.9375]]],[[[147.5,44.75],[147.4375,44.75],[147.4375,44.6875],[147.3125,44.625],[147.3125,44.6763],[147.3884,44.7367],[147.5,44.7878],[147.5,44.75]]],[[[149.25,45.625],[149.25,45.6875],[149.2812,45.6875],[149.3125,45.75],[149.5,45.75],[149.5625,45.7812],[149.5625,45.875],[149.6875,45.875],[149.6875,45.8592],[149.6673,45.8532],[149.6528,45.8237],[149.6257,45.7961],[149.598,45.789],[149.595,45.7651],[149.5534,45.7099],[149.5122,45.674],[149.4823,45.6694],[149.453,45.5998],[149.4367,45.587],[149.5291,45.5836],[149.55,45.5904],[149.5737,45.6085],[149.5772,45.6373],[149.6037,45.6054],[149.6378,45.6109],[149.7585,45.6875],[149.875,45.6875],[149.875,45.7796],[149.9214,45.7938],[149.9267,45.8125],[150.0,45.8125],[150.0,45.6875],[149.875,45.625],[149.875,45.5625],[149.6875,45.5625],[149.6875,45.5],[149.6562,45.5],[149.625,45.4375],[149.3125,45.4375],[149.3125,45.375],[149.125,45.375],[149.125,45.1875],[149.3125,45.1875],[149.3125,45.0625],[149.375,45.0625],[149.375,45.0],[149.3125,45.0],[149.3125,44.875],[149.125,44.875],[149.0625,44.75],[148.8125,44.75],[148.8125,44.6875],[148.6562,44.6875],[148.625,44.625],[148.375,44.625],[148.375,44.8125],[148.5,44.8125],[148.5,44.875],[148.625,44.875],[148.625,44.9375],[148.6562,44.9375],[148.6875,45.0],[148.8125,45.0],[148.8125,45.1875],[148.4375,45.1875],[148.4375,45.2484],[148.5562,45.307],[148.7583,45.3127],[148.8167,45.3335],[148.8434,45.3518],[148.844,45.371],[148.8065,45.4045],[148.7967,45.4294],[148.8562,45.4643],[148.8513,45.4815],[148.7992,45.5181],[148.7639,45.5279],[148.625,45.5],[148.625,45.5625],[148.75,45.5625],[148.75,45.6875],[148.8125,45.6875],[148.8125,45.5625],[149.0,45.5625],[149.0,45.625],[149.25,45.625]]],[[[142.25,46.0],[142.1875,46.0],[142.1875,46.0183],[142.2017,46.0307],[142.2065,46.0625],[142.25,46.0625],[142.25,46.0]]],[[[141.75,46.0625],[141.8125,46.1875],[141.918,46.1875],[141.936,46.0996],[141.9326,46.0358],[141.9733,46.0],[141.6875,46.0],[141.6875,46.0625],[141.75,46.0625]]],[[[150.625,46.125],[150.4375,46.125],[150.4375,46.0625],[150.3125,46.0625],[150.3125,46.0],[150.1875,45.9403],[150.19,45.9838],[150.2287,46.0085],[150.2454,46.037],[150.2862,46.0455],[150.3223,46.0692],[150.3633,46.0815],[150.5693,46.2318],[150.4782,46.21],[150.3974,46.2311],[150.3125,46.2039],[150.3125,46.25],[150.5,46.25],[150.5,46.3125],[150.625,46.3125],[150.625,46.375],[150.6875,46.375],[150.6875,46.4375],[150.75,46.4375],[150.75,46.5],[150.8125,46.5],[150.8125,46.5625],[150.9375,46.625],[150.9375,46.5625],[151.0,46.5625],[151.0,46.3125],[150.9375,46.3125],[150.9375,46.25],[150.75,46.25],[150.75,46.1875],[150.625,46.1875],[150.625,46.125]],[[150.8465,46.4421],[150.8085,46.4864],[150.7801,46.4572],[150.8465,46.4421]]],[[[150.1875,46.125],[150.125,46.125],[150.125,46.1875],[150.2353,46.1875],[150.1819,46.1597],[150.2114,46.1348],[150.1875,46.1094],[150.1875,46.125]]],[[[152.875,47.75],[153.125,47.875],[153.125,48.0625],[153.1682,48.0841],[153.2009,48.0526],[153.2333,48.0398],[153.2755,48.0327],[153.2936,48.0422],[153.297,48.0547],[153.2884,48.0775],[153.2338,48.1169],[153.25,48.125],[153.25,48.25],[153.375,48.25],[153.375,48.0625],[153.3125,48.0312],[153.3125,48.0],[153.25,48.0],[153.25,47.875],[153.1875,47.875],[153.1875,47.75],[153.125,47.75],[153.125,47.625],[153.0,47.625],[153.0,47.5625],[152.9375,47.5625],[152.9375,47.5],[152.9062,47.5],[152.875,47.4375],[152.75,47.4375],[152.75,47.3125],[152.5625,47.3125],[152.5625,47.25],[152.5312,47.25],[152.5,47.1875],[152.375,47.125],[152.375,47.0],[152.3125,47.0],[152.3125,47.0625],[152.1778,47.0625],[152.2949,47.1425],[152.2778,47.1619],[152.1987,47.1288],[152.2056,47.154],[152.2254,47.1766],[152.1589,47.1339],[152.0934,47.0625],[152.0625,47.0625],[152.0625,47.0289],[152.0497,47.015],[151.9502,46.9521],[151.8733,46.8718],[151.8377,46.8563],[151.75,46.8615],[151.75,47.0],[151.9375,47.0],[151.9375,47.125],[152.125,47.125],[152.125,47.1875],[152.1875,47.1875],[152.1875,47.3125],[152.3125,47.3125],[152.3125,47.375],[152.3438,47.375],[152.375,47.4375],[152.4688,47.4375],[152.5,47.5],[152.75,47.5],[152.75,47.625],[152.875,47.625],[152.875,47.75]],[[152.4263,47.3835],[152.4134,47.3671],[152.4132,47.3407],[152.4297,47.3192],[152.4817,47.3014],[152.5244,47.2986],[152.5403,47.3251],[152.5366,47.3488],[152.5213,47.3725],[152.5034,47.3832],[152.4263,47.3835]],[[153.0213,47.7996],[152.9702,47.7516],[152.9668,47.7168],[152.9661,47.6953],[152.9783,47.6843],[152.9926,47.6971],[153.028,47.6973],[153.0598,47.7218],[153.0688,47.7433],[153.0616,47.7936],[153.0493,47.8079],[153.0213,47.7996]]],[[[152.0625,46.875],[151.9784,46.875],[152.02,46.9029],[152.0625,46.9472],[152.0625,46.875]]],[[[151.9375,46.8579],[151.9375,46.625],[151.8125,46.625],[151.8125,46.6875],[151.6875,46.6875],[151.6875,46.75],[151.75,46.75],[151.75,46.7832],[151.8014,46.766],[151.8889,46.8168],[151.9203,46.8555],[151.9375,46.8579]]],[[[154.625,48.5],[154.75,48.5625],[154.75,48.75],[154.8125,48.7812],[154.8125,48.8125],[154.875,48.8125],[154.875,48.9375],[155.3125,48.9375],[155.3125,48.875],[155.25,48.875],[155.25,48.75],[155.0625,48.75],[155.0625,48.5],[155.0,48.5],[155.0,48.25],[155.0625,48.25],[155.0625,48.1875],[154.9375,48.1875],[154.9375,48.125],[154.75,48.125],[154.75,48.0625],[154.7083,48.0417],[154.6875,48.0],[154.625,47.9688],[154.625,47.875],[154.5625,47.875],[154.5625,47.6875],[154.375,47.6875],[154.375,47.625],[154.3125,47.625],[154.3125,47.75],[154.375,47.75],[154.375,47.9375],[154.4375,47.9375],[154.4375,48.125],[154.5,48.1562],[154.5,48.375],[154.5625,48.375],[154.5625,48.4375],[154.625,48.4375],[154.625,48.5]]],[[[154.3125,49.0625],[154.3125,49.25],[154.5,49.25],[154.5,49.3125],[154.5625,49.3125],[154.625,49.4375],[154.6541,49.4375],[154.6082,49.375],[154.606,49.2927],[154.6792,49.2687],[154.72,49.267],[154.7411,49.2875],[154.7704,49.2871],[154.8151,49.3102],[154.8156,49.3292],[154.8346,49.3527],[154.8231,49.3725],[154.8274,49.3934],[154.8101,49.4111],[154.8005,49.4375],[154.8125,49.4375],[154.8125,49.4859],[154.823,49.4936],[154.8156,49.4998],[154.876,49.5435],[154.905,49.6308],[154.8835,49.6248],[154.8367,49.6501],[154.8125,49.636],[154.8125,49.6875],[155.0,49.6875],[155.0,49.8125],[155.0625,49.8125],[155.0625,49.375],[155.0,49.375],[155.0,49.25],[154.9375,49.25],[154.875,49.125],[154.75,49.125],[154.6875,49.0],[154.5,49.0],[154.5,48.875],[154.4375,48.875],[154.4375,48.9375],[154.25,48.9375],[154.25,48.8125],[154.1276,48.8125],[154.1787,48.8357],[154.2214,48.8729],[154.2308,48.8972],[154.2129,48.9177],[154.1836,48.9214],[154.147,48.915],[154.1195,48.8996],[154.1174,48.8767],[154.1004,48.873],[154.1004,48.8388],[154.0625,48.8065],[154.0625,49.0],[153.9375,49.0],[153.9375,49.0625],[154.3125,49.0625]],[[154.492,49.1703],[154.4495,49.1697],[154.4395,49.1572],[154.4878,49.0883],[154.5117,49.0802],[154.6013,49.1111],[154.5996,49.13],[154.5838,49.1487],[154.492,49.1703]]],[[[154.125,48.8113],[154.125,48.6875],[154.0625,48.6875],[154.0625,48.5],[153.875,48.5],[153.875,48.4375],[153.8125,48.4062],[153.8125,48.375],[153.75,48.375],[153.75,48.5],[153.6875,48.5],[153.6875,48.5625],[153.75,48.5625],[153.75,48.6875],[153.9375,48.6875],[153.9375,48.75],[153.9746,48.75],[153.9733,48.7395],[154.0086,48.7328],[154.0564,48.7378],[154.0627,48.7742],[154.125,48.8113]]],[[[155.375,49.25],[155.3125,49.25],[155.3125,49.375],[155.25,49.375],[155.25,49.4375],[155.375,49.4375],[155.4375,49.5625],[155.5625,49.5625],[155.5625,49.625],[155.6875,49.625],[155.6875,49.5],[155.625,49.5],[155.625,49.4375],[155.5625,49.4375],[155.5,49.3125],[155.375,49.3125],[155.375,49.25]]],[[[155.25,49.9375],[155.25,49.875],[155.125,49.875],[155.125,50.0625],[155.0625,50.0625],[155.0625,50.1875],[155.125,50.1875],[155.125,50.125],[155.2345,50.125],[155.2209,50.1099],[155.2131,50.0812],[155.2278,50.0548],[155.2946,50.0645],[155.3767,50.0469],[155.3845,50.0375],[155.3643,50.0001],[155.3958,49.9958],[155.4124,50.0111],[155.4375,50.0568],[155.4375,49.9375],[155.25,49.9375]]],[[[155.5,50.125],[155.5,50.0625],[155.4414,50.0625],[155.4803,50.1191],[155.5,50.125]]],[[[156.4375,50.9375],[156.5625,50.9375],[156.5625,51.0],[156.6875,51.0],[156.6875,51.0625],[156.7703,51.0181],[156.7619,50.9844],[156.6937,50.9092],[156.6582,50.8826],[156.67,50.8639],[156.7197,50.8865],[156.8125,50.9628],[156.8125,50.875],[156.75,50.875],[156.75,50.8125],[156.5,50.8125],[156.5,50.875],[156.4375,50.8756],[156.4375,50.9375]]],[[[179.375,51.5],[179.375,51.4375],[179.5,51.4375],[179.5,51.375],[179.4666,51.375],[179.4001,51.4084],[179.28,51.3985],[179.2943,51.419],[179.2401,51.4167],[179.228,51.4392],[179.1953,51.4705],[179.1229,51.4804],[179.087,51.5],[179.375,51.5]]],[[[179.4375,51.25],[179.25,51.25],[179.25,51.3125],[179.0625,51.3125],[179.0625,51.375],[179.0,51.375],[179.0489,51.4728],[179.0769,51.4536],[179.2464,51.3911],[179.2358,51.3635],[179.2549,51.3503],[179.3011,51.3644],[179.3352,51.3576],[179.3828,51.3773],[179.4104,51.3706],[179.4036,51.3644],[179.4375,51.3672],[179.4375,51.25]]],[[[177.3125,51.8125],[177.1875,51.8125],[177.1875,51.875],[177.25,51.8776],[177.2834,51.8625],[177.3125,51.8324],[177.3125,51.8125]]],[[[177.25,52.0625],[177.3125,52.0625],[177.375,52.1875],[177.4375,52.1875],[177.4375,52.125],[177.5933,52.125],[177.5539,52.1042],[177.556,52.0849],[177.5431,52.0625],[177.4375,52.0625],[177.4375,51.9842],[177.3726,51.9747],[177.3289,51.9297],[177.25,51.9032],[177.25,52.0625]]],[[[177.625,52.1875],[177.6875,52.1875],[177.6875,52.0966],[177.6722,52.1127],[177.625,52.1282],[177.625,52.1875]]],[[[177.6875,52.0],[177.8125,52.0],[177.8125,51.9375],[177.9375,51.9375],[177.9375,51.875],[178.125,51.875],[178.125,52.0],[178.1875,52.0],[178.1875,52.0625],[178.5,52.0625],[178.5381,51.9862],[178.5197,51.9944],[178.4773,51.9859],[178.4627,51.9375],[178.4375,51.9375],[178.4375,51.75],[178.625,51.75],[178.625,51.6875],[178.875,51.6875],[178.875,51.6214],[178.8418,51.617],[178.8148,51.6359],[178.7858,51.625],[178.7692,51.6397],[178.7212,51.6428],[178.6826,51.659],[178.6364,51.6374],[178.6663,51.625],[178.5,51.625],[178.5,51.6875],[178.375,51.6875],[178.375,51.75],[178.1875,51.75],[178.1875,51.8125],[177.8125,51.8125],[177.8125,51.875],[177.625,51.875],[177.625,52.0244],[177.6484,52.0436],[177.6563,52.0695],[177.6875,52.0874],[177.6875,52.0]],[[178.334,51.8162],[178.2249,51.8367],[178.2366,51.8229],[178.3117,51.7921],[178.3415,51.7685],[178.3962,51.7685],[178.334,51.8162]]],[[[178.875,51.5625],[178.8125,51.5625],[178.8125,51.5729],[178.8723,51.5714],[178.875,51.5625]]],[[[177.4375,51.875],[177.3469,51.875],[177.366,51.9121],[177.4375,51.9342],[177.4375,51.875]]],[[[179.375,51.9375],[179.375,52.0],[179.4375,52.0],[179.4375,52.0625],[179.625,52.0625],[179.625,52.125],[179.8125,52.125],[179.8125,52.3125],[179.875,52.3125],[179.875,52.25],[180.0,52.25],[180.0,52.0625],[179.875,52.0625],[179.875,52.0],[179.7917,51.9583],[179.75,51.875],[179.6502,51.875],[179.6997,51.8865],[179.7466,51.9135],[179.7554,51.9227],[179.7498,51.936],[179.7809,51.967],[179.7345,51.9788],[179.6642,52.0285],[179.637,52.0353],[179.5979,52.0115],[179.5583,52.0019],[179.5271,51.9801],[179.4861,51.9739],[179.5037,51.9501],[179.5,51.931],[179.5,51.9375],[179.375,51.9375]]],[[[179.5,51.875],[179.5,51.9159],[179.5667,51.8852],[179.6365,51.875],[179.5,51.875]]],[[[141.6875,52.1352],[141.6579,52.1112],[141.645,52.0848],[141.6521,52.0319],[141.6761,51.9526],[141.6755,51.9124],[141.639,51.8845],[141.6584,51.875],[141.4375,51.875],[141.4375,52.0],[141.625,52.0],[141.625,52.1875],[141.5433,52.1875],[141.5459,52.1936],[141.5361,52.1994],[141.5447,52.2177],[141.5401,52.2208],[141.4868,52.2139],[141.4375,52.3125],[141.625,52.3125],[141.625,52.375],[141.6546,52.375],[141.6521,52.3405],[141.6419,52.3182],[141.6731,52.2756],[141.6589,52.2166],[141.6875,52.1811],[141.6875,52.1352]]],[[[174.6875,52.6875],[174.6875,52.625],[174.375,52.625],[174.375,52.6875],[174.25,52.6875],[174.25,52.75],[174.5,52.75],[174.5,52.8125],[174.5625,52.8125],[174.5625,52.6875],[174.6875,52.6875]]],[[[172.6875,53.0625],[172.6875,53.0054],[172.6604,53.0086],[172.5769,52.978],[172.5574,52.9601],[172.5511,52.9676],[172.4959,52.9375],[172.3125,52.9375],[172.3125,53.0],[172.3438,53.0],[172.375,53.0625],[172.4375,53.0625],[172.4375,53.0],[172.625,53.0],[172.625,53.0625],[172.6875,53.0625]]],[[[172.6875,52.875],[172.6849,52.875],[172.6875,52.8754],[172.6875,52.875]]],[[[172.5625,52.875],[172.5625,52.9165],[172.6399,52.928],[172.6604,52.913],[172.63,52.875],[172.5625,52.875]]],[[[170.875,53.1875],[171.0,53.1875],[171.0,53.125],[170.9375,53.125],[170.9375,53.0],[170.875,53.0],[170.875,53.125],[170.8125,53.125],[170.75,53.25],[170.875,53.25],[170.875,53.1875]]],[[[138.5625,54.0625],[138.625,54.0625],[138.625,54.25],[138.4375,54.25],[138.4375,54.375],[138.375,54.375],[138.375,54.625],[138.4375,54.625],[138.4375,54.5625],[138.625,54.5625],[138.625,54.5],[138.75,54.5],[138.75,54.4375],[138.875,54.4375],[138.875,54.3125],[138.7192,54.3176],[138.6436,54.2972],[138.7344,54.2663],[138.7466,54.2425],[138.7254,54.2003],[138.7329,54.1805],[138.7254,54.1593],[138.6647,54.0775],[138.6758,54.0715],[138.7671,54.1047],[138.7716,54.0625],[138.6875,54.0625],[138.6825,53.8754],[138.6986,53.8367],[138.6939,53.8125],[138.5637,53.8125],[138.5799,53.8283],[138.5889,53.8794],[138.565,53.9421],[138.5847,53.9772],[138.5786,53.9993],[138.5625,53.9921],[138.5625,54.0625]]],[[[168.4375,54.4375],[168.5625,54.4375],[168.5625,54.3125],[168.3125,54.3125],[168.3125,54.375],[168.4375,54.375],[168.4375,54.4375]]],[[[142.875,54.375],[142.875,54.4375],[142.75,54.4375],[142.75,54.625],[142.8125,54.625],[142.8125,54.6875],[143.0,54.6875],[143.0,54.625],[143.0625,54.625],[143.0625,54.4375],[142.9375,54.4375],[142.9375,54.375],[142.875,54.375]]],[[[146.125,55.625],[146.1875,55.5],[146.3125,55.5],[146.3125,55.4375],[146.375,55.4375],[146.3125,55.3125],[146.125,55.3125],[146.125,55.375],[145.9375,55.375],[145.9375,55.4375],[145.4375,55.4375],[145.4375,55.5],[144.9375,55.5],[144.875,55.375],[144.5,55.375],[144.5,55.3125],[144.375,55.3125],[144.375,55.4375],[144.5,55.4375],[144.5,55.5],[144.6875,55.5],[144.6875,55.6875],[144.875,55.6875],[144.875,55.8125],[144.9375,55.8125],[144.9375,55.875],[145.0,55.875],[145.0625,55.75],[145.5625,55.75],[145.5625,55.6875],[145.9375,55.6875],[145.9375,55.625],[146.125,55.625]]],[[[137.9375,56.125],[137.75,56.125],[137.7984,56.2217],[137.8344,56.2255],[137.8454,56.25],[138.0625,56.25],[138.0625,56.1875],[137.9375,56.1875],[137.9375,56.125]]],[[[155.0625,58.1875],[154.9375,58.1875],[154.875,58.3125],[154.6875,58.3125],[154.6875,58.375],[154.4375,58.375],[154.4375,58.4375],[154.375,58.4375],[154.3125,58.5625],[154.1875,58.5625],[154.1875,58.6875],[154.125,58.6875],[154.0625,58.8125],[153.9375,58.8125],[153.9375,58.9375],[153.875,58.9375],[153.875,59.0625],[153.9375,59.0625],[153.9375,59.08],[154.0487,59.0528],[154.1924,59.1013],[154.2789,59.0859],[154.308,59.0942],[154.3408,59.1184],[154.3577,59.1106],[154.3542,59.125],[154.5,59.125],[154.5,59.1875],[154.5823,59.1875],[154.6775,59.1456],[154.7907,59.1313],[154.8049,59.1322],[154.7851,59.1561],[154.8025,59.1875],[154.9364,59.1924],[155.0286,59.1735],[155.0557,59.1917],[155.1941,59.1758],[155.1496,59.2216],[155.179,59.2253],[155.1972,59.2372],[155.1714,59.2623],[155.1576,59.2964],[155.1773,59.3082],[155.2158,59.3055],[155.2187,59.3138],[155.1934,59.3296],[155.2097,59.3439],[155.1668,59.3793],[155.125,59.389],[155.125,59.4375],[155.0625,59.4375],[155.0625,59.5625],[156.0,59.5625],[156.0,59.625],[156.375,59.625],[156.375,59.5625],[156.5625,59.5625],[156.5625,59.625],[157.1875,59.625],[157.25,59.5],[157.4375,59.5],[157.4375,59.4375],[157.625,59.4375],[157.625,59.5],[157.75,59.5],[157.75,59.6875],[157.6875,59.6875],[157.6875,59.75],[157.8125,59.75],[157.8125,59.6875],[157.9375,59.6875],[157.9375,59.5625],[158.0,59.5625],[158.0,59.5],[158.125,59.5],[158.125,59.4375],[158.25,59.4375],[158.25,59.375],[158.4375,59.375],[158.4375,59.3125],[159.0,59.3125],[159.0,59.375],[159.125,59.375],[159.125,59.4375],[159.25,59.4375],[159.25,59.5625],[159.375,59.5625],[159.375,59.625],[159.4375,59.625],[159.5,59.75],[160.125,59.75],[160.125,59.9375],[160.0625,59.9375],[160.0625,60.0625],[160.0,60.0625],[160.0,60.1875],[159.9375,60.1875],[159.9375,60.4375],[160.0,60.4375],[160.0,60.5625],[160.0625,60.5625],[160.0625,60.6875],[160.125,60.6875],[160.1875,60.8125],[160.2314,60.7922],[160.25,60.7741],[160.2427,60.7576],[160.2514,60.7348],[160.2338,60.725],[160.2448,60.7139],[160.2201,60.7104],[160.2019,60.6971],[160.2196,60.6651],[160.147,60.662],[160.1597,60.6408],[160.1361,60.6021],[160.1544,60.5763],[160.2384,60.5895],[160.2493,60.6025],[160.2818,60.6092],[160.289,60.6395],[160.3576,60.6586],[160.3818,60.7016],[160.3716,60.7227],[160.431,60.7492],[160.4429,60.7427],[160.4103,60.7061],[160.4702,60.699],[160.4934,60.7067],[160.5007,60.7193],[160.5279,60.7227],[160.5432,60.739],[160.5591,60.7406],[160.58,60.7378],[160.5808,60.7231],[160.6359,60.7156],[160.6583,60.75],[160.6875,60.75],[160.6875,60.7599],[160.72,60.7514],[160.7375,60.7311],[160.7916,60.7177],[160.7965,60.7469],[160.8285,60.7547],[160.8472,60.8136],[160.8719,60.8482],[160.902,60.8604],[160.9085,60.875],[161.0,60.875],[161.0,60.9228],[161.0301,60.9375],[161.0625,60.9375],[161.0625,60.9486],[161.1836,60.9926],[161.1875,61.0163],[161.2045,61.0221],[161.2151,61.0357],[161.2082,61.0473],[161.2122,61.0542],[161.2612,61.0509],[161.3098,61.0625],[161.375,61.0625],[161.375,61.0974],[161.4171,61.1179],[161.4688,61.125],[161.5,61.1875],[161.625,61.1875],[161.625,61.25],[161.6562,61.25],[161.6686,61.2747],[161.6926,61.2862],[161.7716,61.2982],[161.7947,61.3125],[161.875,61.3125],[161.875,61.3374],[161.8902,61.3355],[161.913,61.3573],[161.8977,61.375],[162.0,61.375],[162.0,61.3821],[162.0269,61.4009],[162.0607,61.4172],[162.0408,61.4361],[162.0953,61.4364],[162.1056,61.4476],[162.1006,61.4567],[162.1362,61.4841],[162.1394,61.4962],[162.1682,61.4933],[162.2154,61.5129],[162.2284,61.5245],[162.2137,61.5455],[162.2165,61.5578],[162.252,61.5526],[162.2722,61.5625],[162.4375,61.5625],[162.4375,61.625],[162.5,61.625],[162.5,61.5625],[162.6875,61.5625],[162.6875,61.603],[162.7748,61.5939],[162.7643,61.6135],[162.7461,61.6241],[162.6875,61.625],[162.8759,61.625],[162.8601,61.6167],[162.8598,61.6025],[162.8757,61.6103],[162.9088,61.6087],[162.9126,61.5961],[162.9031,61.5891],[162.9079,61.5799],[162.9568,61.5773],[162.9676,61.5718],[162.9817,61.5369],[163.0173,61.5166],[163.0447,61.5171],[163.1121,61.5481],[163.1021,61.5564],[163.1076,61.5709],[163.0759,61.5851],[163.1121,61.6159],[163.1347,61.625],[163.196,61.625],[163.2051,61.6146],[163.2302,61.6111],[163.2204,61.625],[163.25,61.625],[163.25,61.6452],[163.3265,61.6579],[163.322,61.6934],[163.3434,61.7057],[163.25,61.7329],[163.25,61.8125],[163.1875,61.8125],[163.1875,61.875],[163.125,61.875],[163.0938,61.9375],[163.0681,61.9375],[163.0802,61.9547],[163.0687,61.9666],[163.1193,61.9887],[163.1377,62.0082],[163.1478,62.0376],[163.1863,62.0523],[163.1931,62.0666],[163.125,62.0676],[163.125,62.0985],[163.1476,62.104],[163.1504,62.1133],[163.125,62.1392],[163.125,62.1875],[163.1875,62.1875],[163.1875,62.2749],[163.2212,62.2737],[163.2413,62.2853],[163.2248,62.2935],[163.223,62.3043],[163.2595,62.3196],[163.3689,62.3277],[163.3702,62.34],[163.3021,62.3753],[163.25,62.3801],[163.25,62.452],[163.2688,62.4656],[163.2546,62.5],[163.4375,62.5],[163.4375,62.5636],[163.4755,62.5451],[163.6257,62.5887],[163.6435,62.588],[163.6875,62.5],[164.5,62.5],[164.4354,62.375],[164.25,62.375],[164.25,62.3287],[164.2108,62.3125],[164.125,62.3125],[164.1182,62.2061],[164.125,62.1932],[164.1054,62.1678],[164.125,62.1273],[164.0836,62.1025],[164.0796,62.0905],[164.0927,62.0757],[164.1064,62.0233],[164.1032,62.009],[164.0727,61.9957],[164.0728,61.9811],[164.0877,61.9669],[164.083,61.9426],[164.0949,61.9243],[164.09,61.8947],[164.0808,61.875],[164.0625,61.875],[164.0625,61.856],[164.0425,61.843],[164.0625,61.8154],[164.0625,61.75],[164.0,61.75],[164.0,61.6875],[163.875,61.6875],[163.875,61.65],[163.8546,61.6258],[163.8444,61.5983],[163.8462,61.5798],[163.8014,61.5198],[163.7595,61.479],[163.7515,61.4433],[163.7757,61.4132],[163.7961,61.4217],[163.8118,61.4394],[163.8478,61.4529],[163.9523,61.4345],[164.0,61.3958],[164.0,61.3245],[163.9749,61.3125],[163.875,61.3125],[163.875,61.375],[163.6875,61.375],[163.6875,61.1541],[163.625,61.125],[163.6157,61.1049],[163.625,61.0913],[163.6182,61.0592],[163.5592,61.047],[163.4873,61.0017],[163.625,60.9626],[163.625,60.9375],[163.5625,60.9375],[163.5625,60.875],[163.3125,60.875],[163.3125,60.8125],[163.0,60.8125],[163.0,60.7748],[162.8876,60.75],[162.8125,60.75],[162.8125,60.6875],[162.6875,60.6875],[162.6875,60.6288],[162.6803,60.625],[162.4375,60.625],[162.4375,60.5828],[162.4054,60.5625],[162.1875,60.5625],[162.1875,60.5253],[162.1607,60.5],[162.0,60.5],[162.0,60.4375],[161.9375,60.4375],[161.9375,60.4152],[161.9258,60.3972],[161.9277,60.3729],[161.9107,60.3489],[161.907,60.3273],[161.8985,60.3125],[161.875,60.3125],[161.875,60.25],[161.75,60.25],[161.6875,60.125],[161.5625,60.125],[161.5625,60.0725],[161.5233,60.0625],[161.4375,60.0625],[161.4351,60.0],[161.125,60.0],[161.125,59.9375],[161.0625,59.9375],[161.0625,59.7578],[161.0364,59.75],[160.9375,59.75],[160.9375,59.6875],[160.875,59.6875],[160.875,59.75],[160.6875,59.75],[160.6875,59.625],[160.625,59.625],[160.625,59.5759],[160.5929,59.5668],[160.5,59.5625],[160.5,59.5534],[160.4661,59.5211],[160.4589,59.5],[160.25,59.5],[160.25,59.4375],[160.125,59.4375],[160.125,59.375],[160.0625,59.375],[160.0625,59.3125],[160.0,59.3125],[159.9375,59.1875],[159.8125,59.1875],[159.8125,59.1029],[159.7851,59.0625],[159.5,59.0625],[159.5,58.875],[159.625,58.875],[159.625,58.8304],[159.612,58.8125],[159.3125,58.8125],[159.3125,58.6875],[159.25,58.6875],[159.25,58.625],[159.0,58.625],[159.0,58.5625],[158.8125,58.5625],[158.8125,58.4375],[158.75,58.4375],[158.75,58.375],[158.625,58.375],[158.625,58.3125],[158.5625,58.3125],[158.5,58.1875],[158.3125,58.1875],[158.3125,58.125],[158.0,58.125],[157.9375,58.0],[157.7768,58.0],[157.7232,58.0246],[157.6951,58.0273],[157.6397,58.025],[157.6533,58.0039],[157.6493,58.0],[157.375,58.0],[157.375,57.9375],[157.1875,57.9375],[157.1875,57.8125],[157.0368,57.8125],[156.9976,57.8561],[156.9815,57.8571],[156.875,57.8125],[156.801,57.7734],[156.749,57.7296],[156.7831,57.7399],[156.8125,57.7368],[156.8125,57.5625],[156.75,57.5625],[156.6875,57.4375],[156.5625,57.4375],[156.5625,57.375],[156.125,57.375],[156.125,57.4375],[155.9375,57.4375],[155.9375,57.5],[155.75,57.5],[155.75,57.8125],[155.4375,57.8125],[155.4375,57.875],[155.375,57.875],[155.375,57.9375],[155.3125,57.9375],[155.3125,58.0],[155.25,58.0],[155.1875,58.125],[155.0625,58.125],[155.0625,58.1875]],[[155.509,59.3201],[155.6,59.3194],[155.6002,59.3351],[155.5669,59.3404],[155.5077,59.3281],[155.509,59.3201]]],[[[161.9207,60.3125],[161.9224,60.3135],[161.9238,60.3125],[161.9207,60.3125]]],[[[177.8125,61.8125],[177.8125,61.6875],[177.75,61.6875],[177.75,61.9375],[177.6875,61.9375],[177.6875,62.0],[177.5625,62.0],[177.5625,62.0625],[177.9375,62.0625],[177.9375,62.125],[178.0,62.125],[178.0625,62.0],[178.0,62.0],[178.0,61.9375],[177.875,61.875],[177.875,61.8125],[177.8125,61.8125]]],[[[179.375,62.25],[179.3125,62.25],[179.25,62.125],[179.125,62.125],[179.125,62.1875],[178.9375,62.1875],[178.9375,62.3125],[179.0,62.3125],[179.0,62.3423],[179.041,62.3214],[179.0547,62.2941],[179.0895,62.2897],[179.1457,62.3331],[179.1504,62.3419],[179.1367,62.375],[179.1875,62.375],[179.1875,62.3125],[179.375,62.3125],[179.375,62.25]]],[[[164.6875,62.5625],[164.6875,62.6106],[164.707,62.5895],[164.7657,62.5583],[164.8509,62.5482],[164.875,62.5],[164.5,62.5],[164.5,62.5625],[164.6875,62.5625]]],[[[178.5499,64.625],[178.4856,64.6105],[178.5142,64.5903],[178.5625,64.5918],[178.5625,64.5],[178.5,64.5],[178.5,64.375],[178.2741,64.375],[178.25,64.4002],[178.25,64.5],[178.375,64.5625],[178.375,64.625],[178.5499,64.625]]],[[[178.25,64.375],[178.25,64.393],[178.2654,64.375],[178.25,64.375]]]]}}]}