{"type":"FeatureCollection","features":[{"type":"Feature","properties":{"name":"Raz Blanchard / Alderney Race","country":"France-Guernsey","region":"EUROPE - FRANCE","max_spring_kt":12.0,"max_spring_text":"~12 (flot 6-12 selon coef; jusant 4-9)","confidence":"medium","uncertain":true,"source_url":"https://fr.wikipedia.org/wiki/Raz_Blanchard","open_source_status":"current","notes":"Dans la cascade actuelle (SHOM C2D, MARC).","read_at":"2026-09-19","best_source":"MARC MANW 250 m","best_resolution_m":250,"coverage_class":"fine","candidates":["BSH Strömungsvorhersagen, mer du Nord 3 nm (5556 m)","Copernicus Marine IBI (IBI_ANALYSISFORECAST_PHY_005_001) (2500 m)","Copernicus Marine NWS (NWSHELF_ANALYSISFORECAST_PHY_004_013) (1500 m)","DMI Open Data, modèle DKSS","Marine Institute NE Atlantic ROMS (1900 m)"],"in_objective":true,"status":"covered"},"geometry":{"type":"Point","coordinates":[-2.0686,49.7178]}},{"type":"Feature","properties":{"name":"Passage du Fromveur","country":"France","region":"EUROPE - FRANCE","max_spring_kt":9.0,"max_spring_text":"9 (~7 mi-maree de vives-eaux sur tout le passage)","confidence":"medium","uncertain":true,"source_url":"https://fr.wikipedia.org/wiki/Passage_du_Fromveur","open_source_status":"current","notes":"Dans la cascade actuelle (SHOM C2D, MARC).","read_at":"2026-09-19","best_source":"MARC FINIS 250 m","best_resolution_m":250,"coverage_class":"fine","candidates":["Copernicus Marine IBI (IBI_ANALYSISFORECAST_PHY_005_001) (2500 m)","Copernicus Marine NWS (NWSHELF_ANALYSISFORECAST_PHY_004_013) (1500 m)","Marine Institute NE Atlantic ROMS (1900 m)"],"in_objective":true,"status":"covered"},"geometry":{"type":"Point","coordinates":[-5.0167,48.4267]}},{"type":"Feature","properties":{"name":"Raz de Sein","country":"France","region":"EUROPE - FRANCE","max_spring_kt":6.0,"max_spring_text":"6 (fr.wikipedia avance \">10\" - contradiction)","confidence":"medium","uncertain":true,"source_url":"https://en.wikipedia.org/wiki/Raz_de_Sein","open_source_status":"current","notes":"Dans la cascade actuelle (SHOM C2D, MARC).","read_at":"2026-09-19","best_source":"MARC FINIS 250 m","best_resolution_m":250,"coverage_class":"fine","candidates":["Copernicus Marine IBI (IBI_ANALYSISFORECAST_PHY_005_001) (2500 m)","Copernicus Marine NWS (NWSHELF_ANALYSISFORECAST_PHY_004_013) (1500 m)","DMI Open Data, modèle DKSS","Marine Institute NE Atlantic ROMS (1900 m)"],"in_objective":true,"status":"covered"},"geometry":{"type":"Point","coordinates":[-4.7722,48.0345]}},{"type":"Feature","properties":{"name":"Goulet de Brest","country":"France","region":"EUROPE - FRANCE","max_spring_kt":4.0,"max_spring_text":"4-5","confidence":"medium","uncertain":false,"source_url":"https://fr.wikipedia.org/wiki/Goulet_de_Brest","open_source_status":"current","notes":"Dans la cascade actuelle (SHOM C2D, MARC).","read_at":"2026-09-19","best_source":"MARC FINIS 250 m","best_resolution_m":250,"coverage_class":"fine","candidates":["Copernicus Marine IBI (IBI_ANALYSISFORECAST_PHY_005_001) (2500 m)","Copernicus Marine NWS (NWSHELF_ANALYSISFORECAST_PHY_004_013) (1500 m)","DMI Open Data, modèle DKSS","Marine Institute NE Atlantic ROMS (1900 m)"],"in_objective":true,"status":"covered"},"geometry":{"type":"Point","coordinates":[-4.5667,48.3417]}},{"type":"Feature","properties":{"name":"Golfe du Morbihan - goulet de Port-Navalo","country":"France","region":"EUROPE - FRANCE","max_spring_kt":9.0,"max_spring_text":"~9 (4 m/s; source citee SHOM)","confidence":"medium","uncertain":true,"source_url":"https://fr.wikipedia.org/wiki/Golfe_du_Morbihan","open_source_status":"current","notes":"Dans la cascade actuelle (SHOM C2D, MARC).","read_at":"2026-09-19","best_source":"MARC SUDBZH 250 m","best_resolution_m":250,"coverage_class":"fine","candidates":["Copernicus Marine IBI (IBI_ANALYSISFORECAST_PHY_005_001) (2500 m)","Copernicus Marine NWS (NWSHELF_ANALYSISFORECAST_PHY_004_013) (1500 m)"],"in_objective":true,"status":"covered"},"geometry":{"type":"Point","coordinates":[-2.92,47.5433]}},{"type":"Feature","properties":{"name":"Courant de la Jument (ile de Berder)","country":"France","region":"EUROPE - FRANCE","max_spring_kt":9.1,"max_spring_text":"9.1","confidence":"medium","uncertain":false,"source_url":"https://fr.wikipedia.org/wiki/Golfe_du_Morbihan","open_source_status":"current","notes":"Dans la cascade actuelle (SHOM C2D, MARC).","read_at":"2026-09-19","best_source":"MARC SUDBZH 250 m","best_resolution_m":250,"coverage_class":"fine","candidates":["Copernicus Marine IBI (IBI_ANALYSISFORECAST_PHY_005_001) (2500 m)","Copernicus Marine NWS (NWSHELF_ANALYSISFORECAST_PHY_004_013) (1500 m)"],"in_objective":true,"status":"covered"},"geometry":{"type":"Point","coordinates":[-2.8836,47.5878]}},{"type":"Feature","properties":{"name":"Passage de la Teignouse","country":"France","region":"EUROPE - FRANCE","max_spring_kt":4.0,"max_spring_text":"4-6","confidence":"low","uncertain":true,"source_url":"https://cap-nautique.fr/destinations/houat-hoedic-voilier-escale-mouillages/","open_source_status":"current","notes":"Dans la cascade actuelle (SHOM C2D, MARC).","read_at":"2026-09-19","best_source":"MARC SUDBZH 250 m","best_resolution_m":250,"coverage_class":"fine","candidates":["Copernicus Marine IBI (IBI_ANALYSISFORECAST_PHY_005_001) (2500 m)","Copernicus Marine NWS (NWSHELF_ANALYSISFORECAST_PHY_004_013) (1500 m)"],"in_objective":true,"status":"covered"},"geometry":{"type":"Point","coordinates":[-3.0364,47.437]}},{"type":"Feature","properties":{"name":"Raz de Barfleur","country":"France","region":"EUROPE - FRANCE","max_spring_kt":4.0,"max_spring_text":"4 vives-eaux (7-8 avance ailleurs)","confidence":"low","uncertain":true,"source_url":"https://www.bateaux.com/article/31514/navigation-delicate-le-passage-d-un-raz","open_source_status":"current","notes":"Dans la cascade actuelle (SHOM C2D, MARC).","read_at":"2026-09-19","best_source":"MARC MANW 250 m","best_resolution_m":250,"coverage_class":"fine","candidates":["BSH Strömungsvorhersagen, mer du Nord 3 nm (5556 m)","Copernicus Marine IBI (IBI_ANALYSISFORECAST_PHY_005_001) (2500 m)","Copernicus Marine NWS (NWSHELF_ANALYSISFORECAST_PHY_004_013) (1500 m)","DMI Open Data, modèle DKSS","Marine Institute NE Atlantic ROMS (1900 m)"],"in_objective":true,"status":"covered"},"geometry":{"type":"Point","coordinates":[-1.2489,49.7014]}},{"type":"Feature","properties":{"name":"Chenal du Four","country":"France","region":"EUROPE - FRANCE","max_spring_kt":5.0,"max_spring_text":"~5","confidence":"medium","uncertain":true,"source_url":"https://fr.wikipedia.org/wiki/Courant_de_mar%C3%A9e","open_source_status":"current","notes":"Dans la cascade actuelle (SHOM C2D, MARC).","read_at":"2026-09-19","best_source":"MARC FINIS 250 m","best_resolution_m":250,"coverage_class":"fine","candidates":["Copernicus Marine IBI (IBI_ANALYSISFORECAST_PHY_005_001) (2500 m)","Copernicus Marine NWS (NWSHELF_ANALYSISFORECAST_PHY_004_013) (1500 m)","DMI Open Data, modèle DKSS","Marine Institute NE Atlantic ROMS (1900 m)"],"in_objective":true,"status":"covered"},"geometry":{"type":"Point","coordinates":[-4.78,48.4]}},{"type":"Feature","properties":{"name":"Pentland Firth (ouest des Pentland Skerries)","country":"UK","region":"EUROPE - ILES BRITANNIQUES","max_spring_kt":16.0,"max_spring_text":"16 (30 km/h)","confidence":"medium","uncertain":false,"source_url":"https://en.wikipedia.org/wiki/Pentland_Firth","open_source_status":"partial","notes":"Une source ouverte couvre la zone mais ne résout pas une passe plus étroite que sa maille.","read_at":"2026-09-19","best_source":"Copernicus Marine NWS 1.5 km, un an horaire (1500 m)","best_resolution_m":1500,"coverage_class":"coarse","candidates":["BSH Strömungsvorhersagen, mer du Nord 3 nm (5556 m)","Copernicus Marine NWS (NWSHELF_ANALYSISFORECAST_PHY_004_013) (1500 m)","DMI Open Data, modèle DKSS"],"in_objective":true,"status":"blocked"},"geometry":{"type":"Point","coordinates":[-3.2,58.7]}},{"type":"Feature","properties":{"name":"Merry Men of Mey (Pentland Firth)","country":"UK","region":"EUROPE - ILES BRITANNIQUES","max_spring_kt":10.0,"max_spring_text":"10 (>19 km/h)","confidence":"medium","uncertain":false,"source_url":"https://en.wikipedia.org/wiki/Pentland_Firth","open_source_status":"partial","notes":"Une source ouverte couvre la zone mais ne résout pas une passe plus étroite que sa maille.","read_at":"2026-09-19","best_source":"Copernicus Marine NWS 1.5 km, un an horaire (1500 m)","best_resolution_m":1500,"coverage_class":"coarse","candidates":["BSH Strömungsvorhersagen, mer du Nord 3 nm (5556 m)","Copernicus Marine NWS (NWSHELF_ANALYSISFORECAST_PHY_004_013) (1500 m)","DMI Open Data, modèle DKSS"],"in_objective":true,"status":"blocked"},"geometry":{"type":"Point","coordinates":[-3.13,58.65]}},{"type":"Feature","properties":{"name":"Gulf of Corryvreckan","country":"UK","region":"EUROPE - ILES BRITANNIQUES","max_spring_kt":8.5,"max_spring_text":"8.5","confidence":"medium","uncertain":false,"source_url":"https://en.wikipedia.org/wiki/Gulf_of_Corryvreckan","open_source_status":"partial","notes":"Une source ouverte couvre la zone mais ne résout pas une passe plus étroite que sa maille.","read_at":"2026-09-19","best_source":"Copernicus Marine NWS 1.5 km, un an horaire (1500 m)","best_resolution_m":1500,"coverage_class":"coarse","candidates":["Copernicus Marine NWS (NWSHELF_ANALYSISFORECAST_PHY_004_013) (1500 m)","Marine Institute NE Atlantic ROMS (1900 m)"],"in_objective":true,"status":"blocked"},"geometry":{"type":"Point","coordinates":[-5.7278,56.155]}},{"type":"Feature","properties":{"name":"Kyle Rhea","country":"UK","region":"EUROPE - ILES BRITANNIQUES","max_spring_kt":8.0,"max_spring_text":"8","confidence":"medium","uncertain":false,"source_url":"https://en.wikipedia.org/wiki/Kyle_Rhea","open_source_status":"partial","notes":"Une source ouverte couvre la zone mais ne résout pas une passe plus étroite que sa maille.","read_at":"2026-09-19","best_source":"Copernicus Marine NWS 1.5 km, un an horaire (1500 m)","best_resolution_m":1500,"coverage_class":"coarse","candidates":["Copernicus Marine NWS (NWSHELF_ANALYSISFORECAST_PHY_004_013) (1500 m)","Marine Institute NE Atlantic ROMS (1900 m)"],"in_objective":true,"status":"blocked"},"geometry":{"type":"Point","coordinates":[-5.641,57.2548]}},{"type":"Feature","properties":{"name":"Cuan Sound","country":"UK","region":"EUROPE - ILES BRITANNIQUES","max_spring_kt":7.0,"max_spring_text":"7 (West Coast of Scotland Pilot)","confidence":"high","uncertain":false,"source_url":"https://en.wikipedia.org/wiki/Cuan_Sound","open_source_status":"partial","notes":"Une source ouverte couvre la zone mais ne résout pas une passe plus étroite que sa maille.","read_at":"2026-09-19","best_source":"Copernicus Marine NWS 1.5 km, un an horaire (1500 m)","best_resolution_m":1500,"coverage_class":"coarse","candidates":["Copernicus Marine NWS (NWSHELF_ANALYSISFORECAST_PHY_004_013) (1500 m)","Marine Institute NE Atlantic ROMS (1900 m)"],"in_objective":true,"status":"blocked"},"geometry":{"type":"Point","coordinates":[-5.6293,56.2682]}},{"type":"Feature","properties":{"name":"Falls of Lora (Connel)","country":"UK","region":"EUROPE - ILES BRITANNIQUES","max_spring_kt":12.0,"max_spring_text":"12 mesure SAMS (pilote officiel: 6)","confidence":"medium","uncertain":false,"source_url":"https://www.fallsoflora.info/about-the-falls-of-lora/","open_source_status":"partial","notes":"Une source ouverte couvre la zone mais ne résout pas une passe plus étroite que sa maille.","read_at":"2026-09-19","best_source":"Copernicus Marine NWS 1.5 km, un an horaire (1500 m)","best_resolution_m":1500,"coverage_class":"coarse","candidates":["Copernicus Marine NWS (NWSHELF_ANALYSISFORECAST_PHY_004_013) (1500 m)","Marine Institute NE Atlantic ROMS (1900 m)"],"in_objective":true,"status":"blocked"},"geometry":{"type":"Point","coordinates":[-5.3875,56.4569]}},{"type":"Feature","properties":{"name":"Sumburgh Roost","country":"UK","region":"EUROPE - ILES BRITANNIQUES","max_spring_kt":6.0,"max_spring_text":"6","confidence":"medium","uncertain":false,"source_url":"https://www.yachtingmonthly.com/sailing-skills/the-uks-11-fiercest-tide-races-75304","open_source_status":"partial","notes":"Une source ouverte couvre la zone mais ne résout pas une passe plus étroite que sa maille.","read_at":"2026-09-19","best_source":"Copernicus Marine NWS 1.5 km, un an horaire (1500 m)","best_resolution_m":1500,"coverage_class":"coarse","candidates":["BSH Strömungsvorhersagen, mer du Nord 3 nm (5556 m)","Copernicus Marine NWS (NWSHELF_ANALYSISFORECAST_PHY_004_013) (1500 m)","DMI Open Data, modèle DKSS","NorKyst800 (MET Norway / IMR) (800 m)"],"in_objective":true,"status":"target"},"geometry":{"type":"Point","coordinates":[-1.3,59.8]}},{"type":"Feature","properties":{"name":"Mull of Kintyre","country":"UK","region":"EUROPE - ILES BRITANNIQUES","max_spring_kt":5.0,"max_spring_text":"5","confidence":"medium","uncertain":false,"source_url":"https://www.yachtingmonthly.com/sailing-skills/the-uks-11-fiercest-tide-races-75304","open_source_status":"partial","notes":"Une source ouverte couvre la zone mais ne résout pas une passe plus étroite que sa maille.","read_at":"2026-09-19","best_source":"Copernicus Marine NWS 1.5 km, un an horaire (1500 m)","best_resolution_m":1500,"coverage_class":"coarse","candidates":["Copernicus Marine IBI (IBI_ANALYSISFORECAST_PHY_005_001) (2500 m)","Copernicus Marine NWS (NWSHELF_ANALYSISFORECAST_PHY_004_013) (1500 m)","Marine Institute NE Atlantic ROMS (1900 m)"],"in_objective":true,"status":"blocked"},"geometry":{"type":"Point","coordinates":[-5.8,55.3]}},{"type":"Feature","properties":{"name":"Skerries / Holyhead race (Anglesey)","country":"UK","region":"EUROPE - ILES BRITANNIQUES","max_spring_kt":5.0,"max_spring_text":"5","confidence":"medium","uncertain":false,"source_url":"https://www.yachtingmonthly.com/sailing-skills/the-uks-11-fiercest-tide-races-75304","open_source_status":"partial","notes":"Une source ouverte couvre la zone mais ne résout pas une passe plus étroite que sa maille.","read_at":"2026-09-19","best_source":"Copernicus Marine NWS 1.5 km, un an horaire (1500 m)","best_resolution_m":1500,"coverage_class":"coarse","candidates":["Copernicus Marine IBI (IBI_ANALYSISFORECAST_PHY_005_001) (2500 m)","Copernicus Marine NWS (NWSHELF_ANALYSISFORECAST_PHY_004_013) (1500 m)","DMI Open Data, modèle DKSS","Marine Institute NE Atlantic ROMS (1900 m)"],"in_objective":true,"status":"blocked"},"geometry":{"type":"Point","coordinates":[-4.61,53.42]}},{"type":"Feature","properties":{"name":"Lundy race","country":"UK","region":"EUROPE - ILES BRITANNIQUES","max_spring_kt":4.0,"max_spring_text":">4","confidence":"medium","uncertain":false,"source_url":"https://www.yachtingmonthly.com/sailing-skills/the-uks-11-fiercest-tide-races-75304","open_source_status":"partial","notes":"Une source ouverte couvre la zone mais ne résout pas une passe plus étroite que sa maille.","read_at":"2026-09-19","best_source":"MARC MANGA 700 m","best_resolution_m":700,"coverage_class":"medium","candidates":["Copernicus Marine IBI (IBI_ANALYSISFORECAST_PHY_005_001) (2500 m)","Copernicus Marine NWS (NWSHELF_ANALYSISFORECAST_PHY_004_013) (1500 m)","DMI Open Data, modèle DKSS","Marine Institute NE Atlantic ROMS (1900 m)"],"in_objective":true,"status":"covered"},"geometry":{"type":"Point","coordinates":[-4.67,51.18]}},{"type":"Feature","properties":{"name":"Menai Strait - The Swellies","country":"UK","region":"EUROPE - ILES BRITANNIQUES","max_spring_kt":4.8,"max_spring_text":"4.8 aux Swellies (>7 dans le chenal)","confidence":"medium","uncertain":false,"source_url":"https://en.wikipedia.org/wiki/Menai_Strait","open_source_status":"partial","notes":"Une source ouverte couvre la zone mais ne résout pas une passe plus étroite que sa maille.","read_at":"2026-09-19","best_source":"Copernicus Marine NWS 1.5 km, un an horaire (1500 m)","best_resolution_m":1500,"coverage_class":"coarse","candidates":["Copernicus Marine IBI (IBI_ANALYSISFORECAST_PHY_005_001) (2500 m)","Copernicus Marine NWS (NWSHELF_ANALYSISFORECAST_PHY_004_013) (1500 m)","DMI Open Data, modèle DKSS","Marine Institute NE Atlantic ROMS (1900 m)"],"in_objective":true,"status":"blocked"},"geometry":{"type":"Point","coordinates":[-4.18,53.217]}},{"type":"Feature","properties":{"name":"Ramsey Sound / The Bitches","country":"UK","region":"EUROPE - ILES BRITANNIQUES","max_spring_kt":8.0,"max_spring_text":"~8 dans le sound (12-18 sur le recif; tres disperse)","confidence":"low","uncertain":true,"source_url":"https://www.ramseyisland.co.uk/the-islands/the-bitches-rocks/","open_source_status":"partial","notes":"Une source ouverte couvre la zone mais ne résout pas une passe plus étroite que sa maille.","read_at":"2026-09-19","best_source":"Copernicus Marine NWS 1.5 km, un an horaire (1500 m)","best_resolution_m":1500,"coverage_class":"coarse","candidates":["Copernicus Marine IBI (IBI_ANALYSISFORECAST_PHY_005_001) (2500 m)","Copernicus Marine NWS (NWSHELF_ANALYSISFORECAST_PHY_004_013) (1500 m)","Marine Institute NE Atlantic ROMS (1900 m)"],"in_objective":true,"status":"blocked"},"geometry":{"type":"Point","coordinates":[-5.33,51.87]}},{"type":"Feature","properties":{"name":"Jack Sound","country":"UK","region":"EUROPE - ILES BRITANNIQUES","max_spring_kt":6.0,"max_spring_text":"6","confidence":"medium","uncertain":false,"source_url":"https://en.wikipedia.org/wiki/Jack_Sound","open_source_status":"partial","notes":"Une source ouverte couvre la zone mais ne résout pas une passe plus étroite que sa maille.","read_at":"2026-09-19","best_source":"Copernicus Marine NWS 1.5 km, un an horaire (1500 m)","best_resolution_m":1500,"coverage_class":"coarse","candidates":["Copernicus Marine IBI (IBI_ANALYSISFORECAST_PHY_005_001) (2500 m)","Copernicus Marine NWS (NWSHELF_ANALYSISFORECAST_PHY_004_013) (1500 m)","Marine Institute NE Atlantic ROMS (1900 m)"],"in_objective":true,"status":"blocked"},"geometry":{"type":"Point","coordinates":[-5.259,51.735]}},{"type":"Feature","properties":{"name":"Bardsey Sound","country":"UK","region":"EUROPE - ILES BRITANNIQUES","max_spring_kt":5.0,"max_spring_text":"5-6 carte (jusqu'a 8)","confidence":"low","uncertain":true,"source_url":"https://sailingsilvergirl.com/posts/richard-smiths-guide-to-sailing-through-bardsey-sound/","open_source_status":"partial","notes":"Une source ouverte couvre la zone mais ne résout pas une passe plus étroite que sa maille.","read_at":"2026-09-19","best_source":"Copernicus Marine NWS 1.5 km, un an horaire (1500 m)","best_resolution_m":1500,"coverage_class":"coarse","candidates":["Copernicus Marine IBI (IBI_ANALYSISFORECAST_PHY_005_001) (2500 m)","Copernicus Marine NWS (NWSHELF_ANALYSISFORECAST_PHY_004_013) (1500 m)","DMI Open Data, modèle DKSS","Marine Institute NE Atlantic ROMS (1900 m)"],"in_objective":true,"status":"blocked"},"geometry":{"type":"Point","coordinates":[-4.78,52.77]}},{"type":"Feature","properties":{"name":"The Shoots (Severn - Prince of Wales Bridge)","country":"UK","region":"EUROPE - ILES BRITANNIQUES","max_spring_kt":8.0,"max_spring_text":"8","confidence":"medium","uncertain":false,"source_url":"https://pccsail.com/tides/","open_source_status":"partial","notes":"Une source ouverte couvre la zone mais ne résout pas une passe plus étroite que sa maille.","read_at":"2026-09-19","best_source":"MARC MANGA 700 m","best_resolution_m":700,"coverage_class":"medium","candidates":["BSH Strömungsvorhersagen, mer du Nord 3 nm (5556 m)","Copernicus Marine IBI (IBI_ANALYSISFORECAST_PHY_005_001) (2500 m)","Copernicus Marine NWS (NWSHELF_ANALYSISFORECAST_PHY_004_013) (1500 m)","DMI Open Data, modèle DKSS","Marine Institute NE Atlantic ROMS (1900 m)"],"in_objective":true,"status":"covered"},"geometry":{"type":"Point","coordinates":[-2.68,51.6]}},{"type":"Feature","properties":{"name":"Bristol Channel (general)","country":"UK","region":"EUROPE - ILES BRITANNIQUES","max_spring_kt":3.0,"max_spring_text":"3-5","confidence":"medium","uncertain":false,"source_url":"https://pccsail.com/tides/","open_source_status":"partial","notes":"Une source ouverte couvre la zone mais ne résout pas une passe plus étroite que sa maille.","read_at":"2026-09-19","best_source":"MARC MANGA 700 m","best_resolution_m":700,"coverage_class":"medium","candidates":["BSH Strömungsvorhersagen, mer du Nord 3 nm (5556 m)","Copernicus Marine IBI (IBI_ANALYSISFORECAST_PHY_005_001) (2500 m)","Copernicus Marine NWS (NWSHELF_ANALYSISFORECAST_PHY_004_013) (1500 m)","DMI Open Data, modèle DKSS","Marine Institute NE Atlantic ROMS (1900 m)"],"in_objective":true,"status":"covered"},"geometry":{"type":"Point","coordinates":[-3.17,51.4]}},{"type":"Feature","properties":{"name":"Portland Race","country":"UK","region":"EUROPE - ILES BRITANNIQUES","max_spring_kt":7.8,"max_spring_text":"~7.8 (4 m/s en vives-eaux)","confidence":"medium","uncertain":true,"source_url":"https://en.wikipedia.org/wiki/Portland_Race","open_source_status":"partial","notes":"Une source ouverte couvre la zone mais ne résout pas une passe plus étroite que sa maille.","read_at":"2026-09-19","best_source":"MARC MANGA 700 m","best_resolution_m":700,"coverage_class":"medium","candidates":["BSH Strömungsvorhersagen, mer du Nord 3 nm (5556 m)","Copernicus Marine IBI (IBI_ANALYSISFORECAST_PHY_005_001) (2500 m)","Copernicus Marine NWS (NWSHELF_ANALYSISFORECAST_PHY_004_013) (1500 m)","DMI Open Data, modèle DKSS","Marine Institute NE Atlantic ROMS (1900 m)"],"in_objective":true,"status":"covered"},"geometry":{"type":"Point","coordinates":[-2.45,50.49]}},{"type":"Feature","properties":{"name":"The Shambles (Portland)","country":"UK","region":"EUROPE - ILES BRITANNIQUES","max_spring_kt":3.0,"max_spring_text":"3-4","confidence":"medium","uncertain":false,"source_url":"https://eoceanic.com/sailing/routes/41/","open_source_status":"partial","notes":"Une source ouverte couvre la zone mais ne résout pas une passe plus étroite que sa maille.","read_at":"2026-09-19","best_source":"MARC MANGA 700 m","best_resolution_m":700,"coverage_class":"medium","candidates":["BSH Strömungsvorhersagen, mer du Nord 3 nm (5556 m)","Copernicus Marine IBI (IBI_ANALYSISFORECAST_PHY_005_001) (2500 m)","Copernicus Marine NWS (NWSHELF_ANALYSISFORECAST_PHY_004_013) (1500 m)","DMI Open Data, modèle DKSS","Marine Institute NE Atlantic ROMS (1900 m)"],"in_objective":true,"status":"covered"},"geometry":{"type":"Point","coordinates":[-2.37,50.53]}},{"type":"Feature","properties":{"name":"St Alban's Head race","country":"UK","region":"EUROPE - ILES BRITANNIQUES","max_spring_kt":4.5,"max_spring_text":"4.5-4.8","confidence":"medium","uncertain":false,"source_url":"https://eoceanic.com/sailing/routes/41/","open_source_status":"partial","notes":"Une source ouverte couvre la zone mais ne résout pas une passe plus étroite que sa maille.","read_at":"2026-09-19","best_source":"MARC MANGA 700 m","best_resolution_m":700,"coverage_class":"medium","candidates":["BSH Strömungsvorhersagen, mer du Nord 3 nm (5556 m)","Copernicus Marine IBI (IBI_ANALYSISFORECAST_PHY_005_001) (2500 m)","Copernicus Marine NWS (NWSHELF_ANALYSISFORECAST_PHY_004_013) (1500 m)","DMI Open Data, modèle DKSS","Marine Institute NE Atlantic ROMS (1900 m)"],"in_objective":true,"status":"covered"},"geometry":{"type":"Point","coordinates":[-2.058,50.575]}},{"type":"Feature","properties":{"name":"Hurst Narrows (Solent ouest)","country":"UK","region":"EUROPE - ILES BRITANNIQUES","max_spring_kt":4.4,"max_spring_text":"4.4 jusant / 3.9 flot","confidence":"high","uncertain":false,"source_url":"https://eoceanic.com/sailing/routes/45/","open_source_status":"partial","notes":"Une source ouverte couvre la zone mais ne résout pas une passe plus étroite que sa maille.","read_at":"2026-09-19","best_source":"MARC MANGA 700 m","best_resolution_m":700,"coverage_class":"medium","candidates":["BSH Strömungsvorhersagen, mer du Nord 3 nm (5556 m)","Copernicus Marine IBI (IBI_ANALYSISFORECAST_PHY_005_001) (2500 m)","Copernicus Marine NWS (NWSHELF_ANALYSISFORECAST_PHY_004_013) (1500 m)","DMI Open Data, modèle DKSS","Marine Institute NE Atlantic ROMS (1900 m)"],"in_objective":true,"status":"covered"},"geometry":{"type":"Point","coordinates":[-1.55,50.705]}},{"type":"Feature","properties":{"name":"The Bridge / The Shingles (Needles)","country":"UK","region":"EUROPE - ILES BRITANNIQUES","max_spring_kt":3.4,"max_spring_text":"3.4 jusant / 3.1 flot","confidence":"high","uncertain":false,"source_url":"https://eoceanic.com/sailing/routes/45/","open_source_status":"partial","notes":"Une source ouverte couvre la zone mais ne résout pas une passe plus étroite que sa maille.","read_at":"2026-09-19","best_source":"MARC MANGA 700 m","best_resolution_m":700,"coverage_class":"medium","candidates":["BSH Strömungsvorhersagen, mer du Nord 3 nm (5556 m)","Copernicus Marine IBI (IBI_ANALYSISFORECAST_PHY_005_001) (2500 m)","Copernicus Marine NWS (NWSHELF_ANALYSISFORECAST_PHY_004_013) (1500 m)","DMI Open Data, modèle DKSS","Marine Institute NE Atlantic ROMS (1900 m)"],"in_objective":true,"status":"covered"},"geometry":{"type":"Point","coordinates":[-1.6,50.662]}},{"type":"Feature","properties":{"name":"Dover Strait (South Foreland)","country":"UK-France","region":"EUROPE - ILES BRITANNIQUES","max_spring_kt":2.4,"max_spring_text":"2.4","confidence":"low","uncertain":true,"source_url":"https://www.visitmyharbour.com/articles/3171/hourly-tidal-streams-in-the-dover-strait","open_source_status":"partial","notes":"Une source ouverte couvre la zone mais ne résout pas une passe plus étroite que sa maille.","read_at":"2026-09-19","best_source":"MARC MANE 250 m","best_resolution_m":250,"coverage_class":"fine","candidates":["BSH Strömungsvorhersagen, mer du Nord 3 nm (5556 m)","Copernicus Marine IBI (IBI_ANALYSISFORECAST_PHY_005_001) (2500 m)","Copernicus Marine NWS (NWSHELF_ANALYSISFORECAST_PHY_004_013) (1500 m)","DMI Open Data, modèle DKSS"],"in_objective":true,"status":"covered"},"geometry":{"type":"Point","coordinates":[1.42,51.06]}},{"type":"Feature","properties":{"name":"Strangford Lough Narrows","country":"UK","region":"EUROPE - ILES BRITANNIQUES","max_spring_kt":7.8,"max_spring_text":"~7.8 (4 m/s)","confidence":"medium","uncertain":true,"source_url":"https://en.wikipedia.org/wiki/Strangford_Lough","open_source_status":"partial","notes":"Une source ouverte couvre la zone mais ne résout pas une passe plus étroite que sa maille.","read_at":"2026-09-19","best_source":"Copernicus Marine NWS 1.5 km, un an horaire (1500 m)","best_resolution_m":1500,"coverage_class":"coarse","candidates":["Copernicus Marine IBI (IBI_ANALYSISFORECAST_PHY_005_001) (2500 m)","Copernicus Marine NWS (NWSHELF_ANALYSISFORECAST_PHY_004_013) (1500 m)","Marine Institute NE Atlantic ROMS (1900 m)"],"in_objective":true,"status":"blocked"},"geometry":{"type":"Point","coordinates":[-5.56,54.38]}},{"type":"Feature","properties":{"name":"Rathlin Sound","country":"UK","region":"EUROPE - ILES BRITANNIQUES","max_spring_kt":6.0,"max_spring_text":"6 vives-eaux / 4 mortes-eaux","confidence":"high","uncertain":false,"source_url":"https://eoceanic.com/sailing/harbours/151/","open_source_status":"partial","notes":"Une source ouverte couvre la zone mais ne résout pas une passe plus étroite que sa maille.","read_at":"2026-09-19","best_source":"Copernicus Marine NWS 1.5 km, un an horaire (1500 m)","best_resolution_m":1500,"coverage_class":"coarse","candidates":["Copernicus Marine IBI (IBI_ANALYSISFORECAST_PHY_005_001) (2500 m)","Copernicus Marine NWS (NWSHELF_ANALYSISFORECAST_PHY_004_013) (1500 m)","Marine Institute NE Atlantic ROMS (1900 m)"],"in_objective":true,"status":"blocked"},"geometry":{"type":"Point","coordinates":[-6.22,55.27]}},{"type":"Feature","properties":{"name":"Torr Head (jusant)","country":"UK","region":"EUROPE - ILES BRITANNIQUES","max_spring_kt":6.0,"max_spring_text":"6","confidence":"medium","uncertain":false,"source_url":"https://eoceanic.com/sailing/harbours/151/","open_source_status":"partial","notes":"Une source ouverte couvre la zone mais ne résout pas une passe plus étroite que sa maille.","read_at":"2026-09-19","best_source":"Copernicus Marine NWS 1.5 km, un an horaire (1500 m)","best_resolution_m":1500,"coverage_class":"coarse","candidates":["Copernicus Marine IBI (IBI_ANALYSISFORECAST_PHY_005_001) (2500 m)","Copernicus Marine NWS (NWSHELF_ANALYSISFORECAST_PHY_004_013) (1500 m)","Marine Institute NE Atlantic ROMS (1900 m)"],"in_objective":true,"status":"blocked"},"geometry":{"type":"Point","coordinates":[-6.064,55.195]}},{"type":"Feature","properties":{"name":"Saltstraumen","country":"Norway","region":"EUROPE - SCANDINAVIE / MER DU NORD","max_spring_kt":8.0,"max_spring_text":"8 (Norwegian Pilot; Compton 2013 avance ~21)","confidence":"medium","uncertain":true,"source_url":"https://en.wikipedia.org/wiki/Saltstraumen","open_source_status":"partial","notes":"Une source ouverte couvre la zone mais ne résout pas une passe plus étroite que sa maille.","read_at":"2026-09-19","best_source":null,"best_resolution_m":null,"coverage_class":"global","candidates":["NorKyst800 (MET Norway / IMR) (800 m)"],"in_objective":true,"status":"target"},"geometry":{"type":"Point","coordinates":[14.6164,67.2281]}},{"type":"Feature","properties":{"name":"Moskstraumen","country":"Norway","region":"EUROPE - SCANDINAVIE / MER DU NORD","max_spring_kt":6.0,"max_spring_text":"~6-11 (3 a 5 m/s selon etudes; tres dispute)","confidence":"low","uncertain":true,"source_url":"https://en.wikipedia.org/wiki/Moskstraumen","open_source_status":"partial","notes":"Une source ouverte couvre la zone mais ne résout pas une passe plus étroite que sa maille.","read_at":"2026-09-19","best_source":null,"best_resolution_m":null,"coverage_class":"global","candidates":["NorKyst800 (MET Norway / IMR) (800 m)"],"in_objective":true,"status":"target"},"geometry":{"type":"Point","coordinates":[12.8333,67.8]}},{"type":"Feature","properties":{"name":"Marsdiep (Texel)","country":"Netherlands","region":"EUROPE - SCANDINAVIE / MER DU NORD","max_spring_kt":3.5,"max_spring_text":"~3.5 (1.8 m/s max observe ADCP)","confidence":"low","uncertain":true,"source_url":"https://os.copernicus.org/articles/18/1805/2022/","open_source_status":"partial","notes":"Une source ouverte couvre la zone mais ne résout pas une passe plus étroite que sa maille.","read_at":"2026-09-19","best_source":"Copernicus Marine NWS 1.5 km, un an horaire (1500 m)","best_resolution_m":1500,"coverage_class":"coarse","candidates":["BSH Strömungsvorhersagen, mer du Nord 3 nm (5556 m)","Copernicus Marine IBI (IBI_ANALYSISFORECAST_PHY_005_001) (2500 m)","Copernicus Marine NWS (NWSHELF_ANALYSISFORECAST_PHY_004_013) (1500 m)","DMI Open Data, modèle DKSS"],"in_objective":true,"status":"blocked"},"geometry":{"type":"Point","coordinates":[4.77,52.98]}},{"type":"Feature","properties":{"name":"Westerschelde (Vlissingen)","country":"Netherlands","region":"EUROPE - SCANDINAVIE / MER DU NORD","max_spring_kt":4.5,"max_spring_text":"4.5 jusant / 3 flot","confidence":"low","uncertain":true,"source_url":"https://www.vliz.be/imisdocs/publications/214759.pdf","open_source_status":"partial","notes":"Une source ouverte couvre la zone mais ne résout pas une passe plus étroite que sa maille.","read_at":"2026-09-19","best_source":"MARC MANGA 700 m","best_resolution_m":700,"coverage_class":"medium","candidates":["BSH Strömungsvorhersagen, mer du Nord 3 nm (5556 m)","Copernicus Marine IBI (IBI_ANALYSISFORECAST_PHY_005_001) (2500 m)","Copernicus Marine NWS (NWSHELF_ANALYSISFORECAST_PHY_004_013) (1500 m)","DMI Open Data, modèle DKSS"],"in_objective":true,"status":"covered"},"geometry":{"type":"Point","coordinates":[3.58,51.43]}},{"type":"Feature","properties":{"name":"Elbe - Scharhoern Riff (Cuxhaven)","country":"Germany","region":"EUROPE - SCANDINAVIE / MER DU NORD","max_spring_kt":4.0,"max_spring_text":"4 au jusant","confidence":"low","uncertain":true,"source_url":"http://www.kissen.co.uk/delivery5.html","open_source_status":"ok","notes":"Source ouverte disponible (voir registre).","read_at":"2026-09-19","best_source":"Aussenelbe bis Altenbruch (90 m)","best_resolution_m":90,"coverage_class":"fine","candidates":["BSH Strömungsvorhersagen, Elbe 90 m (90 m)","BSH Strömungsvorhersagen, baie allemande 0,5 nm (926 m)","BSH Strömungsvorhersagen, mer du Nord 3 nm (5556 m)","COSYNA radar HF, baie allemande (référence de validation) (2000 m)","Copernicus Marine NWS (NWSHELF_ANALYSISFORECAST_PHY_004_013) (1500 m)","Copernicus Marine cmems_mod_nws_phy-cur_anfc_1.5km-2D_PT1H-i (1500 m) (1500 m)","DMI Open Data, modèle DKSS","WSV service SOS, mesures de courant Elbe (stations LZ, D1-D4)"],"in_objective":true,"status":"covered"},"geometry":{"type":"Point","coordinates":[8.4,53.95]}},{"type":"Feature","properties":{"name":"Elbe - Kugelbake (Cuxhaven)","country":"Germany","region":"EUROPE - SCANDINAVIE / MER DU NORD","max_spring_kt":4.0,"max_spring_text":"4-5 au jusant (Boehlich BAW 2013)","confidence":"medium","uncertain":false,"source_url":"https://www.segeln-forum.de/thread/38335-elbe-revier-stroemungen/","open_source_status":"ok","notes":"Source ouverte disponible (voir registre).","read_at":"2026-09-19","best_source":"Aussenelbe bis Altenbruch (90 m)","best_resolution_m":90,"coverage_class":"fine","candidates":["BSH Strömungsvorhersagen, Elbe 90 m (90 m)","BSH Strömungsvorhersagen, baie allemande 0,5 nm (926 m)","BSH Strömungsvorhersagen, mer du Nord 3 nm (5556 m)","COSYNA radar HF, baie allemande (référence de validation) (2000 m)","Copernicus Marine NWS (NWSHELF_ANALYSISFORECAST_PHY_004_013) (1500 m)","Copernicus Marine cmems_mod_nws_phy-cur_anfc_1.5km-2D_PT1H-i (1500 m) (1500 m)","DMI Open Data, modèle DKSS","WSV service SOS, mesures de courant Elbe (stations LZ, D1-D4)"],"in_objective":true,"status":"covered"},"geometry":{"type":"Point","coordinates":[8.69,53.895]}},{"type":"Feature","properties":{"name":"Helgoland - position F (BSH Bericht 27)","country":"Germany","region":"EUROPE - SCANDINAVIE / MER DU NORD","max_spring_kt":1.8,"max_spring_text":"1.8 vive-eau surface (mesure)","confidence":"high","uncertain":false,"source_url":"https://www.bsh.de/download/Berichte-des-BSH-27.pdf","open_source_status":"ok","notes":"Source ouverte disponible (voir registre).","read_at":"2026-09-19","best_source":"Deutsche Bucht (926 m)","best_resolution_m":926,"coverage_class":"medium","candidates":["BSH Strömungsvorhersagen, baie allemande 0,5 nm (926 m)","BSH Strömungsvorhersagen, mer du Nord 3 nm (5556 m)","COSYNA radar HF, baie allemande (référence de validation) (2000 m)","Copernicus Marine NWS (NWSHELF_ANALYSISFORECAST_PHY_004_013) (1500 m)","Copernicus Marine cmems_mod_nws_phy-cur_anfc_1.5km-2D_PT1H-i (1500 m) (1500 m)","DMI Open Data, modèle DKSS"],"in_objective":true,"status":"covered"},"geometry":{"type":"Point","coordinates":[7.89,54.155]}},{"type":"Feature","properties":{"name":"Strait of Messina","country":"Italy","region":"EUROPE - MEDITERRANEE / DETROITS TURCS","max_spring_kt":5.0,"max_spring_text":"5 (jusqu'a 5.5 Tyrrhenienne->Ionienne; 2.5-3 inverse)","confidence":"medium","uncertain":false,"source_url":"https://imray.com/destinations/mediterranean-sea/the-strait-of-messina/","open_source_status":"none","notes":"Aucune source ouverte de courants trouvée (voir README, section 9).","read_at":"2026-09-19","best_source":"Copernicus Marine MED 4,2 km, un an horaire (4200 m)","best_resolution_m":4200,"coverage_class":"global","candidates":[],"in_objective":true,"status":"unknown"},"geometry":{"type":"Point","coordinates":[15.6325,38.2458]}},{"type":"Feature","properties":{"name":"Euripus Strait (Chalkida)","country":"Greece","region":"EUROPE - MEDITERRANEE / DETROITS TURCS","max_spring_kt":6.5,"max_spring_text":"6.5 (12 km/h)","confidence":"medium","uncertain":false,"source_url":"https://en.wikipedia.org/wiki/Euripus_Strait","open_source_status":"none","notes":"Aucune source ouverte de courants trouvée (voir README, section 9).","read_at":"2026-09-19","best_source":null,"best_resolution_m":null,"coverage_class":"global","candidates":[],"in_objective":true,"status":"unknown"},"geometry":{"type":"Point","coordinates":[23.5894,38.4628]}},{"type":"Feature","properties":{"name":"Strait of Gibraltar (Tarifa narrows)","country":"Spain-Morocco","region":"EUROPE - MEDITERRANEE / DETROITS TURCS","max_spring_kt":2.0,"max_spring_text":"2 au centre / 3 pres des cotes","confidence":"medium","uncertain":false,"source_url":"https://www.sea-seek.com/en/The-Strait-of-Gibraltar","open_source_status":"partial","notes":"Une source ouverte couvre la zone mais ne résout pas une passe plus étroite que sa maille.","read_at":"2026-09-19","best_source":"Copernicus Marine IBI 3 km, un an horaire (3000 m)","best_resolution_m":3000,"coverage_class":"coarse","candidates":["Copernicus Marine IBI (IBI_ANALYSISFORECAST_PHY_005_001) (2500 m)"],"in_objective":true,"status":"blocked"},"geometry":{"type":"Point","coordinates":[-5.6,35.95]}},{"type":"Feature","properties":{"name":"Bosphorus (Kandilli-Asiyan)","country":"Turkey","region":"EUROPE - MEDITERRANEE / DETROITS TURCS","max_spring_kt":7.0,"max_spring_text":"7-8 (NON tidal: densite + vent)","confidence":"medium","uncertain":false,"source_url":"https://en.wikipedia.org/wiki/Bosporus","open_source_status":"not_tidal","notes":"Courant de densité ou de vent, pas de marée : hors périmètre d'un atlas harmonique.","read_at":"2026-09-19","best_source":null,"best_resolution_m":null,"coverage_class":"global","candidates":[],"in_objective":true,"status":"unknown"},"geometry":{"type":"Point","coordinates":[29.06,41.07]}},{"type":"Feature","properties":{"name":"Dardanelles (Nara Burnu)","country":"Turkey","region":"EUROPE - MEDITERRANEE / DETROITS TURCS","max_spring_kt":4.0,"max_spring_text":"~4 (jusqu'a 5; NON tidal)","confidence":"low","uncertain":true,"source_url":"https://www.cruiserswiki.org/wiki/Dardanelles","open_source_status":"not_tidal","notes":"Courant de densité ou de vent, pas de marée : hors périmètre d'un atlas harmonique.","read_at":"2026-09-19","best_source":null,"best_resolution_m":null,"coverage_class":"global","candidates":[],"in_objective":true,"status":"unknown"},"geometry":{"type":"Point","coordinates":[26.4,40.2]}},{"type":"Feature","properties":{"name":"Minas Passage / Minas Basin","country":"Canada","region":"NORTH AMERICA - EST / FUNDY","max_spring_kt":8.0,"max_spring_text":"8 a mi-maree (RASC Observer's Handbook 2012)","confidence":"medium","uncertain":false,"source_url":"https://en.wikipedia.org/wiki/Minas_Basin","open_source_status":"partial","notes":"Une source ouverte couvre la zone mais ne résout pas une passe plus étroite que sa maille.","read_at":"2026-09-19","best_source":null,"best_resolution_m":null,"coverage_class":"global","candidates":["ECCC CIOPS-East (Datamart) (2000 m)","NOAA GoMOFS (golfe du Maine) (500 m)"],"in_objective":false,"status":"target"},"geometry":{"type":"Point","coordinates":[-64.4,45.34]}},{"type":"Feature","properties":{"name":"Cape Split (Minas Channel)","country":"Canada","region":"NORTH AMERICA - EST / FUNDY","max_spring_kt":5.0,"max_spring_text":"5-8 au jusant","confidence":"low","uncertain":true,"source_url":"https://fundydiscovery.ca/explore-fundy/","open_source_status":"partial","notes":"Une source ouverte couvre la zone mais ne résout pas une passe plus étroite que sa maille.","read_at":"2026-09-19","best_source":null,"best_resolution_m":null,"coverage_class":"global","candidates":["ECCC CIOPS-East (Datamart) (2000 m)","NOAA GoMOFS (golfe du Maine) (500 m)"],"in_objective":false,"status":"target"},"geometry":{"type":"Point","coordinates":[-64.5,45.33]}},{"type":"Feature","properties":{"name":"Old Sow whirlpool / Western Passage","country":"Canada-USA","region":"NORTH AMERICA - EST / FUNDY","max_spring_kt":9.3,"max_spring_text":"~9.3 (27.6 km/h)","confidence":"low","uncertain":true,"source_url":"https://en.wikipedia.org/wiki/Whirlpool","open_source_status":"partial","notes":"Une source ouverte couvre la zone mais ne résout pas une passe plus étroite que sa maille.","read_at":"2026-09-19","best_source":null,"best_resolution_m":null,"coverage_class":"global","candidates":["ECCC CIOPS-East (Datamart) (2000 m)","NOAA GoMOFS (golfe du Maine) (500 m)"],"in_objective":false,"status":"target"},"geometry":{"type":"Point","coordinates":[-66.9866,44.9239]}},{"type":"Feature","properties":{"name":"Hell Gate (East River)","country":"USA","region":"NORTH AMERICA - EST / FUNDY","max_spring_kt":5.0,"max_spring_text":"5","confidence":"medium","uncertain":false,"source_url":"https://www.offshoreblue.com/cruise/east-river.php","open_source_status":"ok","notes":"Source ouverte disponible (voir registre).","read_at":"2026-09-19","best_source":null,"best_resolution_m":null,"coverage_class":"global","candidates":[],"in_objective":false,"status":"unknown"},"geometry":{"type":"Point","coordinates":[-73.9206,40.7842]}},{"type":"Feature","properties":{"name":"The Race (Long Island Sound)","country":"USA","region":"NORTH AMERICA - EST / FUNDY","max_spring_kt":4.0,"max_spring_text":"4-5+","confidence":"low","uncertain":true,"source_url":"https://soundingsonline.com/news/the-sentinels-of-long-island-sound/","open_source_status":"ok","notes":"Source ouverte disponible (voir registre).","read_at":"2026-09-19","best_source":null,"best_resolution_m":null,"coverage_class":"global","candidates":[],"in_objective":false,"status":"blocked"},"geometry":{"type":"Point","coordinates":[-72.07,41.235]}},{"type":"Feature","properties":{"name":"Plum Gut","country":"USA","region":"NORTH AMERICA - EST / FUNDY","max_spring_kt":5.0,"max_spring_text":"5+","confidence":"low","uncertain":true,"source_url":"https://soundingsonline.com/news/the-sentinels-of-long-island-sound/","open_source_status":"ok","notes":"Source ouverte disponible (voir registre).","read_at":"2026-09-19","best_source":null,"best_resolution_m":null,"coverage_class":"global","candidates":[],"in_objective":false,"status":"blocked"},"geometry":{"type":"Point","coordinates":[-72.21,41.17]}},{"type":"Feature","properties":{"name":"Cape Cod Canal","country":"USA","region":"NORTH AMERICA - EST / FUNDY","max_spring_kt":4.5,"max_spring_text":"4.5 (5.2 mph au jusant)","confidence":"medium","uncertain":false,"source_url":"https://en.wikipedia.org/wiki/Cape_Cod_Canal","open_source_status":"ok","notes":"Source ouverte disponible (voir registre).","read_at":"2026-09-19","best_source":null,"best_resolution_m":null,"coverage_class":"global","candidates":["ECCC CIOPS-East (Datamart) (2000 m)","NOAA GoMOFS (golfe du Maine) (500 m)"],"in_objective":false,"status":"target"},"geometry":{"type":"Point","coordinates":[-70.5683,41.7642]}},{"type":"Feature","properties":{"name":"Woods Hole passage","country":"USA","region":"NORTH AMERICA - EST / FUNDY","max_spring_kt":4.0,"max_spring_text":"4 courant / 7 exceptionnel","confidence":"medium","uncertain":false,"source_url":"https://en.wikipedia.org/wiki/Woods_Hole_(passage)","open_source_status":"ok","notes":"Source ouverte disponible (voir registre).","read_at":"2026-09-19","best_source":null,"best_resolution_m":null,"coverage_class":"global","candidates":["ECCC CIOPS-East (Datamart) (2000 m)","NOAA GoMOFS (golfe du Maine) (500 m)"],"in_objective":false,"status":"target"},"geometry":{"type":"Point","coordinates":[-70.6828,41.5168]}},{"type":"Feature","properties":{"name":"Canapitsit Channel","country":"USA","region":"NORTH AMERICA - EST / FUNDY","max_spring_kt":6.0,"max_spring_text":"6","confidence":"medium","uncertain":false,"source_url":"https://en.wikipedia.org/wiki/Canapitsit_Channel","open_source_status":"ok","notes":"Source ouverte disponible (voir registre).","read_at":"2026-09-19","best_source":null,"best_resolution_m":null,"coverage_class":"global","candidates":["ECCC CIOPS-East (Datamart) (2000 m)","NOAA GoMOFS (golfe du Maine) (500 m)"],"in_objective":false,"status":"target"},"geometry":{"type":"Point","coordinates":[-70.9078,41.4234]}},{"type":"Feature","properties":{"name":"Golden Gate","country":"USA","region":"NORTH AMERICA - PACIFIQUE / ALASKA","max_spring_kt":4.2,"max_spring_text":"4.2 predit NOAA (>5 possible)","confidence":"low","uncertain":true,"source_url":"https://www.bask.org/technical-and-gear/tech4_tides/","open_source_status":"ok","notes":"Source ouverte disponible (voir registre).","read_at":"2026-09-19","best_source":null,"best_resolution_m":null,"coverage_class":"global","candidates":["NOAA SFBOFS (San Francisco) (500 m)","NOAA WCOFS (côte ouest) (500 m)"],"in_objective":false,"status":"target"},"geometry":{"type":"Point","coordinates":[-122.478,37.819]}},{"type":"Feature","properties":{"name":"Columbia Bar","country":"USA","region":"NORTH AMERICA - PACIFIQUE / ALASKA","max_spring_kt":4.0,"max_spring_text":"4-7 (>8 sur grosse maree descendante)","confidence":"medium","uncertain":false,"source_url":"https://en.wikipedia.org/wiki/Columbia_Bar","open_source_status":"ok","notes":"Source ouverte disponible (voir registre).","read_at":"2026-09-19","best_source":null,"best_resolution_m":null,"coverage_class":"global","candidates":["ECCC CIOPS-West + Salish Sea 500 m (Datamart) (500 m)","NOAA WCOFS (côte ouest) (500 m)"],"in_objective":false,"status":"target"},"geometry":{"type":"Point","coordinates":[-124.033,46.25]}},{"type":"Feature","properties":{"name":"Deception Pass","country":"USA","region":"NORTH AMERICA - PACIFIQUE / ALASKA","max_spring_kt":8.0,"max_spring_text":"8 (WA Dept of Ecology GRP 2012)","confidence":"high","uncertain":false,"source_url":"https://en.wikipedia.org/wiki/Deception_Pass","open_source_status":"ok","notes":"Source ouverte disponible (voir registre).","read_at":"2026-09-19","best_source":null,"best_resolution_m":null,"coverage_class":"global","candidates":["ECCC CIOPS-West + Salish Sea 500 m (Datamart) (500 m)","NOAA SSCOFS (Salish Sea) (500 m)","NOAA WCOFS (côte ouest) (500 m)"],"in_objective":false,"status":"target"},"geometry":{"type":"Point","coordinates":[-122.6444,48.4064]}},{"type":"Feature","properties":{"name":"Seymour Narrows","country":"Canada","region":"NORTH AMERICA - PACIFIQUE / ALASKA","max_spring_kt":15.0,"max_spring_text":"15","confidence":"medium","uncertain":false,"source_url":"https://en.wikipedia.org/wiki/Seymour_Narrows","open_source_status":"partial","notes":"Une source ouverte couvre la zone mais ne résout pas une passe plus étroite que sa maille.","read_at":"2026-09-19","best_source":null,"best_resolution_m":null,"coverage_class":"global","candidates":["ECCC CIOPS-West + Salish Sea 500 m (Datamart) (500 m)","NOAA SSCOFS (Salish Sea) (500 m)"],"in_objective":false,"status":"target"},"geometry":{"type":"Point","coordinates":[-125.3533,50.1367]}},{"type":"Feature","properties":{"name":"Skookumchuck Narrows (Sechelt Rapids)","country":"Canada","region":"NORTH AMERICA - PACIFIQUE / ALASKA","max_spring_kt":16.0,"max_spring_text":"16 a 17.68","confidence":"medium","uncertain":false,"source_url":"https://en.wikipedia.org/wiki/Skookumchuck_Narrows","open_source_status":"partial","notes":"Une source ouverte couvre la zone mais ne résout pas une passe plus étroite que sa maille.","read_at":"2026-09-19","best_source":null,"best_resolution_m":null,"coverage_class":"global","candidates":["ECCC CIOPS-West + Salish Sea 500 m (Datamart) (500 m)","NOAA SSCOFS (Salish Sea) (500 m)","NOAA WCOFS (côte ouest) (500 m)"],"in_objective":false,"status":"target"},"geometry":{"type":"Point","coordinates":[-123.9078,49.7475]}},{"type":"Feature","properties":{"name":"Nakwakto Rapids (Slingsby Channel)","country":"Canada","region":"NORTH AMERICA - PACIFIQUE / ALASKA","max_spring_kt":16.0,"max_spring_text":"~16 (14.5-18.5 selon sources)","confidence":"medium","uncertain":true,"source_url":"https://en.wikipedia.org/wiki/Slingsby_Channel","open_source_status":"partial","notes":"Une source ouverte couvre la zone mais ne résout pas une passe plus étroite que sa maille.","read_at":"2026-09-19","best_source":null,"best_resolution_m":null,"coverage_class":"global","candidates":["ECCC CIOPS-West + Salish Sea 500 m (Datamart) (500 m)"],"in_objective":false,"status":"target"},"geometry":{"type":"Point","coordinates":[-127.5667,51.0833]}},{"type":"Feature","properties":{"name":"Porlier Pass","country":"Canada","region":"NORTH AMERICA - PACIFIQUE / ALASKA","max_spring_kt":10.0,"max_spring_text":"10 au flot / 7 au jusant","confidence":"medium","uncertain":false,"source_url":"https://48north.com/instructional/seamanship-and-navigation/passes-of-the-gulf-islands/","open_source_status":"partial","notes":"Une source ouverte couvre la zone mais ne résout pas une passe plus étroite que sa maille.","read_at":"2026-09-19","best_source":null,"best_resolution_m":null,"coverage_class":"global","candidates":["ECCC CIOPS-West + Salish Sea 500 m (Datamart) (500 m)","NOAA SSCOFS (Salish Sea) (500 m)","NOAA WCOFS (côte ouest) (500 m)"],"in_objective":false,"status":"target"},"geometry":{"type":"Point","coordinates":[-123.59,49.015]}},{"type":"Feature","properties":{"name":"Dodd Narrows","country":"Canada","region":"NORTH AMERICA - PACIFIQUE / ALASKA","max_spring_kt":8.0,"max_spring_text":"8-9","confidence":"medium","uncertain":false,"source_url":"https://48north.com/instructional/seamanship-and-navigation/passes-of-the-gulf-islands/","open_source_status":"partial","notes":"Une source ouverte couvre la zone mais ne résout pas une passe plus étroite que sa maille.","read_at":"2026-09-19","best_source":null,"best_resolution_m":null,"coverage_class":"global","candidates":["ECCC CIOPS-West + Salish Sea 500 m (Datamart) (500 m)","NOAA SSCOFS (Salish Sea) (500 m)","NOAA WCOFS (côte ouest) (500 m)"],"in_objective":false,"status":"target"},"geometry":{"type":"Point","coordinates":[-123.82,49.135]}},{"type":"Feature","properties":{"name":"Gabriola Passage","country":"Canada","region":"NORTH AMERICA - PACIFIQUE / ALASKA","max_spring_kt":8.0,"max_spring_text":">8","confidence":"medium","uncertain":false,"source_url":"https://48north.com/instructional/seamanship-and-navigation/passes-of-the-gulf-islands/","open_source_status":"partial","notes":"Une source ouverte couvre la zone mais ne résout pas une passe plus étroite que sa maille.","read_at":"2026-09-19","best_source":null,"best_resolution_m":null,"coverage_class":"global","candidates":["ECCC CIOPS-West + Salish Sea 500 m (Datamart) (500 m)","NOAA SSCOFS (Salish Sea) (500 m)","NOAA WCOFS (côte ouest) (500 m)"],"in_objective":false,"status":"target"},"geometry":{"type":"Point","coordinates":[-123.69,49.13]}},{"type":"Feature","properties":{"name":"Active Pass","country":"Canada","region":"NORTH AMERICA - PACIFIQUE / ALASKA","max_spring_kt":7.0,"max_spring_text":"7 au flot (cote Mayne Island)","confidence":"medium","uncertain":false,"source_url":"https://48north.com/instructional/seamanship-and-navigation/passes-of-the-gulf-islands/","open_source_status":"partial","notes":"Une source ouverte couvre la zone mais ne résout pas une passe plus étroite que sa maille.","read_at":"2026-09-19","best_source":null,"best_resolution_m":null,"coverage_class":"global","candidates":["ECCC CIOPS-West + Salish Sea 500 m (Datamart) (500 m)","NOAA SSCOFS (Salish Sea) (500 m)","NOAA WCOFS (côte ouest) (500 m)"],"in_objective":false,"status":"target"},"geometry":{"type":"Point","coordinates":[-123.3119,48.8597]}},{"type":"Feature","properties":{"name":"Boundary Pass","country":"Canada","region":"NORTH AMERICA - PACIFIQUE / ALASKA","max_spring_kt":5.0,"max_spring_text":">5","confidence":"medium","uncertain":false,"source_url":"https://48north.com/instructional/seamanship-and-navigation/passes-of-the-gulf-islands/","open_source_status":"partial","notes":"Une source ouverte couvre la zone mais ne résout pas une passe plus étroite que sa maille.","read_at":"2026-09-19","best_source":null,"best_resolution_m":null,"coverage_class":"global","candidates":["ECCC CIOPS-West + Salish Sea 500 m (Datamart) (500 m)","NOAA SSCOFS (Salish Sea) (500 m)","NOAA WCOFS (côte ouest) (500 m)"],"in_objective":false,"status":"target"},"geometry":{"type":"Point","coordinates":[-123.1,48.75]}},{"type":"Feature","properties":{"name":"Marcus Passage","country":"Canada","region":"NORTH AMERICA - PACIFIQUE / ALASKA","max_spring_kt":5.0,"max_spring_text":"5 jusant / 3.5 flot (Sailing Directions BC Coast)","confidence":"high","uncertain":false,"source_url":"https://en.wikipedia.org/wiki/Marcus_Passage","open_source_status":"partial","notes":"Une source ouverte couvre la zone mais ne résout pas une passe plus étroite que sa maille.","read_at":"2026-09-19","best_source":null,"best_resolution_m":null,"coverage_class":"global","candidates":["ECCC CIOPS-West + Salish Sea 500 m (Datamart) (500 m)"],"in_objective":false,"status":"target"},"geometry":{"type":"Point","coordinates":[-130.2567,54.1061]}},{"type":"Feature","properties":{"name":"Sergius Narrows (Peril Strait)","country":"USA","region":"NORTH AMERICA - PACIFIQUE / ALASKA","max_spring_kt":7.0,"max_spring_text":"7","confidence":"low","uncertain":true,"source_url":"https://cloudobserver.medium.com/winds-and-currents-of-southeast-alaska-4ec498c7de94","open_source_status":"ok","notes":"Source ouverte disponible (voir registre).","read_at":"2026-09-19","best_source":null,"best_resolution_m":null,"coverage_class":"global","candidates":["ECCC CIOPS-West + Salish Sea 500 m (Datamart) (500 m)"],"in_objective":false,"status":"target"},"geometry":{"type":"Point","coordinates":[-135.64,57.41]}},{"type":"Feature","properties":{"name":"Cook Inlet","country":"USA","region":"NORTH AMERICA - PACIFIQUE / ALASKA","max_spring_kt":6.0,"max_spring_text":"6 (>5 en plein flux)","confidence":"medium","uncertain":false,"source_url":"https://en.wikipedia.org/wiki/Cook_Inlet","open_source_status":"ok","notes":"Source ouverte disponible (voir registre).","read_at":"2026-09-19","best_source":null,"best_resolution_m":null,"coverage_class":"global","candidates":["NOAA CIOFS (Cook Inlet) (500 m)"],"in_objective":false,"status":"target"},"geometry":{"type":"Point","coordinates":[-151.875,60.3378]}},{"type":"Feature","properties":{"name":"Turnagain Arm (derriere le mascaret)","country":"USA","region":"NORTH AMERICA - PACIFIQUE / ALASKA","max_spring_kt":10.0,"max_spring_text":">10","confidence":"low","uncertain":true,"source_url":"https://www.alaska.org/advice/alaska-bore-tide","open_source_status":"ok","notes":"Source ouverte disponible (voir registre).","read_at":"2026-09-19","best_source":null,"best_resolution_m":null,"coverage_class":"global","candidates":["NOAA CIOFS (Cook Inlet) (500 m)"],"in_objective":false,"status":"target"},"geometry":{"type":"Point","coordinates":[-149.47,60.98]}},{"type":"Feature","properties":{"name":"Kanmon Strait (Hayatomo Seto)","country":"Japan","region":"ASIE","max_spring_kt":9.4,"max_spring_text":"9.4 (17.4 km/h - Japan Tourism Agency)","confidence":"high","uncertain":false,"source_url":"https://www.mlit.go.jp/tagengo-db/en/R5-00689.html","open_source_status":"none","notes":"Aucune source ouverte de courants trouvée (voir README, section 9).","read_at":"2026-09-19","best_source":null,"best_resolution_m":null,"coverage_class":"global","candidates":["KHOA carte numérique des courants (Corée)"],"in_objective":false,"status":"blocked"},"geometry":{"type":"Point","coordinates":[130.96,33.958]}},{"type":"Feature","properties":{"name":"Naruto Strait","country":"Japan","region":"ASIE","max_spring_kt":10.8,"max_spring_text":"~10.8 en vives-eaux (20 km/h)","confidence":"medium","uncertain":true,"source_url":"https://en.wikipedia.org/wiki/Naruto_whirlpools","open_source_status":"none","notes":"Aucune source ouverte de courants trouvée (voir README, section 9).","read_at":"2026-09-19","best_source":null,"best_resolution_m":null,"coverage_class":"global","candidates":[],"in_objective":false,"status":"blocked"},"geometry":{"type":"Point","coordinates":[134.6514,34.2383]}},{"type":"Feature","properties":{"name":"Akashi Strait","country":"Japan","region":"ASIE","max_spring_kt":8.7,"max_spring_text":"8.7 (4.5 m/s)","confidence":"medium","uncertain":false,"source_url":"https://en.wikipedia.org/wiki/Akashi_Strait","open_source_status":"none","notes":"Aucune source ouverte de courants trouvée (voir README, section 9).","read_at":"2026-09-19","best_source":null,"best_resolution_m":null,"coverage_class":"global","candidates":[],"in_objective":false,"status":"blocked"},"geometry":{"type":"Point","coordinates":[134.983,34.617]}},{"type":"Feature","properties":{"name":"Miyakubo Seto (zone de Kurushima)","country":"Japan","region":"ASIE","max_spring_kt":10.0,"max_spring_text":"10 (18 km/h)","confidence":"medium","uncertain":false,"source_url":"https://en.japantravel.com/ehime/riding-the-seto-inland-sea-currents/3464","open_source_status":"none","notes":"Aucune source ouverte de courants trouvée (voir README, section 9).","read_at":"2026-09-19","best_source":null,"best_resolution_m":null,"coverage_class":"global","candidates":[],"in_objective":false,"status":"blocked"},"geometry":{"type":"Point","coordinates":[132.97,34.17]}},{"type":"Feature","properties":{"name":"Kurushima Strait","country":"Japan","region":"ASIE","max_spring_kt":10.3,"max_spring_text":"10.3 (chiffre Japan Coast Guard cite)","confidence":"low","uncertain":true,"source_url":"https://www.gltjp.com/en/article/item/20977/","open_source_status":"none","notes":"Aucune source ouverte de courants trouvée (voir README, section 9).","read_at":"2026-09-19","best_source":null,"best_resolution_m":null,"coverage_class":"global","candidates":[],"in_objective":false,"status":"blocked"},"geometry":{"type":"Point","coordinates":[132.98,34.12]}},{"type":"Feature","properties":{"name":"Myeongnyang / Uldolmok Strait","country":"South Korea","region":"ASIE","max_spring_kt":11.5,"max_spring_text":"11.5 (Encyclopedia of Korean Culture)","confidence":"medium","uncertain":false,"source_url":"https://en.wikipedia.org/wiki/Myeongnyang_Strait","open_source_status":"ok","notes":"Source ouverte disponible (voir registre).","read_at":"2026-09-19","best_source":null,"best_resolution_m":null,"coverage_class":"global","candidates":["KHOA carte numérique des courants (Corée)"],"in_objective":false,"status":"blocked"},"geometry":{"type":"Point","coordinates":[126.3078,34.5683]}},{"type":"Feature","properties":{"name":"Qiantang River bore (Haining)","country":"China","region":"ASIE","max_spring_kt":21.6,"max_spring_text":"~21.6 (40 km/h - MASCARET, pas courant etabli)","confidence":"medium","uncertain":true,"source_url":"https://en.wikipedia.org/wiki/Qiantang_River","open_source_status":"not_tidal","notes":"Courant de densité ou de vent, pas de marée : hors périmètre d'un atlas harmonique.","read_at":"2026-09-19","best_source":null,"best_resolution_m":null,"coverage_class":"global","candidates":[],"in_objective":false,"status":"unknown"},"geometry":{"type":"Point","coordinates":[120.6889,30.3794]}},{"type":"Feature","properties":{"name":"Gulf of Khambhat","country":"India","region":"ASIE","max_spring_kt":6.0,"max_spring_text":"6 a mi-maree (3 m/s)","confidence":"low","uncertain":true,"source_url":"https://journals.sagepub.com/doi/full/10.1177/1759313117690010","open_source_status":"none","notes":"Aucune source ouverte de courants trouvée (voir README, section 9).","read_at":"2026-09-19","best_source":null,"best_resolution_m":null,"coverage_class":"global","candidates":[],"in_objective":false,"status":"unknown"},"geometry":{"type":"Point","coordinates":[72.5,21.5]}},{"type":"Feature","properties":{"name":"Gulf of Kutch","country":"India","region":"ASIE","max_spring_kt":3.0,"max_spring_text":"3-5 au centre / 1.5-2.5 a l'entree","confidence":"low","uncertain":true,"source_url":"https://en.wikipedia.org/wiki/Gulf_of_Kutch","open_source_status":"none","notes":"Aucune source ouverte de courants trouvée (voir README, section 9).","read_at":"2026-09-19","best_source":null,"best_resolution_m":null,"coverage_class":"global","candidates":[],"in_objective":false,"status":"unknown"},"geometry":{"type":"Point","coordinates":[69.7,22.6]}},{"type":"Feature","properties":{"name":"French Pass","country":"New Zealand","region":"OCEANIE","max_spring_kt":8.0,"max_spring_text":"8 (4 m/s; Stevens et al. 2008)","confidence":"high","uncertain":false,"source_url":"https://en.wikipedia.org/wiki/French_Pass","open_source_status":"none","notes":"Aucune source ouverte de courants trouvée (voir README, section 9).","read_at":"2026-09-19","best_source":null,"best_resolution_m":null,"coverage_class":"global","candidates":[],"in_objective":false,"status":"blocked"},"geometry":{"type":"Point","coordinates":[173.8336,-40.9219]}},{"type":"Feature","properties":{"name":"Cook Strait","country":"New Zealand","region":"OCEANIE","max_spring_kt":5.0,"max_spring_text":"5 (2.5 m/s)","confidence":"medium","uncertain":false,"source_url":"https://en.wikipedia.org/wiki/Cook_Strait","open_source_status":"none","notes":"Aucune source ouverte de courants trouvée (voir README, section 9).","read_at":"2026-09-19","best_source":null,"best_resolution_m":null,"coverage_class":"global","candidates":[],"in_objective":false,"status":"blocked"},"geometry":{"type":"Point","coordinates":[174.4831,-41.2294]}},{"type":"Feature","properties":{"name":"Tory Channel","country":"New Zealand","region":"OCEANIE","max_spring_kt":7.0,"max_spring_text":"~7 (3.6 m/s - chiffre promoteur hydrolien)","confidence":"low","uncertain":true,"source_url":"https://en.wikipedia.org/wiki/Tory_Channel","open_source_status":"none","notes":"Aucune source ouverte de courants trouvée (voir README, section 9).","read_at":"2026-09-19","best_source":null,"best_resolution_m":null,"coverage_class":"global","candidates":[],"in_objective":false,"status":"blocked"},"geometry":{"type":"Point","coordinates":[174.2333,-41.24]}},{"type":"Feature","properties":{"name":"Torres Strait / Prince of Wales Channel","country":"Australia","region":"OCEANIE","max_spring_kt":6.0,"max_spring_text":"6 (7+ ailleurs)","confidence":"low","uncertain":true,"source_url":"https://www.picton-castle.com/captains_log/torres-strait/","open_source_status":"clarify","notes":"Source existante, licence à trancher (CC BY-SA).","read_at":"2026-09-19","best_source":null,"best_resolution_m":null,"coverage_class":"global","candidates":["eReefs GBR1 / GBR4 (CSIRO / AIMS) (1000 m)"],"in_objective":false,"status":"target"},"geometry":{"type":"Point","coordinates":[142.2,-10.6]}},{"type":"Feature","properties":{"name":"Clarence Strait - South Channel","country":"Australia","region":"OCEANIE","max_spring_kt":5.8,"max_spring_text":"~5.8 (>3 m/s mesure)","confidence":"low","uncertain":true,"source_url":"https://tethys.pnnl.gov/project-sites/clarence-strait-tidal-energy-project-tropical-tidal-test-centre","open_source_status":"clarify","notes":"Source existante, licence à trancher (CC BY-SA).","read_at":"2026-09-19","best_source":null,"best_resolution_m":null,"coverage_class":"global","candidates":[],"in_objective":false,"status":"blocked"},"geometry":{"type":"Point","coordinates":[131.1,-12.05]}},{"type":"Feature","properties":{"name":"Banks Strait","country":"Australia","region":"OCEANIE","max_spring_kt":4.5,"max_spring_text":"~4.5-5.8 (2.3-3 m/s)","confidence":"low","uncertain":true,"source_url":"https://doi.org/10.3390/en13205326","open_source_status":"clarify","notes":"Source existante, licence à trancher (CC BY-SA).","read_at":"2026-09-19","best_source":null,"best_resolution_m":null,"coverage_class":"global","candidates":[],"in_objective":false,"status":"blocked"},"geometry":{"type":"Point","coordinates":[148.1,-40.65]}},{"type":"Feature","properties":{"name":"Chacao Channel","country":"Chile","region":"AMERIQUE DU SUD / AFRIQUE","max_spring_kt":8.0,"max_spring_text":"~8-9.7 au flot (4-5 m/s; Guerra et al. 2017)","confidence":"high","uncertain":true,"source_url":"https://en.wikipedia.org/wiki/Chacao_Channel","open_source_status":"none","notes":"Aucune source ouverte de courants trouvée (voir README, section 9).","read_at":"2026-09-19","best_source":null,"best_resolution_m":null,"coverage_class":"global","candidates":[],"in_objective":false,"status":"unknown"},"geometry":{"type":"Point","coordinates":[-73.4917,-41.825]}},{"type":"Feature","properties":{"name":"Primera Angostura (Magellan)","country":"Chile","region":"AMERIQUE DU SUD / AFRIQUE","max_spring_kt":7.0,"max_spring_text":"7-8 (pointes ~9 avancees)","confidence":"low","uncertain":true,"source_url":"https://www.ushervegas.com/strait-of-magellan/","open_source_status":"none","notes":"Aucune source ouverte de courants trouvée (voir README, section 9).","read_at":"2026-09-19","best_source":null,"best_resolution_m":null,"coverage_class":"global","candidates":[],"in_objective":false,"status":"unknown"},"geometry":{"type":"Point","coordinates":[-69.5339,-52.4738]}},{"type":"Feature","properties":{"name":"Ponta Torres (Inhaca)","country":"Mozambique","region":"AMERIQUE DU SUD / AFRIQUE","max_spring_kt":1.5,"max_spring_text":"~1.5 (0.75 m/s)","confidence":"low","uncertain":true,"source_url":"https://link.springer.com/article/10.1023/A:1004030605474","open_source_status":"none","notes":"Aucune source ouverte de courants trouvée (voir README, section 9).","read_at":"2026-09-19","best_source":null,"best_resolution_m":null,"coverage_class":"global","candidates":[],"in_objective":false,"status":"unknown"},"geometry":{"type":"Point","coordinates":[32.9,-26.0]}},{"type":"Feature","properties":{"kind":"mask_gap","threshold_kt":1.5,"area_deg2":26.18,"note":"Courant tidal maximal au-dessus de 1,5 kt sans source de production à 1 km ou plus fin."},"geometry":{"type":"MultiPolygon","coordinates":[[[[-6.179200000000001,47.664599999999055],[-6.1386,47.664599999999055],[-6.1386,47.62399999999906],[-6.016800000000001,47.62399999999906],[-5.9965,47.58339999999906],[-5.955900000000001,47.58339999999906],[-5.935600000000001,47.54279999999906],[-5.725559424980528,47.54279999999906],[-5.725559424980528,47.31300000000287],[-5.725559424980528,47.28450000000287],[-5.725559424980528,47.23829999999906],[-5.7732,47.23829999999906],[-5.7732,47.258599999999056],[-5.955900000000001,47.258599999999056],[-5.955900000000001,47.278899999999055],[-6.016800000000001,47.278899999999055],[-6.016800000000001,47.29919999999906],[-6.098000000000001,47.29919999999906],[-6.098000000000001,47.31949999999906],[-6.1386,47.31949999999906],[-6.1386,47.33979999999906],[-6.260400000000001,47.36009999999906],[-6.260400000000001,47.400699999999055],[-6.321300000000001,47.400699999999055],[-6.341600000000001,47.44129999999906],[-6.3822,47.44129999999906],[-6.402500000000001,47.48189999999906],[-6.4634,47.48189999999906],[-6.4634,47.50219999999906],[-6.5040000000000004,47.50219999999906],[-6.5040000000000004,47.522499999999056],[-6.5852,47.522499999999056],[-6.5852,47.54279999999906],[-7.0724,47.563099999999054],[-7.0724,47.58339999999906],[-7.153600000000001,47.58339999999906],[-7.153600000000001,47.60369999999906],[-7.2145,47.60369999999906],[-7.2145,47.62399999999906],[-7.1942,47.62399999999906],[-7.1942,47.68489999999906],[-7.2145,47.68489999999906],[-7.2145,47.72549999999906],[-7.2551000000000005,47.72549999999906],[-7.2551000000000005,47.76609999999906],[-7.2145,47.76609999999906],[-7.2145,47.786399999999055],[-7.1942,47.786399999999055],[-7.1942,47.76609999999906],[-7.0724,47.76609999999906],[-7.0724,47.786399999999055],[-6.8288,47.786399999999055],[-6.8288,47.82699999999906],[-6.788200000000001,47.82699999999906],[-6.788200000000001,47.88789999999906],[-6.8897,47.88789999999906],[-6.91,47.96909999999906],[-7.0318000000000005,47.96909999999906],[-7.0318000000000005,47.98939999999906],[-7.1333,47.98939999999906],[-7.1333,47.92849999999906],[-7.234800000000001,47.92849999999906],[-7.234800000000001,47.84729999999906],[-7.316000000000001,47.84729999999906],[-7.3363000000000005,47.88789999999906],[-7.397200000000001,47.88789999999906],[-7.397200000000001,47.908199999999056],[-7.4378,47.908199999999056],[-7.4378,47.92849999999906],[-7.539300000000001,47.92849999999906],[-7.539300000000001,47.908199999999056],[-7.5596000000000005,47.908199999999056],[-7.5596000000000005,47.92849999999906],[-7.620500000000001,47.92849999999906],[-7.620500000000001,47.94879999999905],[-7.701700000000001,47.94879999999905],[-7.701700000000001,47.96909999999906],[-7.7423,47.96909999999906],[-7.7423,48.050299999999055],[-7.8032,48.050299999999055],[-7.8235,48.09089999999906],[-7.925000000000001,48.09089999999906],[-7.925000000000001,48.13149999999906],[-7.9859,48.13149999999906],[-8.0062,48.172099999999055],[-8.046800000000001,48.172099999999055],[-8.046800000000001,48.21269999999906],[-8.0671,48.21269999999906],[-8.0671,48.23299999999906],[-8.107700000000001,48.23299999999906],[-8.107700000000001,48.25329999999906],[-8.128,48.25329999999906],[-8.128,48.31419999999906],[-8.0671,48.31419999999906],[-8.0671,48.33449999999905],[-7.9859,48.33449999999905],[-7.9859,48.31419999999906],[-7.925000000000001,48.31419999999906],[-7.9047,48.27359999999906],[-7.843800000000001,48.27359999999906],[-7.843800000000001,48.23299999999906],[-7.8032,48.23299999999906],[-7.8032,48.192399999999054],[-7.782900000000001,48.192399999999054],[-7.782900000000001,48.172099999999055],[-7.7423,48.172099999999055],[-7.7423,48.13149999999906],[-7.722,48.13149999999906],[-7.722,48.07059999999906],[-7.6002,48.07059999999906],[-7.6002,48.050299999999055],[-7.539300000000001,48.050299999999055],[-7.539300000000001,48.029999999999056],[-7.4581,48.029999999999056],[-7.4378,48.07059999999906],[-7.397200000000001,48.07059999999906],[-7.397200000000001,48.11119999999906],[-7.153600000000001,48.11119999999906],[-7.1333,48.15179999999906],[-7.092700000000001,48.15179999999906],[-7.092700000000001,48.21269999999906],[-7.1333,48.21269999999906],[-7.1333,48.293899999999056],[-7.2551000000000005,48.27359999999906],[-7.2551000000000005,48.25329999999906],[-7.2957,48.25329999999906],[-7.2957,48.21269999999906],[-7.3363000000000005,48.21269999999906],[-7.3363000000000005,48.23299999999906],[-7.4378,48.23299999999906],[-7.4378,48.21269999999906],[-7.4581,48.21269999999906],[-7.4581,48.31419999999906],[-7.4987,48.31419999999906],[-7.4987,48.35479999999906],[-7.519,48.35479999999906],[-7.519,48.37509999999906],[-7.5596000000000005,48.37509999999906],[-7.5596000000000005,48.47659999999906],[-7.519,48.47659999999906],[-7.4987,48.51719999999906],[-7.478400000000001,48.51719999999906],[-7.478400000000001,48.49689999999906],[-7.4378,48.49689999999906],[-7.4378,48.47659999999906],[-7.316000000000001,48.47659999999906],[-7.316000000000001,48.51719999999906],[-7.234800000000001,48.51719999999906],[-7.234800000000001,48.47659999999906],[-7.173900000000001,48.47659999999906],[-7.173900000000001,48.435999999999055],[-7.1333,48.435999999999055],[-7.1333,48.39539999999906],[-7.0724,48.39539999999906],[-7.0724,48.37509999999906],[-7.0521,48.37509999999906],[-7.0521,48.33449999999905],[-7.011500000000001,48.33449999999905],[-7.011500000000001,48.31419999999906],[-6.9912,48.31419999999906],[-6.9912,48.27359999999906],[-6.9506000000000006,48.27359999999906],[-6.930300000000001,48.23299999999906],[-6.8288,48.23299999999906],[-6.8288,48.25329999999906],[-6.7679,48.25329999999906],[-6.7679,48.35479999999906],[-6.788200000000001,48.35479999999906],[-6.788200000000001,48.37509999999906],[-6.8288,48.37509999999906],[-6.849100000000001,48.415699999999056],[-6.91,48.415699999999056],[-6.91,48.49689999999906],[-6.9709,48.49689999999906],[-6.9709,48.537499999999056],[-6.9506000000000006,48.537499999999056],[-6.9506000000000006,48.59839999999906],[-6.9709,48.59839999999906],[-6.9709,48.61869999999906],[-7.0318000000000005,48.61869999999906],[-7.0318000000000005,48.65929999999906],[-7.0724,48.65929999999906],[-7.0724,48.69989999999906],[-7.092700000000001,48.69989999999906],[-7.092700000000001,48.78109999999906],[-7.153600000000001,48.78109999999906],[-7.153600000000001,48.84199999999906],[-7.092700000000001,48.84199999999906],[-7.092700000000001,48.86229999999906],[-7.0724,48.86229999999906],[-7.0724,48.923199999999056],[-7.011500000000001,48.923199999999056],[-6.9912,48.88259999999906],[-6.9506000000000006,48.88259999999906],[-6.9506000000000006,48.801399999999056],[-6.8897,48.801399999999056],[-6.8897,48.821699999999055],[-6.849100000000001,48.821699999999055],[-6.849100000000001,48.88259999999906],[-6.8897,48.88259999999906],[-6.8897,48.90289999999906],[-6.91,48.90289999999906],[-6.91,48.963799999999054],[-6.8288,48.963799999999054],[-6.8288,49.02469999999906],[-6.788200000000001,49.02469999999906],[-6.788200000000001,49.12619999999906],[-6.7273000000000005,49.12619999999906],[-6.7273000000000005,49.14649999999906],[-6.625800000000001,49.14649999999906],[-6.625800000000001,49.16679999999906],[-6.5243,49.16679999999906],[-6.5243,49.207399999999055],[-6.4634,49.207399999999055],[-6.4431,49.24799999999906],[-6.402500000000001,49.24799999999906],[-6.402500000000001,49.26829999999906],[-6.3822,49.26829999999906],[-6.3822,49.308899999999056],[-6.341600000000001,49.308899999999056],[-6.341600000000001,49.329199999999055],[-6.2807,49.329199999999055],[-6.2807,49.349499999999054],[-6.1995000000000005,49.349499999999054],[-6.1995000000000005,49.36979999999906],[-6.016800000000001,49.36979999999906],[-6.016800000000001,49.39009999999906],[-5.955900000000001,49.39009999999906],[-5.955900000000001,49.41039999999906],[-5.9153,49.41039999999906],[-5.9153,49.43069999999906],[-5.8544,49.43069999999906],[-5.8544,49.450999999999055],[-5.7732,49.450999999999055],[-5.7732,49.47129999999906],[-5.732600000000001,49.47129999999906],[-5.725559424980528,49.5135434501159],[-5.725559424980528,49.23200000000287],[-5.725559424980528,48.07300000000287],[-5.725559424980528,47.664599999999055],[-5.732600000000001,47.664599999999055],[-5.732600000000001,47.68489999999906],[-5.8950000000000005,47.68489999999906],[-5.9153,47.72549999999906],[-5.9762,47.72549999999906],[-5.9762,47.74579999999906],[-6.037100000000001,47.74579999999906],[-6.037100000000001,47.76609999999906],[-6.1995000000000005,47.76609999999906],[-6.1995000000000005,47.68489999999906],[-6.179200000000001,47.68489999999906],[-6.179200000000001,47.664599999999055]],[[-6.5243,48.63899999999906],[-6.5243,48.69989999999906],[-6.6055,48.69989999999906],[-6.625800000000001,48.65929999999906],[-6.6867,48.65929999999906],[-6.6867,48.61869999999906],[-6.707000000000001,48.61869999999906],[-6.707000000000001,48.557799999999055],[-6.646100000000001,48.557799999999055],[-6.625800000000001,48.59839999999906],[-6.564900000000001,48.59839999999906],[-6.564900000000001,48.63899999999906],[-6.5243,48.63899999999906]]],[[[1.4535999999999998,52.02909999999906],[1.5144999999999982,52.02909999999906],[1.5144999999999982,52.06969999999906],[1.5753999999999984,52.06969999999906],[1.5753999999999984,52.08999999999906],[1.595699999999999,52.08999999999906],[1.595699999999999,52.150899999999055],[1.6362999999999985,52.150899999999055],[1.6362999999999985,52.19149999999906],[1.6565999999999992,52.19149999999906],[1.6565999999999992,52.23209999999906],[1.6768999999999998,52.23209999999906],[1.6768999999999998,52.35389999999906],[1.7174999999999994,52.35389999999906],[1.7174999999999994,52.41479999999906],[1.7377999999999982,52.41479999999906],[1.7377999999999982,52.678699999999054],[1.7174999999999994,52.678699999999054],[1.7174999999999994,52.69899999999906],[1.6768999999999998,52.69899999999906],[1.6768999999999998,52.73959999999906],[1.6565999999999992,52.73959999999906],[1.6362999999999985,52.780199999999056],[1.595699999999999,52.780199999999056],[1.595699999999999,52.82079999999905],[1.5347999999999988,52.82079999999905],[1.5144999999999982,52.86139999999906],[1.4535999999999998,52.86139999999906],[1.4535999999999998,52.88169999999906],[1.4129999999999985,52.88169999999906],[1.4129999999999985,52.901999999999056],[1.2912,52.922299999999055],[1.2912,52.94259999999906],[1.149099999999999,52.94259999999906],[1.149099999999999,52.96289999999906],[1.0475999999999992,52.96289999999906],[1.0475999999999992,52.98319999999906],[0.5197999999999983,52.98319999999906],[0.4994999999999994,52.94259999999906],[0.45889999999999986,52.94259999999906],[0.45889999999999986,52.901999999999056],[0.4385999999999992,52.901999999999056],[0.4385999999999992,52.88169999999906],[0.2558999999999987,52.88169999999906],[0.2558999999999987,52.901999999999056],[0.1949999999999985,52.901999999999056],[0.1949999999999985,53.023799999999056],[0.2355999999999998,53.023799999999056],[0.2558999999999987,53.064399999999054],[0.2964999999999982,53.064399999999054],[0.31679999999999886,53.10499999999906],[0.3573999999999984,53.10499999999906],[0.3573999999999984,53.24709999999906],[0.31679999999999886,53.24709999999906],[0.31679999999999886,53.26739999999906],[0.2964999999999982,53.26739999999906],[0.2964999999999982,53.32829999999906],[0.2558999999999987,53.32829999999906],[0.2558999999999987,53.34859999999906],[0.2355999999999998,53.34859999999906],[0.2355999999999998,53.429799999999055],[0.1949999999999985,53.429799999999055],[0.1949999999999985,53.450099999999054],[0.17469999999999963,53.450099999999054],[0.17469999999999963,53.51099999999906],[0.13409999999999833,53.51099999999906],[0.13409999999999833,53.53129999999906],[0.05289999999999928,53.53129999999906],[0.05289999999999928,53.551599999999056],[-0.008000000000000895,53.551599999999056],[-0.008000000000000895,53.57189999999906],[-0.04860000000000042,53.57189999999906],[-0.04860000000000042,53.59219999999905],[-0.12980000000000125,53.59219999999905],[-0.12980000000000125,53.61249999999906],[-0.17040000000000077,53.61249999999906],[-0.17040000000000077,53.63279999999906],[-0.23130000000000095,53.63279999999906],[-0.23130000000000095,53.673399999999056],[-0.2516000000000016,53.673399999999056],[-0.2516000000000016,53.71399999999906],[-0.23130000000000095,53.71399999999906],[-0.23130000000000095,53.693699999999055],[-0.17040000000000077,53.693699999999055],[-0.17040000000000077,53.65309999999906],[-0.1095000000000006,53.65309999999906],[-0.1095000000000006,53.63279999999906],[-0.04860000000000042,53.63279999999906],[-0.04860000000000042,53.65309999999906],[0.07319999999999993,53.65309999999906],[0.07319999999999993,53.71399999999906],[0.05289999999999928,53.71399999999906],[0.05289999999999928,53.73429999999906],[0.012299999999999756,53.73429999999906],[0.012299999999999756,53.77489999999906],[-0.04860000000000042,53.77489999999906],[-0.04860000000000042,53.835799999999054],[-0.1095000000000006,53.835799999999054],[-0.1095000000000006,53.85609999999906],[-0.06890000000000107,53.85609999999906],[-0.06890000000000107,53.87639999999906],[-0.04860000000000042,53.87639999999906],[-0.04860000000000042,53.937299999999055],[-0.06890000000000107,53.937299999999055],[-0.06890000000000107,53.97789999999905],[-0.1095000000000006,53.97789999999905],[-0.1095000000000006,54.14029999999906],[-0.17040000000000077,54.14029999999906],[-0.17040000000000077,54.16059999999906],[-0.19070000000000142,54.16059999999906],[-0.19070000000000142,54.201199999999055],[-0.3125,54.221499999999054],[-0.3125,54.28239999999906],[-0.3531000000000013,54.28239999999906],[-0.3531000000000013,54.30269999999906],[-0.4140000000000015,54.30269999999906],[-0.4140000000000015,54.34329999999906],[-0.454600000000001,54.36359999999905],[-0.454600000000001,54.42449999999906],[-0.49520000000000053,54.42449999999906],[-0.5155000000000012,54.465099999999055],[-0.5561000000000007,54.465099999999055],[-0.5764000000000014,54.50569999999906],[-0.6170000000000009,54.50569999999906],[-0.6170000000000009,54.52599999999906],[-0.6982000000000017,54.52599999999906],[-0.6982000000000017,54.54629999999906],[-0.7591000000000001,54.54629999999906],[-0.7591000000000001,54.566599999999056],[-0.7997000000000014,54.566599999999056],[-0.7997000000000014,54.586899999999055],[-0.8606000000000016,54.586899999999055],[-0.8606000000000016,54.607199999999054],[-0.9418000000000006,54.607199999999054],[-0.9418000000000006,54.64779999999906],[-0.9215,54.64779999999906],[-0.9215,54.66809999999906],[-0.8809000000000005,54.66809999999906],[-0.8809000000000005,54.708699999999055],[-0.8606000000000016,54.708699999999055],[-0.8606000000000016,54.78989999999906],[-0.8200000000000003,54.78989999999906],[-0.8200000000000003,54.87109999999906],[-0.7591000000000001,54.87109999999906],[-0.7388000000000012,54.91169999999906],[-0.6576000000000004,54.91169999999906],[-0.6576000000000004,54.89139999999906],[-0.5561000000000007,54.89139999999906],[-0.5561000000000007,54.87109999999906],[-0.33280000000000065,54.87109999999906],[-0.33280000000000065,54.850799999999055],[-0.2719000000000005,54.850799999999055],[-0.2719000000000005,54.830499999999056],[0.03259999999999863,54.830499999999056],[0.03259999999999863,54.78989999999906],[0.07319999999999993,54.78989999999906],[0.0934999999999988,54.74929999999905],[0.15439999999999898,54.74929999999905],[0.15439999999999898,54.72899999999906],[0.1949999999999985,54.72899999999906],[0.1949999999999985,54.708699999999055],[0.31679999999999886,54.708699999999055],[0.31679999999999886,54.688399999999056],[0.37769999999999904,54.688399999999056],[0.37769999999999904,54.66809999999906],[0.6212999999999997,54.66809999999906],[0.6212999999999997,54.64779999999906],[0.7836999999999996,54.64779999999906],[0.7836999999999996,54.66809999999906],[0.8648999999999987,54.66809999999906],[0.8648999999999987,54.688399999999056],[0.9257999999999988,54.688399999999056],[0.9257999999999988,54.708699999999055],[1.0272999999999985,54.708699999999055],[1.0272999999999985,54.72899999999906],[1.149099999999999,54.74929999999905],[1.1693999999999996,54.78989999999906],[1.3520999999999983,54.78989999999906],[1.3520999999999983,54.66809999999906],[1.372399999999999,54.66809999999906],[1.372399999999999,54.64779999999906],[1.4941999999999993,54.64779999999906],[1.4941999999999993,54.586899999999055],[1.5550999999999995,54.586899999999055],[1.5550999999999995,54.50569999999906],[1.595699999999999,54.50569999999906],[1.6159999999999997,54.465099999999055],[1.6768999999999998,54.465099999999055],[1.6768999999999998,54.444799999999056],[1.7377999999999982,54.444799999999056],[1.7377999999999982,54.42449999999906],[1.7986999999999984,54.42449999999906],[1.818999999999999,54.38389999999906],[1.9407999999999994,54.38389999999906],[1.9407999999999994,54.36359999999905],[1.981399999999999,54.36359999999905],[1.981399999999999,54.322999999999055],[2.0625999999999998,54.322999999999055],[2.0625999999999998,54.26209999999906],[2.143799999999999,54.26209999999906],[2.143799999999999,54.30269999999906],[2.2452999999999985,54.30269999999906],[2.2452999999999985,54.26209999999906],[2.3061999999999987,54.26209999999906],[2.3061999999999987,54.16059999999906],[2.2452999999999985,54.16059999999906],[2.2452999999999985,54.14029999999906],[2.1640999999999995,54.14029999999906],[2.1640999999999995,54.059099999999056],[2.2452999999999985,54.059099999999056],[2.2452999999999985,54.03879999999906],[2.2859,54.03879999999906],[2.3061999999999987,53.99819999999906],[2.346799999999998,53.99819999999906],[2.346799999999998,53.97789999999905],[2.6309999999999985,53.97789999999905],[2.6309999999999985,53.99819999999906],[2.651299999999999,53.99819999999906],[2.651299999999999,53.97789999999905],[2.6715999999999998,53.97789999999905],[2.6715999999999998,53.937299999999055],[2.7121999999999993,53.937299999999055],[2.7121999999999993,53.89669999999906],[2.7730999999999995,53.89669999999906],[2.7730999999999995,53.795199999999056],[2.8339999999999996,53.795199999999056],[2.8339999999999996,53.77489999999906],[2.7933999999999983,53.77489999999906],[2.7933999999999983,53.75459999999906],[2.7121999999999993,53.75459999999906],[2.7121999999999993,53.71399999999906],[2.6715999999999998,53.71399999999906],[2.6715999999999998,53.65309999999906],[2.732499999999998,53.65309999999906],[2.732499999999998,53.61249999999906],[2.7933999999999983,53.61249999999906],[2.7933999999999983,53.57189999999906],[2.8339999999999996,53.57189999999906],[2.8542999999999985,53.409499999999056],[2.894899999999998,53.409499999999056],[2.9151999999999987,53.36889999999906],[3.036999999999999,53.36889999999906],[3.036999999999999,53.32829999999906],[3.118199999999998,53.32829999999906],[3.118199999999998,53.34859999999906],[3.1587999999999994,53.34859999999906],[3.1587999999999994,53.307999999999055],[3.199399999999997,53.307999999999055],[3.199399999999997,53.26739999999906],[3.2196999999999996,53.26739999999906],[3.2196999999999996,53.24709999999906],[3.3008999999999986,53.24709999999906],[3.3008999999999986,53.287699999999056],[3.3211999999999975,53.287699999999056],[3.3211999999999975,53.20649999999905],[3.422699999999999,53.20649999999905],[3.422699999999999,53.22679999999906],[3.442999999999998,53.22679999999906],[3.442999999999998,53.165899999999056],[3.5242000000000004,53.165899999999056],[3.5242000000000004,53.12529999999906],[3.5851000000000006,53.12529999999906],[3.5851000000000006,53.10499999999906],[3.6662999999999997,53.10499999999906],[3.6662999999999997,53.12529999999906],[3.7677999999999976,53.12529999999906],[3.7677999999999976,53.10499999999906],[3.8286999999999978,53.10499999999906],[3.8286999999999978,53.12529999999906],[3.849,53.12529999999906],[3.849,53.064399999999054],[3.9301999999999992,53.064399999999054],[3.950499999999998,53.10499999999906],[4.011399999999998,53.10499999999906],[4.011399999999998,53.08469999999906],[4.1129,53.08469999999906],[4.133199999999999,53.12529999999906],[4.2347,53.12529999999906],[4.254999999999999,53.165899999999056],[4.2956,53.165899999999056],[4.315899999999999,53.20649999999905],[4.3565000000000005,53.20649999999905],[4.3565000000000005,53.24709999999906],[4.417399999999997,53.24709999999906],[4.4376999999999995,53.287699999999056],[4.4986,53.287699999999056],[4.4986,53.32829999999906],[4.5595,53.32829999999906],[4.5595,53.34859999999906],[4.600099999999998,53.34859999999906],[4.600099999999998,53.36889999999906],[4.660999999999998,53.36889999999906],[4.660999999999998,53.409499999999056],[4.7422,53.409499999999056],[4.7422,53.450099999999054],[4.782799999999998,53.450099999999054],[4.803099999999997,53.49069999999906],[4.863999999999997,53.49069999999906],[4.863999999999997,53.51099999999906],[4.9045999999999985,53.51099999999906],[4.9045999999999985,53.53129999999906],[4.965499999999999,53.53129999999906],[4.965499999999999,53.57189999999906],[5.026399999999999,53.57189999999906],[5.026399999999999,53.61249999999906],[5.087299999999999,53.61249999999906],[5.087299999999999,53.65309999999906],[5.107599999999998,53.65309999999906],[5.107599999999998,53.673399999999056],[5.148199999999999,53.673399999999056],[5.148199999999999,53.693699999999055],[5.209099999999999,53.693699999999055],[5.209099999999999,53.71399999999906],[5.229399999999998,53.71399999999906],[5.229399999999998,53.73429999999906],[5.27,53.73429999999906],[5.2902999999999984,53.77489999999906],[5.412099999999999,53.77489999999906],[5.412099999999999,53.795199999999056],[5.472999999999999,53.795199999999056],[5.472999999999999,53.815499999999055],[5.7775,53.815499999999055],[5.7775,53.77489999999906],[5.797799999999999,53.77489999999906],[5.797799999999999,53.75459999999906],[5.858699999999999,53.75459999999906],[5.858699999999999,53.795199999999056],[5.919599999999999,53.795199999999056],[5.919599999999999,53.815499999999055],[6.021099999999997,53.815499999999055],[6.021099999999997,53.85609999999906],[6.1023,53.85609999999906],[6.1023,53.89669999999906],[6.142899999999997,53.89669999999906],[6.142899999999997,53.91699999999906],[6.1625,53.91699999999906],[6.1625,54.150000000000915],[6.1736,54.150000000000915],[6.1736,53.550000000000914],[6.1625,53.550000000000914],[6.1625,53.57189999999906],[6.1225999999999985,53.57189999999906],[6.1225999999999985,53.551599999999056],[5.939899999999998,53.551599999999056],[5.939899999999998,53.47039999999906],[5.8993,53.47039999999906],[5.8993,53.53129999999906],[5.7775,53.53129999999906],[5.7775,53.51099999999906],[5.554199999999998,53.51099999999906],[5.554199999999998,53.450099999999054],[5.615099999999998,53.450099999999054],[5.594799999999999,53.409499999999056],[5.5136,53.409499999999056],[5.5136,53.429799999999055],[5.472999999999999,53.429799999999055],[5.472999999999999,53.450099999999054],[5.4527,53.450099999999054],[5.4527,53.47039999999906],[5.351199999999999,53.47039999999906],[5.351199999999999,53.450099999999054],[5.249699999999997,53.450099999999054],[5.249699999999997,53.429799999999055],[5.1279,53.429799999999055],[5.1279,53.36889999999906],[5.168499999999998,53.36889999999906],[5.168499999999998,53.32829999999906],[5.229399999999998,53.32829999999906],[5.229399999999998,53.287699999999056],[5.1888000000000005,53.287699999999056],[5.1888000000000005,53.26739999999906],[5.087299999999999,53.26739999999906],[5.087299999999999,53.287699999999056],[4.965499999999999,53.287699999999056],[4.965499999999999,53.307999999999055],[4.8843,53.307999999999055],[4.8843,53.20649999999905],[4.9452,53.20649999999905],[4.9452,53.14559999999906],[4.803099999999997,53.14559999999906],[4.803099999999997,53.12529999999906],[4.762499999999999,53.12529999999906],[4.762499999999999,53.10499999999906],[4.701599999999999,53.10499999999906],[4.6813,53.064399999999054],[4.640699999999999,53.064399999999054],[4.640699999999999,53.00349999999906],[4.843699999999998,53.00349999999906],[4.843699999999998,53.023799999999056],[4.863999999999997,53.023799999999056],[4.863999999999997,52.94259999999906],[4.701599999999999,52.94259999999906],[4.701599999999999,52.901999999999056],[4.6813,52.901999999999056],[4.6813,52.780199999999056],[4.640699999999999,52.780199999999056],[4.640699999999999,52.69899999999906],[4.6204,52.69899999999906],[4.6204,52.638099999999056],[4.579799999999999,52.638099999999056],[4.579799999999999,52.57719999999906],[4.5595,52.57719999999906],[4.5595,52.516299999999056],[4.579799999999999,52.516299999999056],[4.579799999999999,52.49599999999906],[4.5595,52.49599999999906],[4.5595,52.41479999999906],[4.518899999999999,52.41479999999906],[4.518899999999999,52.37419999999906],[4.4986,52.37419999999906],[4.4986,52.33359999999906],[4.457999999999998,52.33359999999906],[4.4376999999999995,52.25239999999906],[4.376799999999999,52.25239999999906],[4.376799999999999,52.21179999999906],[4.336199999999998,52.21179999999906],[4.336199999999998,52.150899999999055],[4.315899999999999,52.150899999999055],[4.315899999999999,52.130599999999056],[4.275299999999998,52.130599999999056],[4.254999999999999,52.08999999999906],[4.214399999999998,52.08999999999906],[4.214399999999998,52.04939999999905],[4.1534999999999975,52.04939999999905],[4.1534999999999975,52.008799999999056],[4.011399999999998,52.008799999999056],[4.011399999999998,52.00600000000287],[4.183999999999999,52.00600000000287],[4.183999999999999,51.873000000002875],[4.177631589361686,51.873000000002875],[4.177631589361686,52.00441252454678],[1.505,52.00441252454678],[1.4535999999999998,52.00441252454678],[1.4535999999999998,52.02909999999906]],[[2.5497999999999994,53.91699999999906],[2.5497999999999994,53.85609999999906],[2.6309999999999985,53.85609999999906],[2.6309999999999985,53.91699999999906],[2.5497999999999994,53.91699999999906]]],[[[9.5,53.68750000000091],[9.493071,53.68750000000091],[9.493071,53.72500000000091],[9.5,53.72500000000091],[9.5,53.68750000000091]]],[[[-8.8588,48.35479999999906],[-8.879100000000001,48.35479999999906],[-8.879100000000001,48.415699999999056],[-8.8588,48.415699999999056],[-8.8588,48.435999999999055],[-8.7776,48.435999999999055],[-8.7573,48.39539999999906],[-8.7167,48.39539999999906],[-8.7167,48.35479999999906],[-8.7573,48.35479999999906],[-8.7573,48.33449999999905],[-8.8588,48.33449999999905],[-8.8588,48.35479999999906]]],[[[-8.0062,49.91789999999906],[-8.046800000000001,49.91789999999906],[-8.046800000000001,49.978799999999055],[-8.0265,49.978799999999055],[-8.0265,49.958499999999056],[-7.9859,49.958499999999056],[-7.9656,49.91789999999906],[-7.925000000000001,49.91789999999906],[-7.925000000000001,49.85699999999906],[-7.9859,49.85699999999906],[-7.9859,49.87729999999906],[-8.0062,49.87729999999906],[-8.0062,49.91789999999906]]],[[[-9.752,51.359199999999056],[-9.8332,51.359199999999056],[-9.8332,51.39979999999906],[-9.8535,51.39979999999906],[-9.8535,51.42009999999906],[-9.8941,51.42009999999906],[-9.8941,51.46069999999906],[-9.711400000000001,51.46069999999906],[-9.711400000000001,51.39979999999906],[-9.752,51.39979999999906],[-9.752,51.359199999999056]]],[[[-10.2798,51.623099999999056],[-10.2392,51.623099999999056],[-10.2392,51.58249999999906],[-10.1986,51.58249999999906],[-10.1986,51.54189999999906],[-10.2798,51.54189999999906],[-10.2798,51.623099999999056]]],[[[-10.6249,52.08999999999906],[-10.5843,52.08999999999906],[-10.5843,52.130599999999056],[-10.5234,52.130599999999056],[-10.5234,52.150899999999055],[-10.482800000000001,52.150899999999055],[-10.482800000000001,52.11029999999906],[-10.4422,52.11029999999906],[-10.4422,52.08999999999906],[-10.564,52.08999999999906],[-10.564,52.02909999999906],[-10.5843,52.02909999999906],[-10.5843,52.04939999999905],[-10.645199999999999,52.04939999999905],[-10.6249,52.08999999999906]]],[[[-7.1942,56.53569999999905],[-7.092700000000001,56.53569999999905],[-7.092700000000001,56.55599999999906],[-6.9912,56.55599999999906],[-6.9912,56.41389999999906],[-7.011500000000001,56.41389999999906],[-7.0318000000000005,56.45449999999906],[-7.1333,56.45449999999906],[-7.153600000000001,56.495099999999056],[-7.2145,56.495099999999056],[-7.2145,56.515399999999055],[-7.1942,56.515399999999055],[-7.1942,56.53569999999905]]],[[[-7.539300000000001,56.880799999999056],[-7.478400000000001,56.880799999999056],[-7.478400000000001,56.84019999999906],[-7.4987,56.84019999999906],[-7.4987,56.81989999999906],[-7.5596000000000005,56.81989999999906],[-7.5596000000000005,56.738699999999056],[-7.6002,56.738699999999056],[-7.6002,56.71839999999906],[-7.620500000000001,56.71839999999906],[-7.620500000000001,56.67779999999906],[-7.6814,56.67779999999906],[-7.6814,56.65749999999906],[-7.701700000000001,56.65749999999906],[-7.701700000000001,56.67779999999906],[-7.7423,56.67779999999906],[-7.7423,56.69809999999906],[-7.8032,56.69809999999906],[-7.8032,56.79959999999906],[-7.6814,56.81989999999906],[-7.6814,56.92139999999905],[-7.539300000000001,56.92139999999905],[-7.539300000000001,56.880799999999056]]],[[[-7.4175,57.06349999999906],[-7.4175,57.04319999999906],[-7.4581,57.06349999999906],[-7.4581,57.10409999999906],[-7.4378,57.10409999999906],[-7.4378,57.124399999999056],[-7.3769,57.124399999999056],[-7.3769,57.10409999999906],[-7.3566,57.10409999999906],[-7.3566,57.06349999999906],[-7.4175,57.06349999999906]]],[[[-6.849100000000001,57.32739999999906],[-6.8897,57.32739999999906],[-6.8897,57.46949999999906],[-6.849100000000001,57.46949999999906],[-6.849100000000001,57.48979999999906],[-6.7679,57.48979999999906],[-6.7679,57.408599999999055],[-6.707000000000001,57.408599999999055],[-6.707000000000001,57.34769999999906],[-6.6867,57.34769999999906],[-6.6867,57.32739999999906],[-6.707000000000001,57.32739999999906],[-6.707000000000001,57.30709999999905],[-6.849100000000001,57.30709999999905],[-6.849100000000001,57.32739999999906]]],[[[-7.153600000000001,57.773999999999056],[-7.0724,57.773999999999056],[-7.0724,57.71309999999906],[-7.1333,57.71309999999906],[-7.1333,57.73339999999906],[-7.153600000000001,57.73339999999906],[-7.153600000000001,57.773999999999056]]],[[[-7.7423,60.494199999999054],[-7.8235,60.494199999999054],[-7.8235,60.51449999999906],[-7.8641000000000005,60.51449999999906],[-7.8641000000000005,60.53479999999906],[-7.8844,60.53479999999906],[-7.8844,60.595699999999056],[-7.925000000000001,60.595699999999056],[-7.925000000000001,60.615999999999055],[-7.8844,60.615999999999055],[-7.8844,60.65659999999906],[-7.8641000000000005,60.65659999999906],[-7.8641000000000005,60.67689999999906],[-7.8032,60.67689999999906],[-7.8032,60.69719999999906],[-7.7626,60.69719999999906],[-7.7626,60.717499999999056],[-7.701700000000001,60.717499999999056],[-7.701700000000001,60.737799999999055],[-7.5596000000000005,60.737799999999055],[-7.5596000000000005,60.717499999999056],[-7.478400000000001,60.717499999999056],[-7.478400000000001,60.69719999999906],[-7.4378,60.69719999999906],[-7.4378,60.67689999999906],[-7.3769,60.67689999999906],[-7.3566,60.63629999999905],[-7.316000000000001,60.63629999999905],[-7.316000000000001,60.53479999999906],[-7.3769,60.53479999999906],[-7.3769,60.51449999999906],[-7.4175,60.51449999999906],[-7.4175,60.494199999999054],[-7.478400000000001,60.494199999999054],[-7.4987,60.45359999999906],[-7.5596000000000005,60.45359999999906],[-7.5596000000000005,60.43329999999906],[-7.620500000000001,60.43329999999906],[-7.620500000000001,60.45359999999906],[-7.701700000000001,60.45359999999906],[-7.701700000000001,60.473899999999055],[-7.7423,60.473899999999055],[-7.7423,60.494199999999054]]],[[[-10.5843,60.595699999999056],[-10.6249,60.595699999999056],[-10.645199999999999,60.67689999999906],[-10.6858,60.67689999999906],[-10.6858,60.717499999999056],[-10.6249,60.717499999999056],[-10.6249,60.737799999999055],[-10.5234,60.737799999999055],[-10.5234,60.758099999999054],[-10.3204,60.758099999999054],[-10.3001,60.717499999999056],[-10.2392,60.717499999999056],[-10.2392,60.69719999999906],[-10.1986,60.69719999999906],[-10.1986,60.67689999999906],[-10.1377,60.67689999999906],[-10.1377,60.63629999999905],[-10.0768,60.63629999999905],[-10.0565,60.595699999999056],[-10.0159,60.595699999999056],[-10.0159,60.55509999999906],[-10.2595,60.55509999999906],[-10.2595,60.53479999999906],[-10.4625,60.53479999999906],[-10.4625,60.55509999999906],[-10.5031,60.55509999999906],[-10.5031,60.57539999999906],[-10.5843,60.57539999999906],[-10.5843,60.595699999999056]]],[[[-8.8588,60.69719999999906],[-8.8994,60.69719999999906],[-8.9197,60.65659999999906],[-8.980599999999999,60.65659999999906],[-8.980599999999999,60.63629999999905],[-9.0618,60.63629999999905],[-9.0618,60.65659999999906],[-9.1227,60.65659999999906],[-9.1227,60.69719999999906],[-9.1633,60.69719999999906],[-9.1633,60.717499999999056],[-9.1227,60.717499999999056],[-9.1227,60.77839999999906],[-9.1633,60.77839999999906],[-9.1633,60.81899999999906],[-9.1227,60.81899999999906],[-9.1227,60.859599999999055],[-9.1024,60.859599999999055],[-9.1024,60.879899999999054],[-9.0415,60.879899999999054],[-9.0415,60.92049999999906],[-9.0009,60.92049999999906],[-8.980599999999999,60.96109999999906],[-8.940000000000001,60.96109999999906],[-8.9197,61.001699999999055],[-8.879100000000001,61.001699999999055],[-8.8588,61.04229999999906],[-8.7776,61.06259999999906],[-8.7776,61.08289999999906],[-8.6761,61.08289999999906],[-8.6558,61.123499999999055],[-8.554300000000001,61.123499999999055],[-8.554300000000001,61.143799999999054],[-8.4528,61.143799999999054],[-8.4528,61.123499999999055],[-8.3919,61.123499999999055],[-8.3919,61.08289999999906],[-8.3513,61.08289999999906],[-8.3513,60.981399999999056],[-8.3919,60.981399999999056],[-8.4122,60.94079999999906],[-8.5137,60.94079999999906],[-8.5137,60.92049999999906],[-8.6355,60.92049999999906],[-8.6355,60.90019999999906],[-8.7167,60.90019999999906],[-8.7167,60.879899999999054],[-8.7573,60.879899999999054],[-8.7573,60.859599999999055],[-8.7776,60.859599999999055],[-8.7776,60.81899999999906],[-8.7979,60.81899999999906],[-8.7979,60.758099999999054],[-8.8385,60.758099999999054],[-8.8385,60.737799999999055],[-8.8588,60.737799999999055],[-8.8588,60.69719999999906]]],[[[-6.260400000000001,61.752799999999056],[-6.301,61.752799999999056],[-6.321300000000001,61.71219999999906],[-6.3619,61.71219999999906],[-6.3822,61.67159999999906],[-6.4228000000000005,61.67159999999906],[-6.4431,61.59039999999906],[-6.483700000000001,61.59039999999906],[-6.483700000000001,61.57009999999906],[-6.5040000000000004,61.57009999999906],[-6.5040000000000004,61.529499999999054],[-6.544600000000001,61.529499999999054],[-6.544600000000001,61.44829999999906],[-6.5040000000000004,61.44829999999906],[-6.483700000000001,61.40769999999905],[-6.4431,61.40769999999905],[-6.4431,61.367099999999056],[-6.3822,61.367099999999056],[-6.3822,61.32649999999906],[-6.3619,61.32649999999906],[-6.3619,61.245299999999055],[-6.321300000000001,61.245299999999055],[-6.321300000000001,61.143799999999054],[-6.3619,61.143799999999054],[-6.3619,61.04229999999906],[-6.321300000000001,61.04229999999906],[-6.301,61.001699999999055],[-6.260400000000001,61.001699999999055],[-6.260400000000001,60.96109999999906],[-6.240100000000001,60.96109999999906],[-6.240100000000001,60.94079999999906],[-6.1995000000000005,60.94079999999906],[-6.1995000000000005,60.879899999999054],[-6.179200000000001,60.879899999999054],[-6.179200000000001,60.77839999999906],[-6.1386,60.77839999999906],[-6.1386,60.717499999999056],[-6.179200000000001,60.717499999999056],[-6.1995000000000005,60.67689999999906],[-6.301,60.67689999999906],[-6.301,60.65659999999906],[-6.321300000000001,60.65659999999906],[-6.321300000000001,60.595699999999056],[-6.260400000000001,60.595699999999056],[-6.240100000000001,60.55509999999906],[-6.1995000000000005,60.55509999999906],[-6.1995000000000005,60.494199999999054],[-6.260400000000001,60.494199999999054],[-6.260400000000001,60.473899999999055],[-6.5040000000000004,60.494199999999054],[-6.5243,60.53479999999906],[-6.5852,60.53479999999906],[-6.5852,60.55509999999906],[-6.625800000000001,60.55509999999906],[-6.625800000000001,60.57539999999906],[-6.6867,60.57539999999906],[-6.6867,60.595699999999056],[-6.7273000000000005,60.615999999999055],[-6.7273000000000005,60.65659999999906],[-6.788200000000001,60.65659999999906],[-6.788200000000001,60.69719999999906],[-6.8288,60.69719999999906],[-6.8288,60.717499999999056],[-6.849100000000001,60.717499999999056],[-6.849100000000001,60.77839999999906],[-6.8897,60.77839999999906],[-6.91,60.859599999999055],[-6.9506000000000006,60.859599999999055],[-6.9506000000000006,60.96109999999906],[-6.9709,60.96109999999906],[-6.9709,61.04229999999906],[-7.011500000000001,61.04229999999906],[-7.0318000000000005,61.16409999999906],[-7.0724,61.16409999999906],[-7.092700000000001,61.245299999999055],[-7.1333,61.245299999999055],[-7.1333,61.28589999999906],[-7.153600000000001,61.28589999999906],[-7.153600000000001,61.30619999999906],[-7.1942,61.30619999999906],[-7.1942,61.32649999999906],[-7.2145,61.32649999999906],[-7.2145,61.367099999999056],[-7.2551000000000005,61.367099999999056],[-7.2551000000000005,61.387399999999055],[-7.2754,61.387399999999055],[-7.2754,61.42799999999906],[-7.316000000000001,61.42799999999906],[-7.316000000000001,61.488899999999056],[-7.2754,61.488899999999056],[-7.2754,61.529499999999054],[-7.153600000000001,61.529499999999054],[-7.153600000000001,61.59039999999906],[-7.1942,61.59039999999906],[-7.1942,61.752799999999056],[-7.2145,61.752799999999056],[-7.2145,61.81369999999906],[-7.1942,61.81369999999906],[-7.1942,61.83399999999906],[-7.153600000000001,61.83399999999906],[-7.153600000000001,61.85429999999906],[-6.91,61.85429999999906],[-6.91,61.915199999999054],[-6.9506000000000006,61.915199999999054],[-6.9506000000000006,61.93549999999906],[-6.91,61.93549999999906],[-6.91,61.97609999999906],[-6.8288,61.97609999999906],[-6.8288,61.915199999999054],[-6.869400000000001,61.915199999999054],[-6.869400000000001,61.894899999999055],[-6.8897,61.894899999999055],[-6.8897,61.83399999999906],[-6.869400000000001,61.83399999999906],[-6.869400000000001,61.81369999999906],[-6.7679,61.81369999999906],[-6.7476,61.773099999999054],[-6.6867,61.773099999999054],[-6.6867,61.79339999999905],[-6.646100000000001,61.79339999999905],[-6.646100000000001,61.83399999999906],[-6.625800000000001,61.83399999999906],[-6.625800000000001,61.85429999999906],[-6.3619,61.85429999999906],[-6.3619,61.83399999999906],[-6.321300000000001,61.83399999999906],[-6.321300000000001,61.81369999999906],[-6.301,61.81369999999906],[-6.301,61.79339999999905],[-6.260400000000001,61.79339999999905],[-6.260400000000001,61.752799999999056]],[[-6.9506000000000006,61.57009999999906],[-6.9506000000000006,61.54979999999906],[-6.930300000000001,61.54979999999906],[-6.930300000000001,61.488899999999056],[-6.8897,61.488899999999056],[-6.8897,61.44829999999906],[-6.8288,61.44829999999906],[-6.8085,61.40769999999905],[-6.707000000000001,61.40769999999905],[-6.707000000000001,61.44829999999906],[-6.6867,61.44829999999906],[-6.6867,61.509199999999055],[-6.7273000000000005,61.509199999999055],[-6.7273000000000005,61.54979999999906],[-6.7679,61.54979999999906],[-6.7679,61.57009999999906],[-6.8288,61.57009999999906],[-6.8288,61.59039999999906],[-6.8897,61.59039999999906],[-6.8897,61.630999999999055],[-6.9912,61.630999999999055],[-6.9912,61.57009999999906],[-6.9506000000000006,61.57009999999906]]],[[[-6.7273000000000005,62.23999999999906],[-6.646100000000001,62.23999999999906],[-6.646100000000001,62.260299999999056],[-6.625800000000001,62.260299999999056],[-6.625800000000001,62.19939999999906],[-6.707000000000001,62.19939999999906],[-6.7273000000000005,62.23999999999906]]],[[[-5.9965,62.46329999999906],[-5.9965,62.44299999999906],[-5.955900000000001,62.44299999999906],[-5.955900000000001,62.422699999999054],[-5.874700000000001,62.422699999999054],[-5.874700000000001,62.402399999999055],[-5.8341,62.402399999999055],[-5.8341,62.32119999999906],[-5.874700000000001,62.32119999999906],[-5.874700000000001,62.280599999999055],[-5.935600000000001,62.280599999999055],[-5.955900000000001,62.23999999999906],[-5.9965,62.23999999999906],[-6.016800000000001,62.19939999999906],[-6.0574,62.19939999999906],[-6.0574,62.17909999999906],[-6.1183000000000005,62.17909999999906],[-6.1183000000000005,62.158799999999054],[-6.260400000000001,62.158799999999054],[-6.260400000000001,62.17909999999906],[-6.321300000000001,62.17909999999906],[-6.321300000000001,62.19939999999906],[-6.341600000000001,62.19939999999906],[-6.341600000000001,62.36179999999906],[-6.3822,62.36179999999906],[-6.3822,62.382099999999056],[-6.483700000000001,62.382099999999056],[-6.483700000000001,62.36179999999906],[-6.5243,62.36179999999906],[-6.5243,62.382099999999056],[-6.6867,62.382099999999056],[-6.6867,62.36179999999906],[-6.930300000000001,62.36179999999906],[-6.9506000000000006,62.32119999999906],[-7.173900000000001,62.32119999999906],[-7.173900000000001,62.300899999999054],[-7.234800000000001,62.300899999999054],[-7.234800000000001,62.260299999999056],[-7.2551000000000005,62.260299999999056],[-7.2551000000000005,62.23999999999906],[-7.2957,62.23999999999906],[-7.2957,62.19939999999906],[-7.3769,62.19939999999906],[-7.3769,62.17909999999906],[-7.4175,62.17909999999906],[-7.4175,62.05729999999906],[-7.3769,62.05729999999906],[-7.3769,61.996399999999056],[-7.4987,61.996399999999056],[-7.4987,61.97609999999906],[-7.539300000000001,61.97609999999906],[-7.539300000000001,61.95579999999906],[-7.6611,61.95579999999906],[-7.6611,61.93549999999906],[-7.8032,61.93549999999906],[-7.8032,61.915199999999054],[-8.4122,61.915199999999054],[-8.432500000000001,61.95579999999906],[-8.534,61.95579999999906],[-8.554300000000001,61.996399999999056],[-8.594899999999999,61.996399999999056],[-8.615200000000002,62.036999999999054],[-8.6558,62.036999999999054],[-8.6761,62.07759999999906],[-8.7167,62.07759999999906],[-8.7167,62.11819999999906],[-8.737,62.11819999999906],[-8.737,62.138499999999055],[-8.7776,62.138499999999055],[-8.7776,62.21969999999906],[-8.737,62.21969999999906],[-8.7167,62.300899999999054],[-8.6761,62.300899999999054],[-8.6761,62.32119999999906],[-8.6558,62.32119999999906],[-8.6558,62.34149999999906],[-8.615200000000002,62.34149999999906],[-8.594899999999999,62.382099999999056],[-8.534,62.382099999999056],[-8.534,62.402399999999055],[-8.493400000000001,62.402399999999055],[-8.493400000000001,62.422699999999054],[-8.3716,62.422699999999054],[-8.3716,62.44299999999906],[-8.3107,62.44299999999906],[-8.3107,62.46329999999906],[-8.229500000000002,62.46329999999906],[-8.229500000000002,62.48359999999906],[-8.1889,62.48359999999906],[-8.1889,62.50389999999906],[-8.0062,62.50389999999906],[-8.0062,62.524199999999055],[-7.925000000000001,62.524199999999055],[-7.925000000000001,62.544499999999054],[-7.8235,62.544499999999054],[-7.8235,62.56479999999906],[-7.8032,62.56479999999906],[-7.8032,62.58509999999906],[-7.7626,62.58509999999906],[-7.7423,62.62569999999906],[-7.620500000000001,62.62569999999906],[-7.620500000000001,62.645999999999056],[-7.5596000000000005,62.645999999999056],[-7.5596000000000005,62.666299999999055],[-7.397200000000001,62.666299999999055],[-7.397200000000001,62.68659999999905],[-7.1333,62.68659999999905],[-7.1333,62.666299999999055],[-6.9506000000000006,62.666299999999055],[-6.9506000000000006,62.645999999999056],[-6.8897,62.645999999999056],[-6.8897,62.62569999999906],[-6.7476,62.62569999999906],[-6.7476,62.60539999999906],[-6.625800000000001,62.62569999999906],[-6.625800000000001,62.60539999999906],[-6.564900000000001,62.60539999999906],[-6.564900000000001,62.58509999999906],[-6.483700000000001,62.58509999999906],[-6.483700000000001,62.56479999999906],[-6.4228000000000005,62.56479999999906],[-6.4228000000000005,62.544499999999054],[-6.341600000000001,62.544499999999054],[-6.341600000000001,62.56479999999906],[-6.301,62.56479999999906],[-6.301,62.544499999999054],[-6.179200000000001,62.544499999999054],[-6.179200000000001,62.524199999999055],[-6.0574,62.50389999999906],[-6.0574,62.46329999999906],[-5.9965,62.46329999999906]]],[[[-12.9375,64.1875],[-13.4375,64.1875],[-13.4375,64.25],[-13.0625,64.25],[-13.0625,64.3125],[-12.875,64.3125],[-12.9375,64.1875]]],[[[-14.375,64.5],[-14.375,64.4375],[-14.125,64.4375],[-14.125,64.375],[-14.5625,64.375],[-14.5,64.5],[-14.375,64.5]]],[[[-13.5,64.9375],[-13.5,65.1875],[-13.3125,65.1875],[-13.3125,65.25],[-13.0625,65.25],[-13.0625,65.125],[-13.0,65.125],[-13.0,65.0625],[-13.25,65.0625],[-13.25,65.0],[-13.375,65.0],[-13.375,64.8125],[-13.1875,64.8125],[-13.1875,64.5625],[-13.3125,64.5625],[-13.3125,64.625],[-13.5,64.625],[-13.5,64.6875],[-13.6875,64.6875],[-13.6875,64.75],[-13.8125,64.75],[-13.875,64.875],[-13.75,64.875],[-13.75,64.9375],[-13.5,64.9375]]],[[[-24.375,65.5],[-24.375,65.4375],[-24.4375,65.4375],[-24.4375,65.5],[-24.6875,65.5],[-24.6875,65.4375],[-24.8125,65.4375],[-24.8125,65.5625],[-24.875,65.5625],[-24.875,65.625],[-24.5625,65.625],[-24.5625,65.6875],[-24.3125,65.6875],[-24.3125,65.5625],[-24.25,65.5625],[-24.25,65.5],[-24.375,65.5]]],[[[-23.75,66.125],[-23.75,66.0625],[-24.125,66.0625],[-24.125,66.125],[-23.75,66.125]]],[[[-5.4096,35.8968000000006],[-5.4096,35.8400000000006],[-5.7504,35.8400000000006],[-5.7504,35.783200000000605],[-5.9208,35.783200000000605],[-5.9208,35.7264000000006],[-5.959,35.7264000000006],[-5.959,35.67950000000076],[-6.121,35.67950000000076],[-6.121,35.76050000000076],[-6.0912,35.76050000000076],[-6.0912,35.8400000000006],[-6.2048,35.8400000000006],[-6.2048,35.8968000000006],[-6.2616,35.8968000000006],[-6.2616,35.992800000000756],[-6.2829999999999995,36.003500000000756],[-6.2829999999999995,36.0104000000006],[-6.3751999999999995,36.0104000000006],[-6.3751999999999995,36.1808000000006],[-6.2616,36.2376000000006],[-6.2616,36.2944000000006],[-6.2048,36.2944000000006],[-6.2048,36.28700000000076],[-6.202,36.28700000000076],[-6.202,36.24650000000076],[-6.080499999999999,36.24650000000076],[-6.080499999999999,36.2376000000006],[-6.0344,36.2376000000006],[-6.0344,36.206000000000756],[-5.999499999999999,36.206000000000756],[-5.999499999999999,36.08450000000076],[-5.959,36.08450000000076],[-5.959,36.0672000000006],[-5.8375,36.0672000000006],[-5.8375,36.08450000000076],[-5.756499999999999,36.08450000000076],[-5.756499999999999,36.0672000000006],[-5.2392,36.0672000000006],[-5.2392,36.003500000000756],[-5.23,36.003500000000756],[-5.23,35.92250000000076],[-5.295999999999999,35.92250000000076],[-5.295999999999999,35.8968000000006],[-5.4096,35.8968000000006]]],[[[-5.8341,49.93819999999906],[-5.8341,49.958499999999056],[-5.9965,49.958499999999056],[-6.016800000000001,49.91789999999906],[-6.0777,49.91789999999906],[-6.0777,49.87729999999906],[-6.1183000000000005,49.87729999999906],[-6.1183000000000005,49.836699999999055],[-6.179200000000001,49.836699999999055],[-6.179200000000001,49.81639999999906],[-6.240100000000001,49.81639999999906],[-6.240100000000001,49.79609999999906],[-6.3822,49.79609999999906],[-6.402500000000001,49.836699999999055],[-6.5040000000000004,49.836699999999055],[-6.5243,49.87729999999906],[-6.564900000000001,49.87729999999906],[-6.564900000000001,49.99909999999906],[-6.5243,49.99909999999906],[-6.5243,50.03969999999906],[-6.5040000000000004,50.03969999999906],[-6.5040000000000004,50.05999999999906],[-6.321300000000001,50.05999999999906],[-6.321300000000001,50.03969999999906],[-6.301,50.03969999999906],[-6.301,49.99909999999906],[-6.2198,49.99909999999906],[-6.2198,50.01939999999906],[-6.1589,50.01939999999906],[-6.1589,50.05999999999906],[-6.0777,50.05999999999906],[-6.0777,50.14119999999906],[-6.098000000000001,50.14119999999906],[-6.098000000000001,50.16149999999906],[-6.1386,50.16149999999906],[-6.1386,50.24269999999906],[-6.1589,50.24269999999906],[-6.1589,50.30359999999906],[-6.1386,50.30359999999906],[-6.1386,50.344199999999056],[-6.098000000000001,50.344199999999056],[-6.098000000000001,50.364499999999055],[-6.0777,50.364499999999055],[-6.0777,50.38479999999906],[-6.037100000000001,50.38479999999906],[-6.016800000000001,50.42539999999906],[-5.9762,50.42539999999906],[-5.9762,50.465999999999056],[-5.955900000000001,50.465999999999056],[-5.955900000000001,50.48629999999906],[-5.9153,50.48629999999906],[-5.9153,50.506599999999054],[-5.8544,50.506599999999054],[-5.8341,50.54719999999906],[-5.725559424980528,50.54719999999906],[-5.725559424980528,50.37200000000287],[-5.725559424980528,50.111279712493136],[-5.725559424980528,50.03000000000287],[-5.725559424980528,49.963500000002874],[-5.725559424980528,49.93819999999906],[-5.8341,49.93819999999906]],[[-6.3619,49.89759999999906],[-6.2807,49.89759999999906],[-6.2807,49.958499999999056],[-6.3619,49.958499999999056],[-6.3619,49.89759999999906]]],[[[-4.555200000000001,52.780199999999056],[-4.5349,52.780199999999056],[-4.5349,52.80049999999906],[-4.4131,52.80049999999906],[-4.392800000000001,52.75989999999906],[-4.453700000000001,52.75989999999906],[-4.453700000000001,52.73959999999906],[-4.555200000000001,52.73959999999906],[-4.555200000000001,52.780199999999056]]],[[[-2.8703000000000003,54.079399999999055],[-2.890600000000001,54.079399999999055],[-2.890600000000001,53.99819999999906],[-2.9312000000000005,53.99819999999906],[-2.9312000000000005,53.95759999999906],[-2.951500000000001,53.95759999999906],[-2.951500000000001,53.937299999999055],[-3.0124000000000013,53.937299999999055],[-3.0124000000000013,53.91699999999906],[-3.053000000000001,53.91699999999906],[-3.053000000000001,53.795199999999056],[-3.113900000000001,53.795199999999056],[-3.113900000000001,53.673399999999056],[-3.174800000000001,53.673399999999056],[-3.174800000000001,53.63279999999906],[-3.1951,53.63279999999906],[-3.1951,53.49069999999906],[-3.174800000000001,53.49069999999906],[-3.1951,53.36889999999906],[-3.174800000000001,53.36889999999906],[-3.174800000000001,53.34859999999906],[-3.1342,53.34859999999906],[-3.1342,53.32829999999906],[-3.174800000000001,53.32829999999906],[-3.174800000000001,53.307999999999055],[-3.276300000000001,53.307999999999055],[-3.276300000000001,53.32829999999906],[-3.3169000000000004,53.32829999999906],[-3.3169000000000004,53.34859999999906],[-3.4184,53.34859999999906],[-3.4184,53.32829999999906],[-3.4793000000000003,53.32829999999906],[-3.4793000000000003,53.307999999999055],[-3.499600000000001,53.307999999999055],[-3.499600000000001,53.32829999999906],[-3.560500000000001,53.32829999999906],[-3.560500000000001,53.307999999999055],[-3.7635000000000005,53.307999999999055],[-3.7635000000000005,53.32829999999906],[-3.8244000000000007,53.32829999999906],[-3.8244000000000007,53.34859999999906],[-3.9665,53.34859999999906],[-3.9665,53.307999999999055],[-4.047700000000001,53.307999999999055],[-4.047700000000001,53.32829999999906],[-4.108600000000001,53.32829999999906],[-4.108600000000001,53.34859999999906],[-4.2507,53.34859999999906],[-4.2507,53.38919999999906],[-4.2913000000000014,53.38919999999906],[-4.2913000000000014,53.429799999999055],[-4.474,53.429799999999055],[-4.474,53.409499999999056],[-4.5349,53.409499999999056],[-4.5349,53.38919999999906],[-4.5755,53.38919999999906],[-4.5755,53.34859999999906],[-4.656700000000001,53.32829999999906],[-4.656700000000001,53.24709999999906],[-4.5958000000000006,53.24709999999906],[-4.5958000000000006,53.18619999999906],[-4.5755,53.18619999999906],[-4.5958000000000006,53.064399999999054],[-4.5755,53.064399999999054],[-4.5755,53.00349999999906],[-4.5349,53.00349999999906],[-4.5349,52.98319999999906],[-4.5755,52.98319999999906],[-4.5755,52.94259999999906],[-4.5958000000000006,52.94259999999906],[-4.616100000000001,52.901999999999056],[-4.656700000000001,52.901999999999056],[-4.677000000000001,52.86139999999906],[-4.717600000000001,52.86139999999906],[-4.717600000000001,52.84109999999906],[-4.7379,52.84109999999906],[-4.7379,52.780199999999056],[-4.677000000000001,52.780199999999056],[-4.677000000000001,52.75989999999906],[-4.656700000000001,52.75989999999906],[-4.656700000000001,52.638099999999056],[-4.677000000000001,52.638099999999056],[-4.677000000000001,52.55689999999906],[-4.656700000000001,52.55689999999906],[-4.656700000000001,52.37419999999906],[-4.616100000000001,52.37419999999906],[-4.616100000000001,52.25239999999906],[-4.5755,52.23209999999906],[-4.5755,52.150899999999055],[-4.656700000000001,52.150899999999055],[-4.656700000000001,52.130599999999056],[-4.717600000000001,52.130599999999056],[-4.7379,52.08999999999906],[-4.778500000000001,52.08999999999906],[-4.778500000000001,52.06969999999906],[-4.7988,52.06969999999906],[-4.7988,52.04939999999905],[-4.900300000000001,52.04939999999905],[-4.900300000000001,52.02909999999906],[-5.083,52.02909999999906],[-5.083,51.96819999999906],[-5.1439,51.96819999999906],[-5.1642,51.92759999999906],[-5.265700000000001,51.92759999999906],[-5.265700000000001,51.907299999999054],[-5.326600000000001,51.907299999999054],[-5.326600000000001,51.82609999999906],[-5.2860000000000005,51.82609999999906],[-5.2860000000000005,51.744899999999056],[-5.265700000000001,51.744899999999056],[-5.265700000000001,51.72459999999906],[-5.2251,51.72459999999906],[-5.2251,51.70429999999906],[-5.1642,51.70429999999906],[-5.1642,51.68399999999906],[-5.103300000000001,51.68399999999906],[-5.103300000000001,51.64339999999906],[-5.083,51.64339999999906],[-5.083,51.623099999999056],[-4.9815000000000005,51.623099999999056],[-4.9815000000000005,51.60279999999906],[-4.8597,51.60279999999906],[-4.8597,51.623099999999056],[-4.819100000000001,51.623099999999056],[-4.819100000000001,51.64339999999906],[-4.7988,51.64339999999906],[-4.7988,51.623099999999056],[-4.7379,51.623099999999056],[-4.7379,51.64339999999906],[-4.717600000000001,51.64339999999906],[-4.717600000000001,51.623099999999056],[-4.6364,51.623099999999056],[-4.616100000000001,51.663699999999054],[-4.5349,51.663699999999054],[-4.5349,51.623099999999056],[-4.474,51.623099999999056],[-4.474,51.58249999999906],[-4.2913000000000014,51.58249999999906],[-4.271000000000001,51.54189999999906],[-4.1289,51.54189999999906],[-4.1289,51.58249999999906],[-4.108600000000001,51.58249999999906],[-4.108600000000001,51.56219999999906],[-4.0,51.56219999999906],[-4.0,51.5],[-5.725559424980528,51.5],[-5.725559424980528,51.42009999999906],[-5.732600000000001,51.42009999999906],[-5.732600000000001,51.44039999999906],[-5.8341,51.44039999999906],[-5.8341,51.48099999999906],[-5.8544,51.48099999999906],[-5.8544,51.501299999999056],[-5.8950000000000005,51.501299999999056],[-5.9153,51.54189999999906],[-5.955900000000001,51.54189999999906],[-5.955900000000001,51.56219999999906],[-6.037100000000001,51.56219999999906],[-6.037100000000001,51.58249999999906],[-6.1386,51.58249999999906],[-6.1386,51.60279999999906],[-6.2198,51.60279999999906],[-6.2198,51.623099999999056],[-6.260400000000001,51.623099999999056],[-6.2807,51.663699999999054],[-6.321300000000001,51.663699999999054],[-6.341600000000001,51.70429999999906],[-6.3822,51.70429999999906],[-6.3822,51.72459999999906],[-6.4431,51.72459999999906],[-6.4431,51.744899999999056],[-6.4634,51.744899999999056],[-6.4634,51.78549999999906],[-6.5040000000000004,51.78549999999906],[-6.5243,51.82609999999906],[-6.564900000000001,51.82609999999906],[-6.564900000000001,51.86669999999906],[-6.5852,51.86669999999906],[-6.5852,51.886999999999055],[-6.625800000000001,51.886999999999055],[-6.646100000000001,51.92759999999906],[-6.6867,51.92759999999906],[-6.6867,51.94789999999906],[-6.7273000000000005,51.96819999999906],[-6.7273000000000005,52.008799999999056],[-6.7679,52.008799999999056],[-6.7679,52.04939999999905],[-6.6867,52.06969999999906],[-6.6867,52.11029999999906],[-6.646100000000001,52.11029999999906],[-6.646100000000001,52.130599999999056],[-6.625800000000001,52.130599999999056],[-6.625800000000001,52.17119999999906],[-6.4431,52.17119999999906],[-6.4431,52.19149999999906],[-6.341600000000001,52.19149999999906],[-6.341600000000001,52.272699999999055],[-6.321300000000001,52.272699999999055],[-6.321300000000001,52.394499999999056],[-6.2807,52.394499999999056],[-6.2807,52.47569999999906],[-6.260400000000001,52.47569999999906],[-6.260400000000001,52.516299999999056],[-6.2198,52.516299999999056],[-6.2198,52.638099999999056],[-6.1995000000000005,52.638099999999056],[-6.1995000000000005,52.69899999999906],[-6.1589,52.69899999999906],[-6.1589,52.71929999999906],[-6.1386,52.71929999999906],[-6.1386,52.82079999999905],[-6.098000000000001,52.82079999999905],[-6.0777,52.86139999999906],[-6.037100000000001,52.86139999999906],[-6.037100000000001,52.922299999999055],[-6.016800000000001,52.922299999999055],[-6.016800000000001,53.023799999999056],[-6.037100000000001,53.023799999999056],[-6.037100000000001,53.34859999999906],[-6.0777,53.34859999999906],[-6.0777,53.409499999999056],[-5.9762,53.409499999999056],[-5.9762,53.53129999999906],[-6.016800000000001,53.53129999999906],[-6.016800000000001,53.551599999999056],[-6.037100000000001,53.551599999999056],[-6.037100000000001,53.59219999999905],[-6.016800000000001,53.59219999999905],[-6.016800000000001,53.57189999999906],[-5.874700000000001,53.57189999999906],[-5.874700000000001,53.551599999999056],[-5.8138000000000005,53.551599999999056],[-5.8138000000000005,53.53129999999906],[-5.6717,53.53129999999906],[-5.651400000000001,53.57189999999906],[-5.5905000000000005,53.57189999999906],[-5.5905000000000005,53.59219999999905],[-5.549900000000001,53.59219999999905],[-5.549900000000001,53.61249999999906],[-5.489000000000001,53.61249999999906],[-5.4687,53.65309999999906],[-5.428100000000001,53.65309999999906],[-5.407800000000001,53.693699999999055],[-5.346900000000001,53.693699999999055],[-5.346900000000001,53.71399999999906],[-5.3063,53.71399999999906],[-5.3063,53.73429999999906],[-5.245400000000001,53.73429999999906],[-5.245400000000001,53.77489999999906],[-5.1642,53.815499999999055],[-5.1642,53.85609999999906],[-5.0627,53.85609999999906],[-5.0627,53.87639999999906],[-5.042400000000001,53.87639999999906],[-5.042400000000001,53.95759999999906],[-5.0018,53.95759999999906],[-5.0018,54.01849999999906],[-4.9815000000000005,54.01849999999906],[-4.9815000000000005,54.03879999999906],[-4.940900000000001,54.03879999999906],[-4.940900000000001,54.079399999999055],[-4.9206,54.079399999999055],[-4.9206,54.09969999999906],[-4.839400000000001,54.09969999999906],[-4.839400000000001,54.059099999999056],[-4.7379,54.059099999999056],[-4.7379,54.079399999999055],[-4.5958000000000006,54.079399999999055],[-4.5958000000000006,54.09969999999906],[-4.5349,54.09969999999906],[-4.5349,54.11999999999906],[-4.494300000000001,54.11999999999906],[-4.474,54.16059999999906],[-4.4131,54.16059999999906],[-4.4131,54.201199999999055],[-4.3522,54.201199999999055],[-4.3522,54.221499999999054],[-4.108600000000001,54.221499999999054],[-4.108600000000001,54.201199999999055],[-3.9665,54.201199999999055],[-3.9665,54.180899999999056],[-3.9055999999999997,54.180899999999056],[-3.9055999999999997,54.16059999999906],[-3.865,54.16059999999906],[-3.865,54.14029999999906],[-3.722900000000001,54.14029999999906],[-3.722900000000001,54.11999999999906],[-3.6823000000000015,54.11999999999906],[-3.6823000000000015,54.09969999999906],[-3.4793000000000003,54.09969999999906],[-3.4793000000000003,54.079399999999055],[-3.2357000000000014,54.079399999999055],[-3.2357000000000014,54.059099999999056],[-3.1545000000000005,54.059099999999056],[-3.1545000000000005,54.09969999999906],[-3.0936000000000003,54.09969999999906],[-3.0936000000000003,54.14029999999906],[-2.890600000000001,54.14029999999906],[-2.890600000000001,54.11999999999906],[-2.8703000000000003,54.11999999999906],[-2.8703000000000003,54.079399999999055]]],[[[-5.570200000000001,54.38389999999906],[-5.5296,54.38389999999906],[-5.5093000000000005,54.30269999999906],[-5.549900000000001,54.322999999999055],[-5.549900000000001,54.36359999999905],[-5.5905000000000005,54.36359999999905],[-5.5905000000000005,54.38389999999906],[-5.651400000000001,54.38389999999906],[-5.651400000000001,54.40419999999906],[-5.570200000000001,54.40419999999906],[-5.570200000000001,54.38389999999906]]],[[[-1.3681,55.03349999999906],[-1.286900000000001,55.03349999999906],[-1.286900000000001,55.01319999999906],[-1.2666000000000004,55.01319999999906],[-1.2666000000000004,54.972599999999055],[-1.2260000000000009,54.972599999999055],[-1.2260000000000009,54.91169999999906],[-1.286900000000001,54.91169999999906],[-1.286900000000001,54.93199999999906],[-1.3072000000000017,54.93199999999906],[-1.3072000000000017,54.972599999999055],[-1.3681,54.972599999999055],[-1.3681,55.03349999999906]]],[[[-6.1183000000000005,55.52069999999906],[-6.1183000000000005,55.50039999999906],[-5.7732,55.50039999999906],[-5.7732,55.480099999999055],[-5.7529,55.480099999999055],[-5.7529,55.39889999999906],[-5.7732,55.39889999999906],[-5.7732,55.378599999999054],[-5.8138000000000005,55.378599999999054],[-5.8138000000000005,55.29739999999906],[-5.6717,55.29739999999906],[-5.6717,55.31769999999906],[-5.651400000000001,55.31769999999906],[-5.651400000000001,55.29739999999906],[-5.549900000000001,55.29739999999906],[-5.549900000000001,55.337999999999056],[-5.5093000000000005,55.337999999999056],[-5.5093000000000005,55.29739999999906],[-5.4484,55.29739999999906],[-5.4484,55.27709999999906],[-5.407800000000001,55.27709999999906],[-5.407800000000001,55.17559999999906],[-5.3875,55.17559999999906],[-5.3875,55.15529999999906],[-5.346900000000001,55.15529999999906],[-5.326600000000001,55.074099999999056],[-5.2251,55.074099999999056],[-5.2048000000000005,55.03349999999906],[-5.1439,55.03349999999906],[-5.1439,55.01319999999906],[-5.1642,55.01319999999906],[-5.1642,54.87109999999906],[-5.1439,54.87109999999906],[-5.1439,54.850799999999055],[-5.103300000000001,54.850799999999055],[-5.083,54.81019999999906],[-5.042400000000001,54.81019999999906],[-5.042400000000001,54.78989999999906],[-5.022100000000001,54.78989999999906],[-5.022100000000001,54.74929999999905],[-4.9815000000000005,54.74929999999905],[-4.9815000000000005,54.66809999999906],[-4.880000000000001,54.66809999999906],[-4.880000000000001,54.708699999999055],[-4.819100000000001,54.708699999999055],[-4.819100000000001,54.72899999999906],[-4.5349,54.72899999999906],[-4.5349,54.708699999999055],[-4.474,54.708699999999055],[-4.474,54.688399999999056],[-4.3725000000000005,54.688399999999056],[-4.3725000000000005,54.708699999999055],[-4.3116,54.708699999999055],[-4.3116,54.74929999999905],[-4.2913000000000014,54.74929999999905],[-4.2913000000000014,54.72899999999906],[-4.169500000000001,54.72899999999906],[-4.169500000000001,54.74929999999905],[-3.9868000000000006,54.74929999999905],[-3.9868000000000006,54.76959999999906],[-3.9259000000000004,54.76959999999906],[-3.9259000000000004,54.78989999999906],[-3.885300000000001,54.78989999999906],[-3.885300000000001,54.81019999999906],[-3.865,54.81019999999906],[-3.865,54.830499999999056],[-3.8244000000000007,54.830499999999056],[-3.8041,54.87109999999906],[-3.6214000000000013,54.87109999999906],[-3.6214000000000013,54.89139999999906],[-3.5808,54.89139999999906],[-3.5808,54.952299999999056],[-3.4590000000000014,54.952299999999056],[-3.4387000000000008,54.992899999999054],[-3.4184,54.992899999999054],[-3.4184,54.972599999999055],[-3.174800000000001,54.972599999999055],[-3.174800000000001,54.93199999999906],[-3.2966000000000015,54.93199999999906],[-3.2966000000000015,54.89139999999906],[-3.3778000000000006,54.89139999999906],[-3.3778000000000006,54.87109999999906],[-3.4184,54.87109999999906],[-3.4387000000000008,54.74929999999905],[-3.4793000000000003,54.74929999999905],[-3.4793000000000003,54.72899999999906],[-3.499600000000001,54.72899999999906],[-3.499600000000001,54.688399999999056],[-3.5402000000000005,54.688399999999056],[-3.5402000000000005,54.66809999999906],[-3.560500000000001,54.66809999999906],[-3.560500000000001,54.607199999999054],[-3.6011000000000006,54.607199999999054],[-3.6214000000000013,54.52599999999906],[-3.662000000000001,54.52599999999906],[-3.662000000000001,54.48539999999906],[-3.6823000000000015,54.48539999999906],[-3.6823000000000015,54.566599999999056],[-3.8447000000000013,54.566599999999056],[-3.8447000000000013,54.50569999999906],[-3.8041,54.50569999999906],[-3.8041,54.48539999999906],[-3.783800000000001,54.48539999999906],[-3.8041,54.40419999999906],[-3.9259000000000004,54.40419999999906],[-3.9259000000000004,54.38389999999906],[-3.9868000000000006,54.38389999999906],[-3.9868000000000006,54.36359999999905],[-4.108600000000001,54.36359999999905],[-4.108600000000001,54.34329999999906],[-4.169500000000001,54.34329999999906],[-4.169500000000001,54.36359999999905],[-4.3725000000000005,54.36359999999905],[-4.3725000000000005,54.40419999999906],[-4.474,54.40419999999906],[-4.474,54.38389999999906],[-4.5146,54.38389999999906],[-4.5146,54.36359999999905],[-4.5755,54.36359999999905],[-4.5958000000000006,54.322999999999055],[-4.819100000000001,54.322999999999055],[-4.819100000000001,54.34329999999906],[-4.8597,54.34329999999906],[-4.8597,54.36359999999905],[-4.880000000000001,54.36359999999905],[-4.880000000000001,54.40419999999906],[-4.9206,54.40419999999906],[-4.9206,54.444799999999056],[-4.940900000000001,54.444799999999056],[-4.940900000000001,54.465099999999055],[-4.9815000000000005,54.465099999999055],[-4.9815000000000005,54.48539999999906],[-5.042400000000001,54.48539999999906],[-5.042400000000001,54.465099999999055],[-5.083,54.465099999999055],[-5.103300000000001,54.42449999999906],[-5.1439,54.42449999999906],[-5.1439,54.40419999999906],[-5.2048000000000005,54.40419999999906],[-5.2048000000000005,54.38389999999906],[-5.245400000000001,54.38389999999906],[-5.245400000000001,54.40419999999906],[-5.346900000000001,54.40419999999906],[-5.346900000000001,54.38389999999906],[-5.3672,54.38389999999906],[-5.3672,54.40419999999906],[-5.407800000000001,54.40419999999906],[-5.428100000000001,54.48539999999906],[-5.4687,54.48539999999906],[-5.4687,54.607199999999054],[-5.489000000000001,54.607199999999054],[-5.489000000000001,54.64779999999906],[-5.549900000000001,54.64779999999906],[-5.549900000000001,54.708699999999055],[-5.5905000000000005,54.708699999999055],[-5.5905000000000005,54.72899999999906],[-5.651400000000001,54.72899999999906],[-5.6717,54.81019999999906],[-5.712300000000001,54.81019999999906],[-5.712300000000001,54.850799999999055],[-5.7732,54.850799999999055],[-5.7732,54.81019999999906],[-5.793500000000001,54.81019999999906],[-5.793500000000001,54.87109999999906],[-5.8341,54.87109999999906],[-5.8341,54.89139999999906],[-5.8950000000000005,54.89139999999906],[-5.9153,55.01319999999906],[-5.9762,55.01319999999906],[-5.9762,55.074099999999056],[-6.037100000000001,55.074099999999056],[-6.037100000000001,55.19589999999906],[-6.0777,55.19589999999906],[-6.0777,55.216199999999056],[-6.564900000000001,55.236499999999054],[-6.564900000000001,55.216199999999056],[-6.6664,55.216199999999056],[-6.6664,55.19589999999906],[-6.7273000000000005,55.19589999999906],[-6.7273000000000005,55.216199999999056],[-6.7679,55.216199999999056],[-6.7679,55.236499999999054],[-6.9506000000000006,55.236499999999054],[-6.9506000000000006,55.25679999999906],[-7.0724,55.25679999999906],[-7.0724,55.27709999999906],[-7.1333,55.27709999999906],[-7.1333,55.29739999999906],[-7.153600000000001,55.29739999999906],[-7.153600000000001,55.337999999999056],[-7.1942,55.337999999999056],[-7.1942,55.358299999999055],[-7.316000000000001,55.358299999999055],[-7.316000000000001,55.378599999999054],[-7.3769,55.378599999999054],[-7.3769,55.358299999999055],[-7.4581,55.358299999999055],[-7.4581,55.39889999999906],[-7.4987,55.39889999999906],[-7.4987,55.50039999999906],[-7.4581,55.50039999999906],[-7.4581,55.56129999999906],[-7.4378,55.56129999999906],[-7.4378,55.601899999999056],[-7.397200000000001,55.601899999999056],[-7.397200000000001,55.64249999999906],[-7.3769,55.64249999999906],[-7.3769,55.70339999999906],[-7.3363000000000005,55.70339999999906],[-7.3363000000000005,55.764299999999054],[-7.397200000000001,55.764299999999054],[-7.397200000000001,55.80489999999906],[-7.3769,55.80489999999906],[-7.3769,55.82519999999906],[-7.3363000000000005,55.82519999999906],[-7.316000000000001,55.865799999999055],[-7.2551000000000005,55.865799999999055],[-7.2551000000000005,55.88609999999906],[-7.1942,55.88609999999906],[-7.1942,55.90639999999906],[-7.092700000000001,55.90639999999906],[-7.0724,55.94699999999906],[-6.849100000000001,55.94699999999906],[-6.849100000000001,55.96729999999906],[-6.7679,55.96729999999906],[-6.7679,55.987599999999055],[-6.6664,55.987599999999055],[-6.6664,55.96729999999906],[-6.625800000000001,55.96729999999906],[-6.625800000000001,55.94699999999906],[-6.544600000000001,55.94699999999906],[-6.544600000000001,55.92669999999906],[-6.5040000000000004,55.92669999999906],[-6.5040000000000004,55.90639999999906],[-6.4431,55.90639999999906],[-6.4431,55.865799999999055],[-6.4228000000000005,55.865799999999055],[-6.4228000000000005,55.845499999999056],[-6.483700000000001,55.845499999999056],[-6.483700000000001,55.723699999999056],[-6.5040000000000004,55.723699999999056],[-6.5040000000000004,55.66279999999906],[-6.4431,55.66279999999906],[-6.4228000000000005,55.622199999999054],[-6.321300000000001,55.622199999999054],[-6.321300000000001,55.58159999999906],[-6.1386,55.58159999999906],[-6.1386,55.52069999999906],[-6.1183000000000005,55.52069999999906]]],[[[-1.1042000000000005,55.601899999999056],[-1.1042000000000005,55.56129999999906],[-1.1651000000000007,55.56129999999906],[-1.1651000000000007,55.39889999999906],[-1.2057000000000002,55.39889999999906],[-1.2057000000000002,55.29739999999906],[-1.2260000000000009,55.29739999999906],[-1.2260000000000009,55.27709999999906],[-1.3275000000000006,55.27709999999906],[-1.3275000000000006,55.236499999999054],[-1.4087000000000014,55.236499999999054],[-1.4087000000000014,55.216199999999056],[-1.4696000000000016,55.216199999999056],[-1.4899000000000004,55.337999999999056],[-1.5305,55.337999999999056],[-1.5305,55.41919999999906],[-1.5914000000000001,55.41919999999906],[-1.5914000000000001,55.480099999999055],[-1.6117000000000008,55.480099999999055],[-1.6117000000000008,55.50039999999906],[-1.5914000000000001,55.50039999999906],[-1.5914000000000001,55.56129999999906],[-1.6523000000000003,55.56129999999906],[-1.6523000000000003,55.601899999999056],[-1.672600000000001,55.601899999999056],[-1.672600000000001,55.66279999999906],[-1.7132000000000005,55.66279999999906],[-1.7132000000000005,55.68309999999906],[-1.7741000000000007,55.68309999999906],[-1.7944000000000013,55.723699999999056],[-1.8553000000000015,55.723699999999056],[-1.8553000000000015,55.764299999999054],[-1.895900000000001,55.764299999999054],[-1.895900000000001,55.78459999999906],[-1.9162,55.78459999999906],[-1.9162,55.80489999999906],[-1.9568000000000012,55.80489999999906],[-1.9568000000000012,55.82519999999906],[-2.0786000000000016,55.845499999999056],[-2.0786000000000016,55.90639999999906],[-2.0989000000000004,55.90639999999906],[-2.0989000000000004,55.92669999999906],[-2.1395,55.92669999999906],[-2.1395,55.94699999999906],[-1.8756000000000004,55.94699999999906],[-1.8756000000000004,55.92669999999906],[-1.8350000000000009,55.92669999999906],[-1.8350000000000009,55.865799999999055],[-1.7741000000000007,55.865799999999055],[-1.7741000000000007,55.845499999999056],[-1.7132000000000005,55.845499999999056],[-1.7132000000000005,55.82519999999906],[-1.5508000000000006,55.82519999999906],[-1.5305,55.865799999999055],[-1.4087000000000014,55.865799999999055],[-1.4087000000000014,55.90639999999906],[-1.1448,55.90639999999906],[-1.1448,55.88609999999906],[-1.1651000000000007,55.88609999999906],[-1.1651000000000007,55.82519999999906],[-1.0839000000000016,55.78459999999906],[-1.0839000000000016,55.743999999999055],[-1.0433000000000003,55.743999999999055],[-1.0433000000000003,55.68309999999906],[-1.1448,55.68309999999906],[-1.1448,55.622199999999054],[-1.0839000000000016,55.622199999999054],[-1.0839000000000016,55.601899999999056],[-1.1042000000000005,55.601899999999056]]],[[[-3.3575,56.007899999999054],[-3.3575,55.987599999999055],[-3.499600000000001,55.987599999999055],[-3.499600000000001,56.007899999999054],[-3.5808,56.007899999999054],[-3.5808,56.02819999999906],[-3.2560000000000002,56.02819999999906],[-3.2560000000000002,56.04849999999906],[-3.1342,56.04849999999906],[-3.1342,56.02819999999906],[-3.174800000000001,56.02819999999906],[-3.174800000000001,56.007899999999054],[-3.2560000000000002,56.007899999999054],[-3.2560000000000002,55.96729999999906],[-3.276300000000001,55.96729999999906],[-3.276300000000001,56.007899999999054],[-3.3575,56.007899999999054]]],[[[-5.793500000000001,55.987599999999055],[-5.793500000000001,56.02819999999906],[-5.712300000000001,56.06879999999906],[-5.712300000000001,56.129699999999055],[-5.793500000000001,56.129699999999055],[-5.793500000000001,56.17029999999906],[-5.712300000000001,56.17029999999906],[-5.712300000000001,56.231199999999056],[-5.651400000000001,56.231199999999056],[-5.651400000000001,56.17029999999906],[-5.5905000000000005,56.17029999999906],[-5.5905000000000005,56.129699999999055],[-5.570200000000001,56.129699999999055],[-5.570200000000001,56.08909999999906],[-5.5905000000000005,56.08909999999906],[-5.5905000000000005,56.06879999999906],[-5.631100000000001,56.06879999999906],[-5.631100000000001,56.04849999999906],[-5.651400000000001,56.04849999999906],[-5.651400000000001,56.007899999999054],[-5.692,56.007899999999054],[-5.692,55.88609999999906],[-5.712300000000001,55.88609999999906],[-5.712300000000001,55.865799999999055],[-5.7529,55.865799999999055],[-5.7529,55.845499999999056],[-5.8544,55.845499999999056],[-5.8544,55.94699999999906],[-5.8341,55.94699999999906],[-5.8341,55.987599999999055],[-5.793500000000001,55.987599999999055]]],[[[-2.6064000000000007,56.27179999999906],[-2.504900000000001,56.27179999999906],[-2.504900000000001,56.231199999999056],[-2.5455000000000005,56.231199999999056],[-2.5455000000000005,56.251499999999055],[-2.6064000000000007,56.251499999999055],[-2.6064000000000007,56.27179999999906]]],[[[-6.483700000000001,56.251499999999055],[-6.5040000000000004,56.251499999999055],[-6.5243,56.29209999999906],[-6.5852,56.29209999999906],[-6.5852,56.31239999999906],[-6.564900000000001,56.31239999999906],[-6.564900000000001,56.35299999999906],[-6.5243,56.35299999999906],[-6.5243,56.373299999999055],[-6.4431,56.373299999999055],[-6.4431,56.35299999999906],[-6.4228000000000005,56.35299999999906],[-6.4228000000000005,56.33269999999906],[-6.4431,56.33269999999906],[-6.4431,56.27179999999906],[-6.483700000000001,56.27179999999906],[-6.483700000000001,56.251499999999055]]],[[[-3.0327,56.43419999999906],[-2.9718,56.43419999999906],[-2.951500000000001,56.47479999999906],[-2.7485,56.47479999999906],[-2.7485,56.45449999999906],[-2.6876000000000015,56.45449999999906],[-2.7079000000000004,56.41389999999906],[-2.7891000000000012,56.41389999999906],[-2.7891000000000012,56.43419999999906],[-2.951500000000001,56.43419999999906],[-2.951500000000001,56.41389999999906],[-3.0327,56.41389999999906],[-3.0327,56.43419999999906]]],[[[-6.3619,56.495099999999056],[-6.5040000000000004,56.495099999999056],[-6.5040000000000004,56.53569999999905],[-6.5243,56.53569999999905],[-6.5243,56.59659999999906],[-6.5040000000000004,56.59659999999906],[-6.5040000000000004,56.637199999999055],[-6.4634,56.637199999999055],[-6.4431,56.71839999999906],[-6.240100000000001,56.71839999999906],[-6.240100000000001,56.69809999999906],[-6.301,56.69809999999906],[-6.301,56.65749999999906],[-6.321300000000001,56.65749999999906],[-6.321300000000001,56.53569999999905],[-6.3619,56.53569999999905],[-6.3619,56.495099999999056]]],[[[-6.6867,57.06349999999906],[-6.6055,57.06349999999906],[-6.6055,57.022899999999055],[-6.6867,57.022899999999055],[-6.6867,57.06349999999906]]],[[[-0.9012000000000011,57.510099999999056],[-0.8403000000000009,57.510099999999056],[-0.8403000000000009,57.48979999999906],[-0.7388000000000012,57.48979999999906],[-0.7388000000000012,57.46949999999906],[-0.6779000000000011,57.46949999999906],[-0.6779000000000011,57.44919999999906],[-0.5358,57.44919999999906],[-0.5358,57.42889999999906],[-0.47490000000000165,57.42889999999906],[-0.47490000000000165,57.408599999999055],[-0.33280000000000065,57.408599999999055],[-0.33280000000000065,57.388299999999056],[-0.2110000000000003,57.388299999999056],[-0.2110000000000003,57.36799999999906],[-0.1095000000000006,57.36799999999906],[-0.1095000000000006,57.32739999999906],[-0.15010000000000012,57.32739999999906],[-0.15010000000000012,57.30709999999905],[-0.2110000000000003,57.30709999999905],[-0.23130000000000095,57.266499999999056],[-0.33280000000000065,57.266499999999056],[-0.33280000000000065,57.24619999999906],[-0.3937000000000008,57.24619999999906],[-0.3937000000000008,57.22589999999906],[-0.5561000000000007,57.22589999999906],[-0.5561000000000007,57.20559999999906],[-0.5967000000000002,57.20559999999906],[-0.5967000000000002,57.18529999999906],[-0.6576000000000004,57.18529999999906],[-0.6779000000000011,57.144699999999055],[-0.7185000000000006,57.144699999999055],[-0.7185000000000006,57.08379999999906],[-0.6779000000000011,57.08379999999906],[-0.6576000000000004,57.04319999999906],[-0.6170000000000009,57.04319999999906],[-0.6170000000000009,57.022899999999055],[-0.6576000000000004,57.022899999999055],[-0.6576000000000004,56.98229999999906],[-0.7185000000000006,56.98229999999906],[-0.7185000000000006,56.901099999999055],[-0.8606000000000016,56.901099999999055],[-0.8606000000000016,56.86049999999906],[-0.9215,56.86049999999906],[-0.9215,56.84019999999906],[-0.9621000000000013,56.84019999999906],[-0.9621000000000013,56.81989999999906],[-1.0230000000000015,56.81989999999906],[-1.0230000000000015,56.779299999999054],[-1.0839000000000016,56.779299999999054],[-1.1042000000000005,56.738699999999056],[-1.1448,56.738699999999056],[-1.1448,56.69809999999906],[-1.2666000000000004,56.67779999999906],[-1.286900000000001,56.637199999999055],[-1.3275000000000006,56.637199999999055],[-1.3275000000000006,56.616899999999056],[-1.3478000000000012,56.616899999999056],[-1.3478000000000012,56.55599999999906],[-1.3275000000000006,56.55599999999906],[-1.3275000000000006,56.495099999999056],[-1.3478000000000012,56.495099999999056],[-1.3478000000000012,56.45449999999906],[-1.449300000000001,56.45449999999906],[-1.449300000000001,56.43419999999906],[-1.5305,56.43419999999906],[-1.5305,56.393599999999054],[-1.5914000000000001,56.393599999999054],[-1.5914000000000001,56.33269999999906],[-1.6117000000000008,56.33269999999906],[-1.6117000000000008,56.35299999999906],[-1.672600000000001,56.35299999999906],[-1.672600000000001,56.373299999999055],[-1.7538,56.373299999999055],[-1.7538,56.31239999999906],[-1.8350000000000009,56.31239999999906],[-1.8350000000000009,56.35299999999906],[-1.7741000000000007,56.35299999999906],[-1.7741000000000007,56.41389999999906],[-1.7944000000000013,56.41389999999906],[-1.7944000000000013,56.43419999999906],[-1.8350000000000009,56.43419999999906],[-1.8350000000000009,56.45449999999906],[-1.9568000000000012,56.45449999999906],[-1.9568000000000012,56.495099999999056],[-2.0177000000000014,56.495099999999056],[-2.0177000000000014,56.41389999999906],[-2.1395,56.43419999999906],[-2.1395,56.41389999999906],[-2.2004,56.41389999999906],[-2.2004,56.373299999999055],[-2.3831000000000007,56.373299999999055],[-2.3831000000000007,56.41389999999906],[-2.444000000000001,56.41389999999906],[-2.444000000000001,56.393599999999054],[-2.504900000000001,56.393599999999054],[-2.504900000000001,56.41389999999906],[-2.6064000000000007,56.41389999999906],[-2.6064000000000007,56.45449999999906],[-2.5861,56.45449999999906],[-2.5861,56.47479999999906],[-2.5455000000000005,56.47479999999906],[-2.5252,56.55599999999906],[-2.4643000000000015,56.55599999999906],[-2.4643000000000015,56.59659999999906],[-2.444000000000001,56.59659999999906],[-2.444000000000001,56.67779999999906],[-2.3831000000000007,56.67779999999906],[-2.3831000000000007,56.71839999999906],[-2.342500000000001,56.71839999999906],[-2.3222000000000005,56.79959999999906],[-2.2613000000000003,56.79959999999906],[-2.2613000000000003,56.81989999999906],[-2.220700000000001,56.81989999999906],[-2.220700000000001,56.880799999999056],[-2.2004,56.880799999999056],[-2.2004,56.92139999999905],[-2.1598000000000006,56.92139999999905],[-2.1598000000000006,56.96199999999906],[-2.1395,56.96199999999906],[-2.1395,57.04319999999906],[-2.0786000000000016,57.04319999999906],[-2.0786000000000016,57.164999999999054],[-2.0177000000000014,57.164999999999054],[-2.0177000000000014,57.22589999999906],[-1.9771,57.22589999999906],[-1.9771,57.30709999999905],[-1.9162,57.30709999999905],[-1.9162,57.32739999999906],[-1.895900000000001,57.32739999999906],[-1.895900000000001,57.388299999999056],[-1.8553000000000015,57.388299999999056],[-1.8350000000000009,57.42889999999906],[-1.7944000000000013,57.42889999999906],[-1.7944000000000013,57.44919999999906],[-1.7741000000000007,57.44919999999906],[-1.7741000000000007,57.510099999999056],[-1.7944000000000013,57.510099999999056],[-1.7944000000000013,57.550699999999054],[-1.8350000000000009,57.550699999999054],[-1.8350000000000009,57.63189999999906],[-1.895900000000001,57.63189999999906],[-1.9162,57.672499999999054],[-1.9771,57.672499999999054],[-1.9771,57.69279999999905],[-2.0786000000000016,57.69279999999905],[-2.0786000000000016,57.81459999999906],[-1.9771,57.81459999999906],[-1.9771,57.83489999999906],[-1.895900000000001,57.83489999999906],[-1.895900000000001,57.85519999999906],[-1.5508000000000006,57.85519999999906],[-1.5508000000000006,57.87549999999906],[-1.4696000000000016,57.87549999999906],[-1.4696000000000016,57.895799999999056],[-1.4087000000000014,57.895799999999056],[-1.4087000000000014,57.85519999999906],[-1.3275000000000006,57.85519999999906],[-1.3275000000000006,57.83489999999906],[-1.2666000000000004,57.83489999999906],[-1.2666000000000004,57.81459999999906],[-1.1448,57.81459999999906],[-1.1448,57.794299999999055],[-1.1042000000000005,57.794299999999055],[-1.1042000000000005,57.773999999999056],[-1.0230000000000015,57.773999999999056],[-1.0230000000000015,57.75369999999906],[-0.9824000000000002,57.75369999999906],[-0.9824000000000002,57.69279999999905],[-1.0433000000000003,57.69279999999905],[-1.0433000000000003,57.672499999999054],[-1.0839000000000016,57.672499999999054],[-1.0839000000000016,57.652199999999056],[-1.1042000000000005,57.652199999999056],[-1.1042000000000005,57.61159999999906],[-1.1448,57.61159999999906],[-1.1448,57.530399999999055],[-0.9012000000000011,57.530399999999055],[-0.9012000000000011,57.510099999999056]],[[-1.449300000000001,56.59659999999906],[-1.449300000000001,56.53569999999905],[-1.3681,56.53569999999905],[-1.3681,56.59659999999906],[-1.449300000000001,56.59659999999906]],[[-1.7538,56.45449999999906],[-1.7538,56.393599999999054],[-1.672600000000001,56.393599999999054],[-1.672600000000001,56.45449999999906],[-1.7538,56.45449999999906]]],[[[-3.9868000000000006,57.652199999999056],[-3.9868000000000006,57.63189999999906],[-3.9665,57.63189999999906],[-3.9665,57.59129999999906],[-4.047700000000001,57.59129999999906],[-4.047700000000001,57.550699999999054],[-4.1289,57.550699999999054],[-4.1289,57.59129999999906],[-4.108600000000001,57.59129999999906],[-4.108600000000001,57.61159999999906],[-4.068000000000001,57.61159999999906],[-4.047700000000001,57.652199999999056],[-3.9868000000000006,57.652199999999056]]],[[[-6.646100000000001,57.73339999999906],[-6.646100000000001,57.75369999999906],[-6.625800000000001,57.75369999999906],[-6.625800000000001,57.81459999999906],[-6.646100000000001,57.81459999999906],[-6.646100000000001,57.85519999999906],[-6.625800000000001,57.85519999999906],[-6.625800000000001,57.87549999999906],[-6.5852,57.87549999999906],[-6.5852,57.916099999999055],[-6.4634,57.936399999999054],[-6.4634,57.95669999999906],[-6.3822,57.95669999999906],[-6.3822,57.936399999999054],[-6.3619,57.936399999999054],[-6.3619,57.895799999999056],[-6.260400000000001,57.895799999999056],[-6.260400000000001,57.85519999999906],[-6.240100000000001,57.85519999999906],[-6.240100000000001,57.71309999999906],[-6.301,57.71309999999906],[-6.301,57.69279999999905],[-6.3619,57.69279999999905],[-6.3619,57.672499999999054],[-6.4431,57.672499999999054],[-6.4431,57.69279999999905],[-6.544600000000001,57.69279999999905],[-6.544600000000001,57.63189999999906],[-6.564900000000001,57.63189999999906],[-6.564900000000001,57.61159999999906],[-6.6867,57.61159999999906],[-6.6867,57.59129999999906],[-6.707000000000001,57.59129999999906],[-6.707000000000001,57.71309999999906],[-6.7273000000000005,57.71309999999906],[-6.7273000000000005,57.73339999999906],[-6.646100000000001,57.73339999999906]]],[[[-5.4687,58.301799999999055],[-5.3875,58.301799999999055],[-5.3875,58.24089999999906],[-5.4687,58.24089999999906],[-5.4687,58.301799999999055]]],[[[-6.179200000000001,58.545399999999056],[-6.1386,58.545399999999056],[-6.1386,58.46419999999905],[-6.1995000000000005,58.46419999999905],[-6.1995000000000005,58.50479999999906],[-6.260400000000001,58.50479999999906],[-6.260400000000001,58.52509999999906],[-6.3822,58.50479999999906],[-6.3822,58.52509999999906],[-6.402500000000001,58.52509999999906],[-6.402500000000001,58.60629999999906],[-6.341600000000001,58.60629999999906],[-6.341600000000001,58.62659999999906],[-6.240100000000001,58.62659999999906],[-6.240100000000001,58.60629999999906],[-6.1995000000000005,58.60629999999906],[-6.1995000000000005,58.565699999999055],[-6.179200000000001,58.565699999999055],[-6.179200000000001,58.545399999999056]]],[[[-3.6417,58.829599999999054],[-3.6214000000000013,58.87019999999906],[-3.5199,58.87019999999906],[-3.5199,58.89049999999906],[-3.4387000000000008,58.89049999999906],[-3.4387000000000008,58.87019999999906],[-3.3778000000000006,58.87019999999906],[-3.3778000000000006,58.829599999999054],[-3.3169000000000004,58.829599999999054],[-3.3169000000000004,58.78899999999906],[-3.0936000000000003,58.78899999999906],[-3.0936000000000003,58.809299999999055],[-3.0733000000000015,58.809299999999055],[-3.0733000000000015,58.78899999999906],[-2.9921000000000006,58.78899999999906],[-2.9921000000000006,58.74839999999906],[-2.9109,58.74839999999906],[-2.9109,58.76869999999906],[-2.8094,58.76869999999906],[-2.8094,58.74839999999906],[-2.7485,58.74839999999906],[-2.7485,58.707799999999054],[-2.7079000000000004,58.707799999999054],[-2.6876000000000015,58.667199999999056],[-2.6470000000000002,58.667199999999056],[-2.6267000000000014,58.62659999999906],[-2.565800000000001,58.62659999999906],[-2.565800000000001,58.565699999999055],[-2.5861,58.565699999999055],[-2.5861,58.48449999999906],[-2.565800000000001,58.48449999999906],[-2.565800000000001,58.443899999999054],[-2.6267000000000014,58.443899999999054],[-2.6267000000000014,58.38299999999906],[-2.5861,58.38299999999906],[-2.565800000000001,58.34239999999906],[-2.6876000000000015,58.34239999999906],[-2.6876000000000015,58.322099999999054],[-2.7688000000000006,58.322099999999054],[-2.7688000000000006,58.301799999999055],[-2.9312000000000005,58.301799999999055],[-2.9312000000000005,58.281499999999056],[-3.1545000000000005,58.281499999999056],[-3.1545000000000005,58.301799999999055],[-3.1951,58.301799999999055],[-3.1951,58.322099999999054],[-3.1342,58.322099999999054],[-3.1342,58.34239999999906],[-3.0936000000000003,58.34239999999906],[-3.0936000000000003,58.423599999999055],[-3.0733000000000015,58.423599999999055],[-3.0733000000000015,58.443899999999054],[-3.0327,58.443899999999054],[-3.0327,58.52509999999906],[-3.0936000000000003,58.52509999999906],[-3.0936000000000003,58.545399999999056],[-3.0733000000000015,58.545399999999056],[-3.0733000000000015,58.58599999999906],[-3.0327,58.58599999999906],[-3.0327,58.64689999999906],[-3.337200000000001,58.64689999999906],[-3.337200000000001,58.667199999999056],[-3.499600000000001,58.64689999999906],[-3.499600000000001,58.62659999999906],[-3.662000000000001,58.62659999999906],[-3.662000000000001,58.60629999999906],[-3.7635000000000005,58.60629999999906],[-3.7635000000000005,58.62659999999906],[-3.8041,58.62659999999906],[-3.8041,58.64689999999906],[-3.865,58.64689999999906],[-3.865,58.687499999999055],[-3.9259000000000004,58.687499999999055],[-3.9259000000000004,58.667199999999056],[-3.9665,58.667199999999056],[-3.9665,58.60629999999906],[-4.1289,58.60629999999906],[-4.1289,58.62659999999906],[-4.230400000000001,58.62659999999906],[-4.230400000000001,58.64689999999906],[-4.4131,58.64689999999906],[-4.4131,58.60629999999906],[-4.453700000000001,58.60629999999906],[-4.453700000000001,58.58599999999906],[-4.5146,58.58599999999906],[-4.5146,58.565699999999055],[-4.555200000000001,58.565699999999055],[-4.555200000000001,58.58599999999906],[-4.616100000000001,58.58599999999906],[-4.616100000000001,58.60629999999906],[-5.022100000000001,58.60629999999906],[-5.022100000000001,58.58599999999906],[-5.083,58.58599999999906],[-5.083,58.52509999999906],[-5.1439,58.52509999999906],[-5.1642,58.48449999999906],[-5.245400000000001,58.48449999999906],[-5.245400000000001,58.50479999999906],[-5.3063,58.50479999999906],[-5.3063,58.52509999999906],[-5.407800000000001,58.52509999999906],[-5.407800000000001,58.545399999999056],[-5.3672,58.545399999999056],[-5.3672,58.565699999999055],[-5.346900000000001,58.565699999999055],[-5.346900000000001,58.58599999999906],[-5.3063,58.58599999999906],[-5.3063,58.64689999999906],[-5.346900000000001,58.64689999999906],[-5.346900000000001,58.76869999999906],[-5.3063,58.76869999999906],[-5.3063,58.78899999999906],[-5.245400000000001,58.78899999999906],[-5.245400000000001,58.829599999999054],[-5.0627,58.829599999999054],[-5.0627,58.87019999999906],[-5.042400000000001,58.87019999999906],[-5.042400000000001,58.931099999999056],[-5.0627,58.931099999999056],[-5.0627,59.03259999999906],[-5.042400000000001,59.03259999999906],[-5.042400000000001,59.073199999999055],[-4.940900000000001,59.073199999999055],[-4.940900000000001,59.11379999999906],[-4.900300000000001,59.11379999999906],[-4.900300000000001,59.073199999999055],[-4.8597,59.073199999999055],[-4.8597,59.01229999999906],[-4.839400000000001,59.01229999999906],[-4.839400000000001,58.91079999999906],[-4.778500000000001,58.91079999999906],[-4.778500000000001,58.89049999999906],[-4.717600000000001,58.89049999999906],[-4.717600000000001,58.87019999999906],[-4.6364,58.87019999999906],[-4.616100000000001,58.91079999999906],[-4.5958000000000006,58.91079999999906],[-4.5958000000000006,58.951399999999055],[-4.5755,58.951399999999055],[-4.5755,58.931099999999056],[-4.5349,58.931099999999056],[-4.5349,58.91079999999906],[-4.2913000000000014,58.91079999999906],[-4.2913000000000014,58.99199999999906],[-4.3116,58.99199999999906],[-4.3116,59.01229999999906],[-4.433400000000001,59.01229999999906],[-4.433400000000001,59.052899999999056],[-4.474,59.052899999999056],[-4.474,59.093499999999054],[-4.433400000000001,59.093499999999054],[-4.433400000000001,59.13409999999906],[-4.4131,59.13409999999906],[-4.4131,59.15439999999906],[-4.3522,59.15439999999906],[-4.3522,59.174699999999056],[-4.331900000000001,59.174699999999056],[-4.331900000000001,59.073199999999055],[-4.271000000000001,59.073199999999055],[-4.271000000000001,59.052899999999056],[-4.230400000000001,59.052899999999056],[-4.230400000000001,59.03259999999906],[-4.210100000000001,59.03259999999906],[-4.210100000000001,58.99199999999906],[-4.169500000000001,58.99199999999906],[-4.1492,58.951399999999055],[-4.108600000000001,58.951399999999055],[-4.108600000000001,58.89049999999906],[-4.0883,58.89049999999906],[-4.0883,58.87019999999906],[-4.0274,58.87019999999906],[-4.0274,58.78899999999906],[-3.9868000000000006,58.78899999999906],[-3.9665,58.707799999999054],[-3.8244000000000007,58.707799999999054],[-3.8244000000000007,58.78899999999906],[-3.7432,58.78899999999906],[-3.7432,58.829599999999054],[-3.6417,58.829599999999054]],[[-4.047700000000001,58.84989999999906],[-4.169500000000001,58.84989999999906],[-4.169500000000001,58.809299999999055],[-4.230400000000001,58.809299999999055],[-4.230400000000001,58.707799999999054],[-4.007100000000001,58.707799999999054],[-4.007100000000001,58.76869999999906],[-4.047700000000001,58.76869999999906],[-4.047700000000001,58.84989999999906]]],[[[-2.8297000000000008,58.87019999999906],[-2.8703000000000003,58.87019999999906],[-2.8703000000000003,58.84989999999906],[-2.951500000000001,58.84989999999906],[-2.951500000000001,58.89049999999906],[-2.890600000000001,58.89049999999906],[-2.890600000000001,58.91079999999906],[-2.8703000000000003,58.91079999999906],[-2.8703000000000003,58.89049999999906],[-2.8297000000000008,58.89049999999906],[-2.8297000000000008,58.87019999999906]]],[[[-3.276300000000001,58.97169999999906],[-3.2357000000000014,58.97169999999906],[-3.2357000000000014,58.931099999999056],[-3.3778000000000006,58.931099999999056],[-3.3778000000000006,58.951399999999055],[-3.276300000000001,58.951399999999055],[-3.276300000000001,58.97169999999906]]],[[[-2.7079000000000004,59.194999999999055],[-2.5861,59.194999999999055],[-2.5861,59.15439999999906],[-2.6470000000000002,59.15439999999906],[-2.6470000000000002,59.174699999999056],[-2.7079000000000004,59.174699999999056],[-2.7079000000000004,59.194999999999055]]],[[[-1.895900000000001,59.966399999999055],[-1.9365000000000006,59.966399999999055],[-1.9365000000000006,59.90549999999906],[-1.895900000000001,59.90549999999906],[-1.895900000000001,59.88519999999906],[-1.7944000000000013,59.88519999999906],[-1.7944000000000013,59.90549999999906],[-1.672600000000001,59.90549999999906],[-1.672600000000001,59.92579999999906],[-1.6117000000000008,59.92579999999906],[-1.6117000000000008,59.946099999999056],[-1.3884000000000007,59.946099999999056],[-1.3884000000000007,59.90549999999906],[-1.3275000000000006,59.90549999999906],[-1.3275000000000006,59.88519999999906],[-1.2260000000000009,59.88519999999906],[-1.2057000000000002,59.844599999999055],[-1.1651000000000007,59.844599999999055],[-1.1651000000000007,59.78369999999906],[-1.2057000000000002,59.78369999999906],[-1.2057000000000002,59.702499999999056],[-1.2260000000000009,59.702499999999056],[-1.2260000000000009,59.66189999999906],[-1.2666000000000004,59.66189999999906],[-1.2666000000000004,59.580699999999055],[-1.286900000000001,59.580699999999055],[-1.286900000000001,59.51979999999906],[-1.3275000000000006,59.51979999999906],[-1.3275000000000006,59.479199999999054],[-1.3478000000000012,59.479199999999054],[-1.3478000000000012,59.458899999999055],[-1.3884000000000007,59.458899999999055],[-1.4087000000000014,59.37769999999906],[-1.449300000000001,59.37769999999906],[-1.449300000000001,59.337099999999054],[-1.5305,59.29649999999906],[-1.5305,59.23559999999906],[-1.5711000000000013,59.23559999999906],[-1.5711000000000013,59.215299999999054],[-1.5914000000000001,59.215299999999054],[-1.5914000000000001,59.174699999999056],[-1.6320000000000014,59.174699999999056],[-1.6523000000000003,59.13409999999906],[-1.6929000000000016,59.13409999999906],[-1.6929000000000016,59.093499999999054],[-1.7132000000000005,59.093499999999054],[-1.7132000000000005,59.073199999999055],[-1.7538,59.073199999999055],[-1.7538,59.052899999999056],[-1.8147000000000002,59.052899999999056],[-1.8147000000000002,59.03259999999906],[-1.8756000000000004,59.03259999999906],[-1.8756000000000004,59.01229999999906],[-1.9568000000000012,59.01229999999906],[-1.9568000000000012,58.99199999999906],[-2.1598000000000006,58.99199999999906],[-2.1598000000000006,59.01229999999906],[-2.4846000000000004,59.03259999999906],[-2.4846000000000004,59.01229999999906],[-2.5252,59.01229999999906],[-2.5252,58.99199999999906],[-2.565800000000001,58.99199999999906],[-2.565800000000001,58.87019999999906],[-2.667300000000001,58.87019999999906],[-2.667300000000001,58.97169999999906],[-2.728200000000001,58.97169999999906],[-2.728200000000001,59.01229999999906],[-2.7688000000000006,59.01229999999906],[-2.7688000000000006,59.052899999999056],[-2.7891000000000012,59.052899999999056],[-2.7891000000000012,59.073199999999055],[-2.8297000000000008,59.073199999999055],[-2.8297000000000008,59.093499999999054],[-2.890600000000001,59.093499999999054],[-2.890600000000001,59.052899999999056],[-2.951500000000001,59.052899999999056],[-2.951500000000001,59.174699999999056],[-3.0124000000000013,59.174699999999056],[-3.0124000000000013,59.11379999999906],[-3.0936000000000003,59.11379999999906],[-3.0936000000000003,59.13409999999906],[-3.0327,59.13409999999906],[-3.0327,59.194999999999055],[-3.1545000000000005,59.194999999999055],[-3.1545000000000005,59.23559999999906],[-3.1342,59.23559999999906],[-3.1342,59.25589999999906],[-3.0936000000000003,59.25589999999906],[-3.0936000000000003,59.27619999999906],[-2.951500000000001,59.27619999999906],[-2.951500000000001,59.25589999999906],[-2.7688000000000006,59.25589999999906],[-2.7688000000000006,59.23559999999906],[-2.8094,59.23559999999906],[-2.8094,59.15439999999906],[-2.7079000000000004,59.15439999999906],[-2.6876000000000015,59.073199999999055],[-2.5455000000000005,59.073199999999055],[-2.5455000000000005,59.13409999999906],[-2.4643000000000015,59.15439999999906],[-2.4643000000000015,59.215299999999054],[-2.504900000000001,59.215299999999054],[-2.504900000000001,59.29649999999906],[-2.6064000000000007,59.29649999999906],[-2.6064000000000007,59.316799999999056],[-2.6470000000000002,59.316799999999056],[-2.6470000000000002,59.37769999999906],[-2.8094,59.37769999999906],[-2.8094,59.35739999999906],[-3.0124000000000013,59.35739999999906],[-3.0124000000000013,59.337099999999054],[-3.1545000000000005,59.337099999999054],[-3.1545000000000005,59.35739999999906],[-3.1951,59.35739999999906],[-3.1951,59.37769999999906],[-3.3169000000000004,59.37769999999906],[-3.337200000000001,59.458899999999055],[-3.3778000000000006,59.458899999999055],[-3.3778000000000006,59.49949999999906],[-3.3981000000000012,59.49949999999906],[-3.3778000000000006,59.66189999999906],[-3.337200000000001,59.66189999999906],[-3.337200000000001,59.702499999999056],[-3.3169000000000004,59.702499999999056],[-3.3169000000000004,59.722799999999054],[-3.276300000000001,59.722799999999054],[-3.276300000000001,59.76339999999906],[-3.2560000000000002,59.76339999999906],[-3.2560000000000002,59.78369999999906],[-3.2154000000000007,59.78369999999906],[-3.1951,59.824299999999056],[-3.1545000000000005,59.824299999999056],[-3.1545000000000005,59.844599999999055],[-3.0936000000000003,59.844599999999055],[-3.0936000000000003,59.88519999999906],[-3.0733000000000015,59.88519999999906],[-3.0733000000000015,59.90549999999906],[-2.951500000000001,59.90549999999906],[-2.951500000000001,59.92579999999906],[-2.9109,59.92579999999906],[-2.9109,59.946099999999056],[-2.8500000000000014,59.946099999999056],[-2.8500000000000014,60.02729999999906],[-2.8094,60.02729999999906],[-2.8094,59.90549999999906],[-2.7079000000000004,59.90549999999906],[-2.7079000000000004,59.92579999999906],[-2.667300000000001,59.92579999999906],[-2.667300000000001,59.946099999999056],[-2.5861,59.946099999999056],[-2.5861,59.966399999999055],[-2.565800000000001,59.966399999999055],[-2.565800000000001,59.946099999999056],[-2.444000000000001,59.946099999999056],[-2.444000000000001,59.90549999999906],[-2.342500000000001,59.90549999999906],[-2.3222000000000005,59.946099999999056],[-2.281600000000001,59.946099999999056],[-2.281600000000001,59.966399999999055],[-2.2613000000000003,59.966399999999055],[-2.2613000000000003,60.06789999999906],[-2.220700000000001,60.06789999999906],[-2.220700000000001,60.14909999999906],[-2.1395,60.14909999999906],[-2.1395,60.12879999999906],[-2.0786000000000016,60.12879999999906],[-2.0786000000000016,60.209999999999056],[-2.0989000000000004,60.209999999999056],[-2.0989000000000004,60.230299999999055],[-2.0786000000000016,60.230299999999055],[-2.0786000000000016,60.250599999999054],[-2.0380000000000003,60.250599999999054],[-2.0380000000000003,60.27089999999906],[-2.0177000000000014,60.27089999999906],[-2.0177000000000014,60.31149999999906],[-1.9162,60.31149999999906],[-1.895900000000001,60.352099999999055],[-1.7944000000000013,60.352099999999055],[-1.7944000000000013,60.372399999999054],[-1.7741000000000007,60.372399999999054],[-1.7538,60.331799999999056],[-1.7132000000000005,60.331799999999056],[-1.7132000000000005,60.27089999999906],[-1.6929000000000016,60.27089999999906],[-1.6929000000000016,60.230299999999055],[-1.6523000000000003,60.230299999999055],[-1.6523000000000003,60.209999999999056],[-1.6320000000000014,60.209999999999056],[-1.6523000000000003,60.16939999999906],[-1.6929000000000016,60.16939999999906],[-1.7132000000000005,60.12879999999906],[-1.8350000000000009,60.12879999999906],[-1.8350000000000009,60.108499999999054],[-1.895900000000001,60.108499999999054],[-1.895900000000001,60.088199999999055],[-1.9974000000000007,60.088199999999055],[-1.9974000000000007,60.02729999999906],[-1.9365000000000006,60.02729999999906],[-1.9365000000000006,60.00699999999906],[-1.895900000000001,60.00699999999906],[-1.895900000000001,59.966399999999055]]],[[[-0.8403000000000009,60.39269999999906],[-0.8403000000000009,60.372399999999054],[-0.8606000000000016,60.372399999999054],[-0.8606000000000016,60.331799999999056],[-0.9418000000000006,60.331799999999056],[-0.9418000000000006,60.39269999999906],[-0.8403000000000009,60.39269999999906]]],[[[-1.1042000000000005,60.473899999999055],[-1.1042000000000005,60.45359999999906],[-1.1651000000000007,60.45359999999906],[-1.1854000000000013,60.494199999999054],[-1.2260000000000009,60.494199999999054],[-1.2260000000000009,60.51449999999906],[-1.1651000000000007,60.51449999999906],[-1.1651000000000007,60.494199999999054],[-1.1448,60.494199999999054],[-1.1448,60.473899999999055],[-1.1042000000000005,60.473899999999055]]],[[[-0.7997000000000014,60.94079999999906],[-0.7185000000000006,60.94079999999906],[-0.7185000000000006,60.92049999999906],[-0.6576000000000004,60.92049999999906],[-0.6576000000000004,60.90019999999906],[-0.6170000000000009,60.90019999999906],[-0.6170000000000009,60.879899999999054],[-0.5967000000000002,60.879899999999054],[-0.5967000000000002,60.81899999999906],[-0.6170000000000009,60.81899999999906],[-0.6170000000000009,60.77839999999906],[-0.7591000000000001,60.77839999999906],[-0.7591000000000001,60.81899999999906],[-0.8809000000000005,60.81899999999906],[-0.8809000000000005,60.83929999999906],[-0.9215,60.83929999999906],[-0.9215,60.859599999999055],[-0.9418000000000006,60.859599999999055],[-0.9418000000000006,60.92049999999906],[-0.8809000000000005,60.92049999999906],[-0.8606000000000016,60.96109999999906],[-0.7997000000000014,60.96109999999906],[-0.7997000000000014,60.94079999999906]]],[[[-6.625800000000001,61.97609999999906],[-6.544600000000001,61.97609999999906],[-6.544600000000001,61.93549999999906],[-6.564900000000001,61.93549999999906],[-6.564900000000001,61.915199999999054],[-6.625800000000001,61.915199999999054],[-6.625800000000001,61.97609999999906]]],[[[6.1625,53.409499999999056],[6.081999999999997,53.409499999999056],[6.081999999999997,53.450099999999054],[6.1736,53.450099999999054],[6.1736,53.45000000000091],[6.1736,53.400000000000915],[6.1625,53.400000000000915],[6.1625,53.409499999999056]]],[[[13.0,67.875],[13.0,67.8125],[12.875,67.8125],[12.875,67.75],[12.6875,67.75],[12.75,67.875],[13.0,67.875]]]]}}]}