{"type":"FeatureCollection","name":"tidal_current_mask_norkyst","generated_at":"2026-09-21T20:42:25+00:00","source":"MET Norway NorKyst v3 800 m (ROMS), hourly best-estimate aggregation; MET Norway NorKyst v3 800 m (ROMS), hourly best-estimate aggregation; MET Norway NorKyst v3 800 m (ROMS), hourly best-estimate aggregation; MET Norway NorKyst v3 800 m (ROMS), hourly best-estimate aggregation; MET Norway NorKyst v3 800 m (ROMS), hourly best-estimate aggregation; MET Norway NorKyst v3 800 m (ROMS), hourly best-estimate aggregation; MET Norway NorKyst v3 800 m (ROMS), hourly best-estimate aggregation; MET Norway NorKyst v3 800 m (ROMS), hourly best-estimate aggregation, harmonic atlases in the standard format (docs/harmonic_atlas_format.md)","features":[{"type":"Feature","properties":{"threshold_kt":0.0,"kind":"extent","atlas":"NORKYST_SKAGERRAK, NORKYST_ROGALAND, NORKYST_VESTLAND, NORKYST_TRONDELAG, NORKYST_HELGELAND, NORKYST_LOFOTEN, NORKYST_TROMS, NORKYST_FINNMARK","resolution_m":800,"method":"max speed over 15 days hourly, all constituents","area_deg2":33.48},"geometry":{"type":"MultiPolygon","coordinates":[[[[9.5488,57.5616000000009],[9.5488,57.550800000000905],[9.581199999999999,57.550800000000905],[9.581199999999999,57.5400000000009],[9.646,57.529200000000905],[9.646,57.5184000000009],[9.754,57.5184000000009],[9.754,57.507600000000906],[9.8188,57.507600000000906],[9.8188,57.5184000000009],[9.8296,57.5184000000009],[9.8296,57.4968000000009],[9.5164,57.4968000000009],[9.5164,57.507600000000906],[9.4948,57.507600000000906],[9.4948,57.5184000000009],[9.4624,57.5184000000009],[9.4624,57.529200000000905],[9.386800000000001,57.529200000000905],[9.386800000000001,57.507600000000906],[9.3544,57.507600000000906],[9.3544,57.4968000000009],[8.9548,57.4968000000009],[8.9548,57.507600000000906],[8.9764,57.507600000000906],[8.9764,57.5184000000009],[9.0088,57.5184000000009],[9.0088,57.529200000000905],[9.052,57.529200000000905],[9.052,57.5400000000009],[9.1384,57.5400000000009],[9.1492,57.5616000000009],[9.1708,57.5616000000009],[9.1708,57.594000000000904],[9.1816,57.594000000000904],[9.1924,57.6156000000009],[9.214,57.6156000000009],[9.214,57.626400000000906],[9.2788,57.626400000000906],[9.2788,57.6372000000009],[9.3004,57.6372000000009],[9.3004,57.648000000000906],[9.3328,57.648000000000906],[9.3436,57.669600000000905],[9.4084,57.669600000000905],[9.4084,57.6804000000009],[9.4192,57.6804000000009],[9.4192,57.669600000000905],[9.4408,57.669600000000905],[9.4408,57.6588000000009],[9.4516,57.6588000000009],[9.4516,57.594000000000904],[9.4624,57.594000000000904],[9.4624,57.572400000000904],[9.5488,57.5616000000009]]],[[[9.9592,57.5832000000009],[9.8836,57.5832000000009],[9.8836,57.594000000000904],[9.8404,57.594000000000904],[9.8404,57.60480000000091],[9.8188,57.60480000000091],[9.8188,57.626400000000906],[9.8404,57.626400000000906],[9.8404,57.6372000000009],[9.8836,57.6372000000009],[9.8836,57.648000000000906],[10.0024,57.648000000000906],[10.0024,57.6804000000009],[9.9808,57.6804000000009],[9.9808,57.691200000000904],[10.0024,57.691200000000904],[10.0024,57.7020000000009],[10.0348,57.7020000000009],[10.0348,57.712800000000904],[10.1212,57.712800000000904],[10.1212,57.6588000000009],[10.1104,57.6588000000009],[10.1104,57.648000000000906],[10.0996,57.648000000000906],[10.0996,57.60480000000091],[10.1212,57.60480000000091],[10.1212,57.594000000000904],[9.9592,57.594000000000904],[9.9592,57.5832000000009]]],[[[9.581199999999999,57.7344000000009],[9.5704,57.7344000000009],[9.5704,57.74520000000091],[9.592,57.7560000000009],[9.6028,57.7776000000009],[9.6244,57.7776000000009],[9.6244,57.788400000000905],[9.6892,57.788400000000905],[9.6892,57.74520000000091],[9.6568,57.74520000000091],[9.6568,57.72360000000091],[9.646,57.72360000000091],[9.646,57.712800000000904],[9.6028,57.712800000000904],[9.6028,57.72360000000091],[9.581199999999999,57.72360000000091],[9.581199999999999,57.7344000000009]]],[[[7.0972,57.885600000000906],[7.1188,57.885600000000906],[7.1188,57.8748000000009],[7.1728,57.8748000000009],[7.1728,57.86400000000091],[7.1836,57.86400000000091],[7.1836,57.831600000000904],[7.27,57.831600000000904],[7.27,57.84240000000091],[7.3348,57.831600000000904],[7.3348,57.8208000000009],[7.378,57.810000000000905],[7.378,57.788400000000905],[7.3564,57.788400000000905],[7.3564,57.7776000000009],[7.324,57.7776000000009],[7.324,57.788400000000905],[7.2268,57.788400000000905],[7.2268,57.7992000000009],[7.2052,57.7992000000009],[7.2052,57.810000000000905],[7.1728,57.810000000000905],[7.1728,57.8208000000009],[7.0972,57.8208000000009],[7.0972,57.831600000000904],[7.0432,57.831600000000904],[7.0432,57.8208000000009],[7.0324,57.8208000000009],[7.0324,57.831600000000904],[7.0024,57.831600000000904],[7.0,57.831600000000904],[6.9808,57.831600000000904],[6.9808,57.84240000000091],[6.9592,57.84240000000091],[6.9592,57.8532000000009],[6.8728,57.8532000000009],[6.8728,57.86400000000091],[6.862,57.86400000000091],[6.862,57.8964000000009],[6.775600000000001,57.8964000000009],[6.775600000000001,57.885600000000906],[6.754,57.885600000000906],[6.754,57.8532000000009],[6.7324,57.8532000000009],[6.7324,57.831600000000904],[6.7216000000000005,57.831600000000904],[6.7216000000000005,57.84240000000091],[6.7,57.84240000000091],[6.7,57.8532000000009],[6.6028,57.8532000000009],[6.6028,57.86400000000091],[6.5812,57.8748000000009],[6.5704,57.8964000000009],[6.527200000000001,57.8964000000009],[6.527200000000001,57.885600000000906],[6.4732,57.885600000000906],[6.4732,57.8964000000009],[6.3544,57.8964000000009],[6.3544,57.907200000000906],[6.332800000000001,57.907200000000906],[6.332800000000001,57.9180000000009],[6.2896,57.9180000000009],[6.2896,57.907200000000906],[6.214,57.907200000000906],[6.214,57.8964000000009],[6.203200000000001,57.8964000000009],[6.203200000000001,57.907200000000906],[6.1708,57.907200000000906],[6.1708,57.9180000000009],[6.1492,57.9180000000009],[6.1492,57.928800000000905],[6.1276,57.928800000000905],[6.1276,57.9396000000009],[6.0844000000000005,57.9396000000009],[6.0736,57.9180000000009],[6.0628,57.9180000000009],[6.0628,57.9396000000009],[6.0412,57.9396000000009],[6.0304,57.9612000000009],[5.9872,57.9612000000009],[5.9764,57.9396000000009],[5.9332,57.9396000000009],[5.9332,57.950400000000904],[5.8792,57.950400000000904],[5.8792,57.9396000000009],[5.7712,57.9396000000009],[5.7712,57.907200000000906],[5.782,57.907200000000906],[5.782,57.885600000000906],[5.7712,57.885600000000906],[5.7712,57.8532000000009],[5.782,57.8532000000009],[5.782,57.831600000000904],[5.7928,57.831600000000904],[5.7928,57.8208000000009],[5.8144,57.8208000000009],[5.8144,57.810000000000905],[5.7928,57.810000000000905],[5.7928,57.788400000000905],[4.4968,57.788400000000905],[4.4968,60.0000000000009],[3.9936,60.0000000000009],[3.9936,62.5056000000009],[5.0,62.5056000000009],[5.0,63.144800000001204],[5.054,63.144800000001204],[5.054,63.15560000000121],[5.0648,63.15560000000121],[5.0648,63.19880000000121],[5.0972,63.19880000000121],[5.0972,63.2096000000012],[5.1296,63.2096000000012],[5.1296,63.220400000001206],[5.1512,63.220400000001206],[5.1512,63.25280000000121],[5.1296,63.25280000000121],[5.1296,63.3068000000012],[5.1512,63.3068000000012],[5.1512,63.3284000000012],[5.162,63.3284000000012],[5.162,63.339200000001206],[5.1836,63.339200000001206],[5.1836,63.37160000000121],[5.216,63.37160000000121],[5.216,63.404000000001204],[5.2376,63.404000000001204],[5.2376,63.43640000000121],[5.2484,63.43640000000121],[5.2484,63.49040000000121],[5.2376,63.49040000000121],[5.2376,63.544400000001204],[5.2484,63.544400000001204],[5.2484,63.60920000000121],[5.2376,63.60920000000121],[5.2376,63.620000000001205],[5.216,63.620000000001205],[5.216,63.63080000000121],[5.2376,63.63080000000121],[5.2376,63.67400000000121],[5.2484,63.67400000000121],[5.2484,63.72800000000121],[5.1836,63.72800000000121],[5.1836,63.74960000000121],[5.162,63.74960000000121],[5.162,63.760400000001205],[5.1512,63.760400000001205],[5.1512,63.782000000001204],[5.1296,63.782000000001204],[5.1296,63.79280000000121],[5.0864,63.79280000000121],[5.0864,63.803600000001204],[5.0648,63.803600000001204],[5.0648,63.8252000000012],[5.0,63.836000000001206],[5.0,65.1428000000012],[5.0432,65.1428000000012],[5.0432,65.13200000000121],[5.0972,65.13200000000121],[5.0972,65.12120000000121],[5.3024000000000004,65.12120000000121],[5.3024000000000004,65.16440000000121],[5.2808,65.16440000000121],[5.2808,65.1968000000012],[5.27,65.1968000000012],[5.27,65.21840000000121],[5.2808,65.21840000000121],[5.2808,65.2508000000012],[5.27,65.2508000000012],[5.27,65.26160000000121],[5.1512,65.26160000000121],[5.1512,65.2832000000012],[5.1296,65.2832000000012],[5.1296,65.31560000000121],[5.1188,65.31560000000121],[5.1188,65.3264000000012],[5.0972,65.3264000000012],[5.0972,65.3480000000012],[5.0864,65.3480000000012],[5.0864,65.35880000000121],[5.0324,65.35880000000121],[5.0216,65.40200000000121],[5.0,65.40200000000121],[5.0,65.49920000000121],[8.5964,65.49920000000121],[8.5964,65.4884000000012],[8.6396,65.4884000000012],[8.6396,65.4776000000012],[8.661200000000001,65.4776000000012],[8.661200000000001,65.4668000000012],[8.6936,65.4668000000012],[8.6936,65.45600000000121],[8.725999999999999,65.45600000000121],[8.7368,65.4344000000012],[8.780000000000001,65.4344000000012],[8.780000000000001,65.4236000000012],[8.8124,65.4236000000012],[8.8124,65.41280000000121],[8.8232,65.41280000000121],[8.8232,65.3912000000012],[8.888,65.3804000000012],[8.888,65.35880000000121],[8.909600000000001,65.35880000000121],[8.909600000000001,65.3480000000012],[8.942,65.3480000000012],[8.942,65.3372000000012],[8.9528,65.3372000000012],[8.9528,65.2940000000012],[8.9744,65.2940000000012],[8.9744,65.2832000000012],[8.9852,65.2832000000012],[8.9852,65.26160000000121],[9.0068,65.26160000000121],[9.0068,65.2292000000012],[9.0176,65.2292000000012],[9.0176,65.21840000000121],[9.039200000000001,65.21840000000121],[9.039200000000001,65.20760000000121],[9.0608,65.20760000000121],[9.0608,65.1968000000012],[9.0932,65.1968000000012],[9.0932,65.20760000000121],[9.1364,65.20760000000121],[9.1364,65.1968000000012],[9.158000000000001,65.1968000000012],[9.158000000000001,65.16440000000121],[9.1904,65.16440000000121],[9.1904,65.1860000000012],[9.212,65.1860000000012],[9.212,65.20760000000121],[9.2228,65.20760000000121],[9.2228,65.21840000000121],[9.2444,65.21840000000121],[9.2444,65.2292000000012],[9.2552,65.2292000000012],[9.2552,65.26160000000121],[9.276800000000001,65.26160000000121],[9.276800000000001,65.27240000000121],[9.287600000000001,65.27240000000121],[9.287600000000001,65.31560000000121],[9.3092,65.31560000000121],[9.3092,65.3480000000012],[9.276800000000001,65.3480000000012],[9.276800000000001,65.3804000000012],[9.363199999999999,65.3804000000012],[9.363199999999999,65.3912000000012],[9.406400000000001,65.3912000000012],[9.406400000000001,65.40200000000121],[9.428,65.40200000000121],[9.428,65.41280000000121],[9.4604,65.41280000000121],[9.4712,65.4344000000012],[9.5252,65.4344000000012],[9.5252,65.44520000000121],[9.6008,65.44520000000121],[9.6008,65.4236000000012],[9.6116,65.4236000000012],[9.6116,65.41280000000121],[9.698,65.41280000000121],[9.698,65.40200000000121],[9.7628,65.40200000000121],[9.7628,65.3912000000012],[9.784400000000002,65.3912000000012],[9.784400000000002,65.3804000000012],[9.8168,65.3804000000012],[9.8168,65.3912000000012],[9.8276,65.3912000000012],[9.8276,65.3804000000012],[9.9032,65.3804000000012],[9.9032,65.3912000000012],[9.9572,65.3912000000012],[9.9572,65.40200000000121],[10.022,65.40200000000121],[10.022,65.45600000000121],[10.000399999999999,65.45600000000121],[10.000399999999999,65.4776000000012],[10.022,65.4776000000012],[10.0328,65.49920000000121],[10.767199999999999,65.49920000000121],[10.767199999999999,65.4668000000012],[10.821200000000001,65.4668000000012],[10.821200000000001,65.4344000000012],[10.7996,65.4344000000012],[10.7996,65.40200000000121],[10.8428,65.40200000000121],[10.8428,65.3804000000012],[10.821200000000001,65.3804000000012],[10.821200000000001,65.3480000000012],[10.767199999999999,65.3480000000012],[10.7564,65.30480000000121],[10.7348,65.30480000000121],[10.7348,65.2400000000012],[10.7888,65.2400000000012],[10.7888,65.20760000000121],[10.8428,65.20760000000121],[10.8428,65.1968000000012],[10.821200000000001,65.1968000000012],[10.821200000000001,65.17520000000121],[10.7996,65.17520000000121],[10.7996,65.1428000000012],[10.821200000000001,65.1428000000012],[10.821200000000001,65.12120000000121],[10.8428,65.12120000000121],[10.8428,65.1104000000012],[10.8752,65.1104000000012],[10.8752,65.12120000000121],[10.9724,65.12120000000121],[10.9724,65.1104000000012],[11.0048,65.1104000000012],[11.0048,65.0996000000012],[11.0156,65.0996000000012],[11.0156,65.07800000000121],[11.102,65.07800000000121],[11.102,65.0564000000012],[11.1668,65.0564000000012],[11.1668,65.0456000000012],[11.188400000000001,65.0456000000012],[11.188400000000001,65.0024000000012],[11.156,65.0024000000012],[11.156,64.98080000000121],[10.9832,64.98080000000121],[10.9724,64.9592000000012],[10.940000000000001,64.9592000000012],[10.940000000000001,64.9484000000012],[10.9076,64.9484000000012],[10.9076,64.93760000000121],[10.8428,64.93760000000121],[10.8428,64.92680000000121],[10.767199999999999,64.92680000000121],[10.7564,64.9052000000012],[10.7348,64.9052000000012],[10.7348,64.89440000000121],[10.637599999999999,64.89440000000121],[10.637599999999999,64.8728000000012],[10.6268,64.8728000000012],[10.6268,64.8620000000012],[10.5944,64.8620000000012],[10.5944,64.8188000000012],[10.6052,64.8188000000012],[10.6052,64.8080000000012],[10.5404,64.8080000000012],[10.5404,64.7756000000012],[10.562000000000001,64.7756000000012],[10.562000000000001,64.7648000000012],[10.5944,64.7648000000012],[10.5944,64.75400000000121],[10.562000000000001,64.75400000000121],[10.562000000000001,64.74320000000121],[10.551200000000001,64.74320000000121],[10.551200000000001,64.7648000000012],[10.4756,64.7648000000012],[10.4756,64.75400000000121],[10.3892,64.75400000000121],[10.3892,64.74320000000121],[10.3676,64.74320000000121],[10.3676,64.75400000000121],[10.346,64.75400000000121],[10.346,64.78640000000121],[10.2164,64.78640000000121],[10.2164,64.8080000000012],[10.173200000000001,64.8080000000012],[10.1624,64.78640000000121],[10.129999999999999,64.78640000000121],[10.129999999999999,64.7756000000012],[10.043600000000001,64.7756000000012],[10.043600000000001,64.7648000000012],[10.0328,64.7648000000012],[10.0328,64.75400000000121],[10.0112,64.75400000000121],[10.0112,64.74320000000121],[9.9788,64.74320000000121],[9.9788,64.7324000000012],[9.9464,64.7324000000012],[9.9464,64.7216000000012],[9.914000000000001,64.7216000000012],[9.914000000000001,64.7108000000012],[9.8816,64.7108000000012],[9.8816,64.70000000000121],[9.86,64.70000000000121],[9.86,64.68920000000121],[9.8276,64.68920000000121],[9.8276,64.6784000000012],[9.752,64.6784000000012],[9.752,64.6676000000012],[9.7196,64.6676000000012],[9.7196,64.68920000000121],[9.7736,64.68920000000121],[9.7736,64.7216000000012],[9.665600000000001,64.7216000000012],[9.665600000000001,64.70000000000121],[9.6548,64.70000000000121],[9.6548,64.68920000000121],[9.6332,64.68920000000121],[9.6332,64.6676000000012],[9.6116,64.6676000000012],[9.6116,64.6352000000012],[9.6332,64.6352000000012],[9.6332,64.6244000000012],[9.7628,64.6244000000012],[9.7628,64.61360000000121],[9.784400000000002,64.61360000000121],[9.784400000000002,64.60280000000121],[9.752,64.60280000000121],[9.752,64.54880000000121],[9.784400000000002,64.54880000000121],[9.784400000000002,64.5272000000012],[9.795200000000001,64.5272000000012],[9.795200000000001,64.51640000000121],[9.924800000000001,64.51640000000121],[9.924800000000001,64.4948000000012],[9.8924,64.4948000000012],[9.8924,64.4840000000012],[9.8816,64.4840000000012],[9.8816,64.46240000000121],[9.8276,64.46240000000121],[9.8276,64.40840000000121],[9.8492,64.40840000000121],[9.8492,64.3868000000012],[9.8924,64.3868000000012],[9.8924,64.3436000000012],[9.9464,64.3436000000012],[9.9464,64.31120000000121],[9.924800000000001,64.31120000000121],[9.924800000000001,64.3004000000012],[9.914000000000001,64.3004000000012],[9.914000000000001,64.2572000000012],[9.8924,64.2572000000012],[9.8924,64.2464000000012],[9.752,64.2464000000012],[9.752,64.26800000000121],[9.7088,64.26800000000121],[9.7088,64.27880000000121],[9.676400000000001,64.27880000000121],[9.676400000000001,64.2896000000012],[9.6548,64.2896000000012],[9.6548,64.32200000000121],[9.6116,64.32200000000121],[9.6116,64.31120000000121],[9.5792,64.31120000000121],[9.5792,64.2896000000012],[9.536000000000001,64.2896000000012],[9.536000000000001,64.23560000000121],[9.546800000000001,64.23560000000121],[9.546800000000001,64.22480000000121],[9.5252,64.22480000000121],[9.5252,64.23560000000121],[9.4712,64.23560000000121],[9.4712,64.2032000000012],[9.482,64.2032000000012],[9.482,64.18160000000121],[9.5036,64.18160000000121],[9.5036,64.13840000000121],[9.492799999999999,64.13840000000121],[9.492799999999999,64.1492000000012],[9.4496,64.1492000000012],[9.4496,64.13840000000121],[9.3848,64.13840000000121],[9.3848,64.1168000000012],[9.374,64.1168000000012],[9.374,64.08440000000121],[9.3524,64.08440000000121],[9.3524,64.0628000000012],[9.2984,64.0628000000012],[9.2984,64.0520000000012],[9.287600000000001,64.0520000000012],[9.287600000000001,64.0088000000012],[9.2552,64.0088000000012],[9.2552,63.98720000000121],[9.212,63.98720000000121],[9.212,63.998000000001205],[9.1904,63.998000000001205],[9.1904,64.0088000000012],[9.158000000000001,64.0088000000012],[9.158000000000001,63.998000000001205],[9.1472,63.998000000001205],[9.1472,64.0088000000012],[9.104,64.0088000000012],[9.104,63.998000000001205],[9.039200000000001,63.998000000001205],[9.039200000000001,63.95480000000121],[9.0932,63.95480000000121],[9.0932,63.9656000000012],[9.114799999999999,63.9656000000012],[9.114799999999999,63.976400000001206],[9.1256,63.976400000001206],[9.1256,63.9656000000012],[9.1364,63.9656000000012],[9.1364,63.93320000000121],[9.158000000000001,63.93320000000121],[9.158000000000001,63.900800000001205],[9.168800000000001,63.900800000001205],[9.168800000000001,63.84680000000121],[9.158000000000001,63.84680000000121],[9.158000000000001,63.803600000001204],[9.168800000000001,63.803600000001204],[9.168800000000001,63.79280000000121],[9.1364,63.79280000000121],[9.1364,63.77120000000121],[9.1256,63.77120000000121],[9.1256,63.760400000001205],[9.0716,63.760400000001205],[9.0716,63.74960000000121],[8.9852,63.74960000000121],[8.9852,63.72800000000121],[8.9744,63.72800000000121],[8.9744,63.663200000001204],[8.942,63.663200000001204],[8.942,63.65240000000121],[8.9312,63.65240000000121],[8.9312,63.663200000001204],[8.8448,63.663200000001204],[8.8448,63.65240000000121],[8.7584,63.65240000000121],[8.7584,63.641600000001205],[8.661200000000001,63.641600000001205],[8.661200000000001,63.63080000000121],[8.6288,63.63080000000121],[8.6288,63.620000000001205],[8.4776,63.620000000001205],[8.4776,63.5876000000012],[8.4344,63.5876000000012],[8.4344,63.598400000001206],[8.3804,63.598400000001206],[8.3804,63.5876000000012],[8.348,63.5876000000012],[8.348,63.63080000000121],[8.3804,63.63080000000121],[8.3804,63.65240000000121],[8.4128,63.65240000000121],[8.4128,63.663200000001204],[8.4884,63.663200000001204],[8.4884,63.67400000000121],[8.4992,63.67400000000121],[8.4992,63.663200000001204],[8.531600000000001,63.663200000001204],[8.531600000000001,63.67400000000121],[8.650400000000001,63.67400000000121],[8.650400000000001,63.684800000001204],[8.6936,63.684800000001204],[8.6936,63.69560000000121],[8.7044,63.69560000000121],[8.7044,63.684800000001204],[8.7476,63.684800000001204],[8.7476,63.69560000000121],[8.834,63.69560000000121],[8.8448,63.738800000001206],[8.8772,63.738800000001206],[8.8772,63.717200000001206],[8.909600000000001,63.717200000001206],[8.909600000000001,63.738800000001206],[8.9312,63.738800000001206],[8.9312,63.77120000000121],[8.909600000000001,63.77120000000121],[8.909600000000001,63.782000000001204],[8.834,63.782000000001204],[8.834,63.79280000000121],[8.8124,63.79280000000121],[8.8124,63.803600000001204],[8.7476,63.803600000001204],[8.7476,63.81440000000121],[8.6936,63.81440000000121],[8.6936,63.803600000001204],[8.661200000000001,63.803600000001204],[8.661200000000001,63.79280000000121],[8.6072,63.79280000000121],[8.6072,63.782000000001204],[8.5424,63.77120000000121],[8.5424,63.74960000000121],[8.531600000000001,63.74960000000121],[8.531600000000001,63.738800000001206],[8.51,63.738800000001206],[8.51,63.72800000000121],[8.4776,63.72800000000121],[8.4776,63.717200000001206],[8.4236,63.717200000001206],[8.4236,63.7064000000012],[8.4128,63.7064000000012],[8.4128,63.72800000000121],[8.402000000000001,63.72800000000121],[8.402000000000001,63.738800000001206],[8.3588,63.738800000001206],[8.3588,63.72800000000121],[8.294,63.72800000000121],[8.294,63.684800000001204],[8.2508,63.684800000001204],[8.2508,63.7064000000012],[8.24,63.7064000000012],[8.24,63.717200000001206],[8.1968,63.717200000001206],[8.1968,63.69560000000121],[8.186,63.69560000000121],[8.186,63.663200000001204],[8.1644,63.663200000001204],[8.1644,63.65240000000121],[8.132,63.65240000000121],[8.132,63.641600000001205],[8.0996,63.641600000001205],[8.0996,63.63080000000121],[8.078,63.63080000000121],[8.078,63.57680000000121],[8.0996,63.57680000000121],[8.0996,63.53360000000121],[8.078,63.53360000000121],[8.078,63.522800000001205],[8.0456,63.522800000001205],[8.0456,63.51200000000121],[8.0024,63.51200000000121],[7.9916,63.53360000000121],[7.9484,63.53360000000121],[7.9484,63.51200000000121],[7.916,63.51200000000121],[7.916,63.49040000000121],[7.8835999999999995,63.49040000000121],[7.8835999999999995,63.479600000001206],[7.8728,63.479600000001206],[7.8728,63.425600000001204],[7.8296,63.425600000001204],[7.8296,63.41480000000121],[7.7648,63.41480000000121],[7.7648,63.39320000000121],[7.754,63.39320000000121],[7.754,63.382400000001205],[7.7324,63.382400000001205],[7.7324,63.35000000000121],[7.754,63.35000000000121],[7.754,63.3284000000012],[7.8835999999999995,63.3284000000012],[7.8835999999999995,63.31760000000121],[7.916,63.31760000000121],[7.916,63.29600000000121],[7.9592,63.29600000000121],[7.9592,63.3068000000012],[7.9808,63.3068000000012],[7.9808,63.285200000001204],[8.0672,63.285200000001204],[8.0672,63.29600000000121],[8.088799999999999,63.29600000000121],[8.088799999999999,63.3068000000012],[8.1212,63.3068000000012],[8.1212,63.3284000000012],[8.132,63.3284000000012],[8.132,63.339200000001206],[8.1536,63.339200000001206],[8.1536,63.35000000000121],[8.186,63.35000000000121],[8.186,63.360800000001205],[8.1968,63.360800000001205],[8.1968,63.339200000001206],[8.186,63.339200000001206],[8.186,63.3068000000012],[8.24,63.3068000000012],[8.24,63.339200000001206],[8.272400000000001,63.339200000001206],[8.272400000000001,63.35000000000121],[8.3372,63.35000000000121],[8.3372,63.382400000001205],[8.2076,63.382400000001205],[8.2076,63.39320000000121],[8.186,63.39320000000121],[8.186,63.41480000000121],[8.1536,63.41480000000121],[8.1536,63.4472000000012],[8.132,63.4472000000012],[8.132,63.46880000000121],[8.088799999999999,63.46880000000121],[8.0996,63.49040000000121],[8.1212,63.49040000000121],[8.1212,63.501200000001205],[8.1536,63.501200000001205],[8.1536,63.522800000001205],[8.2508,63.522800000001205],[8.2508,63.51200000000121],[8.2616,63.51200000000121],[8.2616,63.479600000001206],[8.2832,63.479600000001206],[8.2832,63.4472000000012],[8.3156,63.4472000000012],[8.3156,63.43640000000121],[8.4128,63.43640000000121],[8.4128,63.425600000001204],[8.5532,63.425600000001204],[8.5532,63.43640000000121],[8.618,63.4472000000012],[8.618,63.458000000001206],[8.7152,63.458000000001206],[8.7152,63.46880000000121],[8.7476,63.46880000000121],[8.7476,63.479600000001206],[8.909600000000001,63.479600000001206],[8.909600000000001,63.49040000000121],[8.9636,63.49040000000121],[8.9636,63.501200000001205],[9.0068,63.501200000001205],[9.0068,63.51200000000121],[9.0932,63.51200000000121],[9.0932,63.522800000001205],[9.1472,63.522800000001205],[9.1472,63.544400000001204],[9.1904,63.544400000001204],[9.1904,63.63080000000121],[9.1796,63.63080000000121],[9.1796,63.641600000001205],[9.1472,63.641600000001205],[9.1472,63.69560000000121],[9.1256,63.69560000000121],[9.1256,63.7064000000012],[9.158000000000001,63.7064000000012],[9.158000000000001,63.717200000001206],[9.1904,63.717200000001206],[9.1904,63.7064000000012],[9.2444,63.7064000000012],[9.2444,63.717200000001206],[9.276800000000001,63.717200000001206],[9.276800000000001,63.74960000000121],[9.32,63.74960000000121],[9.32,63.79280000000121],[9.3308,63.79280000000121],[9.3308,63.782000000001204],[9.374,63.782000000001204],[9.374,63.74960000000121],[9.4712,63.74960000000121],[9.4712,63.760400000001205],[9.5792,63.760400000001205],[9.5792,63.738800000001206],[9.6008,63.738800000001206],[9.6008,63.72800000000121],[9.546800000000001,63.72800000000121],[9.546800000000001,63.69560000000121],[9.5792,63.69560000000121],[9.5792,63.67400000000121],[9.676400000000001,63.67400000000121],[9.6872,63.69560000000121],[9.784400000000002,63.69560000000121],[9.784400000000002,63.7064000000012],[9.8492,63.7064000000012],[9.8492,63.69560000000121],[9.8276,63.69560000000121],[9.8276,63.598400000001206],[9.914000000000001,63.57680000000121],[9.914000000000001,63.522800000001205],[9.924800000000001,63.522800000001205],[9.924800000000001,63.501200000001205],[9.9464,63.501200000001205],[9.9464,63.49040000000121],[10.0328,63.49040000000121],[10.0328,63.479600000001206],[10.076,63.479600000001206],[10.076,63.46880000000121],[10.043600000000001,63.46880000000121],[10.043600000000001,63.4472000000012],[10.0112,63.4472000000012],[10.0112,63.425600000001204],[10.000399999999999,63.425600000001204],[10.000399999999999,63.43640000000121],[9.968,63.43640000000121],[9.968,63.4472000000012],[9.914000000000001,63.4472000000012],[9.914000000000001,63.46880000000121],[9.8708,63.46880000000121],[9.8708,63.49040000000121],[9.8384,63.49040000000121],[9.8384,63.501200000001205],[9.8168,63.501200000001205],[9.8168,63.51200000000121],[9.8384,63.51200000000121],[9.8384,63.544400000001204],[9.8168,63.544400000001204],[9.8168,63.55520000000121],[9.784400000000002,63.55520000000121],[9.784400000000002,63.57680000000121],[9.7412,63.598400000001206],[9.7412,63.63080000000121],[9.665600000000001,63.63080000000121],[9.665600000000001,63.620000000001205],[9.5792,63.620000000001205],[9.5792,63.598400000001206],[9.5144,63.598400000001206],[9.5144,63.57680000000121],[9.4712,63.57680000000121],[9.4712,63.5660000000012],[9.406400000000001,63.5660000000012],[9.406400000000001,63.55520000000121],[9.3524,63.55520000000121],[9.3524,63.53360000000121],[9.2984,63.53360000000121],[9.2984,63.51200000000121],[9.287600000000001,63.51200000000121],[9.287600000000001,63.522800000001205],[9.2552,63.522800000001205],[9.2552,63.51200000000121],[9.2012,63.51200000000121],[9.1904,63.49040000000121],[9.0932,63.49040000000121],[9.0932,63.4472000000012],[9.0608,63.4472000000012],[9.0608,63.46880000000121],[9.0068,63.46880000000121],[9.0068,63.458000000001206],[8.942,63.4472000000012],[8.942,63.41480000000121],[8.9312,63.41480000000121],[8.9312,63.425600000001204],[8.7044,63.425600000001204],[8.7044,63.41480000000121],[8.661200000000001,63.41480000000121],[8.661200000000001,63.404000000001204],[8.6288,63.404000000001204],[8.6288,63.39320000000121],[8.6072,63.39320000000121],[8.6072,63.382400000001205],[8.51,63.382400000001205],[8.4992,63.360800000001205],[8.4668,63.360800000001205],[8.4668,63.35000000000121],[8.4452,63.35000000000121],[8.4452,63.339200000001206],[8.3912,63.339200000001206],[8.3912,63.3284000000012],[8.3264,63.31760000000121],[8.3264,63.3068000000012],[8.3156,63.3068000000012],[8.3156,63.27440000000121],[8.294,63.27440000000121],[8.294,63.263600000001205],[8.2832,63.263600000001205],[8.2832,63.27440000000121],[8.2508,63.27440000000121],[8.2508,63.242000000001205],[8.2616,63.242000000001205],[8.2616,63.23120000000121],[8.2832,63.23120000000121],[8.2832,63.2096000000012],[8.294,63.2096000000012],[8.294,63.19880000000121],[8.3264,63.19880000000121],[8.3264,63.166400000001204],[8.3156,63.166400000001204],[8.3156,63.1880000000012],[8.272400000000001,63.1880000000012],[8.272400000000001,63.19880000000121],[8.2508,63.19880000000121],[8.2508,63.2096000000012],[8.24,63.2096000000012],[8.24,63.23120000000121],[8.2184,63.23120000000121],[8.2184,63.242000000001205],[8.1752,63.242000000001205],[8.1752,63.25280000000121],[8.142800000000001,63.25280000000121],[8.132,63.23120000000121],[8.0672,63.23120000000121],[8.0672,63.220400000001206],[8.0456,63.220400000001206],[8.0456,63.2096000000012],[7.9376,63.2096000000012],[7.9376,63.1880000000012],[7.8728,63.1880000000012],[7.8728,63.15560000000121],[7.9376,63.15560000000121],[7.9376,63.144800000001204],[7.9484,63.144800000001204],[7.9376,63.123200000001205],[7.8728,63.123200000001205],[7.8728,63.13400000000121],[7.840400000000001,63.13400000000121],[7.840400000000001,63.144800000001204],[7.7972,63.144800000001204],[7.7972,63.13400000000121],[7.7324,63.13400000000121],[7.7324,63.123200000001205],[7.7,63.123200000001205],[7.7,63.09080000000121],[7.7216000000000005,63.09080000000121],[7.7216000000000005,63.0692000000012],[7.7,63.0692000000012],[7.7,63.03680000000121],[7.7216000000000005,63.03680000000121],[7.7324,63.01520000000121],[7.710800000000001,63.01520000000121],[7.710800000000001,63.026000000001204],[7.6784,63.026000000001204],[7.6784,63.101600000001206],[7.6568000000000005,63.101600000001206],[7.6568000000000005,63.11240000000121],[7.5704,63.11240000000121],[7.5704,63.101600000001206],[7.5164,63.101600000001206],[7.5056,63.080000000001206],[7.4732,63.080000000001206],[7.4732,63.0692000000012],[7.4192,63.0692000000012],[7.4192,63.05840000000121],[7.3868,63.05840000000121],[7.3868,63.01520000000121],[7.4084,63.01520000000121],[7.4084,62.97200000000121],[7.4408,62.97200000000121],[7.4408,62.95040000000121],[7.376,62.95040000000121],[7.3652,62.97200000000121],[7.332800000000001,62.97200000000121],[7.332800000000001,62.982800000001205],[7.3111999999999995,62.982800000001205],[7.3111999999999995,63.01520000000121],[7.2572,63.01520000000121],[7.2572,63.004400000001205],[7.203200000000001,63.004400000001205],[7.203200000000001,62.99360000000121],[7.1276,62.99360000000121],[7.1276,62.982800000001205],[7.106,62.982800000001205],[7.106,62.97200000000121],[7.0304,62.97200000000121],[7.0304,62.961200000001206],[6.9764,62.961200000001206],[6.9764,62.95040000000121],[6.9224,62.95040000000121],[6.9224,62.9288000000012],[6.9116,62.9288000000012],[6.9116,62.95040000000121],[6.8792,62.95040000000121],[6.8792,62.907200000001204],[6.9116,62.907200000001204],[6.9116,62.89640000000121],[6.9224,62.89640000000121],[6.9224,62.87480000000121],[6.998,62.87480000000121],[6.998,62.864000000001205],[7.0088,62.864000000001205],[7.0088,62.842400000001206],[7.0304,62.842400000001206],[7.0304,62.8316000000012],[7.0088,62.8316000000012],[7.0088,62.8100000000012],[6.998,62.8100000000012],[6.998,62.79920000000121],[6.9764,62.79920000000121],[6.9764,62.73440000000121],[6.9548000000000005,62.73440000000121],[6.9548000000000005,62.71280000000121],[6.9332,62.723600000001206],[6.9332,62.75600000000121],[6.890000000000001,62.75600000000121],[6.890000000000001,62.745200000001205],[6.8576,62.745200000001205],[6.8576,62.73440000000121],[6.6632,62.73440000000121],[6.6632,62.723600000001206],[6.6308,62.723600000001206],[6.6308,62.766800000001204],[6.5768,62.766800000001204],[6.5768,62.75600000000121],[6.5443999999999996,62.75600000000121],[6.5443999999999996,62.73440000000121],[6.5120000000000005,62.73440000000121],[6.5012,62.71280000000121],[6.4688,62.71280000000121],[6.4688,62.6696000000012],[6.4796,62.6696000000012],[6.4796,62.65880000000121],[6.5120000000000005,62.65880000000121],[6.5120000000000005,62.63720000000121],[6.5552,62.63720000000121],[6.5552,62.65880000000121],[6.566,62.65880000000121],[6.566,62.648000000001204],[6.5984,62.648000000001204],[6.5984,62.65880000000121],[6.7388,62.65880000000121],[6.7388,62.68040000000121],[6.8576,62.68040000000121],[6.8576,62.648000000001204],[6.7172,62.648000000001204],[6.7172,62.63720000000121],[6.6632,62.63720000000121],[6.6632,62.626400000001205],[6.5443999999999996,62.626400000001205],[6.5443999999999996,62.61560000000121],[6.5012,62.61560000000121],[6.5012,62.604800000001205],[6.4904,62.604800000001205],[6.4904,62.61560000000121],[6.4472000000000005,62.61560000000121],[6.4472000000000005,62.604800000001205],[6.4364,62.604800000001205],[6.4364,62.61560000000121],[6.404,62.61560000000121],[6.404,62.604800000001205],[6.3176000000000005,62.604800000001205],[6.3176000000000005,62.59400000000121],[6.2852,62.59400000000121],[6.2852,62.583200000001206],[6.252800000000001,62.583200000001206],[6.252800000000001,62.56160000000121],[6.2312,62.56160000000121],[6.2312,62.5508000000012],[6.2204,62.5508000000012],[6.2204,62.507600000001204],[6.1988,62.507600000001204],[6.1988,62.5056000000009],[6.2076,62.5056000000009],[6.1968,62.484000000000904],[6.1212,62.484000000000904],[6.1212,62.4732000000009],[6.099600000000001,62.4732000000009],[6.099600000000001,62.462400000000905],[6.0888,62.462400000000905],[6.078,62.440800000000905],[6.0456,62.440800000000905],[6.0456,62.4300000000009],[6.034800000000001,62.4300000000009],[6.034800000000001,62.440800000000905],[6.0132,62.440800000000905],[6.0132,62.4516000000009],[6.034800000000001,62.4516000000009],[6.034800000000001,62.484000000000904],[5.9808,62.484000000000904],[5.9808,62.440800000000905],[5.970000000000001,62.440800000000905],[5.970000000000001,62.4300000000009],[5.9484,62.4300000000009],[5.9484,62.419200000000906],[5.9376,62.419200000000906],[5.9376,62.4300000000009],[5.905200000000001,62.4300000000009],[5.905200000000001,62.419200000000906],[5.862,62.419200000000906],[5.862,62.39760000000091],[5.8187999999999995,62.39760000000091],[5.8187999999999995,62.419200000000906],[5.808,62.419200000000906],[5.808,62.4300000000009],[5.8512,62.4300000000009],[5.8512,62.440800000000905],[5.8835999999999995,62.440800000000905],[5.8835999999999995,62.49480000000091],[5.8296,62.49480000000091],[5.8296,62.484000000000904],[5.808,62.484000000000904],[5.808,62.462400000000905],[5.775600000000001,62.462400000000905],[5.775600000000001,62.4516000000009],[5.754,62.4516000000009],[5.754,62.440800000000905],[5.710800000000001,62.440800000000905],[5.7,62.419200000000906],[5.6784,62.419200000000906],[5.6784,62.3868000000009],[5.7,62.3868000000009],[5.7,62.37600000000091],[5.6676,62.37600000000091],[5.6676,62.365200000000904],[5.6244,62.365200000000904],[5.6244,62.322000000000905],[5.6568000000000005,62.322000000000905],[5.6568000000000005,62.3112000000009],[5.6892,62.3112000000009],[5.6892,62.322000000000905],[5.7432,62.322000000000905],[5.7432,62.3328000000009],[5.7648,62.3328000000009],[5.7648,62.343600000000905],[5.775600000000001,62.343600000000905],[5.775600000000001,62.322000000000905],[5.754,62.322000000000905],[5.7432,62.300400000000906],[5.710800000000001,62.300400000000906],[5.710800000000001,62.2896000000009],[5.6892,62.2896000000009],[5.6892,62.300400000000906],[5.6568000000000005,62.300400000000906],[5.6568000000000005,62.2896000000009],[5.5812,62.2896000000009],[5.5812,62.300400000000906],[5.5488,62.300400000000906],[5.5488,62.2896000000009],[5.538,62.2896000000009],[5.538,62.2140000000009],[5.5596,62.2140000000009],[5.5596,62.1924000000009],[5.7648,62.1924000000009],[5.7648,62.2140000000009],[5.8512,62.2140000000009],[5.8512,62.203200000000905],[5.808,62.203200000000905],[5.808,62.1924000000009],[5.7864,62.1924000000009],[5.7864,62.181600000000905],[5.6352,62.181600000000905],[5.6352,62.1708000000009],[5.5920000000000005,62.1708000000009],[5.5920000000000005,62.160000000000906],[5.5812,62.160000000000906],[5.5812,62.1708000000009],[5.538,62.1708000000009],[5.527200000000001,62.1924000000009],[5.462400000000001,62.1924000000009],[5.462400000000001,62.181600000000905],[5.4084,62.181600000000905],[5.4084,62.1708000000009],[5.322,62.160000000000906],[5.322,62.1708000000009],[5.3004,62.1708000000009],[5.3004,62.181600000000905],[5.2788,62.181600000000905],[5.2788,62.1924000000009],[5.322,62.1924000000009],[5.322,62.2356000000009],[5.2896,62.2356000000009],[5.2896,62.224800000000904],[5.2788,62.224800000000904],[5.2788,62.203200000000905],[5.1168,62.203200000000905],[5.1168,62.1924000000009],[5.0952,62.1924000000009],[5.0952,62.13840000000091],[5.1168,62.13840000000091],[5.1168,62.106000000000904],[5.1276,62.106000000000904],[5.1276,62.0952000000009],[5.0844000000000005,62.0952000000009],[5.0844000000000005,62.062800000000905],[5.0628,62.062800000000905],[5.0628,62.0520000000009],[5.052,62.0520000000009],[5.052,62.0304000000009],[4.998,62.0304000000009],[4.998,62.01960000000091],[4.9764,62.01960000000091],[4.9764,61.9764000000009],[5.0088,61.9764000000009],[5.0088,61.944000000000905],[5.0412,61.944000000000905],[5.0412,61.9332000000009],[5.0952,61.9332000000009],[5.0952,61.922400000000906],[5.1276,61.922400000000906],[5.1276,61.9332000000009],[5.138400000000001,61.9332000000009],[5.138400000000001,61.9116000000009],[5.16,61.9116000000009],[5.16,61.900800000000906],[5.203200000000001,61.900800000000906],[5.203200000000001,61.9116000000009],[5.3544,61.9116000000009],[5.3544,61.900800000000906],[5.3111999999999995,61.900800000000906],[5.3111999999999995,61.8900000000009],[5.268000000000001,61.8900000000009],[5.268000000000001,61.87920000000091],[5.2572,61.87920000000091],[5.2572,61.8900000000009],[5.214,61.8900000000009],[5.203200000000001,61.868400000000904],[5.16,61.868400000000904],[5.16,61.87920000000091],[5.0304,61.87920000000091],[5.0304,61.8900000000009],[4.998,61.8900000000009],[4.998,61.900800000000906],[4.9224,61.900800000000906],[4.9224,61.8900000000009],[4.9008,61.8900000000009],[4.9008,61.87920000000091],[4.8576,61.87920000000091],[4.8576,61.868400000000904],[4.8468,61.868400000000904],[4.8468,61.8360000000009],[4.825200000000001,61.8360000000009],[4.825200000000001,61.706400000000905],[4.8468,61.706400000000905],[4.8468,61.6956000000009],[4.825200000000001,61.6956000000009],[4.825200000000001,61.663200000000906],[4.8576,61.663200000000906],[4.8576,61.6524000000009],[4.9116,61.6524000000009],[4.9116,61.6956000000009],[4.9224,61.6956000000009],[4.9332,61.7172000000009],[4.9656,61.7172000000009],[4.9656,61.6956000000009],[4.9764,61.6956000000009],[4.9764,61.684800000000905],[4.9656,61.684800000000905],[4.9656,61.6524000000009],[4.998,61.6524000000009],[4.998,61.641600000000906],[4.9764,61.641600000000906],[4.9764,61.609200000000904],[5.0088,61.609200000000904],[5.0088,61.5984000000009],[4.9764,61.5984000000009],[4.9656,61.5768000000009],[4.944,61.5768000000009],[4.9332,61.5552000000009],[4.9224,61.5552000000009],[4.9224,61.522800000000906],[4.9116,61.522800000000906],[4.9116,61.5336000000009],[4.8792,61.5336000000009],[4.8792,61.641600000000906],[4.825200000000001,61.641600000000906],[4.825200000000001,61.6308000000009],[4.7928,61.6308000000009],[4.7928,61.62000000000091],[4.782,61.62000000000091],[4.782,61.5984000000009],[4.7496,61.5984000000009],[4.7496,61.587600000000904],[4.7388,61.587600000000904],[4.7388,61.522800000000906],[4.728,61.522800000000906],[4.728,61.4796000000009],[4.7928,61.4796000000009],[4.7928,61.4580000000009],[4.9224,61.4580000000009],[4.9224,61.447200000000905],[4.998,61.447200000000905],[4.998,61.425600000000905],[4.9764,61.425600000000905],[4.9764,61.4148000000009],[4.944,61.4148000000009],[4.944,61.404000000000906],[4.9332,61.404000000000906],[4.9224,61.38240000000091],[4.9008,61.38240000000091],[4.890000000000001,61.3392000000009],[4.825200000000001,61.350000000000904],[4.825200000000001,61.3176000000009],[4.7928,61.3176000000009],[4.7928,61.2744000000009],[4.7712,61.2744000000009],[4.7712,61.263600000000906],[4.760400000000001,61.263600000000906],[4.760400000000001,61.285200000000906],[4.782,61.2960000000009],[4.782,61.3392000000009],[4.7496,61.3392000000009],[4.7496,61.3176000000009],[4.674,61.3176000000009],[4.674,61.2960000000009],[4.6524,61.2960000000009],[4.6524,61.2744000000009],[4.6308,61.2744000000009],[4.6308,61.231200000000904],[4.6524,61.231200000000904],[4.6524,61.1988000000009],[4.6632,61.1988000000009],[4.6632,61.1772000000009],[4.674,61.1772000000009],[4.674,61.1556000000009],[4.6956,61.1556000000009],[4.6956,61.12320000000091],[4.7064,61.12320000000091],[4.7064,61.1124000000009],[4.7388,61.1124000000009],[4.7388,61.144800000000906],[4.728,61.144800000000906],[4.728,61.166400000000905],[4.7388,61.166400000000905],[4.7388,61.1772000000009],[4.782,61.1772000000009],[4.782,61.1556000000009],[4.7712,61.1556000000009],[4.7712,61.10160000000091],[4.7496,61.10160000000091],[4.7496,61.090800000000904],[4.7388,61.090800000000904],[4.7388,61.047600000000905],[4.7496,61.047600000000905],[4.7496,61.026000000000906],[4.7712,61.026000000000906],[4.7712,61.004400000000906],[4.8036,61.004400000000906],[4.8144,61.047600000000905],[4.9116,61.047600000000905],[4.9116,61.0584000000009],[4.9332,61.0584000000009],[4.9332,61.0800000000009],[4.9656,61.0800000000009],[4.9656,61.090800000000904],[5.0088,61.090800000000904],[5.0088,61.1124000000009],[5.0844000000000005,61.1124000000009],[5.0844000000000005,61.1340000000009],[5.106,61.1340000000009],[5.106,61.144800000000906],[5.1276,61.1340000000009],[5.1276,61.10160000000091],[5.16,61.10160000000091],[5.1708,61.0800000000009],[5.1276,61.0800000000009],[5.1276,61.069200000000905],[5.1168,61.069200000000905],[5.1168,61.0800000000009],[5.0628,61.0800000000009],[5.0628,61.0584000000009],[5.0196000000000005,61.047600000000905],[5.0196000000000005,61.026000000000906],[4.9656,61.026000000000906],[4.9656,61.0152000000009],[4.9332,61.0152000000009],[4.9332,60.9936000000009],[4.890000000000001,60.9936000000009],[4.890000000000001,60.950400000000904],[4.8576,60.950400000000904],[4.8576,60.9396000000009],[4.782,60.9396000000009],[4.782,60.928800000000905],[4.7712,60.928800000000905],[4.7712,60.8964000000009],[4.782,60.8964000000009],[4.782,60.8532000000009],[4.8144,60.8532000000009],[4.8144,60.831600000000904],[4.7928,60.831600000000904],[4.7928,60.8208000000009],[4.782,60.8208000000009],[4.782,60.788400000000905],[4.7928,60.788400000000905],[4.7928,60.7776000000009],[4.782,60.7776000000009],[4.782,60.7560000000009],[4.7712,60.7560000000009],[4.7712,60.74520000000091],[4.7388,60.74520000000091],[4.7388,60.7344000000009],[4.728,60.7344000000009],[4.728,60.691200000000904],[4.760400000000001,60.691200000000904],[4.760400000000001,60.712800000000904],[4.782,60.72360000000091],[4.782,60.7020000000009],[4.7928,60.7020000000009],[4.7928,60.669600000000905],[4.782,60.669600000000905],[4.782,60.6372000000009],[4.7928,60.6372000000009],[4.7928,60.594000000000904],[4.8468,60.594000000000904],[4.8468,60.626400000000906],[4.8576,60.626400000000906],[4.8576,60.6804000000009],[4.8468,60.6804000000009],[4.8468,60.691200000000904],[4.9008,60.691200000000904],[4.9008,60.648000000000906],[4.890000000000001,60.648000000000906],[4.890000000000001,60.6156000000009],[4.8684,60.6156000000009],[4.8684,60.60480000000091],[4.8576,60.60480000000091],[4.8576,60.5832000000009],[4.8144,60.5616000000009],[4.8144,60.5184000000009],[4.7928,60.5184000000009],[4.7928,60.48600000000091],[4.8792,60.48600000000091],[4.890000000000001,60.507600000000906],[4.9116,60.507600000000906],[4.9116,60.5616000000009],[4.890000000000001,60.5616000000009],[4.890000000000001,60.5832000000009],[4.9116,60.5832000000009],[4.9116,60.594000000000904],[4.9224,60.594000000000904],[4.9224,60.5832000000009],[4.944,60.5832000000009],[4.944,60.550800000000905],[4.9764,60.550800000000905],[4.9764,60.529200000000905],[4.998,60.529200000000905],[4.998,60.5184000000009],[4.9656,60.5184000000009],[4.9656,60.4968000000009],[4.944,60.4968000000009],[4.944,60.48600000000091],[4.9332,60.48600000000091],[4.9332,60.46440000000091],[4.9224,60.46440000000091],[4.9224,60.432000000000905],[4.944,60.432000000000905],[4.944,60.410400000000905],[4.9332,60.410400000000905],[4.9332,60.4212000000009],[4.9008,60.4212000000009],[4.9008,60.388800000000906],[4.9332,60.388800000000906],[4.9332,60.313200000000904],[4.944,60.313200000000904],[4.944,60.270000000000906],[4.9656,60.270000000000906],[4.9764,60.22680000000091],[4.998,60.22680000000091],[4.998,60.2052000000009],[5.0088,60.2052000000009],[5.0088,60.1836000000009],[5.0196000000000005,60.1836000000009],[5.0196000000000005,60.1620000000009],[5.0628,60.1620000000009],[5.0628,60.151200000000905],[5.0412,60.151200000000905],[5.0412,60.1188000000009],[5.052,60.1188000000009],[5.052,60.10800000000091],[5.0088,60.10800000000091],[5.0088,60.054000000000904],[5.0196000000000005,60.054000000000904],[5.0196000000000005,60.032400000000905],[5.0412,60.032400000000905],[5.0412,60.0216000000009],[5.0196000000000005,60.0216000000009],[5.0196000000000005,60.002400000000904],[5.0476,60.002400000000904],[5.0476,59.980800000000905],[5.026,59.980800000000905],[5.026,59.9700000000009],[5.0152,59.9700000000009],[5.0152,59.937600000000906],[5.1124,59.937600000000906],[5.1124,59.9484000000009],[5.1232,59.9484000000009],[5.1232,59.937600000000906],[5.1556,59.937600000000906],[5.1556,59.9268000000009],[5.1448,59.9268000000009],[5.1448,59.89440000000091],[5.2096,59.89440000000091],[5.2204,59.8728000000009],[5.2852,59.8728000000009],[5.2852,59.8512000000009],[5.242,59.840400000000905],[5.242,59.8512000000009],[5.2096,59.8512000000009],[5.2096,59.862000000000904],[5.1772,59.862000000000904],[5.1664,59.883600000000904],[5.134,59.883600000000904],[5.134,59.9052000000009],[5.0692,59.9052000000009],[5.0692,59.8728000000009],[5.08,59.8728000000009],[5.08,59.862000000000904],[5.0692,59.862000000000904],[5.0692,59.8296000000009],[5.1124,59.8296000000009],[5.1232,59.8080000000009],[5.134,59.8080000000009],[5.134,59.797200000000906],[5.1232,59.797200000000906],[5.1232,59.7108000000009],[5.0908,59.7108000000009],[5.0908,59.678400000000906],[5.1232,59.678400000000906],[5.1232,59.700000000000905],[5.1772,59.700000000000905],[5.1772,59.6892000000009],[5.1556,59.6892000000009],[5.1556,59.6460000000009],[5.1448,59.6460000000009],[5.1448,59.6136000000009],[5.1556,59.6136000000009],[5.1556,59.602800000000904],[5.1772,59.602800000000904],[5.1772,59.581200000000905],[5.2096,59.581200000000905],[5.2096,59.5920000000009],[5.252800000000001,59.5920000000009],[5.252800000000001,59.6136000000009],[5.2636,59.6136000000009],[5.2636,59.656800000000906],[5.2744,59.656800000000906],[5.2744,59.700000000000905],[5.2852,59.700000000000905],[5.2852,59.678400000000906],[5.3392,59.678400000000906],[5.3392,59.6892000000009],[5.3716,59.6892000000009],[5.3716,59.75400000000091],[5.404,59.75400000000091],[5.404,59.743200000000904],[5.458,59.743200000000904],[5.458,59.75400000000091],[5.5228,59.7648000000009],[5.5228,59.7864000000009],[5.5443999999999996,59.7864000000009],[5.5443999999999996,59.797200000000906],[5.5552,59.797200000000906],[5.5552,59.8296000000009],[5.5443999999999996,59.8296000000009],[5.5443999999999996,59.883600000000904],[5.5228,59.883600000000904],[5.5228,59.89440000000091],[5.5012,59.9052000000009],[5.5012,59.916000000000906],[5.4904,59.916000000000906],[5.5012,59.937600000000906],[5.5120000000000005,59.937600000000906],[5.5120000000000005,59.916000000000906],[5.5228,59.916000000000906],[5.5336,59.89440000000091],[5.5552,59.89440000000091],[5.566,59.8296000000009],[5.6308,59.8296000000009],[5.6308,59.8512000000009],[5.6524,59.8512000000009],[5.6524,59.862000000000904],[5.6848,59.862000000000904],[5.6848,59.840400000000905],[5.6524,59.840400000000905],[5.6524,59.8296000000009],[5.6416,59.8296000000009],[5.6416,59.797200000000906],[5.62,59.797200000000906],[5.62,59.77560000000091],[5.5984,59.77560000000091],[5.5876,59.75400000000091],[5.566,59.75400000000091],[5.566,59.7108000000009],[5.5552,59.7108000000009],[5.5552,59.721600000000905],[5.5120000000000005,59.721600000000905],[5.5120000000000005,59.7108000000009],[5.458,59.7108000000009],[5.458,59.6892000000009],[5.4364,59.678400000000906],[5.4364,59.656800000000906],[5.3716,59.6460000000009],[5.3716,59.624400000000904],[5.3176000000000005,59.624400000000904],[5.3068,59.602800000000904],[5.2852,59.602800000000904],[5.2852,59.559600000000906],[5.252800000000001,59.559600000000906],[5.252800000000001,59.538000000000906],[5.242,59.538000000000906],[5.242,59.4516000000009],[5.252800000000001,59.4516000000009],[5.252800000000001,59.419200000000906],[5.2744,59.419200000000906],[5.2852,59.39760000000091],[5.3068,59.39760000000091],[5.3068,59.3868000000009],[5.3176000000000005,59.3868000000009],[5.3176000000000005,59.3544000000009],[5.3284,59.3544000000009],[5.3284,59.3328000000009],[5.3932,59.3328000000009],[5.3932,59.3112000000009],[5.404,59.3112000000009],[5.404,59.300400000000906],[5.3824000000000005,59.300400000000906],[5.3824000000000005,59.322000000000905],[5.3392,59.322000000000905],[5.3392,59.278800000000906],[5.3176000000000005,59.278800000000906],[5.3176000000000005,59.300400000000906],[5.296,59.300400000000906],[5.296,59.322000000000905],[5.2744,59.322000000000905],[5.2744,59.37600000000091],[5.252800000000001,59.37600000000091],[5.252800000000001,59.4084000000009],[5.2204,59.4084000000009],[5.2204,59.37600000000091],[5.242,59.37600000000091],[5.242,59.365200000000904],[5.1988,59.3544000000009],[5.1988,59.3112000000009],[5.2096,59.3112000000009],[5.2096,59.300400000000906],[5.1988,59.300400000000906],[5.1988,59.246400000000904],[5.188000000000001,59.246400000000904],[5.1772,59.181600000000905],[5.1988,59.1708000000009],[5.1988,59.1492000000009],[5.2204,59.1492000000009],[5.2204,59.13840000000091],[5.3068,59.13840000000091],[5.3068,59.1276000000009],[5.2852,59.1276000000009],[5.2852,59.084400000000905],[5.3176000000000005,59.084400000000905],[5.3176000000000005,59.0736000000009],[5.3824000000000005,59.0736000000009],[5.3824000000000005,59.0952000000009],[5.404,59.0952000000009],[5.404,59.106000000000904],[5.4364,59.106000000000904],[5.4364,59.0952000000009],[5.458,59.0952000000009],[5.458,59.0736000000009],[5.4688,59.0736000000009],[5.4688,59.062800000000905],[5.458,59.062800000000905],[5.458,59.0304000000009],[5.4796,59.0304000000009],[5.4796,59.0088000000009],[5.5443999999999996,59.01960000000091],[5.5552,59.041200000000906],[5.6416,59.041200000000906],[5.6416,59.0736000000009],[5.6848,59.0736000000009],[5.6848,59.062800000000905],[5.6956,59.062800000000905],[5.6848,59.041200000000906],[5.6524,59.041200000000906],[5.6524,59.01960000000091],[5.62,59.01960000000091],[5.62,59.0304000000009],[5.5768,59.0304000000009],[5.5768,58.965600000000904],[5.5876,58.965600000000904],[5.5876,58.8900000000009],[5.566,58.87920000000091],[5.566,58.825200000000905],[5.5552,58.825200000000905],[5.5552,58.7928000000009],[5.5336,58.7928000000009],[5.5336,58.782000000000906],[5.5228,58.782000000000906],[5.5228,58.76040000000091],[5.5012,58.76040000000091],[5.5012,58.728000000000904],[5.5228,58.728000000000904],[5.5336,58.684800000000905],[5.5552,58.684800000000905],[5.5552,58.6524000000009],[5.5768,58.6524000000009],[5.5768,58.6308000000009],[5.5984,58.6308000000009],[5.5984,58.609200000000904],[5.62,58.609200000000904],[5.62,58.5984000000009],[5.6308,58.5984000000009],[5.6308,58.566000000000905],[5.6416,58.566000000000905],[5.6416,58.5552000000009],[5.6848,58.5552000000009],[5.6956,58.5336000000009],[5.7712,58.5336000000009],[5.7712,58.50120000000091],[5.7928,58.50120000000091],[5.7928,58.4904000000009],[5.825200000000001,58.4904000000009],[5.825200000000001,58.4796000000009],[5.8468,58.4796000000009],[5.8468,58.468800000000904],[5.8576,58.468800000000904],[5.8576,58.425600000000905],[5.944,58.425600000000905],[5.944,58.4148000000009],[6.0088,58.404000000000906],[6.0196000000000005,58.38240000000091],[6.052,58.38240000000091],[6.052,58.3716000000009],[6.0844000000000005,58.3716000000009],[6.0844000000000005,58.36080000000091],[6.1168,58.36080000000091],[6.1168,58.350000000000904],[6.138400000000001,58.350000000000904],[6.138400000000001,58.3392000000009],[6.2248,58.3392000000009],[6.2248,58.328400000000904],[6.268000000000001,58.328400000000904],[6.268000000000001,58.3176000000009],[6.2788,58.3176000000009],[6.2788,58.2960000000009],[6.3111999999999995,58.2960000000009],[6.3111999999999995,58.306800000000905],[6.332800000000001,58.306800000000905],[6.332800000000001,58.285200000000906],[6.3544,58.285200000000906],[6.3544,58.2744000000009],[6.3652,58.2744000000009],[6.3652,58.263600000000906],[6.3544,58.263600000000906],[6.3544,58.188000000000905],[6.3652,58.188000000000905],[6.3652,58.166400000000905],[6.3868,58.166400000000905],[6.3868,58.1556000000009],[6.397600000000001,58.1556000000009],[6.397600000000001,58.144800000000906],[6.3544,58.144800000000906],[6.3544,58.10160000000091],[6.3652,58.10160000000091],[6.3652,58.090800000000904],[6.4084,58.090800000000904],[6.4084,58.10160000000091],[6.462400000000001,58.10160000000091],[6.462400000000001,58.12320000000091],[6.5056,58.12320000000091],[6.5056,58.144800000000906],[6.538,58.144800000000906],[6.538,58.1340000000009],[6.5596,58.1340000000009],[6.5596,58.10160000000091],[6.6028,58.090800000000904],[6.6028,58.0800000000009],[6.646000000000001,58.0800000000009],[6.646000000000001,58.069200000000905],[6.7864,58.069200000000905],[6.7864,58.0584000000009],[6.808,58.0584000000009],[6.808,58.047600000000905],[6.7972,58.047600000000905],[6.7972,57.9936000000009],[6.808,57.9936000000009],[6.808,57.972000000000904],[6.8187999999999995,57.972000000000904],[6.8187999999999995,57.9612000000009],[6.8512,57.9612000000009],[6.8512,57.950400000000904],[6.916,57.950400000000904],[6.9268,57.9936000000009],[6.9484,57.9936000000009],[6.9484,58.004400000000906],[6.970000000000001,58.004400000000906],[6.970000000000001,58.0152000000009],[7.0024,58.0152000000009],[7.0024,58.004400000000906],[7.0108,58.004400000000906],[7.0108,57.9936000000009],[7.108,57.9936000000009],[7.108,57.972000000000904],[7.1404,57.972000000000904],[7.1404,57.9612000000009],[7.1188,57.9612000000009],[7.1188,57.928800000000905],[7.0972,57.9180000000009],[7.0972,57.885600000000906]],[[4.6524,61.328400000000904],[4.62,61.328400000000904],[4.62,61.3176000000009],[4.5984,61.3176000000009],[4.5984,61.2960000000009],[4.5876,61.2960000000009],[4.5876,61.263600000000906],[4.62,61.263600000000906],[4.62,61.285200000000906],[4.6416,61.285200000000906],[4.6416,61.2960000000009],[4.6524,61.2960000000009],[4.6524,61.328400000000904]],[[4.7388,60.7776000000009],[4.728,60.7776000000009],[4.728,60.7992000000009],[4.6956,60.7992000000009],[4.6956,60.74520000000091],[4.7388,60.74520000000091],[4.7388,60.7776000000009]],[[6.7432,57.9180000000009],[6.6676,57.9180000000009],[6.6676,57.885600000000906],[6.7432,57.885600000000906],[6.7432,57.9180000000009]],[[6.0476,62.5056000000009],[6.08,62.5056000000009],[6.08,62.507600000001204],[6.0476,62.507600000001204],[6.0476,62.5056000000009]],[[5.538,62.322000000000905],[5.5704,62.322000000000905],[5.5704,62.343600000000905],[5.5812,62.343600000000905],[5.5812,62.37600000000091],[5.5488,62.37600000000091],[5.5488,62.365200000000904],[5.538,62.365200000000904],[5.538,62.322000000000905]],[[5.376,62.246400000000904],[5.332800000000001,62.246400000000904],[5.332800000000001,62.2140000000009],[5.376,62.2140000000009],[5.376,62.246400000000904]],[[4.7172,61.069200000000905],[4.6956,61.069200000000905],[4.6956,61.0800000000009],[4.6632,61.0800000000009],[4.6632,61.0584000000009],[4.6524,61.0584000000009],[4.6524,61.026000000000906],[4.6632,61.026000000000906],[4.6632,60.98280000000091],[4.728,60.98280000000091],[4.728,60.9936000000009],[4.7388,60.9936000000009],[4.7388,61.026000000000906],[4.7172,61.0368000000009],[4.7172,61.069200000000905]],[[4.760400000000001,60.907200000000906],[4.728,60.907200000000906],[4.728,60.86400000000091],[4.760400000000001,60.86400000000091],[4.760400000000001,60.907200000000906]],[[10.691600000000001,65.35880000000121],[10.7456,65.35880000000121],[10.7564,65.3804000000012],[10.778,65.3804000000012],[10.778,65.41280000000121],[10.7024,65.41280000000121],[10.7024,65.40200000000121],[10.691600000000001,65.40200000000121],[10.691600000000001,65.35880000000121]],[[9.1472,64.9160000000012],[9.158000000000001,64.9160000000012],[9.158000000000001,64.9592000000012],[9.1472,64.9592000000012],[9.1472,64.9700000000012],[9.1256,64.9700000000012],[9.1256,65.02400000000121],[9.1472,65.02400000000121],[9.1472,65.0996000000012],[9.1256,65.0996000000012],[9.1256,65.1536000000012],[9.0716,65.1536000000012],[9.0716,65.13200000000121],[9.0608,65.13200000000121],[9.0608,65.07800000000121],[9.039200000000001,65.07800000000121],[9.039200000000001,64.9700000000012],[9.0716,64.9700000000012],[9.0716,64.92680000000121],[9.104,64.92680000000121],[9.104,64.88360000000121],[9.1472,64.88360000000121],[9.1472,64.9160000000012]],[[11.145199999999999,65.02400000000121],[11.1128,65.02400000000121],[11.1128,64.9916000000012],[11.145199999999999,64.9916000000012],[11.145199999999999,65.02400000000121]],[[10.7888,64.9484000000012],[10.8968,64.9484000000012],[10.8968,64.9592000000012],[10.929200000000002,64.9592000000012],[10.929200000000002,65.0024000000012],[10.767199999999999,65.0024000000012],[10.767199999999999,64.9592000000012],[10.7888,64.9592000000012],[10.7888,64.9484000000012]],[[7.6244,64.2032000000012],[7.6352,64.2032000000012],[7.6352,64.17080000000121],[7.6244,64.17080000000121],[7.6244,64.1600000000012],[7.5920000000000005,64.1600000000012],[7.5920000000000005,64.12760000000121],[7.6028,64.12760000000121],[7.6028,64.1060000000012],[7.6892,64.1060000000012],[7.6892,64.1168000000012],[7.7216000000000005,64.1168000000012],[7.7216000000000005,64.1492000000012],[7.7432,64.1492000000012],[7.7432,64.1600000000012],[7.754,64.1600000000012],[7.754,64.2032000000012],[7.7432,64.2032000000012],[7.7432,64.22480000000121],[7.7216000000000005,64.22480000000121],[7.7216000000000005,64.2572000000012],[7.7432,64.2572000000012],[7.7432,64.3004000000012],[7.6892,64.3004000000012],[7.6892,64.2896000000012],[7.6676,64.2896000000012],[7.6676,64.27880000000121],[7.6244,64.27880000000121],[7.6244,64.26800000000121],[7.5920000000000005,64.26800000000121],[7.5920000000000005,64.23560000000121],[7.6028,64.23560000000121],[7.6028,64.2140000000012],[7.6244,64.2140000000012],[7.6244,64.2032000000012]],[[9.428,63.684800000001204],[9.3848,63.684800000001204],[9.3848,63.65240000000121],[9.428,63.65240000000121],[9.428,63.684800000001204]],[[7.5164,63.3068000000012],[7.5488,63.3068000000012],[7.5488,63.27440000000121],[7.5704,63.27440000000121],[7.5704,63.25280000000121],[7.5920000000000005,63.25280000000121],[7.6028,63.23120000000121],[7.6244,63.23120000000121],[7.6244,63.220400000001206],[7.6892,63.220400000001206],[7.6892,63.19880000000121],[7.7216000000000005,63.19880000000121],[7.7216000000000005,63.27440000000121],[7.710800000000001,63.27440000000121],[7.710800000000001,63.3068000000012],[7.6892,63.3068000000012],[7.6892,63.3284000000012],[7.710800000000001,63.3284000000012],[7.7216000000000005,63.39320000000121],[7.710800000000001,63.39320000000121],[7.710800000000001,63.404000000001204],[7.6892,63.404000000001204],[7.6892,63.41480000000121],[7.6244,63.41480000000121],[7.6244,63.404000000001204],[7.5812,63.404000000001204],[7.5812,63.4472000000012],[7.5164,63.43640000000121],[7.5164,63.39320000000121],[7.538,63.39320000000121],[7.538,63.37160000000121],[7.5164,63.37160000000121],[7.5164,63.360800000001205],[7.5056,63.360800000001205],[7.5056,63.3284000000012],[7.5164,63.3284000000012],[7.5164,63.3068000000012]],[[6.8684,62.788400000001204],[6.8792,62.788400000001204],[6.8792,62.77760000000121],[6.9332,62.77760000000121],[6.9332,62.8100000000012],[6.944,62.8100000000012],[6.944,62.864000000001205],[6.825200000000001,62.864000000001205],[6.825200000000001,62.85320000000121],[6.7928,62.85320000000121],[6.7928,62.842400000001206],[6.760400000000001,62.842400000001206],[6.760400000000001,62.820800000001206],[6.7496,62.820800000001206],[6.7496,62.788400000001204],[6.825200000000001,62.788400000001204],[6.825200000000001,62.77760000000121],[6.8684,62.77760000000121],[6.8684,62.788400000001204]],[[6.4904,62.77760000000121],[6.4364,62.77760000000121],[6.4364,62.73440000000121],[6.4688,62.73440000000121],[6.4688,62.745200000001205],[6.4904,62.745200000001205],[6.4904,62.77760000000121]],[[6.1556,62.56160000000121],[6.1448,62.56160000000121],[6.1448,62.57240000000121],[6.1232,62.57240000000121],[6.1232,62.583200000001206],[6.0152,62.57240000000121],[6.0152,62.529200000001204],[6.0692,62.529200000001204],[6.0692,62.51840000000121],[6.0908,62.51840000000121],[6.0908,62.507600000001204],[6.1448,62.507600000001204],[6.1448,62.529200000001204],[6.1556,62.529200000001204],[6.1556,62.56160000000121]]],[[[7.6264,57.9612000000009],[7.6048,57.9612000000009],[7.594,57.9396000000009],[7.54,57.9396000000009],[7.54,57.928800000000905],[7.4968,57.928800000000905],[7.4968,57.9180000000009],[7.486,57.9180000000009],[7.486,57.928800000000905],[7.4644,57.928800000000905],[7.4644,57.950400000000904],[7.486,57.9612000000009],[7.486,57.972000000000904],[7.5184,57.972000000000904],[7.5184,58.004400000000906],[7.4968,58.004400000000906],[7.4968,58.0152000000009],[7.5292,58.0152000000009],[7.5292,58.004400000000906],[7.5724,58.004400000000906],[7.5724,58.0152000000009],[7.5832,58.0152000000009],[7.5832,58.004400000000906],[7.594,58.004400000000906],[7.594,57.972000000000904],[7.6264,57.972000000000904],[7.6264,57.9612000000009]]],[[[11.0716,58.188000000000905],[11.104,58.188000000000905],[11.104,58.1556000000009],[11.0824,58.1556000000009],[11.0824,58.1772000000009],[11.0608,58.1772000000009],[11.0608,58.209600000000904],[11.0716,58.209600000000904],[11.0716,58.188000000000905]]],[[[10.3588,59.51640000000091],[10.3804,59.51640000000091],[10.3912,59.538000000000906],[10.4128,59.5488000000009],[10.4128,59.5704000000009],[10.4236,59.5704000000009],[10.4236,59.538000000000906],[10.4128,59.538000000000906],[10.4128,59.51640000000091],[10.402000000000001,59.51640000000091],[10.3912,59.49480000000091],[10.3804,59.49480000000091],[10.3804,59.5056000000009],[10.3588,59.5056000000009],[10.3588,59.51640000000091]]],[[[10.5964,59.656800000000906],[10.5964,59.6676000000009],[10.5532,59.6676000000009],[10.5532,59.678400000000906],[10.5964,59.678400000000906],[10.5964,59.700000000000905],[10.6072,59.700000000000905],[10.6072,59.678400000000906],[10.618,59.678400000000906],[10.618,59.6676000000009],[10.6288,59.6676000000009],[10.6288,59.602800000000904],[10.618,59.602800000000904],[10.618,59.624400000000904],[10.6072,59.624400000000904],[10.6072,59.656800000000906],[10.5964,59.656800000000906]]],[[[5.3004,60.032400000000905],[5.322,60.0432000000009],[5.322,60.054000000000904],[5.332800000000001,60.054000000000904],[5.332800000000001,60.0432000000009],[5.3544,60.0432000000009],[5.3544,60.032400000000905],[5.332800000000001,60.032400000000905],[5.332800000000001,60.0000000000009],[5.322,60.0000000000009],[5.322,60.0216000000009],[5.3004,60.0216000000009],[5.3004,60.032400000000905]]],[[[5.16,60.270000000000906],[5.1276,60.270000000000906],[5.1276,60.3240000000009],[5.1168,60.3240000000009],[5.1168,60.334800000000904],[5.1492,60.334800000000904],[5.1492,60.3780000000009],[5.16,60.3780000000009],[5.16,60.388800000000906],[5.1924,60.388800000000906],[5.203200000000001,60.410400000000905],[5.2463999999999995,60.410400000000905],[5.2463999999999995,60.3996000000009],[5.214,60.3996000000009],[5.203200000000001,60.3780000000009],[5.1924,60.3780000000009],[5.1924,60.3240000000009],[5.1708,60.3240000000009],[5.1708,60.2376000000009],[5.16,60.2376000000009],[5.16,60.270000000000906]]],[[[4.9872,60.7344000000009],[4.890000000000001,60.7344000000009],[4.890000000000001,60.74520000000091],[4.8576,60.74520000000091],[4.8576,60.766800000000906],[4.9008,60.766800000000906],[4.9008,60.7560000000009],[4.9332,60.7560000000009],[4.9332,60.74520000000091],[5.0088,60.74520000000091],[5.0088,60.7344000000009],[4.998,60.7344000000009],[4.998,60.72360000000091],[4.9872,60.72360000000091],[4.9872,60.7344000000009]]],[[[5.397600000000001,61.0584000000009],[5.3544,61.0584000000009],[5.3544,61.0800000000009],[5.397600000000001,61.0800000000009],[5.397600000000001,61.0584000000009]]],[[[5.840400000000001,61.1124000000009],[5.8187999999999995,61.1124000000009],[5.8187999999999995,61.12320000000091],[5.7864,61.12320000000091],[5.7864,61.1124000000009],[5.7,61.12320000000091],[5.7,61.1124000000009],[5.6676,61.1124000000009],[5.6676,61.10160000000091],[5.6244,61.10160000000091],[5.6244,61.090800000000904],[5.5920000000000005,61.090800000000904],[5.5920000000000005,61.0800000000009],[5.5812,61.0800000000009],[5.5812,61.1124000000009],[5.6244,61.1124000000009],[5.6244,61.1340000000009],[5.7,61.1340000000009],[5.7,61.144800000000906],[5.7648,61.1340000000009],[5.7648,61.144800000000906],[5.808,61.144800000000906],[5.808,61.1340000000009],[5.8512,61.12320000000091],[5.8512,61.10160000000091],[5.840400000000001,61.10160000000091],[5.840400000000001,61.1124000000009]]],[[[4.8036,61.22040000000091],[4.8036,61.24200000000091],[4.825200000000001,61.24200000000091],[4.825200000000001,61.22040000000091],[4.8144,61.22040000000091],[4.8144,61.209600000000904],[4.7928,61.209600000000904],[4.7928,61.188000000000905],[4.782,61.188000000000905],[4.782,61.22040000000091],[4.8036,61.22040000000091]]],[[[4.728,61.209600000000904],[4.6848,61.209600000000904],[4.6848,61.24200000000091],[4.7388,61.24200000000091],[4.7388,61.22040000000091],[4.728,61.22040000000091],[4.728,61.209600000000904]]],[[[6.132,62.343600000000905],[6.1212,62.322000000000905],[6.0888,62.322000000000905],[6.0888,62.343600000000905],[6.132,62.343600000000905]]],[[[7.6676,62.97200000000121],[7.6568000000000005,62.95040000000121],[7.6244,62.95040000000121],[7.6244,62.93960000000121],[7.5920000000000005,62.93960000000121],[7.5920000000000005,62.961200000001206],[7.646000000000001,62.961200000001206],[7.646000000000001,62.97200000000121],[7.6676,62.97200000000121]]],[[[7.6784,62.97200000000121],[7.6784,62.982800000001205],[7.7864,62.982800000001205],[7.7864,62.961200000001206],[7.775600000000001,62.961200000001206],[7.775600000000001,62.97200000000121],[7.6784,62.97200000000121]]],[[[7.862,62.982800000001205],[7.862,62.99360000000121],[7.840400000000001,62.99360000000121],[7.840400000000001,63.004400000001205],[7.905200000000001,62.99360000000121],[7.905200000000001,62.982800000001205],[7.862,62.982800000001205]]],[[[8.3804,63.144800000001204],[8.3804,63.15560000000121],[8.4776,63.15560000000121],[8.4776,63.144800000001204],[8.3804,63.144800000001204]]],[[[8.186,63.15560000000121],[8.294,63.15560000000121],[8.294,63.144800000001204],[8.186,63.144800000001204],[8.186,63.15560000000121]]],[[[10.7024,63.598400000001206],[10.691600000000001,63.57680000000121],[10.67,63.57680000000121],[10.6592,63.55520000000121],[10.637599999999999,63.55520000000121],[10.6268,63.53360000000121],[10.5944,63.53360000000121],[10.5944,63.544400000001204],[10.562000000000001,63.544400000001204],[10.562000000000001,63.53360000000121],[10.313600000000001,63.53360000000121],[10.313600000000001,63.544400000001204],[10.302800000000001,63.544400000001204],[10.313600000000001,63.5660000000012],[10.4108,63.5660000000012],[10.4108,63.57680000000121],[10.432400000000001,63.57680000000121],[10.432400000000001,63.5876000000012],[10.443200000000001,63.5876000000012],[10.443200000000001,63.598400000001206],[10.4972,63.598400000001206],[10.4972,63.60920000000121],[10.562000000000001,63.620000000001205],[10.562000000000001,63.63080000000121],[10.5836,63.63080000000121],[10.5836,63.641600000001205],[10.616,63.641600000001205],[10.6268,63.663200000001204],[10.6592,63.663200000001204],[10.6592,63.67400000000121],[10.7024,63.67400000000121],[10.7024,63.663200000001204],[10.7348,63.663200000001204],[10.7348,63.65240000000121],[10.767199999999999,63.65240000000121],[10.767199999999999,63.63080000000121],[10.7348,63.63080000000121],[10.7348,63.620000000001205],[10.724,63.620000000001205],[10.724,63.598400000001206],[10.7024,63.598400000001206]]],[[[11.102,63.8252000000012],[11.1128,63.8252000000012],[11.1128,63.81440000000121],[11.1344,63.81440000000121],[11.1344,63.803600000001204],[11.069600000000001,63.803600000001204],[11.069600000000001,63.79280000000121],[11.0372,63.79280000000121],[11.0372,63.782000000001204],[11.0156,63.782000000001204],[11.0156,63.74960000000121],[11.048,63.74960000000121],[11.048,63.7064000000012],[10.940000000000001,63.7064000000012],[10.940000000000001,63.69560000000121],[10.9184,63.69560000000121],[10.9184,63.684800000001204],[10.9076,63.684800000001204],[10.9076,63.72800000000121],[10.940000000000001,63.72800000000121],[10.940000000000001,63.738800000001206],[10.9616,63.738800000001206],[10.9724,63.782000000001204],[10.994,63.782000000001204],[11.0048,63.803600000001204],[11.0264,63.803600000001204],[11.0372,63.8252000000012],[11.058800000000002,63.8252000000012],[11.058800000000002,63.857600000001206],[11.0372,63.857600000001206],[11.0372,63.879200000001205],[11.0264,63.879200000001205],[11.0264,63.89000000000121],[11.0048,63.89000000000121],[11.0048,63.900800000001205],[10.940000000000001,63.900800000001205],[10.940000000000001,63.89000000000121],[10.929200000000002,63.89000000000121],[10.929200000000002,63.91160000000121],[10.9616,63.91160000000121],[10.9616,63.922400000001204],[10.9724,63.922400000001204],[10.9724,63.91160000000121],[11.058800000000002,63.91160000000121],[11.058800000000002,63.922400000001204],[11.1344,63.922400000001204],[11.1344,63.91160000000121],[11.1128,63.91160000000121],[11.102,63.89000000000121],[11.080400000000001,63.89000000000121],[11.080400000000001,63.857600000001206],[11.102,63.857600000001206],[11.102,63.8252000000012]]],[[[9.5036,63.8252000000012],[9.536000000000001,63.8252000000012],[9.536000000000001,63.836000000001206],[9.5576,63.836000000001206],[9.5684,63.857600000001206],[9.5792,63.857600000001206],[9.5792,63.84680000000121],[9.6548,63.84680000000121],[9.6548,63.836000000001206],[9.6332,63.836000000001206],[9.6332,63.81440000000121],[9.6008,63.81440000000121],[9.6008,63.79280000000121],[9.59,63.79280000000121],[9.59,63.803600000001204],[9.492799999999999,63.803600000001204],[9.5036,63.8252000000012]]],[[[11.058800000000002,64.6676000000012],[11.1344,64.6676000000012],[11.1344,64.65680000000121],[11.156,64.65680000000121],[11.156,64.6352000000012],[11.2208,64.6352000000012],[11.2208,64.6244000000012],[11.145199999999999,64.6244000000012],[11.145199999999999,64.64600000000121],[11.0912,64.64600000000121],[11.0912,64.65680000000121],[11.058800000000002,64.65680000000121],[11.058800000000002,64.6676000000012]]],[[[10.994,65.17520000000121],[10.994,65.2292000000012],[11.0156,65.2292000000012],[11.0156,65.17520000000121],[10.994,65.17520000000121]]],[[[11.428,58.069200000000905],[11.4388,58.069200000000905],[11.4388,58.0368000000009],[11.4604,58.026000000000906],[11.4604,58.004400000000906],[11.492799999999999,58.004400000000906],[11.492799999999999,57.972000000000904],[11.5036,57.972000000000904],[11.5036,57.9612000000009],[11.5252,57.950400000000904],[11.5252,57.928800000000905],[11.546800000000001,57.928800000000905],[11.546800000000001,57.907200000000906],[11.5684,57.907200000000906],[11.5684,57.86400000000091],[11.5792,57.86400000000091],[11.59,57.84240000000091],[11.6332,57.84240000000091],[11.6332,57.831600000000904],[11.6548,57.831600000000904],[11.6548,57.8208000000009],[11.6872,57.8208000000009],[11.6872,57.7992000000009],[11.7196,57.7992000000009],[11.7196,57.788400000000905],[11.795200000000001,57.788400000000905],[11.795200000000001,57.7776000000009],[11.7736,57.7776000000009],[11.7628,57.7560000000009],[11.7412,57.74520000000091],[11.7412,57.72360000000091],[11.7088,57.72360000000091],[11.7088,57.691200000000904],[11.7628,57.691200000000904],[11.7628,57.6804000000009],[11.795200000000001,57.6804000000009],[11.795200000000001,57.669600000000905],[11.86,57.669600000000905],[11.86,57.626400000000906],[11.8708,57.626400000000906],[11.8708,57.594000000000904],[11.86,57.594000000000904],[11.86,57.5832000000009],[11.8384,57.5832000000009],[11.8384,57.572400000000904],[11.8168,57.572400000000904],[11.8168,57.5832000000009],[11.806000000000001,57.5832000000009],[11.806000000000001,57.6588000000009],[11.7412,57.6588000000009],[11.7412,57.648000000000906],[11.7088,57.648000000000906],[11.7088,57.6156000000009],[11.7412,57.6156000000009],[11.7412,57.594000000000904],[11.752,57.594000000000904],[11.752,57.5616000000009],[11.7628,57.5616000000009],[11.7628,57.550800000000905],[11.806000000000001,57.550800000000905],[11.806000000000001,57.5400000000009],[11.8168,57.5400000000009],[11.8168,57.529200000000905],[11.8384,57.529200000000905],[11.8384,57.5184000000009],[11.8708,57.5184000000009],[11.8708,57.4968000000009],[10.51,57.4968000000009],[10.51,57.507600000000906],[10.4776,57.507600000000906],[10.4776,57.5184000000009],[10.456,57.5184000000009],[10.456,57.5616000000009],[10.4452,57.5616000000009],[10.4452,57.594000000000904],[10.4236,57.594000000000904],[10.4236,57.60480000000091],[10.4452,57.60480000000091],[10.456,57.648000000000906],[10.4776,57.648000000000906],[10.4776,57.669600000000905],[10.520800000000001,57.669600000000905],[10.520800000000001,57.691200000000904],[10.531600000000001,57.691200000000904],[10.531600000000001,57.7020000000009],[10.5532,57.7020000000009],[10.5532,57.712800000000904],[10.5856,57.712800000000904],[10.5856,57.74520000000091],[10.531600000000001,57.74520000000091],[10.531600000000001,57.7992000000009],[10.4776,57.7992000000009],[10.4776,57.810000000000905],[10.520800000000001,57.810000000000905],[10.520800000000001,57.8208000000009],[10.531600000000001,57.8208000000009],[10.531600000000001,57.84240000000091],[10.5532,57.84240000000091],[10.5532,57.8748000000009],[10.5856,57.8748000000009],[10.5964,57.8964000000009],[10.6072,57.8964000000009],[10.6072,57.885600000000906],[10.650400000000001,57.885600000000906],[10.650400000000001,57.8964000000009],[10.7044,57.8964000000009],[10.7044,57.907200000000906],[10.7152,57.907200000000906],[10.7152,57.9396000000009],[10.6828,57.9396000000009],[10.6828,57.950400000000904],[10.661200000000001,57.950400000000904],[10.661200000000001,57.98280000000091],[10.650400000000001,57.98280000000091],[10.650400000000001,57.9936000000009],[10.672,57.9936000000009],[10.672,58.004400000000906],[10.7044,58.004400000000906],[10.7152,58.026000000000906],[10.7368,58.026000000000906],[10.7368,58.0584000000009],[10.780000000000001,58.0800000000009],[10.780000000000001,58.10160000000091],[10.834,58.10160000000091],[10.834,58.1124000000009],[10.8772,58.1124000000009],[10.8772,58.12320000000091],[10.942,58.12320000000091],[10.942,58.144800000000906],[10.9528,58.144800000000906],[10.9528,58.1340000000009],[10.996,58.1340000000009],[10.996,58.144800000000906],[11.0068,58.144800000000906],[11.0068,58.1340000000009],[11.039200000000001,58.1340000000009],[11.039200000000001,58.12320000000091],[11.0716,58.12320000000091],[11.0716,58.1124000000009],[11.104,58.1124000000009],[11.104,58.10160000000091],[11.1256,58.10160000000091],[11.1256,58.0800000000009],[11.2336,58.0800000000009],[11.2336,58.1124000000009],[11.2228,58.1124000000009],[11.2228,58.144800000000906],[11.212,58.144800000000906],[11.2228,58.188000000000905],[11.2444,58.188000000000905],[11.2444,58.1772000000009],[11.287600000000001,58.1772000000009],[11.2984,58.1988000000009],[11.32,58.1988000000009],[11.32,58.166400000000905],[11.3308,58.166400000000905],[11.3308,58.144800000000906],[11.374,58.144800000000906],[11.374,58.1340000000009],[11.3956,58.12320000000091],[11.3956,58.0800000000009],[11.428,58.0800000000009],[11.428,58.069200000000905]],[[11.644,57.6588000000009],[11.644,57.648000000000906],[11.6872,57.648000000000906],[11.6872,57.6804000000009],[11.665600000000001,57.6804000000009],[11.665600000000001,57.7020000000009],[11.6332,57.7020000000009],[11.6332,57.6588000000009],[11.644,57.6588000000009]]],[[[11.188400000000001,63.782000000001204],[11.188400000000001,63.79280000000121],[11.2208,63.79280000000121],[11.2208,63.803600000001204],[11.2424,63.803600000001204],[11.2424,63.81440000000121],[11.2532,63.81440000000121],[11.2532,63.782000000001204],[11.264,63.782000000001204],[11.264,63.760400000001205],[11.2208,63.760400000001205],[11.2208,63.74960000000121],[11.188400000000001,63.74960000000121],[11.188400000000001,63.77120000000121],[11.1776,63.77120000000121],[11.1776,63.782000000001204],[11.188400000000001,63.782000000001204]]],[[[11.3936,64.0196000000012],[11.3828,63.998000000001205],[11.318000000000001,63.998000000001205],[11.318000000000001,64.0196000000012],[11.3936,64.0196000000012]]],[[[11.4044,64.5272000000012],[11.4044,64.5380000000012],[11.3828,64.5380000000012],[11.3828,64.54880000000121],[11.3396,64.54880000000121],[11.3396,64.55960000000121],[11.436800000000002,64.55960000000121],[11.436800000000002,64.54880000000121],[11.4908,64.54880000000121],[11.4908,64.55960000000121],[11.534,64.55960000000121],[11.534,64.54880000000121],[11.5016,64.54880000000121],[11.5016,64.5380000000012],[11.4692,64.5380000000012],[11.4692,64.5272000000012],[11.4044,64.5272000000012]]],[[[11.5988,64.84040000000121],[11.6204,64.84040000000121],[11.6312,64.8620000000012],[11.6528,64.8620000000012],[11.6636,64.88360000000121],[11.706800000000001,64.88360000000121],[11.706800000000001,64.82960000000121],[11.6312,64.82960000000121],[11.6312,64.8080000000012],[11.577200000000001,64.8080000000012],[11.577200000000001,64.78640000000121],[11.5016,64.78640000000121],[11.5016,64.79720000000121],[11.5556,64.79720000000121],[11.566400000000002,64.8188000000012],[11.5988,64.8188000000012],[11.5988,64.84040000000121]]],[[[11.2532,64.8080000000012],[11.2208,64.8080000000012],[11.2208,64.78640000000121],[11.156,64.78640000000121],[11.156,64.7756000000012],[11.1236,64.7756000000012],[11.1236,64.78640000000121],[11.102,64.78640000000121],[11.102,64.8080000000012],[11.1776,64.8080000000012],[11.1776,64.8188000000012],[11.21,64.8188000000012],[11.2208,64.84040000000121],[11.2424,64.84040000000121],[11.2532,64.8620000000012],[11.274799999999999,64.8620000000012],[11.274799999999999,64.8728000000012],[11.2856,64.8728000000012],[11.2856,64.9052000000012],[11.3072,64.9052000000012],[11.3072,64.9160000000012],[11.3396,64.9160000000012],[11.3396,64.92680000000121],[11.3504,64.92680000000121],[11.3504,64.9484000000012],[11.372,64.9484000000012],[11.372,64.9700000000012],[11.4152,64.9700000000012],[11.4152,64.92680000000121],[11.3936,64.92680000000121],[11.3936,64.9160000000012],[11.3612,64.9160000000012],[11.3504,64.89440000000121],[11.328800000000001,64.89440000000121],[11.318000000000001,64.8512000000012],[11.2964,64.8512000000012],[11.2856,64.82960000000121],[11.264,64.82960000000121],[11.2532,64.8080000000012]]],[[[11.7716,64.9052000000012],[11.804,64.9052000000012],[11.804,64.9160000000012],[11.825600000000001,64.9160000000012],[11.8148,64.89440000000121],[11.75,64.88360000000121],[11.75,64.82960000000121],[11.7392,64.82960000000121],[11.7392,64.89440000000121],[11.7716,64.89440000000121],[11.7716,64.9052000000012]]],[[[11.6096,65.03480000000121],[11.6528,65.03480000000121],[11.6528,65.0456000000012],[11.696000000000002,65.0456000000012],[11.696000000000002,65.0564000000012],[11.717600000000001,65.0564000000012],[11.717600000000001,65.06720000000121],[11.7284,65.06720000000121],[11.7284,65.0456000000012],[11.706800000000001,65.0456000000012],[11.706800000000001,65.0132000000012],[11.6312,65.0132000000012],[11.6312,65.02400000000121],[11.588000000000001,65.02400000000121],[11.588000000000001,65.03480000000121],[11.5988,65.03480000000121],[11.5988,65.0456000000012],[11.6096,65.0456000000012],[11.6096,65.03480000000121]]],[[[11.696000000000002,65.1536000000012],[11.7284,65.1536000000012],[11.7284,65.1104000000012],[11.6636,65.1104000000012],[11.6636,65.12120000000121],[11.6312,65.12120000000121],[11.6312,65.13200000000121],[11.6528,65.13200000000121],[11.6528,65.1428000000012],[11.6636,65.1428000000012],[11.6636,65.13200000000121],[11.696000000000002,65.13200000000121],[11.696000000000002,65.1536000000012]]],[[[11.4692,65.1968000000012],[11.4692,65.17520000000121],[11.447600000000001,65.17520000000121],[11.447600000000001,65.16440000000121],[11.4152,65.16440000000121],[11.4152,65.1536000000012],[11.3504,65.1536000000012],[11.3504,65.16440000000121],[11.318000000000001,65.16440000000121],[11.318000000000001,65.17520000000121],[11.3072,65.17520000000121],[11.3072,65.1860000000012],[11.318000000000001,65.1860000000012],[11.318000000000001,65.2400000000012],[11.3396,65.2400000000012],[11.3504,65.26160000000121],[11.372,65.26160000000121],[11.372,65.2832000000012],[11.3828,65.2832000000012],[11.3828,65.2940000000012],[11.3936,65.2940000000012],[11.3936,65.2832000000012],[11.436800000000002,65.2832000000012],[11.436800000000002,65.27240000000121],[11.447600000000001,65.27240000000121],[11.447600000000001,65.2508000000012],[11.5016,65.2508000000012],[11.5016,65.20760000000121],[11.48,65.20760000000121],[11.48,65.1968000000012],[11.4692,65.1968000000012]]],[[[11.9336,65.2508000000012],[11.9876,65.2508000000012],[11.9876,65.2400000000012],[11.955200000000001,65.2400000000012],[11.955200000000001,65.2292000000012],[11.944400000000002,65.2292000000012],[11.944400000000002,65.21840000000121],[11.9336,65.21840000000121],[11.9336,65.2292000000012],[11.912,65.2292000000012],[11.912,65.2400000000012],[11.9336,65.2400000000012],[11.9336,65.2508000000012]]],[[[11.9012,65.44520000000121],[11.912,65.44520000000121],[11.912,65.45600000000121],[11.9336,65.45600000000121],[11.9336,65.4668000000012],[11.944400000000002,65.4668000000012],[11.944400000000002,65.4884000000012],[11.9876,65.4884000000012],[11.9876,65.30480000000121],[11.9228,65.30480000000121],[11.9228,65.2940000000012],[11.8472,65.2940000000012],[11.836400000000001,65.31560000000121],[11.7392,65.31560000000121],[11.7392,65.3264000000012],[11.706800000000001,65.3264000000012],[11.706800000000001,65.31560000000121],[11.696000000000002,65.31560000000121],[11.696000000000002,65.3264000000012],[11.6636,65.3264000000012],[11.6636,65.2940000000012],[11.6204,65.2940000000012],[11.6204,65.31560000000121],[11.577200000000001,65.31560000000121],[11.577200000000001,65.30480000000121],[11.5448,65.30480000000121],[11.5448,65.2940000000012],[11.4908,65.2940000000012],[11.4908,65.30480000000121],[11.4692,65.30480000000121],[11.4692,65.31560000000121],[11.436800000000002,65.31560000000121],[11.426,65.3372000000012],[11.3396,65.3480000000012],[11.3396,65.36960000000121],[11.318000000000001,65.36960000000121],[11.318000000000001,65.40200000000121],[11.3072,65.40200000000121],[11.3072,65.4236000000012],[11.2856,65.4236000000012],[11.2856,65.49920000000121],[11.696000000000002,65.49920000000121],[11.696000000000002,65.44520000000121],[11.7608,65.44520000000121],[11.7608,65.4344000000012],[11.782399999999999,65.4344000000012],[11.782399999999999,65.4236000000012],[11.8472,65.4236000000012],[11.8472,65.41280000000121],[11.8796,65.41280000000121],[11.8796,65.4236000000012],[11.9012,65.4236000000012],[11.9012,65.44520000000121]],[[11.6312,65.41280000000121],[11.6312,65.40200000000121],[11.6636,65.40200000000121],[11.6636,65.3912000000012],[11.717600000000001,65.3912000000012],[11.717600000000001,65.4344000000012],[11.6852,65.4344000000012],[11.6852,65.4668000000012],[11.6096,65.4668000000012],[11.6096,65.41280000000121],[11.6312,65.41280000000121]]],[[[12.257200000000001,65.6696000000006],[12.268,65.6696000000006],[12.268,65.65880000000061],[12.2896,65.65880000000061],[12.2896,65.61560000000061],[12.268,65.61560000000061],[12.268,65.5724000000006],[12.257200000000001,65.5724000000006],[12.257200000000001,65.56160000000061],[12.2356,65.56160000000061],[12.2356,65.5508000000006],[12.1816,65.5508000000006],[12.1816,65.51840000000061],[12.16,65.51840000000061],[12.16,65.50760000000061],[12.0952,65.50760000000061],[12.0844,65.5508000000006],[12.0628,65.5508000000006],[12.0628,65.56160000000061],[11.9872,65.56160000000061],[11.9872,65.5724000000006],[11.9008,65.5724000000006],[11.9008,65.5940000000006],[11.9332,65.5940000000006],[11.9332,65.60480000000061],[11.9548,65.60480000000061],[11.9548,65.6264000000006],[11.9872,65.6264000000006],[11.9872,65.6372000000006],[12.0304,65.6372000000006],[12.0304,65.64800000000061],[12.0628,65.64800000000061],[12.0628,65.6696000000006],[12.1384,65.6696000000006],[12.1384,65.6804000000006],[12.1492,65.6804000000006],[12.1492,65.6696000000006],[12.1816,65.6696000000006],[12.1816,65.65880000000061],[12.16,65.65880000000061],[12.16,65.6264000000006],[12.1924,65.6264000000006],[12.1924,65.65880000000061],[12.214,65.65880000000061],[12.214,65.64800000000061],[12.257200000000001,65.64800000000061],[12.257200000000001,65.6696000000006]]],[[[12.538,65.84240000000061],[12.538,65.8316000000006],[12.5272,65.8316000000006],[12.5272,65.7884000000006],[12.5164,65.7884000000006],[12.5164,65.8100000000006],[12.4624,65.8100000000006],[12.4624,65.8208000000006],[12.4732,65.8208000000006],[12.4732,65.84240000000061],[12.538,65.84240000000061]]],[[[12.646,65.89640000000061],[12.592,65.89640000000061],[12.592,65.79920000000061],[12.5704,65.8100000000006],[12.5704,65.8208000000006],[12.581199999999999,65.8208000000006],[12.581199999999999,65.8532000000006],[12.5704,65.8532000000006],[12.5704,65.9072000000006],[12.581199999999999,65.9072000000006],[12.581199999999999,65.9180000000006],[12.6028,65.9180000000006],[12.6028,65.9288000000006],[12.635200000000001,65.9288000000006],[12.635200000000001,65.93960000000061],[12.6568,65.93960000000061],[12.6568,65.9504000000006],[12.7108,65.9504000000006],[12.7108,65.9612000000006],[12.7324,65.9612000000006],[12.7324,65.9720000000006],[12.7972,65.9720000000006],[12.7972,65.98280000000061],[12.8512,65.98280000000061],[12.8512,65.99360000000061],[12.894400000000001,65.99360000000061],[12.894400000000001,66.03680000000061],[12.8512,66.03680000000061],[12.8512,66.02600000000061],[12.8404,66.02600000000061],[12.8404,66.0476000000006],[12.8728,66.0476000000006],[12.8728,66.0584000000006],[12.916,66.0584000000006],[12.916,66.0476000000006],[12.9484,66.0476000000006],[12.9484,66.0692000000006],[12.9592,66.0692000000006],[12.9592,66.0152000000006],[12.9376,66.0152000000006],[12.9376,65.98280000000061],[12.862,65.98280000000061],[12.862,65.9720000000006],[12.754,65.9612000000006],[12.754,65.9504000000006],[12.6892,65.93960000000061],[12.6892,65.9180000000006],[12.646,65.9180000000006],[12.646,65.89640000000061]]],[[[12.6892,66.02600000000061],[12.5704,66.02600000000061],[12.5704,66.03680000000061],[12.581199999999999,66.03680000000061],[12.581199999999999,66.0584000000006],[12.6028,66.0584000000006],[12.6028,66.08000000000061],[12.6568,66.08000000000061],[12.6568,66.1016000000006],[12.6784,66.1016000000006],[12.6892,66.12320000000061],[12.7,66.12320000000061],[12.7,66.1124000000006],[12.7432,66.1124000000006],[12.7432,66.1016000000006],[12.7216,66.1016000000006],[12.7216,66.08000000000061],[12.7,66.08000000000061],[12.7,66.0692000000006],[12.6676,66.0692000000006],[12.6676,66.03680000000061],[12.6892,66.03680000000061],[12.6892,66.02600000000061]]],[[[12.3328,66.12320000000061],[12.376000000000001,66.12320000000061],[12.376000000000001,66.1016000000006],[12.3652,66.1016000000006],[12.3652,66.0908000000006],[12.3328,66.0908000000006],[12.3328,66.12320000000061]]],[[[12.4516,66.1664000000006],[12.4516,66.1448000000006],[12.43,66.1448000000006],[12.43,66.13400000000061],[12.386800000000001,66.13400000000061],[12.386800000000001,66.1448000000006],[12.4084,66.1448000000006],[12.4084,66.1988000000006],[12.43,66.1988000000006],[12.43,66.1664000000006],[12.4516,66.1664000000006]]],[[[12.7864,66.2096000000006],[12.7432,66.2096000000006],[12.7432,66.22040000000061],[12.8836,66.22040000000061],[12.8836,66.1988000000006],[12.862,66.1988000000006],[12.862,66.1448000000006],[12.8836,66.1448000000006],[12.8836,66.13400000000061],[12.8296,66.13400000000061],[12.8296,66.12320000000061],[12.764800000000001,66.12320000000061],[12.764800000000001,66.1448000000006],[12.7864,66.1448000000006],[12.7864,66.2096000000006]]],[[[12.6784,66.2096000000006],[12.6784,66.22040000000061],[12.7,66.2096000000006],[12.7,66.1988000000006],[12.6892,66.1988000000006],[12.6892,66.17720000000061],[12.6676,66.17720000000061],[12.6676,66.1556000000006],[12.635200000000001,66.1556000000006],[12.635200000000001,66.1988000000006],[12.6568,66.1988000000006],[12.6568,66.2096000000006],[12.6784,66.2096000000006]]],[[[13.0996,66.1664000000006],[13.0996,66.1556000000006],[12.9052,66.1556000000006],[12.9052,66.1664000000006],[12.9592,66.1664000000006],[12.9592,66.22040000000061],[13.0024,66.22040000000061],[13.0024,66.2312000000006],[13.013200000000001,66.2312000000006],[13.013200000000001,66.1880000000006],[13.024000000000001,66.1880000000006],[13.024000000000001,66.17720000000061],[13.0672,66.17720000000061],[13.0672,66.1880000000006],[13.078,66.1880000000006],[13.078,66.17720000000061],[13.1104,66.17720000000061],[13.1104,66.1880000000006],[13.132,66.1880000000006],[13.132,66.1664000000006],[13.0996,66.1664000000006]]],[[[12.376000000000001,66.22040000000061],[12.376000000000001,66.2096000000006],[12.3976,66.2096000000006],[12.3976,66.1988000000006],[12.376000000000001,66.1988000000006],[12.376000000000001,66.1880000000006],[12.3436,66.1880000000006],[12.3436,66.17720000000061],[12.3004,66.17720000000061],[12.3004,66.2096000000006],[12.3328,66.2096000000006],[12.3328,66.22040000000061],[12.376000000000001,66.22040000000061]]],[[[13.348,66.8468000000006],[13.348,66.83600000000061],[13.3372,66.83600000000061],[13.3372,66.8036000000006],[13.348,66.8036000000006],[13.348,66.78200000000061],[13.2832,66.78200000000061],[13.2832,66.7712000000006],[13.24,66.7604000000006],[13.24,66.7496000000006],[13.2076,66.7496000000006],[13.2076,66.7280000000006],[13.1644,66.7280000000006],[13.1644,66.73880000000061],[13.132,66.73880000000061],[13.132,66.69560000000061],[13.0672,66.69560000000061],[13.0672,66.7172000000006],[13.0564,66.7172000000006],[13.0564,66.7280000000006],[13.088799999999999,66.7280000000006],[13.088799999999999,66.7604000000006],[13.1212,66.7604000000006],[13.1212,66.79280000000061],[13.078,66.79280000000061],[13.078,66.7712000000006],[13.013200000000001,66.7604000000006],[13.013200000000001,66.7172000000006],[12.97,66.7172000000006],[12.97,66.7064000000006],[12.9592,66.7064000000006],[12.9592,66.73880000000061],[12.9268,66.73880000000061],[12.9268,66.7604000000006],[12.7864,66.7604000000006],[12.7864,66.7712000000006],[12.754,66.7712000000006],[12.754,66.7604000000006],[12.7432,66.7604000000006],[12.7432,66.79280000000061],[12.7108,66.79280000000061],[12.7108,66.8036000000006],[12.646,66.8036000000006],[12.635200000000001,66.78200000000061],[12.6136,66.78200000000061],[12.6136,66.7712000000006],[12.6028,66.7712000000006],[12.6028,66.8144000000006],[12.581199999999999,66.8144000000006],[12.581199999999999,66.8252000000006],[12.484,66.8252000000006],[12.484,66.79280000000061],[12.505600000000001,66.79280000000061],[12.505600000000001,66.7280000000006],[12.538,66.7280000000006],[12.538,66.7172000000006],[12.505600000000001,66.7172000000006],[12.505600000000001,66.69560000000061],[12.4948,66.69560000000061],[12.4948,66.7064000000006],[12.4624,66.7064000000006],[12.4624,66.7604000000006],[12.4408,66.7604000000006],[12.4408,66.7712000000006],[12.4084,66.7712000000006],[12.4084,66.8252000000006],[12.3436,66.8252000000006],[12.3436,66.8036000000006],[12.3004,66.8036000000006],[12.3004,66.8468000000006],[12.268,66.8468000000006],[12.257200000000001,66.8252000000006],[12.214,66.8252000000006],[12.2032,66.8036000000006],[12.16,66.8036000000006],[12.16,66.79280000000061],[12.127600000000001,66.79280000000061],[12.127600000000001,66.78200000000061],[11.944,66.78200000000061],[11.944,66.7712000000006],[11.8792,66.7604000000006],[11.8792,66.7496000000006],[11.8576,66.7496000000006],[11.8576,66.73880000000061],[11.728,66.73880000000061],[11.7172,66.7172000000006],[11.674,66.7172000000006],[11.674,66.6740000000006],[11.6956,66.6740000000006],[11.6956,66.64160000000061],[11.7388,66.64160000000061],[11.7388,66.6632000000006],[11.782,66.6740000000006],[11.782,66.6632000000006],[11.7712,66.6632000000006],[11.7712,66.64160000000061],[11.749600000000001,66.64160000000061],[11.749600000000001,66.6308000000006],[11.728,66.6308000000006],[11.728,66.6200000000006],[11.7172,66.6200000000006],[11.7172,66.55520000000061],[11.7604,66.55520000000061],[11.7712,66.5768000000006],[11.8468,66.5768000000006],[11.8468,66.5876000000006],[11.8792,66.5876000000006],[11.8792,66.59840000000061],[11.89,66.59840000000061],[11.89,66.5876000000006],[11.9224,66.5876000000006],[11.9224,66.59840000000061],[11.9332,66.59840000000061],[11.944,66.5768000000006],[11.9872,66.5768000000006],[11.998,66.55520000000061],[12.0304,66.55520000000061],[12.0412,66.5768000000006],[12.0844,66.5876000000006],[12.0844,66.59840000000061],[12.0952,66.59840000000061],[12.0952,66.6200000000006],[12.1168,66.6200000000006],[12.1168,66.6308000000006],[12.1492,66.6308000000006],[12.1492,66.64160000000061],[12.1708,66.64160000000061],[12.1708,66.6632000000006],[12.2248,66.6632000000006],[12.2248,66.6740000000006],[12.3112,66.6632000000006],[12.3112,66.64160000000061],[12.3436,66.64160000000061],[12.3436,66.6308000000006],[12.3112,66.6308000000006],[12.3112,66.55520000000061],[12.4084,66.55520000000061],[12.4084,66.5660000000006],[12.4192,66.5660000000006],[12.4192,66.6092000000006],[12.4408,66.6092000000006],[12.4408,66.6200000000006],[12.4732,66.6200000000006],[12.4732,66.6308000000006],[12.4948,66.6308000000006],[12.4948,66.64160000000061],[12.5488,66.64160000000061],[12.5488,66.65240000000061],[12.592,66.65240000000061],[12.592,66.64160000000061],[12.6136,66.64160000000061],[12.6136,66.6308000000006],[12.646,66.6308000000006],[12.646,66.6092000000006],[12.635200000000001,66.6092000000006],[12.635200000000001,66.59840000000061],[12.592,66.59840000000061],[12.592,66.5444000000006],[12.6784,66.55520000000061],[12.6784,66.6200000000006],[12.6892,66.6200000000006],[12.6892,66.64160000000061],[12.808,66.64160000000061],[12.808,66.6092000000006],[12.8404,66.6092000000006],[12.8404,66.6200000000006],[12.8836,66.6200000000006],[12.8836,66.5768000000006],[12.862,66.5768000000006],[12.8512,66.55520000000061],[12.8404,66.55520000000061],[12.8404,66.5768000000006],[12.808,66.5768000000006],[12.808,66.5444000000006],[12.7756,66.5444000000006],[12.7756,66.5228000000006],[12.7432,66.5228000000006],[12.7432,66.4904000000006],[12.7216,66.4904000000006],[12.7216,66.4796000000006],[12.6568,66.4796000000006],[12.6568,66.5228000000006],[12.6028,66.5228000000006],[12.6028,66.5336000000006],[12.505600000000001,66.5336000000006],[12.505600000000001,66.4688000000006],[12.484,66.4688000000006],[12.484,66.4256000000006],[12.5272,66.4256000000006],[12.5272,66.41480000000061],[12.538,66.41480000000061],[12.538,66.3932000000006],[12.5272,66.3932000000006],[12.5272,66.3824000000006],[12.484,66.3824000000006],[12.484,66.3500000000006],[12.4732,66.3500000000006],[12.4732,66.3392000000006],[12.4516,66.3392000000006],[12.4516,66.2960000000006],[12.4948,66.2960000000006],[12.4948,66.31760000000061],[12.5272,66.31760000000061],[12.5272,66.3068000000006],[12.505600000000001,66.3068000000006],[12.505600000000001,66.26360000000061],[12.4948,66.26360000000061],[12.4948,66.2852000000006],[12.386800000000001,66.2852000000006],[12.386800000000001,66.2960000000006],[12.3652,66.2960000000006],[12.3544,66.3392000000006],[12.3112,66.3392000000006],[12.3004,66.36080000000061],[12.257200000000001,66.36080000000061],[12.257200000000001,66.3716000000006],[12.2464,66.3716000000006],[12.2464,66.3932000000006],[12.2248,66.3932000000006],[12.2248,66.40400000000061],[12.127600000000001,66.40400000000061],[12.127600000000001,66.3932000000006],[12.1168,66.3932000000006],[12.1168,66.4256000000006],[12.073599999999999,66.4256000000006],[12.073599999999999,66.41480000000061],[12.0196,66.41480000000061],[12.0196,66.40400000000061],[11.998,66.40400000000061],[11.998,66.3932000000006],[11.9872,66.3932000000006],[11.9764,66.4364000000006],[11.944,66.4364000000006],[11.944,66.41480000000061],[11.9116,66.41480000000061],[11.9116,66.40400000000061],[11.8576,66.40400000000061],[11.8576,66.3824000000006],[11.836,66.3824000000006],[11.836,66.3716000000006],[11.8252,66.3716000000006],[11.8252,66.3824000000006],[11.7928,66.3824000000006],[11.7928,66.3932000000006],[11.6308,66.3932000000006],[11.6308,66.41480000000061],[11.5552,66.41480000000061],[11.5552,66.40400000000061],[11.512,66.3932000000006],[11.512,66.3716000000006],[11.4796,66.3716000000006],[11.4796,66.3500000000006],[11.4256,66.3500000000006],[11.4256,66.3284000000006],[11.404,66.3284000000006],[11.404,66.3068000000006],[11.2852,66.3068000000006],[11.2852,66.2960000000006],[11.2744,66.2960000000006],[11.2744,66.3068000000006],[11.2312,66.3068000000006],[11.2312,66.2852000000006],[11.188,66.27440000000061],[11.188,66.26360000000061],[11.1772,66.26360000000061],[11.1772,66.2096000000006],[11.2744,66.2096000000006],[11.2744,66.2312000000006],[11.296,66.22040000000061],[11.296,66.2096000000006],[11.3284,66.2096000000006],[11.3284,66.22040000000061],[11.3392,66.22040000000061],[11.3392,66.2096000000006],[11.3932,66.2096000000006],[11.3932,66.22040000000061],[11.404,66.22040000000061],[11.404,66.2096000000006],[11.4364,66.2096000000006],[11.4364,66.22040000000061],[11.4472,66.22040000000061],[11.4472,66.1988000000006],[11.5012,66.1988000000006],[11.5012,66.2096000000006],[11.512,66.2096000000006],[11.512,66.1880000000006],[11.5552,66.1880000000006],[11.5552,66.1988000000006],[11.566,66.1988000000006],[11.566,66.1880000000006],[11.620000000000001,66.1880000000006],[11.620000000000001,66.17720000000061],[11.7172,66.17720000000061],[11.7172,66.1880000000006],[11.7604,66.1880000000006],[11.7712,66.2096000000006],[11.8576,66.2096000000006],[11.8576,66.1664000000006],[11.9332,66.1664000000006],[11.9332,66.1556000000006],[11.9764,66.1556000000006],[11.9872,66.17720000000061],[12.0196,66.17720000000061],[12.0196,66.1664000000006],[12.073599999999999,66.1664000000006],[12.073599999999999,66.1556000000006],[12.106,66.1556000000006],[12.106,66.1448000000006],[12.1384,66.1448000000006],[12.1384,66.1664000000006],[12.16,66.1664000000006],[12.16,66.1556000000006],[12.214,66.1556000000006],[12.214,66.1448000000006],[12.2464,66.1448000000006],[12.2464,66.1556000000006],[12.2896,66.1556000000006],[12.2896,66.13400000000061],[12.268,66.13400000000061],[12.268,66.1124000000006],[12.257200000000001,66.1124000000006],[12.257200000000001,66.08000000000061],[12.268,66.08000000000061],[12.268,66.02600000000061],[12.2896,66.02600000000061],[12.2896,66.0152000000006],[12.376000000000001,66.02600000000061],[12.376000000000001,65.98280000000061],[12.4408,65.98280000000061],[12.4408,65.99360000000061],[12.4732,65.99360000000061],[12.4732,66.0152000000006],[12.5164,66.0152000000006],[12.5164,66.0584000000006],[12.5272,66.0584000000006],[12.5272,66.02600000000061],[12.5596,66.02600000000061],[12.5596,66.0152000000006],[12.538,66.0152000000006],[12.538,66.0044000000006],[12.5272,66.0044000000006],[12.5272,65.98280000000061],[12.505600000000001,65.98280000000061],[12.505600000000001,65.9720000000006],[12.484,65.9720000000006],[12.4732,65.9504000000006],[12.4516,65.9504000000006],[12.4516,65.93960000000061],[12.43,65.93960000000061],[12.4192,65.9180000000006],[12.3976,65.9180000000006],[12.3976,65.8208000000006],[12.376000000000001,65.8208000000006],[12.376000000000001,65.8100000000006],[12.2896,65.8100000000006],[12.2896,65.7776000000006],[12.257200000000001,65.7776000000006],[12.257200000000001,65.7668000000006],[12.1816,65.7668000000006],[12.1816,65.75600000000061],[12.16,65.75600000000061],[12.16,65.74520000000061],[12.127600000000001,65.74520000000061],[12.127600000000001,65.7344000000006],[12.106,65.7344000000006],[12.106,65.7236000000006],[12.0952,65.7236000000006],[12.0952,65.70200000000061],[12.0412,65.70200000000061],[12.0412,65.7128000000006],[11.9764,65.7128000000006],[11.9764,65.7236000000006],[11.9224,65.7236000000006],[11.9224,65.7344000000006],[11.9008,65.7344000000006],[11.9008,65.75600000000061],[11.9224,65.75600000000061],[11.9224,65.7776000000006],[11.9548,65.7776000000006],[11.9548,65.8316000000006],[11.9332,65.8316000000006],[11.9332,65.84240000000061],[11.8576,65.84240000000061],[11.8576,65.8316000000006],[11.836,65.8316000000006],[11.8252,65.8100000000006],[11.782,65.79920000000061],[11.7712,65.7344000000006],[11.8576,65.7344000000006],[11.8576,65.7236000000006],[11.8252,65.7236000000006],[11.8252,65.7128000000006],[11.782,65.70200000000061],[11.782,65.65880000000061],[11.7712,65.65880000000061],[11.7712,65.60480000000061],[11.8036,65.60480000000061],[11.8036,65.5940000000006],[11.7712,65.5940000000006],[11.7712,65.5724000000006],[11.7172,65.5724000000006],[11.7172,65.50760000000061],[11.674,65.50760000000061],[11.674,65.5],[11.2744,65.5],[11.2744,65.5508000000006],[11.2852,65.5508000000006],[11.2852,65.5832000000006],[11.2744,65.5832000000006],[11.2744,65.5940000000006],[11.2204,65.5940000000006],[11.2204,65.61560000000061],[11.1988,65.61560000000061],[11.1988,65.64800000000061],[11.134,65.64800000000061],[11.134,65.6372000000006],[11.1016,65.6372000000006],[11.1016,65.61560000000061],[11.08,65.61560000000061],[11.0692,65.5940000000006],[11.0476,65.5940000000006],[11.0476,65.5724000000006],[11.026,65.5724000000006],[11.026,65.5508000000006],[10.9936,65.5508000000006],[10.9936,65.5292000000006],[10.8856,65.5292000000006],[10.8856,65.51840000000061],[10.8532,65.51840000000061],[10.8532,65.50760000000061],[10.7992,65.50760000000061],[10.7992,65.5],[10.5,65.5],[10.5,65.6912000000006],[10.5076,65.6912000000006],[10.5076,65.6804000000006],[10.604800000000001,65.6804000000006],[10.604800000000001,65.6912000000006],[10.6372,65.6912000000006],[10.6372,65.7236000000006],[10.5832,65.7236000000006],[10.5832,65.7344000000006],[10.5724,65.7344000000006],[10.5724,65.75600000000061],[10.604800000000001,65.75600000000061],[10.604800000000001,65.8100000000006],[10.54,65.8100000000006],[10.54,65.79920000000061],[10.5292,65.79920000000061],[10.5292,65.8100000000006],[10.5,65.8100000000006],[10.5,66.6632000000006],[10.5508,66.6632000000006],[10.5508,66.6740000000006],[10.594,66.6740000000006],[10.594,66.6632000000006],[10.6912,66.6632000000006],[10.6912,66.65240000000061],[10.7236,66.65240000000061],[10.7236,66.64160000000061],[10.7776,66.64160000000061],[10.7776,66.6308000000006],[10.81,66.6308000000006],[10.81,66.6200000000006],[10.9072,66.6200000000006],[10.9072,66.6092000000006],[10.9396,66.6092000000006],[10.9396,66.5876000000006],[10.9828,66.5876000000006],[10.9828,66.6308000000006],[10.9612,66.6308000000006],[10.9612,66.64160000000061],[10.9828,66.64160000000061],[10.9828,66.65240000000061],[11.0152,66.65240000000061],[11.0152,66.6308000000006],[11.0584,66.6308000000006],[11.0584,66.65240000000061],[11.0692,66.65240000000061],[11.0692,66.6632000000006],[11.0908,66.6632000000006],[11.0908,66.6848000000006],[11.112400000000001,66.6848000000006],[11.112400000000001,66.7280000000006],[11.1232,66.7280000000006],[11.1232,66.7496000000006],[11.1772,66.7496000000006],[11.1772,66.79280000000061],[11.1664,66.79280000000061],[11.1664,66.8144000000006],[11.1448,66.8144000000006],[11.1448,66.8252000000006],[11.1664,66.8252000000006],[11.1664,66.8684000000006],[11.112400000000001,66.8684000000006],[11.112400000000001,66.87920000000061],[11.0692,66.87920000000061],[11.0692,66.9],[11.5076,66.9],[11.5076,68.3004000000009],[13.1924,68.3004000000009],[13.1924,68.2896000000009],[13.214,68.2896000000009],[13.214,68.2788000000009],[13.257200000000001,68.2788000000009],[13.257200000000001,68.2464000000009],[13.3652,68.2464000000009],[13.3652,68.2572000000009],[13.386800000000001,68.2572000000009],[13.386800000000001,68.26800000000091],[13.4408,68.26800000000091],[13.4408,68.2896000000009],[13.4624,68.2896000000009],[13.4624,68.3004000000009],[13.5704,68.3004000000009],[13.5704,68.2788000000009],[13.5596,68.2788000000009],[13.5596,68.26800000000091],[13.5164,68.2572000000009],[13.5164,68.2356000000009],[13.4948,68.2356000000009],[13.4948,68.1060000000009],[13.4732,68.1060000000009],[13.4732,68.07360000000091],[13.4948,68.07360000000091],[13.4948,68.0628000000009],[13.5488,68.0628000000009],[13.5488,68.07360000000091],[13.5596,68.07360000000091],[13.5596,68.0412000000009],[13.4732,68.0412000000009],[13.4732,68.03040000000091],[13.4624,68.03040000000091],[13.4624,68.0412000000009],[13.4084,68.0412000000009],[13.4084,68.0628000000009],[13.386800000000001,68.0628000000009],[13.386800000000001,68.07360000000091],[13.4084,68.07360000000091],[13.4084,68.1060000000009],[13.4192,68.1060000000009],[13.4192,68.11680000000091],[13.4408,68.11680000000091],[13.4408,68.1492000000009],[13.4192,68.1492000000009],[13.4192,68.1600000000009],[13.3652,68.1600000000009],[13.3652,68.17080000000091],[13.3112,68.17080000000091],[13.3112,68.12760000000091],[13.3004,68.12760000000091],[13.3004,68.1060000000009],[13.2896,68.1060000000009],[13.2896,68.11680000000091],[13.257200000000001,68.11680000000091],[13.257200000000001,68.0952000000009],[13.2356,68.0952000000009],[13.2356,68.07360000000091],[13.1924,68.07360000000091],[13.1924,68.03040000000091],[13.214,68.03040000000091],[13.214,68.0088000000009],[13.2356,68.0088000000009],[13.2356,67.9656000000009],[13.2248,67.9656000000009],[13.2248,67.97640000000091],[13.1816,67.97640000000091],[13.1816,67.98720000000091],[13.16,67.98720000000091],[13.16,68.03040000000091],[13.1492,68.03040000000091],[13.1492,68.0412000000009],[13.127600000000001,68.0412000000009],[13.127600000000001,68.07360000000091],[13.16,68.07360000000091],[13.16,68.1060000000009],[13.1492,68.1060000000009],[13.1492,68.11680000000091],[13.073599999999999,68.11680000000091],[13.073599999999999,68.0844000000009],[13.052,68.0844000000009],[13.052,68.0628000000009],[13.0304,68.0628000000009],[13.0196,68.0412000000009],[12.998,68.0412000000009],[12.998,68.03040000000091],[12.9764,68.03040000000091],[12.9764,68.0088000000009],[12.9548,68.0088000000009],[12.9548,67.98720000000091],[12.9116,67.98720000000091],[12.9116,67.9440000000009],[12.89,67.9440000000009],[12.89,67.9224000000009],[12.8792,67.9224000000009],[12.8792,67.9116000000009],[12.8576,67.9116000000009],[12.8576,67.8792000000009],[12.8792,67.8792000000009],[12.8792,67.8576000000009],[12.9224,67.8576000000009],[12.9224,67.8684000000009],[12.944,67.8684000000009],[12.944,67.8792000000009],[13.0196,67.8792000000009],[13.0196,67.89000000000091],[13.0412,67.89000000000091],[13.0412,67.9008000000009],[13.0628,67.9008000000009],[13.0628,67.9116000000009],[13.0844,67.9116000000009],[13.0844,67.9224000000009],[13.106,67.9224000000009],[13.106,67.93320000000091],[13.1492,67.93320000000091],[13.1492,67.9440000000009],[13.1708,67.93320000000091],[13.1708,67.9224000000009],[13.214,67.9224000000009],[13.214,67.9116000000009],[13.257200000000001,67.9116000000009],[13.257200000000001,67.9008000000009],[13.2896,67.9008000000009],[13.2896,67.9116000000009],[13.4192,67.9116000000009],[13.4192,67.9008000000009],[13.505600000000001,67.9008000000009],[13.505600000000001,67.9224000000009],[13.592,67.9224000000009],[13.592,67.9116000000009],[13.6136,67.9116000000009],[13.6136,67.9008000000009],[13.7,67.9008000000009],[13.7,67.9116000000009],[13.7216,67.9116000000009],[13.7216,67.9224000000009],[13.754,67.9224000000009],[13.754,67.9008000000009],[13.7864,67.9008000000009],[13.7864,67.9116000000009],[13.7972,67.9116000000009],[13.7972,67.9008000000009],[13.8512,67.9008000000009],[13.8512,67.89000000000091],[13.8836,67.89000000000091],[13.8836,67.9008000000009],[13.9592,67.9008000000009],[13.9592,67.9116000000009],[13.97,67.9116000000009],[13.97,67.9008000000009],[14.0348,67.9116000000009],[14.0348,67.9008000000009],[14.0996,67.9008000000009],[14.1104,67.8792000000009],[14.1536,67.8792000000009],[14.1536,67.8684000000009],[14.186,67.8684000000009],[14.186,67.8792000000009],[14.1968,67.8792000000009],[14.1968,67.8684000000009],[14.2832,67.8684000000009],[14.2832,67.8792000000009],[14.348,67.8684000000009],[14.348,67.8792000000009],[14.4992,67.8792000000009],[14.4992,67.89000000000091],[14.51,67.89000000000091],[14.51,67.8792000000009],[14.5424,67.8792000000009],[14.5424,67.89000000000091],[14.5532,67.89000000000091],[14.5532,67.8792000000009],[14.7368,67.8792000000009],[14.7368,67.8576000000009],[14.7584,67.8576000000009],[14.7584,67.83600000000091],[14.7476,67.83600000000091],[14.7476,67.8468000000009],[14.7152,67.8468000000009],[14.7152,67.8252000000009],[14.672,67.8144000000009],[14.672,67.7712000000009],[14.7152,67.7712000000009],[14.7152,67.7604000000009],[14.7692,67.7604000000009],[14.7692,67.7712000000009],[14.780000000000001,67.7712000000009],[14.780000000000001,67.7604000000009],[14.7908,67.7604000000009],[14.7908,67.73880000000091],[14.780000000000001,67.73880000000091],[14.780000000000001,67.7280000000009],[14.7584,67.7280000000009],[14.7584,67.7172000000009],[14.7368,67.7172000000009],[14.7368,67.7064000000009],[14.7152,67.7064000000009],[14.7152,67.6740000000009],[14.661200000000001,67.6740000000009],[14.661200000000001,67.6848000000009],[14.6396,67.6848000000009],[14.6396,67.69560000000091],[14.5856,67.69560000000091],[14.5856,67.7064000000009],[14.5532,67.7064000000009],[14.5532,67.69560000000091],[14.4776,67.69560000000091],[14.4776,67.6848000000009],[14.4344,67.6848000000009],[14.4344,67.6740000000009],[14.272400000000001,67.6740000000009],[14.272400000000001,67.6632000000009],[14.2508,67.6632000000009],[14.2508,67.55520000000091],[14.272400000000001,67.55520000000091],[14.272400000000001,67.5336000000009],[14.3372,67.5336000000009],[14.3372,67.4796000000009],[14.3804,67.4796000000009],[14.3804,67.4688000000009],[14.4128,67.4688000000009],[14.4128,67.45800000000091],[14.3912,67.45800000000091],[14.3912,67.4364000000009],[14.3156,67.4364000000009],[14.3156,67.41480000000091],[14.186,67.41480000000091],[14.186,67.4256000000009],[14.1644,67.4256000000009],[14.1644,67.4364000000009],[14.132,67.4364000000009],[14.132,67.4256000000009],[14.1104,67.4256000000009],[14.1104,67.41480000000091],[14.0348,67.41480000000091],[14.0348,67.3932000000009],[14.0024,67.3932000000009],[14.0024,67.41480000000091],[13.9808,67.41480000000091],[13.9808,67.4472000000009],[14.0024,67.4472000000009],[14.0024,67.4796000000009],[13.894400000000001,67.4796000000009],[13.894400000000001,67.4472000000009],[13.916,67.4472000000009],[13.916,67.41480000000091],[13.8512,67.41480000000091],[13.8512,67.3932000000009],[13.8188,67.3932000000009],[13.8188,67.37160000000091],[13.808,67.37160000000091],[13.808,67.3824000000009],[13.7756,67.3824000000009],[13.7756,67.37160000000091],[13.7324,67.37160000000091],[13.7324,67.3284000000009],[13.7756,67.31760000000091],[13.7756,67.2852000000009],[13.754,67.2852000000009],[13.754,67.23120000000091],[13.8188,67.23120000000091],[13.8188,67.1880000000009],[13.808,67.1880000000009],[13.808,67.1988000000009],[13.7324,67.1988000000009],[13.7324,67.1880000000009],[13.7108,67.1880000000009],[13.7108,67.17720000000091],[13.592,67.17720000000091],[13.592,67.1664000000009],[13.538,67.1664000000009],[13.538,67.1556000000009],[13.4516,67.1556000000009],[13.4516,67.13400000000091],[13.43,67.13400000000091],[13.43,67.08000000000091],[13.4732,67.0692000000009],[13.4732,67.03680000000091],[13.5596,67.03680000000091],[13.5596,67.0260000000009],[13.6028,67.0260000000009],[13.6028,67.03680000000091],[13.6136,67.03680000000091],[13.6136,67.0152000000009],[13.646,67.0152000000009],[13.646,67.03680000000091],[13.6568,67.03680000000091],[13.6568,67.0152000000009],[13.6784,67.0152000000009],[13.6784,66.99360000000091],[13.635200000000001,66.99360000000091],[13.635200000000001,66.9504000000009],[13.6244,66.9504000000009],[13.6244,66.9612000000009],[13.5596,66.9612000000009],[13.5596,66.93960000000091],[13.5488,66.93960000000091],[13.5488,66.9504000000009],[13.5164,66.9504000000009],[13.5164,66.9180000000009],[13.4948,66.9180000000009],[13.4948,66.9072000000009],[13.484,66.9072000000009],[13.484,66.9180000000009],[13.4624,66.9180000000009],[13.4624,66.9288000000009],[13.4192,66.9288000000009],[13.4192,66.9180000000009],[13.376000000000001,66.9180000000009],[13.376000000000001,66.89640000000091],[13.348,66.89640000000091],[13.348,66.8684000000006],[13.3804,66.8684000000006],[13.3804,66.87920000000061],[13.3912,66.87920000000061],[13.3912,66.8576000000006],[13.3696,66.8576000000006],[13.3696,66.8468000000006],[13.348,66.8468000000006]],[[12.646,66.8576000000006],[12.6784,66.8576000000006],[12.6784,66.8684000000006],[12.7108,66.8684000000006],[12.7108,66.87920000000061],[12.7324,66.87920000000061],[12.7324,66.9],[12.8036,66.9],[12.8036,66.9180000000009],[12.7388,66.9180000000009],[12.7388,66.9072000000009],[12.6956,66.9072000000009],[12.6956,66.89640000000091],[12.646,66.89640000000091],[12.646,66.8576000000006]],[[13.24,66.83600000000061],[13.272400000000001,66.83600000000061],[13.272400000000001,66.8684000000006],[13.2832,66.8684000000006],[13.2832,66.87920000000061],[13.3372,66.87920000000061],[13.3372,66.9],[13.3436,66.9],[13.3436,66.9072000000009],[13.2788,66.9072000000009],[13.2788,66.89640000000091],[13.24,66.89640000000091],[13.24,66.83600000000061]],[[12.43,66.83600000000061],[12.43,66.8036000000006],[12.4624,66.8036000000006],[12.4624,66.83600000000061],[12.43,66.83600000000061]],[[13.186,66.8252000000006],[13.186,66.79280000000061],[13.2292,66.79280000000061],[13.2292,66.8252000000006],[13.186,66.8252000000006]],[[11.2744,66.64160000000061],[11.2744,66.6632000000006],[11.306799999999999,66.6632000000006],[11.306799999999999,66.69560000000061],[11.2636,66.69560000000061],[11.2636,66.6740000000006],[11.242,66.6740000000006],[11.242,66.64160000000061],[11.2744,66.64160000000061]],[[12.052,66.4904000000006],[12.052,66.4688000000006],[12.0952,66.4688000000006],[12.0952,66.51200000000061],[12.0844,66.51200000000061],[12.0844,66.5228000000006],[12.0628,66.5228000000006],[12.0628,66.5336000000006],[12.0196,66.5336000000006],[12.0196,66.4904000000006],[12.052,66.4904000000006]],[[11.3284,66.36080000000061],[11.3284,66.3824000000006],[11.3608,66.3824000000006],[11.3608,66.41480000000061],[11.2312,66.41480000000061],[11.2312,66.3824000000006],[11.2636,66.3824000000006],[11.2636,66.36080000000061],[11.3284,66.36080000000061]],[[12.322,66.3824000000006],[12.322,66.3500000000006],[12.3544,66.3500000000006],[12.3544,66.3824000000006],[12.322,66.3824000000006]],[[11.9872,66.1124000000006],[11.9872,66.08000000000061],[12.0304,66.08000000000061],[12.0304,66.1124000000006],[11.9872,66.1124000000006]],[[12.16,66.1016000000006],[12.16,66.0692000000006],[12.1924,66.0692000000006],[12.1924,66.1016000000006],[12.16,66.1016000000006]],[[11.5552,65.9288000000006],[11.5552,65.9504000000006],[11.5012,65.9504000000006],[11.5012,65.93960000000061],[11.4796,65.93960000000061],[11.4796,65.9180000000006],[11.4472,65.9180000000006],[11.4472,65.93960000000061],[11.3716,65.93960000000061],[11.3716,65.9288000000006],[11.3284,65.9180000000006],[11.3284,65.9288000000006],[11.2852,65.9288000000006],[11.2852,65.9504000000006],[11.2744,65.9504000000006],[11.2744,65.9612000000006],[11.242,65.9612000000006],[11.242,65.9288000000006],[11.2312,65.9288000000006],[11.2312,65.9180000000006],[11.188,65.9180000000006],[11.188,65.9072000000006],[11.1556,65.9072000000006],[11.1556,65.8640000000006],[11.188,65.8640000000006],[11.188,65.8532000000006],[11.2204,65.8532000000006],[11.2204,65.8640000000006],[11.242,65.8640000000006],[11.242,65.84240000000061],[11.2312,65.84240000000061],[11.2312,65.79920000000061],[11.2852,65.79920000000061],[11.2852,65.7884000000006],[11.2636,65.7884000000006],[11.2636,65.74520000000061],[11.2852,65.74520000000061],[11.2852,65.6696000000006],[11.35,65.6696000000006],[11.35,65.65880000000061],[11.3716,65.65880000000061],[11.3716,65.64800000000061],[11.4148,65.64800000000061],[11.4148,65.65880000000061],[11.4364,65.65880000000061],[11.4364,65.70200000000061],[11.4472,65.70200000000061],[11.4472,65.7128000000006],[11.4688,65.7128000000006],[11.4688,65.7344000000006],[11.490400000000001,65.7344000000006],[11.490400000000001,65.79920000000061],[11.5228,65.79920000000061],[11.5228,65.8208000000006],[11.5444,65.8208000000006],[11.5552,65.84240000000061],[11.7064,65.8532000000006],[11.7172,65.8748000000006],[11.7604,65.8748000000006],[11.7712,65.89640000000061],[11.8144,65.9072000000006],[11.8144,65.9288000000006],[11.8684,65.9288000000006],[11.8684,65.9504000000006],[11.9872,65.9504000000006],[11.9872,65.93960000000061],[12.0412,65.93960000000061],[12.0412,65.9504000000006],[12.052,65.9504000000006],[12.052,65.93960000000061],[12.0844,65.93960000000061],[12.0844,65.9504000000006],[12.2032,65.9504000000006],[12.2032,65.93960000000061],[12.257200000000001,65.93960000000061],[12.257200000000001,65.9504000000006],[12.2788,65.9504000000006],[12.2788,65.9612000000006],[12.3112,65.9612000000006],[12.3112,65.9720000000006],[12.3544,65.9720000000006],[12.3544,66.0044000000006],[12.1816,66.0044000000006],[12.1816,65.98280000000061],[12.1384,65.98280000000061],[12.1384,66.0044000000006],[12.052,66.0044000000006],[12.052,65.98280000000061],[12.0304,65.98280000000061],[12.0304,66.0044000000006],[11.9764,66.0044000000006],[11.9764,66.02600000000061],[11.9332,66.02600000000061],[11.9332,66.0044000000006],[11.89,66.0044000000006],[11.89,65.99360000000061],[11.836,65.99360000000061],[11.836,65.98280000000061],[11.782,65.98280000000061],[11.782,65.9612000000006],[11.674,65.9612000000006],[11.6632,65.93960000000061],[11.6092,65.93960000000061],[11.6092,65.9288000000006],[11.5552,65.9288000000006]],[[12.3544,65.9072000000006],[12.3544,65.9180000000006],[12.3652,65.9180000000006],[12.3652,65.9612000000006],[12.322,65.9612000000006],[12.322,65.9288000000006],[12.3004,65.9288000000006],[12.3004,65.93960000000061],[12.268,65.93960000000061],[12.268,65.9180000000006],[12.257200000000001,65.9180000000006],[12.257200000000001,65.88560000000061],[12.268,65.88560000000061],[12.268,65.8748000000006],[12.3328,65.88560000000061],[12.3328,65.9072000000006],[12.3544,65.9072000000006]],[[12.322,65.8748000000006],[12.322,65.8208000000006],[12.3544,65.8208000000006],[12.3544,65.84240000000061],[12.3652,65.84240000000061],[12.3652,65.8748000000006],[12.322,65.8748000000006]],[[11.998,65.8532000000006],[11.998,65.8208000000006],[12.0304,65.8208000000006],[12.0304,65.8532000000006],[11.998,65.8532000000006]],[[10.756,65.70200000000061],[10.756,65.6696000000006],[10.7992,65.6696000000006],[10.7992,65.70200000000061],[10.756,65.70200000000061]],[[12.674,67.69560000000091],[12.674,67.6416000000009],[12.728,67.6416000000009],[12.728,67.6740000000009],[12.7064,67.6740000000009],[12.7064,67.69560000000091],[12.674,67.69560000000091]]],[[[12.1492,66.2096000000006],[12.257200000000001,66.2096000000006],[12.257200000000001,66.1988000000006],[12.2356,66.1988000000006],[12.2356,66.1880000000006],[12.1924,66.1880000000006],[12.1924,66.1988000000006],[12.1168,66.1988000000006],[12.1168,66.2312000000006],[12.1492,66.2312000000006],[12.1492,66.2096000000006]]],[[[12.6136,66.22040000000061],[12.5704,66.22040000000061],[12.5704,66.2420000000006],[12.5488,66.2420000000006],[12.5488,66.2528000000006],[12.635200000000001,66.2528000000006],[12.635200000000001,66.2420000000006],[12.6136,66.2420000000006],[12.6136,66.22040000000061]]],[[[13.142800000000001,66.2852000000006],[13.1752,66.2852000000006],[13.1752,66.27440000000061],[13.1536,66.27440000000061],[13.1536,66.26360000000061],[13.132,66.26360000000061],[13.132,66.2420000000006],[13.088799999999999,66.2420000000006],[13.088799999999999,66.2528000000006],[13.1212,66.2528000000006],[13.1212,66.27440000000061],[13.142800000000001,66.27440000000061],[13.142800000000001,66.2852000000006]]],[[[12.3112,66.2960000000006],[12.322,66.27440000000061],[12.3436,66.27440000000061],[12.3436,66.2528000000006],[12.3004,66.2528000000006],[12.3004,66.26360000000061],[12.257200000000001,66.26360000000061],[12.257200000000001,66.27440000000061],[12.2248,66.27440000000061],[12.2248,66.2960000000006],[12.3112,66.2960000000006]]],[[[12.8404,66.2852000000006],[12.8404,66.2960000000006],[12.7972,66.2960000000006],[12.7972,66.2852000000006],[12.7432,66.2852000000006],[12.7324,66.3068000000006],[12.6784,66.3068000000006],[12.6784,66.3284000000006],[12.635200000000001,66.3284000000006],[12.635200000000001,66.31760000000061],[12.6136,66.31760000000061],[12.6136,66.3068000000006],[12.5704,66.3068000000006],[12.5704,66.31760000000061],[12.581199999999999,66.31760000000061],[12.581199999999999,66.3284000000006],[12.6028,66.3284000000006],[12.6028,66.3392000000006],[12.635200000000001,66.3392000000006],[12.635200000000001,66.3500000000006],[12.6568,66.3500000000006],[12.6568,66.3932000000006],[12.635200000000001,66.3932000000006],[12.635200000000001,66.40400000000061],[12.6892,66.40400000000061],[12.6892,66.4472000000006],[12.7432,66.4472000000006],[12.7432,66.4256000000006],[12.7864,66.4256000000006],[12.7864,66.4472000000006],[12.808,66.45800000000061],[12.808,66.4364000000006],[12.7972,66.4364000000006],[12.7972,66.3824000000006],[12.808,66.3824000000006],[12.808,66.3716000000006],[12.7972,66.3716000000006],[12.7972,66.3392000000006],[12.8404,66.3392000000006],[12.8404,66.3716000000006],[12.8512,66.3716000000006],[12.8512,66.2852000000006],[12.8404,66.2852000000006]],[[12.7432,66.3392000000006],[12.7864,66.3392000000006],[12.7864,66.3716000000006],[12.7432,66.3716000000006],[12.7432,66.3392000000006]]],[[[13.013200000000001,66.50120000000061],[13.024000000000001,66.50120000000061],[13.024000000000001,66.4796000000006],[13.013200000000001,66.4796000000006],[13.013200000000001,66.4472000000006],[13.024000000000001,66.4472000000006],[13.024000000000001,66.4256000000006],[13.0456,66.4256000000006],[13.0456,66.41480000000061],[13.013200000000001,66.41480000000061],[13.013200000000001,66.3932000000006],[12.9916,66.3932000000006],[12.9916,66.3824000000006],[12.9808,66.3824000000006],[12.9808,66.3932000000006],[12.9484,66.3932000000006],[12.9484,66.40400000000061],[12.9592,66.40400000000061],[12.9592,66.45800000000061],[12.9268,66.45800000000061],[12.9268,66.4688000000006],[12.9484,66.4688000000006],[12.9484,66.50120000000061],[12.8836,66.50120000000061],[12.8836,66.45800000000061],[12.8728,66.45800000000061],[12.8728,66.4796000000006],[12.8188,66.4796000000006],[12.8188,66.50120000000061],[12.8404,66.50120000000061],[12.8404,66.51200000000061],[12.894400000000001,66.51200000000061],[12.894400000000001,66.5768000000006],[12.9484,66.5768000000006],[12.9592,66.59840000000061],[13.0348,66.59840000000061],[13.0348,66.6092000000006],[13.0564,66.6092000000006],[13.0564,66.6200000000006],[13.078,66.6200000000006],[13.078,66.6092000000006],[13.0672,66.6092000000006],[13.0672,66.5768000000006],[13.1212,66.5768000000006],[13.1212,66.5660000000006],[13.078,66.55520000000061],[13.078,66.5444000000006],[12.9916,66.5444000000006],[12.9916,66.51200000000061],[13.013200000000001,66.51200000000061],[13.013200000000001,66.50120000000061]],[[13.013200000000001,66.5876000000006],[13.013200000000001,66.55520000000061],[13.0564,66.55520000000061],[13.0564,66.5876000000006],[13.013200000000001,66.5876000000006]]],[[[13.5748,66.2420000000006],[13.5424,66.2420000000006],[13.5424,66.2528000000006],[13.6072,66.2528000000006],[13.618,66.2312000000006],[13.6072,66.2312000000006],[13.6072,66.1880000000006],[13.618,66.1880000000006],[13.618,66.17720000000061],[13.5964,66.17720000000061],[13.5964,66.2312000000006],[13.5748,66.2312000000006],[13.5748,66.2420000000006]]],[[[13.4344,66.2420000000006],[13.4668,66.2420000000006],[13.4668,66.2528000000006],[13.4776,66.2528000000006],[13.4776,66.2312000000006],[13.4452,66.2312000000006],[13.4452,66.22040000000061],[13.3804,66.22040000000061],[13.3804,66.2312000000006],[13.3912,66.2312000000006],[13.3912,66.2420000000006],[13.402000000000001,66.2420000000006],[13.402000000000001,66.2312000000006],[13.4344,66.2312000000006],[13.4344,66.2420000000006]]],[[[14.24,67.0260000000009],[14.24,67.0584000000009],[14.272400000000001,67.0584000000009],[14.272400000000001,67.0260000000009],[14.24,67.0260000000009]]],[[[13.9916,67.1016000000009],[13.9916,67.0908000000009],[13.9592,67.0908000000009],[13.9592,67.0476000000009],[13.9268,67.0476000000009],[13.9268,67.0908000000009],[13.8836,67.0908000000009],[13.8836,67.1016000000009],[13.9484,67.1016000000009],[13.9484,67.13400000000091],[13.8728,67.13400000000091],[13.8728,67.1232000000009],[13.8404,67.1232000000009],[13.8404,67.08000000000091],[13.764800000000001,67.08000000000091],[13.764800000000001,67.1016000000009],[13.7216,67.1016000000009],[13.7216,67.1124000000009],[13.7,67.1124000000009],[13.7,67.1232000000009],[13.7216,67.1232000000009],[13.7216,67.1448000000009],[13.764800000000001,67.1448000000009],[13.764800000000001,67.1556000000009],[13.8296,67.1556000000009],[13.8296,67.1664000000009],[13.9484,67.1664000000009],[13.9484,67.1880000000009],[14.013200000000001,67.1880000000009],[14.013200000000001,67.17720000000091],[14.0672,67.17720000000091],[14.0672,67.1880000000009],[14.0996,67.1880000000009],[14.0996,67.1988000000009],[14.1104,67.1988000000009],[14.1104,67.17720000000091],[14.0996,67.17720000000091],[14.0996,67.1664000000009],[14.078,67.1664000000009],[14.078,67.1556000000009],[14.0564,67.1556000000009],[14.0564,67.13400000000091],[14.013200000000001,67.1232000000009],[14.013200000000001,67.1016000000009],[13.9916,67.1016000000009]],[[14.0024,67.17720000000091],[13.97,67.17720000000091],[13.97,67.1448000000009],[14.0024,67.1448000000009],[14.0024,67.17720000000091]]],[[[14.909600000000001,67.1556000000009],[14.909600000000001,67.17720000000091],[14.888,67.17720000000091],[14.888,67.1880000000009],[14.9204,67.1880000000009],[14.9204,67.2096000000009],[14.9636,67.2096000000009],[14.9636,67.23120000000091],[15.0068,67.23120000000091],[15.0068,67.2528000000009],[15.039200000000001,67.2528000000009],[15.039200000000001,67.2420000000009],[15.0176,67.2420000000009],[15.0176,67.22040000000091],[14.996,67.22040000000091],[14.996,67.1988000000009],[14.9744,67.1988000000009],[14.9744,67.1880000000009],[14.9312,67.17720000000091],[14.9312,67.1556000000009],[14.909600000000001,67.1556000000009]]],[[[14.6828,67.23120000000091],[14.6828,67.2420000000009],[14.6396,67.2420000000009],[14.6288,67.2636000000009],[14.5964,67.2636000000009],[14.5964,67.2528000000009],[14.5856,67.2528000000009],[14.5856,67.2636000000009],[14.5532,67.2636000000009],[14.5532,67.2420000000009],[14.4668,67.2420000000009],[14.4668,67.2528000000009],[14.4884,67.2528000000009],[14.4884,67.27440000000091],[14.650400000000001,67.27440000000091],[14.650400000000001,67.2636000000009],[14.672,67.2636000000009],[14.672,67.2528000000009],[14.7368,67.2528000000009],[14.7368,67.2420000000009],[14.7584,67.2420000000009],[14.7584,67.22040000000091],[14.7044,67.22040000000091],[14.7044,67.23120000000091],[14.6828,67.23120000000091]]],[[[13.8836,67.27440000000091],[13.9052,67.27440000000091],[13.9052,67.2960000000009],[13.9376,67.2960000000009],[13.9376,67.2636000000009],[13.8836,67.2636000000009],[13.8836,67.27440000000091]]],[[[14.0672,67.2960000000009],[14.0672,67.3068000000009],[14.078,67.3068000000009],[14.078,67.27440000000091],[14.0564,67.27440000000091],[14.0564,67.2636000000009],[14.0456,67.2636000000009],[14.0456,67.27440000000091],[14.024000000000001,67.27440000000091],[14.024000000000001,67.2852000000009],[14.0456,67.2852000000009],[14.0456,67.2960000000009],[14.0672,67.2960000000009]]],[[[14.2832,67.2960000000009],[14.2832,67.31760000000091],[14.3372,67.31760000000091],[14.3372,67.3068000000009],[14.294,67.3068000000009],[14.294,67.2852000000009],[14.272400000000001,67.2852000000009],[14.272400000000001,67.27440000000091],[14.2616,67.27440000000091],[14.2616,67.2852000000009],[14.24,67.2852000000009],[14.24,67.2960000000009],[14.2832,67.2960000000009]]],[[[14.531600000000001,67.3824000000009],[14.531600000000001,67.37160000000091],[14.4992,67.37160000000091],[14.4992,67.3500000000009],[14.4668,67.3500000000009],[14.4668,67.3608000000009],[14.4452,67.3608000000009],[14.4452,67.37160000000091],[14.4128,67.37160000000091],[14.4128,67.3608000000009],[14.402000000000001,67.3608000000009],[14.402000000000001,67.37160000000091],[14.348,67.37160000000091],[14.348,67.3824000000009],[14.3804,67.3824000000009],[14.3804,67.4040000000009],[14.4236,67.4040000000009],[14.4236,67.4256000000009],[14.4776,67.4256000000009],[14.4776,67.41480000000091],[14.5424,67.41480000000091],[14.5424,67.4256000000009],[14.5964,67.4256000000009],[14.5964,67.4040000000009],[14.5748,67.4040000000009],[14.5748,67.3932000000009],[14.5532,67.3932000000009],[14.5532,67.3824000000009],[14.531600000000001,67.3824000000009]]],[[[14.8988,67.5768000000009],[14.8988,67.5660000000009],[14.8556,67.5660000000009],[14.8556,67.55520000000091],[14.834,67.55520000000091],[14.834,67.5444000000009],[14.8016,67.5444000000009],[14.8016,67.5660000000009],[14.8232,67.5660000000009],[14.8232,67.5768000000009],[14.8988,67.5768000000009]]],[[[14.8772,67.8792000000009],[14.8664,67.8792000000009],[14.8664,67.93320000000091],[14.888,67.93320000000091],[14.888,67.9656000000009],[14.8988,67.9656000000009],[14.8988,67.9224000000009],[15.0176,67.9224000000009],[15.0176,67.9116000000009],[15.05,67.9116000000009],[15.05,67.89000000000091],[15.039200000000001,67.89000000000091],[15.039200000000001,67.9008000000009],[14.9744,67.9008000000009],[14.9744,67.89000000000091],[14.8772,67.89000000000091],[14.8772,67.8792000000009]]],[[[14.942,67.97640000000091],[14.942,67.98720000000091],[14.9852,67.98720000000091],[14.9852,67.9980000000009],[14.996,67.9980000000009],[14.996,67.97640000000091],[14.9528,67.9656000000009],[14.9528,67.9548000000009],[14.942,67.9548000000009],[14.942,67.9656000000009],[14.9204,67.9656000000009],[14.9204,67.97640000000091],[14.942,67.97640000000091]]],[[[15.0608,67.9980000000009],[15.0608,68.03040000000091],[15.114799999999999,68.03040000000091],[15.114799999999999,68.0088000000009],[15.0716,68.0088000000009],[15.0716,67.9980000000009],[15.0608,67.9980000000009]]],[[[15.2336,68.0628000000009],[15.2336,68.0520000000009],[15.276800000000001,68.0520000000009],[15.276800000000001,68.03040000000091],[15.2984,68.03040000000091],[15.2984,68.0196000000009],[15.2444,68.0196000000009],[15.2444,68.0412000000009],[15.2228,68.0412000000009],[15.2228,68.0628000000009],[15.2336,68.0628000000009]]],[[[14.3912,68.1816000000009],[14.4128,68.1816000000009],[14.4128,68.17080000000091],[14.3804,68.17080000000091],[14.3804,68.1492000000009],[14.3048,68.1492000000009],[14.3048,68.1816000000009],[14.3804,68.1816000000009],[14.3804,68.2032000000009],[14.3912,68.2032000000009],[14.3912,68.1816000000009]]],[[[14.3156,68.3004000000009],[14.3156,68.2896000000009],[14.3588,68.2896000000009],[14.3588,68.2788000000009],[14.294,68.2788000000009],[14.294,68.26800000000091],[14.272400000000001,68.26800000000091],[14.272400000000001,68.2464000000009],[14.2508,68.2464000000009],[14.2508,68.2356000000009],[14.24,68.2356000000009],[14.24,68.1492000000009],[14.2184,68.1492000000009],[14.2184,68.12760000000091],[14.2076,68.12760000000091],[14.2076,68.1492000000009],[14.1752,68.1492000000009],[14.1752,68.1384000000009],[14.1644,68.1384000000009],[14.1644,68.1492000000009],[14.088799999999999,68.1492000000009],[14.088799999999999,68.1600000000009],[14.0672,68.1600000000009],[14.0672,68.17080000000091],[14.024000000000001,68.17080000000091],[14.024000000000001,68.2032000000009],[14.0672,68.2032000000009],[14.0672,68.21400000000091],[14.0996,68.21400000000091],[14.0996,68.2248000000009],[14.1212,68.2248000000009],[14.1212,68.2788000000009],[14.024000000000001,68.2788000000009],[14.024000000000001,68.2896000000009],[14.0024,68.2896000000009],[14.0024,68.3004000000009],[14.132,68.3004000000009],[14.132,68.2896000000009],[14.1752,68.2896000000009],[14.1752,68.26800000000091],[14.24,68.26800000000091],[14.24,68.2788000000009],[14.2616,68.2788000000009],[14.2616,68.2896000000009],[14.2832,68.2896000000009],[14.2832,68.3004000000009],[14.3156,68.3004000000009]]],[[[14.8124,68.21400000000091],[14.780000000000001,68.21400000000091],[14.780000000000001,68.2464000000009],[14.7692,68.2464000000009],[14.7692,68.2572000000009],[14.780000000000001,68.2572000000009],[14.780000000000001,68.26800000000091],[14.8016,68.26800000000091],[14.8016,68.2896000000009],[14.8232,68.2896000000009],[14.8232,68.3004000000009],[14.8772,68.3004000000009],[14.8772,68.2896000000009],[14.8556,68.2896000000009],[14.8556,68.2788000000009],[14.834,68.2788000000009],[14.834,68.26800000000091],[14.8124,68.26800000000091],[14.8124,68.2572000000009],[14.7908,68.2572000000009],[14.7908,68.2248000000009],[14.8124,68.2248000000009],[14.8124,68.21400000000091]]],[[[15.3092,68.3004000000009],[15.32,68.3004000000009],[15.32,68.2896000000009],[15.3524,68.2896000000009],[15.3524,68.2788000000009],[15.374,68.2788000000009],[15.374,68.26800000000091],[15.3524,68.26800000000091],[15.3524,68.2572000000009],[15.32,68.2572000000009],[15.32,68.2356000000009],[15.266,68.2356000000009],[15.266,68.2464000000009],[15.2336,68.2464000000009],[15.2336,68.2248000000009],[15.1796,68.2248000000009],[15.1796,68.21400000000091],[15.0824,68.21400000000091],[15.0824,68.2248000000009],[15.039200000000001,68.2248000000009],[15.039200000000001,68.2356000000009],[14.942,68.2356000000009],[14.942,68.3004000000009],[14.996,68.3004000000009],[14.996,68.2896000000009],[15.0176,68.2896000000009],[15.0176,68.2788000000009],[15.0608,68.2788000000009],[15.0608,68.2896000000009],[15.0824,68.2896000000009],[15.0824,68.3004000000009],[15.276800000000001,68.3004000000009],[15.276800000000001,68.2788000000009],[15.3092,68.2788000000009],[15.3092,68.3004000000009]]],[[[15.3112,68.3456000000009],[15.3112,68.3132000000009],[15.3328,68.3132000000009],[15.3328,68.3024000000009],[15.1492,68.3024000000009],[15.1492,68.3132000000009],[15.1924,68.3132000000009],[15.1924,68.33480000000091],[15.3004,68.33480000000091],[15.3004,68.3456000000009],[15.3112,68.3456000000009]]],[[[14.3608,68.3456000000009],[14.35,68.3456000000009],[14.35,68.32400000000091],[14.3284,68.32400000000091],[14.3284,68.3024000000009],[14.2528,68.3024000000009],[14.2528,68.32400000000091],[14.2096,68.32400000000091],[14.2096,68.33480000000091],[14.188,68.33480000000091],[14.188,68.3456000000009],[14.08,68.3456000000009],[14.08,68.3132000000009],[14.1016,68.3132000000009],[14.1016,68.3024000000009],[14.0044,68.3024000000009],[14.0044,68.32400000000091],[13.9828,68.32400000000091],[13.9828,68.37800000000091],[14.0476,68.37800000000091],[14.0476,68.3996000000009],[14.0908,68.3996000000009],[14.0908,68.4104000000009],[14.112400000000001,68.4104000000009],[14.112400000000001,68.42120000000091],[14.1448,68.42120000000091],[14.1448,68.4428000000009],[14.188,68.4428000000009],[14.188,68.46440000000091],[14.2312,68.46440000000091],[14.2312,68.4860000000009],[14.35,68.4860000000009],[14.3608,68.46440000000091],[14.3824,68.46440000000091],[14.3824,68.4104000000009],[14.4256,68.3996000000009],[14.4256,68.3672000000009],[14.3824,68.3672000000009],[14.3824,68.3564000000009],[14.3608,68.3564000000009],[14.3608,68.3456000000009]]],[[[15.2032,68.4320000000009],[15.16,68.4320000000009],[15.16,68.4104000000009],[15.127600000000001,68.4104000000009],[15.127600000000001,68.3888000000009],[15.106,68.3888000000009],[15.106,68.3672000000009],[15.0844,68.3672000000009],[15.0844,68.3456000000009],[15.0628,68.3456000000009],[15.0628,68.33480000000091],[15.0196,68.33480000000091],[15.0196,68.32400000000091],[14.998,68.32400000000091],[14.998,68.3024000000009],[14.9332,68.3024000000009],[14.9332,68.33480000000091],[14.944,68.33480000000091],[14.944,68.3456000000009],[14.9656,68.3456000000009],[14.9656,68.3564000000009],[15.0304,68.3564000000009],[15.0304,68.37800000000091],[15.052,68.37800000000091],[15.052,68.3996000000009],[15.073599999999999,68.3996000000009],[15.073599999999999,68.4104000000009],[15.0952,68.4104000000009],[15.0952,68.42120000000091],[15.1168,68.42120000000091],[15.1168,68.4320000000009],[15.1384,68.4320000000009],[15.1492,68.4536000000009],[15.1708,68.4536000000009],[15.1708,68.4968000000009],[15.1384,68.4968000000009],[15.1384,68.5292000000009],[15.16,68.51840000000091],[15.16,68.5076000000009],[15.2248,68.5076000000009],[15.2248,68.4968000000009],[15.268,68.4968000000009],[15.268,68.47520000000091],[15.2464,68.47520000000091],[15.2464,68.46440000000091],[15.2032,68.4536000000009],[15.2032,68.4320000000009]]],[[[14.9548,68.46440000000091],[14.9224,68.46440000000091],[14.9224,68.4536000000009],[14.8468,68.4536000000009],[14.8468,68.46440000000091],[14.8144,68.46440000000091],[14.8144,68.4536000000009],[14.7928,68.4536000000009],[14.7928,68.4428000000009],[14.728,68.4428000000009],[14.728,68.4536000000009],[14.674,68.4536000000009],[14.674,68.4428000000009],[14.5984,68.4428000000009],[14.5984,68.4536000000009],[14.620000000000001,68.4536000000009],[14.620000000000001,68.4968000000009],[14.5552,68.4968000000009],[14.5552,68.5400000000009],[14.620000000000001,68.5292000000009],[14.620000000000001,68.5508000000009],[14.6308,68.5508000000009],[14.6308,68.5400000000009],[14.674,68.5400000000009],[14.674,68.5076000000009],[14.7712,68.5076000000009],[14.7712,68.4968000000009],[14.8576,68.4968000000009],[14.8576,68.4860000000009],[14.89,68.4860000000009],[14.89,68.5076000000009],[14.9548,68.5076000000009],[14.9548,68.46440000000091]]],[[[14.8576,68.5724000000009],[14.8468,68.5724000000009],[14.8468,68.5832000000009],[14.8252,68.5832000000009],[14.8252,68.5940000000009],[14.8036,68.5940000000009],[14.8036,68.6048000000009],[14.836,68.6048000000009],[14.836,68.5940000000009],[14.998,68.5940000000009],[14.998,68.5832000000009],[15.0196,68.5832000000009],[15.0196,68.56160000000091],[14.9872,68.56160000000091],[14.9872,68.5724000000009],[14.89,68.5724000000009],[14.89,68.5832000000009],[14.8576,68.5832000000009],[14.8576,68.5724000000009]]],[[[14.4472,68.7452000000009],[14.4256,68.7452000000009],[14.4256,68.7128000000009],[14.404,68.7128000000009],[14.404,68.6048000000009],[14.3392,68.61560000000091],[14.3392,68.6480000000009],[14.306799999999999,68.6480000000009],[14.306799999999999,68.61560000000091],[14.3284,68.61560000000091],[14.3284,68.5832000000009],[14.2528,68.5832000000009],[14.2528,68.6264000000009],[14.2312,68.6264000000009],[14.2312,68.65880000000091],[14.2528,68.65880000000091],[14.2528,68.70200000000091],[14.188,68.70200000000091],[14.188,68.7128000000009],[14.2096,68.7128000000009],[14.2096,68.7452000000009],[14.2312,68.7452000000009],[14.2312,68.7776000000009],[14.188,68.7776000000009],[14.188,68.7884000000009],[14.2312,68.7884000000009],[14.2312,68.79920000000091],[14.2528,68.79920000000091],[14.2528,68.8100000000009],[14.2636,68.8100000000009],[14.2636,68.7884000000009],[14.242,68.7884000000009],[14.242,68.7452000000009],[14.3176,68.7452000000009],[14.3176,68.7668000000009],[14.3392,68.7668000000009],[14.3392,68.79920000000091],[14.35,68.79920000000091],[14.35,68.8100000000009],[14.458,68.8100000000009],[14.458,68.8316000000009],[14.4688,68.8316000000009],[14.4688,68.8208000000009],[14.5012,68.8208000000009],[14.5012,68.8316000000009],[14.5552,68.8316000000009],[14.5552,68.8100000000009],[14.5336,68.8100000000009],[14.5336,68.79920000000091],[14.4688,68.79920000000091],[14.4688,68.7776000000009],[14.4472,68.7776000000009],[14.4472,68.7452000000009]]],[[[14.7604,68.9828000000009],[14.7928,68.9828000000009],[14.7928,68.9720000000009],[14.7712,68.9720000000009],[14.7712,68.9504000000009],[14.7064,68.9504000000009],[14.7064,68.9612000000009],[14.674,68.9612000000009],[14.674,68.9504000000009],[14.5444,68.9504000000009],[14.5444,68.9612000000009],[14.5228,68.9612000000009],[14.5228,68.9720000000009],[14.490400000000001,68.9720000000009],[14.490400000000001,68.9612000000009],[14.4796,68.9612000000009],[14.4796,68.9720000000009],[14.4364,68.9720000000009],[14.4364,68.9828000000009],[14.3932,68.9828000000009],[14.3932,68.99360000000091],[14.3716,68.99360000000091],[14.3716,69.0152000000009],[14.35,69.0152000000009],[14.35,69.0476000000009],[14.3716,69.0476000000009],[14.3716,69.0584000000009],[14.5012,69.0584000000009],[14.5012,69.0692000000009],[14.5228,69.0692000000009],[14.5228,69.08000000000091],[14.5768,69.08000000000091],[14.5768,69.0908000000009],[14.6308,69.0908000000009],[14.6308,69.08000000000091],[14.6524,69.08000000000091],[14.6524,69.0692000000009],[14.674,69.0692000000009],[14.674,69.0584000000009],[14.7172,69.0584000000009],[14.7172,69.0476000000009],[14.7388,69.0476000000009],[14.7388,69.0044000000009],[14.7604,69.0044000000009],[14.7604,68.9828000000009]]],[[[15.0196,68.99360000000091],[14.9656,68.99360000000091],[14.9656,69.0152000000009],[15.0088,69.0260000000009],[15.0088,69.0584000000009],[15.0304,69.0584000000009],[15.0304,69.0692000000009],[15.1816,69.0692000000009],[15.1816,69.0476000000009],[15.2032,69.0476000000009],[15.2032,69.0260000000009],[15.2248,69.0260000000009],[15.2248,69.0152000000009],[15.1492,69.0152000000009],[15.1492,69.0260000000009],[15.106,69.0260000000009],[15.106,69.0152000000009],[15.0196,69.0152000000009],[15.0196,68.99360000000091]]],[[[14.566,69.2096000000009],[14.566,69.1988000000009],[14.5876,69.1988000000009],[14.5876,69.1880000000009],[14.5552,69.1880000000009],[14.5552,69.17720000000091],[14.5228,69.17720000000091],[14.5228,69.1988000000009],[14.5552,69.1988000000009],[14.5552,69.2096000000009],[14.566,69.2096000000009]]],[[[15.492799999999999,68.03040000000091],[15.492799999999999,67.9980000000009],[15.4712,67.9980000000009],[15.4712,67.98720000000091],[15.3848,67.98720000000091],[15.3848,67.9980000000009],[15.428,67.9980000000009],[15.428,68.0088000000009],[15.4496,68.0088000000009],[15.4496,68.03040000000091],[15.492799999999999,68.03040000000091]]],[[[15.7432,68.33480000000091],[15.7432,68.3024000000009],[15.6892,68.3024000000009],[15.6892,68.3132000000009],[15.7324,68.32400000000091],[15.7324,68.3564000000009],[15.764800000000001,68.3564000000009],[15.764800000000001,68.33480000000091],[15.7432,68.33480000000091]]],[[[16.6288,68.4320000000009],[16.564,68.4320000000009],[16.564,68.42120000000091],[16.5208,68.42120000000091],[16.5208,68.4104000000009],[16.4776,68.4104000000009],[16.4776,68.3996000000009],[16.4128,68.3996000000009],[16.4128,68.3888000000009],[16.294,68.3888000000009],[16.294,68.33480000000091],[16.3912,68.33480000000091],[16.3912,68.32400000000091],[16.4128,68.32400000000091],[16.4128,68.3132000000009],[16.4776,68.3132000000009],[16.4776,68.3024000000009],[16.348,68.3024000000009],[16.348,68.3132000000009],[16.2832,68.3132000000009],[16.2832,68.32400000000091],[16.1644,68.32400000000091],[16.1644,68.3132000000009],[16.1536,68.3132000000009],[16.1536,68.32400000000091],[16.0564,68.32400000000091],[16.0564,68.3564000000009],[15.9916,68.3564000000009],[15.9916,68.3672000000009],[15.894400000000001,68.3672000000009],[15.894400000000001,68.37800000000091],[15.9592,68.37800000000091],[15.9592,68.3888000000009],[16.0348,68.3888000000009],[16.0348,68.3996000000009],[16.0456,68.3996000000009],[16.0456,68.3888000000009],[16.078,68.3888000000009],[16.078,68.3996000000009],[16.2184,68.3996000000009],[16.2184,68.4104000000009],[16.2292,68.4104000000009],[16.2292,68.3996000000009],[16.2832,68.3996000000009],[16.2832,68.42120000000091],[16.4452,68.42120000000091],[16.4452,68.4428000000009],[16.6072,68.4428000000009],[16.6072,68.4536000000009],[16.618000000000002,68.4536000000009],[16.618000000000002,68.4428000000009],[16.6504,68.4428000000009],[16.6504,68.4536000000009],[16.6828,68.4536000000009],[16.6828,68.4428000000009],[16.6612,68.4428000000009],[16.6612,68.4320000000009],[16.6396,68.4320000000009],[16.6396,68.42120000000091],[16.6288,68.42120000000091],[16.6288,68.4320000000009]]],[[[16.5748,68.5724000000009],[16.618000000000002,68.5724000000009],[16.618000000000002,68.56160000000091],[16.564,68.56160000000091],[16.564,68.5508000000009],[16.5532,68.5508000000009],[16.5532,68.56160000000091],[16.5208,68.56160000000091],[16.5208,68.5400000000009],[16.4776,68.5400000000009],[16.4776,68.5292000000009],[16.456,68.5292000000009],[16.456,68.51840000000091],[16.4452,68.51840000000091],[16.4452,68.5292000000009],[16.4236,68.5292000000009],[16.4236,68.5400000000009],[16.402,68.5400000000009],[16.402,68.5508000000009],[16.3156,68.5508000000009],[16.3156,68.5400000000009],[16.2508,68.5508000000009],[16.2508,68.5400000000009],[16.2292,68.5400000000009],[16.2292,68.5292000000009],[16.186,68.51840000000091],[16.186,68.5076000000009],[16.1644,68.5076000000009],[16.1644,68.4968000000009],[16.1536,68.4968000000009],[16.1536,68.47520000000091],[16.132,68.47520000000091],[16.132,68.4536000000009],[16.0564,68.4536000000009],[16.0564,68.46440000000091],[16.078,68.46440000000091],[16.078,68.4860000000009],[16.1212,68.4860000000009],[16.1212,68.5292000000009],[16.1536,68.5292000000009],[16.1536,68.5400000000009],[16.1752,68.5400000000009],[16.1752,68.5508000000009],[16.2184,68.5508000000009],[16.2184,68.56160000000091],[16.240000000000002,68.56160000000091],[16.240000000000002,68.5724000000009],[16.51,68.5724000000009],[16.51,68.6048000000009],[16.5532,68.61560000000091],[16.5532,68.6372000000009],[16.564,68.6372000000009],[16.564,68.6480000000009],[16.5856,68.6480000000009],[16.5856,68.6804000000009],[16.672,68.6804000000009],[16.672,68.6912000000009],[16.726,68.6912000000009],[16.726,68.6696000000009],[16.6396,68.65880000000091],[16.6396,68.6480000000009],[16.618000000000002,68.6480000000009],[16.618000000000002,68.6372000000009],[16.5964,68.6372000000009],[16.5964,68.6048000000009],[16.5748,68.6048000000009],[16.5748,68.5724000000009]]],[[[15.3976,68.7344000000009],[15.4192,68.7344000000009],[15.4192,68.7452000000009],[15.4516,68.7452000000009],[15.4516,68.70200000000091],[15.4732,68.70200000000091],[15.4732,68.6912000000009],[15.4516,68.6912000000009],[15.4516,68.6696000000009],[15.386800000000001,68.6696000000009],[15.386800000000001,68.6480000000009],[15.376000000000001,68.6480000000009],[15.376000000000001,68.6804000000009],[15.3976,68.6804000000009],[15.3976,68.7344000000009]]],[[[15.5164,68.8748000000009],[15.5164,68.8640000000009],[15.4408,68.8640000000009],[15.4408,68.8748000000009],[15.505600000000001,68.8748000000009],[15.505600000000001,68.89640000000091],[15.5488,68.89640000000091],[15.5488,68.9072000000009],[15.5596,68.9072000000009],[15.5596,68.93960000000091],[15.6028,68.9504000000009],[15.6028,68.9612000000009],[15.6244,68.9612000000009],[15.6244,68.9720000000009],[15.6568,68.9720000000009],[15.6568,68.9612000000009],[15.6784,68.9612000000009],[15.6784,68.9504000000009],[15.635200000000001,68.9504000000009],[15.635200000000001,68.9288000000009],[15.6136,68.9288000000009],[15.6136,68.9072000000009],[15.5704,68.89640000000091],[15.5596,68.8748000000009],[15.5164,68.8748000000009]]],[[[15.376000000000001,68.85320000000091],[15.376000000000001,68.8640000000009],[15.3544,68.8640000000009],[15.3544,68.9072000000009],[15.3436,68.9072000000009],[15.3436,68.9180000000009],[15.322,68.9180000000009],[15.322,68.9612000000009],[15.2788,68.9612000000009],[15.2788,68.9828000000009],[15.322,68.9828000000009],[15.322,68.99360000000091],[15.3544,68.99360000000091],[15.3544,69.0044000000009],[15.4084,69.0044000000009],[15.4084,68.99360000000091],[15.43,68.99360000000091],[15.43,68.9828000000009],[15.4084,68.9828000000009],[15.4084,68.9504000000009],[15.43,68.9504000000009],[15.43,68.8748000000009],[15.4084,68.8748000000009],[15.4084,68.85320000000091],[15.376000000000001,68.85320000000091]]],[[[15.7324,69.0044000000009],[15.7432,69.0044000000009],[15.7432,68.99360000000091],[15.764800000000001,68.99360000000091],[15.764800000000001,68.9828000000009],[15.7432,68.9828000000009],[15.7432,68.9720000000009],[15.7,68.9720000000009],[15.7,68.9612000000009],[15.6892,68.9612000000009],[15.6892,68.9828000000009],[15.7324,68.9828000000009],[15.7324,69.0044000000009]]],[[[16.78,69.0584000000009],[16.8232,69.0584000000009],[16.8232,69.0476000000009],[16.8448,69.0476000000009],[16.8448,69.03680000000091],[16.8016,69.03680000000091],[16.8016,69.0260000000009],[16.7692,69.0260000000009],[16.7692,69.0152000000009],[16.7584,69.0152000000009],[16.7584,69.0260000000009],[16.7368,69.0260000000009],[16.7368,69.03680000000091],[16.6288,69.03680000000091],[16.6288,69.0476000000009],[16.564,69.03680000000091],[16.564,69.0584000000009],[16.4884,69.0584000000009],[16.4884,69.1124000000009],[16.51,69.1124000000009],[16.51,69.13400000000091],[16.5316,69.13400000000091],[16.5316,69.1556000000009],[16.5748,69.1556000000009],[16.5748,69.13400000000091],[16.5964,69.13400000000091],[16.5964,69.1232000000009],[16.78,69.1232000000009],[16.78,69.1124000000009],[16.8016,69.1124000000009],[16.8016,69.1016000000009],[16.7692,69.1016000000009],[16.7692,69.0692000000009],[16.78,69.0692000000009],[16.78,69.0584000000009]]],[[[17.9788,69.23120000000091],[17.9464,69.23120000000091],[17.9464,69.27440000000091],[17.9896,69.27440000000091],[17.9788,69.23120000000091]]],[[[18.0652,69.3932000000009],[18.0868,69.3932000000009],[18.0868,69.41480000000091],[18.1408,69.41480000000091],[18.1408,69.4040000000009],[18.0976,69.4040000000009],[18.0976,69.37160000000091],[18.1192,69.37160000000091],[18.1192,69.3608000000009],[18.0976,69.3608000000009],[18.0976,69.3392000000009],[18.0436,69.3392000000009],[18.0436,69.3500000000009],[18.0652,69.3500000000009],[18.0652,69.3932000000009]]],[[[16.834,69.4040000000009],[16.8664,69.4040000000009],[16.8664,69.3608000000009],[16.8124,69.3608000000009],[16.8124,69.3932000000009],[16.834,69.3932000000009],[16.834,69.4040000000009]]],[[[16.877200000000002,69.4040000000009],[16.877200000000002,69.41480000000091],[16.9528,69.41480000000091],[16.9528,69.4040000000009],[16.877200000000002,69.4040000000009]]],[[[19.7068,69.5768000000009],[19.7068,69.6200000000009],[19.75,69.6200000000009],[19.75,69.6308000000009],[19.7716,69.6308000000009],[19.7716,69.65240000000091],[19.7824,69.65240000000091],[19.7824,69.60920000000091],[19.7392,69.59840000000091],[19.7392,69.5768000000009],[19.7176,69.5768000000009],[19.7176,69.5660000000009],[19.685200000000002,69.5660000000009],[19.685200000000002,69.5768000000009],[19.7068,69.5768000000009]]],[[[20.678800000000003,70.2248000000009],[20.6248,70.2248000000009],[20.6248,70.2356000000009],[20.560000000000002,70.2356000000009],[20.560000000000002,70.2248000000009],[20.5168,70.2248000000009],[20.5168,70.21400000000091],[20.4952,70.21400000000091],[20.4952,70.2032000000009],[20.451999999999998,70.2032000000009],[20.451999999999998,70.1816000000009],[20.4088,70.1816000000009],[20.4088,70.17080000000091],[20.398,70.17080000000091],[20.398,70.1492000000009],[20.3764,70.1492000000009],[20.3764,70.0844000000009],[20.344,70.0844000000009],[20.344,70.0952000000009],[20.300800000000002,70.1060000000009],[20.300800000000002,70.11680000000091],[20.1604,70.11680000000091],[20.1604,70.12760000000091],[20.1064,70.12760000000091],[20.1064,70.1060000000009],[20.0956,70.1060000000009],[20.0956,70.1384000000009],[20.074,70.1384000000009],[20.074,70.1600000000009],[20.0308,70.1600000000009],[20.0308,70.17080000000091],[19.9876,70.17080000000091],[19.9876,70.1816000000009],[19.912,70.1816000000009],[19.912,70.1924000000009],[19.8904,70.1924000000009],[19.8904,70.2032000000009],[19.8472,70.2032000000009],[19.8472,70.21400000000091],[19.7824,70.21400000000091],[19.7824,70.2248000000009],[19.7716,70.2248000000009],[19.7716,70.26800000000091],[19.7392,70.26800000000091],[19.7392,70.2572000000009],[19.7176,70.2572000000009],[19.7176,70.2464000000009],[19.685200000000002,70.2464000000009],[19.685200000000002,70.2572000000009],[19.663600000000002,70.2572000000009],[19.663600000000002,70.26800000000091],[19.6204,70.2788000000009],[19.6204,70.2896000000009],[19.588,70.2896000000009],[19.588,70.2788000000009],[19.5772,70.2788000000009],[19.5772,70.2572000000009],[19.5664,70.2572000000009],[19.5664,70.26800000000091],[19.534,70.26800000000091],[19.534,70.2572000000009],[19.5124,70.2572000000009],[19.5124,70.21400000000091],[19.5556,70.21400000000091],[19.5556,70.2032000000009],[19.5772,70.2032000000009],[19.5772,70.1924000000009],[19.6096,70.1924000000009],[19.6096,70.17080000000091],[19.6528,70.17080000000091],[19.6528,70.1492000000009],[19.6744,70.1492000000009],[19.6744,70.12760000000091],[19.696,70.12760000000091],[19.696,70.0844000000009],[19.7176,70.0844000000009],[19.7176,70.0628000000009],[19.858,70.0628000000009],[19.858,70.0520000000009],[19.9336,70.0520000000009],[19.9336,70.0628000000009],[20.02,70.0628000000009],[20.02,70.0520000000009],[20.063200000000002,70.0412000000009],[20.063200000000002,70.0088000000009],[20.041600000000003,70.0088000000009],[20.041600000000003,69.9980000000009],[20.0308,69.9980000000009],[20.0308,70.0088000000009],[19.9984,70.0088000000009],[19.9984,69.9656000000009],[19.9876,69.9656000000009],[19.9876,69.9548000000009],[19.9552,69.9548000000009],[19.9552,69.9656000000009],[19.922800000000002,69.9656000000009],[19.922800000000002,69.9548000000009],[19.912,69.9548000000009],[19.912,69.9656000000009],[19.8688,69.9656000000009],[19.8688,69.98720000000091],[19.8472,69.98720000000091],[19.8472,69.9980000000009],[19.7176,69.9980000000009],[19.7176,69.9656000000009],[19.6744,69.9656000000009],[19.6744,69.9440000000009],[19.588,69.9440000000009],[19.588,69.93320000000091],[19.5556,69.93320000000091],[19.5556,69.9224000000009],[19.534,69.9224000000009],[19.534,69.9116000000009],[19.4908,69.9116000000009],[19.4908,69.89000000000091],[19.4692,69.89000000000091],[19.4692,69.8792000000009],[19.4476,69.8792000000009],[19.4476,69.8684000000009],[19.426000000000002,69.8684000000009],[19.426000000000002,69.83600000000091],[19.4476,69.83600000000091],[19.4476,69.8252000000009],[19.426000000000002,69.8252000000009],[19.426000000000002,69.79280000000091],[19.404400000000003,69.79280000000091],[19.404400000000003,69.7820000000009],[19.2424,69.7820000000009],[19.2424,69.7712000000009],[19.1884,69.7712000000009],[19.1884,69.7604000000009],[19.1452,69.7604000000009],[19.1452,69.74960000000091],[19.1236,69.74960000000091],[19.1236,69.73880000000091],[19.102,69.73880000000091],[19.102,69.7280000000009],[19.0804,69.7280000000009],[19.0804,69.6848000000009],[19.0372,69.6848000000009],[19.0372,69.6740000000009],[19.0156,69.6740000000009],[19.0156,69.65240000000091],[18.994,69.65240000000091],[18.9832,69.6308000000009],[18.94,69.6200000000009],[18.94,69.5660000000009],[18.9616,69.5660000000009],[18.9616,69.5444000000009],[18.994,69.5444000000009],[18.9832,69.45800000000091],[18.994,69.45800000000091],[18.994,69.4364000000009],[19.0156,69.4364000000009],[19.0156,69.41480000000091],[18.9832,69.41480000000091],[18.9832,69.4256000000009],[18.9508,69.4256000000009],[18.9508,69.4364000000009],[18.907600000000002,69.4472000000009],[18.907600000000002,69.4904000000009],[18.8644,69.5012000000009],[18.8644,69.5444000000009],[18.8428,69.5444000000009],[18.8428,69.55520000000091],[18.788800000000002,69.55520000000091],[18.778,69.5336000000009],[18.7672,69.5336000000009],[18.7672,69.5444000000009],[18.7348,69.5444000000009],[18.7348,69.5336000000009],[18.5836,69.5336000000009],[18.5836,69.5228000000009],[18.5512,69.5228000000009],[18.5512,69.51200000000091],[18.4432,69.51200000000091],[18.4432,69.5012000000009],[18.4216,69.5012000000009],[18.4216,69.4904000000009],[18.4,69.4904000000009],[18.4,69.45800000000091],[18.4432,69.45800000000091],[18.4432,69.4364000000009],[18.410800000000002,69.4364000000009],[18.410800000000002,69.4472000000009],[18.3568,69.4472000000009],[18.3568,69.45800000000091],[18.3352,69.45800000000091],[18.3352,69.4796000000009],[18.292,69.4796000000009],[18.292,69.4904000000009],[18.2596,69.4904000000009],[18.2596,69.4796000000009],[18.2164,69.4796000000009],[18.2164,69.4688000000009],[18.2056,69.4688000000009],[18.2056,69.4796000000009],[18.184,69.4796000000009],[18.184,69.4904000000009],[18.1732,69.4904000000009],[18.1732,69.51200000000091],[18.13,69.51200000000091],[18.13,69.5228000000009],[18.1084,69.5228000000009],[18.1084,69.5336000000009],[18.1408,69.5336000000009],[18.1408,69.5228000000009],[18.3568,69.5228000000009],[18.3568,69.5336000000009],[18.389200000000002,69.5336000000009],[18.389200000000002,69.5444000000009],[18.454,69.5444000000009],[18.454,69.55520000000091],[18.4864,69.55520000000091],[18.4864,69.5444000000009],[18.5188,69.5444000000009],[18.5188,69.55520000000091],[18.5944,69.55520000000091],[18.5944,69.5660000000009],[18.616,69.5660000000009],[18.616,69.5768000000009],[18.6268,69.5768000000009],[18.6268,69.5660000000009],[18.7672,69.5660000000009],[18.778,69.5876000000009],[18.799599999999998,69.5876000000009],[18.799599999999998,69.6416000000009],[18.7672,69.6416000000009],[18.7672,69.65240000000091],[18.7456,69.65240000000091],[18.7456,69.6632000000009],[18.7672,69.6632000000009],[18.7672,69.6740000000009],[18.778,69.6740000000009],[18.778,69.65240000000091],[18.8212,69.65240000000091],[18.8212,69.69560000000091],[18.832,69.69560000000091],[18.832,69.6848000000009],[18.8644,69.6848000000009],[18.8644,69.69560000000091],[18.907600000000002,69.7064000000009],[18.907600000000002,69.7172000000009],[18.9508,69.7172000000009],[18.9508,69.7280000000009],[18.9832,69.7280000000009],[18.9832,69.73880000000091],[19.026400000000002,69.73880000000091],[19.026400000000002,69.74960000000091],[19.048000000000002,69.74960000000091],[19.048000000000002,69.7820000000009],[19.0048,69.79280000000091],[19.0048,69.8144000000009],[18.9832,69.8144000000009],[18.9832,69.8252000000009],[18.9292,69.8252000000009],[18.9292,69.83600000000091],[18.8428,69.83600000000091],[18.8428,69.8468000000009],[18.8212,69.8468000000009],[18.8212,69.8576000000009],[18.799599999999998,69.8576000000009],[18.799599999999998,69.8792000000009],[18.67,69.8792000000009],[18.67,69.8684000000009],[18.648400000000002,69.8684000000009],[18.648400000000002,69.83600000000091],[18.6052,69.83600000000091],[18.6052,69.8144000000009],[18.540399999999998,69.8144000000009],[18.540399999999998,69.8252000000009],[18.562,69.8252000000009],[18.562,69.8576000000009],[18.4864,69.8576000000009],[18.4864,69.8468000000009],[18.4216,69.8468000000009],[18.4216,69.83600000000091],[18.3784,69.83600000000091],[18.3784,69.79280000000091],[18.3244,69.79280000000091],[18.3244,69.7712000000009],[18.2812,69.7712000000009],[18.2812,69.7172000000009],[18.2596,69.7172000000009],[18.2596,69.7064000000009],[18.1948,69.7064000000009],[18.1948,69.6848000000009],[18.1732,69.6848000000009],[18.1732,69.7064000000009],[18.1408,69.7064000000009],[18.1408,69.69560000000091],[18.1192,69.69560000000091],[18.1192,69.6848000000009],[18.0976,69.6848000000009],[18.0976,69.65240000000091],[18.076,69.65240000000091],[18.076,69.6200000000009],[18.0328,69.60920000000091],[18.0328,69.59840000000091],[18.011200000000002,69.59840000000091],[18.011200000000002,69.5660000000009],[18.0544,69.55520000000091],[18.0544,69.5444000000009],[18.076,69.5444000000009],[18.076,69.5012000000009],[18.0976,69.5012000000009],[18.0976,69.4796000000009],[18.0652,69.4796000000009],[18.0652,69.4904000000009],[18.022,69.4904000000009],[18.022,69.51200000000091],[18.0004,69.51200000000091],[18.0004,69.5228000000009],[17.968,69.5228000000009],[17.968,69.5336000000009],[17.9248,69.5444000000009],[17.9248,69.55520000000091],[17.9032,69.55520000000091],[17.9032,69.5768000000009],[17.7196,69.5768000000009],[17.7196,69.5876000000009],[17.6764,69.5876000000009],[17.6764,69.59840000000091],[17.4604,69.59840000000091],[17.4604,69.5660000000009],[17.374000000000002,69.55520000000091],[17.374000000000002,69.5336000000009],[17.2768,69.5336000000009],[17.2768,69.51200000000091],[17.1904,69.5012000000009],[17.1904,69.4688000000009],[17.1148,69.4688000000009],[17.1148,69.45800000000091],[17.0932,69.45800000000091],[17.0932,69.4472000000009],[16.942,69.4472000000009],[16.942,69.45800000000091],[16.8988,69.4688000000009],[16.8988,69.4796000000009],[16.8556,69.4904000000009],[16.8556,69.5012000000009],[16.7908,69.5012000000009],[16.7908,69.51200000000091],[16.6288,69.51200000000091],[16.6288,69.5228000000009],[16.6072,69.5228000000009],[16.6072,69.5336000000009],[16.5532,69.5336000000009],[16.5532,69.5444000000009],[16.51,69.5444000000009],[16.51,69.55520000000091],[16.4668,69.5660000000009],[16.4668,69.5768000000009],[16.4344,69.5768000000009],[16.4344,69.5444000000009],[16.456,69.5444000000009],[16.456,69.5336000000009],[16.4776,69.5336000000009],[16.4776,69.5228000000009],[16.499200000000002,69.5228000000009],[16.499200000000002,69.5012000000009],[16.4776,69.5012000000009],[16.4776,69.4904000000009],[16.456,69.4904000000009],[16.456,69.4796000000009],[16.4452,69.4796000000009],[16.4452,69.4904000000009],[16.3804,69.4904000000009],[16.3804,69.5012000000009],[16.3156,69.5012000000009],[16.3156,69.4688000000009],[16.3372,69.4688000000009],[16.3372,69.45800000000091],[16.3912,69.45800000000091],[16.3912,69.4472000000009],[16.4128,69.4472000000009],[16.4128,69.4256000000009],[16.3912,69.4256000000009],[16.3912,69.3824000000009],[16.4128,69.3824000000009],[16.4128,69.37160000000091],[16.5208,69.37160000000091],[16.5208,69.31760000000091],[16.5424,69.31760000000091],[16.5424,69.3068000000009],[16.5208,69.3068000000009],[16.5208,69.2852000000009],[16.499200000000002,69.2852000000009],[16.499200000000002,69.27440000000091],[16.4452,69.27440000000091],[16.4452,69.2852000000009],[16.3696,69.2852000000009],[16.3696,69.27440000000091],[16.3372,69.27440000000091],[16.3372,69.2636000000009],[16.294,69.2636000000009],[16.294,69.2528000000009],[16.2292,69.2528000000009],[16.2292,69.2420000000009],[16.1752,69.2420000000009],[16.1752,69.2528000000009],[16.1536,69.2528000000009],[16.1536,69.2636000000009],[16.1752,69.2636000000009],[16.1752,69.3068000000009],[16.1536,69.3068000000009],[16.1536,69.31760000000091],[15.9808,69.3068000000009],[15.97,69.2852000000009],[15.9484,69.2852000000009],[15.9484,69.27440000000091],[15.9052,69.27440000000091],[15.9052,69.2636000000009],[15.8836,69.2636000000009],[15.8836,69.2528000000009],[15.8404,69.2420000000009],[15.8404,69.1880000000009],[15.7972,69.1880000000009],[15.7972,69.1664000000009],[15.7756,69.1664000000009],[15.7756,69.1448000000009],[15.6568,69.1448000000009],[15.6568,69.1232000000009],[15.592,69.1232000000009],[15.592,69.1124000000009],[15.5704,69.1124000000009],[15.5596,69.0908000000009],[15.538,69.0908000000009],[15.538,69.0692000000009],[15.5164,69.0692000000009],[15.5164,69.0584000000009],[15.505600000000001,69.0584000000009],[15.505600000000001,69.0692000000009],[15.3976,69.0692000000009],[15.3976,69.08000000000091],[15.3436,69.08000000000091],[15.3436,69.0908000000009],[15.322,69.0908000000009],[15.322,69.1124000000009],[15.3004,69.1124000000009],[15.3004,69.1232000000009],[15.2788,69.1232000000009],[15.2788,69.13400000000091],[15.257200000000001,69.13400000000091],[15.257200000000001,69.1448000000009],[15.1924,69.1448000000009],[15.1924,69.1556000000009],[15.127600000000001,69.1448000000009],[15.127600000000001,69.1016000000009],[15.1168,69.1016000000009],[15.1168,69.1124000000009],[15.0844,69.1124000000009],[15.0844,69.1016000000009],[14.9872,69.1016000000009],[14.9872,69.1124000000009],[14.9332,69.1124000000009],[14.9332,69.1232000000009],[14.9116,69.1232000000009],[14.9116,69.1448000000009],[14.89,69.1448000000009],[14.89,69.1556000000009],[14.9116,69.1556000000009],[14.9116,69.17720000000091],[14.9332,69.17720000000091],[14.9332,69.1988000000009],[14.944,69.1988000000009],[14.944,69.2096000000009],[14.9656,69.2096000000009],[14.9656,69.22040000000091],[14.9872,69.22040000000091],[14.9872,69.23120000000091],[15.052,69.23120000000091],[15.052,69.2420000000009],[15.0952,69.2420000000009],[15.0952,69.27440000000091],[15.052,69.27440000000091],[15.052,69.2852000000009],[15.0952,69.2852000000009],[15.0952,69.2960000000009],[15.1168,69.2960000000009],[15.1168,69.3068000000009],[15.1924,69.3068000000009],[15.1924,69.31760000000091],[15.2788,69.3284000000009],[15.2788,69.3392000000009],[15.3004,69.3392000000009],[15.3004,69.3500000000009],[15.3544,69.3500000000009],[15.3544,69.37160000000091],[15.376000000000001,69.37160000000091],[15.376000000000001,69.4040000000009],[15.3976,69.4040000000009],[15.3976,69.41480000000091],[15.4624,69.41480000000091],[15.4624,69.4256000000009],[15.505600000000001,69.4256000000009],[15.505600000000001,69.4364000000009],[15.5704,69.4364000000009],[15.5704,69.4256000000009],[15.6136,69.4256000000009],[15.6136,69.41480000000091],[15.635200000000001,69.41480000000091],[15.635200000000001,69.4040000000009],[15.6136,69.4040000000009],[15.6136,69.3500000000009],[15.635200000000001,69.3500000000009],[15.635200000000001,69.3392000000009],[15.6568,69.3392000000009],[15.6568,69.3284000000009],[15.7324,69.3284000000009],[15.7324,69.3392000000009],[15.7864,69.3392000000009],[15.7864,69.3500000000009],[15.8296,69.3500000000009],[15.8296,69.3932000000009],[15.8512,69.3932000000009],[15.8512,69.41480000000091],[15.894400000000001,69.4256000000009],[15.894400000000001,69.4364000000009],[15.9916,69.4364000000009],[15.9916,69.45800000000091],[16.0024,69.45800000000091],[16.0024,69.4472000000009],[16.0348,69.4472000000009],[16.0348,69.45800000000091],[16.078,69.45800000000091],[16.078,69.4796000000009],[16.0996,69.4796000000009],[16.0996,69.5012000000009],[16.1752,69.5012000000009],[16.1752,69.51200000000091],[16.2076,69.51200000000091],[16.2076,69.5012000000009],[16.2292,69.5012000000009],[16.2292,69.4904000000009],[16.2616,69.4904000000009],[16.2616,69.5012000000009],[16.2832,69.5012000000009],[16.2832,69.5336000000009],[16.2616,69.5336000000009],[16.2616,69.5444000000009],[16.1968,69.5444000000009],[16.1968,69.55520000000091],[16.1428,69.55520000000091],[16.1428,69.60920000000091],[16.0996,69.6200000000009],[16.0996,69.6308000000009],[16.1212,69.6308000000009],[16.1212,69.65240000000091],[16.1428,69.65240000000091],[16.1536,69.73880000000091],[16.1752,69.73880000000091],[16.1752,69.7604000000009],[16.1968,69.7604000000009],[16.1968,69.7712000000009],[16.240000000000002,69.7712000000009],[16.240000000000002,69.7820000000009],[16.3048,69.7820000000009],[16.3048,69.8252000000009],[16.3264,69.8252000000009],[16.3264,69.8576000000009],[16.3048,69.8576000000009],[16.3048,69.8792000000009],[16.240000000000002,69.8792000000009],[16.240000000000002,69.9008000000009],[16.1536,69.9116000000009],[16.1536,69.9224000000009],[16.1428,69.9224000000009],[16.1428,69.9440000000009],[16.0564,69.9440000000009],[16.0564,69.9548000000009],[16.0348,69.9548000000009],[16.0348,69.97640000000091],[16.078,69.97640000000091],[16.078,69.98720000000091],[16.1428,69.98720000000091],[16.1428,70.03040000000091],[16.078,70.03040000000091],[16.078,70.0412000000009],[16.0456,70.0412000000009],[16.0456,70.03040000000091],[15.9808,70.0412000000009],[15.9808,70.03040000000091],[15.97,70.03040000000091],[15.97,70.0412000000009],[15.916,70.0412000000009],[15.916,70.0520000000009],[15.8836,70.0520000000009],[15.8836,70.0412000000009],[15.8728,70.0412000000009],[15.8728,70.0520000000009],[15.8512,70.0520000000009],[15.8512,70.0628000000009],[15.8728,70.0628000000009],[15.8728,70.0844000000009],[15.894400000000001,70.0844000000009],[15.894400000000001,70.11680000000091],[15.8512,70.12760000000091],[15.8512,70.1924000000009],[15.7756,70.1924000000009],[15.7756,70.1816000000009],[15.764800000000001,70.1816000000009],[15.764800000000001,70.1924000000009],[15.7108,70.1924000000009],[15.7108,70.2032000000009],[15.6784,70.2032000000009],[15.6784,70.1924000000009],[15.6676,70.1924000000009],[15.6676,70.2032000000009],[15.538,70.2032000000009],[15.538,70.1924000000009],[15.5164,70.1924000000009],[15.5164,70.1816000000009],[15.505600000000001,70.1816000000009],[15.505600000000001,70.1924000000009],[15.4732,70.1924000000009],[15.4732,70.1816000000009],[15.4624,70.1816000000009],[15.4624,70.1924000000009],[15.4408,70.1924000000009],[15.4408,70.2032000000009],[15.4084,70.2032000000009],[15.4084,70.1924000000009],[15.3544,70.1924000000009],[15.3544,70.1816000000009],[15.268,70.1816000000009],[15.268,70.17080000000091],[15.2464,70.17080000000091],[15.2464,70.1600000000009],[15.2248,70.1600000000009],[15.2248,70.1384000000009],[15.16,70.1384000000009],[15.1492,70.11680000000091],[15.127600000000001,70.11680000000091],[15.127600000000001,70.1060000000009],[15.1168,70.1060000000009],[15.1168,70.11680000000091],[15.0844,70.11680000000091],[15.0844,70.0952000000009],[14.944,70.0952000000009],[14.944,70.07360000000091],[14.9224,70.07360000000091],[14.9224,70.0412000000009],[14.9008,70.0412000000009],[14.9008,70.03040000000091],[14.8576,70.03040000000091],[14.8576,70.0088000000009],[14.8468,70.0088000000009],[14.8468,70.0196000000009],[14.8144,70.0196000000009],[14.8144,70.0088000000009],[14.7712,69.9980000000009],[14.7604,69.97640000000091],[14.7172,69.9656000000009],[14.7172,69.9440000000009],[14.6956,69.9440000000009],[14.6956,69.93320000000091],[14.6092,69.9224000000009],[14.6092,69.9008000000009],[14.5552,69.9008000000009],[14.5552,69.89000000000091],[14.512,69.89000000000091],[14.512,69.8792000000009],[14.4472,69.8792000000009],[14.4472,69.8576000000009],[14.3608,69.8468000000009],[14.35,69.8252000000009],[14.306799999999999,69.8252000000009],[14.306799999999999,69.8144000000009],[14.2852,69.8144000000009],[14.2852,69.8036000000009],[14.2636,69.8036000000009],[14.2636,69.79280000000091],[14.2204,69.79280000000091],[14.2204,69.7712000000009],[14.1556,69.7712000000009],[14.1556,69.7604000000009],[14.1448,69.7604000000009],[14.1448,69.7280000000009],[14.1232,69.7280000000009],[14.1232,69.7064000000009],[14.08,69.7064000000009],[14.08,69.6740000000009],[14.0368,69.6632000000009],[14.0368,69.6416000000009],[14.0152,69.6416000000009],[14.0152,69.6308000000009],[13.9936,69.6308000000009],[13.9936,69.6200000000009],[13.9828,69.6200000000009],[13.9828,70.3976000000009],[14.0044,70.3976000000009],[14.0044,70.40840000000091],[14.1448,70.40840000000091],[14.1448,70.4192000000009],[14.1664,70.4192000000009],[14.1664,70.4300000000009],[14.188,70.4300000000009],[14.188,70.45160000000091],[14.2528,70.45160000000091],[14.2528,70.49480000000091],[14.2744,70.49480000000091],[14.2744,70.50560000000091],[20.9936,70.50560000000091],[20.9936,71.3068000000006],[31.005200000000002,71.3068000000006],[31.005200000000002,70.42120000000061],[30.983600000000003,70.42120000000061],[30.983600000000003,70.4320000000006],[30.9404,70.4320000000006],[30.9404,70.4428000000006],[30.886400000000002,70.4428000000006],[30.886400000000002,70.4320000000006],[30.7352,70.4320000000006],[30.7352,70.46440000000061],[30.692,70.4752000000006],[30.692,70.4860000000006],[30.6488,70.4860000000006],[30.6488,70.4968000000006],[30.605600000000003,70.4968000000006],[30.605600000000003,70.5400000000006],[30.476,70.5400000000006],[30.476,70.56160000000061],[30.4436,70.56160000000061],[30.4436,70.5508000000006],[30.4328,70.5508000000006],[30.4328,70.56160000000061],[30.368000000000002,70.56160000000061],[30.368000000000002,70.5724000000006],[30.3248,70.5724000000006],[30.3248,70.61560000000061],[30.3032,70.61560000000061],[30.3032,70.6264000000006],[30.259999999999998,70.6264000000006],[30.259999999999998,70.6372000000006],[30.2168,70.6372000000006],[30.2168,70.64800000000061],[30.1844,70.64800000000061],[30.1844,70.65880000000061],[30.1628,70.65880000000061],[30.1628,70.6912000000006],[30.098,70.6912000000006],[30.098,70.70200000000061],[30.0548,70.70200000000061],[30.0548,70.7128000000006],[30.0224,70.7128000000006],[30.0224,70.70200000000061],[29.9036,70.70200000000061],[29.9036,70.7128000000006],[29.8172,70.7128000000006],[29.8172,70.7236000000006],[29.7524,70.7236000000006],[29.7524,70.7344000000006],[29.6768,70.7344000000006],[29.6768,70.7236000000006],[29.6552,70.7236000000006],[29.6552,70.7128000000006],[29.6444,70.7128000000006],[29.6444,70.7236000000006],[29.6012,70.7236000000006],[29.6012,70.7128000000006],[29.590400000000002,70.7128000000006],[29.590400000000002,70.7344000000006],[29.558,70.7344000000006],[29.558,70.7236000000006],[29.5472,70.7236000000006],[29.5472,70.7344000000006],[29.450000000000003,70.7344000000006],[29.450000000000003,70.7236000000006],[29.4284,70.7236000000006],[29.4284,70.7128000000006],[29.4176,70.7128000000006],[29.4176,70.75600000000061],[29.396,70.75600000000061],[29.396,70.7776000000006],[29.331200000000003,70.7776000000006],[29.331200000000003,70.79920000000061],[29.288,70.79920000000061],[29.288,70.8100000000006],[29.2664,70.8100000000006],[29.2664,70.8316000000006],[29.244799999999998,70.8316000000006],[29.244799999999998,70.84240000000061],[29.2016,70.84240000000061],[29.2016,70.8532000000006],[29.1692,70.8532000000006],[29.1692,70.84240000000061],[29.1584,70.84240000000061],[29.1584,70.8532000000006],[29.1368,70.8532000000006],[29.1368,70.8640000000006],[28.9964,70.8640000000006],[28.9964,70.8748000000006],[28.91,70.8748000000006],[28.91,70.88560000000061],[28.8884,70.88560000000061],[28.8884,70.89640000000061],[28.8668,70.89640000000061],[28.8668,70.9072000000006],[28.8236,70.9072000000006],[28.8236,70.9180000000006],[28.7696,70.9180000000006],[28.7696,70.9072000000006],[28.7588,70.9072000000006],[28.7588,70.9180000000006],[28.7048,70.9180000000006],[28.7048,70.9072000000006],[28.6724,70.9072000000006],[28.6724,70.9180000000006],[28.607599999999998,70.9180000000006],[28.607599999999998,70.9288000000006],[28.575200000000002,70.9288000000006],[28.575200000000002,70.9072000000006],[28.553600000000003,70.9072000000006],[28.553600000000003,70.88560000000061],[28.4996,70.88560000000061],[28.4996,70.89640000000061],[28.5428,70.9072000000006],[28.5428,70.99360000000061],[28.4024,70.99360000000061],[28.4024,71.0044000000006],[28.337600000000002,70.99360000000061],[28.337600000000002,71.0152000000006],[28.2944,71.0152000000006],[28.2944,71.02600000000061],[28.2512,71.03680000000061],[28.2512,71.08000000000061],[28.229599999999998,71.08000000000061],[28.229599999999998,71.0908000000006],[28.154,71.0908000000006],[28.154,71.08000000000061],[28.1108,71.08000000000061],[28.1108,71.0692000000006],[28.1,71.0692000000006],[28.1,71.08000000000061],[28.0028,71.08000000000061],[28.0028,71.0692000000006],[27.992,71.0692000000006],[27.992,71.08000000000061],[27.938000000000002,71.08000000000061],[27.938000000000002,71.0692000000006],[27.8516,71.0692000000006],[27.8516,71.0584000000006],[27.8408,71.0584000000006],[27.8408,71.0692000000006],[27.8084,71.0692000000006],[27.8084,71.08000000000061],[27.7652,71.08000000000061],[27.7652,71.0908000000006],[27.7436,71.0908000000006],[27.7436,71.1016000000006],[27.700400000000002,71.1016000000006],[27.700400000000002,71.1124000000006],[27.678800000000003,71.1124000000006],[27.678800000000003,71.12320000000061],[27.6464,71.12320000000061],[27.6464,71.1016000000006],[27.5384,71.1016000000006],[27.5384,71.0908000000006],[27.4952,71.08000000000061],[27.4952,71.0584000000006],[27.4736,71.0584000000006],[27.4736,71.0476000000006],[27.451999999999998,71.0476000000006],[27.451999999999998,71.03680000000061],[27.4088,71.03680000000061],[27.4088,71.02600000000061],[27.3332,71.02600000000061],[27.3332,71.03680000000061],[27.2252,71.03680000000061],[27.2252,71.0152000000006],[27.2036,71.0152000000006],[27.2036,71.0044000000006],[27.1604,71.0044000000006],[27.1604,70.98280000000061],[27.1388,70.98280000000061],[27.1388,70.9720000000006],[27.0848,70.9720000000006],[27.0848,71.0044000000006],[27.0092,71.0044000000006],[27.0092,70.99360000000061],[26.966,70.99360000000061],[26.966,70.98280000000061],[26.9012,70.98280000000061],[26.9012,70.9720000000006],[26.858,70.9720000000006],[26.858,70.9612000000006],[26.814799999999998,70.9612000000006],[26.814799999999998,70.9504000000006],[26.7716,70.93960000000061],[26.7716,70.9288000000006],[26.7176,70.9288000000006],[26.7176,70.9720000000006],[26.663600000000002,70.9720000000006],[26.663600000000002,70.9612000000006],[26.6528,70.9612000000006],[26.6528,70.9720000000006],[26.6096,70.9720000000006],[26.6096,70.9612000000006],[26.5664,70.9612000000006],[26.5664,70.9504000000006],[26.534,70.9504000000006],[26.534,70.9612000000006],[26.5556,70.9612000000006],[26.5556,70.99360000000061],[26.3504,70.99360000000061],[26.3504,70.98280000000061],[26.3288,70.98280000000061],[26.3288,70.9720000000006],[26.318,70.9720000000006],[26.318,70.98280000000061],[26.2964,70.98280000000061],[26.2964,71.0044000000006],[26.21,71.0044000000006],[26.21,71.0152000000006],[26.1884,71.0152000000006],[26.1884,71.0476000000006],[26.1236,71.0476000000006],[26.1236,71.0584000000006],[26.026400000000002,71.0584000000006],[26.026400000000002,71.0692000000006],[26.0048,71.0692000000006],[26.0048,71.12320000000061],[25.832,71.12320000000061],[25.832,71.13400000000061],[25.8104,71.13400000000061],[25.8104,71.1664000000006],[25.7348,71.1664000000006],[25.7348,71.1556000000006],[25.724,71.1556000000006],[25.724,71.1664000000006],[25.7024,71.1664000000006],[25.7024,71.17720000000061],[25.6268,71.17720000000061],[25.6268,71.1664000000006],[25.6052,71.1664000000006],[25.6052,71.1556000000006],[25.562,71.1556000000006],[25.562,71.1124000000006],[25.4432,71.1124000000006],[25.4432,71.1016000000006],[25.3568,71.1016000000006],[25.3568,71.0908000000006],[25.3028,71.0908000000006],[25.3028,71.1016000000006],[25.270400000000002,71.1016000000006],[25.270400000000002,71.08000000000061],[25.2488,71.08000000000061],[25.2488,71.02600000000061],[25.292,71.02600000000061],[25.292,71.0152000000006],[25.3568,71.0152000000006],[25.3568,71.0044000000006],[25.4,71.0044000000006],[25.4,70.99360000000061],[25.4216,70.99360000000061],[25.4216,70.98280000000061],[25.4756,70.98280000000061],[25.4756,70.9612000000006],[25.5188,70.9612000000006],[25.5188,70.9504000000006],[25.540399999999998,70.9504000000006],[25.540399999999998,70.93960000000061],[25.6376,70.93960000000061],[25.6376,70.9504000000006],[25.67,70.9504000000006],[25.67,70.93960000000061],[25.724,70.93960000000061],[25.724,70.9504000000006],[25.778,70.9504000000006],[25.778,70.93960000000061],[25.8104,70.93960000000061],[25.8104,70.9504000000006],[25.8428,70.9504000000006],[25.8428,70.93960000000061],[25.886,70.93960000000061],[25.886,70.9288000000006],[25.9292,70.9180000000006],[25.9292,70.89640000000061],[25.9508,70.89640000000061],[25.9508,70.88560000000061],[25.994,70.88560000000061],[25.994,70.8748000000006],[26.0156,70.8748000000006],[26.0156,70.8532000000006],[26.0372,70.8532000000006],[26.0372,70.8316000000006],[26.1236,70.8316000000006],[26.1236,70.84240000000061],[26.1344,70.84240000000061],[26.1344,70.8316000000006],[26.2424,70.8316000000006],[26.2424,70.8100000000006],[26.1992,70.79920000000061],[26.1992,70.7884000000006],[26.177599999999998,70.7884000000006],[26.177599999999998,70.7776000000006],[26.156,70.7776000000006],[26.156,70.7668000000006],[26.1128,70.7668000000006],[26.1128,70.7344000000006],[26.0696,70.7344000000006],[26.0696,70.7236000000006],[26.0372,70.7236000000006],[26.0372,70.7128000000006],[26.0156,70.7128000000006],[26.0156,70.6696000000006],[25.994,70.6696000000006],[25.994,70.6372000000006],[25.9508,70.6372000000006],[25.9508,70.5940000000006],[25.9292,70.5940000000006],[25.9292,70.5832000000006],[25.886,70.5832000000006],[25.886,70.5724000000006],[25.8644,70.5724000000006],[25.8644,70.56160000000061],[25.8212,70.56160000000061],[25.8212,70.5508000000006],[25.8104,70.5508000000006],[25.8104,70.56160000000061],[25.724,70.56160000000061],[25.724,70.5724000000006],[25.7024,70.5724000000006],[25.7024,70.60480000000061],[25.7456,70.60480000000061],[25.7456,70.6264000000006],[25.7672,70.6264000000006],[25.7672,70.6696000000006],[25.5944,70.6696000000006],[25.5944,70.6912000000006],[25.5728,70.6912000000006],[25.5728,70.7128000000006],[25.6268,70.7128000000006],[25.6268,70.70200000000061],[25.6592,70.70200000000061],[25.6592,70.7236000000006],[25.7024,70.7236000000006],[25.7024,70.74520000000061],[25.7456,70.75600000000061],[25.7456,70.7884000000006],[25.7672,70.7884000000006],[25.7672,70.8100000000006],[25.8104,70.8208000000006],[25.8104,70.84240000000061],[25.8968,70.8640000000006],[25.8968,70.89640000000061],[25.8752,70.89640000000061],[25.8752,70.9072000000006],[25.778,70.9072000000006],[25.778,70.89640000000061],[25.724,70.89640000000061],[25.724,70.9072000000006],[25.6052,70.9072000000006],[25.6052,70.89640000000061],[25.5728,70.89640000000061],[25.5728,70.9072000000006],[25.5512,70.9072000000006],[25.5512,70.9180000000006],[25.529600000000002,70.9180000000006],[25.529600000000002,70.9288000000006],[25.4864,70.9288000000006],[25.4864,70.93960000000061],[25.4648,70.93960000000061],[25.4648,70.9504000000006],[25.410800000000002,70.9504000000006],[25.410800000000002,70.9612000000006],[25.389200000000002,70.9612000000006],[25.389200000000002,70.9720000000006],[25.238,70.9720000000006],[25.238,70.98280000000061],[25.1732,70.98280000000061],[25.1732,70.99360000000061],[25.151600000000002,70.99360000000061],[25.151600000000002,71.0044000000006],[25.1948,71.0044000000006],[25.1948,71.0476000000006],[25.2164,71.0476000000006],[25.2164,71.08000000000061],[25.184,71.08000000000061],[25.184,71.0692000000006],[25.162399999999998,71.0692000000006],[25.162399999999998,71.0584000000006],[25.1192,71.0584000000006],[25.1192,71.0476000000006],[25.0976,71.0476000000006],[25.0976,71.03680000000061],[24.9464,71.03680000000061],[24.9464,71.0044000000006],[25.1192,71.0044000000006],[25.1192,70.9720000000006],[25.0544,70.9720000000006],[25.0544,70.9612000000006],[25.0436,70.9612000000006],[25.0436,70.9720000000006],[24.968,70.9720000000006],[24.968,70.9612000000006],[24.9464,70.9612000000006],[24.9464,70.9504000000006],[24.8168,70.9504000000006],[24.8168,70.9612000000006],[24.7952,70.9612000000006],[24.7952,70.9720000000006],[24.773600000000002,70.9720000000006],[24.773600000000002,70.98280000000061],[24.752000000000002,70.98280000000061],[24.752000000000002,70.99360000000061],[24.644,70.99360000000061],[24.644,71.0044000000006],[24.6224,71.0044000000006],[24.6224,71.0152000000006],[24.5684,71.0152000000006],[24.5684,70.88560000000061],[24.59,70.88560000000061],[24.59,70.8748000000006],[24.536,70.8748000000006],[24.536,70.89640000000061],[24.5036,70.89640000000061],[24.5036,70.88560000000061],[24.3956,70.88560000000061],[24.3956,70.8748000000006],[24.3092,70.8640000000006],[24.3092,70.8532000000006],[24.2876,70.8532000000006],[24.2876,70.8208000000006],[24.255200000000002,70.8208000000006],[24.255200000000002,70.79920000000061],[24.2336,70.79920000000061],[24.2336,70.7776000000006],[24.2012,70.7776000000006],[24.2012,70.7884000000006],[24.147199999999998,70.7884000000006],[24.147199999999998,70.7776000000006],[24.1148,70.7776000000006],[24.1148,70.7884000000006],[24.0824,70.7884000000006],[24.0824,70.7776000000006],[23.9852,70.7776000000006],[23.9852,70.7884000000006],[23.9312,70.7884000000006],[23.9312,70.7776000000006],[23.8664,70.7776000000006],[23.8664,70.7128000000006],[23.8556,70.7128000000006],[23.8556,70.7236000000006],[23.834,70.7236000000006],[23.834,70.74520000000061],[23.8124,70.74520000000061],[23.8124,70.75600000000061],[23.7152,70.75600000000061],[23.7152,70.74520000000061],[23.6936,70.74520000000061],[23.6936,70.7344000000006],[23.6612,70.7344000000006],[23.6612,70.7236000000006],[23.6396,70.7236000000006],[23.6396,70.70200000000061],[23.618000000000002,70.70200000000061],[23.618000000000002,70.65880000000061],[23.6612,70.64800000000061],[23.6612,70.56160000000061],[23.6936,70.56160000000061],[23.6936,70.5508000000006],[23.7152,70.5508000000006],[23.7152,70.5292000000006],[23.7368,70.5292000000006],[23.7368,70.4968000000006],[23.7692,70.4968000000006],[23.7692,70.50760000000061],[23.834,70.4968000000006],[23.834,70.50760000000061],[23.8988,70.50760000000061],[23.8988,70.51840000000061],[23.9636,70.51840000000061],[23.9636,70.5292000000006],[24.0068,70.5292000000006],[24.0068,70.5400000000006],[24.0284,70.5400000000006],[24.0284,70.5724000000006],[24.0716,70.5724000000006],[24.0716,70.5832000000006],[24.0932,70.5832000000006],[24.0932,70.5940000000006],[24.104,70.5940000000006],[24.104,70.5832000000006],[24.136400000000002,70.5832000000006],[24.136400000000002,70.5940000000006],[24.147199999999998,70.5940000000006],[24.147199999999998,70.56160000000061],[24.104,70.56160000000061],[24.104,70.5292000000006],[24.0608,70.5292000000006],[24.0608,70.51840000000061],[24.0392,70.51840000000061],[24.0392,70.50760000000061],[23.996,70.50760000000061],[23.996,70.4968000000006],[23.8664,70.4968000000006],[23.8664,70.4860000000006],[23.8448,70.4860000000006],[23.8448,70.4752000000006],[23.8016,70.4752000000006],[23.8016,70.46440000000061],[23.78,70.46440000000061],[23.78,70.4536000000006],[23.7584,70.4536000000006],[23.7584,70.4320000000006],[23.6936,70.4320000000006],[23.6936,70.42120000000061],[23.6612,70.42120000000061],[23.6612,70.4104000000006],[23.6396,70.4104000000006],[23.6396,70.3996000000006],[23.5964,70.3996000000006],[23.5964,70.3888000000006],[23.5748,70.3888000000006],[23.5748,70.36720000000061],[23.51,70.36720000000061],[23.51,70.3456000000006],[23.4668,70.3456000000006],[23.4668,70.3348000000006],[23.4236,70.32400000000061],[23.4236,70.2916000000006],[23.402,70.2916000000006],[23.402,70.28080000000061],[23.3588,70.28080000000061],[23.3588,70.2700000000006],[23.3156,70.2700000000006],[23.3156,70.2592000000006],[23.2508,70.2592000000006],[23.2508,70.2484000000006],[23.2292,70.2484000000006],[23.2292,70.23760000000061],[23.2184,70.23760000000061],[23.2184,70.2484000000006],[23.1968,70.2484000000006],[23.1968,70.2592000000006],[23.2184,70.2592000000006],[23.2184,70.28080000000061],[23.240000000000002,70.28080000000061],[23.240000000000002,70.2916000000006],[23.3264,70.2916000000006],[23.3264,70.3132000000006],[23.3696,70.3132000000006],[23.3696,70.3456000000006],[23.3912,70.3456000000006],[23.3912,70.3564000000006],[23.4344,70.3564000000006],[23.4344,70.36720000000061],[23.456,70.36720000000061],[23.456,70.37800000000061],[23.499200000000002,70.37800000000061],[23.499200000000002,70.3996000000006],[23.5424,70.3996000000006],[23.5424,70.4104000000006],[23.564,70.4104000000006],[23.564,70.42120000000061],[23.6072,70.42120000000061],[23.6072,70.4320000000006],[23.6288,70.4320000000006],[23.6288,70.4968000000006],[23.5856,70.4968000000006],[23.5856,70.50760000000061],[23.6072,70.50760000000061],[23.6072,70.5400000000006],[23.564,70.5400000000006],[23.564,70.60480000000061],[23.5424,70.60480000000061],[23.5424,70.6264000000006],[23.4884,70.6264000000006],[23.4884,70.61560000000061],[23.4776,70.61560000000061],[23.4776,70.6264000000006],[23.4236,70.6264000000006],[23.4236,70.61560000000061],[23.4128,70.61560000000061],[23.4128,70.6264000000006],[23.3804,70.6264000000006],[23.3804,70.5940000000006],[23.402,70.5940000000006],[23.402,70.56160000000061],[23.3912,70.56160000000061],[23.3912,70.5724000000006],[23.3588,70.5724000000006],[23.3588,70.56160000000061],[23.294,70.56160000000061],[23.294,70.5508000000006],[23.2508,70.5508000000006],[23.2508,70.5400000000006],[23.1428,70.5400000000006],[23.1428,70.5292000000006],[23.0996,70.51840000000061],[23.0996,70.50760000000061],[23.0456,70.50760000000061],[23.0456,70.4968000000006],[23.0024,70.4968000000006],[23.0024,70.4860000000006],[22.980800000000002,70.4860000000006],[22.980800000000002,70.4752000000006],[22.9376,70.4752000000006],[22.9376,70.46440000000061],[22.916,70.46440000000061],[22.916,70.4536000000006],[22.8728,70.4536000000006],[22.8728,70.4320000000006],[22.808,70.4320000000006],[22.808,70.3996000000006],[22.8512,70.3996000000006],[22.8512,70.37800000000061],[22.8944,70.37800000000061],[22.8944,70.36720000000061],[22.916,70.36720000000061],[22.916,70.3456000000006],[22.980800000000002,70.3456000000006],[22.980800000000002,70.3348000000006],[23.0024,70.3348000000006],[23.0024,70.3132000000006],[23.024,70.3132000000006],[23.024,70.3024000000006],[23.0456,70.3024000000006],[23.0456,70.2916000000006],[23.0132,70.2916000000006],[23.0132,70.3024000000006],[22.9916,70.3024000000006],[22.9916,70.32400000000061],[22.862000000000002,70.32400000000061],[22.862000000000002,70.3456000000006],[22.8188,70.3456000000006],[22.8188,70.36720000000061],[22.7972,70.36720000000061],[22.7972,70.3888000000006],[22.7324,70.3888000000006],[22.7324,70.3996000000006],[22.7,70.3996000000006],[22.7,70.3888000000006],[22.5488,70.3888000000006],[22.5488,70.37800000000061],[22.5056,70.37800000000061],[22.5056,70.36720000000061],[22.4084,70.36720000000061],[22.4084,70.3564000000006],[22.3544,70.3564000000006],[22.3544,70.37800000000061],[22.3976,70.37800000000061],[22.3976,70.3888000000006],[22.4192,70.3888000000006],[22.4192,70.4104000000006],[22.43,70.4104000000006],[22.43,70.3996000000006],[22.4624,70.3996000000006],[22.4624,70.4104000000006],[22.5164,70.4104000000006],[22.5164,70.42120000000061],[22.5596,70.42120000000061],[22.5596,70.4752000000006],[22.4948,70.4752000000006],[22.4948,70.4968000000006],[22.5596,70.4860000000006],[22.5596,70.50760000000061],[22.7324,70.50760000000061],[22.7324,70.51840000000061],[22.754,70.51840000000061],[22.754,70.5292000000006],[22.808,70.5292000000006],[22.808,70.51840000000061],[22.8404,70.51840000000061],[22.8404,70.5292000000006],[22.9268,70.5292000000006],[22.9268,70.5508000000006],[22.9484,70.5508000000006],[22.9484,70.56160000000061],[23.0132,70.56160000000061],[23.0132,70.5724000000006],[23.0564,70.5724000000006],[23.0564,70.5832000000006],[23.0888,70.5832000000006],[23.0888,70.5940000000006],[23.1104,70.5940000000006],[23.1104,70.61560000000061],[23.1536,70.6264000000006],[23.1536,70.64800000000061],[23.1752,70.64800000000061],[23.1752,70.6804000000006],[23.240000000000002,70.6804000000006],[23.240000000000002,70.70200000000061],[23.2832,70.7128000000006],[23.2832,70.7236000000006],[23.348,70.7236000000006],[23.348,70.74520000000061],[23.4344,70.74520000000061],[23.4344,70.75600000000061],[23.456,70.75600000000061],[23.456,70.7668000000006],[23.499200000000002,70.7668000000006],[23.499200000000002,70.79920000000061],[23.456,70.79920000000061],[23.456,70.8640000000006],[23.3156,70.8640000000006],[23.3156,70.84240000000061],[23.294,70.84240000000061],[23.294,70.8316000000006],[23.2508,70.8316000000006],[23.2508,70.8208000000006],[23.1428,70.8208000000006],[23.1428,70.8100000000006],[23.1212,70.8100000000006],[23.1212,70.79920000000061],[23.1104,70.79920000000061],[23.1104,70.8100000000006],[23.0456,70.8100000000006],[23.0456,70.79920000000061],[23.024,70.79920000000061],[23.024,70.7776000000006],[22.9592,70.7776000000006],[22.9592,70.7668000000006],[22.9376,70.7668000000006],[22.9376,70.7344000000006],[22.916,70.7344000000006],[22.916,70.7236000000006],[22.9052,70.7236000000006],[22.9052,70.7344000000006],[22.862000000000002,70.7344000000006],[22.862000000000002,70.74520000000061],[22.8404,70.74520000000061],[22.8404,70.75600000000061],[22.8188,70.75600000000061],[22.8188,70.7668000000006],[22.7864,70.7668000000006],[22.7864,70.75600000000061],[22.7216,70.75600000000061],[22.7216,70.74520000000061],[22.7,70.74520000000061],[22.7,70.7344000000006],[22.6568,70.7344000000006],[22.6568,70.7236000000006],[22.592,70.7236000000006],[22.592,70.7128000000006],[22.5056,70.7128000000006],[22.5056,70.70200000000061],[22.4192,70.70200000000061],[22.4192,70.7128000000006],[22.3652,70.7128000000006],[22.3652,70.6912000000006],[22.3436,70.6912000000006],[22.3436,70.6804000000006],[22.322,70.6804000000006],[22.322,70.6696000000006],[22.2572,70.6696000000006],[22.2572,70.65880000000061],[22.2464,70.65880000000061],[22.2464,70.6696000000006],[22.1924,70.6696000000006],[22.1924,70.65880000000061],[22.1708,70.65880000000061],[22.1708,70.64800000000061],[22.1276,70.64800000000061],[22.1276,70.6372000000006],[22.1168,70.6372000000006],[22.1168,70.64800000000061],[22.0304,70.64800000000061],[22.0304,70.65880000000061],[21.9872,70.65880000000061],[21.9872,70.6696000000006],[21.9548,70.6696000000006],[21.9548,70.6372000000006],[21.9764,70.6372000000006],[21.9764,70.61560000000061],[21.998,70.61560000000061],[21.998,70.60480000000061],[21.9764,70.60480000000061],[21.9764,70.5832000000006],[21.9656,70.5832000000006],[21.9656,70.5940000000006],[21.9332,70.5940000000006],[21.9332,70.5832000000006],[21.9116,70.5832000000006],[21.9116,70.5724000000006],[21.8792,70.5724000000006],[21.8792,70.56160000000061],[21.836,70.56160000000061],[21.836,70.5400000000006],[21.7928,70.5292000000006],[21.7928,70.4860000000006],[21.944,70.4860000000006],[21.944,70.4968000000006],[21.9656,70.4968000000006],[21.9656,70.50760000000061],[22.0088,70.50760000000061],[22.0088,70.51840000000061],[22.0196,70.51840000000061],[22.0196,70.50760000000061],[22.106,70.50760000000061],[22.106,70.4752000000006],[22.16,70.4752000000006],[22.16,70.4860000000006],[22.2788,70.4860000000006],[22.2788,70.4752000000006],[22.3004,70.4752000000006],[22.3004,70.46440000000061],[22.2788,70.46440000000061],[22.2788,70.42120000000061],[22.2572,70.42120000000061],[22.2572,70.4104000000006],[22.214,70.4104000000006],[22.214,70.3996000000006],[22.1708,70.3888000000006],[22.1708,70.36720000000061],[22.1492,70.36720000000061],[22.1492,70.3564000000006],[22.1384,70.3564000000006],[22.1384,70.36720000000061],[22.0952,70.36720000000061],[22.0952,70.37800000000061],[22.0628,70.37800000000061],[22.0628,70.3348000000006],[22.1276,70.3348000000006],[22.1276,70.3132000000006],[22.0736,70.3132000000006],[22.0736,70.32400000000061],[21.9872,70.32400000000061],[21.9872,70.3348000000006],[21.9656,70.3348000000006],[21.9656,70.3456000000006],[21.9872,70.3456000000006],[21.9872,70.37800000000061],[21.9548,70.37800000000061],[21.9548,70.36720000000061],[21.944,70.36720000000061],[21.944,70.37800000000061],[21.9224,70.37800000000061],[21.9224,70.3888000000006],[21.8792,70.3888000000006],[21.8792,70.37800000000061],[21.8144,70.3888000000006],[21.8144,70.37800000000061],[21.7928,70.37800000000061],[21.7928,70.36720000000061],[21.782,70.36720000000061],[21.782,70.37800000000061],[21.7604,70.37800000000061],[21.7604,70.3888000000006],[21.7064,70.3888000000006],[21.7064,70.37800000000061],[21.6848,70.37800000000061],[21.6848,70.3564000000006],[21.6632,70.3564000000006],[21.6632,70.2700000000006],[21.7388,70.2700000000006],[21.7388,70.28080000000061],[21.782,70.28080000000061],[21.782,70.2916000000006],[21.8144,70.2916000000006],[21.8144,70.28080000000061],[21.7928,70.28080000000061],[21.7928,70.2592000000006],[21.7064,70.2592000000006],[21.7064,70.23760000000061],[21.674,70.23760000000061],[21.674,70.2484000000006],[21.6524,70.2484000000006],[21.6524,70.2592000000006],[21.6308,70.2592000000006],[21.6308,70.3132000000006],[21.5984,70.3132000000006],[21.5984,70.3024000000006],[21.587600000000002,70.3024000000006],[21.587600000000002,70.32400000000061],[21.5552,70.32400000000061],[21.5552,70.3132000000006],[21.4904,70.3132000000006],[21.4904,70.2916000000006],[21.4688,70.2916000000006],[21.4688,70.28080000000061],[21.4256,70.28080000000061],[21.4256,70.2700000000006],[21.404,70.2700000000006],[21.404,70.2592000000006],[21.3716,70.2592000000006],[21.3716,70.2700000000006],[21.3176,70.2700000000006],[21.3176,70.2592000000006],[21.242,70.2592000000006],[21.242,70.2484000000006],[21.2204,70.2484000000006],[21.2204,70.23760000000061],[21.1772,70.23760000000061],[21.1772,70.22680000000061],[21.1556,70.22680000000061],[21.1556,70.2052000000006],[21.1448,70.2052000000006],[21.1448,70.22680000000061],[21.1016,70.23760000000061],[21.1016,70.2592000000006],[21.0476,70.2592000000006],[21.0476,70.2484000000006],[21.026,70.2484000000006],[21.026,70.23760000000061],[21.0028,70.23760000000061],[21.0028,70.2356000000009],[20.9704,70.2356000000009],[20.9704,70.2248000000009],[20.959600000000002,70.2248000000009],[20.959600000000002,70.2356000000009],[20.9056,70.2356000000009],[20.9056,70.2248000000009],[20.7112,70.2248000000009],[20.7112,70.2356000000009],[20.678800000000003,70.2356000000009],[20.678800000000003,70.2248000000009]],[[20.2036,70.2356000000009],[20.2036,70.2248000000009],[20.2576,70.2248000000009],[20.2576,70.2464000000009],[20.2792,70.2464000000009],[20.2792,70.2788000000009],[20.2576,70.2788000000009],[20.2576,70.2896000000009],[20.1928,70.2896000000009],[20.1928,70.2356000000009],[20.2036,70.2356000000009]],[[19.1884,70.11680000000091],[19.1884,70.12760000000091],[19.2316,70.1384000000009],[19.2316,70.1492000000009],[19.2748,70.1492000000009],[19.2748,70.2032000000009],[19.2316,70.2032000000009],[19.2316,70.2356000000009],[19.21,70.2356000000009],[19.21,70.2464000000009],[19.102,70.2464000000009],[19.102,70.2032000000009],[19.0372,70.2032000000009],[19.0372,70.1924000000009],[18.994,70.1924000000009],[18.994,70.1492000000009],[19.0372,70.1492000000009],[19.0372,70.1384000000009],[19.0588,70.1384000000009],[19.0588,70.12760000000091],[19.102,70.12760000000091],[19.102,70.11680000000091],[19.1884,70.11680000000091]],[[18.8104,70.1816000000009],[18.8104,70.1492000000009],[18.886,70.1492000000009],[18.886,70.1816000000009],[18.8104,70.1816000000009]],[[20.1496,70.1816000000009],[20.1496,70.1492000000009],[20.182000000000002,70.1492000000009],[20.182000000000002,70.1816000000009],[20.1496,70.1816000000009]],[[19.3504,70.1492000000009],[19.3504,70.11680000000091],[19.404400000000003,70.11680000000091],[19.404400000000003,70.1060000000009],[19.5016,70.1060000000009],[19.5016,70.1492000000009],[19.4584,70.1492000000009],[19.4584,70.1600000000009],[19.372,70.1600000000009],[19.372,70.1492000000009],[19.3504,70.1492000000009]],[[18.648400000000002,70.0628000000009],[18.648400000000002,70.0412000000009],[18.6268,70.0412000000009],[18.6268,70.0088000000009],[18.6052,70.0088000000009],[18.6052,69.97640000000091],[18.6376,69.97640000000091],[18.6376,69.98720000000091],[18.7024,69.98720000000091],[18.7024,69.9980000000009],[18.7456,69.9980000000009],[18.7456,70.0196000000009],[18.7672,70.0196000000009],[18.778,70.0412000000009],[18.8428,70.0412000000009],[18.8428,70.0520000000009],[18.9292,70.0520000000009],[18.9292,70.0628000000009],[18.9508,70.0628000000009],[18.9508,70.07360000000091],[18.9724,70.07360000000091],[18.9724,70.0844000000009],[19.0048,70.0844000000009],[19.0048,70.11680000000091],[18.94,70.11680000000091],[18.94,70.1060000000009],[18.9184,70.1060000000009],[18.9184,70.0952000000009],[18.907600000000002,70.0952000000009],[18.907600000000002,70.1060000000009],[18.886,70.1060000000009],[18.886,70.11680000000091],[18.8428,70.11680000000091],[18.8428,70.12760000000091],[18.788800000000002,70.12760000000091],[18.778,70.1060000000009],[18.7456,70.1060000000009],[18.7456,70.11680000000091],[18.6916,70.11680000000091],[18.6916,70.0844000000009],[18.7132,70.0844000000009],[18.7132,70.07360000000091],[18.67,70.07360000000091],[18.67,70.0628000000009],[18.648400000000002,70.0628000000009]],[[18.8104,70.0088000000009],[18.8104,69.9656000000009],[18.778,69.9656000000009],[18.778,69.9548000000009],[18.7132,69.9548000000009],[18.7132,69.9440000000009],[18.6916,69.9440000000009],[18.6916,69.9116000000009],[18.778,69.9116000000009],[18.778,69.9008000000009],[18.8104,69.9008000000009],[18.8104,69.89000000000091],[18.8968,69.89000000000091],[18.8968,69.8684000000009],[18.94,69.8684000000009],[18.94,69.8576000000009],[18.9616,69.8576000000009],[18.9616,69.8468000000009],[19.0156,69.8468000000009],[19.0156,69.8252000000009],[19.0372,69.8252000000009],[19.0372,69.8144000000009],[19.0588,69.8144000000009],[19.0588,69.8036000000009],[19.0804,69.8036000000009],[19.0804,69.79280000000091],[19.1236,69.79280000000091],[19.1236,69.7820000000009],[19.156,69.7820000000009],[19.156,69.79280000000091],[19.2316,69.79280000000091],[19.2316,69.8036000000009],[19.2964,69.8036000000009],[19.2964,69.8252000000009],[19.3612,69.8252000000009],[19.3612,69.8576000000009],[19.372,69.8576000000009],[19.372,69.8684000000009],[19.3936,69.8684000000009],[19.3936,69.89000000000091],[19.4368,69.89000000000091],[19.4368,69.9008000000009],[19.4584,69.9008000000009],[19.4584,69.9116000000009],[19.48,69.9116000000009],[19.48,69.93320000000091],[19.5016,69.93320000000091],[19.5016,69.9548000000009],[19.5772,69.9548000000009],[19.5772,69.9656000000009],[19.588,69.9656000000009],[19.588,69.9548000000009],[19.6204,69.9548000000009],[19.6204,69.9656000000009],[19.642,69.9656000000009],[19.642,70.0088000000009],[19.5988,70.0088000000009],[19.5988,70.0196000000009],[19.5772,70.0196000000009],[19.5772,70.03040000000091],[19.544800000000002,70.03040000000091],[19.544800000000002,70.0520000000009],[19.4692,70.0520000000009],[19.4692,70.0412000000009],[19.426000000000002,70.0412000000009],[19.426000000000002,70.03040000000091],[19.3396,70.03040000000091],[19.3396,70.0412000000009],[19.3072,70.0412000000009],[19.3072,70.03040000000091],[19.2964,70.03040000000091],[19.2964,70.0520000000009],[19.2748,70.0520000000009],[19.2748,70.07360000000091],[19.2316,70.07360000000091],[19.2316,70.0844000000009],[19.166800000000002,70.0844000000009],[19.166800000000002,70.07360000000091],[19.0372,70.07360000000091],[19.0372,70.0520000000009],[18.994,70.0520000000009],[18.994,70.03040000000091],[18.9616,70.03040000000091],[18.9616,70.0196000000009],[18.9508,70.0196000000009],[18.9508,70.03040000000091],[18.8536,70.03040000000091],[18.8536,70.0196000000009],[18.8104,70.0088000000009]],[[18.529600000000002,70.0520000000009],[18.529600000000002,70.0196000000009],[18.562,70.0196000000009],[18.562,70.0520000000009],[18.529600000000002,70.0520000000009]],[[18.6052,69.9440000000009],[18.6052,69.89000000000091],[18.6376,69.89000000000091],[18.6376,69.9116000000009],[18.6808,69.9116000000009],[18.6808,69.9440000000009],[18.6052,69.9440000000009]],[[18.2164,69.7712000000009],[18.2164,69.7280000000009],[18.2488,69.7280000000009],[18.2488,69.73880000000091],[18.270400000000002,69.73880000000091],[18.270400000000002,69.7712000000009],[18.2164,69.7712000000009]],[[18.94,69.69560000000091],[18.94,69.6848000000009],[18.9184,69.6848000000009],[18.9184,69.65240000000091],[18.9724,69.65240000000091],[18.9724,69.69560000000091],[18.94,69.69560000000091]],[[24.7952,71.0476000000006],[24.7952,71.0584000000006],[24.8168,71.0584000000006],[24.8168,71.0692000000006],[24.8384,71.0692000000006],[24.8384,71.1016000000006],[24.6764,71.1016000000006],[24.6764,71.08000000000061],[24.633200000000002,71.08000000000061],[24.633200000000002,71.0476000000006],[24.698,71.0476000000006],[24.698,71.03680000000061],[24.7196,71.03680000000061],[24.7196,71.02600000000061],[24.773600000000002,71.02600000000061],[24.773600000000002,71.0476000000006],[24.7952,71.0476000000006]],[[24.0932,70.9288000000006],[24.0932,70.93960000000061],[24.2012,70.93960000000061],[24.2012,70.99360000000061],[24.1796,70.99360000000061],[24.1796,71.0044000000006],[24.136400000000002,71.0044000000006],[24.136400000000002,71.0152000000006],[24.104,71.0152000000006],[24.104,71.0044000000006],[24.0932,71.0044000000006],[24.0932,71.0152000000006],[24.05,71.0152000000006],[24.05,71.03680000000061],[24.0176,71.03680000000061],[24.0176,71.02600000000061],[23.9636,71.02600000000061],[23.9636,71.03680000000061],[23.9312,71.03680000000061],[23.9312,71.02600000000061],[23.9096,71.02600000000061],[23.9096,71.0152000000006],[23.888,71.0152000000006],[23.888,70.9072000000006],[23.9204,70.9072000000006],[23.9204,70.9180000000006],[24.0716,70.9180000000006],[24.0716,70.9288000000006],[24.0932,70.9288000000006]],[[25.8752,70.6804000000006],[25.8752,70.7128000000006],[25.8428,70.7128000000006],[25.8428,70.70200000000061],[25.8212,70.70200000000061],[25.8212,70.6912000000006],[25.778,70.6912000000006],[25.778,70.65880000000061],[25.832,70.65880000000061],[25.832,70.6696000000006],[25.8536,70.6696000000006],[25.8536,70.6804000000006],[25.8752,70.6804000000006]],[[21.404,70.37800000000061],[21.404,70.36720000000061],[21.3824,70.36720000000061],[21.3824,70.3348000000006],[21.458,70.3348000000006],[21.458,70.3888000000006],[21.4256,70.3888000000006],[21.4256,70.37800000000061],[21.404,70.37800000000061]]],[[[20.678800000000003,69.93320000000091],[20.7436,69.93320000000091],[20.7436,69.9224000000009],[20.7652,69.9224000000009],[20.7652,69.9116000000009],[20.7328,69.9116000000009],[20.7328,69.9224000000009],[20.6464,69.9224000000009],[20.6464,69.9440000000009],[20.678800000000003,69.9440000000009],[20.678800000000003,69.93320000000091]]],[[[20.7976,69.93320000000091],[20.8732,69.93320000000091],[20.8732,69.9440000000009],[20.959600000000002,69.9548000000009],[20.959600000000002,69.9656000000009],[21.0028,69.97640000000091],[21.0028,69.9224000000009],[20.9812,69.9224000000009],[20.9812,69.93320000000091],[20.9488,69.93320000000091],[20.9488,69.9224000000009],[20.884,69.9224000000009],[20.884,69.9116000000009],[20.776,69.9224000000009],[20.776,69.9440000000009],[20.7976,69.9440000000009],[20.7976,69.93320000000091]]],[[[20.322400000000002,70.0088000000009],[20.3332,70.0088000000009],[20.3332,69.97640000000091],[20.322400000000002,69.97640000000091],[20.322400000000002,69.98720000000091],[20.2684,69.98720000000091],[20.2684,69.97640000000091],[20.236,69.97640000000091],[20.236,69.98720000000091],[20.2576,69.98720000000091],[20.2576,69.9980000000009],[20.322400000000002,69.9980000000009],[20.322400000000002,70.0088000000009]]],[[[20.884,70.0412000000009],[20.8624,70.0412000000009],[20.8624,70.03040000000091],[20.722,70.03040000000091],[20.722,70.0196000000009],[20.700400000000002,70.0196000000009],[20.700400000000002,70.0088000000009],[20.6896,70.0088000000009],[20.6896,70.0196000000009],[20.668,70.0196000000009],[20.668,70.03040000000091],[20.6356,70.03040000000091],[20.6356,69.9980000000009],[20.6572,69.9980000000009],[20.6572,69.98720000000091],[20.6248,69.98720000000091],[20.6248,70.0088000000009],[20.5816,70.0088000000009],[20.5816,70.0196000000009],[20.5492,70.0196000000009],[20.5492,70.03040000000091],[20.6032,70.03040000000091],[20.6032,70.0412000000009],[20.6896,70.0412000000009],[20.6896,70.0520000000009],[20.7544,70.0412000000009],[20.7544,70.0520000000009],[20.7868,70.0520000000009],[20.7868,70.0628000000009],[20.83,70.0628000000009],[20.83,70.07360000000091],[20.8732,70.07360000000091],[20.8732,70.0844000000009],[20.884,70.0844000000009],[20.884,70.07360000000091],[20.9164,70.07360000000091],[20.9164,70.0844000000009],[20.9272,70.0844000000009],[20.9272,70.07360000000091],[20.9488,70.07360000000091],[20.9488,70.0412000000009],[20.938000000000002,70.0412000000009],[20.938000000000002,70.0520000000009],[20.884,70.0520000000009],[20.884,70.0412000000009]]],[[[15.257200000000001,70.1060000000009],[15.322,70.1060000000009],[15.322,70.11680000000091],[15.3652,70.11680000000091],[15.3652,70.1060000000009],[15.43,70.1060000000009],[15.43,70.0952000000009],[15.4516,70.0952000000009],[15.4516,70.0844000000009],[15.43,70.0844000000009],[15.43,70.07360000000091],[15.2788,70.07360000000091],[15.2788,70.0844000000009],[15.257200000000001,70.0844000000009],[15.257200000000001,70.1060000000009]]],[[[28.7912,70.1512000000006],[28.715600000000002,70.1512000000006],[28.715600000000002,70.18360000000061],[28.726399999999998,70.18360000000061],[28.726399999999998,70.1620000000006],[28.7912,70.1620000000006],[28.7912,70.1512000000006]]],[[[30.8324,70.1944000000006],[30.7784,70.1944000000006],[30.7784,70.2052000000006],[30.7568,70.2052000000006],[30.7568,70.2160000000006],[30.692,70.2160000000006],[30.692,70.22680000000061],[30.6488,70.22680000000061],[30.6488,70.23760000000061],[30.6704,70.23760000000061],[30.6704,70.2484000000006],[30.7568,70.2484000000006],[30.7568,70.2592000000006],[30.854,70.2592000000006],[30.854,70.2700000000006],[30.983600000000003,70.2700000000006],[30.983600000000003,70.28080000000061],[31.005200000000002,70.28080000000061],[31.005200000000002,70.14040000000061],[30.983600000000003,70.14040000000061],[30.983600000000003,70.1512000000006],[30.897199999999998,70.1512000000006],[30.897199999999998,70.1620000000006],[30.854,70.1620000000006],[30.854,70.1728000000006],[30.8324,70.1728000000006],[30.8324,70.1944000000006]]],[[[22.4624,70.2916000000006],[22.4732,70.2916000000006],[22.4732,70.28080000000061],[22.5056,70.28080000000061],[22.5056,70.2700000000006],[22.592,70.2700000000006],[22.592,70.2592000000006],[22.6352,70.2592000000006],[22.6352,70.2484000000006],[22.7432,70.2484000000006],[22.7432,70.23760000000061],[22.7648,70.23760000000061],[22.7648,70.2160000000006],[22.646,70.2160000000006],[22.646,70.22680000000061],[22.5812,70.22680000000061],[22.5812,70.23760000000061],[22.5164,70.23760000000061],[22.5164,70.2484000000006],[22.4732,70.2484000000006],[22.4732,70.23760000000061],[22.4624,70.23760000000061],[22.4624,70.2484000000006],[22.4408,70.2484000000006],[22.4408,70.2592000000006],[22.376,70.2592000000006],[22.376,70.2700000000006],[22.3112,70.2700000000006],[22.3112,70.28080000000061],[22.224800000000002,70.28080000000061],[22.224800000000002,70.2916000000006],[22.2032,70.2916000000006],[22.2032,70.3024000000006],[22.224800000000002,70.3024000000006],[22.224800000000002,70.3132000000006],[22.268,70.3132000000006],[22.268,70.32400000000061],[22.3112,70.32400000000061],[22.3112,70.3348000000006],[22.322,70.3348000000006],[22.322,70.3132000000006],[22.3868,70.3132000000006],[22.3868,70.3024000000006],[22.4084,70.3024000000006],[22.4084,70.2916000000006],[22.43,70.2916000000006],[22.43,70.28080000000061],[22.4624,70.28080000000061],[22.4624,70.2916000000006]]],[[[25.5836,70.42120000000061],[25.5188,70.4320000000006],[25.5188,70.3996000000006],[25.4972,70.3996000000006],[25.4972,70.3888000000006],[25.4216,70.3888000000006],[25.4216,70.3132000000006],[25.4756,70.3132000000006],[25.4756,70.3024000000006],[25.4972,70.3024000000006],[25.4972,70.28080000000061],[25.4756,70.28080000000061],[25.4756,70.2592000000006],[25.4432,70.2592000000006],[25.4432,70.2484000000006],[25.4216,70.2484000000006],[25.4216,70.23760000000061],[25.389200000000002,70.23760000000061],[25.389200000000002,70.2592000000006],[25.3568,70.2592000000006],[25.3568,70.2484000000006],[25.3028,70.2484000000006],[25.3028,70.2592000000006],[25.3244,70.2592000000006],[25.3244,70.2916000000006],[25.292,70.2916000000006],[25.292,70.28080000000061],[25.270400000000002,70.28080000000061],[25.270400000000002,70.2160000000006],[25.2488,70.2160000000006],[25.2488,70.18360000000061],[25.2164,70.18360000000061],[25.2164,70.23760000000061],[25.184,70.23760000000061],[25.184,70.22680000000061],[25.1408,70.2160000000006],[25.1408,70.1944000000006],[25.0976,70.18360000000061],[25.0976,70.1728000000006],[25.0544,70.1728000000006],[25.0544,70.1620000000006],[25.011200000000002,70.1620000000006],[25.011200000000002,70.1512000000006],[24.9896,70.1512000000006],[24.9896,70.0972000000006],[24.9356,70.0972000000006],[24.9356,70.1188000000006],[24.914,70.1188000000006],[24.914,70.1620000000006],[24.9572,70.1728000000006],[24.9572,70.22680000000061],[24.9788,70.22680000000061],[24.9788,70.23760000000061],[25.0004,70.23760000000061],[25.0004,70.2484000000006],[25.011200000000002,70.2484000000006],[25.011200000000002,70.22680000000061],[25.0436,70.22680000000061],[25.0436,70.23760000000061],[25.0868,70.2484000000006],[25.0868,70.2700000000006],[25.13,70.2700000000006],[25.13,70.28080000000061],[25.151600000000002,70.28080000000061],[25.151600000000002,70.2916000000006],[25.1948,70.2916000000006],[25.1948,70.3024000000006],[25.2164,70.3024000000006],[25.2164,70.32400000000061],[25.2596,70.3348000000006],[25.2596,70.3456000000006],[25.270400000000002,70.3456000000006],[25.270400000000002,70.3348000000006],[25.3244,70.3348000000006],[25.3244,70.37800000000061],[25.346,70.37800000000061],[25.346,70.3996000000006],[25.389200000000002,70.4104000000006],[25.389200000000002,70.42120000000061],[25.4324,70.42120000000061],[25.4324,70.4428000000006],[25.4648,70.4428000000006],[25.4648,70.4860000000006],[25.616,70.4860000000006],[25.616,70.50760000000061],[25.6268,70.50760000000061],[25.6268,70.4968000000006],[25.6916,70.4968000000006],[25.6916,70.4860000000006],[25.648400000000002,70.4752000000006],[25.648400000000002,70.4536000000006],[25.6268,70.4536000000006],[25.6268,70.4428000000006],[25.5836,70.4428000000006],[25.5836,70.42120000000061]]],[[[25.2596,70.42120000000061],[25.3352,70.42120000000061],[25.3352,70.4104000000006],[25.3136,70.4104000000006],[25.3136,70.3888000000006],[25.292,70.3888000000006],[25.292,70.37800000000061],[25.2812,70.37800000000061],[25.2812,70.3888000000006],[25.2596,70.3888000000006],[25.2596,70.42120000000061]]],[[[25.3352,70.4536000000006],[25.2812,70.4536000000006],[25.2812,70.4752000000006],[25.2596,70.4752000000006],[25.2596,70.4968000000006],[25.238,70.4968000000006],[25.238,70.50760000000061],[25.2812,70.50760000000061],[25.2812,70.51840000000061],[25.292,70.51840000000061],[25.292,70.4752000000006],[25.3244,70.4752000000006],[25.3244,70.4968000000006],[25.3676,70.4968000000006],[25.3676,70.50760000000061],[25.3784,70.50760000000061],[25.3784,70.4752000000006],[25.3352,70.4752000000006],[25.3352,70.4536000000006]]],[[[28.4132,70.4860000000006],[28.3916,70.4860000000006],[28.3916,70.4752000000006],[28.3592,70.4752000000006],[28.3592,70.4860000000006],[28.337600000000002,70.4860000000006],[28.337600000000002,70.4968000000006],[28.3592,70.4968000000006],[28.3592,70.5400000000006],[28.337600000000002,70.5400000000006],[28.337600000000002,70.56160000000061],[28.316000000000003,70.56160000000061],[28.316000000000003,70.5724000000006],[28.348399999999998,70.5724000000006],[28.348399999999998,70.5508000000006],[28.3916,70.5508000000006],[28.3916,70.5400000000006],[28.37,70.5400000000006],[28.37,70.50760000000061],[28.3916,70.50760000000061],[28.3916,70.4968000000006],[28.4132,70.4968000000006],[28.4132,70.4860000000006]]]]}},{"type":"Feature","properties":{"threshold_kt":0.5,"kind":"mask","atlas":"NORKYST_SKAGERRAK, NORKYST_ROGALAND, NORKYST_VESTLAND, NORKYST_TRONDELAG, NORKYST_HELGELAND, NORKYST_LOFOTEN, NORKYST_TROMS, NORKYST_FINNMARK","resolution_m":800,"method":"max speed over 15 days hourly, all constituents","area_deg2":6.84},"geometry":{"type":"MultiPolygon","coordinates":[[[[5.5443999999999996,58.9116000000009],[5.5012,58.9116000000009],[5.5012,58.8900000000009],[5.4796,58.8900000000009],[5.4796,58.87920000000091],[5.4688,58.87920000000091],[5.4688,58.846800000000904],[5.4796,58.846800000000904],[5.4796,58.8360000000009],[5.5228,58.8360000000009],[5.5228,58.8576000000009],[5.5336,58.8576000000009],[5.5336,58.8360000000009],[5.5552,58.8360000000009],[5.5552,58.825200000000905],[5.5336,58.825200000000905],[5.5336,58.782000000000906],[5.5228,58.782000000000906],[5.5228,58.7712000000009],[5.5012,58.7712000000009],[5.5012,58.7172000000009],[5.4364,58.7172000000009],[5.4364,58.706400000000905],[5.404,58.706400000000905],[5.404,58.6956000000009],[5.3716,58.6956000000009],[5.3608,58.7172000000009],[5.2852,58.7172000000009],[5.2852,58.706400000000905],[5.2744,58.706400000000905],[5.2744,58.7172000000009],[5.252800000000001,58.7172000000009],[5.252800000000001,58.728000000000904],[5.242,58.728000000000904],[5.242,58.7496000000009],[5.2096,58.7496000000009],[5.2096,58.728000000000904],[5.1988,58.728000000000904],[5.1988,58.7172000000009],[5.1124,58.7172000000009],[5.1124,58.728000000000904],[5.08,58.728000000000904],[5.08,58.76040000000091],[5.0584,58.76040000000091],[5.0584,58.7928000000009],[5.08,58.7928000000009],[5.08,58.803600000000905],[5.1124,58.803600000000905],[5.1124,58.8144000000009],[5.1232,58.8144000000009],[5.1232,58.8360000000009],[5.1988,58.8360000000009],[5.1988,58.846800000000904],[5.242,58.846800000000904],[5.242,58.8576000000009],[5.3716,58.8576000000009],[5.3824000000000005,58.900800000000906],[5.404,58.9116000000009],[5.404,58.944000000000905],[5.4472000000000005,58.944000000000905],[5.4472000000000005,58.9548000000009],[5.4688,58.9548000000009],[5.4688,58.965600000000904],[5.4796,58.965600000000904],[5.4796,58.922400000000906],[5.5443999999999996,58.922400000000906],[5.5443999999999996,58.9548000000009],[5.5120000000000005,58.9548000000009],[5.5120000000000005,58.965600000000904],[5.5443999999999996,58.965600000000904],[5.5443999999999996,58.987200000000904],[5.5552,58.987200000000904],[5.5552,58.9548000000009],[5.566,58.9548000000009],[5.566,58.9332000000009],[5.5768,58.9332000000009],[5.5768,58.8900000000009],[5.5552,58.8900000000009],[5.5443999999999996,58.9116000000009]]],[[[5.2744,59.39760000000091],[5.2852,59.39760000000091],[5.2852,59.3868000000009],[5.3176000000000005,59.3868000000009],[5.3176000000000005,59.3328000000009],[5.3392,59.3328000000009],[5.3392,59.322000000000905],[5.3284,59.322000000000905],[5.3284,59.3112000000009],[5.3068,59.3112000000009],[5.3068,59.322000000000905],[5.296,59.322000000000905],[5.296,59.3544000000009],[5.2744,59.3544000000009],[5.2744,59.37600000000091],[5.252800000000001,59.3868000000009],[5.252800000000001,59.4084000000009],[5.2204,59.4084000000009],[5.2204,59.3868000000009],[5.2096,59.3868000000009],[5.2096,59.365200000000904],[5.1988,59.365200000000904],[5.1988,59.3112000000009],[5.2096,59.3112000000009],[5.2096,59.300400000000906],[5.1988,59.300400000000906],[5.1988,59.25720000000091],[5.188000000000001,59.25720000000091],[5.188000000000001,59.2356000000009],[5.1772,59.2356000000009],[5.1772,59.1924000000009],[5.1556,59.1924000000009],[5.1556,59.160000000000906],[5.188000000000001,59.160000000000906],[5.1772,59.13840000000091],[5.1448,59.13840000000091],[5.1448,59.1492000000009],[5.1016,59.1492000000009],[5.1016,59.160000000000906],[5.0692,59.160000000000906],[5.0692,59.1492000000009],[5.0584,59.1492000000009],[5.0584,59.1276000000009],[5.026,59.1276000000009],[5.0152,59.106000000000904],[5.0044,59.106000000000904],[5.0044,59.11680000000091],[4.9828,59.11680000000091],[4.9828,59.1276000000009],[4.9504,59.1276000000009],[4.9504,59.0736000000009],[4.9612,59.0736000000009],[4.9612,59.062800000000905],[4.9396,59.062800000000905],[4.9288,59.084400000000905],[4.9072,59.084400000000905],[4.9072,59.106000000000904],[4.8856,59.106000000000904],[4.8856,59.11680000000091],[4.8100000000000005,59.11680000000091],[4.8100000000000005,59.1276000000009],[4.7992,59.1276000000009],[4.7884,59.1492000000009],[4.7668,59.1492000000009],[4.7668,59.1708000000009],[4.7344,59.1708000000009],[4.7236,59.2140000000009],[4.6912,59.2140000000009],[4.6912,59.25720000000091],[4.702,59.25720000000091],[4.702,59.2896000000009],[4.7452000000000005,59.300400000000906],[4.7452000000000005,59.365200000000904],[4.7236,59.365200000000904],[4.7236,59.37600000000091],[4.7452000000000005,59.37600000000091],[4.7452000000000005,59.39760000000091],[4.756,59.39760000000091],[4.756,59.4084000000009],[4.7884,59.4084000000009],[4.7884,59.419200000000906],[4.8748000000000005,59.419200000000906],[4.8748000000000005,59.4516000000009],[4.8856,59.4516000000009],[4.8856,59.462400000000905],[5.08,59.462400000000905],[5.08,59.440800000000905],[5.1124,59.440800000000905],[5.1124,59.462400000000905],[5.1448,59.462400000000905],[5.1448,59.4516000000009],[5.1988,59.4516000000009],[5.1988,59.484000000000904],[5.2096,59.484000000000904],[5.2096,59.462400000000905],[5.2204,59.462400000000905],[5.2204,59.440800000000905],[5.242,59.440800000000905],[5.242,59.419200000000906],[5.2744,59.419200000000906],[5.2744,59.39760000000091]],[[4.864,59.322000000000905],[4.864,59.2680000000009],[4.9072,59.2680000000009],[4.9072,59.278800000000906],[4.918,59.278800000000906],[4.918,59.3112000000009],[4.9072,59.3112000000009],[4.9072,59.322000000000905],[4.864,59.322000000000905]]],[[[5.3716,59.6892000000009],[5.3932,59.6892000000009],[5.3932,59.700000000000905],[5.4364,59.700000000000905],[5.4364,59.6676000000009],[5.35,59.6676000000009],[5.35,59.656800000000906],[5.3068,59.656800000000906],[5.3176000000000005,59.678400000000906],[5.3716,59.678400000000906],[5.3716,59.6892000000009]]],[[[5.0476,59.8080000000009],[5.0476,59.840400000000905],[5.0367999999999995,59.840400000000905],[5.0367999999999995,59.89440000000091],[5.0584,59.89440000000091],[5.0584,59.883600000000904],[5.0476,59.883600000000904],[5.0476,59.8512000000009],[5.0692,59.8512000000009],[5.0692,59.840400000000905],[5.0584,59.840400000000905],[5.0584,59.8080000000009],[5.0476,59.8080000000009]]],[[[5.1492,60.367200000000906],[5.16,60.367200000000906],[5.16,60.3780000000009],[5.1924,60.3780000000009],[5.1924,60.367200000000906],[5.1708,60.367200000000906],[5.1708,60.334800000000904],[5.16,60.334800000000904],[5.16,60.2808000000009],[5.1276,60.2808000000009],[5.1276,60.3240000000009],[5.1492,60.3240000000009],[5.1492,60.367200000000906]]],[[[4.944,60.507600000000906],[4.944,60.48600000000091],[4.9332,60.48600000000091],[4.9332,60.4752000000009],[4.890000000000001,60.4752000000009],[4.890000000000001,60.48600000000091],[4.9116,60.48600000000091],[4.9224,60.507600000000906],[4.944,60.507600000000906]]],[[[4.6092,61.069200000000905],[4.6416,61.069200000000905],[4.6416,61.0800000000009],[4.6632,61.0800000000009],[4.6632,61.0584000000009],[4.6524,61.0584000000009],[4.6524,61.0152000000009],[4.6308,61.0152000000009],[4.6308,60.9936000000009],[4.62,60.9936000000009],[4.62,61.0152000000009],[4.6092,61.0152000000009],[4.6092,61.069200000000905]]],[[[4.9008,61.566000000000905],[4.890000000000001,61.566000000000905],[4.890000000000001,61.609200000000904],[4.9224,61.609200000000904],[4.9224,61.5768000000009],[4.9008,61.5768000000009],[4.9008,61.566000000000905]]],[[[4.9224,61.8900000000009],[4.890000000000001,61.8900000000009],[4.890000000000001,61.87920000000091],[4.825200000000001,61.87920000000091],[4.8144,61.8360000000009],[4.782,61.8360000000009],[4.782,61.803600000000905],[4.7928,61.803600000000905],[4.7928,61.7496000000009],[4.7388,61.7496000000009],[4.7388,61.76040000000091],[4.728,61.76040000000091],[4.728,61.8360000000009],[4.5876,61.8360000000009],[4.5876,61.846800000000904],[4.566,61.846800000000904],[4.566,61.87920000000091],[4.5876,61.8900000000009],[4.5876,61.9116000000009],[4.6524,61.922400000000906],[4.6524,61.9332000000009],[4.6632,61.9332000000009],[4.6632,61.9548000000009],[4.6956,61.9548000000009],[4.6956,61.965600000000904],[4.7064,61.965600000000904],[4.7064,61.9548000000009],[4.8576,61.9548000000009],[4.8576,61.9332000000009],[4.944,61.9332000000009],[4.944,61.922400000000906],[4.9764,61.922400000000906],[4.9764,61.9116000000009],[4.9224,61.9116000000009],[4.9224,61.8900000000009]]],[[[5.052,61.900800000000906],[5.052,61.9116000000009],[5.0628,61.9116000000009],[5.0628,61.900800000000906],[5.0844000000000005,61.900800000000906],[5.0844000000000005,61.8900000000009],[5.052,61.8900000000009],[5.052,61.87920000000091],[5.0304,61.87920000000091],[5.0304,61.8900000000009],[5.0088,61.8900000000009],[5.0088,61.900800000000906],[5.052,61.900800000000906]]],[[[4.9332,62.0088000000009],[4.8576,62.0088000000009],[4.8576,62.041200000000906],[4.890000000000001,62.041200000000906],[4.890000000000001,62.0520000000009],[4.9332,62.0520000000009],[4.9332,62.062800000000905],[4.9656,62.062800000000905],[4.9656,62.0736000000009],[4.9872,62.0736000000009],[4.9872,62.084400000000905],[5.0088,62.0736000000009],[5.0088,62.0520000000009],[4.998,62.0520000000009],[4.998,62.041200000000906],[4.9764,62.041200000000906],[4.9656,62.01960000000091],[4.9332,62.01960000000091],[4.9332,62.0088000000009]]],[[[5.0736,62.1924000000009],[5.052,62.1924000000009],[5.052,62.203200000000905],[5.0736,62.203200000000905],[5.0736,62.2140000000009],[5.106,62.2140000000009],[5.1168,62.2356000000009],[5.1924,62.2356000000009],[5.1924,62.224800000000904],[5.138400000000001,62.224800000000904],[5.138400000000001,62.203200000000905],[5.1168,62.203200000000905],[5.1168,62.1924000000009],[5.0844000000000005,62.1924000000009],[5.0844000000000005,62.181600000000905],[5.0736,62.181600000000905],[5.0736,62.1924000000009]]],[[[5.462400000000001,62.181600000000905],[5.43,62.181600000000905],[5.43,62.203200000000905],[5.4516,62.203200000000905],[5.4516,62.2140000000009],[5.462400000000001,62.2140000000009],[5.462400000000001,62.2356000000009],[5.4732,62.2356000000009],[5.4732,62.2140000000009],[5.538,62.2140000000009],[5.538,62.203200000000905],[5.5488,62.203200000000905],[5.5488,62.181600000000905],[5.527200000000001,62.181600000000905],[5.527200000000001,62.1924000000009],[5.462400000000001,62.1924000000009],[5.462400000000001,62.181600000000905]]],[[[5.7432,62.3112000000009],[5.710800000000001,62.3112000000009],[5.710800000000001,62.300400000000906],[5.6676,62.300400000000906],[5.6676,62.3112000000009],[5.7,62.3112000000009],[5.7,62.322000000000905],[5.7432,62.322000000000905],[5.7432,62.3112000000009]]],[[[5.4732,62.3544000000009],[5.4732,62.3868000000009],[5.5056,62.3868000000009],[5.5056,62.39760000000091],[5.5164,62.39760000000091],[5.5056,62.3544000000009],[5.4732,62.3544000000009]]],[[[5.5812,62.419200000000906],[5.5704,62.419200000000906],[5.5704,62.4300000000009],[5.5920000000000005,62.4300000000009],[5.5920000000000005,62.3868000000009],[5.6568000000000005,62.3868000000009],[5.6568000000000005,62.37600000000091],[5.6244,62.37600000000091],[5.6244,62.343600000000905],[5.6136,62.343600000000905],[5.6136,62.37600000000091],[5.5812,62.37600000000091],[5.5812,62.419200000000906]]],[[[5.6912,62.57240000000121],[5.6804,62.57240000000121],[5.6804,62.59400000000121],[5.8100000000000005,62.59400000000121],[5.8100000000000005,62.57240000000121],[5.8208,62.57240000000121],[5.8208,62.56160000000121],[5.8100000000000005,62.56160000000121],[5.8100000000000005,62.5508000000012],[5.756,62.5508000000012],[5.756,62.56160000000121],[5.6912,62.56160000000121],[5.6912,62.57240000000121]]],[[[6.3824000000000005,62.6696000000012],[6.3608,62.6696000000012],[6.3608,62.63720000000121],[6.4688,62.63720000000121],[6.4688,62.626400000001205],[6.4364,62.626400000001205],[6.4364,62.61560000000121],[6.3608,62.61560000000121],[6.3608,62.604800000001205],[6.2852,62.604800000001205],[6.2852,62.583200000001206],[6.2312,62.583200000001206],[6.2312,62.57240000000121],[6.2204,62.57240000000121],[6.2204,62.61560000000121],[6.2096,62.61560000000121],[6.2096,62.626400000001205],[6.1772,62.626400000001205],[6.1772,62.63720000000121],[6.134,62.63720000000121],[6.134,62.59400000000121],[6.0044,62.57240000000121],[6.0044,62.54000000000121],[5.9936,62.54000000000121],[5.9936,62.5508000000012],[5.972,62.5508000000012],[5.972,62.57240000000121],[5.9396,62.57240000000121],[5.9396,62.61560000000121],[5.9612,62.61560000000121],[5.972,62.63720000000121],[6.0367999999999995,62.63720000000121],[6.0367999999999995,62.648000000001204],[6.0584,62.648000000001204],[6.0584,62.6696000000012],[6.1232,62.68040000000121],[6.1232,62.702000000001206],[6.1448,62.702000000001206],[6.1556,62.723600000001206],[6.252800000000001,62.723600000001206],[6.252800000000001,62.745200000001205],[6.3068,62.745200000001205],[6.3068,62.766800000001204],[6.3284,62.766800000001204],[6.3284,62.75600000000121],[6.3608,62.75600000000121],[6.3608,62.745200000001205],[6.4364,62.745200000001205],[6.4364,62.71280000000121],[6.3608,62.71280000000121],[6.3608,62.68040000000121],[6.3824000000000005,62.68040000000121],[6.3824000000000005,62.6696000000012]],[[6.2096,62.65880000000121],[6.2096,62.6912000000012],[6.1664,62.6912000000012],[6.1664,62.65880000000121],[6.2096,62.65880000000121]],[[6.3068,62.6696000000012],[6.3068,62.68040000000121],[6.2636,62.68040000000121],[6.2636,62.63720000000121],[6.3176000000000005,62.63720000000121],[6.3176000000000005,62.6696000000012],[6.3068,62.6696000000012]]],[[[6.3932,62.77760000000121],[6.3932,62.79920000000121],[6.3716,62.79920000000121],[6.3716,62.8100000000012],[6.4256,62.8100000000012],[6.4256,62.820800000001206],[6.458,62.820800000001206],[6.458,62.8316000000012],[6.4688,62.8316000000012],[6.4688,62.820800000001206],[6.5012,62.820800000001206],[6.5012,62.8316000000012],[6.5228,62.8316000000012],[6.5228,62.85320000000121],[6.5768,62.85320000000121],[6.5768,62.842400000001206],[6.6092,62.842400000001206],[6.6092,62.8316000000012],[6.5443999999999996,62.820800000001206],[6.5443999999999996,62.8100000000012],[6.5336,62.8100000000012],[6.5336,62.766800000001204],[6.5228,62.766800000001204],[6.5228,62.77760000000121],[6.3932,62.77760000000121]]],[[[7.0412,62.97200000000121],[6.998,62.97200000000121],[6.998,62.99360000000121],[7.0196000000000005,62.99360000000121],[7.0196000000000005,63.004400000001205],[7.0304,63.004400000001205],[7.0304,62.982800000001205],[7.0412,62.982800000001205],[7.0412,62.97200000000121]]],[[[6.5984,63.17720000000121],[6.5984,63.166400000001204],[6.6308,63.166400000001204],[6.6416,63.144800000001204],[6.6848,63.144800000001204],[6.6956,63.123200000001205],[6.7172,63.123200000001205],[6.7172,63.11240000000121],[6.728,63.11240000000121],[6.728,63.09080000000121],[6.760400000000001,63.09080000000121],[6.760400000000001,63.080000000001206],[6.7496,63.080000000001206],[6.7496,63.03680000000121],[6.6848,63.03680000000121],[6.6848,63.026000000001204],[6.674,63.026000000001204],[6.674,63.03680000000121],[6.6416,63.03680000000121],[6.6416,63.026000000001204],[6.5552,63.026000000001204],[6.5552,63.03680000000121],[6.458,63.03680000000121],[6.458,63.047600000001204],[6.3932,63.047600000001204],[6.3932,63.05840000000121],[6.35,63.05840000000121],[6.35,63.0692000000012],[6.3176000000000005,63.0692000000012],[6.3068,63.09080000000121],[6.2744,63.09080000000121],[6.2744,63.123200000001205],[6.252800000000001,63.123200000001205],[6.242,63.166400000001204],[6.2096,63.166400000001204],[6.2096,63.17720000000121],[6.1448,63.1880000000012],[6.1448,63.2096000000012],[6.1232,63.2096000000012],[6.1232,63.23120000000121],[6.1556,63.23120000000121],[6.1556,63.242000000001205],[6.252800000000001,63.242000000001205],[6.252800000000001,63.25280000000121],[6.4148,63.25280000000121],[6.4148,63.242000000001205],[6.4796,63.242000000001205],[6.4796,63.23120000000121],[6.5120000000000005,63.23120000000121],[6.5120000000000005,63.220400000001206],[6.5443999999999996,63.220400000001206],[6.5443999999999996,63.1880000000012],[6.566,63.1880000000012],[6.566,63.17720000000121],[6.5984,63.17720000000121]]],[[[8.0996,63.23120000000121],[8.0348,63.23120000000121],[8.024000000000001,63.27440000000121],[8.0024,63.27440000000121],[8.0024,63.285200000001204],[8.088799999999999,63.285200000001204],[8.088799999999999,63.3068000000012],[8.1212,63.3068000000012],[8.1212,63.3284000000012],[8.1644,63.3284000000012],[8.1644,63.31760000000121],[8.142800000000001,63.31760000000121],[8.142800000000001,63.27440000000121],[8.1644,63.27440000000121],[8.1644,63.25280000000121],[8.132,63.25280000000121],[8.132,63.242000000001205],[8.0996,63.242000000001205],[8.0996,63.23120000000121]]],[[[7.8512,63.29600000000121],[7.775600000000001,63.29600000000121],[7.775600000000001,63.31760000000121],[7.8512,63.31760000000121],[7.8512,63.29600000000121]]],[[[8.2832,63.404000000001204],[8.2832,63.425600000001204],[8.3264,63.425600000001204],[8.3264,63.404000000001204],[8.2832,63.404000000001204]]],[[[7.8187999999999995,63.425600000001204],[7.8187999999999995,63.41480000000121],[7.808,63.41480000000121],[7.808,63.425600000001204],[7.7864,63.425600000001204],[7.7864,63.43640000000121],[7.8512,63.43640000000121],[7.8512,63.425600000001204],[7.8187999999999995,63.425600000001204]]],[[[8.7584,63.641600000001205],[8.6396,63.641600000001205],[8.6288,63.620000000001205],[8.531600000000001,63.620000000001205],[8.531600000000001,63.663200000001204],[8.5856,63.663200000001204],[8.5856,63.67400000000121],[8.7152,63.67400000000121],[8.7152,63.684800000001204],[8.780000000000001,63.684800000001204],[8.780000000000001,63.69560000000121],[8.909600000000001,63.69560000000121],[8.909600000000001,63.684800000001204],[8.888,63.684800000001204],[8.888,63.67400000000121],[8.8772,63.67400000000121],[8.8772,63.663200000001204],[8.8124,63.663200000001204],[8.8124,63.65240000000121],[8.7584,63.65240000000121],[8.7584,63.641600000001205]]],[[[5.9828,64.7108000000012],[5.9828,64.6784000000012],[6.0044,64.6784000000012],[6.0044,64.65680000000121],[6.0367999999999995,64.65680000000121],[6.0367999999999995,64.64600000000121],[6.0476,64.64600000000121],[6.0476,64.6244000000012],[6.0367999999999995,64.6244000000012],[6.0367999999999995,64.61360000000121],[6.0044,64.61360000000121],[6.0044,64.60280000000121],[5.9828,64.60280000000121],[5.9828,64.5920000000012],[5.9288,64.5920000000012],[5.9288,64.60280000000121],[5.8964,64.60280000000121],[5.8964,64.61360000000121],[5.8424,64.61360000000121],[5.8424,64.60280000000121],[5.8100000000000005,64.60280000000121],[5.8100000000000005,64.5920000000012],[5.7236,64.5920000000012],[5.7128,64.61360000000121],[5.6912,64.61360000000121],[5.6912,64.6244000000012],[5.6588,64.6244000000012],[5.6588,64.6352000000012],[5.648,64.6352000000012],[5.648,64.65680000000121],[5.6156,64.65680000000121],[5.6156,64.68920000000121],[5.6264,64.68920000000121],[5.6264,64.70000000000121],[5.648,64.70000000000121],[5.648,64.7108000000012],[5.6912,64.7108000000012],[5.6912,64.7216000000012],[5.7236,64.7216000000012],[5.7236,64.7756000000012],[5.756,64.7756000000012],[5.756,64.78640000000121],[5.7992,64.78640000000121],[5.7992,64.79720000000121],[5.8856,64.79720000000121],[5.8856,64.7756000000012],[5.918,64.7756000000012],[5.918,64.7648000000012],[5.9396,64.7648000000012],[5.9396,64.75400000000121],[6.0692,64.75400000000121],[6.0692,64.7216000000012],[6.0367999999999995,64.7216000000012],[6.0367999999999995,64.7108000000012],[5.9828,64.7108000000012]]],[[[6.8576,64.7108000000012],[6.8576,64.6676000000012],[6.8468,64.6676000000012],[6.8468,64.65680000000121],[6.8144,64.65680000000121],[6.8144,64.6352000000012],[6.6956,64.6352000000012],[6.6956,64.6244000000012],[6.6632,64.6244000000012],[6.6632,64.61360000000121],[6.5120000000000005,64.61360000000121],[6.5120000000000005,64.60280000000121],[6.4364,64.60280000000121],[6.4364,64.61360000000121],[6.3716,64.61360000000121],[6.3716,64.6244000000012],[6.252800000000001,64.6244000000012],[6.252800000000001,64.6352000000012],[6.2096,64.6352000000012],[6.2096,64.64600000000121],[6.188000000000001,64.64600000000121],[6.1772,64.6676000000012],[6.1556,64.6676000000012],[6.1556,64.68920000000121],[6.1448,64.68920000000121],[6.1448,64.75400000000121],[6.2096,64.75400000000121],[6.2096,64.7756000000012],[6.252800000000001,64.7756000000012],[6.252800000000001,64.78640000000121],[6.404,64.78640000000121],[6.404,64.79720000000121],[6.4904,64.79720000000121],[6.5012,64.8188000000012],[6.5443999999999996,64.8188000000012],[6.5443999999999996,64.8080000000012],[6.5984,64.8080000000012],[6.5984,64.79720000000121],[6.6416,64.79720000000121],[6.6416,64.7756000000012],[6.8576,64.7756000000012],[6.8576,64.75400000000121],[6.8792,64.75400000000121],[6.8792,64.7108000000012],[6.8576,64.7108000000012]]],[[[11.104,57.4968000000009],[11.104,57.529200000000905],[11.1256,57.5400000000009],[11.1256,57.550800000000905],[11.158000000000001,57.550800000000905],[11.158000000000001,57.5616000000009],[11.1796,57.5616000000009],[11.1796,57.550800000000905],[11.1904,57.550800000000905],[11.1904,57.5400000000009],[11.2228,57.5400000000009],[11.2336,57.5184000000009],[11.3092,57.5184000000009],[11.32,57.4968000000009],[11.104,57.4968000000009]]],[[[11.6872,57.5832000000009],[11.698,57.5832000000009],[11.698,57.594000000000904],[11.7412,57.5832000000009],[11.7412,57.5616000000009],[11.7628,57.5616000000009],[11.7628,57.529200000000905],[11.7304,57.529200000000905],[11.7304,57.550800000000905],[11.6872,57.5616000000009],[11.6872,57.5832000000009]]],[[[11.8168,57.6156000000009],[11.806000000000001,57.6372000000009],[11.8168,57.6372000000009],[11.8168,57.648000000000906],[11.8384,57.6588000000009],[11.8384,57.6156000000009],[11.8168,57.6156000000009]]],[[[11.6332,57.648000000000906],[11.644,57.648000000000906],[11.644,57.6372000000009],[11.622399999999999,57.6372000000009],[11.622399999999999,57.648000000000906],[11.59,57.648000000000906],[11.59,57.6156000000009],[11.5684,57.6156000000009],[11.5684,57.626400000000906],[11.546800000000001,57.626400000000906],[11.546800000000001,57.6372000000009],[11.5144,57.6372000000009],[11.5144,57.669600000000905],[11.5684,57.669600000000905],[11.5684,57.7020000000009],[11.5576,57.7020000000009],[11.5576,57.712800000000904],[11.5792,57.72360000000091],[11.5792,57.712800000000904],[11.59,57.712800000000904],[11.59,57.7020000000009],[11.6116,57.7020000000009],[11.6116,57.669600000000905],[11.6332,57.669600000000905],[11.6332,57.648000000000906]]],[[[11.698,57.712800000000904],[11.698,57.691200000000904],[11.676400000000001,57.6804000000009],[11.676400000000001,57.7020000000009],[11.665600000000001,57.7020000000009],[11.665600000000001,57.712800000000904],[11.6872,57.712800000000904],[11.6872,57.74520000000091],[11.665600000000001,57.74520000000091],[11.665600000000001,57.7776000000009],[11.6872,57.7776000000009],[11.6872,57.7560000000009],[11.752,57.7560000000009],[11.752,57.74520000000091],[11.7412,57.74520000000091],[11.7412,57.72360000000091],[11.7088,57.72360000000091],[11.7088,57.712800000000904],[11.698,57.712800000000904]]],[[[11.2444,57.7560000000009],[11.2552,57.7560000000009],[11.2552,57.7344000000009],[11.2336,57.72360000000091],[11.2228,57.7020000000009],[11.1796,57.691200000000904],[11.1796,57.6804000000009],[11.168800000000001,57.6804000000009],[11.168800000000001,57.6588000000009],[11.1364,57.6588000000009],[11.1256,57.6372000000009],[11.104,57.6372000000009],[11.0932,57.6156000000009],[10.9852,57.6156000000009],[10.9852,57.626400000000906],[10.9636,57.626400000000906],[10.9636,57.6372000000009],[10.8448,57.6372000000009],[10.8448,57.626400000000906],[10.7044,57.626400000000906],[10.7044,57.6372000000009],[10.672,57.6372000000009],[10.661200000000001,57.6588000000009],[10.6396,57.6588000000009],[10.6396,57.6804000000009],[10.618,57.6804000000009],[10.618,57.7020000000009],[10.5964,57.7020000000009],[10.5964,57.712800000000904],[10.6396,57.72360000000091],[10.6396,57.7560000000009],[10.650400000000001,57.7560000000009],[10.650400000000001,57.7776000000009],[10.8664,57.7776000000009],[10.8664,57.788400000000905],[10.8988,57.788400000000905],[10.8988,57.7992000000009],[10.996,57.7992000000009],[10.996,57.810000000000905],[11.0824,57.8208000000009],[11.0824,57.84240000000091],[11.1364,57.84240000000091],[11.1364,57.831600000000904],[11.158000000000001,57.831600000000904],[11.158000000000001,57.8208000000009],[11.1904,57.8208000000009],[11.1904,57.810000000000905],[11.2228,57.810000000000905],[11.2228,57.7992000000009],[11.2444,57.7992000000009],[11.2444,57.7560000000009]]],[[[9.914000000000001,63.51200000000121],[9.914000000000001,63.501200000001205],[9.9464,63.501200000001205],[9.9464,63.479600000001206],[9.914000000000001,63.479600000001206],[9.914000000000001,63.49040000000121],[9.8816,63.49040000000121],[9.8816,63.501200000001205],[9.9032,63.501200000001205],[9.9032,63.51200000000121],[9.914000000000001,63.51200000000121]]],[[[9.158000000000001,63.49040000000121],[9.0932,63.49040000000121],[9.0932,63.479600000001206],[9.0716,63.479600000001206],[9.0716,63.46880000000121],[9.0068,63.46880000000121],[9.0068,63.479600000001206],[9.028400000000001,63.479600000001206],[9.028400000000001,63.49040000000121],[9.0932,63.501200000001205],[9.0932,63.522800000001205],[9.1472,63.522800000001205],[9.1472,63.53360000000121],[9.212,63.53360000000121],[9.212,63.544400000001204],[9.276800000000001,63.544400000001204],[9.276800000000001,63.55520000000121],[9.3092,63.55520000000121],[9.3092,63.5660000000012],[9.32,63.5660000000012],[9.32,63.544400000001204],[9.2984,63.544400000001204],[9.2984,63.53360000000121],[9.2552,63.53360000000121],[9.2552,63.522800000001205],[9.1904,63.51200000000121],[9.1904,63.501200000001205],[9.158000000000001,63.501200000001205],[9.158000000000001,63.49040000000121]]],[[[10.724,63.620000000001205],[10.7024,63.620000000001205],[10.7024,63.60920000000121],[10.691600000000001,63.60920000000121],[10.691600000000001,63.5876000000012],[10.680800000000001,63.5876000000012],[10.680800000000001,63.63080000000121],[10.7132,63.63080000000121],[10.7132,63.641600000001205],[10.724,63.641600000001205],[10.724,63.620000000001205]]],[[[9.698,63.663200000001204],[9.7412,63.663200000001204],[9.7412,63.67400000000121],[9.784400000000002,63.67400000000121],[9.795200000000001,63.60920000000121],[9.8168,63.60920000000121],[9.8168,63.598400000001206],[9.8492,63.598400000001206],[9.8492,63.5660000000012],[9.8924,63.5660000000012],[9.8924,63.55520000000121],[9.86,63.55520000000121],[9.86,63.53360000000121],[9.8492,63.53360000000121],[9.8492,63.55520000000121],[9.8168,63.55520000000121],[9.806000000000001,63.57680000000121],[9.784400000000002,63.57680000000121],[9.784400000000002,63.598400000001206],[9.752,63.598400000001206],[9.752,63.641600000001205],[9.665600000000001,63.641600000001205],[9.665600000000001,63.63080000000121],[9.6116,63.63080000000121],[9.6116,63.620000000001205],[9.5792,63.620000000001205],[9.5792,63.60920000000121],[9.536000000000001,63.60920000000121],[9.536000000000001,63.598400000001206],[9.5036,63.598400000001206],[9.5036,63.5876000000012],[9.4604,63.5876000000012],[9.4604,63.598400000001206],[9.363199999999999,63.598400000001206],[9.363199999999999,63.60920000000121],[9.287600000000001,63.60920000000121],[9.287600000000001,63.620000000001205],[9.276800000000001,63.620000000001205],[9.276800000000001,63.641600000001205],[9.2552,63.641600000001205],[9.2552,63.65240000000121],[9.276800000000001,63.65240000000121],[9.276800000000001,63.67400000000121],[9.2984,63.67400000000121],[9.2984,63.663200000001204],[9.363199999999999,63.663200000001204],[9.363199999999999,63.69560000000121],[9.3956,63.69560000000121],[9.406400000000001,63.717200000001206],[9.417200000000001,63.717200000001206],[9.417200000000001,63.7064000000012],[9.492799999999999,63.7064000000012],[9.492799999999999,63.717200000001206],[9.5144,63.72800000000121],[9.5144,63.717200000001206],[9.536000000000001,63.717200000001206],[9.536000000000001,63.7064000000012],[9.546800000000001,63.7064000000012],[9.546800000000001,63.69560000000121],[9.5684,63.69560000000121],[9.5684,63.663200000001204],[9.622399999999999,63.663200000001204],[9.622399999999999,63.67400000000121],[9.698,63.67400000000121],[9.698,63.663200000001204]],[[9.4388,63.63080000000121],[9.4388,63.67400000000121],[9.428,63.67400000000121],[9.428,63.684800000001204],[9.3848,63.684800000001204],[9.3848,63.641600000001205],[9.406400000000001,63.641600000001205],[9.406400000000001,63.63080000000121],[9.4388,63.63080000000121]]],[[[11.0372,63.8252000000012],[11.058800000000002,63.8252000000012],[11.058800000000002,63.857600000001206],[11.0372,63.857600000001206],[11.0372,63.900800000001205],[11.048,63.900800000001205],[11.048,63.89000000000121],[11.080400000000001,63.89000000000121],[11.080400000000001,63.857600000001206],[11.102,63.857600000001206],[11.102,63.836000000001206],[11.080400000000001,63.836000000001206],[11.080400000000001,63.81440000000121],[11.0372,63.81440000000121],[11.0372,63.8252000000012]]],[[[8.9852,63.976400000001206],[8.9852,63.95480000000121],[9.0176,63.95480000000121],[9.0176,63.9440000000012],[9.039200000000001,63.9440000000012],[9.039200000000001,63.900800000001205],[8.9852,63.900800000001205],[8.9852,63.879200000001205],[8.942,63.879200000001205],[8.942,63.84680000000121],[8.9528,63.84680000000121],[8.9528,63.782000000001204],[8.942,63.782000000001204],[8.942,63.79280000000121],[8.8772,63.79280000000121],[8.8772,63.803600000001204],[8.8448,63.803600000001204],[8.8448,63.81440000000121],[8.661200000000001,63.81440000000121],[8.661200000000001,63.79280000000121],[8.5748,63.79280000000121],[8.5748,63.782000000001204],[8.5424,63.782000000001204],[8.5424,63.77120000000121],[8.531600000000001,63.77120000000121],[8.531600000000001,63.74960000000121],[8.520800000000001,63.74960000000121],[8.520800000000001,63.760400000001205],[8.4884,63.760400000001205],[8.4884,63.77120000000121],[8.4128,63.77120000000121],[8.4128,63.803600000001204],[8.402000000000001,63.803600000001204],[8.402000000000001,63.81440000000121],[8.4128,63.81440000000121],[8.4128,63.857600000001206],[8.4236,63.857600000001206],[8.4236,63.81440000000121],[8.4668,63.81440000000121],[8.4668,63.8252000000012],[8.4884,63.8252000000012],[8.4884,63.857600000001206],[8.4344,63.857600000001206],[8.4344,63.86840000000121],[8.456,63.86840000000121],[8.456,63.900800000001205],[8.4668,63.900800000001205],[8.4668,63.91160000000121],[8.520800000000001,63.91160000000121],[8.531600000000001,63.93320000000121],[8.6288,63.93320000000121],[8.6288,63.9440000000012],[8.650400000000001,63.9440000000012],[8.661200000000001,63.9656000000012],[8.6828,63.9656000000012],[8.6828,63.976400000001206],[8.6936,63.976400000001206],[8.6936,63.998000000001205],[8.7152,63.998000000001205],[8.725999999999999,64.0196000000012],[8.7476,64.0196000000012],[8.7476,64.03040000000121],[8.8124,64.03040000000121],[8.8124,64.0196000000012],[8.8556,64.0196000000012],[8.8556,64.0088000000012],[8.8772,64.0088000000012],[8.8772,63.998000000001205],[8.9204,63.998000000001205],[8.9204,63.98720000000121],[8.9528,63.98720000000121],[8.9528,63.976400000001206],[8.9852,63.976400000001206]],[[8.6288,63.879200000001205],[8.5964,63.879200000001205],[8.5964,63.84680000000121],[8.6288,63.84680000000121],[8.6288,63.879200000001205]],[[8.564,63.86840000000121],[8.51,63.86840000000121],[8.51,63.857600000001206],[8.4992,63.857600000001206],[8.4992,63.8252000000012],[8.564,63.8252000000012],[8.564,63.86840000000121]]],[[[9.2012,64.04120000000121],[9.2336,64.04120000000121],[9.2336,64.03040000000121],[9.2228,64.03040000000121],[9.2228,64.0088000000012],[9.0932,64.0088000000012],[9.0932,64.04120000000121],[9.1256,64.04120000000121],[9.1256,64.1060000000012],[9.168800000000001,64.1060000000012],[9.168800000000001,64.0952000000012],[9.1364,64.0952000000012],[9.1364,64.0628000000012],[9.1904,64.0628000000012],[9.1904,64.08440000000121],[9.212,64.08440000000121],[9.212,64.0952000000012],[9.2552,64.08440000000121],[9.2552,64.0736000000012],[9.2012,64.0736000000012],[9.2012,64.04120000000121]]],[[[11.2964,64.8512000000012],[11.2856,64.82960000000121],[11.264,64.82960000000121],[11.2532,64.8080000000012],[11.21,64.8080000000012],[11.21,64.82960000000121],[11.2208,64.82960000000121],[11.2208,64.84040000000121],[11.2424,64.84040000000121],[11.2532,64.8620000000012],[11.274799999999999,64.8620000000012],[11.274799999999999,64.8728000000012],[11.2856,64.8728000000012],[11.2856,64.9052000000012],[11.318000000000001,64.9052000000012],[11.318000000000001,64.9160000000012],[11.3396,64.9160000000012],[11.3396,64.92680000000121],[11.372,64.92680000000121],[11.372,64.93760000000121],[11.3828,64.93760000000121],[11.3828,64.9160000000012],[11.3612,64.9160000000012],[11.3612,64.9052000000012],[11.3504,64.9052000000012],[11.3504,64.89440000000121],[11.328800000000001,64.89440000000121],[11.328800000000001,64.88360000000121],[11.318000000000001,64.88360000000121],[11.318000000000001,64.8512000000012],[11.2964,64.8512000000012]]],[[[11.6632,65.79920000000061],[11.6632,65.75600000000061],[11.6416,65.75600000000061],[11.6416,65.74520000000061],[11.6308,65.74520000000061],[11.6308,65.75600000000061],[11.6092,65.75600000000061],[11.6092,65.79920000000061],[11.6632,65.79920000000061]]],[[[12.3328,65.88560000000061],[12.3328,65.89640000000061],[12.3544,65.89640000000061],[12.3544,65.9180000000006],[12.3652,65.9180000000006],[12.3652,65.9288000000006],[12.386800000000001,65.9288000000006],[12.386800000000001,65.93960000000061],[12.4084,65.93960000000061],[12.4084,65.9504000000006],[12.4192,65.9504000000006],[12.4192,65.9180000000006],[12.376000000000001,65.9072000000006],[12.376000000000001,65.88560000000061],[12.3652,65.88560000000061],[12.3652,65.8748000000006],[12.3544,65.8748000000006],[12.3544,65.88560000000061],[12.3328,65.88560000000061]]],[[[12.2032,65.9180000000006],[12.1708,65.9180000000006],[12.1708,65.93960000000061],[12.214,65.93960000000061],[12.214,65.9288000000006],[12.2464,65.9288000000006],[12.2464,65.93960000000061],[12.257200000000001,65.93960000000061],[12.257200000000001,65.9180000000006],[12.214,65.9180000000006],[12.214,65.9072000000006],[12.2032,65.9072000000006],[12.2032,65.9180000000006]]],[[[11.944,66.0476000000006],[11.944,66.03680000000061],[11.8468,66.03680000000061],[11.8468,66.0476000000006],[11.8036,66.0476000000006],[11.8036,66.03680000000061],[11.7928,66.03680000000061],[11.7928,66.0584000000006],[11.8144,66.0584000000006],[11.8144,66.08000000000061],[11.836,66.0692000000006],[11.836,66.0584000000006],[11.8684,66.0584000000006],[11.8684,66.0692000000006],[11.8792,66.0692000000006],[11.8792,66.0584000000006],[11.9656,66.0584000000006],[11.9656,66.0476000000006],[11.944,66.0476000000006]]],[[[13.4408,66.9504000000009],[13.4624,66.9504000000009],[13.4624,66.9828000000009],[13.4948,66.9828000000009],[13.4948,66.9720000000009],[13.5164,66.9720000000009],[13.5164,66.9612000000009],[13.4732,66.9612000000009],[13.4732,66.93960000000091],[13.4408,66.93960000000091],[13.4408,66.9504000000009]]],[[[12.9116,67.9548000000009],[12.89,67.9548000000009],[12.8792,67.9116000000009],[12.8576,67.9116000000009],[12.8576,67.8468000000009],[12.9008,67.8468000000009],[12.9008,67.8576000000009],[12.9224,67.8576000000009],[12.9224,67.8684000000009],[13.052,67.8792000000009],[13.052,67.83600000000091],[13.073599999999999,67.83600000000091],[13.073599999999999,67.8252000000009],[13.1168,67.8144000000009],[13.1168,67.73880000000091],[13.0952,67.73880000000091],[13.0952,67.7172000000009],[13.052,67.7172000000009],[13.052,67.69560000000091],[12.998,67.69560000000091],[12.998,67.6848000000009],[12.9116,67.6740000000009],[12.9116,67.6632000000009],[12.8792,67.6632000000009],[12.8792,67.65240000000091],[12.8252,67.65240000000091],[12.8252,67.6632000000009],[12.8036,67.6632000000009],[12.8036,67.6740000000009],[12.749600000000001,67.6740000000009],[12.749600000000001,67.6848000000009],[12.728,67.6848000000009],[12.728,67.69560000000091],[12.674,67.69560000000091],[12.674,67.6740000000009],[12.620000000000001,67.6740000000009],[12.620000000000001,67.6416000000009],[12.6524,67.6416000000009],[12.6524,67.6308000000009],[12.6956,67.6308000000009],[12.6956,67.59840000000091],[12.7172,67.59840000000091],[12.7172,67.5660000000009],[12.6956,67.5660000000009],[12.6956,67.5444000000009],[12.674,67.5444000000009],[12.674,67.5336000000009],[12.6524,67.5336000000009],[12.6524,67.5228000000009],[12.6308,67.5228000000009],[12.6308,67.51200000000091],[12.5984,67.51200000000091],[12.5984,67.5012000000009],[12.4364,67.5012000000009],[12.4364,67.4904000000009],[12.4148,67.4904000000009],[12.4148,67.4796000000009],[12.35,67.4796000000009],[12.35,67.4688000000009],[12.3176,67.4688000000009],[12.3176,67.45800000000091],[12.2636,67.45800000000091],[12.2636,67.4796000000009],[12.1556,67.4904000000009],[12.1556,67.45800000000091],[12.0584,67.45800000000091],[12.0584,67.4472000000009],[12.0368,67.4472000000009],[12.0368,67.4364000000009],[11.972,67.4364000000009],[11.972,67.41480000000091],[11.9396,67.41480000000091],[11.9396,67.3932000000009],[11.918,67.3932000000009],[11.918,67.37160000000091],[11.8532,67.37160000000091],[11.8532,67.3608000000009],[11.8316,67.3608000000009],[11.8316,67.3500000000009],[11.81,67.3500000000009],[11.81,67.3392000000009],[11.7776,67.3392000000009],[11.7776,67.3284000000009],[11.648,67.3284000000009],[11.648,67.3392000000009],[11.604800000000001,67.3392000000009],[11.604800000000001,67.3500000000009],[11.5076,67.3500000000009],[11.5076,67.4256000000009],[11.5292,67.4256000000009],[11.54,67.4472000000009],[11.5616,67.4472000000009],[11.5616,67.4688000000009],[11.6264,67.4688000000009],[11.6264,67.4904000000009],[11.7236,67.4904000000009],[11.7236,67.51200000000091],[11.7344,67.51200000000091],[11.7344,67.5012000000009],[11.7668,67.5012000000009],[11.7668,67.51200000000091],[11.7992,67.51200000000091],[11.7992,67.5228000000009],[11.8424,67.5228000000009],[11.8424,67.5336000000009],[11.9072,67.5336000000009],[11.9072,67.5444000000009],[11.9288,67.5444000000009],[11.9288,67.55520000000091],[11.9612,67.55520000000091],[11.9612,67.5768000000009],[12.0044,67.5768000000009],[12.0044,67.59840000000091],[12.026,67.59840000000091],[12.026,67.6200000000009],[12.0476,67.6200000000009],[12.0476,67.6308000000009],[12.0692,67.6308000000009],[12.0692,67.6416000000009],[12.08,67.6416000000009],[12.08,67.6632000000009],[12.1232,67.6632000000009],[12.1232,67.6848000000009],[12.1448,67.6848000000009],[12.1448,67.69560000000091],[12.1556,67.69560000000091],[12.1556,67.6848000000009],[12.188,67.6848000000009],[12.188,67.7064000000009],[12.2096,67.7064000000009],[12.2096,67.7172000000009],[12.242,67.7172000000009],[12.242,67.7280000000009],[12.404,67.7280000000009],[12.404,67.73880000000091],[12.4256,67.73880000000091],[12.4256,67.74960000000091],[12.4688,67.74960000000091],[12.4688,67.7820000000009],[12.4472,67.7820000000009],[12.4472,67.79280000000091],[12.404,67.79280000000091],[12.404,67.8036000000009],[12.3824,67.8036000000009],[12.3824,67.8144000000009],[12.3608,67.8144000000009],[12.3608,67.8468000000009],[12.3392,67.8468000000009],[12.3392,67.8684000000009],[12.3284,67.8684000000009],[12.3284,67.9116000000009],[12.3392,67.9116000000009],[12.3392,67.9224000000009],[12.3608,67.9224000000009],[12.3608,67.93320000000091],[12.3824,67.93320000000091],[12.3824,67.9440000000009],[12.404,67.9440000000009],[12.404,67.9656000000009],[12.4472,67.9656000000009],[12.4472,67.97640000000091],[12.4688,67.97640000000091],[12.4688,67.98720000000091],[12.6092,67.98720000000091],[12.6092,67.9980000000009],[12.6956,67.9980000000009],[12.6956,67.98720000000091],[12.728,67.98720000000091],[12.728,67.9980000000009],[12.782,67.9980000000009],[12.782,68.0088000000009],[12.8684,68.0088000000009],[12.8684,68.0196000000009],[12.9224,68.0196000000009],[12.9224,68.03040000000091],[12.944,68.03040000000091],[12.944,68.0412000000009],[12.9548,68.0412000000009],[12.9548,68.03040000000091],[12.9764,68.03040000000091],[12.9764,68.0196000000009],[12.9548,68.0196000000009],[12.9548,67.9980000000009],[12.9116,67.98720000000091],[12.9116,67.9548000000009]]],[[[13.4516,68.0412000000009],[13.4408,68.0412000000009],[13.4408,68.0520000000009],[13.4192,68.0520000000009],[13.4192,68.0628000000009],[13.386800000000001,68.0628000000009],[13.386800000000001,68.07360000000091],[13.4084,68.07360000000091],[13.4084,68.1060000000009],[13.4192,68.1060000000009],[13.4192,68.11680000000091],[13.4408,68.11680000000091],[13.4408,68.1492000000009],[13.4192,68.1492000000009],[13.4084,68.17080000000091],[13.3112,68.17080000000091],[13.3004,68.12760000000091],[13.257200000000001,68.11680000000091],[13.257200000000001,68.0952000000009],[13.2356,68.0952000000009],[13.2356,68.07360000000091],[13.1924,68.07360000000091],[13.1924,68.03040000000091],[13.214,68.03040000000091],[13.214,68.0088000000009],[13.1924,68.0088000000009],[13.1924,67.98720000000091],[13.1816,67.98720000000091],[13.1816,67.9980000000009],[13.16,67.9980000000009],[13.16,68.03040000000091],[13.1492,68.03040000000091],[13.1492,68.0412000000009],[13.127600000000001,68.0412000000009],[13.127600000000001,68.07360000000091],[13.16,68.07360000000091],[13.16,68.11680000000091],[13.1816,68.11680000000091],[13.1816,68.12760000000091],[13.2032,68.12760000000091],[13.2032,68.1384000000009],[13.2248,68.1384000000009],[13.2248,68.1492000000009],[13.2464,68.1492000000009],[13.2464,68.17080000000091],[13.2896,68.1816000000009],[13.2896,68.1924000000009],[13.322,68.1924000000009],[13.322,68.2032000000009],[13.4192,68.2032000000009],[13.4192,68.2248000000009],[13.4732,68.2248000000009],[13.4732,68.1924000000009],[13.4948,68.1924000000009],[13.4948,68.1060000000009],[13.4732,68.1060000000009],[13.4732,68.0628000000009],[13.4516,68.0628000000009],[13.4516,68.0412000000009]]],[[[14.2832,68.2896000000009],[14.2832,68.3004000000009],[14.3156,68.3004000000009],[14.3156,68.2788000000009],[14.272400000000001,68.26800000000091],[14.272400000000001,68.2572000000009],[14.2508,68.2572000000009],[14.2508,68.2356000000009],[14.2184,68.2356000000009],[14.2184,68.1816000000009],[14.1968,68.1816000000009],[14.1968,68.17080000000091],[14.1644,68.17080000000091],[14.1644,68.1816000000009],[14.0996,68.1816000000009],[14.0996,68.21400000000091],[14.1212,68.21400000000091],[14.1212,68.2788000000009],[14.0672,68.2788000000009],[14.0672,68.2896000000009],[14.0456,68.2896000000009],[14.0456,68.3004000000009],[14.132,68.3004000000009],[14.132,68.2896000000009],[14.1752,68.2896000000009],[14.1752,68.26800000000091],[14.24,68.26800000000091],[14.24,68.2788000000009],[14.2616,68.2788000000009],[14.2616,68.2896000000009],[14.2832,68.2896000000009]]],[[[13.9828,68.32400000000091],[13.9828,68.3456000000009],[14.0044,68.3456000000009],[14.0044,68.3564000000009],[14.0368,68.3564000000009],[14.0368,68.3456000000009],[14.0692,68.3456000000009],[14.0692,68.3564000000009],[14.08,68.3564000000009],[14.08,68.3132000000009],[14.1016,68.3132000000009],[14.1016,68.3024000000009],[14.0044,68.3024000000009],[14.0044,68.32400000000091],[13.9828,68.32400000000091]]],[[[15.0088,68.3456000000009],[15.0196,68.3456000000009],[15.0196,68.32400000000091],[14.998,68.32400000000091],[14.998,68.3132000000009],[14.9656,68.3132000000009],[14.9656,68.32400000000091],[14.9872,68.32400000000091],[14.9872,68.33480000000091],[15.0088,68.33480000000091],[15.0088,68.3456000000009]]],[[[14.188,68.3564000000009],[14.188,68.3672000000009],[14.2096,68.3672000000009],[14.2096,68.37800000000091],[14.306799999999999,68.37800000000091],[14.306799999999999,68.3564000000009],[14.3284,68.3564000000009],[14.3284,68.3024000000009],[14.2528,68.3024000000009],[14.2528,68.33480000000091],[14.2312,68.33480000000091],[14.2312,68.3456000000009],[14.1664,68.3456000000009],[14.1664,68.3564000000009],[14.188,68.3564000000009]]],[[[15.127600000000001,68.4104000000009],[15.127600000000001,68.3888000000009],[15.106,68.3888000000009],[15.106,68.3672000000009],[15.0628,68.3564000000009],[15.0628,68.3456000000009],[15.0304,68.3456000000009],[15.0304,68.37800000000091],[15.052,68.37800000000091],[15.052,68.3996000000009],[15.073599999999999,68.3996000000009],[15.073599999999999,68.4104000000009],[15.0952,68.4104000000009],[15.0952,68.42120000000091],[15.1168,68.42120000000091],[15.1168,68.4320000000009],[15.1384,68.4320000000009],[15.1492,68.4536000000009],[15.1708,68.4536000000009],[15.1708,68.5076000000009],[15.2248,68.5076000000009],[15.2248,68.4968000000009],[15.268,68.4968000000009],[15.268,68.47520000000091],[15.2248,68.47520000000091],[15.2248,68.4536000000009],[15.2032,68.4536000000009],[15.2032,68.4320000000009],[15.16,68.4320000000009],[15.16,68.4104000000009],[15.127600000000001,68.4104000000009]]],[[[14.9008,68.5940000000009],[14.9008,68.5832000000009],[14.9332,68.5832000000009],[14.9332,68.5940000000009],[14.9548,68.5940000000009],[14.9548,68.5832000000009],[14.9764,68.5832000000009],[14.9764,68.5724000000009],[14.89,68.5724000000009],[14.89,68.5940000000009],[14.9008,68.5940000000009]]],[[[15.43,68.7236000000009],[15.43,68.7128000000009],[15.4516,68.7128000000009],[15.4516,68.6804000000009],[15.43,68.6804000000009],[15.43,68.6696000000009],[15.3976,68.6696000000009],[15.3976,68.6804000000009],[15.4192,68.6804000000009],[15.4192,68.7236000000009],[15.43,68.7236000000009]]],[[[16.3048,68.32400000000091],[16.2616,68.32400000000091],[16.2616,68.33480000000091],[16.240000000000002,68.33480000000091],[16.240000000000002,68.3456000000009],[16.2724,68.3456000000009],[16.2724,68.33480000000091],[16.3588,68.33480000000091],[16.3588,68.32400000000091],[16.3696,68.32400000000091],[16.3696,68.3132000000009],[16.4128,68.3132000000009],[16.4128,68.3024000000009],[16.3048,68.3132000000009],[16.3048,68.32400000000091]]],[[[16.5748,68.56160000000091],[16.5208,68.56160000000091],[16.5208,68.5400000000009],[16.402,68.5400000000009],[16.402,68.5508000000009],[16.3156,68.5508000000009],[16.3156,68.5400000000009],[16.2832,68.5400000000009],[16.2832,68.5508000000009],[16.2508,68.5508000000009],[16.2508,68.5400000000009],[16.2292,68.5400000000009],[16.2292,68.5292000000009],[16.186,68.51840000000091],[16.186,68.5076000000009],[16.1644,68.5076000000009],[16.1644,68.4968000000009],[16.132,68.4968000000009],[16.132,68.47520000000091],[16.1212,68.47520000000091],[16.1212,68.51840000000091],[16.1536,68.51840000000091],[16.1536,68.5292000000009],[16.1752,68.5292000000009],[16.1752,68.5508000000009],[16.2184,68.5508000000009],[16.2184,68.56160000000091],[16.240000000000002,68.56160000000091],[16.240000000000002,68.5724000000009],[16.5316,68.5724000000009],[16.5316,68.61560000000091],[16.5532,68.61560000000091],[16.5532,68.6264000000009],[16.564,68.6264000000009],[16.564,68.6480000000009],[16.5856,68.6480000000009],[16.5856,68.65880000000091],[16.6072,68.65880000000091],[16.6072,68.6696000000009],[16.6504,68.6696000000009],[16.6504,68.6804000000009],[16.6828,68.6804000000009],[16.6828,68.6696000000009],[16.6612,68.6696000000009],[16.6612,68.65880000000091],[16.6396,68.65880000000091],[16.6396,68.6480000000009],[16.618000000000002,68.6480000000009],[16.618000000000002,68.6372000000009],[16.5748,68.6264000000009],[16.5748,68.56160000000091]]],[[[16.0888,69.3284000000009],[16.0888,69.31760000000091],[16.0132,69.31760000000091],[16.0132,69.3500000000009],[16.0348,69.3500000000009],[16.0348,69.37160000000091],[16.1536,69.37160000000091],[16.1536,69.3284000000009],[16.0888,69.3284000000009]]],[[[18.9616,69.5012000000009],[18.9616,69.4904000000009],[18.9832,69.4904000000009],[18.9832,69.4796000000009],[18.9616,69.4796000000009],[18.9616,69.4472000000009],[18.9508,69.4472000000009],[18.9508,69.45800000000091],[18.9292,69.45800000000091],[18.9292,69.5012000000009],[18.9616,69.5012000000009]]],[[[17.86,69.5768000000009],[17.86,69.5876000000009],[17.9032,69.5876000000009],[17.9032,69.65240000000091],[17.9356,69.65240000000091],[17.9356,69.6308000000009],[17.914,69.6308000000009],[17.914,69.59840000000091],[17.9572,69.5876000000009],[17.9572,69.55520000000091],[17.9464,69.55520000000091],[17.9464,69.5660000000009],[17.9248,69.5660000000009],[17.9248,69.5768000000009],[17.86,69.5768000000009]]],[[[18.94,69.5444000000009],[18.9184,69.5444000000009],[18.9184,69.5336000000009],[18.907600000000002,69.5336000000009],[18.907600000000002,69.5444000000009],[18.886,69.5444000000009],[18.886,69.55520000000091],[18.788800000000002,69.55520000000091],[18.778,69.5336000000009],[18.7672,69.5336000000009],[18.7672,69.5444000000009],[18.7348,69.5444000000009],[18.7348,69.5336000000009],[18.5836,69.5336000000009],[18.5836,69.5228000000009],[18.5512,69.5228000000009],[18.5512,69.51200000000091],[18.540399999999998,69.51200000000091],[18.540399999999998,69.5228000000009],[18.4864,69.5228000000009],[18.4864,69.51200000000091],[18.3568,69.51200000000091],[18.3568,69.5228000000009],[18.389200000000002,69.5228000000009],[18.389200000000002,69.5336000000009],[18.4324,69.5336000000009],[18.4324,69.5444000000009],[18.4432,69.5444000000009],[18.4432,69.5336000000009],[18.4756,69.5336000000009],[18.4756,69.5444000000009],[18.5728,69.5444000000009],[18.5728,69.55520000000091],[18.5944,69.55520000000091],[18.5944,69.5660000000009],[18.7672,69.5660000000009],[18.778,69.5876000000009],[18.8212,69.59840000000091],[18.8212,69.6416000000009],[18.8428,69.6416000000009],[18.8428,69.6740000000009],[18.8644,69.6740000000009],[18.8644,69.69560000000091],[18.907600000000002,69.7064000000009],[18.907600000000002,69.7172000000009],[18.994,69.7172000000009],[18.994,69.69560000000091],[19.0372,69.69560000000091],[19.0372,69.6740000000009],[18.994,69.6632000000009],[18.994,69.6416000000009],[18.9832,69.6416000000009],[18.9832,69.6308000000009],[18.94,69.6200000000009],[18.94,69.5444000000009]],[[18.9832,69.6632000000009],[18.9832,69.69560000000091],[18.94,69.69560000000091],[18.94,69.6848000000009],[18.8968,69.6740000000009],[18.8968,69.6416000000009],[18.9292,69.6416000000009],[18.9292,69.65240000000091],[18.9724,69.65240000000091],[18.9724,69.6632000000009],[18.9832,69.6632000000009]]],[[[17.5468,69.6308000000009],[17.5468,69.6200000000009],[17.5036,69.60920000000091],[17.5036,69.59840000000091],[17.4604,69.59840000000091],[17.4604,69.5876000000009],[17.4496,69.5876000000009],[17.4496,69.59840000000091],[17.32,69.59840000000091],[17.32,69.5660000000009],[17.3416,69.5660000000009],[17.3416,69.55520000000091],[17.2984,69.55520000000091],[17.2984,69.5336000000009],[17.2444,69.5336000000009],[17.2444,69.5444000000009],[17.2228,69.5444000000009],[17.2228,69.5768000000009],[17.2012,69.5768000000009],[17.2012,69.5876000000009],[17.1796,69.5876000000009],[17.1796,69.59840000000091],[17.147199999999998,69.59840000000091],[17.147199999999998,69.60920000000091],[17.1256,69.60920000000091],[17.1256,69.6200000000009],[17.0824,69.6200000000009],[17.0824,69.6416000000009],[17.0176,69.6416000000009],[17.0176,69.65240000000091],[16.996,69.65240000000091],[16.996,69.6632000000009],[16.9744,69.6632000000009],[16.9744,69.6740000000009],[16.9636,69.6740000000009],[16.9744,69.7172000000009],[17.0716,69.7172000000009],[17.0716,69.7064000000009],[17.104,69.7064000000009],[17.104,69.7172000000009],[17.2228,69.7172000000009],[17.2228,69.7280000000009],[17.2336,69.7280000000009],[17.2336,69.7172000000009],[17.3632,69.7172000000009],[17.3632,69.69560000000091],[17.374000000000002,69.69560000000091],[17.374000000000002,69.65240000000091],[17.3956,69.65240000000091],[17.3956,69.6416000000009],[17.4172,69.6416000000009],[17.4172,69.6308000000009],[17.5468,69.6308000000009]]],[[[19.0156,69.8468000000009],[19.0156,69.8252000000009],[19.0372,69.8252000000009],[19.0372,69.8144000000009],[19.0804,69.8036000000009],[19.0804,69.7820000000009],[19.102,69.7820000000009],[19.102,69.7712000000009],[19.048000000000002,69.7712000000009],[19.048000000000002,69.7820000000009],[19.026400000000002,69.7820000000009],[19.026400000000002,69.79280000000091],[19.0048,69.79280000000091],[19.0048,69.8144000000009],[18.9832,69.8144000000009],[18.9832,69.8252000000009],[18.9292,69.8252000000009],[18.9292,69.83600000000091],[18.8428,69.83600000000091],[18.8428,69.8684000000009],[18.799599999999998,69.8684000000009],[18.799599999999998,69.8792000000009],[18.7672,69.8792000000009],[18.7672,69.89000000000091],[18.7456,69.89000000000091],[18.7456,69.9008000000009],[18.8104,69.9008000000009],[18.8104,69.89000000000091],[18.8536,69.89000000000091],[18.8536,69.8792000000009],[18.8752,69.8792000000009],[18.8752,69.8684000000009],[18.9184,69.8684000000009],[18.9184,69.8576000000009],[18.94,69.8576000000009],[18.94,69.8468000000009],[19.0156,69.8468000000009]]],[[[19.5016,69.93320000000091],[19.5556,69.93320000000091],[19.5556,69.9224000000009],[19.534,69.9224000000009],[19.534,69.9116000000009],[19.5016,69.9116000000009],[19.5016,69.93320000000091]]],[[[20.9164,69.9440000000009],[20.9164,69.9548000000009],[21.0028,69.9548000000009],[21.0028,69.9440000000009],[20.9704,69.9440000000009],[20.9704,69.93320000000091],[20.9056,69.93320000000091],[20.9056,69.9224000000009],[20.8516,69.9224000000009],[20.8516,69.93320000000091],[20.8948,69.93320000000091],[20.8948,69.9440000000009],[20.9164,69.9440000000009]]],[[[20.7112,70.0412000000009],[20.7544,70.0412000000009],[20.7544,70.0520000000009],[20.7868,70.0520000000009],[20.7868,70.0628000000009],[20.8624,70.0628000000009],[20.8624,70.0520000000009],[20.819200000000002,70.0520000000009],[20.819200000000002,70.0412000000009],[20.7976,70.0412000000009],[20.7976,70.03040000000091],[20.722,70.03040000000091],[20.722,70.0196000000009],[20.7112,70.0196000000009],[20.7112,70.0412000000009]]],[[[20.819200000000002,70.4300000000009],[20.7868,70.4300000000009],[20.7868,70.4192000000009],[20.722,70.4192000000009],[20.722,70.40840000000091],[20.700400000000002,70.40840000000091],[20.700400000000002,70.3868000000009],[20.678800000000003,70.3868000000009],[20.678800000000003,70.3760000000009],[20.5924,70.3652000000009],[20.5924,70.35440000000091],[20.560000000000002,70.35440000000091],[20.560000000000002,70.3436000000009],[20.5384,70.3436000000009],[20.5384,70.3328000000009],[20.5276,70.3328000000009],[20.5276,70.3436000000009],[20.4952,70.3436000000009],[20.4952,70.3328000000009],[20.4304,70.3328000000009],[20.4304,70.3220000000009],[20.398,70.3220000000009],[20.398,70.31120000000091],[20.3116,70.3004000000009],[20.3116,70.2896000000009],[20.300800000000002,70.2896000000009],[20.300800000000002,70.3004000000009],[20.2684,70.3004000000009],[20.2684,70.2896000000009],[20.2144,70.2896000000009],[20.2144,70.3004000000009],[20.1928,70.3004000000009],[20.1928,70.31120000000091],[20.1172,70.31120000000091],[20.1172,70.3220000000009],[20.02,70.3220000000009],[20.02,70.31120000000091],[19.9876,70.31120000000091],[19.9876,70.3004000000009],[19.966,70.3004000000009],[19.966,70.2788000000009],[19.922800000000002,70.26800000000091],[19.922800000000002,70.2464000000009],[19.9012,70.2464000000009],[19.9012,70.2356000000009],[19.8472,70.2356000000009],[19.8472,70.2464000000009],[19.814799999999998,70.2464000000009],[19.814799999999998,70.2356000000009],[19.804000000000002,70.2356000000009],[19.804000000000002,70.2464000000009],[19.7824,70.2464000000009],[19.7716,70.26800000000091],[19.7068,70.2572000000009],[19.7068,70.26800000000091],[19.642,70.26800000000091],[19.642,70.2788000000009],[19.6204,70.2788000000009],[19.6204,70.2896000000009],[19.588,70.2896000000009],[19.5772,70.26800000000091],[19.544800000000002,70.26800000000091],[19.544800000000002,70.2788000000009],[19.5232,70.2788000000009],[19.5232,70.2896000000009],[19.4908,70.2896000000009],[19.4908,70.2788000000009],[19.4692,70.2788000000009],[19.4692,70.2356000000009],[19.5124,70.2248000000009],[19.5124,70.2032000000009],[19.4908,70.2032000000009],[19.4908,70.17080000000091],[19.534,70.1600000000009],[19.534,70.1492000000009],[19.5124,70.1492000000009],[19.5124,70.1384000000009],[19.5016,70.1384000000009],[19.5016,70.1600000000009],[19.4584,70.1600000000009],[19.4584,70.17080000000091],[19.3828,70.17080000000091],[19.3828,70.1600000000009],[19.372,70.1600000000009],[19.372,70.1816000000009],[19.4152,70.1816000000009],[19.4152,70.2248000000009],[19.2316,70.2248000000009],[19.2316,70.2464000000009],[19.0804,70.2464000000009],[19.0804,70.2356000000009],[19.0588,70.2356000000009],[19.0588,70.2248000000009],[19.0156,70.2248000000009],[19.0156,70.21400000000091],[18.994,70.21400000000091],[18.994,70.2032000000009],[18.9832,70.2032000000009],[18.9832,70.1492000000009],[19.0372,70.1492000000009],[19.0372,70.1384000000009],[19.0588,70.1384000000009],[19.0588,70.12760000000091],[19.102,70.12760000000091],[19.102,70.11680000000091],[19.1884,70.11680000000091],[19.1884,70.12760000000091],[19.21,70.12760000000091],[19.21,70.1384000000009],[19.2208,70.1384000000009],[19.2208,70.12760000000091],[19.285600000000002,70.12760000000091],[19.285600000000002,70.11680000000091],[19.3396,70.11680000000091],[19.3396,70.12760000000091],[19.3504,70.12760000000091],[19.3504,70.11680000000091],[19.3828,70.11680000000091],[19.3828,70.1060000000009],[19.4692,70.1060000000009],[19.4692,70.0952000000009],[19.5124,70.0952000000009],[19.5124,70.0844000000009],[19.534,70.0844000000009],[19.534,70.07360000000091],[19.5988,70.07360000000091],[19.5988,70.1060000000009],[19.5772,70.1060000000009],[19.5772,70.11680000000091],[19.5664,70.11680000000091],[19.5664,70.1384000000009],[19.5988,70.1384000000009],[19.5988,70.1492000000009],[19.6528,70.1492000000009],[19.6528,70.1384000000009],[19.6312,70.1384000000009],[19.6312,70.1060000000009],[19.6744,70.1060000000009],[19.6744,70.07360000000091],[19.696,70.07360000000091],[19.696,70.0628000000009],[19.7392,70.0628000000009],[19.7392,70.0520000000009],[19.7716,70.0520000000009],[19.7716,70.0628000000009],[19.7824,70.0628000000009],[19.7824,70.0520000000009],[19.8472,70.0520000000009],[19.8472,70.0628000000009],[19.858,70.0628000000009],[19.858,70.0520000000009],[19.8796,70.0520000000009],[19.8796,70.0412000000009],[19.9552,70.0412000000009],[19.9552,70.0520000000009],[19.966,70.0520000000009],[19.966,70.03040000000091],[19.9876,70.03040000000091],[19.9876,70.0196000000009],[19.966,70.0196000000009],[19.966,69.97640000000091],[19.9444,69.97640000000091],[19.9444,69.9656000000009],[19.9336,69.9656000000009],[19.9336,69.97640000000091],[19.912,69.97640000000091],[19.912,69.98720000000091],[19.8472,69.98720000000091],[19.8472,69.9980000000009],[19.8256,69.9980000000009],[19.8256,70.0088000000009],[19.642,70.0088000000009],[19.642,70.0196000000009],[19.6204,70.0196000000009],[19.6204,70.03040000000091],[19.5664,70.03040000000091],[19.5664,70.0412000000009],[19.544800000000002,70.0412000000009],[19.544800000000002,70.0520000000009],[19.4476,70.0520000000009],[19.4476,70.0412000000009],[19.4368,70.0412000000009],[19.4368,70.07360000000091],[19.3504,70.07360000000091],[19.3504,70.0520000000009],[19.318,70.0520000000009],[19.318,70.07360000000091],[19.2748,70.07360000000091],[19.2748,70.0844000000009],[19.2532,70.0844000000009],[19.2532,70.0952000000009],[19.2208,70.0952000000009],[19.2208,70.0844000000009],[19.1236,70.0844000000009],[19.1236,70.07360000000091],[19.0156,70.07360000000091],[19.0156,70.0520000000009],[18.994,70.0520000000009],[18.994,70.03040000000091],[18.8536,70.03040000000091],[18.8536,70.0196000000009],[18.832,70.0196000000009],[18.832,70.0088000000009],[18.788800000000002,70.0088000000009],[18.788800000000002,69.97640000000091],[18.778,69.97640000000091],[18.778,69.9656000000009],[18.6808,69.9656000000009],[18.6808,69.97640000000091],[18.7024,69.97640000000091],[18.7024,69.9980000000009],[18.7456,69.9980000000009],[18.7456,70.0088000000009],[18.7672,70.0088000000009],[18.7672,70.0196000000009],[18.799599999999998,70.0196000000009],[18.799599999999998,70.0412000000009],[18.8428,70.0412000000009],[18.8428,70.0520000000009],[18.9508,70.0520000000009],[18.9508,70.07360000000091],[18.9724,70.07360000000091],[18.9724,70.0844000000009],[19.0048,70.0844000000009],[19.0048,70.11680000000091],[18.8644,70.11680000000091],[18.8644,70.12760000000091],[18.6916,70.11680000000091],[18.6916,70.1060000000009],[18.67,70.1060000000009],[18.67,70.0952000000009],[18.5836,70.0844000000009],[18.5836,70.07360000000091],[18.5512,70.07360000000091],[18.5512,70.0520000000009],[18.5188,70.0520000000009],[18.5188,70.0844000000009],[18.4972,70.0844000000009],[18.4972,70.0952000000009],[18.4756,70.0952000000009],[18.4756,70.1060000000009],[18.4324,70.1060000000009],[18.4324,70.11680000000091],[18.410800000000002,70.11680000000091],[18.410800000000002,70.12760000000091],[18.389200000000002,70.12760000000091],[18.389200000000002,70.1384000000009],[18.270400000000002,70.1384000000009],[18.270400000000002,70.1492000000009],[18.2056,70.1384000000009],[18.2056,70.1492000000009],[18.1732,70.1492000000009],[18.1732,70.1600000000009],[18.1408,70.1600000000009],[18.1408,70.1492000000009],[18.0976,70.1492000000009],[18.0976,70.0628000000009],[18.1192,70.0628000000009],[18.1192,70.03040000000091],[18.162399999999998,70.03040000000091],[18.162399999999998,69.9980000000009],[18.184,69.9980000000009],[18.184,69.97640000000091],[18.1948,69.97640000000091],[18.1948,69.93320000000091],[18.2164,69.93320000000091],[18.2164,69.9224000000009],[18.1948,69.9224000000009],[18.1948,69.8792000000009],[18.238,69.8684000000009],[18.238,69.8576000000009],[18.1948,69.8468000000009],[18.184,69.8252000000009],[18.162399999999998,69.8252000000009],[18.162399999999998,69.7604000000009],[18.184,69.7604000000009],[18.184,69.74960000000091],[18.151600000000002,69.74960000000091],[18.151600000000002,69.7712000000009],[18.0868,69.7712000000009],[18.0868,69.79280000000091],[18.0436,69.8036000000009],[18.0436,69.8144000000009],[18.022,69.8144000000009],[18.022,69.8252000000009],[18.0004,69.8252000000009],[18.0004,69.83600000000091],[17.9464,69.83600000000091],[17.9464,69.8468000000009],[17.9248,69.8468000000009],[17.9248,69.8576000000009],[17.8384,69.8576000000009],[17.8384,69.8684000000009],[17.7952,69.8684000000009],[17.7952,69.8792000000009],[17.7196,69.8792000000009],[17.7196,69.89000000000091],[17.698,69.89000000000091],[17.698,69.9008000000009],[17.59,69.9008000000009],[17.59,69.9116000000009],[17.5684,69.9116000000009],[17.5684,69.9224000000009],[17.5576,69.9224000000009],[17.5576,69.9440000000009],[17.514400000000002,69.9440000000009],[17.514400000000002,69.9548000000009],[17.4928,69.9548000000009],[17.4928,69.9656000000009],[17.4712,69.9656000000009],[17.4712,69.97640000000091],[17.428,69.97640000000091],[17.428,69.98720000000091],[17.3848,69.9980000000009],[17.3848,70.0088000000009],[17.3632,70.0088000000009],[17.3632,70.0844000000009],[17.3524,70.0844000000009],[17.3524,70.0952000000009],[17.3308,70.0952000000009],[17.3308,70.1060000000009],[17.3092,70.1060000000009],[17.3092,70.11680000000091],[17.2444,70.11680000000091],[17.2444,70.1384000000009],[17.2228,70.1384000000009],[17.2228,70.1924000000009],[17.3092,70.1924000000009],[17.3092,70.2032000000009],[17.32,70.2032000000009],[17.32,70.1924000000009],[17.3632,70.1924000000009],[17.3632,70.2032000000009],[17.4172,70.2032000000009],[17.4172,70.1924000000009],[17.525199999999998,70.1924000000009],[17.525199999999998,70.1816000000009],[17.5576,70.1816000000009],[17.5576,70.1924000000009],[17.5792,70.1924000000009],[17.5792,70.1816000000009],[17.6116,70.1816000000009],[17.6116,70.1924000000009],[17.6224,70.1924000000009],[17.6224,70.1816000000009],[17.644,70.1816000000009],[17.644,70.17080000000091],[17.7628,70.17080000000091],[17.7628,70.2032000000009],[17.7412,70.2032000000009],[17.7412,70.21400000000091],[17.7196,70.21400000000091],[17.7196,70.2248000000009],[17.6548,70.2248000000009],[17.6548,70.2356000000009],[17.633200000000002,70.2356000000009],[17.633200000000002,70.2464000000009],[17.4172,70.2464000000009],[17.4172,70.2356000000009],[17.4064,70.2356000000009],[17.4064,70.2464000000009],[17.3524,70.2464000000009],[17.3524,70.26800000000091],[17.3308,70.26800000000091],[17.3308,70.2896000000009],[17.266,70.2896000000009],[17.266,70.3004000000009],[17.1796,70.31120000000091],[17.1796,70.3328000000009],[17.104,70.3328000000009],[17.104,70.3436000000009],[17.0608,70.3436000000009],[17.0608,70.35440000000091],[16.996,70.35440000000091],[16.996,70.3652000000009],[16.9744,70.3652000000009],[16.9636,70.3868000000009],[16.942,70.3868000000009],[16.942,70.3976000000009],[16.877200000000002,70.3976000000009],[16.877200000000002,70.40840000000091],[16.834,70.4192000000009],[16.834,70.4408000000009],[16.7692,70.4408000000009],[16.7584,70.4624000000009],[16.6936,70.4624000000009],[16.6936,70.4840000000009],[16.672,70.4840000000009],[16.672,70.49480000000091],[16.6504,70.49480000000091],[16.6504,70.50560000000091],[20.9936,70.50560000000091],[20.9936,70.6372000000006],[21.0476,70.6372000000006],[21.0476,70.6264000000006],[21.0692,70.6264000000006],[21.0692,70.61560000000061],[21.1124,70.60480000000061],[21.1124,70.5724000000006],[21.1556,70.56160000000061],[21.1556,70.51840000000061],[21.134,70.51840000000061],[21.134,70.50760000000061],[21.1124,70.50760000000061],[21.1124,70.4968000000006],[21.0476,70.4968000000006],[21.0476,70.4860000000006],[21.026,70.4860000000006],[21.026,70.4752000000006],[21.0028,70.4752000000006],[21.0028,70.4732000000009],[20.9488,70.4732000000009],[20.9488,70.4624000000009],[20.884,70.4624000000009],[20.884,70.45160000000091],[20.8624,70.45160000000091],[20.8624,70.4408000000009],[20.819200000000002,70.4408000000009],[20.819200000000002,70.4300000000009]],[[18.8428,70.1816000000009],[18.8428,70.1924000000009],[18.8104,70.1924000000009],[18.8104,70.1492000000009],[18.886,70.1492000000009],[18.886,70.1816000000009],[18.8428,70.1816000000009]]],[[[24.968,70.1512000000006],[24.968,70.12960000000061],[24.9572,70.12960000000061],[24.9572,70.18360000000061],[25.011200000000002,70.18360000000061],[25.011200000000002,70.1512000000006],[24.968,70.1512000000006]]],[[[20.1928,70.21400000000091],[20.2252,70.21400000000091],[20.2252,70.2032000000009],[20.2036,70.2032000000009],[20.1928,70.1816000000009],[20.1604,70.1816000000009],[20.1604,70.21400000000091],[20.182000000000002,70.21400000000091],[20.182000000000002,70.2248000000009],[20.1928,70.2248000000009],[20.1928,70.21400000000091]]],[[[20.7652,70.2572000000009],[20.7868,70.2572000000009],[20.7976,70.2356000000009],[20.7652,70.2356000000009],[20.7652,70.2248000000009],[20.7544,70.2248000000009],[20.7544,70.2356000000009],[20.7328,70.2356000000009],[20.7328,70.2464000000009],[20.6572,70.2464000000009],[20.6572,70.2356000000009],[20.6248,70.2356000000009],[20.6248,70.2464000000009],[20.5816,70.2464000000009],[20.5816,70.2356000000009],[20.5492,70.2356000000009],[20.5492,70.2464000000009],[20.5708,70.2464000000009],[20.5708,70.2572000000009],[20.6032,70.2572000000009],[20.6032,70.26800000000091],[20.6464,70.26800000000091],[20.6464,70.2788000000009],[20.6572,70.2788000000009],[20.6572,70.26800000000091],[20.6896,70.26800000000091],[20.6896,70.2788000000009],[20.700400000000002,70.2788000000009],[20.700400000000002,70.26800000000091],[20.722,70.26800000000091],[20.722,70.2572000000009],[20.7544,70.2572000000009],[20.7544,70.26800000000091],[20.7652,70.26800000000091],[20.7652,70.2572000000009]]],[[[21.5984,70.3996000000006],[21.5984,70.3888000000006],[21.5336,70.3888000000006],[21.5336,70.3564000000006],[21.6416,70.3564000000006],[21.6416,70.3456000000006],[21.62,70.3456000000006],[21.62,70.3348000000006],[21.5768,70.3348000000006],[21.5768,70.32400000000061],[21.512,70.32400000000061],[21.512,70.3132000000006],[21.4904,70.3132000000006],[21.4904,70.3024000000006],[21.4364,70.3024000000006],[21.4364,70.3132000000006],[21.4148,70.3132000000006],[21.4148,70.32400000000061],[21.458,70.32400000000061],[21.458,70.3348000000006],[21.4796,70.3348000000006],[21.4796,70.3456000000006],[21.5012,70.3456000000006],[21.5012,70.3564000000006],[21.5228,70.3564000000006],[21.5228,70.3888000000006],[21.4256,70.3888000000006],[21.4256,70.37800000000061],[21.404,70.37800000000061],[21.404,70.36720000000061],[21.3932,70.36720000000061],[21.3932,70.37800000000061],[21.3716,70.37800000000061],[21.3716,70.3888000000006],[21.35,70.3888000000006],[21.35,70.42120000000061],[21.3932,70.42120000000061],[21.3932,70.4320000000006],[21.4688,70.4320000000006],[21.4688,70.42120000000061],[21.5012,70.42120000000061],[21.5012,70.4320000000006],[21.512,70.4320000000006],[21.512,70.42120000000061],[21.5768,70.42120000000061],[21.5768,70.3996000000006],[21.5984,70.3996000000006]]],[[[23.6612,70.4104000000006],[23.5964,70.4104000000006],[23.5964,70.3888000000006],[23.5748,70.3888000000006],[23.5748,70.36720000000061],[23.51,70.36720000000061],[23.51,70.3456000000006],[23.4668,70.3456000000006],[23.4668,70.3348000000006],[23.4452,70.3348000000006],[23.4452,70.32400000000061],[23.4128,70.32400000000061],[23.4128,70.3564000000006],[23.4344,70.3564000000006],[23.4344,70.36720000000061],[23.456,70.36720000000061],[23.456,70.37800000000061],[23.499200000000002,70.37800000000061],[23.499200000000002,70.3996000000006],[23.5424,70.3996000000006],[23.5424,70.4104000000006],[23.564,70.4104000000006],[23.564,70.42120000000061],[23.6072,70.42120000000061],[23.6072,70.4320000000006],[23.6288,70.4320000000006],[23.6288,70.4428000000006],[23.6504,70.4428000000006],[23.6504,70.46440000000061],[23.7584,70.46440000000061],[23.7584,70.4536000000006],[23.7368,70.4536000000006],[23.7368,70.4428000000006],[23.7152,70.4428000000006],[23.7152,70.4320000000006],[23.6936,70.4320000000006],[23.6936,70.42120000000061],[23.6612,70.42120000000061],[23.6612,70.4104000000006]]],[[[21.7064,70.3888000000006],[21.674,70.3888000000006],[21.674,70.4104000000006],[21.728,70.4104000000006],[21.728,70.3996000000006],[21.7064,70.3996000000006],[21.7064,70.3888000000006]]],[[[22.0736,70.46440000000061],[22.0952,70.46440000000061],[22.0952,70.4752000000006],[22.106,70.4752000000006],[22.106,70.46440000000061],[22.1384,70.46440000000061],[22.1384,70.4752000000006],[22.1492,70.4752000000006],[22.1492,70.46440000000061],[22.1708,70.46440000000061],[22.1708,70.4536000000006],[22.0736,70.4536000000006],[22.0736,70.46440000000061]]],[[[23.8556,70.4968000000006],[23.8556,70.50760000000061],[23.8988,70.50760000000061],[23.8988,70.51840000000061],[23.9636,70.51840000000061],[23.9636,70.5292000000006],[24.0068,70.5292000000006],[24.0068,70.5400000000006],[24.0392,70.5400000000006],[24.0392,70.51840000000061],[24.0176,70.51840000000061],[24.0176,70.50760000000061],[23.9744,70.50760000000061],[23.9744,70.4968000000006],[23.8664,70.4968000000006],[23.8664,70.4860000000006],[23.8124,70.4860000000006],[23.8124,70.4968000000006],[23.8556,70.4968000000006]]],[[[23.5856,70.5724000000006],[23.5856,70.5832000000006],[23.564,70.5832000000006],[23.564,70.6372000000006],[23.5856,70.6372000000006],[23.5856,70.64800000000061],[23.6072,70.64800000000061],[23.6072,70.65880000000061],[23.618000000000002,70.65880000000061],[23.618000000000002,70.5940000000006],[23.6612,70.5940000000006],[23.6612,70.5832000000006],[23.6396,70.5832000000006],[23.6396,70.5724000000006],[23.6288,70.5724000000006],[23.6288,70.5832000000006],[23.5964,70.5832000000006],[23.5964,70.5724000000006],[23.5856,70.5724000000006]]],[[[23.7152,70.7668000000006],[23.7152,70.74520000000061],[23.7044,70.74520000000061],[23.7044,70.75600000000061],[23.6612,70.75600000000061],[23.6612,70.74520000000061],[23.6396,70.74520000000061],[23.6396,70.7128000000006],[23.618000000000002,70.7128000000006],[23.618000000000002,70.6912000000006],[23.5748,70.6912000000006],[23.5748,70.6696000000006],[23.5316,70.6696000000006],[23.5316,70.64800000000061],[23.4884,70.6372000000006],[23.4884,70.6264000000006],[23.4236,70.6372000000006],[23.4236,70.6264000000006],[23.3804,70.6264000000006],[23.3804,70.60480000000061],[23.3588,70.60480000000061],[23.3588,70.5940000000006],[23.3156,70.5940000000006],[23.3156,70.5832000000006],[23.2292,70.5832000000006],[23.2292,70.56160000000061],[23.2076,70.56160000000061],[23.2076,70.5508000000006],[23.1212,70.5508000000006],[23.1212,70.5292000000006],[23.0996,70.5292000000006],[23.0996,70.51840000000061],[23.0672,70.51840000000061],[23.0672,70.50760000000061],[23.0456,70.50760000000061],[23.0456,70.4968000000006],[23.0024,70.4968000000006],[23.0024,70.4860000000006],[22.980800000000002,70.4860000000006],[22.980800000000002,70.4752000000006],[22.9376,70.4752000000006],[22.9376,70.46440000000061],[22.916,70.46440000000061],[22.916,70.4536000000006],[22.8836,70.4536000000006],[22.8836,70.46440000000061],[22.862000000000002,70.46440000000061],[22.862000000000002,70.4752000000006],[22.8188,70.4752000000006],[22.8188,70.4860000000006],[22.754,70.4860000000006],[22.754,70.51840000000061],[22.862000000000002,70.51840000000061],[22.862000000000002,70.5292000000006],[22.9268,70.5292000000006],[22.9268,70.5400000000006],[22.9484,70.5400000000006],[22.9484,70.5508000000006],[22.9916,70.5508000000006],[22.9916,70.56160000000061],[23.0132,70.56160000000061],[23.0132,70.5724000000006],[23.0888,70.5724000000006],[23.0888,70.5832000000006],[23.1104,70.5832000000006],[23.1104,70.61560000000061],[23.1536,70.61560000000061],[23.1536,70.6372000000006],[23.1752,70.6372000000006],[23.1752,70.65880000000061],[23.2184,70.65880000000061],[23.2184,70.6696000000006],[23.240000000000002,70.6696000000006],[23.240000000000002,70.6804000000006],[23.2616,70.6804000000006],[23.2616,70.6912000000006],[23.3048,70.6912000000006],[23.3048,70.70200000000061],[23.348,70.7128000000006],[23.348,70.7236000000006],[23.3696,70.7236000000006],[23.3696,70.74520000000061],[23.4344,70.74520000000061],[23.4344,70.75600000000061],[23.456,70.75600000000061],[23.456,70.7668000000006],[23.499200000000002,70.7668000000006],[23.499200000000002,70.8100000000006],[23.5964,70.8100000000006],[23.5964,70.79920000000061],[23.618000000000002,70.79920000000061],[23.618000000000002,70.7884000000006],[23.6504,70.7884000000006],[23.6504,70.79920000000061],[23.6936,70.79920000000061],[23.6936,70.7884000000006],[23.7368,70.7884000000006],[23.7368,70.7668000000006],[23.7152,70.7668000000006]]],[[[21.6848,71.26360000000061],[21.6848,71.2528000000006],[21.7064,71.2528000000006],[21.7064,71.22040000000061],[21.6848,71.22040000000061],[21.6848,71.12320000000061],[21.7064,71.12320000000061],[21.7064,71.1124000000006],[21.7496,71.1124000000006],[21.7496,71.1016000000006],[21.782,71.1016000000006],[21.782,71.1124000000006],[21.9008,71.1124000000006],[21.9008,71.13400000000061],[21.944,71.13400000000061],[21.944,71.1448000000006],[21.9656,71.1448000000006],[21.9656,71.1556000000006],[22.0952,71.1556000000006],[22.0952,71.1664000000006],[22.106,71.1664000000006],[22.106,71.1556000000006],[22.1384,71.1556000000006],[22.1384,71.17720000000061],[22.1816,71.17720000000061],[22.1816,71.1880000000006],[22.2032,71.1880000000006],[22.2032,71.1988000000006],[22.3328,71.1988000000006],[22.3328,71.2096000000006],[22.3544,71.2096000000006],[22.3544,71.22040000000061],[22.5596,71.22040000000061],[22.5596,71.2312000000006],[22.5704,71.2312000000006],[22.5704,71.22040000000061],[22.602800000000002,71.22040000000061],[22.602800000000002,71.2312000000006],[22.6244,71.2312000000006],[22.6244,71.2420000000006],[22.6892,71.2420000000006],[22.6892,71.2528000000006],[22.7108,71.2528000000006],[22.7108,71.26360000000061],[22.7756,71.26360000000061],[22.7756,71.27440000000061],[22.7972,71.27440000000061],[22.7972,71.2852000000006],[22.8836,71.2852000000006],[22.8836,71.2960000000006],[22.9268,71.2960000000006],[22.9268,71.3068000000006],[31.005200000000002,71.3068000000006],[31.005200000000002,70.42120000000061],[30.962,70.4320000000006],[30.962,70.4428000000006],[30.854,70.4428000000006],[30.854,70.4536000000006],[30.7568,70.4536000000006],[30.7568,70.46440000000061],[30.7136,70.46440000000061],[30.7136,70.4752000000006],[30.692,70.4752000000006],[30.692,70.4968000000006],[30.627200000000002,70.4968000000006],[30.627200000000002,70.5400000000006],[30.5192,70.5400000000006],[30.5192,70.5508000000006],[30.476,70.56160000000061],[30.476,70.5832000000006],[30.346400000000003,70.5832000000006],[30.346400000000003,70.60480000000061],[30.3248,70.60480000000061],[30.3248,70.61560000000061],[30.3032,70.61560000000061],[30.3032,70.6264000000006],[30.259999999999998,70.6264000000006],[30.259999999999998,70.64800000000061],[30.2168,70.64800000000061],[30.2168,70.65880000000061],[30.1844,70.65880000000061],[30.1844,70.6912000000006],[30.098,70.6912000000006],[30.098,70.70200000000061],[30.0764,70.70200000000061],[30.0764,70.7128000000006],[29.9468,70.7128000000006],[29.9468,70.75600000000061],[29.881999999999998,70.75600000000061],[29.881999999999998,70.7668000000006],[29.849600000000002,70.7668000000006],[29.849600000000002,70.7236000000006],[29.8388,70.7236000000006],[29.8388,70.7344000000006],[29.8064,70.7344000000006],[29.8064,70.7236000000006],[29.7956,70.7236000000006],[29.7956,70.7344000000006],[29.709200000000003,70.7344000000006],[29.709200000000003,70.74520000000061],[29.6876,70.74520000000061],[29.6876,70.7776000000006],[29.590400000000002,70.7776000000006],[29.590400000000002,70.7884000000006],[29.558,70.7884000000006],[29.558,70.7776000000006],[29.5472,70.7776000000006],[29.5472,70.7884000000006],[29.5148,70.7884000000006],[29.5148,70.7776000000006],[29.471600000000002,70.7776000000006],[29.471600000000002,70.7668000000006],[29.4392,70.7668000000006],[29.4392,70.7776000000006],[29.352800000000002,70.7884000000006],[29.352800000000002,70.79920000000061],[29.3096,70.8100000000006],[29.3096,70.8208000000006],[29.2664,70.8208000000006],[29.2664,70.84240000000061],[29.1368,70.8532000000006],[29.1368,70.8640000000006],[29.0288,70.8640000000006],[29.0288,70.88560000000061],[28.985599999999998,70.88560000000061],[28.985599999999998,70.8748000000006],[28.974800000000002,70.8748000000006],[28.974800000000002,70.88560000000061],[28.91,70.88560000000061],[28.91,70.89640000000061],[28.931600000000003,70.89640000000061],[28.931600000000003,70.9288000000006],[28.91,70.9288000000006],[28.91,70.9504000000006],[28.8668,70.9504000000006],[28.8668,70.9612000000006],[28.8452,70.9612000000006],[28.8452,70.9720000000006],[28.726399999999998,70.9720000000006],[28.726399999999998,70.9612000000006],[28.6832,70.9612000000006],[28.6832,70.9504000000006],[28.5644,70.9504000000006],[28.5644,70.98280000000061],[28.5428,70.98280000000061],[28.5428,70.99360000000061],[28.456400000000002,70.99360000000061],[28.456400000000002,71.0044000000006],[28.3808,71.0044000000006],[28.3808,71.0152000000006],[28.3592,71.0152000000006],[28.3592,71.03680000000061],[28.2944,71.03680000000061],[28.2944,71.0476000000006],[28.2512,71.0476000000006],[28.2512,71.08000000000061],[28.229599999999998,71.08000000000061],[28.229599999999998,71.0908000000006],[28.154,71.0908000000006],[28.154,71.08000000000061],[27.9272,71.08000000000061],[27.9272,71.0908000000006],[27.9056,71.0908000000006],[27.9056,71.1016000000006],[27.819200000000002,71.1016000000006],[27.819200000000002,71.0908000000006],[27.7868,71.0908000000006],[27.7868,71.1016000000006],[27.722,71.1016000000006],[27.722,71.12320000000061],[27.6896,71.12320000000061],[27.6896,71.1124000000006],[27.678800000000003,71.1124000000006],[27.678800000000003,71.12320000000061],[27.6248,71.12320000000061],[27.6248,71.1124000000006],[27.5816,71.1124000000006],[27.5816,71.1016000000006],[27.5384,71.1016000000006],[27.5384,71.0908000000006],[27.4952,71.08000000000061],[27.4952,71.0692000000006],[27.4736,71.0692000000006],[27.4736,71.0584000000006],[27.4628,71.0584000000006],[27.4628,71.0692000000006],[27.4304,71.0692000000006],[27.4304,71.0584000000006],[27.4196,71.0584000000006],[27.4196,71.0692000000006],[27.3656,71.0692000000006],[27.3656,71.0584000000006],[27.322400000000002,71.0584000000006],[27.322400000000002,71.0476000000006],[27.2576,71.0476000000006],[27.2576,71.03680000000061],[27.1928,71.03680000000061],[27.1928,71.08000000000061],[27.1712,71.08000000000061],[27.1712,71.0908000000006],[27.128,71.0908000000006],[27.128,71.1016000000006],[27.02,71.1016000000006],[27.02,71.1124000000006],[26.9984,71.1124000000006],[26.9984,71.12320000000061],[26.9552,71.12320000000061],[26.9552,71.13400000000061],[26.922800000000002,71.13400000000061],[26.922800000000002,71.12320000000061],[26.7932,71.12320000000061],[26.7932,71.1124000000006],[26.7824,71.1124000000006],[26.7824,71.12320000000061],[26.7284,71.12320000000061],[26.7284,71.1124000000006],[26.5232,71.1124000000006],[26.5232,71.1016000000006],[26.4368,71.1016000000006],[26.4368,71.0908000000006],[26.4152,71.0908000000006],[26.4152,71.08000000000061],[26.3288,71.08000000000061],[26.3288,71.0692000000006],[26.285600000000002,71.0584000000006],[26.285600000000002,71.03680000000061],[26.2532,71.03680000000061],[26.2532,71.0476000000006],[26.2316,71.0476000000006],[26.2316,71.0584000000006],[26.1452,71.0584000000006],[26.1452,71.08000000000061],[26.0588,71.0908000000006],[26.0588,71.1124000000006],[26.026400000000002,71.1124000000006],[26.026400000000002,71.12320000000061],[25.8752,71.12320000000061],[25.8752,71.13400000000061],[25.832,71.1448000000006],[25.832,71.1556000000006],[25.8104,71.1556000000006],[25.8104,71.1664000000006],[25.7024,71.1664000000006],[25.7024,71.17720000000061],[25.6268,71.17720000000061],[25.6268,71.1664000000006],[25.562,71.1664000000006],[25.562,71.1556000000006],[25.5188,71.1448000000006],[25.5188,71.12320000000061],[25.4432,71.12320000000061],[25.4432,71.1124000000006],[25.4216,71.1124000000006],[25.4216,71.1016000000006],[25.1948,71.1016000000006],[25.1948,71.1124000000006],[25.1732,71.1124000000006],[25.1732,71.12320000000061],[25.0328,71.12320000000061],[25.0328,71.0584000000006],[25.011200000000002,71.0584000000006],[25.011200000000002,71.0476000000006],[24.9896,71.0476000000006],[24.9896,71.03680000000061],[24.9248,71.03680000000061],[24.9248,71.0044000000006],[24.968,71.0044000000006],[24.968,70.98280000000061],[25.0004,70.98280000000061],[25.0004,71.0044000000006],[25.011200000000002,71.0044000000006],[25.011200000000002,70.99360000000061],[25.0328,70.99360000000061],[25.0328,70.9720000000006],[24.968,70.9720000000006],[24.968,70.9612000000006],[24.9356,70.9612000000006],[24.9356,70.9720000000006],[24.892400000000002,70.9720000000006],[24.892400000000002,70.98280000000061],[24.8492,70.98280000000061],[24.8492,70.9720000000006],[24.8168,70.9720000000006],[24.8168,70.98280000000061],[24.773600000000002,70.98280000000061],[24.773600000000002,70.99360000000061],[24.6872,70.99360000000061],[24.6872,71.0044000000006],[24.6224,71.0044000000006],[24.6224,71.0152000000006],[24.5468,71.0152000000006],[24.5468,70.99360000000061],[24.5036,70.99360000000061],[24.5036,70.98280000000061],[24.4388,70.98280000000061],[24.4388,70.89640000000061],[24.4172,70.89640000000061],[24.4172,70.88560000000061],[24.374000000000002,70.88560000000061],[24.374000000000002,70.8748000000006],[24.3524,70.8748000000006],[24.3524,70.8640000000006],[24.3092,70.8640000000006],[24.3092,70.8532000000006],[24.2876,70.8532000000006],[24.2876,70.84240000000061],[24.255200000000002,70.84240000000061],[24.255200000000002,70.8208000000006],[24.2336,70.8208000000006],[24.2336,70.8100000000006],[24.2228,70.8100000000006],[24.2228,70.8208000000006],[24.1796,70.8208000000006],[24.1796,70.8532000000006],[24.147199999999998,70.8532000000006],[24.147199999999998,70.84240000000061],[24.0824,70.8532000000006],[24.0824,70.84240000000061],[24.0716,70.84240000000061],[24.0716,70.8532000000006],[24.05,70.8532000000006],[24.05,70.8640000000006],[24.0284,70.8640000000006],[24.0284,70.88560000000061],[23.9636,70.88560000000061],[23.9636,70.89640000000061],[24.0068,70.9072000000006],[24.0068,70.9180000000006],[24.0716,70.9180000000006],[24.0716,70.9288000000006],[24.136400000000002,70.9288000000006],[24.136400000000002,70.93960000000061],[24.2012,70.93960000000061],[24.2012,70.9504000000006],[24.2228,70.9504000000006],[24.2228,70.99360000000061],[24.2012,70.99360000000061],[24.2012,71.0152000000006],[24.1796,71.0152000000006],[24.1796,71.02600000000061],[24.147199999999998,71.02600000000061],[24.147199999999998,71.0152000000006],[24.0932,71.0152000000006],[24.0932,71.02600000000061],[24.05,71.02600000000061],[24.05,71.03680000000061],[23.996,71.03680000000061],[23.996,71.02600000000061],[23.9852,71.02600000000061],[23.9852,71.03680000000061],[23.9312,71.03680000000061],[23.9312,71.02600000000061],[23.9096,71.02600000000061],[23.9096,71.0152000000006],[23.8664,71.0152000000006],[23.8664,71.0044000000006],[23.8448,71.0044000000006],[23.8448,70.99360000000061],[23.834,70.99360000000061],[23.834,71.0152000000006],[23.8556,71.0152000000006],[23.8556,71.0476000000006],[23.834,71.0476000000006],[23.834,71.0584000000006],[23.7908,71.0584000000006],[23.7908,71.0692000000006],[23.726,71.0692000000006],[23.726,71.08000000000061],[23.6828,71.08000000000061],[23.6828,71.0908000000006],[23.6504,71.0908000000006],[23.6504,71.1124000000006],[23.6072,71.1124000000006],[23.6072,71.1448000000006],[23.5856,71.1448000000006],[23.5856,71.1664000000006],[23.4452,71.1664000000006],[23.4452,71.1556000000006],[23.3588,71.1556000000006],[23.3588,71.1448000000006],[23.3372,71.1448000000006],[23.3372,71.1016000000006],[23.3156,71.1016000000006],[23.3156,71.0584000000006],[23.2184,71.0584000000006],[23.2184,71.0692000000006],[23.0672,71.0584000000006],[23.0672,71.02600000000061],[23.0996,71.02600000000061],[23.0996,71.0152000000006],[23.132,71.0152000000006],[23.132,71.02600000000061],[23.1428,71.02600000000061],[23.1428,71.0044000000006],[23.1644,71.0044000000006],[23.1644,70.98280000000061],[23.2076,70.9720000000006],[23.2076,70.93960000000061],[23.2508,70.93960000000061],[23.2508,70.9288000000006],[23.2724,70.9288000000006],[23.2724,70.9180000000006],[23.3156,70.9180000000006],[23.3156,70.89640000000061],[23.3588,70.89640000000061],[23.3588,70.88560000000061],[23.3804,70.88560000000061],[23.3804,70.8748000000006],[23.3588,70.8748000000006],[23.3588,70.8640000000006],[23.3156,70.8640000000006],[23.3156,70.84240000000061],[23.2076,70.84240000000061],[23.2076,70.8316000000006],[23.186,70.8316000000006],[23.186,70.8208000000006],[23.1212,70.8208000000006],[23.1212,70.8100000000006],[23.0888,70.8100000000006],[23.0888,70.8208000000006],[23.0456,70.8208000000006],[23.0456,70.79920000000061],[23.024,70.79920000000061],[23.024,70.7884000000006],[22.9592,70.7884000000006],[22.9592,70.7776000000006],[22.9268,70.7776000000006],[22.9268,70.79920000000061],[22.8728,70.79920000000061],[22.8728,70.7776000000006],[22.8296,70.7776000000006],[22.8296,70.7668000000006],[22.7432,70.7668000000006],[22.7432,70.75600000000061],[22.7108,70.75600000000061],[22.7108,70.7668000000006],[22.6676,70.7668000000006],[22.6676,70.7884000000006],[22.646,70.7884000000006],[22.646,70.79920000000061],[22.602800000000002,70.79920000000061],[22.602800000000002,70.8100000000006],[22.5704,70.8100000000006],[22.5704,70.79920000000061],[22.5596,70.79920000000061],[22.5596,70.8100000000006],[22.5056,70.8100000000006],[22.5056,70.7776000000006],[22.5488,70.7668000000006],[22.5488,70.7236000000006],[22.5272,70.7236000000006],[22.5272,70.7128000000006],[22.43,70.7128000000006],[22.43,70.70200000000061],[22.4192,70.70200000000061],[22.4192,70.7128000000006],[22.3652,70.7128000000006],[22.3652,70.6912000000006],[22.3112,70.6912000000006],[22.3112,70.70200000000061],[22.2788,70.70200000000061],[22.2788,70.6912000000006],[22.2356,70.6804000000006],[22.2356,70.6696000000006],[22.1816,70.6696000000006],[22.1816,70.6804000000006],[22.1492,70.6804000000006],[22.1492,70.6696000000006],[22.1384,70.6696000000006],[22.1384,70.6804000000006],[22.106,70.6804000000006],[22.106,70.6696000000006],[22.0628,70.6696000000006],[22.0628,70.64800000000061],[22.052,70.64800000000061],[22.052,70.65880000000061],[21.9872,70.65880000000061],[21.9872,70.6696000000006],[21.9548,70.6696000000006],[21.9548,70.65880000000061],[21.9332,70.65880000000061],[21.9332,70.6264000000006],[21.782,70.6264000000006],[21.782,70.64800000000061],[21.7388,70.64800000000061],[21.7388,70.65880000000061],[21.7172,70.65880000000061],[21.7172,70.6912000000006],[21.6956,70.6912000000006],[21.6956,70.7128000000006],[21.6524,70.7128000000006],[21.6524,70.7236000000006],[21.674,70.7236000000006],[21.674,70.7776000000006],[21.566,70.7776000000006],[21.566,70.79920000000061],[21.5444,70.79920000000061],[21.5444,70.8100000000006],[21.512,70.8100000000006],[21.512,70.79920000000061],[21.4904,70.79920000000061],[21.4904,70.7884000000006],[21.4796,70.7884000000006],[21.4796,70.79920000000061],[21.4472,70.79920000000061],[21.4472,70.7776000000006],[21.404,70.7776000000006],[21.404,70.7668000000006],[21.3932,70.7668000000006],[21.3932,70.7776000000006],[21.3608,70.7776000000006],[21.3608,70.7668000000006],[21.2528,70.7668000000006],[21.2528,70.7776000000006],[21.2312,70.7776000000006],[21.2312,70.7884000000006],[21.1664,70.7884000000006],[21.1664,70.79920000000061],[21.08,70.79920000000061],[21.08,70.8100000000006],[21.0584,70.8100000000006],[21.0584,70.8208000000006],[20.9936,70.8208000000006],[20.9936,71.2420000000006],[21.1232,71.2528000000006],[21.1232,71.26360000000061],[21.2744,71.26360000000061],[21.2744,71.27440000000061],[21.3068,71.27440000000061],[21.3068,71.3068000000006],[21.4904,71.3068000000006],[21.4904,71.2960000000006],[21.5228,71.2960000000006],[21.5228,71.3068000000006],[21.5552,71.3068000000006],[21.5552,71.2960000000006],[21.6416,71.2852000000006],[21.6416,71.26360000000061],[21.6848,71.26360000000061]],[[24.6872,71.0476000000006],[24.698,71.0476000000006],[24.698,71.03680000000061],[24.7196,71.03680000000061],[24.7196,71.02600000000061],[24.7952,71.02600000000061],[24.7952,71.0476000000006],[24.914,71.0476000000006],[24.914,71.0584000000006],[24.9356,71.0584000000006],[24.9356,71.0908000000006],[24.892400000000002,71.0908000000006],[24.892400000000002,71.1016000000006],[24.752000000000002,71.1016000000006],[24.752000000000002,71.12320000000061],[24.7196,71.12320000000061],[24.7196,71.1016000000006],[24.6548,71.1016000000006],[24.6548,71.08000000000061],[24.6116,71.08000000000061],[24.6116,71.0476000000006],[24.6548,71.0476000000006],[24.6548,71.03680000000061],[24.6872,71.03680000000061],[24.6872,71.0476000000006]]],[[[24.514400000000002,70.9180000000006],[24.514400000000002,70.9504000000006],[24.525199999999998,70.9504000000006],[24.525199999999998,70.93960000000061],[24.5468,70.93960000000061],[24.5468,70.9288000000006],[24.5684,70.9288000000006],[24.5684,70.9180000000006],[24.5468,70.9180000000006],[24.5468,70.9072000000006],[24.536,70.9072000000006],[24.536,70.9180000000006],[24.514400000000002,70.9180000000006]]],[[[25.562,70.93960000000061],[25.562,70.9288000000006],[25.5944,70.9288000000006],[25.5944,70.93960000000061],[25.6376,70.93960000000061],[25.6376,70.9504000000006],[25.67,70.9504000000006],[25.67,70.93960000000061],[25.7348,70.93960000000061],[25.7348,70.9072000000006],[25.6052,70.9072000000006],[25.6052,70.89640000000061],[25.5944,70.89640000000061],[25.5944,70.9072000000006],[25.5512,70.9072000000006],[25.5512,70.9180000000006],[25.529600000000002,70.9180000000006],[25.529600000000002,70.9288000000006],[25.4864,70.9288000000006],[25.4864,70.93960000000061],[25.4648,70.93960000000061],[25.4648,70.9504000000006],[25.410800000000002,70.9504000000006],[25.410800000000002,70.9612000000006],[25.389200000000002,70.9612000000006],[25.389200000000002,70.9720000000006],[25.3028,70.9720000000006],[25.3028,70.99360000000061],[25.2812,70.99360000000061],[25.2812,71.0044000000006],[25.3028,71.0044000000006],[25.3028,71.0152000000006],[25.3352,71.0152000000006],[25.3352,71.0044000000006],[25.3784,71.0044000000006],[25.3784,70.99360000000061],[25.4,70.99360000000061],[25.4,70.98280000000061],[25.4756,70.98280000000061],[25.4756,70.9612000000006],[25.5188,70.9612000000006],[25.5188,70.9504000000006],[25.562,70.93960000000061]]]]}},{"type":"Feature","properties":{"threshold_kt":1.0,"kind":"mask","atlas":"NORKYST_SKAGERRAK, NORKYST_ROGALAND, NORKYST_VESTLAND, NORKYST_TRONDELAG, NORKYST_HELGELAND, NORKYST_LOFOTEN, NORKYST_TROMS, NORKYST_FINNMARK","resolution_m":800,"method":"max speed over 15 days hourly, all constituents","area_deg2":0.84},"geometry":{"type":"MultiPolygon","coordinates":[[[[10.6936,57.72360000000091],[10.6936,57.712800000000904],[10.6828,57.712800000000904],[10.6828,57.72360000000091],[10.650400000000001,57.72360000000091],[10.650400000000001,57.7344000000009],[10.661200000000001,57.7344000000009],[10.661200000000001,57.7560000000009],[10.7152,57.7560000000009],[10.725999999999999,57.7344000000009],[10.7368,57.7344000000009],[10.7368,57.72360000000091],[10.6936,57.72360000000091]]],[[[6.242,62.59400000000121],[6.242,62.61560000000121],[6.252800000000001,62.61560000000121],[6.252800000000001,62.626400000001205],[6.35,62.626400000001205],[6.35,62.61560000000121],[6.3284,62.61560000000121],[6.3284,62.604800000001205],[6.2852,62.604800000001205],[6.2852,62.583200000001206],[6.2204,62.583200000001206],[6.2204,62.59400000000121],[6.242,62.59400000000121]]],[[[9.1472,63.51200000000121],[9.1472,63.522800000001205],[9.158000000000001,63.522800000001205],[9.158000000000001,63.501200000001205],[9.104,63.501200000001205],[9.0932,63.479600000001206],[9.0824,63.479600000001206],[9.0824,63.501200000001205],[9.0932,63.501200000001205],[9.0932,63.51200000000121],[9.1472,63.51200000000121]]],[[[9.6116,63.63080000000121],[9.6008,63.63080000000121],[9.6008,63.620000000001205],[9.546800000000001,63.620000000001205],[9.536000000000001,63.598400000001206],[9.5252,63.598400000001206],[9.5252,63.60920000000121],[9.5036,63.60920000000121],[9.5036,63.620000000001205],[9.492799999999999,63.620000000001205],[9.492799999999999,63.641600000001205],[9.4712,63.641600000001205],[9.4712,63.65240000000121],[9.4604,63.65240000000121],[9.4604,63.67400000000121],[9.4388,63.67400000000121],[9.4388,63.684800000001204],[9.5036,63.67400000000121],[9.5036,63.63080000000121],[9.5576,63.63080000000121],[9.5684,63.65240000000121],[9.6116,63.65240000000121],[9.6116,63.63080000000121]]],[[[8.5964,63.620000000001205],[8.5964,63.65240000000121],[8.564,63.65240000000121],[8.564,63.663200000001204],[8.6288,63.663200000001204],[8.6288,63.65240000000121],[8.661200000000001,63.65240000000121],[8.661200000000001,63.663200000001204],[8.6936,63.663200000001204],[8.6936,63.67400000000121],[8.725999999999999,63.67400000000121],[8.725999999999999,63.684800000001204],[8.7368,63.684800000001204],[8.7368,63.67400000000121],[8.7692,63.67400000000121],[8.7692,63.684800000001204],[8.8016,63.684800000001204],[8.8016,63.69560000000121],[8.8448,63.69560000000121],[8.8448,63.684800000001204],[8.8556,63.684800000001204],[8.8448,63.663200000001204],[8.672,63.65240000000121],[8.672,63.641600000001205],[8.6072,63.63080000000121],[8.6072,63.620000000001205],[8.5964,63.620000000001205]]],[[[8.780000000000001,63.84680000000121],[8.780000000000001,63.836000000001206],[8.7044,63.836000000001206],[8.7044,63.81440000000121],[8.618,63.81440000000121],[8.618,63.836000000001206],[8.6828,63.836000000001206],[8.6828,63.84680000000121],[8.780000000000001,63.84680000000121]]],[[[11.0372,63.86840000000121],[11.058800000000002,63.86840000000121],[11.058800000000002,63.89000000000121],[11.069600000000001,63.89000000000121],[11.069600000000001,63.857600000001206],[11.080400000000001,63.857600000001206],[11.080400000000001,63.836000000001206],[11.058800000000002,63.836000000001206],[11.058800000000002,63.857600000001206],[11.0372,63.857600000001206],[11.0372,63.86840000000121]]],[[[9.158000000000001,64.03040000000121],[9.158000000000001,64.0628000000012],[9.168800000000001,64.0628000000012],[9.168800000000001,64.0520000000012],[9.2012,64.0520000000012],[9.2012,64.04120000000121],[9.1904,64.04120000000121],[9.1904,64.0088000000012],[9.1256,64.0196000000012],[9.1256,64.03040000000121],[9.158000000000001,64.03040000000121]]],[[[11.3504,64.9052000000012],[11.3504,64.89440000000121],[11.328800000000001,64.89440000000121],[11.318000000000001,64.8728000000012],[11.2856,64.8728000000012],[11.2856,64.88360000000121],[11.3072,64.88360000000121],[11.318000000000001,64.9052000000012],[11.3504,64.9052000000012]]],[[[12.08,67.51200000000091],[12.0908,67.4904000000009],[12.112400000000001,67.4904000000009],[12.112400000000001,67.4688000000009],[12.0368,67.4688000000009],[12.0368,67.4472000000009],[12.026,67.4472000000009],[12.026,67.45800000000091],[11.9504,67.45800000000091],[11.9504,67.4256000000009],[11.918,67.4256000000009],[11.918,67.41480000000091],[11.8964,67.41480000000091],[11.8964,67.4040000000009],[11.7452,67.4040000000009],[11.7452,67.41480000000091],[11.7236,67.41480000000091],[11.7236,67.4256000000009],[11.7452,67.4256000000009],[11.7452,67.4472000000009],[11.7884,67.45800000000091],[11.7992,67.4796000000009],[11.8208,67.4796000000009],[11.8208,67.4904000000009],[11.9072,67.4904000000009],[11.9072,67.51200000000091],[11.9612,67.51200000000091],[11.9612,67.5336000000009],[11.972,67.5336000000009],[11.972,67.5228000000009],[12.0044,67.5228000000009],[12.0044,67.5336000000009],[12.0584,67.5336000000009],[12.0584,67.51200000000091],[12.08,67.51200000000091]]],[[[12.8576,67.9008000000009],[12.8576,67.89000000000091],[12.836,67.89000000000091],[12.836,67.8684000000009],[12.8144,67.8684000000009],[12.8144,67.83600000000091],[12.836,67.83600000000091],[12.836,67.8252000000009],[12.8684,67.8252000000009],[12.8792,67.8468000000009],[12.9116,67.8468000000009],[12.9116,67.83600000000091],[12.9764,67.83600000000091],[12.9764,67.8144000000009],[12.998,67.8144000000009],[12.998,67.8036000000009],[12.9764,67.8036000000009],[12.9764,67.73880000000091],[12.9332,67.7280000000009],[12.9332,67.7172000000009],[12.9224,67.7172000000009],[12.9224,67.7280000000009],[12.8684,67.7280000000009],[12.8684,67.73880000000091],[12.836,67.73880000000091],[12.836,67.7064000000009],[12.8576,67.7064000000009],[12.8576,67.6740000000009],[12.8036,67.6740000000009],[12.8036,67.6848000000009],[12.749600000000001,67.6848000000009],[12.749600000000001,67.69560000000091],[12.6524,67.69560000000091],[12.6524,67.6740000000009],[12.6416,67.6740000000009],[12.6416,67.6848000000009],[12.5768,67.69560000000091],[12.5768,67.6416000000009],[12.620000000000001,67.6308000000009],[12.620000000000001,67.60920000000091],[12.5984,67.60920000000091],[12.5984,67.59840000000091],[12.5336,67.59840000000091],[12.5336,67.5876000000009],[12.4796,67.5876000000009],[12.4796,67.5768000000009],[12.4364,67.5768000000009],[12.4364,67.5660000000009],[12.3932,67.5660000000009],[12.3932,67.55520000000091],[12.35,67.55520000000091],[12.35,67.5444000000009],[12.3392,67.5444000000009],[12.3392,67.5012000000009],[12.296,67.5012000000009],[12.296,67.4904000000009],[12.2852,67.4904000000009],[12.2852,67.5012000000009],[12.2204,67.5012000000009],[12.2096,67.5228000000009],[12.1664,67.5228000000009],[12.1664,67.5336000000009],[12.1232,67.5444000000009],[12.1232,67.55520000000091],[12.1664,67.5660000000009],[12.1664,67.5768000000009],[12.188,67.5768000000009],[12.188,67.59840000000091],[12.2636,67.59840000000091],[12.2636,67.6200000000009],[12.3284,67.6200000000009],[12.3284,67.6416000000009],[12.3824,67.6416000000009],[12.3824,67.6632000000009],[12.4256,67.6632000000009],[12.4256,67.6848000000009],[12.4472,67.6848000000009],[12.4472,67.69560000000091],[12.4688,67.69560000000091],[12.4688,67.7064000000009],[12.5012,67.7064000000009],[12.5012,67.7172000000009],[12.5228,67.7172000000009],[12.5228,67.7280000000009],[12.566,67.7280000000009],[12.566,67.73880000000091],[12.6092,67.73880000000091],[12.620000000000001,67.8036000000009],[12.6092,67.8036000000009],[12.6092,67.8252000000009],[12.566,67.83600000000091],[12.566,67.8792000000009],[12.5876,67.8792000000009],[12.5876,67.89000000000091],[12.620000000000001,67.89000000000091],[12.620000000000001,67.9008000000009],[12.6308,67.9008000000009],[12.6308,67.89000000000091],[12.674,67.89000000000091],[12.674,67.8792000000009],[12.7604,67.8792000000009],[12.7604,67.89000000000091],[12.782,67.89000000000091],[12.782,67.9008000000009],[12.8576,67.9008000000009]]],[[[13.1492,68.03040000000091],[13.1492,68.0412000000009],[13.127600000000001,68.0412000000009],[13.127600000000001,68.0520000000009],[13.1492,68.0520000000009],[13.16,68.07360000000091],[13.1816,68.07360000000091],[13.1816,68.0844000000009],[13.1924,68.0844000000009],[13.1924,68.0628000000009],[13.1708,68.0628000000009],[13.1708,68.03040000000091],[13.1924,68.03040000000091],[13.1924,67.9980000000009],[13.16,67.9980000000009],[13.16,68.03040000000091],[13.1492,68.03040000000091]]],[[[13.2032,68.0844000000009],[13.2032,68.1060000000009],[13.2464,68.11680000000091],[13.2464,68.1384000000009],[13.2896,68.1384000000009],[13.2896,68.1492000000009],[13.3004,68.1492000000009],[13.3004,68.12760000000091],[13.257200000000001,68.11680000000091],[13.257200000000001,68.0952000000009],[13.2356,68.0952000000009],[13.2356,68.0844000000009],[13.2032,68.0844000000009]]],[[[13.4084,68.0628000000009],[13.4084,68.07360000000091],[13.4192,68.07360000000091],[13.4192,68.11680000000091],[13.4408,68.11680000000091],[13.4408,68.1492000000009],[13.4192,68.1492000000009],[13.4192,68.1600000000009],[13.4408,68.1600000000009],[13.4408,68.2032000000009],[13.4732,68.2032000000009],[13.4732,68.1492000000009],[13.4948,68.1492000000009],[13.4948,68.12760000000091],[13.4732,68.12760000000091],[13.4732,68.0844000000009],[13.43,68.0844000000009],[13.43,68.0628000000009],[13.4084,68.0628000000009]]],[[[14.24,68.26800000000091],[14.24,68.2788000000009],[14.2832,68.2896000000009],[14.2832,68.3004000000009],[14.3156,68.3004000000009],[14.3156,68.2788000000009],[14.272400000000001,68.26800000000091],[14.272400000000001,68.2572000000009],[14.2508,68.2572000000009],[14.24,68.2356000000009],[14.1968,68.2356000000009],[14.1968,68.21400000000091],[14.1752,68.21400000000091],[14.1752,68.2032000000009],[14.1536,68.2032000000009],[14.1536,68.1924000000009],[14.1212,68.1924000000009],[14.1212,68.2032000000009],[14.0996,68.2032000000009],[14.0996,68.21400000000091],[14.1212,68.21400000000091],[14.1212,68.2788000000009],[14.088799999999999,68.2788000000009],[14.088799999999999,68.2896000000009],[14.0672,68.2896000000009],[14.0672,68.3004000000009],[14.0996,68.3004000000009],[14.0996,68.2896000000009],[14.1752,68.2896000000009],[14.1752,68.26800000000091],[14.1968,68.26800000000091],[14.1968,68.2464000000009],[14.2292,68.2464000000009],[14.2292,68.26800000000091],[14.24,68.26800000000091]]],[[[14.2528,68.3564000000009],[14.306799999999999,68.3564000000009],[14.306799999999999,68.3456000000009],[14.3284,68.3456000000009],[14.3284,68.3024000000009],[14.2744,68.3024000000009],[14.2744,68.32400000000091],[14.2528,68.32400000000091],[14.2528,68.3564000000009]]],[[[15.0844,68.3564000000009],[15.0412,68.3564000000009],[15.0412,68.3456000000009],[15.0304,68.3456000000009],[15.0304,68.37800000000091],[15.052,68.37800000000091],[15.052,68.3996000000009],[15.073599999999999,68.3996000000009],[15.073599999999999,68.4104000000009],[15.0952,68.4104000000009],[15.0952,68.42120000000091],[15.1168,68.42120000000091],[15.1168,68.4320000000009],[15.1384,68.4320000000009],[15.1384,68.4428000000009],[15.1492,68.4428000000009],[15.1492,68.4536000000009],[15.1708,68.4536000000009],[15.1708,68.46440000000091],[15.2032,68.46440000000091],[15.2032,68.4320000000009],[15.16,68.4320000000009],[15.16,68.4104000000009],[15.127600000000001,68.4104000000009],[15.127600000000001,68.3888000000009],[15.106,68.3888000000009],[15.106,68.3672000000009],[15.0844,68.3672000000009],[15.0844,68.3564000000009]]],[[[16.5208,68.5400000000009],[16.402,68.5400000000009],[16.402,68.5508000000009],[16.3156,68.5508000000009],[16.3156,68.5400000000009],[16.2508,68.5508000000009],[16.2508,68.5400000000009],[16.1968,68.5400000000009],[16.1968,68.5508000000009],[16.2184,68.5508000000009],[16.2184,68.56160000000091],[16.2616,68.56160000000091],[16.2616,68.5724000000009],[16.2724,68.5724000000009],[16.2724,68.56160000000091],[16.3048,68.56160000000091],[16.3048,68.5724000000009],[16.3912,68.5724000000009],[16.3912,68.56160000000091],[16.4452,68.56160000000091],[16.4452,68.5724000000009],[16.5316,68.5724000000009],[16.5316,68.5940000000009],[16.5532,68.5940000000009],[16.5532,68.6264000000009],[16.564,68.6264000000009],[16.564,68.6372000000009],[16.5964,68.6372000000009],[16.5964,68.6264000000009],[16.5748,68.6264000000009],[16.5748,68.61560000000091],[16.564,68.61560000000091],[16.564,68.5832000000009],[16.5424,68.5832000000009],[16.5424,68.56160000000091],[16.5208,68.56160000000091],[16.5208,68.5400000000009]]],[[[18.907600000000002,69.5660000000009],[18.8752,69.5660000000009],[18.8752,69.55520000000091],[18.788800000000002,69.55520000000091],[18.788800000000002,69.5444000000009],[18.7348,69.5444000000009],[18.7348,69.5336000000009],[18.6808,69.5336000000009],[18.6808,69.5444000000009],[18.6052,69.5444000000009],[18.6052,69.5336000000009],[18.529600000000002,69.5336000000009],[18.529600000000002,69.5228000000009],[18.5188,69.5228000000009],[18.5188,69.5336000000009],[18.4972,69.5336000000009],[18.4972,69.5444000000009],[18.5728,69.5444000000009],[18.5728,69.55520000000091],[18.6592,69.55520000000091],[18.6592,69.5660000000009],[18.7672,69.5660000000009],[18.778,69.5876000000009],[18.8212,69.59840000000091],[18.8212,69.60920000000091],[18.8752,69.60920000000091],[18.8752,69.59840000000091],[18.8968,69.59840000000091],[18.8968,69.5876000000009],[18.9184,69.5876000000009],[18.9184,69.55520000000091],[18.907600000000002,69.55520000000091],[18.907600000000002,69.5660000000009]]],[[[18.9292,69.65240000000091],[18.9724,69.65240000000091],[18.9832,69.6740000000009],[18.994,69.6740000000009],[18.994,69.6416000000009],[18.9832,69.6416000000009],[18.9832,69.6308000000009],[18.9616,69.6308000000009],[18.9616,69.6200000000009],[18.907600000000002,69.6200000000009],[18.907600000000002,69.6308000000009],[18.9292,69.6308000000009],[18.9292,69.65240000000091]]],[[[19.0804,69.8036000000009],[19.0804,69.7712000000009],[19.048000000000002,69.7712000000009],[19.048000000000002,69.79280000000091],[19.0048,69.8036000000009],[19.0048,69.8144000000009],[18.9832,69.8144000000009],[18.9724,69.83600000000091],[18.886,69.83600000000091],[18.886,69.8576000000009],[18.8428,69.8576000000009],[18.8428,69.8684000000009],[18.8968,69.8684000000009],[18.8968,69.8576000000009],[18.94,69.8576000000009],[18.94,69.8468000000009],[18.9832,69.8468000000009],[18.994,69.8252000000009],[19.0372,69.8252000000009],[19.0372,69.8144000000009],[19.0804,69.8036000000009]]],[[[19.8472,69.98720000000091],[19.8472,69.9980000000009],[19.8256,69.9980000000009],[19.8256,70.0088000000009],[19.7716,70.0088000000009],[19.7716,70.0412000000009],[19.75,70.0412000000009],[19.75,70.0520000000009],[19.7932,70.0520000000009],[19.7932,70.0412000000009],[19.922800000000002,70.0412000000009],[19.922800000000002,70.03040000000091],[19.9012,70.03040000000091],[19.9012,69.9980000000009],[19.8796,69.9980000000009],[19.8796,69.98720000000091],[19.8472,69.98720000000091]]],[[[18.778,69.98720000000091],[18.7456,69.98720000000091],[18.7456,70.0088000000009],[18.7672,70.0088000000009],[18.7672,70.0196000000009],[18.799599999999998,70.0196000000009],[18.799599999999998,70.0412000000009],[18.8428,70.0412000000009],[18.8428,70.0520000000009],[18.9508,70.0520000000009],[18.9508,70.0628000000009],[18.9832,70.0628000000009],[18.9832,70.0412000000009],[18.9616,70.0412000000009],[18.9616,70.03040000000091],[18.8536,70.03040000000091],[18.8536,70.0196000000009],[18.832,70.0196000000009],[18.832,70.0088000000009],[18.788800000000002,70.0088000000009],[18.778,69.98720000000091]]],[[[20.7976,70.03040000000091],[20.7328,70.03040000000091],[20.7328,70.0412000000009],[20.7544,70.0412000000009],[20.7544,70.0520000000009],[20.7868,70.0520000000009],[20.7868,70.0628000000009],[20.7976,70.0628000000009],[20.7976,70.03040000000091]]],[[[19.7284,70.2788000000009],[19.6744,70.2788000000009],[19.6744,70.26800000000091],[19.642,70.26800000000091],[19.642,70.2896000000009],[19.5772,70.2896000000009],[19.5772,70.3004000000009],[19.6204,70.3004000000009],[19.6204,70.3220000000009],[19.7932,70.3220000000009],[19.7932,70.31120000000091],[19.814799999999998,70.31120000000091],[19.814799999999998,70.2572000000009],[19.7716,70.2572000000009],[19.7716,70.26800000000091],[19.7284,70.26800000000091],[19.7284,70.2788000000009]]],[[[19.2424,70.4408000000009],[19.285600000000002,70.4408000000009],[19.285600000000002,70.4300000000009],[19.3288,70.4300000000009],[19.3288,70.4192000000009],[19.3504,70.4192000000009],[19.3504,70.2896000000009],[19.372,70.2896000000009],[19.372,70.2788000000009],[19.3828,70.2788000000009],[19.3828,70.2464000000009],[19.285600000000002,70.2464000000009],[19.285600000000002,70.2248000000009],[19.2748,70.2248000000009],[19.2748,70.2356000000009],[19.2532,70.2356000000009],[19.2532,70.2464000000009],[19.0804,70.2464000000009],[19.0804,70.2356000000009],[19.048000000000002,70.2356000000009],[19.048000000000002,70.2464000000009],[19.0048,70.2572000000009],[19.0048,70.26800000000091],[18.8968,70.26800000000091],[18.8968,70.2248000000009],[18.9184,70.2248000000009],[18.9184,70.21400000000091],[18.9616,70.21400000000091],[18.9616,70.1600000000009],[18.9832,70.1600000000009],[18.9832,70.1492000000009],[19.0372,70.1492000000009],[19.0372,70.1384000000009],[19.0588,70.1384000000009],[19.0588,70.12760000000091],[19.0804,70.12760000000091],[19.0804,70.11680000000091],[19.102,70.11680000000091],[19.102,70.1060000000009],[19.177599999999998,70.1060000000009],[19.177599999999998,70.11680000000091],[19.2208,70.11680000000091],[19.2208,70.1060000000009],[19.264,70.1060000000009],[19.264,70.0952000000009],[19.166800000000002,70.0952000000009],[19.166800000000002,70.0844000000009],[19.0696,70.0844000000009],[19.0696,70.0952000000009],[19.0372,70.0952000000009],[19.0372,70.07360000000091],[19.0048,70.07360000000091],[19.0048,70.0844000000009],[19.026400000000002,70.0844000000009],[19.026400000000002,70.11680000000091],[19.0048,70.11680000000091],[19.0048,70.12760000000091],[18.9508,70.12760000000091],[18.9508,70.1600000000009],[18.9184,70.1600000000009],[18.9184,70.11680000000091],[18.907600000000002,70.11680000000091],[18.907600000000002,70.12760000000091],[18.778,70.12760000000091],[18.778,70.11680000000091],[18.7132,70.12760000000091],[18.7132,70.11680000000091],[18.6592,70.11680000000091],[18.6592,70.1384000000009],[18.6376,70.1384000000009],[18.6376,70.1816000000009],[18.616,70.1816000000009],[18.616,70.2032000000009],[18.5728,70.21400000000091],[18.5728,70.2356000000009],[18.5944,70.2356000000009],[18.5944,70.2572000000009],[18.616,70.2572000000009],[18.616,70.26800000000091],[18.7456,70.2788000000009],[18.7456,70.2896000000009],[18.778,70.2896000000009],[18.778,70.3004000000009],[18.799599999999998,70.3004000000009],[18.799599999999998,70.3328000000009],[18.778,70.3328000000009],[18.778,70.35440000000091],[18.7672,70.35440000000091],[18.7672,70.3652000000009],[18.7456,70.3652000000009],[18.7456,70.3868000000009],[18.7024,70.3868000000009],[18.7024,70.4192000000009],[18.724,70.4192000000009],[18.724,70.4408000000009],[18.7456,70.4408000000009],[18.7456,70.4624000000009],[18.7672,70.4624000000009],[18.7672,70.4732000000009],[18.778,70.4732000000009],[18.778,70.49480000000091],[18.994,70.50560000000091],[18.994,70.49480000000091],[19.102,70.49480000000091],[19.102,70.4840000000009],[19.1236,70.4840000000009],[19.1236,70.4732000000009],[19.1884,70.4732000000009],[19.1992,70.45160000000091],[19.2424,70.45160000000091],[19.2424,70.4408000000009]],[[18.9292,70.17080000000091],[18.9292,70.2032000000009],[18.8968,70.2032000000009],[18.8968,70.1924000000009],[18.886,70.1924000000009],[18.886,70.2032000000009],[18.832,70.2032000000009],[18.832,70.1924000000009],[18.8104,70.1924000000009],[18.8104,70.1816000000009],[18.778,70.1816000000009],[18.778,70.1492000000009],[18.8752,70.1492000000009],[18.8752,70.1384000000009],[18.907600000000002,70.1384000000009],[18.907600000000002,70.17080000000091],[18.9292,70.17080000000091]]],[[[20.2252,70.3220000000009],[20.2468,70.3220000000009],[20.2468,70.31120000000091],[20.1604,70.31120000000091],[20.1604,70.3220000000009],[20.2144,70.3220000000009],[20.2144,70.3328000000009],[20.2252,70.3328000000009],[20.2252,70.3220000000009]]],[[[22.8836,70.50760000000061],[22.8836,70.51840000000061],[22.9052,70.51840000000061],[22.9052,70.5292000000006],[22.9592,70.5292000000006],[22.9592,70.51840000000061],[22.9376,70.51840000000061],[22.9376,70.50760000000061],[22.916,70.50760000000061],[22.916,70.4968000000006],[22.9052,70.4968000000006],[22.9052,70.50760000000061],[22.8836,70.50760000000061]]],[[[23.0996,70.5292000000006],[23.0888,70.5292000000006],[23.0888,70.5400000000006],[23.0348,70.5400000000006],[23.0348,70.5508000000006],[23.0564,70.5508000000006],[23.0564,70.5724000000006],[23.0888,70.5724000000006],[23.0888,70.5832000000006],[23.0996,70.5832000000006],[23.0996,70.5724000000006],[23.1644,70.5724000000006],[23.1644,70.56160000000061],[23.1428,70.56160000000061],[23.1428,70.5508000000006],[23.1212,70.5508000000006],[23.1212,70.5400000000006],[23.0996,70.5400000000006],[23.0996,70.5292000000006]]],[[[23.402,70.6372000000006],[23.402,70.6264000000006],[23.3804,70.6264000000006],[23.3804,70.61560000000061],[23.3372,70.61560000000061],[23.3372,70.60480000000061],[23.3264,70.60480000000061],[23.3264,70.61560000000061],[23.3048,70.61560000000061],[23.3048,70.6264000000006],[23.2832,70.6264000000006],[23.2832,70.65880000000061],[23.240000000000002,70.6696000000006],[23.240000000000002,70.6804000000006],[23.2616,70.6804000000006],[23.2616,70.6912000000006],[23.3048,70.6912000000006],[23.3048,70.70200000000061],[23.3264,70.70200000000061],[23.3264,70.7128000000006],[23.3696,70.7128000000006],[23.3696,70.7236000000006],[23.402,70.7236000000006],[23.402,70.70200000000061],[23.4452,70.6912000000006],[23.4452,70.6804000000006],[23.4668,70.6804000000006],[23.4668,70.6696000000006],[23.4452,70.6696000000006],[23.4452,70.6372000000006],[23.402,70.6372000000006]]],[[[22.3544,70.7236000000006],[22.3544,70.7344000000006],[22.3976,70.7344000000006],[22.3976,70.74520000000061],[22.4084,70.74520000000061],[22.4084,70.7344000000006],[22.43,70.7344000000006],[22.43,70.7236000000006],[22.4084,70.7236000000006],[22.4084,70.7128000000006],[22.3328,70.7128000000006],[22.3328,70.7236000000006],[22.3544,70.7236000000006]]],[[[23.024,70.9180000000006],[23.0996,70.9180000000006],[23.0996,70.9072000000006],[23.1212,70.9072000000006],[23.1212,70.8532000000006],[23.186,70.8640000000006],[23.186,70.84240000000061],[23.1428,70.84240000000061],[23.1428,70.8316000000006],[23.132,70.8316000000006],[23.132,70.84240000000061],[23.0996,70.84240000000061],[23.0996,70.8208000000006],[23.0456,70.8208000000006],[23.0456,70.8100000000006],[23.024,70.8100000000006],[23.024,70.79920000000061],[22.980800000000002,70.79920000000061],[22.980800000000002,70.7884000000006],[22.97,70.7884000000006],[22.97,70.8100000000006],[23.0132,70.8100000000006],[23.0132,70.8532000000006],[22.980800000000002,70.8532000000006],[22.980800000000002,70.84240000000061],[22.9376,70.84240000000061],[22.9376,70.8316000000006],[22.916,70.8316000000006],[22.916,70.8208000000006],[22.8836,70.8208000000006],[22.8836,70.8316000000006],[22.862000000000002,70.8316000000006],[22.862000000000002,70.8532000000006],[22.8296,70.8532000000006],[22.8296,70.84240000000061],[22.7756,70.84240000000061],[22.7756,70.8532000000006],[22.754,70.8532000000006],[22.754,70.8640000000006],[22.7108,70.8640000000006],[22.7108,70.8748000000006],[22.6676,70.88560000000061],[22.6676,70.89640000000061],[22.6244,70.9072000000006],[22.6244,70.93960000000061],[22.6676,70.9504000000006],[22.6676,70.9612000000006],[22.8188,70.9612000000006],[22.8188,70.9720000000006],[22.8296,70.9720000000006],[22.8296,70.9612000000006],[22.9376,70.9612000000006],[22.9376,70.9504000000006],[22.9592,70.9504000000006],[22.9592,70.93960000000061],[23.0024,70.93960000000061],[23.0024,70.9288000000006],[23.024,70.9288000000006],[23.024,70.9180000000006]]],[[[23.5316,70.36720000000061],[23.5208,70.36720000000061],[23.5208,70.3888000000006],[23.5424,70.3888000000006],[23.5424,70.4104000000006],[23.564,70.4104000000006],[23.564,70.42120000000061],[23.6072,70.42120000000061],[23.6072,70.4320000000006],[23.6288,70.4320000000006],[23.6288,70.4428000000006],[23.6936,70.4428000000006],[23.6936,70.42120000000061],[23.6612,70.42120000000061],[23.6612,70.4104000000006],[23.5964,70.4104000000006],[23.5964,70.3888000000006],[23.5532,70.3888000000006],[23.5532,70.37800000000061],[23.5316,70.37800000000061],[23.5316,70.36720000000061]]],[[[30.7784,70.5508000000006],[30.7784,70.56160000000061],[30.8108,70.56160000000061],[30.8108,70.5724000000006],[30.897199999999998,70.5832000000006],[30.897199999999998,70.5940000000006],[30.983600000000003,70.5940000000006],[30.983600000000003,70.60480000000061],[31.005200000000002,70.60480000000061],[31.005200000000002,70.4320000000006],[30.962,70.4320000000006],[30.962,70.4428000000006],[30.9188,70.4428000000006],[30.9188,70.4536000000006],[30.8756,70.4536000000006],[30.8756,70.46440000000061],[30.854,70.46440000000061],[30.854,70.4968000000006],[30.8324,70.4968000000006],[30.8324,70.50760000000061],[30.7892,70.50760000000061],[30.7892,70.4968000000006],[30.7784,70.4968000000006],[30.7784,70.50760000000061],[30.7352,70.50760000000061],[30.7352,70.51840000000061],[30.6704,70.51840000000061],[30.6704,70.5400000000006],[30.627200000000002,70.5400000000006],[30.627200000000002,70.5508000000006],[30.584000000000003,70.5508000000006],[30.584000000000003,70.56160000000061],[30.5624,70.56160000000061],[30.5624,70.5940000000006],[30.627200000000002,70.5940000000006],[30.627200000000002,70.61560000000061],[30.6812,70.61560000000061],[30.6812,70.60480000000061],[30.7028,70.60480000000061],[30.7028,70.5940000000006],[30.724400000000003,70.5940000000006],[30.724400000000003,70.56160000000061],[30.746000000000002,70.56160000000061],[30.746000000000002,70.5508000000006],[30.7784,70.5508000000006]]],[[[23.564,70.5832000000006],[23.564,70.61560000000061],[23.5964,70.61560000000061],[23.5964,70.5940000000006],[23.618000000000002,70.5940000000006],[23.618000000000002,70.5832000000006],[23.564,70.5832000000006]]],[[[30.5948,70.7344000000006],[30.6164,70.7344000000006],[30.6164,70.64800000000061],[30.53,70.64800000000061],[30.53,70.6372000000006],[30.5192,70.6372000000006],[30.5192,70.64800000000061],[30.486800000000002,70.64800000000061],[30.486800000000002,70.6372000000006],[30.422,70.6372000000006],[30.422,70.6264000000006],[30.3788,70.6264000000006],[30.3788,70.60480000000061],[30.3248,70.60480000000061],[30.3248,70.61560000000061],[30.3032,70.61560000000061],[30.3032,70.6264000000006],[30.259999999999998,70.6264000000006],[30.259999999999998,70.64800000000061],[30.2384,70.64800000000061],[30.2384,70.6696000000006],[30.2168,70.6696000000006],[30.2168,70.6804000000006],[30.1844,70.6804000000006],[30.1844,70.6912000000006],[30.1412,70.6912000000006],[30.1412,70.70200000000061],[30.1196,70.70200000000061],[30.1196,70.7128000000006],[30.087200000000003,70.7128000000006],[30.087200000000003,70.70200000000061],[30.0764,70.70200000000061],[30.0764,70.7128000000006],[30.0548,70.7128000000006],[30.0548,70.7236000000006],[30.098,70.7236000000006],[30.098,70.7344000000006],[30.108800000000002,70.7344000000006],[30.108800000000002,70.7236000000006],[30.1412,70.7236000000006],[30.1412,70.7344000000006],[30.1628,70.7344000000006],[30.1628,70.74520000000061],[30.259999999999998,70.74520000000061],[30.259999999999998,70.75600000000061],[30.346400000000003,70.75600000000061],[30.346400000000003,70.7668000000006],[30.3572,70.7668000000006],[30.3572,70.75600000000061],[30.3896,70.75600000000061],[30.3896,70.7668000000006],[30.4004,70.7668000000006],[30.4004,70.75600000000061],[30.4436,70.75600000000061],[30.4436,70.74520000000061],[30.5948,70.74520000000061],[30.5948,70.7344000000006]]],[[[23.5532,70.6804000000006],[23.5532,70.6696000000006],[23.5424,70.6696000000006],[23.5424,70.74520000000061],[23.6072,70.74520000000061],[23.6072,70.75600000000061],[23.6288,70.75600000000061],[23.6288,70.7668000000006],[23.6396,70.7668000000006],[23.6396,70.75600000000061],[23.6612,70.75600000000061],[23.6612,70.74520000000061],[23.618000000000002,70.7344000000006],[23.618000000000002,70.7128000000006],[23.5748,70.70200000000061],[23.5748,70.6804000000006],[23.5532,70.6804000000006]]],[[[24.3416,70.88560000000061],[24.3416,70.89640000000061],[24.374000000000002,70.89640000000061],[24.374000000000002,70.8748000000006],[24.3524,70.8748000000006],[24.3524,70.8640000000006],[24.3092,70.8640000000006],[24.3092,70.8532000000006],[24.2876,70.8532000000006],[24.2876,70.84240000000061],[24.2336,70.84240000000061],[24.2336,70.8316000000006],[24.212,70.8316000000006],[24.212,70.8208000000006],[24.2012,70.8208000000006],[24.2012,70.8640000000006],[24.158,70.8640000000006],[24.158,70.8748000000006],[24.136400000000002,70.8748000000006],[24.136400000000002,70.88560000000061],[24.0716,70.88560000000061],[24.0716,70.89640000000061],[24.0284,70.89640000000061],[24.0284,70.9072000000006],[24.05,70.9072000000006],[24.05,70.9180000000006],[24.1148,70.9180000000006],[24.1148,70.9288000000006],[24.1256,70.9288000000006],[24.1256,70.9180000000006],[24.158,70.9180000000006],[24.158,70.93960000000061],[24.2444,70.9504000000006],[24.2444,70.9720000000006],[24.255200000000002,70.9720000000006],[24.255200000000002,70.9612000000006],[24.2876,70.9612000000006],[24.2876,70.9180000000006],[24.3092,70.9180000000006],[24.3092,70.9072000000006],[24.255200000000002,70.9072000000006],[24.255200000000002,70.8748000000006],[24.32,70.8748000000006],[24.32,70.88560000000061],[24.3416,70.88560000000061]],[[24.2444,70.88560000000061],[24.212,70.88560000000061],[24.212,70.8532000000006],[24.2444,70.8532000000006],[24.2444,70.88560000000061]]],[[[29.2988,70.9180000000006],[29.2988,70.8748000000006],[29.3204,70.8748000000006],[29.3204,70.8532000000006],[29.342,70.8532000000006],[29.342,70.84240000000061],[29.3204,70.84240000000061],[29.3204,70.8208000000006],[29.288,70.8208000000006],[29.288,70.84240000000061],[29.2232,70.84240000000061],[29.2232,70.8640000000006],[29.093600000000002,70.8640000000006],[29.093600000000002,70.8748000000006],[29.0504,70.8748000000006],[29.0504,70.88560000000061],[28.953200000000002,70.88560000000061],[28.953200000000002,70.89640000000061],[28.9964,70.9072000000006],[28.9964,70.93960000000061],[29.0288,70.93960000000061],[29.0288,70.9612000000006],[29.072000000000003,70.9612000000006],[29.072000000000003,70.9720000000006],[29.093600000000002,70.9720000000006],[29.093600000000002,70.98280000000061],[29.1476,70.98280000000061],[29.1476,70.9720000000006],[29.1692,70.9720000000006],[29.1692,70.9612000000006],[29.212400000000002,70.9612000000006],[29.212400000000002,70.93960000000061],[29.234,70.93960000000061],[29.234,70.9288000000006],[29.2556,70.9288000000006],[29.2556,70.9180000000006],[29.2988,70.9180000000006]]],[[[25.5188,70.9504000000006],[25.562,70.93960000000061],[25.562,70.9288000000006],[25.5944,70.9288000000006],[25.5944,70.93960000000061],[25.67,70.93960000000061],[25.67,70.9180000000006],[25.648400000000002,70.9180000000006],[25.648400000000002,70.9072000000006],[25.5944,70.9072000000006],[25.5944,70.9180000000006],[25.529600000000002,70.9180000000006],[25.529600000000002,70.9288000000006],[25.4864,70.9288000000006],[25.4864,70.93960000000061],[25.4648,70.93960000000061],[25.4648,70.9504000000006],[25.4324,70.9504000000006],[25.4324,70.9720000000006],[25.4,70.9720000000006],[25.4,70.9612000000006],[25.389200000000002,70.9612000000006],[25.389200000000002,70.9720000000006],[25.3676,70.9720000000006],[25.3676,70.98280000000061],[25.3244,70.98280000000061],[25.3244,70.99360000000061],[25.2812,70.99360000000061],[25.2812,71.0044000000006],[25.3784,71.0044000000006],[25.3784,70.99360000000061],[25.4,70.99360000000061],[25.4,70.98280000000061],[25.4432,70.98280000000061],[25.4432,70.9720000000006],[25.4756,70.9720000000006],[25.4756,70.9612000000006],[25.5188,70.9612000000006],[25.5188,70.9504000000006]]],[[[24.7196,71.03680000000061],[24.7196,71.02600000000061],[24.7952,71.02600000000061],[24.7952,71.03680000000061],[24.806,71.03680000000061],[24.806,71.02600000000061],[24.8276,71.02600000000061],[24.8276,70.99360000000061],[24.7844,70.99360000000061],[24.7844,70.98280000000061],[24.773600000000002,70.98280000000061],[24.773600000000002,70.99360000000061],[24.7088,70.99360000000061],[24.7088,71.0044000000006],[24.6656,71.0044000000006],[24.6656,71.0152000000006],[24.525199999999998,71.0152000000006],[24.525199999999998,71.0044000000006],[24.4928,71.0044000000006],[24.4928,71.02600000000061],[24.514400000000002,71.02600000000061],[24.514400000000002,71.03680000000061],[24.5576,71.03680000000061],[24.5576,71.0476000000006],[24.5684,71.0476000000006],[24.5684,71.03680000000061],[24.6224,71.03680000000061],[24.6224,71.0476000000006],[24.6548,71.0476000000006],[24.6548,71.03680000000061],[24.6764,71.03680000000061],[24.6764,71.02600000000061],[24.7088,71.02600000000061],[24.7088,71.03680000000061],[24.7196,71.03680000000061]]],[[[28.6616,70.99360000000061],[28.6184,70.99360000000061],[28.6184,70.9720000000006],[28.5644,70.9720000000006],[28.5644,70.98280000000061],[28.5428,70.98280000000061],[28.5428,70.99360000000061],[28.478,70.99360000000061],[28.478,71.0044000000006],[28.456400000000002,71.0044000000006],[28.456400000000002,71.0152000000006],[28.434800000000003,71.0152000000006],[28.434800000000003,71.02600000000061],[28.478,71.02600000000061],[28.478,71.0476000000006],[28.5212,71.0476000000006],[28.5212,71.0584000000006],[28.5968,71.0584000000006],[28.5968,71.0476000000006],[28.6292,71.0476000000006],[28.6292,71.0584000000006],[28.64,71.0584000000006],[28.64,71.0476000000006],[28.6832,71.0476000000006],[28.6832,71.0152000000006],[28.6616,71.0152000000006],[28.6616,70.99360000000061]]],[[[24.147199999999998,71.03680000000061],[24.147199999999998,71.02600000000061],[24.136400000000002,71.02600000000061],[24.136400000000002,71.03680000000061],[24.104,71.03680000000061],[24.104,71.02600000000061],[24.05,71.02600000000061],[24.05,71.03680000000061],[23.942,71.03680000000061],[23.942,71.08000000000061],[23.9204,71.08000000000061],[23.9204,71.1016000000006],[23.8988,71.1016000000006],[23.8988,71.1124000000006],[24.147199999999998,71.1124000000006],[24.147199999999998,71.1016000000006],[24.1688,71.1016000000006],[24.1688,71.0908000000006],[24.1904,71.0908000000006],[24.1904,71.08000000000061],[24.1688,71.08000000000061],[24.1688,71.03680000000061],[24.147199999999998,71.03680000000061]]],[[[24.7844,71.12320000000061],[24.7844,71.1124000000006],[24.7196,71.12320000000061],[24.7196,71.1016000000006],[24.6548,71.1016000000006],[24.6548,71.08000000000061],[24.644,71.08000000000061],[24.644,71.0908000000006],[24.6224,71.0908000000006],[24.6224,71.13400000000061],[24.7304,71.13400000000061],[24.7304,71.1448000000006],[24.8816,71.1448000000006],[24.8816,71.13400000000061],[24.9248,71.13400000000061],[24.9248,71.12320000000061],[24.9032,71.12320000000061],[24.9032,71.1016000000006],[24.8384,71.1016000000006],[24.8384,71.1124000000006],[24.8168,71.1124000000006],[24.8168,71.12320000000061],[24.7844,71.12320000000061]]],[[[26.0588,71.1124000000006],[26.0588,71.12320000000061],[25.9832,71.12320000000061],[25.9832,71.1448000000006],[25.94,71.1448000000006],[25.94,71.1556000000006],[26.0912,71.1556000000006],[26.0912,71.1448000000006],[26.1344,71.13400000000061],[26.1344,71.12320000000061],[26.1128,71.12320000000061],[26.1128,71.1016000000006],[26.0804,71.1016000000006],[26.0804,71.1124000000006],[26.0588,71.1124000000006]]],[[[28.2188,71.22040000000061],[28.2188,71.2096000000006],[28.2404,71.2096000000006],[28.2404,71.1988000000006],[28.3268,71.1988000000006],[28.3268,71.1880000000006],[28.3592,71.1880000000006],[28.3592,71.1988000000006],[28.37,71.1988000000006],[28.37,71.1880000000006],[28.4024,71.1880000000006],[28.4024,71.1988000000006],[28.4132,71.1988000000006],[28.4132,71.1880000000006],[28.4456,71.1880000000006],[28.4456,71.17720000000061],[28.4132,71.17720000000061],[28.4132,71.1664000000006],[28.37,71.1664000000006],[28.37,71.08000000000061],[28.348399999999998,71.08000000000061],[28.348399999999998,71.0692000000006],[28.3268,71.0692000000006],[28.3268,71.0584000000006],[28.2944,71.0584000000006],[28.2944,71.0692000000006],[28.2728,71.0692000000006],[28.2728,71.08000000000061],[28.229599999999998,71.08000000000061],[28.229599999999998,71.0908000000006],[28.208,71.0908000000006],[28.208,71.1016000000006],[28.175600000000003,71.1016000000006],[28.175600000000003,71.0908000000006],[28.154,71.0908000000006],[28.154,71.08000000000061],[28.1432,71.08000000000061],[28.1432,71.0908000000006],[28.1,71.0908000000006],[28.1,71.1016000000006],[28.0352,71.0908000000006],[28.0352,71.1988000000006],[28.0136,71.1988000000006],[28.0136,71.22040000000061],[28.078400000000002,71.22040000000061],[28.078400000000002,71.2312000000006],[28.1,71.2312000000006],[28.1,71.2420000000006],[28.1108,71.2420000000006],[28.1108,71.2312000000006],[28.1648,71.2312000000006],[28.1648,71.2420000000006],[28.175600000000003,71.2420000000006],[28.175600000000003,71.2312000000006],[28.197200000000002,71.2312000000006],[28.197200000000002,71.22040000000061],[28.2188,71.22040000000061]]],[[[27.8516,71.1664000000006],[27.8516,71.12320000000061],[27.776,71.12320000000061],[27.776,71.1016000000006],[27.722,71.1016000000006],[27.722,71.12320000000061],[27.6032,71.12320000000061],[27.6032,71.1124000000006],[27.5816,71.1124000000006],[27.5816,71.1016000000006],[27.5384,71.1016000000006],[27.5384,71.0908000000006],[27.5168,71.0908000000006],[27.5168,71.08000000000061],[27.4628,71.08000000000061],[27.4628,71.0908000000006],[27.441200000000002,71.0908000000006],[27.441200000000002,71.1016000000006],[27.398,71.1016000000006],[27.398,71.1124000000006],[27.3764,71.1124000000006],[27.3764,71.12320000000061],[27.3332,71.12320000000061],[27.3332,71.1556000000006],[27.3116,71.1556000000006],[27.3116,71.1664000000006],[27.3332,71.1664000000006],[27.3332,71.17720000000061],[27.3764,71.17720000000061],[27.3764,71.1880000000006],[27.398,71.1880000000006],[27.398,71.1988000000006],[27.4088,71.1988000000006],[27.4088,71.1880000000006],[27.441200000000002,71.1880000000006],[27.441200000000002,71.1988000000006],[27.5276,71.1988000000006],[27.5276,71.2096000000006],[27.5708,71.2096000000006],[27.5708,71.22040000000061],[27.5816,71.22040000000061],[27.5816,71.2096000000006],[27.6572,71.2096000000006],[27.6572,71.22040000000061],[27.722,71.2096000000006],[27.722,71.22040000000061],[27.8084,71.22040000000061],[27.8084,71.2312000000006],[27.8732,71.2312000000006],[27.8732,71.22040000000061],[27.9056,71.22040000000061],[27.9056,71.2312000000006],[27.9164,71.2312000000006],[27.9164,71.22040000000061],[27.938000000000002,71.22040000000061],[27.938000000000002,71.2096000000006],[27.819200000000002,71.2096000000006],[27.819200000000002,71.1664000000006],[27.8516,71.1664000000006]]],[[[25.9292,71.1988000000006],[25.9292,71.1556000000006],[25.9184,71.1556000000006],[25.9184,71.1880000000006],[25.8428,71.1880000000006],[25.8428,71.1664000000006],[25.7456,71.1664000000006],[25.7456,71.17720000000061],[25.724,71.17720000000061],[25.724,71.1880000000006],[25.6916,71.1880000000006],[25.6916,71.17720000000061],[25.6268,71.1880000000006],[25.6268,71.17720000000061],[25.562,71.17720000000061],[25.562,71.1664000000006],[25.540399999999998,71.1664000000006],[25.540399999999998,71.1556000000006],[25.4756,71.1556000000006],[25.4756,71.12320000000061],[25.4648,71.12320000000061],[25.4648,71.1556000000006],[25.4216,71.1556000000006],[25.4216,71.12320000000061],[25.4432,71.12320000000061],[25.4432,71.1124000000006],[25.4216,71.1124000000006],[25.4216,71.1016000000006],[25.2812,71.1016000000006],[25.2812,71.13400000000061],[25.2596,71.13400000000061],[25.2596,71.1448000000006],[25.2164,71.1448000000006],[25.2164,71.1556000000006],[25.238,71.1556000000006],[25.238,71.17720000000061],[25.2596,71.17720000000061],[25.2596,71.1880000000006],[25.3784,71.1880000000006],[25.3784,71.17720000000061],[25.4648,71.17720000000061],[25.4648,71.1880000000006],[25.5512,71.1880000000006],[25.5512,71.1988000000006],[25.5728,71.1988000000006],[25.5728,71.2096000000006],[25.616,71.2096000000006],[25.616,71.22040000000061],[25.6268,71.22040000000061],[25.6268,71.2096000000006],[25.67,71.2096000000006],[25.67,71.1988000000006],[25.7024,71.1988000000006],[25.7024,71.2096000000006],[25.7456,71.2096000000006],[25.7456,71.22040000000061],[25.8752,71.22040000000061],[25.8752,71.2420000000006],[25.907600000000002,71.2420000000006],[25.907600000000002,71.2312000000006],[25.9724,71.2312000000006],[25.9724,71.2096000000006],[25.994,71.2096000000006],[25.994,71.1988000000006],[25.9724,71.1988000000006],[25.9724,71.1880000000006],[25.9616,71.1880000000006],[25.9616,71.1988000000006],[25.9292,71.1988000000006]]]]}},{"type":"Feature","properties":{"threshold_kt":1.5,"kind":"mask","atlas":"NORKYST_SKAGERRAK, NORKYST_ROGALAND, NORKYST_VESTLAND, NORKYST_TRONDELAG, NORKYST_HELGELAND, NORKYST_LOFOTEN, NORKYST_TROMS, NORKYST_FINNMARK","resolution_m":800,"method":"max speed over 15 days hourly, all constituents","area_deg2":0.18},"geometry":{"type":"MultiPolygon","coordinates":[[[[8.8124,63.663200000001204],[8.725999999999999,63.663200000001204],[8.725999999999999,63.67400000000121],[8.8124,63.67400000000121],[8.8124,63.663200000001204]]],[[[8.650400000000001,63.8252000000012],[8.6288,63.8252000000012],[8.6288,63.836000000001206],[8.7044,63.836000000001206],[8.7044,63.8252000000012],[8.661200000000001,63.8252000000012],[8.661200000000001,63.81440000000121],[8.650400000000001,63.81440000000121],[8.650400000000001,63.8252000000012]]],[[[12.0152,67.45800000000091],[11.9396,67.45800000000091],[11.9396,67.4364000000009],[11.8748,67.4364000000009],[11.8748,67.41480000000091],[11.864,67.41480000000091],[11.864,67.4256000000009],[11.8208,67.4256000000009],[11.8208,67.4472000000009],[11.864,67.4472000000009],[11.864,67.4688000000009],[11.9288,67.45800000000091],[11.9288,67.4904000000009],[11.9396,67.4904000000009],[11.9396,67.5012000000009],[11.9612,67.5012000000009],[11.9612,67.51200000000091],[12.0044,67.51200000000091],[12.0044,67.5228000000009],[12.0368,67.5228000000009],[12.0368,67.51200000000091],[12.08,67.51200000000091],[12.0908,67.4688000000009],[12.08,67.4688000000009],[12.08,67.4796000000009],[12.0152,67.4796000000009],[12.0152,67.45800000000091]]],[[[12.296,67.51200000000091],[12.242,67.51200000000091],[12.242,67.5228000000009],[12.1664,67.5228000000009],[12.1664,67.55520000000091],[12.188,67.55520000000091],[12.188,67.5660000000009],[12.2204,67.5660000000009],[12.2204,67.5768000000009],[12.2744,67.5768000000009],[12.2744,67.5660000000009],[12.296,67.5660000000009],[12.296,67.5444000000009],[12.3176,67.5444000000009],[12.3176,67.5336000000009],[12.296,67.5336000000009],[12.296,67.51200000000091]]],[[[12.5984,67.6308000000009],[12.620000000000001,67.6308000000009],[12.620000000000001,67.6200000000009],[12.5984,67.6200000000009],[12.5984,67.60920000000091],[12.4688,67.60920000000091],[12.4688,67.6200000000009],[12.4472,67.6200000000009],[12.4472,67.65240000000091],[12.4688,67.65240000000091],[12.4688,67.6848000000009],[12.512,67.6848000000009],[12.512,67.6740000000009],[12.5336,67.6740000000009],[12.5336,67.65240000000091],[12.5552,67.65240000000091],[12.5552,67.6416000000009],[12.5984,67.6416000000009],[12.5984,67.6308000000009]]],[[[12.8252,67.83600000000091],[12.836,67.83600000000091],[12.836,67.8252000000009],[12.8684,67.8252000000009],[12.8684,67.83600000000091],[12.89,67.83600000000091],[12.89,67.8252000000009],[12.9332,67.8252000000009],[12.9332,67.8144000000009],[12.9548,67.8144000000009],[12.9548,67.79280000000091],[12.9332,67.79280000000091],[12.9332,67.7604000000009],[12.9116,67.7604000000009],[12.9116,67.73880000000091],[12.8468,67.73880000000091],[12.8468,67.74960000000091],[12.8144,67.74960000000091],[12.8144,67.7172000000009],[12.836,67.7172000000009],[12.836,67.7064000000009],[12.8144,67.7064000000009],[12.8144,67.6848000000009],[12.782,67.6848000000009],[12.782,67.69560000000091],[12.6524,67.69560000000091],[12.6524,67.6848000000009],[12.6416,67.6848000000009],[12.6416,67.69560000000091],[12.620000000000001,67.69560000000091],[12.620000000000001,67.7280000000009],[12.6416,67.7280000000009],[12.6416,67.7604000000009],[12.6848,67.7712000000009],[12.6848,67.8144000000009],[12.6416,67.8252000000009],[12.6416,67.8576000000009],[12.620000000000001,67.8576000000009],[12.620000000000001,67.8684000000009],[12.6524,67.8684000000009],[12.6524,67.8576000000009],[12.7712,67.8576000000009],[12.7712,67.8468000000009],[12.7928,67.8468000000009],[12.7928,67.8252000000009],[12.8252,67.8252000000009],[12.8252,67.83600000000091]]],[[[13.1492,68.0412000000009],[13.127600000000001,68.0412000000009],[13.127600000000001,68.0520000000009],[13.1492,68.0520000000009],[13.16,68.07360000000091],[13.1816,68.07360000000091],[13.1816,68.0844000000009],[13.1924,68.0844000000009],[13.1924,68.0628000000009],[13.1708,68.0628000000009],[13.1708,68.03040000000091],[13.1924,68.03040000000091],[13.1924,68.0196000000009],[13.16,68.0196000000009],[13.1492,68.0412000000009]]],[[[13.2248,68.1060000000009],[13.2464,68.1060000000009],[13.2464,68.11680000000091],[13.257200000000001,68.11680000000091],[13.257200000000001,68.0952000000009],[13.2356,68.0952000000009],[13.2356,68.0844000000009],[13.2032,68.0844000000009],[13.2032,68.0952000000009],[13.2248,68.0952000000009],[13.2248,68.1060000000009]]],[[[13.4732,68.0844000000009],[13.4192,68.0844000000009],[13.4192,68.11680000000091],[13.4408,68.11680000000091],[13.4408,68.1816000000009],[13.4516,68.1816000000009],[13.4516,68.17080000000091],[13.4732,68.17080000000091],[13.4732,68.1492000000009],[13.4948,68.1492000000009],[13.4948,68.12760000000091],[13.4732,68.12760000000091],[13.4732,68.0844000000009]]],[[[14.2184,68.2464000000009],[14.2184,68.2356000000009],[14.1968,68.2356000000009],[14.1968,68.2248000000009],[14.1752,68.2248000000009],[14.1752,68.21400000000091],[14.1536,68.21400000000091],[14.1536,68.2032000000009],[14.142800000000001,68.2032000000009],[14.142800000000001,68.21400000000091],[14.1212,68.21400000000091],[14.1212,68.2248000000009],[14.142800000000001,68.2248000000009],[14.142800000000001,68.2788000000009],[14.088799999999999,68.2788000000009],[14.088799999999999,68.2896000000009],[14.0672,68.2896000000009],[14.0672,68.3004000000009],[14.0996,68.3004000000009],[14.0996,68.2896000000009],[14.1536,68.2896000000009],[14.1536,68.26800000000091],[14.1752,68.26800000000091],[14.1752,68.2572000000009],[14.1968,68.2572000000009],[14.1968,68.2464000000009],[14.2184,68.2464000000009]]],[[[14.24,68.26800000000091],[14.24,68.2788000000009],[14.2832,68.2896000000009],[14.2832,68.3004000000009],[14.3156,68.3004000000009],[14.3156,68.2788000000009],[14.294,68.2788000000009],[14.294,68.26800000000091],[14.272400000000001,68.26800000000091],[14.272400000000001,68.2572000000009],[14.2292,68.2464000000009],[14.2292,68.26800000000091],[14.24,68.26800000000091]]],[[[14.2744,68.3456000000009],[14.2852,68.3456000000009],[14.2852,68.32400000000091],[14.306799999999999,68.32400000000091],[14.306799999999999,68.3132000000009],[14.3284,68.3132000000009],[14.3284,68.3024000000009],[14.2744,68.3024000000009],[14.2744,68.3456000000009]]],[[[15.127600000000001,68.3888000000009],[15.0844,68.3888000000009],[15.0844,68.3564000000009],[15.0412,68.3564000000009],[15.0412,68.3456000000009],[15.0304,68.3456000000009],[15.0304,68.3672000000009],[15.052,68.3672000000009],[15.052,68.3888000000009],[15.073599999999999,68.3888000000009],[15.073599999999999,68.4104000000009],[15.0952,68.4104000000009],[15.0952,68.42120000000091],[15.1168,68.42120000000091],[15.1168,68.4320000000009],[15.1384,68.4320000000009],[15.1384,68.4428000000009],[15.1708,68.4428000000009],[15.1708,68.46440000000091],[15.2032,68.46440000000091],[15.2032,68.4536000000009],[15.1816,68.4536000000009],[15.1816,68.4320000000009],[15.16,68.4320000000009],[15.16,68.4104000000009],[15.127600000000001,68.4104000000009],[15.127600000000001,68.3888000000009]]],[[[16.4128,68.5508000000009],[16.4452,68.5508000000009],[16.4452,68.56160000000091],[16.4884,68.56160000000091],[16.4884,68.5724000000009],[16.5424,68.5724000000009],[16.5424,68.56160000000091],[16.5208,68.56160000000091],[16.5208,68.5508000000009],[16.4776,68.5508000000009],[16.4776,68.5400000000009],[16.402,68.5400000000009],[16.402,68.5508000000009],[16.3804,68.5508000000009],[16.3804,68.56160000000091],[16.3156,68.56160000000091],[16.3156,68.5508000000009],[16.2616,68.5508000000009],[16.2616,68.5724000000009],[16.2724,68.5724000000009],[16.2724,68.56160000000091],[16.3048,68.56160000000091],[16.3048,68.5724000000009],[16.3912,68.5724000000009],[16.3912,68.56160000000091],[16.4128,68.56160000000091],[16.4128,68.5508000000009]]],[[[18.7348,69.5444000000009],[18.7348,69.5336000000009],[18.7024,69.5336000000009],[18.7024,69.5444000000009],[18.616,69.5444000000009],[18.616,69.55520000000091],[18.7024,69.55520000000091],[18.7024,69.5660000000009],[18.7672,69.5660000000009],[18.778,69.5876000000009],[18.8752,69.5876000000009],[18.8752,69.5768000000009],[18.832,69.5768000000009],[18.832,69.5660000000009],[18.8104,69.5660000000009],[18.8104,69.55520000000091],[18.7564,69.55520000000091],[18.7564,69.5444000000009],[18.7348,69.5444000000009]]],[[[18.799599999999998,70.0196000000009],[18.799599999999998,70.0412000000009],[18.8644,70.0412000000009],[18.8644,70.0520000000009],[18.8968,70.0520000000009],[18.8968,70.03040000000091],[18.8536,70.03040000000091],[18.8536,70.0196000000009],[18.832,70.0196000000009],[18.832,70.0088000000009],[18.8212,70.0088000000009],[18.8212,70.0196000000009],[18.799599999999998,70.0196000000009]]],[[[18.724,70.12760000000091],[18.724,70.1384000000009],[18.7456,70.1384000000009],[18.7456,70.1492000000009],[18.8752,70.1492000000009],[18.8752,70.1384000000009],[18.8536,70.1384000000009],[18.8536,70.12760000000091],[18.8428,70.12760000000091],[18.8428,70.1384000000009],[18.788800000000002,70.1384000000009],[18.788800000000002,70.12760000000091],[18.724,70.12760000000091]]],[[[18.7456,70.1816000000009],[18.7456,70.1924000000009],[18.724,70.1924000000009],[18.724,70.21400000000091],[18.799599999999998,70.21400000000091],[18.799599999999998,70.2248000000009],[18.8104,70.2248000000009],[18.8104,70.21400000000091],[18.8968,70.21400000000091],[18.8968,70.2032000000009],[18.832,70.2032000000009],[18.832,70.1924000000009],[18.8104,70.1924000000009],[18.8104,70.1816000000009],[18.7456,70.1816000000009]]],[[[19.0588,69.8144000000009],[19.0588,69.79280000000091],[19.026400000000002,69.79280000000091],[19.026400000000002,69.8036000000009],[19.0048,69.8036000000009],[19.0048,69.8144000000009],[18.9832,69.8144000000009],[18.9724,69.83600000000091],[18.9292,69.83600000000091],[18.9292,69.8468000000009],[18.907600000000002,69.8468000000009],[18.907600000000002,69.8576000000009],[18.94,69.8576000000009],[18.94,69.8468000000009],[18.9832,69.8468000000009],[18.9832,69.83600000000091],[18.994,69.83600000000091],[18.994,69.8252000000009],[19.0372,69.8252000000009],[19.0372,69.8144000000009],[19.0588,69.8144000000009]]],[[[19.0804,70.11680000000091],[19.102,70.11680000000091],[19.102,70.1060000000009],[19.1884,70.1060000000009],[19.1884,70.11680000000091],[19.1992,70.11680000000091],[19.1992,70.1060000000009],[19.2208,70.1060000000009],[19.2208,70.0952000000009],[19.0696,70.0952000000009],[19.0696,70.1060000000009],[19.026400000000002,70.1060000000009],[19.026400000000002,70.11680000000091],[19.0048,70.11680000000091],[19.0048,70.12760000000091],[18.9832,70.12760000000091],[18.9832,70.1384000000009],[18.9724,70.1384000000009],[18.9724,70.1600000000009],[18.9832,70.1600000000009],[18.9832,70.1492000000009],[19.0372,70.1492000000009],[19.0372,70.1384000000009],[19.0588,70.1384000000009],[19.0588,70.12760000000091],[19.0804,70.12760000000091],[19.0804,70.11680000000091]]],[[[19.372,70.2788000000009],[19.372,70.26800000000091],[19.3504,70.26800000000091],[19.3504,70.2572000000009],[19.285600000000002,70.2572000000009],[19.285600000000002,70.2464000000009],[19.2748,70.2464000000009],[19.2748,70.2572000000009],[19.2424,70.2572000000009],[19.2424,70.2464000000009],[19.177599999999998,70.2464000000009],[19.177599999999998,70.2572000000009],[19.1452,70.2572000000009],[19.1452,70.2464000000009],[19.1344,70.2464000000009],[19.1344,70.2572000000009],[19.102,70.2572000000009],[19.102,70.2464000000009],[19.0912,70.2464000000009],[19.0912,70.2788000000009],[19.0696,70.2788000000009],[19.0696,70.3004000000009],[19.0912,70.3004000000009],[19.0912,70.31120000000091],[19.1128,70.31120000000091],[19.1128,70.3220000000009],[19.1236,70.3220000000009],[19.1236,70.31120000000091],[19.156,70.31120000000091],[19.156,70.3220000000009],[19.177599999999998,70.3220000000009],[19.177599999999998,70.3328000000009],[19.3072,70.3220000000009],[19.3072,70.3004000000009],[19.3288,70.3004000000009],[19.3288,70.2896000000009],[19.3504,70.2896000000009],[19.3504,70.2788000000009],[19.372,70.2788000000009]]],[[[23.6288,70.4428000000006],[23.6396,70.4428000000006],[23.6396,70.42120000000061],[23.6612,70.42120000000061],[23.6612,70.4104000000006],[23.6072,70.4104000000006],[23.6072,70.4320000000006],[23.6288,70.4320000000006],[23.6288,70.4428000000006]]],[[[31.005200000000002,70.4320000000006],[30.962,70.4320000000006],[30.962,70.4536000000006],[30.9188,70.4536000000006],[30.9188,70.46440000000061],[31.005200000000002,70.46440000000061],[31.005200000000002,70.4320000000006]]],[[[30.2168,70.6696000000006],[30.2168,70.70200000000061],[30.249200000000002,70.70200000000061],[30.249200000000002,70.6804000000006],[30.2924,70.6804000000006],[30.2924,70.64800000000061],[30.2816,70.64800000000061],[30.2816,70.65880000000061],[30.259999999999998,70.65880000000061],[30.259999999999998,70.6696000000006],[30.2168,70.6696000000006]]],[[[23.0456,70.8100000000006],[23.024,70.8100000000006],[23.024,70.79920000000061],[23.0132,70.79920000000061],[23.0132,70.8208000000006],[23.0348,70.8208000000006],[23.0348,70.8532000000006],[22.980800000000002,70.8532000000006],[22.980800000000002,70.84240000000061],[22.9376,70.84240000000061],[22.9376,70.8316000000006],[22.9268,70.8316000000006],[22.9268,70.84240000000061],[22.9052,70.84240000000061],[22.9052,70.8640000000006],[22.862000000000002,70.8748000000006],[22.862000000000002,70.88560000000061],[22.8836,70.88560000000061],[22.8836,70.89640000000061],[22.9592,70.89640000000061],[22.9592,70.8748000000006],[22.9916,70.8748000000006],[22.9916,70.88560000000061],[23.0672,70.88560000000061],[23.0672,70.84240000000061],[23.0996,70.84240000000061],[23.0996,70.8208000000006],[23.0456,70.8208000000006],[23.0456,70.8100000000006]]],[[[29.072000000000003,70.88560000000061],[29.0288,70.88560000000061],[29.0288,70.89640000000061],[29.072000000000003,70.89640000000061],[29.072000000000003,70.9180000000006],[29.1044,70.9180000000006],[29.1044,70.89640000000061],[29.1476,70.89640000000061],[29.1476,70.8748000000006],[29.1692,70.8748000000006],[29.1692,70.8640000000006],[29.1368,70.8640000000006],[29.1368,70.8748000000006],[29.072000000000003,70.8748000000006],[29.072000000000003,70.88560000000061]]],[[[24.32,70.8748000000006],[24.32,70.88560000000061],[24.3308,70.88560000000061],[24.3308,70.8640000000006],[24.3092,70.8640000000006],[24.3092,70.8532000000006],[24.2876,70.8532000000006],[24.2876,70.84240000000061],[24.2228,70.84240000000061],[24.2228,70.8532000000006],[24.2444,70.8532000000006],[24.2444,70.88560000000061],[24.212,70.88560000000061],[24.212,70.8748000000006],[24.2012,70.8748000000006],[24.2012,70.88560000000061],[24.158,70.88560000000061],[24.158,70.89640000000061],[24.136400000000002,70.89640000000061],[24.136400000000002,70.9072000000006],[24.0824,70.9072000000006],[24.0824,70.89640000000061],[24.0716,70.89640000000061],[24.0716,70.9180000000006],[24.158,70.9180000000006],[24.158,70.93960000000061],[24.1688,70.93960000000061],[24.1688,70.9288000000006],[24.2012,70.9288000000006],[24.2012,70.93960000000061],[24.212,70.93960000000061],[24.212,70.9072000000006],[24.255200000000002,70.9072000000006],[24.255200000000002,70.8748000000006],[24.32,70.8748000000006]]],[[[25.5188,70.9612000000006],[25.5188,70.9504000000006],[25.562,70.93960000000061],[25.562,70.9288000000006],[25.540399999999998,70.9288000000006],[25.540399999999998,70.9180000000006],[25.529600000000002,70.9180000000006],[25.529600000000002,70.9288000000006],[25.4864,70.9288000000006],[25.4864,70.93960000000061],[25.4648,70.93960000000061],[25.4648,70.9612000000006],[25.4324,70.9612000000006],[25.4324,70.9720000000006],[25.389200000000002,70.9720000000006],[25.389200000000002,70.98280000000061],[25.3676,70.98280000000061],[25.3676,70.99360000000061],[25.3244,70.99360000000061],[25.3244,71.0044000000006],[25.3784,71.0044000000006],[25.3784,70.99360000000061],[25.4,70.99360000000061],[25.4,70.98280000000061],[25.4432,70.98280000000061],[25.4432,70.9720000000006],[25.4756,70.9720000000006],[25.4756,70.9612000000006],[25.5188,70.9612000000006]]],[[[28.5428,70.98280000000061],[28.5428,70.99360000000061],[28.4996,70.99360000000061],[28.4996,71.0044000000006],[28.478,71.0044000000006],[28.478,71.0152000000006],[28.575200000000002,71.0152000000006],[28.575200000000002,70.99360000000061],[28.5968,70.99360000000061],[28.5968,70.98280000000061],[28.575200000000002,70.98280000000061],[28.575200000000002,70.9720000000006],[28.5644,70.9720000000006],[28.5644,70.98280000000061],[28.5428,70.98280000000061]]],[[[24.6872,71.0044000000006],[24.6872,71.0152000000006],[24.5792,71.0152000000006],[24.5792,71.03680000000061],[24.59,71.03680000000061],[24.59,71.02600000000061],[24.7844,71.02600000000061],[24.7844,71.0044000000006],[24.806,71.0044000000006],[24.806,70.99360000000061],[24.752000000000002,70.99360000000061],[24.752000000000002,71.0044000000006],[24.6872,71.0044000000006]]],[[[23.9852,71.03680000000061],[23.9852,71.0476000000006],[23.9636,71.0476000000006],[23.9636,71.0584000000006],[23.9852,71.0584000000006],[23.9852,71.0692000000006],[24.0284,71.0692000000006],[24.0284,71.08000000000061],[24.104,71.08000000000061],[24.104,71.0692000000006],[24.1256,71.0692000000006],[24.1256,71.03680000000061],[24.0284,71.03680000000061],[24.0284,71.0476000000006],[23.996,71.0476000000006],[23.996,71.03680000000061],[23.9852,71.03680000000061]]],[[[28.3052,71.1124000000006],[28.3052,71.0908000000006],[28.3268,71.0908000000006],[28.3268,71.08000000000061],[28.2836,71.08000000000061],[28.2836,71.0692000000006],[28.2728,71.0692000000006],[28.2728,71.0908000000006],[28.208,71.0908000000006],[28.208,71.1016000000006],[28.1216,71.1016000000006],[28.1216,71.13400000000061],[28.154,71.13400000000061],[28.154,71.12320000000061],[28.1864,71.12320000000061],[28.1864,71.13400000000061],[28.2188,71.13400000000061],[28.2188,71.12320000000061],[28.262,71.12320000000061],[28.262,71.1124000000006],[28.3052,71.1124000000006]]],[[[27.6896,71.1664000000006],[27.6896,71.1556000000006],[27.7544,71.1556000000006],[27.7544,71.1448000000006],[27.776,71.1448000000006],[27.776,71.12320000000061],[27.7328,71.12320000000061],[27.7328,71.1124000000006],[27.722,71.1124000000006],[27.722,71.12320000000061],[27.5816,71.12320000000061],[27.5816,71.1124000000006],[27.5384,71.1124000000006],[27.5384,71.1016000000006],[27.5276,71.1016000000006],[27.5276,71.12320000000061],[27.4844,71.12320000000061],[27.4844,71.1448000000006],[27.506,71.1448000000006],[27.506,71.1556000000006],[27.5492,71.1556000000006],[27.5492,71.1664000000006],[27.560000000000002,71.1664000000006],[27.560000000000002,71.1556000000006],[27.5924,71.1556000000006],[27.5924,71.1664000000006],[27.6248,71.1664000000006],[27.6248,71.1556000000006],[27.678800000000003,71.1556000000006],[27.678800000000003,71.1664000000006],[27.6896,71.1664000000006]]],[[[25.3568,71.1448000000006],[25.2812,71.1448000000006],[25.2812,71.1556000000006],[25.3568,71.1556000000006],[25.3568,71.1448000000006]]],[[[25.7132,71.1880000000006],[25.6376,71.1880000000006],[25.6376,71.1988000000006],[25.7132,71.1988000000006],[25.7132,71.1880000000006]]]]}},{"type":"Feature","properties":{"threshold_kt":2.0,"kind":"mask","atlas":"NORKYST_SKAGERRAK, NORKYST_ROGALAND, NORKYST_VESTLAND, NORKYST_TRONDELAG, NORKYST_HELGELAND, NORKYST_LOFOTEN, NORKYST_TROMS, NORKYST_FINNMARK","resolution_m":800,"method":"max speed over 15 days hourly, all constituents","area_deg2":0.07},"geometry":{"type":"MultiPolygon","coordinates":[[[[11.9396,67.4796000000009],[11.9396,67.4904000000009],[11.972,67.4904000000009],[11.972,67.4796000000009],[11.9936,67.4796000000009],[11.9936,67.45800000000091],[11.9612,67.45800000000091],[11.9612,67.4796000000009],[11.9396,67.4796000000009]]],[[[12.0584,67.4904000000009],[12.08,67.4904000000009],[12.08,67.4796000000009],[12.026,67.4796000000009],[12.026,67.51200000000091],[12.0584,67.51200000000091],[12.0584,67.4904000000009]]],[[[12.5228,67.6416000000009],[12.5012,67.6416000000009],[12.5012,67.6632000000009],[12.5336,67.6632000000009],[12.5336,67.65240000000091],[12.5552,67.65240000000091],[12.5552,67.6200000000009],[12.5444,67.6200000000009],[12.5444,67.6308000000009],[12.5228,67.6308000000009],[12.5228,67.6416000000009]]],[[[12.9116,67.7820000000009],[12.9116,67.7712000000009],[12.8792,67.7712000000009],[12.8792,67.74960000000091],[12.8576,67.74960000000091],[12.8576,67.73880000000091],[12.8468,67.73880000000091],[12.8468,67.74960000000091],[12.7928,67.74960000000091],[12.7928,67.69560000000091],[12.6632,67.69560000000091],[12.6632,67.7064000000009],[12.6416,67.7064000000009],[12.6416,67.74960000000091],[12.6848,67.74960000000091],[12.6848,67.7604000000009],[12.6956,67.7604000000009],[12.6956,67.74960000000091],[12.728,67.74960000000091],[12.728,67.8144000000009],[12.6848,67.8144000000009],[12.6848,67.8252000000009],[12.7064,67.8252000000009],[12.7064,67.83600000000091],[12.7928,67.83600000000091],[12.7928,67.8252000000009],[12.89,67.8252000000009],[12.89,67.8144000000009],[12.9332,67.8144000000009],[12.9332,67.7820000000009],[12.9116,67.7820000000009]]],[[[13.1492,68.0628000000009],[13.1924,68.0844000000009],[13.1924,68.0628000000009],[13.1708,68.0628000000009],[13.1708,68.0196000000009],[13.16,68.0196000000009],[13.16,68.0520000000009],[13.1492,68.0520000000009],[13.1492,68.0628000000009]]],[[[13.2248,68.1060000000009],[13.2464,68.1060000000009],[13.2464,68.11680000000091],[13.257200000000001,68.11680000000091],[13.257200000000001,68.0952000000009],[13.2356,68.0952000000009],[13.2356,68.0844000000009],[13.2032,68.0844000000009],[13.2032,68.0952000000009],[13.2248,68.0952000000009],[13.2248,68.1060000000009]]],[[[13.4516,68.11680000000091],[13.4516,68.0844000000009],[13.4408,68.0844000000009],[13.4408,68.1600000000009],[13.4516,68.1600000000009],[13.4516,68.1492000000009],[13.4732,68.1492000000009],[13.4732,68.1384000000009],[13.4948,68.1384000000009],[13.4948,68.12760000000091],[13.4516,68.11680000000091]]],[[[14.1644,68.2356000000009],[14.1644,68.2464000000009],[14.2184,68.2464000000009],[14.2184,68.2356000000009],[14.1968,68.2356000000009],[14.1968,68.2248000000009],[14.1752,68.2248000000009],[14.1752,68.21400000000091],[14.142800000000001,68.21400000000091],[14.142800000000001,68.2356000000009],[14.1644,68.2356000000009]]],[[[14.24,68.26800000000091],[14.24,68.2788000000009],[14.2832,68.2896000000009],[14.2832,68.3004000000009],[14.3156,68.3004000000009],[14.3156,68.2896000000009],[14.294,68.2896000000009],[14.294,68.26800000000091],[14.272400000000001,68.26800000000091],[14.272400000000001,68.2572000000009],[14.2292,68.2464000000009],[14.2292,68.26800000000091],[14.24,68.26800000000091]]],[[[14.2852,68.33480000000091],[14.2852,68.32400000000091],[14.306799999999999,68.32400000000091],[14.306799999999999,68.3024000000009],[14.2744,68.3024000000009],[14.2744,68.33480000000091],[14.2852,68.33480000000091]]],[[[15.0304,68.3672000000009],[15.052,68.3672000000009],[15.052,68.3888000000009],[15.073599999999999,68.3888000000009],[15.073599999999999,68.3996000000009],[15.1168,68.3996000000009],[15.1168,68.42120000000091],[15.16,68.42120000000091],[15.16,68.4104000000009],[15.127600000000001,68.4104000000009],[15.127600000000001,68.3888000000009],[15.0844,68.3888000000009],[15.0844,68.3564000000009],[15.0304,68.3564000000009],[15.0304,68.3672000000009]]],[[[16.402,68.5508000000009],[16.3804,68.5508000000009],[16.3804,68.56160000000091],[16.3156,68.56160000000091],[16.3156,68.5508000000009],[16.3048,68.5508000000009],[16.3048,68.5724000000009],[16.3912,68.5724000000009],[16.3912,68.56160000000091],[16.4128,68.56160000000091],[16.4128,68.5508000000009],[16.4344,68.5508000000009],[16.4344,68.5400000000009],[16.402,68.5400000000009],[16.402,68.5508000000009]]],[[[16.51,68.5724000000009],[16.5424,68.5724000000009],[16.5424,68.56160000000091],[16.5208,68.56160000000091],[16.5208,68.5508000000009],[16.4452,68.5508000000009],[16.4452,68.56160000000091],[16.51,68.56160000000091],[16.51,68.5724000000009]]],[[[18.7024,69.55520000000091],[18.7024,69.5660000000009],[18.7132,69.5660000000009],[18.7132,69.55520000000091],[18.7456,69.55520000000091],[18.7456,69.5660000000009],[18.7672,69.5660000000009],[18.7672,69.5768000000009],[18.832,69.5876000000009],[18.832,69.5660000000009],[18.8104,69.5660000000009],[18.8104,69.55520000000091],[18.7564,69.55520000000091],[18.7564,69.5444000000009],[18.6376,69.5444000000009],[18.6376,69.55520000000091],[18.7024,69.55520000000091]]],[[[18.9292,69.8468000000009],[18.907600000000002,69.8468000000009],[18.907600000000002,69.8576000000009],[18.94,69.8576000000009],[18.94,69.8468000000009],[18.9832,69.8468000000009],[18.994,69.8252000000009],[18.9724,69.8252000000009],[18.9724,69.83600000000091],[18.9292,69.83600000000091],[18.9292,69.8468000000009]]],[[[18.8968,70.0412000000009],[18.8968,70.03040000000091],[18.8104,70.03040000000091],[18.8104,70.0196000000009],[18.799599999999998,70.0196000000009],[18.799599999999998,70.0412000000009],[18.8968,70.0412000000009]]],[[[19.0696,70.11680000000091],[19.102,70.11680000000091],[19.102,70.1060000000009],[19.166800000000002,70.1060000000009],[19.166800000000002,70.0952000000009],[19.0912,70.0952000000009],[19.0912,70.1060000000009],[19.0696,70.1060000000009],[19.0696,70.11680000000091]]],[[[19.0372,70.1492000000009],[19.0372,70.1384000000009],[19.0588,70.1384000000009],[19.0588,70.11680000000091],[19.0048,70.11680000000091],[19.0048,70.12760000000091],[18.9832,70.12760000000091],[18.9832,70.1492000000009],[19.0372,70.1492000000009]]],[[[19.3072,70.2788000000009],[19.3288,70.2788000000009],[19.3288,70.26800000000091],[19.3072,70.26800000000091],[19.3072,70.2572000000009],[19.2964,70.2572000000009],[19.2964,70.26800000000091],[19.264,70.26800000000091],[19.264,70.2572000000009],[19.1992,70.2572000000009],[19.1992,70.2464000000009],[19.1884,70.2464000000009],[19.1884,70.2572000000009],[19.156,70.2572000000009],[19.156,70.26800000000091],[19.1128,70.26800000000091],[19.1128,70.2896000000009],[19.1344,70.2896000000009],[19.1344,70.3004000000009],[19.156,70.3004000000009],[19.156,70.31120000000091],[19.166800000000002,70.31120000000091],[19.166800000000002,70.3004000000009],[19.21,70.3004000000009],[19.21,70.31120000000091],[19.264,70.31120000000091],[19.264,70.3004000000009],[19.3072,70.3004000000009],[19.3072,70.2788000000009]]],[[[23.0996,70.84240000000061],[23.0996,70.8208000000006],[23.0348,70.8208000000006],[23.0348,70.8316000000006],[23.0888,70.8316000000006],[23.0888,70.84240000000061],[23.0996,70.84240000000061]]],[[[22.9484,70.8640000000006],[22.97,70.8640000000006],[22.97,70.8748000000006],[23.024,70.8748000000006],[23.024,70.8640000000006],[23.0024,70.8640000000006],[23.0024,70.8532000000006],[22.980800000000002,70.8532000000006],[22.980800000000002,70.84240000000061],[22.9484,70.84240000000061],[22.9484,70.8640000000006]]],[[[25.4756,70.9612000000006],[25.5188,70.9612000000006],[25.5188,70.9504000000006],[25.562,70.93960000000061],[25.562,70.9288000000006],[25.529600000000002,70.9288000000006],[25.529600000000002,70.93960000000061],[25.508,70.93960000000061],[25.508,70.9504000000006],[25.4648,70.9504000000006],[25.4648,70.9612000000006],[25.4324,70.9612000000006],[25.4324,70.9720000000006],[25.389200000000002,70.9720000000006],[25.389200000000002,70.98280000000061],[25.3676,70.98280000000061],[25.3676,70.99360000000061],[25.346,70.99360000000061],[25.346,71.0044000000006],[25.3784,71.0044000000006],[25.3784,70.99360000000061],[25.4,70.99360000000061],[25.4,70.98280000000061],[25.4432,70.98280000000061],[25.4432,70.9720000000006],[25.4756,70.9720000000006],[25.4756,70.9612000000006]]],[[[24.0068,71.0476000000006],[24.0068,71.0584000000006],[24.0392,71.0584000000006],[24.0392,71.0476000000006],[24.0824,71.0476000000006],[24.0824,71.03680000000061],[24.0284,71.03680000000061],[24.0284,71.0476000000006],[24.0068,71.0476000000006]]],[[[28.1648,71.1124000000006],[28.2404,71.1124000000006],[28.2404,71.1016000000006],[28.2188,71.1016000000006],[28.2188,71.0908000000006],[28.208,71.0908000000006],[28.208,71.1016000000006],[28.1648,71.1016000000006],[28.1648,71.1124000000006]]],[[[27.700400000000002,71.13400000000061],[27.5924,71.13400000000061],[27.5924,71.1556000000006],[27.7112,71.1556000000006],[27.7112,71.1448000000006],[27.7328,71.1448000000006],[27.7328,71.13400000000061],[27.7112,71.13400000000061],[27.7112,71.12320000000061],[27.700400000000002,71.12320000000061],[27.700400000000002,71.13400000000061]]]]}},{"type":"Feature","properties":{"threshold_kt":3.0,"kind":"mask","atlas":"NORKYST_SKAGERRAK, NORKYST_ROGALAND, NORKYST_VESTLAND, NORKYST_TRONDELAG, NORKYST_HELGELAND, NORKYST_LOFOTEN, NORKYST_TROMS, NORKYST_FINNMARK","resolution_m":800,"method":"max speed over 15 days hourly, all constituents","area_deg2":0.01},"geometry":{"type":"MultiPolygon","coordinates":[[[[12.7604,67.7172000000009],[12.7388,67.7172000000009],[12.7388,67.7064000000009],[12.7172,67.7064000000009],[12.7172,67.69560000000091],[12.6848,67.69560000000091],[12.6848,67.73880000000091],[12.7064,67.73880000000091],[12.7064,67.74960000000091],[12.7604,67.74960000000091],[12.7604,67.7172000000009]]],[[[12.8792,67.8144000000009],[12.8792,67.8036000000009],[12.836,67.79280000000091],[12.836,67.7820000000009],[12.8144,67.7820000000009],[12.8144,67.7604000000009],[12.7604,67.7604000000009],[12.7604,67.8036000000009],[12.749600000000001,67.8036000000009],[12.749600000000001,67.8144000000009],[12.782,67.8144000000009],[12.782,67.8252000000009],[12.7928,67.8252000000009],[12.7928,67.8144000000009],[12.8792,67.8144000000009]]],[[[25.4432,70.9720000000006],[25.4756,70.9720000000006],[25.4756,70.9612000000006],[25.5188,70.9612000000006],[25.5188,70.9504000000006],[25.562,70.93960000000061],[25.562,70.9288000000006],[25.529600000000002,70.9288000000006],[25.529600000000002,70.93960000000061],[25.508,70.93960000000061],[25.508,70.9504000000006],[25.4648,70.9504000000006],[25.4648,70.9612000000006],[25.4324,70.9612000000006],[25.4324,70.9720000000006],[25.389200000000002,70.9720000000006],[25.389200000000002,70.98280000000061],[25.4432,70.98280000000061],[25.4432,70.9720000000006]]]]}},{"type":"Feature","properties":{"threshold_kt":5.0,"kind":"mask","atlas":"NORKYST_SKAGERRAK, NORKYST_ROGALAND, NORKYST_VESTLAND, NORKYST_TRONDELAG, NORKYST_HELGELAND, NORKYST_LOFOTEN, NORKYST_TROMS, NORKYST_FINNMARK","resolution_m":800,"method":"max speed over 15 days hourly, all constituents","area_deg2":0.0},"geometry":{"type":"MultiPolygon","coordinates":[]}}]}