{"type":"FeatureCollection","name":"tidal_current_mask_cmems","generated_at":"2026-09-20T15:41:27+00:00","source":"Copernicus Marine Service, cmems_mod_nws_phy-cur_anfc_1.5km-2D_PT1H-i; Copernicus Marine Service, cmems_mod_ibi_phy_anfc_0.027deg-2D_PT1H-m; Copernicus Marine Service, cmems_mod_med_phy-cur_anfc_4.2km-2D_PT1H-m, harmonic atlases in the standard format (docs/harmonic_atlas_format.md)","features":[{"type":"Feature","properties":{"threshold_kt":0.5,"atlas":"CMEMS_NWS, CMEMS_IBI, CMEMS_MED","resolution_m":1500,"method":"max speed over 15 days hourly, all constituents","area_deg2":160.58},"geometry":{"type":"MultiPolygon","coordinates":[[[[-14.8285,27.82250000000076],[-14.869,27.74150000000076],[-14.95,27.74150000000076],[-14.9905,27.66050000000076],[-15.112,27.66050000000076],[-15.112,27.620000000000758],[-15.274000000000001,27.620000000000758],[-15.274000000000001,27.66050000000076],[-15.3955,27.66050000000076],[-15.3955,27.74150000000076],[-15.436,27.74150000000076],[-15.436,27.782000000000757],[-15.3955,27.782000000000757],[-15.3955,27.863000000000756],[-15.355,27.863000000000756],[-15.355,27.984500000000757],[-15.314499999999999,27.984500000000757],[-15.314499999999999,28.02500000000076],[-15.193,28.02500000000076],[-15.193,27.984500000000757],[-15.1525,27.984500000000757],[-15.1525,27.94400000000076],[-15.0715,27.94400000000076],[-15.0715,27.903500000000758],[-14.95,27.903500000000758],[-14.95,27.94400000000076],[-14.9095,27.94400000000076],[-14.9095,28.065500000000757],[-14.869,28.065500000000757],[-14.869,28.146500000000756],[-14.545,28.146500000000756],[-14.5045,28.227500000000756],[-14.4235,28.227500000000756],[-14.4235,28.146500000000756],[-14.383,28.146500000000756],[-14.383,28.10600000000076],[-14.463999999999999,28.10600000000076],[-14.463999999999999,28.02500000000076],[-14.545,27.984500000000757],[-14.545,27.903500000000758],[-14.747499999999999,27.903500000000758],[-14.747499999999999,27.863000000000756],[-14.8285,27.82250000000076]]],[[[-15.9625,27.903500000000758],[-15.9625,27.94400000000076],[-16.003,27.94400000000076],[-16.003,28.065500000000757],[-15.9625,28.065500000000757],[-15.922,28.146500000000756],[-15.841,28.146500000000756],[-15.841,28.227500000000756],[-15.679,28.227500000000756],[-15.679,28.187000000000758],[-15.7195,28.187000000000758],[-15.7195,28.10600000000076],[-15.76,28.10600000000076],[-15.76,28.02500000000076],[-15.8005,28.02500000000076],[-15.8005,27.863000000000756],[-15.881499999999999,27.863000000000756],[-15.881499999999999,27.903500000000758],[-15.9625,27.903500000000758]]],[[[-13.0465,27.903500000000758],[-13.0465,27.863000000000756],[-13.087,27.863000000000756],[-13.087,28.146500000000756],[-12.925,28.187000000000758],[-12.925,28.30850000000076],[-12.8845,28.30850000000076],[-12.8845,28.227500000000756],[-12.844,28.227500000000756],[-12.844,28.02500000000076],[-12.8035,28.02500000000076],[-12.8035,27.984500000000757],[-12.8845,27.984500000000757],[-12.8845,27.94400000000076],[-12.965499999999999,27.94400000000076],[-12.965499999999999,27.903500000000758],[-13.0465,27.903500000000758]]],[[[-16.3675,28.227500000000756],[-16.3675,28.30850000000076],[-16.326999999999998,28.30850000000076],[-16.326999999999998,28.227500000000756],[-16.246,28.227500000000756],[-16.246,28.10600000000076],[-16.326999999999998,28.10600000000076],[-16.326999999999998,28.02500000000076],[-16.489,28.02500000000076],[-16.489,27.94400000000076],[-16.57,27.984500000000757],[-16.5295,28.065500000000757],[-16.4485,28.065500000000757],[-16.408,28.227500000000756],[-16.3675,28.227500000000756]]],[[[-13.9375,28.187000000000758],[-13.8565,28.349000000000757],[-13.775500000000001,28.30850000000076],[-13.775500000000001,28.268000000000757],[-13.815999999999999,28.268000000000757],[-13.815999999999999,28.187000000000758],[-13.9375,28.187000000000758]]],[[[-16.813,28.10600000000076],[-16.813,28.065500000000757],[-16.732,28.065500000000757],[-16.732,28.02500000000076],[-16.8535,28.02500000000076],[-16.894,27.94400000000076],[-17.137,27.94400000000076],[-17.137,27.984500000000757],[-17.218,27.984500000000757],[-17.218,28.02500000000076],[-17.137,28.065500000000757],[-17.137,28.187000000000758],[-17.3395,28.187000000000758],[-17.3395,28.065500000000757],[-17.5015,28.02500000000076],[-17.5015,28.227500000000756],[-17.4205,28.227500000000756],[-17.4205,28.30850000000076],[-17.38,28.30850000000076],[-17.38,28.430000000000756],[-17.1775,28.430000000000756],[-17.1775,28.511000000000756],[-17.0965,28.551500000000757],[-17.0965,28.59200000000076],[-17.0155,28.59200000000076],[-17.0155,28.551500000000757],[-16.8535,28.511000000000756],[-16.8535,28.470500000000758],[-16.813,28.470500000000758],[-16.813,28.38950000000076],[-16.8535,28.38950000000076],[-16.8535,28.10600000000076],[-16.813,28.10600000000076]]],[[[-17.704,28.551500000000757],[-17.704,28.430000000000756],[-17.6635,28.430000000000756],[-17.6635,28.349000000000757],[-17.704,28.349000000000757],[-17.704,28.30850000000076],[-17.866,28.349000000000757],[-17.866,28.470500000000758],[-17.785,28.470500000000758],[-17.7445,28.551500000000757],[-17.704,28.551500000000757]]],[[[-13.087,28.349000000000757],[-13.087,28.551500000000757],[-13.1275,28.551500000000757],[-13.1275,28.67300000000076],[-13.087,28.67300000000076],[-13.087,28.713500000000757],[-13.006,28.713500000000757],[-13.006,28.67300000000076],[-12.8845,28.67300000000076],[-12.8845,28.59200000000076],[-12.925,28.59200000000076],[-12.925,28.551500000000757],[-12.965499999999999,28.551500000000757],[-12.965499999999999,28.30850000000076],[-13.0465,28.30850000000076],[-13.0465,28.349000000000757],[-13.087,28.349000000000757]]],[[[-16.1245,28.470500000000758],[-16.1245,28.59200000000076],[-16.165,28.59200000000076],[-16.1245,28.67300000000076],[-16.0435,28.632500000000757],[-16.084,28.470500000000758],[-16.1245,28.470500000000758]]],[[[-17.9875,28.835000000000758],[-17.9875,28.713500000000757],[-18.109,28.713500000000757],[-18.109,28.794500000000756],[-18.0685,28.794500000000756],[-18.028,28.87550000000076],[-17.947,28.87550000000076],[-17.947,28.916000000000757],[-17.9065,28.916000000000757],[-17.9065,28.835000000000758],[-17.9875,28.835000000000758]]],[[[-13.411,29.15900000000076],[-13.4515,29.32100000000076],[-13.2895,29.32100000000076],[-13.2895,29.280500000000757],[-13.2085,29.280500000000757],[-13.2085,29.15900000000076],[-13.411,29.15900000000076]]],[[[-12.600999999999999,29.80700000000076],[-12.7225,29.80700000000076],[-12.7225,29.847500000000757],[-12.763,29.847500000000757],[-12.763,29.969000000000758],[-12.8035,29.969000000000758],[-12.8035,30.050000000000757],[-12.844,30.050000000000757],[-12.844,30.131000000000757],[-12.7225,30.131000000000757],[-12.681999999999999,30.050000000000757],[-12.600999999999999,30.050000000000757],[-12.600999999999999,30.009500000000756],[-12.560500000000001,30.009500000000756],[-12.560500000000001,29.928500000000756],[-12.52,29.928500000000756],[-12.52,29.847500000000757],[-12.600999999999999,29.847500000000757],[-12.600999999999999,29.80700000000076]]],[[[-13.573,31.22450000000076],[-13.573,31.06250000000076],[-13.654,31.06250000000076],[-13.654,31.10300000000076],[-13.6945,31.10300000000076],[-13.6945,31.184000000000758],[-13.775500000000001,31.184000000000758],[-13.735,31.265000000000757],[-13.573,31.22450000000076]]],[[[-10.2925,31.10300000000076],[-10.3735,31.10300000000076],[-10.3735,31.143500000000756],[-10.414,31.143500000000756],[-10.414,31.184000000000758],[-10.4545,31.184000000000758],[-10.4545,31.265000000000757],[-10.6165,31.265000000000757],[-10.6165,31.143500000000756],[-10.657,31.143500000000756],[-10.657,31.10300000000076],[-10.9,31.10300000000076],[-10.9,31.184000000000758],[-10.9405,31.184000000000758],[-10.9405,31.265000000000757],[-10.981,31.265000000000757],[-10.981,31.42700000000076],[-10.8595,31.42700000000076],[-10.8595,31.38650000000076],[-10.7785,31.38650000000076],[-10.738,31.305500000000755],[-10.6165,31.305500000000755],[-10.6165,31.42700000000076],[-10.576,31.42700000000076],[-10.576,31.467500000000758],[-10.495,31.467500000000758],[-10.4545,31.38650000000076],[-10.414,31.38650000000076],[-10.414,31.305500000000755],[-10.251999999999999,31.305500000000755],[-10.251999999999999,31.265000000000757],[-10.2115,31.265000000000757],[-10.2115,31.184000000000758],[-10.251999999999999,31.184000000000758],[-10.2925,31.10300000000076]]],[[[-16.610500000000002,32.72300000000076],[-16.4485,32.72300000000076],[-16.4485,32.56100000000076],[-16.651,32.56100000000076],[-16.651,32.601500000000755],[-16.732,32.601500000000755],[-16.732,32.72300000000076],[-16.6915,32.72300000000076],[-16.6915,32.804000000000755],[-16.610500000000002,32.804000000000755],[-16.610500000000002,32.72300000000076]]],[[[-12.6415,34.869500000000755],[-12.6415,34.82900000000076],[-12.844,34.82900000000076],[-12.844,34.91000000000076],[-12.925,34.91000000000076],[-12.925,35.03150000000076],[-12.965499999999999,35.03150000000076],[-12.965499999999999,35.15300000000076],[-13.006,35.15300000000076],[-13.006,35.23400000000076],[-12.925,35.27450000000076],[-12.925,35.31500000000076],[-12.8035,35.31500000000076],[-12.8035,35.27450000000076],[-12.7225,35.23400000000076],[-12.7225,35.19350000000075],[-12.681999999999999,35.19350000000075],[-12.681999999999999,35.11250000000076],[-12.600999999999999,35.072000000000756],[-12.600999999999999,34.869500000000755],[-12.6415,34.869500000000755]]],[[[-11.386,36.44900000000076],[-11.386,36.368000000000755],[-11.548,36.327500000000754],[-11.5885,36.40850000000076],[-11.6695,36.40850000000076],[-11.6695,36.44900000000076],[-11.71,36.44900000000076],[-11.71,36.530000000000754],[-11.750499999999999,36.530000000000754],[-11.750499999999999,36.570500000000756],[-11.71,36.570500000000756],[-11.71,36.81350000000076],[-11.548,36.81350000000076],[-11.548,36.85400000000076],[-11.466999999999999,36.85400000000076],[-11.466999999999999,36.89450000000076],[-11.305,36.935000000000755],[-11.305,36.97550000000076],[-11.224,36.97550000000076],[-11.224,36.89450000000076],[-11.2645,36.89450000000076],[-11.2645,36.85400000000076],[-11.386,36.85400000000076],[-11.386,36.732500000000755],[-11.2645,36.732500000000755],[-11.2645,36.48950000000076],[-11.3455,36.48950000000076],[-11.3455,36.44900000000076],[-11.386,36.44900000000076]]],[[[-14.383,36.773000000000756],[-14.099499999999999,36.773000000000756],[-14.099499999999999,36.732500000000755],[-14.0185,36.732500000000755],[-14.0185,36.61100000000076],[-14.099499999999999,36.61100000000076],[-14.099499999999999,36.570500000000756],[-14.2615,36.570500000000756],[-14.2615,36.65150000000076],[-14.342500000000001,36.65150000000076],[-14.342500000000001,36.69200000000076],[-14.383,36.69200000000076],[-14.383,36.773000000000756]]],[[[-11.386,42.88850000000076],[-11.386,42.84800000000076],[-11.305,42.84800000000076],[-11.305,42.80750000000076],[-11.0215,42.80750000000076],[-11.0215,42.767000000000756],[-10.9405,42.726500000000755],[-10.9405,42.64550000000076],[-10.9,42.64550000000076],[-10.9,42.60500000000076],[-10.9405,42.60500000000076],[-10.9405,42.52400000000076],[-10.981,42.52400000000076],[-10.981,42.44300000000076],[-11.183499999999999,42.44300000000076],[-11.183499999999999,42.24050000000076],[-11.386,42.24050000000076],[-11.386,42.200000000000756],[-11.5885,42.200000000000756],[-11.5885,42.24050000000076],[-11.6695,42.24050000000076],[-11.6695,42.362000000000755],[-11.5885,42.40250000000076],[-11.5885,42.48350000000076],[-11.5075,42.48350000000076],[-11.5075,42.60500000000076],[-11.5885,42.60500000000076],[-11.5885,42.68600000000076],[-11.71,42.68600000000076],[-11.71,42.64550000000076],[-11.750499999999999,42.64550000000076],[-11.750499999999999,42.68600000000076],[-11.993500000000001,42.726500000000755],[-11.993500000000001,42.60500000000076],[-12.115,42.60500000000076],[-12.115,42.68600000000076],[-12.033999999999999,42.68600000000076],[-12.033999999999999,42.84800000000076],[-11.993500000000001,42.84800000000076],[-11.993500000000001,42.96950000000076],[-12.033999999999999,42.96950000000076],[-12.033999999999999,43.131500000000756],[-11.953,43.131500000000756],[-11.9125,43.05050000000076],[-11.8315,43.05050000000076],[-11.8315,43.01000000000076],[-11.71,43.01000000000076],[-11.71,42.96950000000076],[-11.629,42.96950000000076],[-11.629,42.929000000000755],[-11.5075,42.929000000000755],[-11.5075,42.88850000000076],[-11.386,42.88850000000076]]],[[[-10.657,44.30600000000076],[-10.576,44.30600000000076],[-10.576,44.18450000000076],[-10.657,44.18450000000076],[-10.657,44.14400000000076],[-10.9,44.18450000000076],[-10.9,44.22500000000076],[-10.981,44.22500000000076],[-10.981,44.34650000000076],[-10.657,44.34650000000076],[-10.657,44.30600000000076]]],[[[-11.750499999999999,44.38700000000076],[-11.750499999999999,44.427500000000755],[-11.466999999999999,44.427500000000755],[-11.466999999999999,44.38700000000076],[-11.386,44.38700000000076],[-11.386,44.34650000000076],[-11.3455,44.34650000000076],[-11.3455,44.30600000000076],[-11.5075,44.30600000000076],[-11.5075,44.34650000000076],[-11.6695,44.34650000000076],[-11.6695,44.38700000000076],[-11.750499999999999,44.38700000000076]]],[[[-11.9038,49.22769999999906],[-11.9038,49.207399999999055],[-12.0459,49.207399999999055],[-12.0459,49.329199999999055],[-12.0053,49.329199999999055],[-12.0053,49.36979999999906],[-11.985,49.36979999999906],[-11.985,49.39009999999906],[-11.9444,49.39009999999906],[-11.9444,49.41039999999906],[-11.8429,49.41039999999906],[-11.8429,49.39009999999906],[-11.8023,49.39009999999906],[-11.8023,49.36979999999906],[-11.7414,49.36979999999906],[-11.7414,49.329199999999055],[-11.782,49.329199999999055],[-11.782,49.26829999999906],[-11.8023,49.26829999999906],[-11.8023,49.22769999999906],[-11.9038,49.22769999999906]]],[[[-10.2595,56.21089999999906],[-10.2595,56.231199999999056],[-10.3204,56.231199999999056],[-10.3204,56.251499999999055],[-10.3407,56.251499999999055],[-10.3407,56.27179999999906],[-10.3204,56.27179999999906],[-10.3204,56.33269999999906],[-10.3407,56.33269999999906],[-10.3407,56.373299999999055],[-10.3813,56.373299999999055],[-10.3813,56.393599999999054],[-10.1783,56.393599999999054],[-10.1783,56.373299999999055],[-10.1377,56.373299999999055],[-10.1377,56.35299999999906],[-10.1174,56.35299999999906],[-10.1174,56.31239999999906],[-10.0565,56.31239999999906],[-10.0565,56.251499999999055],[-10.1377,56.251499999999055],[-10.1377,56.231199999999056],[-10.2595,56.21089999999906]]],[[[-10.0159,56.96199999999906],[-10.0565,56.96199999999906],[-10.0565,56.94169999999906],[-10.1174,56.94169999999906],[-10.1377,56.901099999999055],[-10.4422,56.901099999999055],[-10.4422,56.92139999999905],[-10.5031,56.92139999999905],[-10.5031,56.94169999999906],[-10.5234,56.94169999999906],[-10.5234,56.98229999999906],[-10.5031,56.98229999999906],[-10.5031,57.002599999999056],[-10.4625,57.002599999999056],[-10.4625,57.04319999999906],[-10.3813,57.04319999999906],[-10.3813,57.08379999999906],[-10.3407,57.08379999999906],[-10.3407,57.10409999999906],[-10.3001,57.10409999999906],[-10.3001,57.08379999999906],[-10.2189,57.08379999999906],[-10.2189,57.10409999999906],[-9.955,57.10409999999906],[-9.955,57.08379999999906],[-9.8941,57.08379999999906],[-9.8941,57.06349999999906],[-9.9347,57.06349999999906],[-9.9347,57.04319999999906],[-9.9956,57.04319999999906],[-10.0159,56.96199999999906]]],[[[-11.2745,57.36799999999906],[-11.315100000000001,57.36799999999906],[-11.315100000000001,57.388299999999056],[-11.376,57.388299999999056],[-11.376,57.42889999999906],[-11.3963,57.42889999999906],[-11.3963,57.44919999999906],[-11.376,57.44919999999906],[-11.376,57.510099999999056],[-11.3354,57.510099999999056],[-11.3354,57.530399999999055],[-11.2542,57.530399999999055],[-11.2542,57.550699999999054],[-11.1324,57.550699999999054],[-11.1121,57.510099999999056],[-11.0715,57.510099999999056],[-11.0715,57.48979999999906],[-11.0512,57.48979999999906],[-11.0512,57.44919999999906],[-11.0106,57.44919999999906],[-11.0106,57.34769999999906],[-11.2745,57.34769999999906],[-11.2745,57.36799999999906]]],[[[-9.6911,59.25589999999906],[-9.711400000000001,59.215299999999054],[-9.772300000000001,59.215299999999054],[-9.772300000000001,59.194999999999055],[-9.8129,59.194999999999055],[-9.8129,59.174699999999056],[-9.8941,59.174699999999056],[-9.8941,59.15439999999906],[-9.9347,59.15439999999906],[-9.9347,59.13409999999906],[-9.955,59.13409999999906],[-9.955,59.11379999999906],[-9.9956,59.11379999999906],[-9.9956,59.093499999999054],[-10.0768,59.093499999999054],[-10.0768,59.073199999999055],[-10.2392,59.073199999999055],[-10.2392,59.052899999999056],[-10.564,59.052899999999056],[-10.564,59.15439999999906],[-10.5843,59.15439999999906],[-10.5843,59.194999999999055],[-10.564,59.194999999999055],[-10.564,59.23559999999906],[-10.5234,59.23559999999906],[-10.5234,59.27619999999906],[-10.5031,59.27619999999906],[-10.5031,59.29649999999906],[-10.4625,59.29649999999906],[-10.4422,59.337099999999054],[-10.4016,59.337099999999054],[-10.4016,59.35739999999906],[-10.3407,59.35739999999906],[-10.3407,59.37769999999906],[-10.3001,59.37769999999906],[-10.3001,59.35739999999906],[-10.1377,59.35739999999906],[-10.1377,59.37769999999906],[-10.097100000000001,59.37769999999906],[-10.097100000000001,59.438599999999056],[-10.0768,59.438599999999056],[-10.0768,59.479199999999054],[-10.036200000000001,59.479199999999054],[-10.036200000000001,59.49949999999906],[-9.955,59.49949999999906],[-9.955,59.479199999999054],[-9.8129,59.479199999999054],[-9.8129,59.458899999999055],[-9.772300000000001,59.458899999999055],[-9.752,59.41829999999906],[-9.711400000000001,59.41829999999906],[-9.6911,59.37769999999906],[-9.650500000000001,59.37769999999906],[-9.650500000000001,59.25589999999906],[-9.6911,59.25589999999906]]],[[[-12.1474,60.43329999999906],[-12.1474,60.41299999999906],[-12.2083,60.41299999999906],[-12.2286,60.372399999999054],[-12.3301,60.372399999999054],[-12.3301,60.352099999999055],[-12.4113,60.352099999999055],[-12.4113,60.331799999999056],[-12.6955,60.331799999999056],[-12.6955,60.31149999999906],[-12.7767,60.331799999999056],[-12.7767,60.39269999999906],[-12.7158,60.39269999999906],[-12.7158,60.41299999999906],[-12.6752,60.41299999999906],[-12.6752,60.43329999999906],[-12.6549,60.43329999999906],[-12.6549,60.494199999999054],[-12.6143,60.494199999999054],[-12.6143,60.51449999999906],[-12.5534,60.51449999999906],[-12.5331,60.55509999999906],[-12.4722,60.55509999999906],[-12.4722,60.57539999999906],[-12.4316,60.57539999999906],[-12.4316,60.595699999999056],[-12.3504,60.595699999999056],[-12.3504,60.615999999999055],[-12.2895,60.615999999999055],[-12.2895,60.63629999999905],[-12.2083,60.63629999999905],[-12.2083,60.615999999999055],[-12.1677,60.615999999999055],[-12.1677,60.595699999999056],[-12.1068,60.595699999999056],[-12.1068,60.55509999999906],[-12.086500000000001,60.55509999999906],[-12.086500000000001,60.51449999999906],[-12.1068,60.51449999999906],[-12.1068,60.43329999999906],[-12.1474,60.43329999999906]]],[[[-5.8375,36.08450000000076],[-5.756499999999999,36.08450000000076],[-5.756499999999999,36.0672000000006],[-5.4664,36.0672000000006],[-5.4664,36.1240000000006],[-5.311,36.1240000000006],[-5.311,36.206000000000756],[-5.295999999999999,36.206000000000756],[-5.295999999999999,36.2376000000006],[-4.8416,36.2376000000006],[-4.8416,36.0672000000006],[-4.9552,36.0104000000006],[-4.9552,35.783200000000605],[-5.0275,35.747050000000606],[-5.0275,35.72000000000076],[-5.068,35.72000000000076],[-5.068,35.598500000000755],[-4.987,35.55800000000076],[-4.987,35.436500000000756],[-5.068,35.436500000000756],[-5.068,35.47700000000076],[-5.0687999999999995,35.47700000000076],[-5.0687999999999995,35.4424000000006],[-5.1256,35.4424000000006],[-5.1256,35.51120000000076],[-5.14799999999992,35.5560000000006],[-5.295999999999999,35.5560000000006],[-5.295999999999999,35.72000000000076],[-5.311,35.72000000000076],[-5.311,35.8400000000006],[-5.715999999999999,35.8400000000006],[-5.715999999999999,35.801000000000755],[-5.7504,35.801000000000755],[-5.7504,35.783200000000605],[-5.9208,35.783200000000605],[-5.9208,35.7264000000006],[-5.959,35.7264000000006],[-5.959,35.598500000000755],[-5.999499999999999,35.598500000000755],[-5.999499999999999,35.51750000000076],[-6.0344,35.51750000000076],[-6.0344,35.4992000000006],[-6.080499999999999,35.4992000000006],[-6.080499999999999,35.35550000000076],[-6.121,35.35550000000076],[-6.121,35.47700000000076],[-6.2829999999999995,35.47700000000076],[-6.2829999999999995,35.51750000000076],[-6.363999999999999,35.51750000000076],[-6.363999999999999,35.5560000000006],[-6.3751999999999995,35.5560000000006],[-6.3751999999999995,35.56360000000076],[-6.445,35.598500000000755],[-6.445,35.612800000000604],[-6.5456,35.612800000000604],[-6.5456,35.6696000000006],[-6.445,35.6696000000006],[-6.445,35.67950000000076],[-6.404499999999999,35.67950000000076],[-6.404499999999999,35.76050000000076],[-6.3751999999999995,35.76050000000076],[-6.3751999999999995,35.88200000000076],[-6.445,35.88200000000076],[-6.445,35.96300000000076],[-6.4855,35.96300000000076],[-6.4855,36.0371500000006],[-6.5456,36.0672000000006],[-6.5456,36.3512000000006],[-6.432,36.4080000000006],[-6.432,36.5216000000006],[-6.2616,36.5216000000006],[-6.2616,36.44900000000076],[-6.2425,36.44900000000076],[-6.2425,36.4080000000006],[-6.2048,36.4080000000006],[-6.2048,36.368000000000755],[-6.1615,36.368000000000755],[-6.1615,36.3512000000006],[-6.148,36.3512000000006],[-6.148,36.2944000000006],[-6.0912,36.2944000000006],[-6.087500000000079,36.28700000000076],[-6.080499999999999,36.28700000000076],[-6.080499999999999,36.2730000000006],[-6.047000000000077,36.206000000000756],[-5.9185,36.206000000000756],[-5.905899999999922,36.1808000000006],[-5.864,36.1808000000006],[-5.864,36.12500000000076],[-5.8375,36.12500000000076],[-5.8375,36.08450000000076]]],[[[-9.5635,36.570500000000756],[-9.5635,36.732500000000755],[-9.360999999999999,36.732500000000755],[-9.360999999999999,36.65150000000076],[-9.4015,36.65150000000076],[-9.442,36.570500000000756],[-9.5635,36.570500000000756]]],[[[-6.404499999999999,36.81350000000076],[-6.404499999999999,36.773000000000756],[-6.432,36.773000000000756],[-6.432,36.5784000000006],[-6.4888,36.5784000000006],[-6.4888,36.6352000000006],[-6.5456,36.6352000000006],[-6.5456,36.69200000000076],[-6.5665,36.69200000000076],[-6.5665,36.81350000000076],[-6.404499999999999,36.81350000000076]]],[[[-9.0775,36.97550000000076],[-9.0775,36.935000000000755],[-9.1585,36.89450000000076],[-9.2395,37.05650000000076],[-9.036999999999999,37.05650000000076],[-8.9965,36.97550000000076],[-9.0775,36.97550000000076]]],[[[-9.0775,37.29950000000076],[-9.0775,37.25900000000075],[-9.2395,37.25900000000075],[-9.2395,37.34000000000076],[-9.0775,37.42100000000076],[-9.0775,37.38050000000076],[-9.036999999999999,37.38050000000076],[-9.036999999999999,37.29950000000076],[-9.0775,37.29950000000076]]],[[[-9.0775,38.10950000000076],[-9.036999999999999,38.10950000000076],[-9.036999999999999,37.98800000000076],[-9.0775,37.98800000000076],[-9.0775,37.94750000000076],[-9.199,37.94750000000076],[-9.199,38.069000000000756],[-9.1585,38.069000000000756],[-9.118,38.23100000000076],[-9.0775,38.23100000000076],[-9.0775,38.10950000000076]]],[[[-9.7255,38.87900000000076],[-9.7255,38.83850000000076],[-9.604,38.83850000000076],[-9.604,38.798000000000755],[-9.644499999999999,38.798000000000755],[-9.644499999999999,38.75750000000076],[-9.8065,38.75750000000076],[-9.8065,38.798000000000755],[-9.927999999999999,38.798000000000755],[-9.927999999999999,38.83850000000076],[-10.009,38.83850000000076],[-10.009,38.87900000000076],[-10.171,38.87900000000076],[-10.2115,38.798000000000755],[-10.6165,38.798000000000755],[-10.6165,38.87900000000076],[-10.576,38.87900000000076],[-10.576,38.91950000000076],[-10.333,38.91950000000076],[-10.333,39.000500000000756],[-10.2925,39.000500000000756],[-10.2925,39.04100000000076],[-10.251999999999999,39.04100000000076],[-10.251999999999999,39.08150000000076],[-10.171,39.08150000000076],[-10.171,39.12200000000076],[-10.09,39.12200000000076],[-10.09,39.16250000000076],[-10.009,39.16250000000076],[-9.9685,39.08150000000076],[-9.927999999999999,39.08150000000076],[-9.927999999999999,39.000500000000756],[-9.847,39.000500000000756],[-9.8065,38.91950000000076],[-9.766,38.91950000000076],[-9.766,38.87900000000076],[-9.7255,38.87900000000076]]],[[[-9.766,39.16250000000076],[-9.766,39.24350000000076],[-9.847,39.24350000000076],[-9.8065,39.32450000000076],[-9.644499999999999,39.365000000000755],[-9.604,39.44600000000076],[-9.4015,39.44600000000076],[-9.4015,39.32450000000076],[-9.4825,39.28400000000076],[-9.442,39.04100000000076],[-9.4825,39.04100000000076],[-9.4825,39.08150000000076],[-9.604,39.08150000000076],[-9.604,39.16250000000076],[-9.766,39.16250000000076]]],[[[-10.09,42.24050000000076],[-10.09,42.32150000000076],[-9.9685,42.32150000000076],[-9.9685,42.28100000000076],[-9.927999999999999,42.28100000000076],[-9.927999999999999,42.24050000000076],[-10.09,42.24050000000076]]],[[[-9.644499999999999,42.96950000000076],[-9.644499999999999,43.01000000000076],[-9.7255,43.01000000000076],[-9.7255,43.09100000000076],[-9.5635,43.09100000000076],[-9.5635,43.05050000000076],[-9.523,43.05050000000076],[-9.523,42.96950000000076],[-9.644499999999999,42.96950000000076]]],[[[-9.1585,43.45550000000076],[-9.2395,43.45550000000076],[-9.2395,43.293500000000755],[-9.442,43.293500000000755],[-9.442,43.334000000000756],[-9.4825,43.334000000000756],[-9.4825,43.658000000000754],[-9.644499999999999,43.658000000000754],[-9.685,43.73900000000076],[-9.9685,43.73900000000076],[-10.009,43.82000000000076],[-10.09,43.82000000000076],[-10.09,43.90100000000076],[-9.927999999999999,43.90100000000076],[-9.927999999999999,43.860500000000755],[-9.4825,43.860500000000755],[-9.4825,43.82000000000076],[-9.442,43.82000000000076],[-9.442,43.77950000000076],[-9.3205,43.77950000000076],[-9.3205,43.658000000000754],[-9.2395,43.61750000000076],[-9.199,43.53650000000076],[-9.1585,43.53650000000076],[-9.1585,43.45550000000076]]],[[[-7.497999999999999,43.94150000000076],[-7.538499999999999,44.02250000000076],[-7.3765,44.063000000000756],[-7.3765,44.18450000000076],[-7.417,44.18450000000076],[-7.417,44.22500000000076],[-7.578999999999999,44.22500000000076],[-7.578999999999999,44.265500000000756],[-7.66,44.265500000000756],[-7.66,44.30600000000076],[-7.497999999999999,44.30600000000076],[-7.497999999999999,44.265500000000756],[-7.295499999999999,44.265500000000756],[-7.295499999999999,44.22500000000076],[-7.214499999999999,44.22500000000076],[-7.214499999999999,44.02250000000076],[-7.254999999999999,44.02250000000076],[-7.254999999999999,43.98200000000076],[-7.336,43.98200000000076],[-7.336,43.94150000000076],[-7.497999999999999,43.94150000000076]]],[[[-8.186499999999999,44.30600000000076],[-8.145999999999999,44.30600000000076],[-8.145999999999999,44.22500000000076],[-8.1055,44.22500000000076],[-8.1055,44.10350000000076],[-8.186499999999999,44.10350000000076],[-8.186499999999999,44.02250000000076],[-8.227,44.02250000000076],[-8.227,43.98200000000076],[-8.429499999999999,43.98200000000076],[-8.429499999999999,43.94150000000076],[-8.6725,43.94150000000076],[-8.713,43.860500000000755],[-8.794,43.860500000000755],[-8.794,43.90100000000076],[-8.956,43.90100000000076],[-8.956,43.94150000000076],[-8.9965,43.94150000000076],[-8.956,44.02250000000076],[-8.8345,44.02250000000076],[-8.8345,44.063000000000756],[-8.794,44.063000000000756],[-8.794,44.14400000000076],[-8.6725,44.14400000000076],[-8.6725,44.265500000000756],[-8.753499999999999,44.265500000000756],[-8.753499999999999,44.30600000000076],[-8.8345,44.34650000000076],[-8.8345,44.427500000000755],[-8.753499999999999,44.427500000000755],[-8.753499999999999,44.58950000000076],[-8.8345,44.630000000000756],[-8.794,44.792000000000755],[-8.753499999999999,44.792000000000755],[-8.753499999999999,44.832500000000756],[-8.5915,44.832500000000756],[-8.5915,44.792000000000755],[-8.5105,44.792000000000755],[-8.5105,44.67050000000076],[-8.469999999999999,44.67050000000076],[-8.469999999999999,44.58950000000076],[-8.389,44.58950000000076],[-8.3485,44.50850000000076],[-8.2675,44.50850000000076],[-8.2675,44.427500000000755],[-8.186499999999999,44.427500000000755],[-8.186499999999999,44.30600000000076]]],[[[-7.9030000000000005,44.630000000000756],[-7.821999999999999,44.630000000000756],[-7.781499999999999,44.54900000000076],[-7.984,44.54900000000076],[-7.984,44.630000000000756],[-8.0245,44.630000000000756],[-8.0245,44.67050000000076],[-7.9030000000000005,44.67050000000076],[-7.9030000000000005,44.630000000000756]]],[[[-7.417,44.792000000000755],[-7.4575,44.792000000000755],[-7.497999999999999,44.87300000000076],[-7.295499999999999,44.87300000000076],[-7.295499999999999,44.832500000000756],[-7.214499999999999,44.832500000000756],[-7.214499999999999,44.792000000000755],[-7.1739999999999995,44.792000000000755],[-7.1739999999999995,44.75150000000076],[-7.1335,44.75150000000076],[-7.1739999999999995,44.67050000000076],[-7.336,44.67050000000076],[-7.336,44.71100000000076],[-7.417,44.71100000000076],[-7.417,44.792000000000755]]],[[[-8.0245,45.23750000000076],[-8.0245,45.27800000000076],[-8.1055,45.27800000000076],[-8.145999999999999,45.359000000000755],[-8.3485,45.359000000000755],[-8.3485,45.31850000000076],[-8.5105,45.31850000000076],[-8.5105,45.359000000000755],[-8.5915,45.359000000000755],[-8.5915,45.39950000000076],[-8.551,45.39950000000076],[-8.5105,45.48050000000076],[-8.389,45.48050000000076],[-8.389,45.44000000000076],[-7.9435,45.44000000000076],[-7.9435,45.39950000000076],[-7.741,45.39950000000076],[-7.741,45.359000000000755],[-7.66,45.359000000000755],[-7.66,45.27800000000076],[-7.6195,45.27800000000076],[-7.6195,45.15650000000076],[-7.862499999999999,45.197000000000756],[-7.862499999999999,45.23750000000076],[-8.0245,45.23750000000076]]],[[[-7.519,46.04059999999906],[-7.5799,46.04059999999906],[-7.5799,46.06089999999906],[-7.620500000000001,46.06089999999906],[-7.620500000000001,46.08119999999906],[-7.6814,46.08119999999906],[-7.701700000000001,46.16239999999905],[-7.7423,46.16239999999905],[-7.7423,46.20299999999906],[-7.6814,46.20299999999906],[-7.6814,46.24359999999906],[-7.6408000000000005,46.24359999999906],[-7.6408000000000005,46.30449999999906],[-7.620500000000001,46.30449999999906],[-7.620500000000001,46.32479999999906],[-7.5799,46.32479999999906],[-7.5799,46.365399999999056],[-7.519,46.365399999999056],[-7.519,46.405999999999054],[-7.4581,46.405999999999054],[-7.4581,46.42629999999906],[-7.4378,46.42629999999906],[-7.4378,46.487199999999056],[-7.3566,46.44659999999906],[-7.3566,46.405999999999054],[-7.2551000000000005,46.405999999999054],[-7.234800000000001,46.365399999999056],[-7.173900000000001,46.365399999999056],[-7.173900000000001,46.34509999999906],[-7.1333,46.34509999999906],[-7.1333,46.32479999999906],[-7.0521,46.32479999999906],[-7.0521,46.30449999999906],[-7.011500000000001,46.30449999999906],[-7.011500000000001,46.28419999999906],[-6.9912,46.28419999999906],[-6.9912,46.263899999999055],[-6.9506000000000006,46.263899999999055],[-6.9506000000000006,46.24359999999906],[-6.930300000000001,46.24359999999906],[-6.930300000000001,46.20299999999906],[-6.8897,46.20299999999906],[-6.869400000000001,46.16239999999905],[-6.8085,46.16239999999905],[-6.8085,46.14209999999906],[-6.7679,46.14209999999906],[-6.7679,46.121799999999055],[-6.707000000000001,46.121799999999055],[-6.6867,46.08119999999906],[-6.625800000000001,46.08119999999906],[-6.6055,45.99999999999906],[-6.7285,45.99999999999906],[-6.7285,45.96650000000076],[-6.769,45.96650000000076],[-6.769,45.88550000000076],[-6.890499999999999,45.88550000000076],[-6.890499999999999,45.926000000000755],[-6.971499999999999,45.926000000000755],[-6.971499999999999,45.96650000000076],[-7.1335,45.96650000000076],[-7.1335,45.99999999999906],[-7.519,45.99999999999906],[-7.519,46.04059999999906]]],[[[-10.1377,52.04939999999905],[-10.1377,52.11029999999906],[-10.097100000000001,52.11029999999906],[-10.097100000000001,52.130599999999056],[-10.0768,52.130599999999056],[-10.0768,52.11029999999906],[-9.955,52.11029999999906],[-9.955,52.150899999999055],[-9.8941,52.150899999999055],[-9.8941,52.11029999999906],[-9.9347,52.11029999999906],[-9.9347,52.08999999999906],[-9.955,52.08999999999906],[-9.955,52.04939999999905],[-10.0159,52.04939999999905],[-10.0159,52.02909999999906],[-10.036200000000001,52.02909999999906],[-10.036200000000001,52.04939999999905],[-10.1377,52.04939999999905]]],[[[-9.6911,52.516299999999056],[-9.711400000000001,52.516299999999056],[-9.711400000000001,52.49599999999906],[-9.772300000000001,52.49599999999906],[-9.772300000000001,52.47569999999906],[-9.7926,52.47569999999906],[-9.7926,52.49599999999906],[-9.8535,52.49599999999906],[-9.8535,52.55689999999906],[-9.772300000000001,52.55689999999906],[-9.772300000000001,52.57719999999906],[-9.711400000000001,52.57719999999906],[-9.711400000000001,52.59749999999906],[-9.6708,52.59749999999906],[-9.6708,52.61779999999906],[-9.5084,52.61779999999906],[-9.5084,52.59749999999906],[-9.4678,52.59749999999906],[-9.4678,52.57719999999906],[-9.5287,52.57719999999906],[-9.5287,52.55689999999906],[-9.549,52.55689999999906],[-9.549,52.57719999999906],[-9.650500000000001,52.57719999999906],[-9.650500000000001,52.55689999999906],[-9.6911,52.55689999999906],[-9.6911,52.516299999999056]]],[[[-9.4069,52.98319999999906],[-9.4678,52.98319999999906],[-9.4678,52.94259999999906],[-9.4881,52.94259999999906],[-9.4881,52.98319999999906],[-9.5287,52.98319999999906],[-9.549,53.023799999999056],[-9.5896,53.023799999999056],[-9.6099,53.064399999999054],[-9.6708,53.064399999999054],[-9.6708,53.08469999999906],[-9.4678,53.08469999999906],[-9.4678,53.10499999999906],[-9.4272,53.10499999999906],[-9.4272,53.12529999999906],[-9.3663,53.12529999999906],[-9.3663,53.22679999999906],[-9.3054,53.22679999999906],[-9.3054,53.24709999999906],[-9.0212,53.24709999999906],[-9.0212,53.18619999999906],[-9.0415,53.18619999999906],[-9.0415,53.165899999999056],[-9.1633,53.165899999999056],[-9.1633,53.14559999999906],[-9.2851,53.14559999999906],[-9.2851,53.10499999999906],[-9.325700000000001,53.10499999999906],[-9.325700000000001,53.064399999999054],[-9.3866,53.064399999999054],[-9.4069,52.98319999999906]]],[[[-8.7776,54.74929999999905],[-8.7776,54.76959999999906],[-8.7167,54.76959999999906],[-8.7167,54.74929999999905],[-8.7573,54.74929999999905],[-8.7573,54.708699999999055],[-8.7776,54.708699999999055],[-8.7776,54.64779999999906],[-8.8588,54.64779999999906],[-8.8588,54.708699999999055],[-8.818200000000001,54.708699999999055],[-8.818200000000001,54.72899999999906],[-8.7776,54.74929999999905]]],[[[-5.3875,55.66279999999906],[-5.3875,55.56129999999906],[-5.4687,55.56129999999906],[-5.489000000000001,55.64249999999906],[-5.4687,55.64249999999906],[-5.4687,55.68309999999906],[-5.407800000000001,55.68309999999906],[-5.407800000000001,55.66279999999906],[-5.3875,55.66279999999906]]],[[[-5.712300000000001,57.18529999999906],[-5.712300000000001,57.20559999999906],[-5.6717,57.20559999999906],[-5.6717,57.266499999999056],[-5.712300000000001,57.266499999999056],[-5.712300000000001,57.286799999999054],[-5.5905000000000005,57.286799999999054],[-5.5905000000000005,57.266499999999056],[-5.631100000000001,57.266499999999056],[-5.631100000000001,57.20559999999906],[-5.651400000000001,57.20559999999906],[-5.651400000000001,57.18529999999906],[-5.692,57.18529999999906],[-5.692,57.144699999999055],[-5.732600000000001,57.144699999999055],[-5.732600000000001,57.18529999999906],[-5.712300000000001,57.18529999999906]]],[[[-8.594899999999999,59.88519999999906],[-8.7167,59.88519999999906],[-8.7167,59.946099999999056],[-8.594899999999999,59.92579999999906],[-8.594899999999999,59.88519999999906]]],[[[11.9712,34.8176000000006],[12.028000000000002,34.8176000000006],[12.028000000000002,34.704000000000605],[11.9712,34.704000000000605],[11.9712,34.6472000000006],[11.800800000000002,34.6472000000006],[11.800800000000002,34.5904000000006],[11.6872,34.5904000000006],[11.6872,34.3632000000006],[11.573600000000003,34.3632000000006],[11.573600000000003,34.4200000000006],[11.403200000000002,34.4200000000006],[11.403200000000002,34.0224000000006],[11.346400000000003,34.0224000000006],[11.346400000000003,33.9656000000006],[11.232800000000001,33.9656000000006],[11.176000000000002,33.8520000000006],[10.948800000000002,33.8520000000006],[10.948800000000002,33.9088000000006],[10.494400000000002,33.8520000000006],[10.4376,33.9656000000006],[10.324000000000002,33.9656000000006],[10.324000000000002,34.0792000000006],[10.2104,34.1360000000006],[10.2104,34.1928000000006],[10.267200000000003,34.1928000000006],[10.267200000000003,34.3632000000006],[10.324000000000002,34.3632000000006],[10.324000000000002,34.4200000000006],[10.3808,34.4200000000006],[10.3808,34.3632000000006],[10.608,34.3632000000006],[10.608,34.533600000000604],[10.778400000000001,34.533600000000604],[10.778400000000001,34.704000000000605],[10.8352,34.704000000000605],[10.8352,34.8176000000006],[10.948800000000002,34.8744000000006],[10.948800000000002,34.988000000000596],[11.0624,35.0448000000006],[11.0624,35.1584000000006],[11.1192,35.1584000000006],[11.1192,35.2152000000006],[11.346400000000003,35.1584000000006],[11.346400000000003,35.1016000000006],[11.46,35.1016000000006],[11.46,35.0448000000006],[11.573600000000003,35.0448000000006],[11.573600000000003,34.988000000000596],[11.9712,34.988000000000596],[11.9712,34.8176000000006]],[[11.630400000000002,34.7608000000006],[11.630400000000002,34.9312000000006],[11.346400000000003,34.9312000000006],[11.346400000000003,34.704000000000605],[11.573600000000003,34.704000000000605],[11.573600000000003,34.7608000000006],[11.630400000000002,34.7608000000006]]],[[[12.709600000000002,37.6008000000006],[12.709600000000002,37.4872000000006],[12.539200000000001,37.4872000000006],[12.539200000000001,37.4304000000006],[12.425600000000003,37.4304000000006],[12.425600000000003,37.3168000000006],[12.3688,37.3168000000006],[12.312000000000001,37.2032000000006],[12.255200000000002,37.2032000000006],[12.255200000000002,37.0896000000006],[11.9144,37.0328000000006],[11.9144,37.2600000000006],[11.573600000000003,37.2600000000006],[11.573600000000003,37.5440000000006],[11.6872,37.5440000000006],[11.744,37.6576000000006],[12.084800000000001,37.6576000000006],[12.084800000000001,37.7144000000006],[12.1984,37.771200000000604],[12.1984,37.9984000000006],[12.255200000000002,37.9984000000006],[12.255200000000002,38.1120000000006],[12.312000000000001,38.1120000000006],[12.312000000000001,37.941600000000605],[12.425600000000003,37.941600000000605],[12.425600000000003,37.7144000000006],[12.482400000000002,37.7144000000006],[12.482400000000002,37.6576000000006],[12.596,37.6576000000006],[12.596,37.6008000000006],[12.709600000000002,37.6008000000006]]],[[[15.720000000000002,38.2824000000006],[15.720000000000002,38.225600000000604],[15.6632,38.225600000000604],[15.6632,38.0552000000006],[15.436,37.9984000000006],[15.6064,38.3392000000006],[15.720000000000002,38.2824000000006]]],[[[-2.5127999999999995,44.0192000000006],[-2.5127999999999995,44.1328000000006],[-2.3423999999999996,44.1328000000006],[-2.3423999999999996,44.1896000000006],[-2.1719999999999997,44.1896000000006],[-2.1719999999999997,44.076000000000604],[-2.1151999999999997,44.076000000000604],[-2.1151999999999997,43.8488000000006],[-2.3423999999999996,43.8488000000006],[-2.3423999999999996,43.9624000000006],[-2.3991999999999996,43.9624000000006],[-2.3991999999999996,44.0192000000006],[-2.5127999999999995,44.0192000000006]]],[[[13.9024,44.7008000000006],[13.845600000000001,44.7008000000006],[13.845600000000001,44.7576000000006],[13.6752,44.7576000000006],[13.6752,44.8712000000006],[13.9024,44.8144000000006],[13.9024,44.7008000000006]]],[[[-2.0584,44.83947500000075],[-2.1852999999993625,44.8712000000006],[-2.2287999999999997,44.8712000000006],[-2.2287999999999997,44.91350000000076],[-2.2330000000000005,44.91350000000076],[-2.2402499999999215,44.9280000000006],[-2.435500000000001,44.9280000000006],[-2.435500000000001,44.832500000000756],[-2.4559999999999995,44.832500000000756],[-2.4559999999999995,44.8144000000006],[-2.5695999999999994,44.8144000000006],[-2.5695999999999994,44.8712000000006],[-2.6263999999999994,44.8712000000006],[-2.6263999999999994,44.93080000000076],[-2.637999999999998,44.95400000000076],[-2.6784999999999997,44.95400000000076],[-2.6784999999999997,45.15650000000076],[-2.8000000000000007,45.15650000000076],[-2.8404999999999987,45.23750000000076],[-2.921499999999998,45.23750000000076],[-2.921499999999998,45.27800000000076],[-2.9619999999999997,45.27800000000076],[-3.0024999999999995,45.359000000000755],[-3.083499999999999,45.359000000000755],[-3.1239999999999988,45.44000000000076],[-3.4885,45.44000000000076],[-3.5694999999999997,45.60200000000076],[-3.690999999999999,45.60200000000076],[-3.690999999999999,45.561500000000756],[-3.7314999999999987,45.561500000000756],[-3.7314999999999987,45.60200000000076],[-3.8125,45.60200000000076],[-3.8125,45.64250000000076],[-3.8934999999999995,45.68300000000076],[-3.8538750000002118,45.99999999999906],[-3.9259000000000004,45.99999999999906],[-3.9259000000000004,46.04059999999906],[-3.946200000000001,46.04059999999906],[-3.946200000000001,46.06089999999906],[-4.007100000000001,46.06089999999906],[-4.007100000000001,46.08119999999906],[-4.047700000000001,46.08119999999906],[-4.047700000000001,46.10149999999906],[-4.108600000000001,46.10149999999906],[-4.1289,46.14209999999906],[-4.331900000000001,46.14209999999906],[-4.331900000000001,46.121799999999055],[-4.392800000000001,46.121799999999055],[-4.392800000000001,46.10149999999906],[-4.474,46.10149999999906],[-4.474,46.08119999999906],[-4.494300000000001,46.08119999999906],[-4.494300000000001,46.10149999999906],[-4.5958000000000006,46.10149999999906],[-4.616100000000001,46.14209999999906],[-4.6364,46.14209999999906],[-4.6364,46.18269999999906],[-4.677000000000001,46.18269999999906],[-4.677000000000001,46.365399999999056],[-4.6364,46.365399999999056],[-4.6364,46.405999999999054],[-4.5958000000000006,46.42629999999906],[-4.5958000000000006,46.507499999999055],[-4.616100000000001,46.507499999999055],[-4.616100000000001,46.52779999999906],[-4.717600000000001,46.52779999999906],[-4.717600000000001,46.507499999999055],[-4.7379,46.507499999999055],[-4.7379,46.52779999999906],[-4.7582,46.52779999999906],[-4.7582,46.54809999999905],[-4.7988,46.54809999999905],[-4.819100000000001,46.58869999999906],[-4.940900000000001,46.60899999999906],[-4.940900000000001,46.62929999999906],[-5.042400000000001,46.62929999999906],[-5.042400000000001,46.649599999999054],[-5.103300000000001,46.649599999999054],[-5.103300000000001,46.66989999999906],[-5.184500000000001,46.66989999999906],[-5.184500000000001,46.69019999999906],[-5.2251,46.69019999999906],[-5.2251,46.71049999999906],[-5.3063,46.71049999999906],[-5.3063,46.73079999999906],[-5.346900000000001,46.73079999999906],[-5.346900000000001,46.751099999999056],[-5.3672,46.751099999999056],[-5.3672,46.791699999999054],[-5.428100000000001,46.791699999999054],[-5.428100000000001,46.83229999999906],[-5.4687,46.83229999999906],[-5.489000000000001,46.872899999999056],[-5.5296,46.872899999999056],[-5.549900000000001,46.95409999999906],[-5.5905000000000005,46.95409999999906],[-5.5905000000000005,46.97439999999906],[-5.6108,46.97439999999906],[-5.6108,47.014999999999056],[-5.651400000000001,47.014999999999056],[-5.651400000000001,47.035299999999054],[-5.712300000000001,47.035299999999054],[-5.712300000000001,47.014999999999056],[-5.8341,47.014999999999056],[-5.8341,47.035299999999054],[-5.9762,47.035299999999054],[-5.9762,47.05559999999906],[-6.0777,47.05559999999906],[-6.0777,47.07589999999906],[-6.2198,47.07589999999906],[-6.2198,47.09619999999906],[-6.260400000000001,47.09619999999906],[-6.260400000000001,47.11649999999906],[-6.321300000000001,47.11649999999906],[-6.341600000000001,47.15709999999906],[-6.3822,47.15709999999906],[-6.3822,47.19769999999906],[-6.4431,47.19769999999906],[-6.4431,47.21799999999906],[-6.5040000000000004,47.21799999999906],[-6.5040000000000004,47.23829999999906],[-6.788200000000001,47.23829999999906],[-6.788200000000001,47.258599999999056],[-6.8897,47.258599999999056],[-6.91,47.29919999999906],[-6.9506000000000006,47.29919999999906],[-6.9506000000000006,47.31949999999906],[-7.011500000000001,47.31949999999906],[-7.0318000000000005,47.36009999999906],[-7.0724,47.36009999999906],[-7.092700000000001,47.400699999999055],[-7.2551000000000005,47.400699999999055],[-7.2551000000000005,47.420999999999054],[-7.316000000000001,47.420999999999054],[-7.316000000000001,47.44129999999906],[-7.4378,47.44129999999906],[-7.4581,47.48189999999906],[-7.4987,47.48189999999906],[-7.4987,47.60369999999906],[-7.519,47.60369999999906],[-7.519,47.664599999999055],[-7.5596000000000005,47.664599999999055],[-7.5596000000000005,47.68489999999906],[-7.5799,47.68489999999906],[-7.5799,47.70519999999906],[-7.620500000000001,47.70519999999906],[-7.6408000000000005,47.74579999999906],[-7.6814,47.74579999999906],[-7.6814,47.76609999999906],[-7.7626,47.76609999999906],[-7.7626,47.786399999999055],[-7.8032,47.786399999999055],[-7.8032,47.806699999999054],[-7.8235,47.806699999999054],[-7.8235,47.82699999999906],[-7.8641000000000005,47.82699999999906],[-7.8641000000000005,47.84729999999906],[-7.9453000000000005,47.84729999999906],[-7.9453000000000005,47.86759999999906],[-7.9859,47.86759999999906],[-7.9859,47.88789999999906],[-8.3716,47.88789999999906],[-8.3716,47.92849999999906],[-8.432500000000001,47.92849999999906],[-8.432500000000001,48.00969999999906],[-8.554300000000001,48.00969999999906],[-8.554300000000001,48.029999999999056],[-8.594899999999999,48.029999999999056],[-8.594899999999999,48.050299999999055],[-8.6558,48.050299999999055],[-8.6558,48.09089999999906],[-9.1836,48.09089999999906],[-9.1836,48.15179999999906],[-9.2851,48.15179999999906],[-9.2851,48.13149999999906],[-9.346,48.13149999999906],[-9.346,48.21269999999906],[-9.4475,48.21269999999906],[-9.4475,48.172099999999055],[-9.6099,48.172099999999055],[-9.6099,48.192399999999054],[-9.650500000000001,48.192399999999054],[-9.650500000000001,48.25329999999906],[-9.6708,48.25329999999906],[-9.6708,48.27359999999906],[-9.650500000000001,48.27359999999906],[-9.650500000000001,48.31419999999906],[-9.5896,48.31419999999906],[-9.5896,48.33449999999905],[-9.4678,48.33449999999905],[-9.4678,48.415699999999056],[-9.5896,48.415699999999056],[-9.6099,48.45629999999906],[-9.6708,48.45629999999906],[-9.6708,48.47659999999906],[-9.711400000000001,48.47659999999906],[-9.711400000000001,48.49689999999906],[-9.7926,48.49689999999906],[-9.7926,48.51719999999906],[-9.8332,48.51719999999906],[-9.8332,48.537499999999056],[-9.8535,48.537499999999056],[-9.8535,48.557799999999055],[-9.9144,48.557799999999055],[-9.9144,48.578099999999054],[-9.9956,48.578099999999054],[-9.9956,48.557799999999055],[-10.1986,48.578099999999054],[-10.1986,48.61869999999906],[-10.2189,48.61869999999906],[-10.2189,48.63899999999906],[-10.2595,48.63899999999906],[-10.2595,48.74049999999906],[-10.2798,48.74049999999906],[-10.2798,48.76079999999906],[-10.3204,48.76079999999906],[-10.3407,48.801399999999056],[-10.3813,48.801399999999056],[-10.3813,48.821699999999055],[-10.4422,48.821699999999055],[-10.4422,48.84199999999906],[-10.5031,48.84199999999906],[-10.5031,48.86229999999906],[-10.7467,48.86229999999906],[-10.767,48.90289999999906],[-10.8888,48.90289999999906],[-10.9091,48.943499999999055],[-10.9497,48.943499999999055],[-10.9497,48.963799999999054],[-10.97,48.963799999999054],[-10.97,48.98409999999906],[-11.0106,48.98409999999906],[-11.0309,49.02469999999906],[-11.0715,49.02469999999906],[-11.0918,49.065299999999056],[-11.1324,49.065299999999056],[-11.1324,49.08559999999906],[-11.1933,49.08559999999906],[-11.1933,49.10589999999906],[-11.2542,49.10589999999906],[-11.2542,49.12619999999906],[-11.2745,49.12619999999906],[-11.2745,49.187099999999056],[-11.315100000000001,49.187099999999056],[-11.315100000000001,49.28859999999906],[-11.2745,49.28859999999906],[-11.2745,49.329199999999055],[-11.2542,49.329199999999055],[-11.2542,49.349499999999054],[-11.2136,49.349499999999054],[-11.2136,49.36979999999906],[-11.1933,49.36979999999906],[-11.1933,49.39009999999906],[-11.1527,49.39009999999906],[-11.1527,49.41039999999906],[-10.9497,49.41039999999906],[-10.9497,49.450999999999055],[-10.9091,49.450999999999055],[-10.9091,49.49159999999906],[-10.8888,49.49159999999906],[-10.868500000000001,49.572799999999056],[-10.8279,49.572799999999056],[-10.8076,49.65399999999906],[-10.767,49.65399999999906],[-10.767,49.91789999999906],[-10.8888,49.91789999999906],[-10.8888,49.93819999999906],[-10.9091,49.93819999999906],[-10.9091,49.99909999999906],[-10.9497,49.99909999999906],[-10.9497,50.18179999999906],[-10.9091,50.18179999999906],[-10.9091,50.222399999999055],[-10.8888,50.222399999999055],[-10.8888,50.30359999999906],[-10.868500000000001,50.30359999999906],[-10.868500000000001,50.44569999999906],[-10.8888,50.44569999999906],[-10.9091,50.608099999999055],[-10.97,50.608099999999055],[-10.97,50.62839999999906],[-11.0106,50.62839999999906],[-11.0106,50.66899999999906],[-11.0309,50.66899999999906],[-11.0309,50.750199999999055],[-11.0715,50.750199999999055],[-11.0715,50.77049999999906],[-11.0918,50.77049999999906],[-11.0918,50.79079999999906],[-11.1324,50.79079999999906],[-11.1527,50.83139999999906],[-11.1933,50.83139999999906],[-11.2136,50.87199999999906],[-11.2542,50.87199999999906],[-11.2745,50.95319999999906],[-11.315100000000001,50.95319999999906],[-11.315100000000001,50.993799999999055],[-11.3354,50.993799999999055],[-11.3354,51.01409999999906],[-11.376,51.01409999999906],[-11.376,51.05469999999906],[-11.3963,51.05469999999906],[-11.3963,51.07499999999906],[-11.4369,51.07499999999906],[-11.4369,51.115599999999056],[-11.4978,51.115599999999056],[-11.4978,51.15619999999906],[-11.5181,51.15619999999906],[-11.5181,51.17649999999906],[-11.5587,51.17649999999906],[-11.5587,51.277999999999054],[-11.579,51.277999999999054],[-11.579,51.31859999999906],[-11.6196,51.31859999999906],[-11.6196,51.359199999999056],[-11.6399,51.359199999999056],[-11.6399,51.42009999999906],[-11.6805,51.42009999999906],[-11.700800000000001,51.54189999999906],[-11.7414,51.54189999999906],[-11.7414,51.744899999999056],[-11.6399,51.744899999999056],[-11.6399,51.907299999999054],[-11.6196,51.907299999999054],[-11.6196,51.96819999999906],[-11.6399,51.96819999999906],[-11.6399,52.04939999999905],[-11.6805,52.04939999999905],[-11.700800000000001,52.130599999999056],[-11.7414,52.130599999999056],[-11.7617,52.17119999999906],[-11.8023,52.17119999999906],[-11.8023,52.21179999999906],[-11.8226,52.21179999999906],[-11.8226,52.23209999999906],[-11.863199999999999,52.23209999999906],[-11.8835,52.272699999999055],[-11.9444,52.272699999999055],[-11.9444,52.292999999999054],[-12.0053,52.292999999999054],[-12.0053,52.31329999999906],[-12.0459,52.31329999999906],[-12.0459,52.33359999999906],[-12.1068,52.33359999999906],[-12.1068,52.37419999999906],[-12.1271,52.37419999999906],[-12.1271,52.45539999999906],[-12.188,52.45539999999906],[-12.188,52.49599999999906],[-12.2286,52.49599999999906],[-12.2286,52.536599999999055],[-12.2895,52.536599999999055],[-12.3098,52.61779999999906],[-12.3504,52.61779999999906],[-12.3504,52.638099999999056],[-12.3707,52.638099999999056],[-12.3707,52.73959999999906],[-12.4722,52.73959999999906],[-12.4722,52.75989999999906],[-12.5331,52.75989999999906],[-12.5331,52.780199999999056],[-12.6143,52.780199999999056],[-12.6143,52.84109999999906],[-12.6549,52.84109999999906],[-12.6549,52.901999999999056],[-12.6752,52.901999999999056],[-12.6752,52.94259999999906],[-12.7361,52.94259999999906],[-12.7361,52.96289999999906],[-12.7767,52.96289999999906],[-12.7767,52.98319999999906],[-12.8376,52.98319999999906],[-12.8579,53.023799999999056],[-13.0,53.023799999999056],[-13.0,53.85609999999906],[-12.9188,53.85609999999906],[-12.8985,53.89669999999906],[-12.6549,53.89669999999906],[-12.6549,53.91699999999906],[-12.594,53.91699999999906],[-12.594,53.937299999999055],[-12.4316,53.937299999999055],[-12.4113,53.97789999999905],[-12.3707,53.97789999999905],[-12.3504,54.059099999999056],[-12.2489,54.059099999999056],[-12.2489,54.079399999999055],[-12.1677,54.079399999999055],[-12.1677,54.059099999999056],[-12.0053,54.059099999999056],[-11.985,54.09969999999906],[-11.9038,54.09969999999906],[-11.9038,54.059099999999056],[-11.700800000000001,54.059099999999056],[-11.6805,54.09969999999906],[-11.6399,54.09969999999906],[-11.6399,54.11999999999906],[-11.6196,54.11999999999906],[-11.6196,54.16059999999906],[-11.579,54.16059999999906],[-11.5587,54.201199999999055],[-11.5181,54.201199999999055],[-11.5181,54.221499999999054],[-11.376,54.221499999999054],[-11.376,54.24179999999906],[-11.2136,54.24179999999906],[-11.2136,54.26209999999906],[-11.0715,54.26209999999906],[-11.0715,54.28239999999906],[-10.9497,54.30269999999906],[-10.9497,54.322999999999055],[-10.9091,54.322999999999055],[-10.9091,54.34329999999906],[-10.868500000000001,54.36359999999905],[-10.868500000000001,54.40419999999906],[-10.8279,54.40419999999906],[-10.8076,54.48539999999906],[-10.767,54.48539999999906],[-10.767,54.52599999999906],[-10.7467,54.52599999999906],[-10.7467,54.54629999999906],[-10.7061,54.54629999999906],[-10.6858,54.586899999999055],[-10.645199999999999,54.586899999999055],[-10.645199999999999,54.62749999999906],[-10.6249,54.62749999999906],[-10.6249,54.64779999999906],[-10.5843,54.64779999999906],[-10.564,54.688399999999056],[-10.5234,54.688399999999056],[-10.5234,54.708699999999055],[-10.5031,54.708699999999055],[-10.5031,54.74929999999905],[-10.4625,54.74929999999905],[-10.4625,54.830499999999056],[-10.4422,54.830499999999056],[-10.4422,54.87109999999906],[-10.4016,54.87109999999906],[-10.4016,54.91169999999906],[-10.3204,54.91169999999906],[-10.3204,54.89139999999906],[-10.2595,54.89139999999906],[-10.2595,54.91169999999906],[-10.1986,54.91169999999906],[-10.1986,54.93199999999906],[-10.158000000000001,54.93199999999906],[-10.158000000000001,54.952299999999056],[-10.1377,54.952299999999056],[-10.1377,54.992899999999054],[-10.097100000000001,54.992899999999054],[-10.097100000000001,55.05379999999906],[-10.0768,55.05379999999906],[-10.0768,55.13499999999906],[-10.036200000000001,55.13499999999906],[-10.036200000000001,55.236499999999054],[-10.0159,55.236499999999054],[-10.0159,55.29739999999906],[-9.9347,55.31769999999906],[-9.9347,55.29739999999906],[-9.752,55.29739999999906],[-9.752,55.27709999999906],[-9.5287,55.27709999999906],[-9.5287,55.29739999999906],[-9.4881,55.29739999999906],[-9.4678,55.337999999999056],[-9.4272,55.337999999999056],[-9.4069,55.378599999999054],[-9.3663,55.378599999999054],[-9.3663,55.41919999999906],[-9.346,55.41919999999906],[-9.346,55.54099999999906],[-9.3663,55.54099999999906],[-9.3663,55.78459999999906],[-9.4069,55.78459999999906],[-9.4069,55.845499999999056],[-9.4272,55.845499999999056],[-9.4272,55.88609999999906],[-9.4069,55.88609999999906],[-9.4069,55.90639999999906],[-9.3663,55.90639999999906],[-9.346,55.94699999999906],[-9.2445,55.94699999999906],[-9.2445,55.96729999999906],[-9.2242,55.96729999999906],[-9.2242,56.02819999999906],[-9.1836,56.02819999999906],[-9.1836,56.129699999999055],[-9.1633,56.129699999999055],[-9.1633,56.29209999999906],[-9.1227,56.29209999999906],[-9.1227,56.373299999999055],[-9.1024,56.373299999999055],[-9.1024,56.495099999999056],[-9.0618,56.495099999999056],[-9.0618,56.57629999999906],[-9.0415,56.57629999999906],[-9.0415,56.616899999999056],[-9.0009,56.616899999999056],[-9.0009,56.67779999999906],[-9.0415,56.67779999999906],[-9.0618,56.71839999999906],[-9.1024,56.71839999999906],[-9.1024,56.779299999999054],[-9.1227,56.779299999999054],[-9.1227,56.81989999999906],[-9.1633,56.81989999999906],[-9.1836,56.94169999999906],[-9.2242,56.94169999999906],[-9.2242,56.98229999999906],[-9.2445,56.98229999999906],[-9.2445,57.10409999999906],[-9.2851,57.10409999999906],[-9.2851,57.144699999999055],[-9.3054,57.144699999999055],[-9.3054,57.266499999999056],[-9.346,57.266499999999056],[-9.3663,57.34769999999906],[-9.4069,57.34769999999906],[-9.4069,57.42889999999906],[-9.4272,57.42889999999906],[-9.4272,57.550699999999054],[-9.4678,57.550699999999054],[-9.4678,57.71309999999906],[-9.4272,57.71309999999906],[-9.4272,57.794299999999055],[-9.4069,57.794299999999055],[-9.4069,57.895799999999056],[-9.3663,57.895799999999056],[-9.346,57.97699999999906],[-9.3054,57.97699999999906],[-9.2851,58.01759999999906],[-9.2445,58.01759999999906],[-9.2445,58.159699999999056],[-9.346,58.159699999999056],[-9.3663,58.20029999999906],[-9.4069,58.20029999999906],[-9.4069,58.24089999999906],[-9.4272,58.24089999999906],[-9.4272,58.26119999999906],[-9.4069,58.26119999999906],[-9.4069,58.281499999999056],[-9.3663,58.281499999999056],[-9.3663,58.322099999999054],[-9.346,58.322099999999054],[-9.346,58.34239999999906],[-9.2445,58.34239999999906],[-9.2242,58.38299999999906],[-9.1836,58.38299999999906],[-9.1836,58.423599999999055],[-9.0009,58.423599999999055],[-9.0009,58.443899999999054],[-8.940000000000001,58.443899999999054],[-8.940000000000001,58.46419999999905],[-8.615200000000002,58.46419999999905],[-8.615200000000002,58.48449999999906],[-8.554300000000001,58.48449999999906],[-8.554300000000001,58.50479999999906],[-8.4122,58.50479999999906],[-8.4122,58.52509999999906],[-8.3513,58.52509999999906],[-8.3513,58.545399999999056],[-8.2498,58.545399999999056],[-8.2498,58.565699999999055],[-8.1889,58.565699999999055],[-8.1889,58.58599999999906],[-8.0671,58.58599999999906],[-8.0671,58.60629999999906],[-8.0062,58.60629999999906],[-8.0062,58.62659999999906],[-7.925000000000001,58.62659999999906],[-7.925000000000001,58.64689999999906],[-7.8844,58.64689999999906],[-7.8844,58.667199999999056],[-7.8235,58.667199999999056],[-7.8032,58.707799999999054],[-7.7423,58.707799999999054],[-7.7423,58.72809999999906],[-7.701700000000001,58.72809999999906],[-7.701700000000001,58.74839999999906],[-7.6814,58.74839999999906],[-7.6814,58.809299999999055],[-7.6408000000000005,58.809299999999055],[-7.6408000000000005,58.97169999999906],[-7.6814,58.97169999999906],[-7.6814,59.01229999999906],[-7.7423,59.01229999999906],[-7.7423,59.052899999999056],[-7.7626,59.052899999999056],[-7.7626,59.073199999999055],[-7.8032,59.073199999999055],[-7.8032,59.215299999999054],[-7.7626,59.215299999999054],[-7.7626,59.29649999999906],[-7.8032,59.29649999999906],[-7.8235,59.337099999999054],[-7.925000000000001,59.337099999999054],[-7.925000000000001,59.35739999999906],[-7.9859,59.35739999999906],[-7.9859,59.37769999999906],[-8.107700000000001,59.37769999999906],[-8.107700000000001,59.39799999999906],[-8.1889,59.39799999999906],[-8.1889,59.41829999999906],[-8.2498,59.41829999999906],[-8.2498,59.458899999999055],[-8.2904,59.458899999999055],[-8.2904,59.54009999999906],[-8.2498,59.54009999999906],[-8.2498,59.580699999999055],[-8.229500000000002,59.580699999999055],[-8.229500000000002,59.64159999999906],[-8.1889,59.64159999999906],[-8.168600000000001,59.722799999999054],[-8.128,59.722799999999054],[-8.128,59.80399999999906],[-8.0671,59.80399999999906],[-8.0671,59.88519999999906],[-8.107700000000001,59.88519999999906],[-8.128,59.92579999999906],[-8.1889,59.92579999999906],[-8.1889,59.966399999999055],[-8.2498,59.966399999999055],[-8.2498,59.986699999999054],[-8.2904,59.986699999999054],[-8.2904,60.00699999999906],[-8.4731,60.00699999999906],[-8.4731,60.02729999999906],[-8.5746,60.02729999999906],[-8.5746,60.00699999999906],[-8.615200000000002,60.00699999999906],[-8.615200000000002,60.02729999999906],[-8.6761,60.02729999999906],[-8.6761,60.04759999999906],[-8.7979,60.04759999999906],[-8.7979,59.986699999999054],[-8.818200000000001,59.986699999999054],[-8.818200000000001,60.04759999999906],[-8.940000000000001,60.04759999999906],[-8.940000000000001,60.12879999999906],[-8.980599999999999,60.12879999999906],[-9.0009,60.16939999999906],[-9.0415,60.16939999999906],[-9.0415,60.18969999999906],[-9.2445,60.18969999999906],[-9.2445,60.209999999999056],[-9.346,60.209999999999056],[-9.346,60.230299999999055],[-9.4069,60.230299999999055],[-9.4272,60.27089999999906],[-9.4678,60.27089999999906],[-9.4678,60.29119999999906],[-9.5287,60.29119999999906],[-9.5287,60.31149999999906],[-9.6099,60.31149999999906],[-9.6099,60.331799999999056],[-9.6708,60.331799999999056],[-9.6708,60.352099999999055],[-9.650500000000001,60.352099999999055],[-9.6708,60.473899999999055],[-9.8332,60.473899999999055],[-9.8332,60.45359999999906],[-9.9347,60.45359999999906],[-9.9347,60.43329999999906],[-9.9956,60.43329999999906],[-9.9956,60.41299999999906],[-10.1377,60.41299999999906],[-10.1377,60.39269999999906],[-10.1783,60.39269999999906],[-10.1783,60.372399999999054],[-10.3001,60.372399999999054],[-10.3001,60.352099999999055],[-10.5843,60.352099999999055],[-10.5843,60.372399999999054],[-10.645199999999999,60.372399999999054],[-10.645199999999999,60.39269999999906],[-10.6858,60.39269999999906],[-10.6858,60.41299999999906],[-10.7467,60.41299999999906],[-10.767,60.45359999999906],[-10.8076,60.45359999999906],[-10.8076,60.494199999999054],[-10.8279,60.494199999999054],[-10.8279,60.51449999999906],[-10.9497,60.53479999999906],[-10.9497,60.57539999999906],[-10.97,60.57539999999906],[-10.97,60.595699999999056],[-11.0106,60.595699999999056],[-11.0106,60.615999999999055],[-11.1324,60.63629999999905],[-11.1324,60.65659999999906],[-11.2745,60.65659999999906],[-11.2745,60.67689999999906],[-11.3354,60.67689999999906],[-11.3354,60.69719999999906],[-11.3963,60.69719999999906],[-11.3963,60.717499999999056],[-11.4572,60.717499999999056],[-11.4572,60.737799999999055],[-11.4978,60.737799999999055],[-11.4978,60.758099999999054],[-11.4572,60.758099999999054],[-11.4572,60.79869999999906],[-11.4369,60.79869999999906],[-11.4369,60.92049999999906],[-10.564,60.92049999999906],[-10.564,60.90019999999906],[-10.3204,60.92049999999906],[-10.3204,60.90019999999906],[-10.2595,60.90019999999906],[-10.2595,60.879899999999054],[-10.1986,60.879899999999054],[-10.1986,60.859599999999055],[-10.1783,60.859599999999055],[-10.1783,60.83929999999906],[-10.1377,60.83929999999906],[-10.1174,60.79869999999906],[-9.9753,60.79869999999906],[-9.955,60.83929999999906],[-9.8129,60.83929999999906],[-9.8129,60.81899999999906],[-9.6302,60.81899999999906],[-9.6302,60.79869999999906],[-9.5896,60.79869999999906],[-9.5896,60.77839999999906],[-9.5693,60.77839999999906],[-9.5693,60.758099999999054],[-9.4881,60.758099999999054],[-9.4881,60.83929999999906],[-9.5287,60.83929999999906],[-9.5287,60.879899999999054],[-9.4881,60.879899999999054],[-9.4881,60.92049999999906],[-9.4678,60.92049999999906],[-9.4678,60.94079999999906],[-9.4272,60.94079999999906],[-9.4272,61.001699999999055],[-9.4069,61.001699999999055],[-9.4069,61.02199999999905],[-9.3663,61.02199999999905],[-9.346,61.06259999999906],[-9.3054,61.06259999999906],[-9.3054,61.08289999999906],[-9.2851,61.08289999999906],[-9.2851,61.265599999999054],[-9.346,61.265599999999054],[-9.3663,61.30619999999906],[-9.4069,61.30619999999906],[-9.4069,61.32649999999906],[-9.4272,61.32649999999906],[-9.4272,61.367099999999056],[-9.4069,61.367099999999056],[-9.4069,61.387399999999055],[-9.346,61.387399999999055],[-9.346,61.40769999999905],[-9.325700000000001,61.40769999999905],[-9.325700000000001,61.387399999999055],[-9.1633,61.387399999999055],[-9.1633,61.40769999999905],[-8.8994,61.40769999999905],[-8.8994,61.387399999999055],[-8.8385,61.387399999999055],[-8.8385,61.367099999999056],[-8.7573,61.367099999999056],[-8.7573,61.34679999999906],[-8.6964,61.34679999999906],[-8.6964,61.32649999999906],[-8.5137,61.32649999999906],[-8.5137,61.30619999999906],[-8.4528,61.30619999999906],[-8.4528,61.28589999999906],[-8.2904,61.28589999999906],[-8.2904,61.265599999999054],[-8.229500000000002,61.265599999999054],[-8.229500000000002,61.245299999999055],[-8.1483,61.245299999999055],[-8.1483,61.224999999999056],[-8.107700000000001,61.224999999999056],[-8.107700000000001,61.20469999999906],[-8.0874,61.20469999999906],[-8.0874,61.18439999999906],[-8.046800000000001,61.18439999999906],[-8.0265,61.143799999999054],[-7.9859,61.143799999999054],[-7.9859,61.123499999999055],[-7.9656,61.123499999999055],[-7.9656,61.08289999999906],[-7.925000000000001,61.08289999999906],[-7.925000000000001,61.001699999999055],[-7.9656,61.001699999999055],[-7.9656,60.981399999999056],[-8.0265,60.981399999999056],[-8.046800000000001,60.90019999999906],[-8.0874,60.90019999999906],[-8.107700000000001,60.859599999999055],[-8.1483,60.859599999999055],[-8.1483,60.79869999999906],[-8.046800000000001,60.79869999999906],[-8.046800000000001,60.81899999999906],[-7.9453000000000005,60.81899999999906],[-7.9453000000000005,60.83929999999906],[-7.8844,60.83929999999906],[-7.8641000000000005,60.879899999999054],[-7.8032,60.879899999999054],[-7.8032,60.90019999999906],[-7.7626,60.90019999999906],[-7.7423,60.94079999999906],[-7.701700000000001,60.94079999999906],[-7.701700000000001,60.981399999999056],[-7.6814,60.981399999999056],[-7.6814,61.001699999999055],[-7.620500000000001,61.001699999999055],[-7.620500000000001,61.103199999999056],[-7.5799,61.103199999999056],[-7.5799,61.224999999999056],[-7.5596000000000005,61.224999999999056],[-7.5596000000000005,61.30619999999906],[-7.5799,61.30619999999906],[-7.5799,61.32649999999906],[-7.620500000000001,61.32649999999906],[-7.620500000000001,61.34679999999906],[-7.6408000000000005,61.34679999999906],[-7.6408000000000005,61.367099999999056],[-7.6814,61.367099999999056],[-7.6814,61.387399999999055],[-8.128,61.387399999999055],[-8.128,61.40769999999905],[-8.168600000000001,61.40769999999905],[-8.168600000000001,61.42799999999906],[-8.229500000000002,61.42799999999906],[-8.229500000000002,61.46859999999906],[-8.3513,61.46859999999906],[-8.3513,61.509199999999055],[-8.4731,61.529499999999054],[-8.4731,61.54979999999906],[-8.594899999999999,61.54979999999906],[-8.615200000000002,61.59039999999906],[-8.6761,61.59039999999906],[-8.6761,61.630999999999055],[-8.7776,61.630999999999055],[-8.7776,61.67159999999906],[-8.8588,61.67159999999906],[-8.8588,61.69189999999906],[-8.940000000000001,61.69189999999906],[-8.940000000000001,61.71219999999906],[-9.0415,61.71219999999906],[-9.0415,61.73249999999906],[-9.1227,61.73249999999906],[-9.1227,61.752799999999056],[-9.2851,61.752799999999056],[-9.2851,61.773099999999054],[-9.346,61.773099999999054],[-9.346,61.79339999999905],[-9.6099,61.79339999999905],[-9.6099,61.81369999999906],[-9.711400000000001,61.81369999999906],[-9.711400000000001,61.79339999999905],[-9.955,61.79339999999905],[-9.955,61.81369999999906],[-10.0768,61.83399999999906],[-10.097100000000001,61.874599999999056],[-10.158000000000001,61.874599999999056],[-10.158000000000001,61.915199999999054],[-10.2595,61.915199999999054],[-10.2595,61.95579999999906],[-10.2798,61.95579999999906],[-10.2798,61.97609999999906],[-10.3204,61.97609999999906],[-10.3407,62.016699999999055],[-10.3813,62.016699999999055],[-10.3813,62.07759999999906],[-10.4016,62.07759999999906],[-10.4016,62.11819999999906],[-10.4422,62.11819999999906],[-10.4422,62.138499999999055],[-10.4625,62.138499999999055],[-10.4625,62.17909999999906],[-10.5031,62.17909999999906],[-10.5031,62.19939999999906],[-10.564,62.19939999999906],[-10.564,62.21969999999906],[-10.6249,62.21969999999906],[-10.6249,62.23999999999906],[-10.8482,62.23999999999906],[-10.8482,62.21969999999906],[-10.8888,62.21969999999906],[-10.8888,62.19939999999906],[-10.9091,62.19939999999906],[-10.9091,62.21969999999906],[-10.9497,62.21969999999906],[-10.9497,62.23999999999906],[-11.0309,62.23999999999906],[-11.0309,62.280599999999055],[-11.0715,62.280599999999055],[-11.0918,62.32119999999906],[-11.2745,62.32119999999906],[-11.2745,62.34149999999906],[-11.315100000000001,62.34149999999906],[-11.315100000000001,62.36179999999906],[-11.376,62.36179999999906],[-11.376,62.402399999999055],[-11.4978,62.402399999999055],[-11.5181,62.44299999999906],[-11.6399,62.46329999999906],[-11.6399,62.48359999999906],[-11.6805,62.48359999999906],[-11.6805,62.50389999999906],[-11.700800000000001,62.50389999999906],[-11.700800000000001,62.524199999999055],[-11.7617,62.524199999999055],[-11.7617,62.544499999999054],[-11.8023,62.544499999999054],[-11.8023,62.56479999999906],[-11.8835,62.56479999999906],[-11.8835,62.58509999999906],[-11.9241,62.58509999999906],[-11.9241,62.60539999999906],[-12.0662,62.60539999999906],[-12.0662,62.62569999999906],[-12.3098,62.62569999999906],[-12.3098,62.645999999999056],[-12.391,62.645999999999056],[-12.391,62.60539999999906],[-12.594,62.60539999999906],[-12.594,62.62569999999906],[-12.7158,62.645999999999056],[-12.7158,62.666299999999055],[-12.8376,62.68659999999905],[-12.8376,62.70689999999906],[-12.797,62.70689999999906],[-12.7767,62.74749999999906],[-6.0777,62.74749999999906],[-6.0777,62.72719999999906],[-6.016800000000001,62.72719999999906],[-6.016800000000001,62.70689999999906],[-5.935600000000001,62.70689999999906],[-5.935600000000001,62.68659999999905],[-5.874700000000001,62.68659999999905],[-5.874700000000001,62.666299999999055],[-5.7732,62.666299999999055],[-5.7529,62.62569999999906],[-5.651400000000001,62.62569999999906],[-5.651400000000001,62.58509999999906],[-5.570200000000001,62.58509999999906],[-5.570200000000001,62.56479999999906],[-5.0018,62.56479999999906],[-5.0018,62.58509999999906],[-4.6364,62.58509999999906],[-4.616100000000001,62.62569999999906],[-4.453700000000001,62.62569999999906],[-4.453700000000001,62.60539999999906],[-4.4131,62.60539999999906],[-4.4131,62.58509999999906],[-4.3522,62.58509999999906],[-4.331900000000001,62.544499999999054],[-4.2913000000000014,62.544499999999054],[-4.271000000000001,62.50389999999906],[-4.230400000000001,62.50389999999906],[-4.230400000000001,62.48359999999906],[-4.169500000000001,62.48359999999906],[-4.169500000000001,62.46329999999906],[-3.9259000000000004,62.46329999999906],[-3.9259000000000004,62.48359999999906],[-3.885300000000001,62.48359999999906],[-3.885300000000001,62.50389999999906],[-3.722900000000001,62.50389999999906],[-3.722900000000001,62.48359999999906],[-3.6011000000000006,62.48359999999906],[-3.6011000000000006,62.46329999999906],[-3.5199,62.46329999999906],[-3.5199,62.48359999999906],[-3.4793000000000003,62.48359999999906],[-3.4793000000000003,62.46329999999906],[-3.4387000000000008,62.46329999999906],[-3.4387000000000008,62.402399999999055],[-3.4793000000000003,62.402399999999055],[-3.4793000000000003,62.382099999999056],[-3.499600000000001,62.382099999999056],[-3.499600000000001,62.36179999999906],[-3.5402000000000005,62.36179999999906],[-3.560500000000001,62.32119999999906],[-3.6011000000000006,62.32119999999906],[-3.6214000000000013,62.280599999999055],[-3.662000000000001,62.280599999999055],[-3.6823000000000015,62.23999999999906],[-3.722900000000001,62.23999999999906],[-3.7432,62.19939999999906],[-3.8041,62.19939999999906],[-3.8041,62.17909999999906],[-3.8447000000000013,62.17909999999906],[-3.8447000000000013,62.158799999999054],[-3.865,62.158799999999054],[-3.865,62.11819999999906],[-3.9259000000000004,62.11819999999906],[-3.9259000000000004,62.09789999999906],[-3.9665,62.09789999999906],[-3.9665,62.05729999999906],[-3.9868000000000006,62.05729999999906],[-3.9868000000000006,62.036999999999054],[-4.0274,62.036999999999054],[-4.0274,61.996399999999056],[-4.047700000000001,61.996399999999056],[-4.047700000000001,61.97609999999906],[-4.0883,61.97609999999906],[-4.108600000000001,61.93549999999906],[-4.1492,61.93549999999906],[-4.1492,61.915199999999054],[-4.210100000000001,61.915199999999054],[-4.230400000000001,61.874599999999056],[-4.271000000000001,61.874599999999056],[-4.271000000000001,61.83399999999906],[-4.331900000000001,61.83399999999906],[-4.331900000000001,61.752799999999056],[-4.3522,61.752799999999056],[-4.3522,61.73249999999906],[-4.392800000000001,61.73249999999906],[-4.392800000000001,61.71219999999906],[-4.4131,61.71219999999906],[-4.4131,61.67159999999906],[-4.453700000000001,61.67159999999906],[-4.453700000000001,61.630999999999055],[-4.474,61.630999999999055],[-4.474,61.57009999999906],[-4.453700000000001,61.57009999999906],[-4.453700000000001,61.30619999999906],[-4.4131,61.30619999999906],[-4.392800000000001,61.265599999999054],[-4.3522,61.265599999999054],[-4.3522,61.245299999999055],[-4.230400000000001,61.245299999999055],[-4.230400000000001,61.224999999999056],[-4.169500000000001,61.224999999999056],[-4.169500000000001,61.20469999999906],[-4.047700000000001,61.20469999999906],[-4.047700000000001,61.16409999999906],[-3.9868000000000006,61.16409999999906],[-3.9665,61.123499999999055],[-3.9055999999999997,61.123499999999055],[-3.9055999999999997,61.103199999999056],[-3.865,61.103199999999056],[-3.865,61.08289999999906],[-3.8447000000000013,61.08289999999906],[-3.8447000000000013,60.96109999999906],[-3.8041,60.96109999999906],[-3.8041,60.81899999999906],[-3.783800000000001,60.81899999999906],[-3.783800000000001,60.79869999999906],[-3.7432,60.79869999999906],[-3.7432,60.77839999999906],[-3.783800000000001,60.77839999999906],[-3.783800000000001,60.737799999999055],[-3.8041,60.737799999999055],[-3.8041,60.67689999999906],[-3.5199,60.67689999999906],[-3.5199,60.69719999999906],[-3.499600000000001,60.69719999999906],[-3.499600000000001,60.65659999999906],[-3.5402000000000005,60.65659999999906],[-3.5402000000000005,60.615999999999055],[-3.560500000000001,60.615999999999055],[-3.560500000000001,60.53479999999906],[-3.4387000000000008,60.53479999999906],[-3.4387000000000008,60.55509999999906],[-3.337200000000001,60.55509999999906],[-3.337200000000001,60.57539999999906],[-3.276300000000001,60.57539999999906],[-3.276300000000001,60.595699999999056],[-3.174800000000001,60.595699999999056],[-3.174800000000001,60.57539999999906],[-3.1342,60.57539999999906],[-3.1342,60.494199999999054],[-3.113900000000001,60.494199999999054],[-3.113900000000001,60.473899999999055],[-3.0327,60.473899999999055],[-3.0327,60.51449999999906],[-2.9718,60.51449999999906],[-2.951500000000001,60.55509999999906],[-2.9109,60.55509999999906],[-2.890600000000001,60.595699999999056],[-2.8500000000000014,60.595699999999056],[-2.8297000000000008,60.63629999999905],[-2.7891000000000012,60.63629999999905],[-2.7891000000000012,60.69719999999906],[-2.8500000000000014,60.69719999999906],[-2.8500000000000014,60.717499999999056],[-2.8297000000000008,60.717499999999056],[-2.8297000000000008,60.758099999999054],[-2.7688000000000006,60.758099999999054],[-2.7688000000000006,60.77839999999906],[-2.6876000000000015,60.77839999999906],[-2.6876000000000015,60.758099999999054],[-2.5252,60.758099999999054],[-2.5252,60.737799999999055],[-2.4846000000000004,60.737799999999055],[-2.4846000000000004,60.717499999999056],[-2.444000000000001,60.717499999999056],[-2.444000000000001,60.69719999999906],[-2.4237,60.69719999999906],[-2.4237,60.65659999999906],[-2.3831000000000007,60.65659999999906],[-2.3831000000000007,60.57539999999906],[-2.4237,60.57539999999906],[-2.4237,60.51449999999906],[-2.3831000000000007,60.51449999999906],[-2.3628,60.43329999999906],[-2.3222000000000005,60.43329999999906],[-2.3222000000000005,60.41299999999906],[-2.0380000000000003,60.41299999999906],[-2.0380000000000003,60.43329999999906],[-1.9568000000000012,60.43329999999906],[-1.9568000000000012,60.45359999999906],[-1.8553000000000015,60.45359999999906],[-1.8553000000000015,60.473899999999055],[-1.8350000000000009,60.473899999999055],[-1.8350000000000009,60.53479999999906],[-1.8553000000000015,60.53479999999906],[-1.8553000000000015,60.615999999999055],[-1.8350000000000009,60.615999999999055],[-1.8350000000000009,60.737799999999055],[-1.8553000000000015,60.737799999999055],[-1.8553000000000015,60.79869999999906],[-1.8350000000000009,60.79869999999906],[-1.8350000000000009,60.81899999999906],[-1.7944000000000013,60.81899999999906],[-1.7741000000000007,60.859599999999055],[-1.7335000000000012,60.859599999999055],[-1.7335000000000012,60.879899999999054],[-1.7132000000000005,60.879899999999054],[-1.7132000000000005,60.96109999999906],[-1.672600000000001,60.96109999999906],[-1.6523000000000003,61.04229999999906],[-1.6117000000000008,61.04229999999906],[-1.6117000000000008,61.06259999999906],[-1.5914000000000001,61.06259999999906],[-1.5914000000000001,61.103199999999056],[-1.5508000000000006,61.103199999999056],[-1.5508000000000006,61.123499999999055],[-1.5305,61.123499999999055],[-1.5305,61.16409999999906],[-1.4899000000000004,61.16409999999906],[-1.4696000000000016,61.20469999999906],[-1.4290000000000003,61.20469999999906],[-1.4290000000000003,61.245299999999055],[-1.3681,61.245299999999055],[-1.3681,61.28589999999906],[-1.3478000000000012,61.28589999999906],[-1.3478000000000012,61.30619999999906],[-1.3072000000000017,61.30619999999906],[-1.286900000000001,61.34679999999906],[-1.2463000000000015,61.34679999999906],[-1.2260000000000009,61.387399999999055],[-1.1854000000000013,61.387399999999055],[-1.1651000000000007,61.42799999999906],[-1.1245000000000012,61.42799999999906],[-1.1042000000000005,61.46859999999906],[-1.063600000000001,61.46859999999906],[-1.063600000000001,61.488899999999056],[-1.0433000000000003,61.488899999999056],[-1.0433000000000003,61.529499999999054],[-0.9824000000000002,61.529499999999054],[-0.9824000000000002,61.57009999999906],[-0.9418000000000006,61.57009999999906],[-0.9215,61.610699999999056],[-0.8809000000000005,61.610699999999056],[-0.8809000000000005,61.651299999999054],[-0.8606000000000016,61.651299999999054],[-0.8606000000000016,61.67159999999906],[-0.8200000000000003,61.67159999999906],[-0.8200000000000003,61.69189999999906],[-0.7388000000000012,61.69189999999906],[-0.7388000000000012,61.73249999999906],[-0.6779000000000011,61.73249999999906],[-0.6779000000000011,61.752799999999056],[-0.6373000000000015,61.752799999999056],[-0.6373000000000015,61.773099999999054],[-0.5764000000000014,61.773099999999054],[-0.5561000000000007,61.81369999999906],[-0.454600000000001,61.81369999999906],[-0.454600000000001,61.83399999999906],[-0.3734000000000002,61.83399999999906],[-0.3734000000000002,61.85429999999906],[-0.12980000000000125,61.85429999999906],[-0.1095000000000006,61.894899999999055],[-0.008000000000000895,61.894899999999055],[-0.008000000000000895,61.915199999999054],[0.07319999999999993,61.915199999999054],[0.07319999999999993,61.93549999999906],[0.0934999999999988,61.93549999999906],[0.0934999999999988,61.915199999999054],[0.2558999999999987,61.915199999999054],[0.2558999999999987,61.894899999999055],[0.4385999999999992,61.894899999999055],[0.45889999999999986,61.85429999999906],[0.4994999999999994,61.85429999999906],[0.4994999999999994,61.83399999999906],[0.5197999999999983,61.83399999999906],[0.4994999999999994,61.71219999999906],[0.45889999999999986,61.71219999999906],[0.4385999999999992,61.67159999999906],[0.3979999999999997,61.67159999999906],[0.3979999999999997,61.610699999999056],[0.4385999999999992,61.610699999999056],[0.4385999999999992,61.59039999999906],[0.3979999999999997,61.59039999999906],[0.3979999999999997,61.529499999999054],[0.4385999999999992,61.529499999999054],[0.4385999999999992,61.509199999999055],[0.45889999999999986,61.509199999999055],[0.45889999999999986,61.46859999999906],[0.4994999999999994,61.46859999999906],[0.4994999999999994,61.42799999999906],[0.5197999999999983,61.42799999999906],[0.5197999999999983,61.40769999999905],[0.5603999999999996,61.40769999999905],[0.5603999999999996,61.367099999999056],[0.5806999999999984,61.367099999999056],[0.5603999999999996,61.245299999999055],[0.5806999999999984,61.245299999999055],[0.5806999999999984,61.20469999999906],[0.6212999999999997,61.20469999999906],[0.6212999999999997,61.16409999999906],[0.5806999999999984,61.16409999999906],[0.5806999999999984,61.103199999999056],[0.6212999999999997,61.103199999999056],[0.6415999999999986,61.06259999999906],[0.6821999999999999,61.06259999999906],[0.6821999999999999,61.04229999999906],[0.763399999999999,61.04229999999906],[0.763399999999999,61.02199999999905],[0.8039999999999985,61.02199999999905],[0.8039999999999985,61.001699999999055],[0.8648999999999987,61.001699999999055],[0.8851999999999993,60.96109999999906],[0.986699999999999,60.96109999999906],[0.986699999999999,60.879899999999054],[0.9460999999999995,60.879899999999054],[0.9460999999999995,60.758099999999054],[0.986699999999999,60.758099999999054],[1.0069999999999997,60.717499999999056],[1.0475999999999992,60.717499999999056],[1.0475999999999992,60.69719999999906],[1.1084999999999994,60.69719999999906],[1.1287999999999982,60.65659999999906],[1.1693999999999996,60.65659999999906],[1.1693999999999996,60.63629999999905],[1.3114999999999988,60.63629999999905],[1.3114999999999988,60.595699999999056],[1.3520999999999983,60.595699999999056],[1.3520999999999983,60.57539999999906],[1.4332999999999991,60.57539999999906],[1.4332999999999991,60.55509999999906],[1.5550999999999995,60.53479999999906],[1.5550999999999995,60.51449999999906],[1.6565999999999992,60.51449999999906],[1.6565999999999992,60.53479999999906],[1.7174999999999994,60.53479999999906],[1.7174999999999994,60.55509999999906],[1.8595999999999986,60.55509999999906],[1.8595999999999986,60.53479999999906],[1.9407999999999994,60.53479999999906],[1.9407999999999994,60.51449999999906],[2.1031999999999993,60.51449999999906],[2.1031999999999993,60.494199999999054],[2.204699999999999,60.494199999999054],[2.204699999999999,60.51449999999906],[2.3264999999999993,60.51449999999906],[2.3264999999999993,60.53479999999906],[2.3873999999999995,60.53479999999906],[2.3873999999999995,60.55509999999906],[2.509199999999998,60.55509999999906],[2.509199999999998,60.57539999999906],[2.590399999999999,60.57539999999906],[2.590399999999999,60.595699999999056],[2.651299999999999,60.595699999999056],[2.651299999999999,60.615999999999055],[2.732499999999998,60.615999999999055],[2.732499999999998,60.595699999999056],[2.7933999999999983,60.595699999999056],[2.7933999999999983,60.57539999999906],[2.8542999999999985,60.57539999999906],[2.8542999999999985,60.55509999999906],[2.894899999999998,60.55509999999906],[2.894899999999998,60.53479999999906],[2.9151999999999987,60.53479999999906],[2.9151999999999987,60.473899999999055],[2.955799999999998,60.473899999999055],[2.955799999999998,60.331799999999056],[2.9151999999999987,60.331799999999056],[2.894899999999998,60.29119999999906],[2.8542999999999985,60.29119999999906],[2.8542999999999985,60.250599999999054],[2.7933999999999983,60.250599999999054],[2.7730999999999995,60.209999999999056],[2.590399999999999,60.209999999999056],[2.590399999999999,60.18969999999906],[2.5497999999999994,60.18969999999906],[2.5497999999999994,60.16939999999906],[2.4888999999999992,60.16939999999906],[2.4888999999999992,60.12879999999906],[2.427999999999999,60.12879999999906],[2.4076999999999984,60.088199999999055],[2.367099999999999,60.088199999999055],[2.367099999999999,59.966399999999055],[2.346799999999998,59.966399999999055],[2.346799999999998,59.90549999999906],[2.3061999999999987,59.90549999999906],[2.2859,59.864899999999054],[2.2452999999999985,59.864899999999054],[2.2452999999999985,59.824299999999056],[2.1843999999999983,59.824299999999056],[2.1640999999999995,59.78369999999906],[2.1031999999999993,59.78369999999906],[2.1031999999999993,59.76339999999906],[2.0625999999999998,59.76339999999906],[2.0625999999999998,59.74309999999906],[1.981399999999999,59.74309999999906],[1.981399999999999,59.722799999999054],[1.9407999999999994,59.722799999999054],[1.9407999999999994,59.702499999999056],[1.8798999999999992,59.702499999999056],[1.8595999999999986,59.66189999999906],[1.818999999999999,59.66189999999906],[1.7986999999999984,59.54009999999906],[1.7580999999999989,59.54009999999906],[1.7580999999999989,59.35739999999906],[1.7986999999999984,59.35739999999906],[1.818999999999999,59.316799999999056],[1.8798999999999992,59.316799999999056],[1.8798999999999992,59.29649999999906],[1.9204999999999988,59.29649999999906],[1.9204999999999988,59.27619999999906],[1.9407999999999994,59.27619999999906],[1.9407999999999994,59.25589999999906],[1.981399999999999,59.25589999999906],[1.981399999999999,59.23559999999906],[2.0016999999999996,59.23559999999906],[2.0016999999999996,59.174699999999056],[2.042299999999999,59.174699999999056],[2.042299999999999,59.15439999999906],[2.0625999999999998,59.15439999999906],[2.0625999999999998,59.11379999999906],[2.1031999999999993,59.11379999999906],[2.123499999999998,59.03259999999906],[2.1640999999999995,59.03259999999906],[2.1843999999999983,58.951399999999055],[2.2249999999999996,58.951399999999055],[2.2249999999999996,58.89049999999906],[2.2452999999999985,58.89049999999906],[2.2452999999999985,58.87019999999906],[2.2859,58.87019999999906],[2.2859,58.84989999999906],[2.346799999999998,58.84989999999906],[2.346799999999998,58.829599999999054],[2.367099999999999,58.829599999999054],[2.367099999999999,58.809299999999055],[2.4076999999999984,58.809299999999055],[2.4076999999999984,58.78899999999906],[2.4685999999999986,58.78899999999906],[2.4685999999999986,58.76869999999906],[2.4888999999999992,58.76869999999906],[2.4888999999999992,58.667199999999056],[2.5294999999999987,58.667199999999056],[2.5294999999999987,58.60629999999906],[2.5497999999999994,58.60629999999906],[2.5497999999999994,58.58599999999906],[2.590399999999999,58.58599999999906],[2.6106999999999996,58.545399999999056],[2.6715999999999998,58.545399999999056],[2.6715999999999998,58.52509999999906],[2.7121999999999993,58.52509999999906],[2.7121999999999993,58.50479999999906],[2.7933999999999983,58.50479999999906],[2.7933999999999983,58.48449999999906],[2.8339999999999996,58.48449999999906],[2.8339999999999996,58.46419999999905],[2.894899999999998,58.46419999999905],[2.894899999999998,58.443899999999054],[2.9151999999999987,58.443899999999054],[2.9151999999999987,58.423599999999055],[2.955799999999998,58.423599999999055],[2.976099999999999,58.38299999999906],[3.0167,58.38299999999906],[3.036999999999999,58.34239999999906],[3.1385000000000005,58.34239999999906],[3.1385000000000005,58.322099999999054],[3.199399999999997,58.322099999999054],[3.199399999999997,58.301799999999055],[3.3820999999999977,58.301799999999055],[3.3820999999999977,58.281499999999056],[3.442999999999998,58.281499999999056],[3.442999999999998,58.26119999999906],[3.7677999999999976,58.26119999999906],[3.7677999999999976,58.24089999999906],[3.849,58.24089999999906],[3.849,58.22059999999906],[3.950499999999998,58.22059999999906],[3.9708000000000006,58.179999999999055],[4.1534999999999975,58.179999999999055],[4.1534999999999975,58.159699999999056],[4.214399999999998,58.159699999999056],[4.214399999999998,58.13939999999906],[4.376799999999999,58.13939999999906],[4.376799999999999,58.11909999999906],[4.4376999999999995,58.11909999999906],[4.4376999999999995,58.09879999999906],[4.518899999999999,58.09879999999906],[4.518899999999999,58.07849999999905],[4.5595,58.07849999999905],[4.579799999999999,58.037899999999055],[4.6204,58.037899999999055],[4.6204,58.01759999999906],[4.6813,58.01759999999906],[4.701599999999999,57.97699999999906],[4.7422,57.97699999999906],[4.762499999999999,57.895799999999056],[4.7422,57.895799999999056],[4.7422,57.87549999999906],[4.701599999999999,57.87549999999906],[4.701599999999999,57.773999999999056],[4.7422,57.773999999999056],[4.7422,57.69279999999905],[4.762499999999999,57.69279999999905],[4.762499999999999,57.57099999999906],[4.7422,57.57099999999906],[4.7422,57.550699999999054],[4.701599999999999,57.550699999999054],[4.701599999999999,57.46949999999906],[4.6813,57.46949999999906],[4.6813,57.408599999999055],[4.924899999999997,57.408599999999055],[4.924899999999997,57.388299999999056],[5.0061,57.388299999999056],[5.0061,57.36799999999906],[5.168499999999998,57.36799999999906],[5.168499999999998,57.34769999999906],[5.229399999999998,57.34769999999906],[5.229399999999998,57.32739999999906],[5.432399999999998,57.32739999999906],[5.432399999999998,57.30709999999905],[5.493299999999998,57.30709999999905],[5.493299999999998,57.286799999999054],[5.594799999999999,57.286799999999054],[5.594799999999999,57.266499999999056],[5.7166,57.24619999999906],[5.736899999999999,57.20559999999906],[5.8384,57.20559999999906],[5.8384,57.18529999999906],[5.878999999999998,57.18529999999906],[5.878999999999998,57.164999999999054],[5.980499999999999,57.164999999999054],[5.980499999999999,57.144699999999055],[6.041399999999999,57.144699999999055],[6.041399999999999,57.124399999999056],[6.1632,57.124399999999056],[6.183499999999999,57.08379999999906],[6.2241,57.08379999999906],[6.2241,57.04319999999906],[6.183499999999999,57.04319999999906],[6.183499999999999,57.022899999999055],[6.1632,57.022899999999055],[6.1632,57.002599999999056],[6.1225999999999985,57.002599999999056],[6.1225999999999985,56.98229999999906],[5.858699999999999,56.98229999999906],[5.858699999999999,56.92139999999905],[6.000799999999998,56.92139999999905],[6.000799999999998,56.901099999999055],[6.041399999999999,56.901099999999055],[6.041399999999999,56.86049999999906],[6.061699999999998,56.86049999999906],[6.041399999999999,56.81989999999906],[5.980499999999999,56.81989999999906],[5.9602,56.86049999999906],[5.8384,56.86049999999906],[5.8384,56.880799999999056],[5.7775,56.880799999999056],[5.7775,56.86049999999906],[5.736899999999999,56.86049999999906],[5.736899999999999,56.81989999999906],[5.675999999999998,56.81989999999906],[5.6556999999999995,56.779299999999054],[5.615099999999998,56.779299999999054],[5.615099999999998,56.758999999999055],[5.533899999999999,56.758999999999055],[5.533899999999999,56.738699999999056],[5.5136,56.738699999999056],[5.5136,56.758999999999055],[5.4527,56.758999999999055],[5.4527,56.779299999999054],[5.229399999999998,56.779299999999054],[5.209099999999999,56.81989999999906],[5.148199999999999,56.81989999999906],[5.148199999999999,56.84019999999906],[5.067,56.84019999999906],[5.067,56.81989999999906],[5.046699999999998,56.81989999999906],[5.046699999999998,56.779299999999054],[5.0061,56.779299999999054],[5.0061,56.69809999999906],[4.985799999999998,56.69809999999906],[4.985799999999998,56.65749999999906],[4.8233999999999995,56.616899999999056],[4.803099999999997,56.53569999999905],[4.7422,56.53569999999905],[4.7422,56.495099999999056],[4.4376999999999995,56.495099999999056],[4.4376999999999995,56.47479999999906],[4.397099999999998,56.47479999999906],[4.397099999999998,56.45449999999906],[4.275299999999998,56.45449999999906],[4.275299999999998,56.373299999999055],[4.254999999999999,56.373299999999055],[4.254999999999999,56.35299999999906],[4.214399999999998,56.35299999999906],[4.214399999999998,56.33269999999906],[4.133199999999999,56.33269999999906],[4.133199999999999,56.29209999999906],[4.0722999999999985,56.29209999999906],[4.0722999999999985,56.27179999999906],[4.031699999999997,56.27179999999906],[4.031699999999997,56.251499999999055],[3.9708000000000006,56.251499999999055],[3.950499999999998,56.21089999999906],[3.9099000000000004,56.21089999999906],[3.9099000000000004,56.19059999999906],[3.849,56.19059999999906],[3.849,56.129699999999055],[3.889599999999998,56.129699999999055],[3.889599999999998,56.109399999999056],[3.950499999999998,56.109399999999056],[3.9708000000000006,56.06879999999906],[4.052,56.06879999999906],[4.052,56.08909999999906],[4.092599999999997,56.08909999999906],[4.092599999999997,56.06879999999906],[4.194099999999999,56.06879999999906],[4.194099999999999,56.149999999999054],[4.254999999999999,56.149999999999054],[4.254999999999999,56.129699999999055],[4.275299999999998,56.129699999999055],[4.275299999999998,56.06879999999906],[4.315899999999999,56.06879999999906],[4.315899999999999,56.04849999999906],[4.4376999999999995,56.04849999999906],[4.4376999999999995,56.02819999999906],[4.4986,56.02819999999906],[4.4986,56.007899999999054],[4.5595,56.007899999999054],[4.5595,55.987599999999055],[4.6813,55.987599999999055],[4.6813,55.96729999999906],[4.803099999999997,55.987599999999055],[4.8233999999999995,55.94699999999906],[4.924899999999997,55.94699999999906],[4.924899999999997,55.92669999999906],[5.1279,55.92669999999906],[5.1279,55.80489999999906],[5.107599999999998,55.80489999999906],[5.107599999999998,55.764299999999054],[5.067,55.764299999999054],[5.067,55.70339999999906],[5.107599999999998,55.70339999999906],[5.107599999999998,55.66279999999906],[5.067,55.66279999999906],[5.067,55.601899999999056],[5.168499999999998,55.601899999999056],[5.168499999999998,55.622199999999054],[5.1888000000000005,55.622199999999054],[5.1888000000000005,55.601899999999056],[5.229399999999998,55.601899999999056],[5.229399999999998,55.58159999999906],[5.2902999999999984,55.58159999999906],[5.310599999999997,55.54099999999906],[5.351199999999999,55.54099999999906],[5.3714999999999975,55.50039999999906],[5.412099999999999,55.50039999999906],[5.412099999999999,55.459799999999056],[5.432399999999998,55.459799999999056],[5.432399999999998,55.43949999999906],[5.472999999999999,55.43949999999906],[5.472999999999999,55.41919999999906],[5.594799999999999,55.41919999999906],[5.594799999999999,55.39889999999906],[5.696299999999997,55.39889999999906],[5.7166,55.43949999999906],[5.7775,55.43949999999906],[5.7775,55.459799999999056],[5.8384,55.459799999999056],[5.8384,55.480099999999055],[6.041399999999999,55.480099999999055],[6.041399999999999,55.459799999999056],[6.1023,55.459799999999056],[6.1023,55.480099999999055],[6.142899999999997,55.480099999999055],[6.142899999999997,55.52069999999906],[6.1632,55.52069999999906],[6.1632,55.54099999999906],[6.2241,55.54099999999906],[6.2241,55.56129999999906],[6.264699999999998,55.56129999999906],[6.285,55.601899999999056],[6.325599999999998,55.601899999999056],[6.325599999999998,55.622199999999054],[6.406799999999997,55.622199999999054],[6.406799999999997,55.64249999999906],[6.447399999999998,55.64249999999906],[6.447399999999998,55.66279999999906],[6.508299999999998,55.66279999999906],[6.528599999999997,55.70339999999906],[6.569199999999999,55.70339999999906],[6.569199999999999,55.743999999999055],[6.630099999999999,55.743999999999055],[6.630099999999999,55.80489999999906],[6.711299999999998,55.80489999999906],[6.711299999999998,55.82519999999906],[6.772199999999998,55.82519999999906],[6.772199999999998,55.845499999999056],[6.812799999999999,55.845499999999056],[6.812799999999999,55.90639999999906],[6.9346,55.92669999999906],[6.9346,55.94699999999906],[6.9548999999999985,55.94699999999906],[6.9548999999999985,55.987599999999055],[7.015799999999999,55.987599999999055],[7.015799999999999,56.007899999999054],[7.0564,56.007899999999054],[7.0564,56.02819999999906],[7.1173,56.02819999999906],[7.1173,56.08909999999906],[7.137599999999999,56.08909999999906],[7.137599999999999,56.109399999999056],[7.239099999999997,56.109399999999056],[7.239099999999997,56.129699999999055],[7.299999999999997,56.129699999999055],[7.299999999999997,56.149999999999054],[7.3203,56.149999999999054],[7.3203,56.19059999999906],[7.360899999999997,56.19059999999906],[7.360899999999997,56.21089999999906],[7.3812,56.21089999999906],[7.3812,56.35299999999906],[7.299999999999997,56.35299999999906],[7.299999999999997,56.373299999999055],[7.259399999999999,56.373299999999055],[7.259399999999999,56.43419999999906],[7.299999999999997,56.43419999999906],[7.3203,56.47479999999906],[7.3405999999999985,56.47479999999906],[7.3405999999999985,56.43419999999906],[7.4421,56.43419999999906],[7.4421,56.45449999999906],[7.482699999999998,56.45449999999906],[7.482699999999998,56.47479999999906],[7.503,56.47479999999906],[7.503,56.53569999999905],[7.4217999999999975,56.53569999999905],[7.4217999999999975,56.55599999999906],[7.3812,56.55599999999906],[7.3812,56.57629999999906],[7.3203,56.57629999999906],[7.3203,56.59659999999906],[7.360899999999997,56.59659999999906],[7.360899999999997,56.616899999999056],[7.4217999999999975,56.616899999999056],[7.4217999999999975,56.67779999999906],[7.3812,56.67779999999906],[7.3812,56.69809999999906],[7.3203,56.69809999999906],[7.3203,56.67779999999906],[7.137599999999999,56.67779999999906],[7.137599999999999,56.738699999999056],[6.9548999999999985,56.738699999999056],[6.9548999999999985,56.71839999999906],[6.914299999999997,56.71839999999906],[6.914299999999997,56.69809999999906],[6.853399999999997,56.69809999999906],[6.833099999999998,56.65749999999906],[6.650399999999998,56.65749999999906],[6.650399999999998,56.59659999999906],[6.6098,56.59659999999906],[6.6098,56.57629999999906],[6.5489,56.57629999999906],[6.5489,56.515399999999055],[6.6098,56.515399999999055],[6.6098,56.47479999999906],[6.5894999999999975,56.47479999999906],[6.5894999999999975,56.45449999999906],[6.508299999999998,56.45449999999906],[6.528599999999997,56.57629999999906],[6.427099999999999,56.57629999999906],[6.427099999999999,56.55599999999906],[6.366199999999999,56.55599999999906],[6.366199999999999,56.53569999999905],[6.285,56.53569999999905],[6.285,56.515399999999055],[6.244399999999999,56.515399999999055],[6.244399999999999,56.495099999999056],[6.2241,56.495099999999056],[6.2241,56.45449999999906],[6.1632,56.45449999999906],[6.1632,56.43419999999906],[6.061699999999998,56.43419999999906],[6.061699999999998,56.41389999999906],[6.041399999999999,56.41389999999906],[6.041399999999999,56.373299999999055],[5.818099999999998,56.373299999999055],[5.818099999999998,56.47479999999906],[5.858699999999999,56.47479999999906],[5.858699999999999,56.495099999999056],[5.9602,56.495099999999056],[5.9602,56.515399999999055],[6.021099999999997,56.515399999999055],[6.021099999999997,56.55599999999906],[6.1023,56.55599999999906],[6.1023,56.57629999999906],[6.142899999999997,56.57629999999906],[6.142899999999997,56.59659999999906],[6.325599999999998,56.59659999999906],[6.325599999999998,56.616899999999056],[6.447399999999998,56.637199999999055],[6.447399999999998,56.65749999999906],[6.508299999999998,56.65749999999906],[6.508299999999998,56.69809999999906],[6.528599999999997,56.69809999999906],[6.528599999999997,56.81989999999906],[6.508299999999998,56.81989999999906],[6.508299999999998,56.84019999999906],[6.447399999999998,56.84019999999906],[6.447399999999998,56.86049999999906],[6.3459,56.86049999999906],[6.325599999999998,56.901099999999055],[6.2037999999999975,56.901099999999055],[6.2241,56.94169999999906],[6.305299999999999,56.94169999999906],[6.305299999999999,56.92139999999905],[6.690999999999999,56.92139999999905],[6.690999999999999,56.94169999999906],[6.711299999999998,56.94169999999906],[6.711299999999998,56.96199999999906],[6.751899999999999,56.96199999999906],[6.772199999999998,57.002599999999056],[6.8736999999999995,57.002599999999056],[6.893999999999998,57.04319999999906],[6.9955,57.04319999999906],[6.9955,57.06349999999906],[7.076699999999999,57.06349999999906],[7.076699999999999,57.08379999999906],[7.198499999999999,57.08379999999906],[7.198499999999999,57.10409999999906],[7.259399999999999,57.10409999999906],[7.259399999999999,57.124399999999056],[7.503,57.124399999999056],[7.523299999999999,57.08379999999906],[7.7669,57.08379999999906],[7.7669,57.06349999999906],[7.8278,57.06349999999906],[7.8278,57.04319999999906],[7.868399999999998,57.04319999999906],[7.868399999999998,57.002599999999056],[7.990199999999998,57.022899999999055],[7.990199999999998,57.04319999999906],[8.132299999999997,57.04319999999906],[8.132299999999997,57.06349999999906],[8.172899999999998,57.06349999999906],[8.172899999999998,57.08379999999906],[8.254099999999998,57.08379999999906],[8.254099999999998,57.10409999999906],[8.375899999999998,57.10409999999906],[8.375899999999998,57.08379999999906],[8.457099999999997,57.08379999999906],[8.436799999999998,57.04319999999906],[8.396199999999997,57.04319999999906],[8.396199999999997,57.022899999999055],[8.375899999999998,57.022899999999055],[8.375899999999998,56.98229999999906],[8.3353,56.98229999999906],[8.3353,56.92139999999905],[8.314999999999998,56.92139999999905],[8.314999999999998,56.880799999999056],[8.2744,56.880799999999056],[8.254099999999998,56.84019999999906],[8.2135,56.84019999999906],[8.2135,56.758999999999055],[8.254099999999998,56.758999999999055],[8.254099999999998,56.738699999999056],[8.193199999999997,56.738699999999056],[8.193199999999997,56.67779999999906],[8.1526,56.67779999999906],[8.1526,56.59659999999906],[8.132299999999997,56.59659999999906],[8.132299999999997,56.57629999999906],[8.0917,56.57629999999906],[8.0917,56.515399999999055],[8.132299999999997,56.515399999999055],[8.132299999999997,56.495099999999056],[8.0917,56.495099999999056],[8.0917,56.43419999999906],[8.132299999999997,56.43419999999906],[8.132299999999997,56.393599999999054],[8.0917,56.393599999999054],[8.0917,56.251499999999055],[8.132299999999997,56.251499999999055],[8.132299999999997,56.21089999999906],[8.0917,56.21089999999906],[8.0917,55.987599999999055],[8.132299999999997,55.987599999999055],[8.132299999999997,55.90639999999906],[8.1526,55.90639999999906],[8.1526,55.68309999999906],[8.132299999999997,55.68309999999906],[8.132299999999997,55.64249999999906],[8.0917,55.64249999999906],[8.0917,55.54099999999906],[8.1526,55.54099999999906],[8.1526,55.52069999999906],[8.193199999999997,55.52069999999906],[8.193199999999997,55.50039999999906],[8.375899999999998,55.50039999999906],[8.375899999999998,55.459799999999056],[8.457099999999997,55.459799999999056],[8.457099999999997,55.43949999999906],[8.375899999999998,55.43949999999906],[8.375899999999998,55.378599999999054],[8.396199999999997,55.378599999999054],[8.396199999999997,55.337999999999056],[8.4774,55.337999999999056],[8.4774,55.43949999999906],[8.497699999999998,55.43949999999906],[8.497699999999998,55.378599999999054],[8.517999999999997,55.378599999999054],[8.517999999999997,55.358299999999055],[8.558599999999998,55.358299999999055],[8.578899999999997,55.31769999999906],[8.619499999999999,55.31769999999906],[8.619499999999999,55.29739999999906],[8.639799999999997,55.29739999999906],[8.639799999999997,55.216199999999056],[8.680399999999999,55.216199999999056],[8.680399999999999,55.094399999999055],[8.639799999999997,55.094399999999055],[8.639799999999997,54.91169999999906],[8.619499999999999,54.91169999999906],[8.619499999999999,54.81019999999906],[8.639799999999997,54.81019999999906],[8.639799999999997,54.78989999999906],[8.680399999999999,54.78989999999906],[8.700699999999998,54.708699999999055],[8.741299999999999,54.708699999999055],[8.761599999999998,54.66809999999906],[8.822499999999998,54.66809999999906],[8.822499999999998,54.52599999999906],[8.8631,54.52599999999906],[8.8631,54.465099999999055],[8.9849,54.465099999999055],[8.9849,54.444799999999056],[8.924,54.444799999999056],[8.924,54.42449999999906],[8.883399999999998,54.42449999999906],[8.883399999999998,54.40419999999906],[8.619499999999999,54.40419999999906],[8.619499999999999,54.28239999999906],[8.639799999999997,54.28239999999906],[8.639799999999997,54.26209999999906],[8.721,54.26209999999906],[8.721,54.30269999999906],[8.741299999999999,54.30269999999906],[8.741299999999999,54.26209999999906],[8.761599999999998,54.26209999999906],[8.761599999999998,54.201199999999055],[8.822499999999998,54.201199999999055],[8.822499999999998,54.14029999999906],[8.883399999999998,54.14029999999906],[8.883399999999998,54.079399999999055],[8.8631,54.079399999999055],[8.8631,53.97789999999905],[8.883399999999998,53.97789999999905],[8.883399999999998,53.937299999999055],[8.924,53.937299999999055],[8.924,53.89669999999906],[8.9849,53.89669999999906],[8.9849,53.87639999999906],[9.005199999999999,53.87639999999906],[8.9849,53.835799999999054],[8.741299999999999,53.835799999999054],[8.721,53.87639999999906],[8.558599999999998,53.87639999999906],[8.558599999999998,53.85609999999906],[8.517999999999997,53.85609999999906],[8.517999999999997,53.73429999999906],[8.497699999999998,53.73429999999906],[8.497699999999998,53.71399999999906],[8.457099999999997,53.71399999999906],[8.457099999999997,53.65309999999906],[8.497699999999998,53.65309999999906],[8.497699999999998,53.61249999999906],[8.457099999999997,53.61249999999906],[8.457099999999997,53.59219999999905],[8.355599999999999,53.59219999999905],[8.355599999999999,53.61249999999906],[8.2744,53.61249999999906],[8.2744,53.59219999999905],[8.254099999999998,53.59219999999905],[8.254099999999998,53.51099999999906],[8.2744,53.51099999999906],[8.2744,53.49069999999906],[8.254099999999998,53.49069999999906],[8.254099999999998,53.47039999999906],[8.2135,53.47039999999906],[8.2135,53.450099999999054],[8.193199999999997,53.450099999999054],[8.193199999999997,53.47039999999906],[8.132299999999997,53.47039999999906],[8.132299999999997,53.59219999999905],[8.111999999999998,53.59219999999905],[8.111999999999998,53.63279999999906],[8.051099999999998,53.63279999999906],[8.051099999999998,53.673399999999056],[8.010499999999997,53.673399999999056],[8.010499999999997,53.71399999999906],[7.746599999999997,53.71399999999906],[7.746599999999997,53.693699999999055],[7.645099999999999,53.693699999999055],[7.645099999999999,53.673399999999056],[7.218799999999998,53.673399999999056],[7.198499999999999,53.63279999999906],[7.137599999999999,53.63279999999906],[7.137599999999999,53.59219999999905],[7.096999999999998,53.59219999999905],[7.096999999999998,53.551599999999056],[7.036099999999998,53.551599999999056],[7.036099999999998,53.49069999999906],[7.015799999999999,53.49069999999906],[7.015799999999999,53.32829999999906],[7.198499999999999,53.32829999999906],[7.198499999999999,53.307999999999055],[7.157899999999998,53.307999999999055],[7.157899999999998,53.26739999999906],[7.137599999999999,53.26739999999906],[7.137599999999999,53.24709999999906],[7.1173,53.24709999999906],[7.1173,53.26739999999906],[7.076699999999999,53.26739999999906],[7.076699999999999,53.307999999999055],[6.9548999999999985,53.307999999999055],[6.9346,53.34859999999906],[6.893999999999998,53.34859999999906],[6.893999999999998,53.38919999999906],[6.8736999999999995,53.38919999999906],[6.8736999999999995,53.450099999999054],[6.772199999999998,53.450099999999054],[6.772199999999998,53.47039999999906],[6.6707,53.47039999999906],[6.6707,53.450099999999054],[6.6098,53.450099999999054],[6.6098,53.429799999999055],[6.427099999999999,53.429799999999055],[6.427099999999999,53.409499999999056],[6.2241,53.409499999999056],[6.2241,53.38919999999906],[6.2037999999999975,53.38919999999906],[6.2037999999999975,53.409499999999056],[6.061699999999998,53.409499999999056],[6.061699999999998,53.38919999999906],[5.858699999999999,53.38919999999906],[5.8384,53.34859999999906],[5.7166,53.34859999999906],[5.7166,53.32829999999906],[5.675999999999998,53.32829999999906],[5.675999999999998,53.307999999999055],[5.594799999999999,53.307999999999055],[5.594799999999999,53.287699999999056],[5.554199999999998,53.287699999999056],[5.533899999999999,53.24709999999906],[5.493299999999998,53.24709999999906],[5.493299999999998,53.22679999999906],[5.432399999999998,53.22679999999906],[5.432399999999998,53.20649999999905],[5.412099999999999,53.20649999999905],[5.412099999999999,53.165899999999056],[5.3714999999999975,53.165899999999056],[5.3714999999999975,53.12529999999906],[5.310599999999997,53.12529999999906],[5.310599999999997,53.064399999999054],[5.2902999999999984,53.064399999999054],[5.2902999999999984,53.044099999999055],[5.249699999999997,53.044099999999055],[5.249699999999997,53.023799999999056],[5.1888000000000005,53.023799999999056],[5.168499999999998,52.98319999999906],[5.107599999999998,52.98319999999906],[5.107599999999998,52.96289999999906],[5.067,52.96289999999906],[5.067,52.94259999999906],[5.0061,52.94259999999906],[5.0061,52.922299999999055],[4.9452,52.922299999999055],[4.9452,52.901999999999056],[4.8843,52.901999999999056],[4.8843,52.88169999999906],[4.863999999999997,52.88169999999906],[4.863999999999997,52.901999999999056],[4.803099999999997,52.901999999999056],[4.803099999999997,52.94259999999906],[4.701599999999999,52.94259999999906],[4.6813,52.780199999999056],[4.640699999999999,52.780199999999056],[4.640699999999999,52.69899999999906],[4.6204,52.69899999999906],[4.6204,52.536599999999055],[4.579799999999999,52.536599999999055],[4.579799999999999,52.45539999999906],[4.5595,52.45539999999906],[4.5595,52.41479999999906],[4.518899999999999,52.41479999999906],[4.4986,52.292999999999054],[4.457999999999998,52.292999999999054],[4.457999999999998,52.272699999999055],[4.4376999999999995,52.272699999999055],[4.4376999999999995,52.23209999999906],[4.397099999999998,52.23209999999906],[4.397099999999998,52.21179999999906],[4.376799999999999,52.21179999999906],[4.376799999999999,52.17119999999906],[4.336199999999998,52.17119999999906],[4.315899999999999,52.130599999999056],[4.275299999999998,52.130599999999056],[4.254999999999999,52.08999999999906],[4.214399999999998,52.08999999999906],[4.214399999999998,52.04939999999905],[4.1534999999999975,52.04939999999905],[4.1534999999999975,52.008799999999056],[4.133199999999999,52.008799999999056],[4.133199999999999,51.98849999999906],[4.092599999999997,51.98849999999906],[4.092599999999997,51.96819999999906],[3.9708000000000006,51.96819999999906],[3.9708000000000006,51.907299999999054],[4.031699999999997,51.907299999999054],[4.031699999999997,51.886999999999055],[4.011399999999998,51.886999999999055],[4.011399999999998,51.86669999999906],[3.9708000000000006,51.86669999999906],[3.9708000000000006,51.84639999999906],[3.9099000000000004,51.84639999999906],[3.889599999999998,51.80579999999906],[3.849,51.80579999999906],[3.849,51.744899999999056],[3.8286999999999978,51.744899999999056],[3.8286999999999978,51.68399999999906],[3.849,51.68399999999906],[3.849,51.663699999999054],[3.889599999999998,51.663699999999054],[3.889599999999998,51.623099999999056],[4.011399999999998,51.60279999999906],[4.011399999999998,51.54189999999906],[4.0722999999999985,51.54189999999906],[4.0722999999999985,51.521599999999054],[4.1534999999999975,51.521599999999054],[4.1534999999999975,51.48099999999906],[4.133199999999999,51.48099999999906],[4.133199999999999,51.379499999999055],[4.194099999999999,51.379499999999055],[4.194099999999999,51.33889999999906],[4.1129,51.33889999999906],[4.1129,51.359199999999056],[4.052,51.359199999999056],[4.052,51.379499999999055],[3.950499999999998,51.379499999999055],[3.950499999999998,51.359199999999056],[3.889599999999998,51.359199999999056],[3.889599999999998,51.33889999999906],[3.849,51.33889999999906],[3.849,51.31859999999906],[3.808399999999999,51.31859999999906],[3.808399999999999,51.33889999999906],[3.7272,51.33889999999906],[3.7272,51.359199999999056],[3.6053999999999995,51.379499999999055],[3.6053999999999995,51.39979999999906],[3.4633000000000003,51.39979999999906],[3.4633000000000003,51.379499999999055],[3.3820999999999977,51.379499999999055],[3.3820999999999977,51.359199999999056],[3.2602999999999973,51.359199999999056],[3.2602999999999973,51.33889999999906],[3.1587999999999994,51.33889999999906],[3.1587999999999994,51.31859999999906],[3.097899999999999,51.31859999999906],[3.0776000000000003,51.277999999999054],[3.0167,51.277999999999054],[3.0167,51.25769999999906],[2.976099999999999,51.25769999999906],[2.976099999999999,51.237399999999056],[2.894899999999998,51.237399999999056],[2.894899999999998,51.21709999999906],[2.8542999999999985,51.21709999999906],[2.8542999999999985,51.19679999999906],[2.7933999999999983,51.19679999999906],[2.7730999999999995,51.15619999999906],[2.7121999999999993,51.15619999999906],[2.7121999999999993,51.135899999999054],[2.6715999999999998,51.135899999999054],[2.6715999999999998,51.115599999999056],[2.6106999999999996,51.115599999999056],[2.6106999999999996,51.09529999999906],[2.5497999999999994,51.09529999999906],[2.5497999999999994,51.07499999999906],[2.4685999999999986,51.07499999999906],[2.4685999999999986,51.05469999999906],[2.4076999999999984,51.05469999999906],[2.4076999999999984,51.03439999999906],[2.123499999999998,51.03439999999906],[2.1031999999999993,50.993799999999055],[1.981399999999999,50.993799999999055],[1.981399999999999,50.973499999999056],[1.8595999999999986,50.973499999999056],[1.8595999999999986,50.95319999999906],[1.7377999999999982,50.95319999999906],[1.7377999999999982,50.93289999999906],[1.6971999999999987,50.93289999999906],[1.6971999999999987,50.91259999999906],[1.6768999999999998,50.91259999999906],[1.6768999999999998,50.87199999999906],[1.595699999999999,50.87199999999906],[1.595699999999999,50.70959999999906],[1.5550999999999995,50.70959999999906],[1.5550999999999995,50.62839999999906],[1.595699999999999,50.62839999999906],[1.595699999999999,50.52689999999906],[1.5550999999999995,50.52689999999906],[1.5550999999999995,50.32389999999906],[1.5347999999999988,50.32389999999906],[1.5347999999999988,50.26299999999906],[1.595699999999999,50.26299999999906],[1.6159999999999997,50.18179999999906],[1.595699999999999,50.18179999999906],[1.595699999999999,50.20209999999906],[1.4941999999999993,50.20209999999906],[1.4738999999999987,50.120899999999054],[1.4332999999999991,50.120899999999054],[1.4332999999999991,50.080299999999056],[1.372399999999999,50.080299999999056],[1.3520999999999983,50.03969999999906],[1.2912,50.03969999999906],[1.2912,49.99909999999906],[1.2302999999999997,49.99909999999906],[1.2302999999999997,49.978799999999055],[1.1896999999999984,49.978799999999055],[1.1896999999999984,49.958499999999056],[1.1084999999999994,49.958499999999056],[1.1084999999999994,49.93819999999906],[1.0678999999999998,49.93819999999906],[1.0678999999999998,49.91789999999906],[0.9257999999999988,49.91789999999906],[0.9257999999999988,49.89759999999906],[0.8648999999999987,49.89759999999906],[0.8648999999999987,49.87729999999906],[0.6212999999999997,49.87729999999906],[0.6212999999999997,49.85699999999906],[0.5806999999999984,49.85699999999906],[0.5806999999999984,49.836699999999055],[0.4994999999999994,49.836699999999055],[0.4994999999999994,49.79609999999906],[0.3979999999999997,49.79609999999906],[0.37769999999999904,49.75549999999906],[0.31679999999999886,49.75549999999906],[0.31679999999999886,49.735199999999054],[0.2558999999999987,49.735199999999054],[0.2558999999999987,49.71489999999906],[0.1949999999999985,49.71489999999906],[0.1949999999999985,49.694599999999056],[0.15439999999999898,49.694599999999056],[0.15439999999999898,49.67429999999906],[0.13409999999999833,49.67429999999906],[0.13409999999999833,49.593099999999055],[0.0934999999999988,49.593099999999055],[0.0934999999999988,49.55249999999906],[0.07319999999999993,49.55249999999906],[0.07319999999999993,49.49159999999906],[0.0934999999999988,49.49159999999906],[0.0934999999999988,49.47129999999906],[0.13409999999999833,49.47129999999906],[0.13409999999999833,49.450999999999055],[0.21529999999999916,49.450999999999055],[0.21529999999999916,49.43069999999906],[0.15439999999999898,49.43069999999906],[0.13409999999999833,49.39009999999906],[0.0934999999999988,49.39009999999906],[0.0934999999999988,49.36979999999906],[0.07319999999999993,49.36979999999906],[0.07319999999999993,49.349499999999054],[0.012299999999999756,49.349499999999054],[0.012299999999999756,49.329199999999055],[-0.028300000000001546,49.329199999999055],[-0.028300000000001546,49.308899999999056],[-0.1095000000000006,49.308899999999056],[-0.1095000000000006,49.28859999999906],[-0.2110000000000003,49.28859999999906],[-0.2110000000000003,49.26829999999906],[-0.2516000000000016,49.26829999999906],[-0.2516000000000016,49.28859999999906],[-0.3734000000000002,49.308899999999056],[-0.3734000000000002,49.329199999999055],[-0.43430000000000035,49.329199999999055],[-0.43430000000000035,49.349499999999054],[-0.8606000000000016,49.349499999999054],[-0.8809000000000005,49.39009999999906],[-1.1042000000000005,49.39009999999906],[-1.1042000000000005,49.349499999999054],[-1.1651000000000007,49.349499999999054],[-1.1651000000000007,49.43069999999906],[-1.1854000000000013,49.43069999999906],[-1.1854000000000013,49.450999999999055],[-1.2260000000000009,49.450999999999055],[-1.2260000000000009,49.47129999999906],[-1.2463000000000015,49.47129999999906],[-1.2463000000000015,49.51189999999906],[-1.286900000000001,49.51189999999906],[-1.286900000000001,49.53219999999906],[-1.3072000000000017,49.53219999999906],[-1.3072000000000017,49.572799999999056],[-1.2463000000000015,49.572799999999056],[-1.2463000000000015,49.67429999999906],[-1.286900000000001,49.67429999999906],[-1.286900000000001,49.694599999999056],[-1.4696000000000016,49.694599999999056],[-1.4696000000000016,49.67429999999906],[-1.5305,49.67429999999906],[-1.5305,49.65399999999906],[-1.672600000000001,49.65399999999906],[-1.672600000000001,49.67429999999906],[-1.7944000000000013,49.67429999999906],[-1.7944000000000013,49.694599999999056],[-1.8350000000000009,49.694599999999056],[-1.8350000000000009,49.71489999999906],[-1.895900000000001,49.71489999999906],[-1.895900000000001,49.65399999999906],[-1.8756000000000004,49.65399999999906],[-1.8756000000000004,49.61339999999906],[-1.8350000000000009,49.61339999999906],[-1.8350000000000009,49.572799999999056],[-1.8756000000000004,49.572799999999056],[-1.8756000000000004,49.49159999999906],[-1.8350000000000009,49.49159999999906],[-1.8350000000000009,49.36979999999906],[-1.7741000000000007,49.36979999999906],[-1.7538,49.329199999999055],[-1.7132000000000005,49.329199999999055],[-1.7132000000000005,49.308899999999056],[-1.6929000000000016,49.308899999999056],[-1.6929000000000016,49.26829999999906],[-1.6523000000000003,49.26829999999906],[-1.6320000000000014,49.187099999999056],[-1.5914000000000001,49.187099999999056],[-1.5914000000000001,49.00439999999906],[-1.5711000000000013,49.00439999999906],[-1.5711000000000013,48.90289999999906],[-1.5914000000000001,48.90289999999906],[-1.5914000000000001,48.76079999999906],[-1.5711000000000013,48.76079999999906],[-1.5711000000000013,48.72019999999905],[-1.5305,48.72019999999905],[-1.5305,48.69989999999906],[-1.510200000000001,48.69989999999906],[-1.510200000000001,48.679599999999056],[-1.4087000000000014,48.679599999999056],[-1.4087000000000014,48.63899999999906],[-1.449300000000001,48.63899999999906],[-1.449300000000001,48.61869999999906],[-1.7538,48.61869999999906],[-1.7538,48.59839999999906],[-1.7944000000000013,48.59839999999906],[-1.7944000000000013,48.61869999999906],[-1.8553000000000015,48.61869999999906],[-1.8553000000000015,48.69989999999906],[-1.9974000000000007,48.69989999999906],[-1.9974000000000007,48.65929999999906],[-2.058300000000001,48.65929999999906],[-2.058300000000001,48.63899999999906],[-2.1395,48.63899999999906],[-2.1395,48.61869999999906],[-2.2613000000000003,48.61869999999906],[-2.281600000000001,48.65929999999906],[-2.4846000000000004,48.65929999999906],[-2.4846000000000004,48.61869999999906],[-2.5252,48.61869999999906],[-2.5252,48.59839999999906],[-2.5861,48.59839999999906],[-2.5861,48.578099999999054],[-2.6267000000000014,48.578099999999054],[-2.6470000000000002,48.537499999999056],[-2.7079000000000004,48.537499999999056],[-2.7079000000000004,48.557799999999055],[-2.7688000000000006,48.557799999999055],[-2.7688000000000006,48.578099999999054],[-2.7891000000000012,48.578099999999054],[-2.7891000000000012,48.61869999999906],[-2.8297000000000008,48.61869999999906],[-2.8297000000000008,48.65929999999906],[-2.9109,48.69989999999906],[-2.9109,48.76079999999906],[-3.0327,48.78109999999906],[-3.0327,48.821699999999055],[-3.0936000000000003,48.821699999999055],[-3.0936000000000003,48.86229999999906],[-3.174800000000001,48.86229999999906],[-3.174800000000001,48.84199999999906],[-3.1951,48.84199999999906],[-3.1951,48.86229999999906],[-3.2560000000000002,48.86229999999906],[-3.2560000000000002,48.84199999999906],[-3.3169000000000004,48.84199999999906],[-3.3169000000000004,48.821699999999055],[-3.4184,48.821699999999055],[-3.4184,48.801399999999056],[-3.4387000000000008,48.801399999999056],[-3.4387000000000008,48.821699999999055],[-3.6011000000000006,48.821699999999055],[-3.6011000000000006,48.76079999999906],[-3.560500000000001,48.76079999999906],[-3.560500000000001,48.74049999999906],[-3.6011000000000006,48.74049999999906],[-3.6214000000000013,48.69989999999906],[-3.6823000000000015,48.69989999999906],[-3.6823000000000015,48.679599999999056],[-3.7026000000000003,48.679599999999056],[-3.7026000000000003,48.69989999999906],[-3.865,48.69989999999906],[-3.865,48.61869999999906],[-3.885300000000001,48.61869999999906],[-3.885300000000001,48.65929999999906],[-3.946200000000001,48.65929999999906],[-3.946200000000001,48.679599999999056],[-3.9868000000000006,48.679599999999056],[-3.9868000000000006,48.69989999999906],[-4.169500000000001,48.69989999999906],[-4.169500000000001,48.679599999999056],[-4.230400000000001,48.679599999999056],[-4.230400000000001,48.65929999999906],[-4.392800000000001,48.679599999999056],[-4.392800000000001,48.65929999999906],[-4.453700000000001,48.65929999999906],[-4.474,48.61869999999906],[-4.494300000000001,48.61869999999906],[-4.494300000000001,48.63899999999906],[-4.5755,48.63899999999906],[-4.5755,48.61869999999906],[-4.616100000000001,48.59839999999906],[-4.616100000000001,48.578099999999054],[-4.677000000000001,48.578099999999054],[-4.677000000000001,48.557799999999055],[-4.717600000000001,48.557799999999055],[-4.717600000000001,48.537499999999056],[-4.778500000000001,48.537499999999056],[-4.778500000000001,48.31419999999906],[-4.6973,48.31419999999906],[-4.6973,48.33449999999905],[-4.5958000000000006,48.33449999999905],[-4.5958000000000006,48.35479999999906],[-4.5349,48.35479999999906],[-4.5349,48.37509999999906],[-4.494300000000001,48.37509999999906],[-4.494300000000001,48.39539999999906],[-4.474,48.39539999999906],[-4.474,48.35479999999906],[-4.453700000000001,48.35479999999906],[-4.453700000000001,48.33449999999905],[-4.3725000000000005,48.33449999999905],[-4.3725000000000005,48.35479999999906],[-4.331900000000001,48.35479999999906],[-4.331900000000001,48.293899999999056],[-4.5958000000000006,48.293899999999056],[-4.5958000000000006,48.27359999999906],[-4.616100000000001,48.27359999999906],[-4.616100000000001,48.172099999999055],[-4.474,48.172099999999055],[-4.474,48.09089999999906],[-4.5958000000000006,48.09089999999906],[-4.5958000000000006,48.07059999999906],[-4.616100000000001,48.07059999999906],[-4.616100000000001,48.00969999999906],[-4.555200000000001,48.00969999999906],[-4.555200000000001,48.029999999999056],[-4.5349,48.029999999999056],[-4.5349,47.98939999999906],[-4.5146,47.98939999999906],[-4.5146,47.96909999999906],[-4.474,47.96909999999906],[-4.453700000000001,47.92849999999906],[-4.392800000000001,47.92849999999906],[-4.392800000000001,47.806699999999054],[-4.331900000000001,47.806699999999054],[-4.331900000000001,47.786399999999055],[-4.1898,47.786399999999055],[-4.169500000000001,47.82699999999906],[-4.0274,47.82699999999906],[-4.0274,47.786399999999055],[-3.9868000000000006,47.786399999999055],[-3.9665,47.70519999999906],[-3.9259000000000004,47.70519999999906],[-3.9259000000000004,47.68489999999906],[-3.9055999999999997,47.68489999999906],[-3.9055999999999997,47.60369999999906],[-3.9259000000000004,47.60369999999906],[-3.9259000000000004,47.58339999999906],[-4.068000000000001,47.58339999999906],[-4.068000000000001,47.60369999999906],[-4.108600000000001,47.60369999999906],[-4.108600000000001,47.70519999999906],[-4.1289,47.70519999999906],[-4.1289,47.72549999999906],[-4.2913000000000014,47.72549999999906],[-4.2913000000000014,47.70519999999906],[-4.331900000000001,47.70519999999906],[-4.331900000000001,47.68489999999906],[-4.392800000000001,47.68489999999906],[-4.392800000000001,47.664599999999055],[-4.453700000000001,47.664599999999055],[-4.453700000000001,47.644299999999056],[-4.474,47.644299999999056],[-4.474,47.58339999999906],[-4.453700000000001,47.58339999999906],[-4.453700000000001,47.54279999999906],[-4.392800000000001,47.54279999999906],[-4.392800000000001,47.522499999999056],[-4.3522,47.522499999999056],[-4.3522,47.50219999999906],[-4.2913000000000014,47.50219999999906],[-4.271000000000001,47.46159999999906],[-4.230400000000001,47.46159999999906],[-4.230400000000001,47.44129999999906],[-4.210100000000001,47.44129999999906],[-4.210100000000001,47.420999999999054],[-4.108600000000001,47.420999999999054],[-4.108600000000001,47.38039999999906],[-4.0883,47.38039999999906],[-4.0883,47.36009999999906],[-4.047700000000001,47.36009999999906],[-4.047700000000001,47.33979999999906],[-3.9259000000000004,47.33979999999906],[-3.9259000000000004,47.31949999999906],[-3.865,47.31949999999906],[-3.865,47.29919999999906],[-3.7635000000000005,47.29919999999906],[-3.7635000000000005,47.31949999999906],[-3.7432,47.31949999999906],[-3.7432,47.29919999999906],[-3.6823000000000015,47.29919999999906],[-3.6823000000000015,47.258599999999056],[-3.6011000000000006,47.21799999999906],[-3.6011000000000006,47.177399999999054],[-3.5402000000000005,47.177399999999054],[-3.5402000000000005,47.15709999999906],[-3.499600000000001,47.15709999999906],[-3.499600000000001,47.136799999999056],[-3.3169000000000004,47.136799999999056],[-3.3169000000000004,47.23829999999906],[-3.337200000000001,47.23829999999906],[-3.337200000000001,47.278899999999055],[-3.3169000000000004,47.278899999999055],[-3.3169000000000004,47.33979999999906],[-3.3981000000000012,47.38039999999906],[-3.3981000000000012,47.522499999999056],[-3.4387000000000008,47.522499999999056],[-3.4387000000000008,47.563099999999054],[-3.4590000000000014,47.563099999999054],[-3.4590000000000014,47.644299999999056],[-3.5199,47.644299999999056],[-3.5199,47.664599999999055],[-3.4590000000000014,47.664599999999055],[-3.4590000000000014,47.68489999999906],[-3.4387000000000008,47.68489999999906],[-3.4387000000000008,47.62399999999906],[-3.3575,47.62399999999906],[-3.3575,47.60369999999906],[-3.3169000000000004,47.60369999999906],[-3.3169000000000004,47.58339999999906],[-3.2966000000000015,47.58339999999906],[-3.2966000000000015,47.54279999999906],[-3.2357000000000014,47.54279999999906],[-3.2357000000000014,47.522499999999056],[-3.1951,47.522499999999056],[-3.1951,47.50219999999906],[-3.0936000000000003,47.50219999999906],[-3.0936000000000003,47.522499999999056],[-3.0124000000000013,47.522499999999056],[-3.0124000000000013,47.54279999999906],[-2.951500000000001,47.54279999999906],[-2.951500000000001,47.58339999999906],[-2.8703000000000003,47.58339999999906],[-2.8703000000000003,47.563099999999054],[-2.9312000000000005,47.563099999999054],[-2.9312000000000005,47.46159999999906],[-2.8297000000000008,47.46159999999906],[-2.8297000000000008,47.48189999999906],[-2.728200000000001,47.48189999999906],[-2.728200000000001,47.50219999999906],[-2.5861,47.50219999999906],[-2.565800000000001,47.46159999999906],[-2.5252,47.46159999999906],[-2.5252,47.420999999999054],[-2.4846000000000004,47.420999999999054],[-2.4846000000000004,47.400699999999055],[-2.5252,47.400699999999055],[-2.5252,47.36009999999906],[-2.5861,47.36009999999906],[-2.5861,47.278899999999055],[-2.565800000000001,47.278899999999055],[-2.565800000000001,47.258599999999056],[-2.3222000000000005,47.258599999999056],[-2.3222000000000005,47.23829999999906],[-2.2613000000000003,47.23829999999906],[-2.2613000000000003,47.258599999999056],[-2.2410000000000014,47.258599999999056],[-2.2410000000000014,47.23829999999906],[-2.2004,47.23829999999906],[-2.2004,47.11649999999906],[-2.1395,47.11649999999906],[-2.1395,47.09619999999906],[-2.058300000000001,47.09619999999906],[-2.058300000000001,47.07589999999906],[-2.0177000000000014,47.07589999999906],[-2.0177000000000014,47.05559999999906],[-2.058300000000001,47.05559999999906],[-2.0786000000000016,46.97439999999906],[-2.119200000000001,46.97439999999906],[-2.119200000000001,46.95409999999906],[-2.2613000000000003,46.95409999999906],[-2.2613000000000003,46.893199999999055],[-2.2410000000000014,46.893199999999055],[-2.2410000000000014,46.85259999999906],[-2.2004,46.85259999999906],[-2.2004,46.83229999999906],[-2.1395,46.83229999999906],[-2.1395,46.751099999999056],[-2.119200000000001,46.751099999999056],[-2.119200000000001,46.71049999999906],[-2.0786000000000016,46.71049999999906],[-2.0786000000000016,46.649599999999054],[-2.119200000000001,46.649599999999054],[-2.119200000000001,46.58869999999906],[-2.0786000000000016,46.58869999999906],[-2.0786000000000016,46.56839999999906],[-2.058300000000001,46.56839999999906],[-2.058300000000001,46.52779999999906],[-2.0177000000000014,46.52779999999906],[-2.0177000000000014,46.487199999999056],[-1.7741000000000007,46.487199999999056],[-1.7741000000000007,46.46689999999906],[-1.6523000000000003,46.44659999999906],[-1.6523000000000003,46.405999999999054],[-1.510200000000001,46.405999999999054],[-1.510200000000001,46.365399999999056],[-1.4696000000000016,46.365399999999056],[-1.4696000000000016,46.34509999999906],[-1.3478000000000012,46.34509999999906],[-1.3478000000000012,46.32479999999906],[-1.3275000000000006,46.32479999999906],[-1.3275000000000006,46.28419999999906],[-1.1651000000000007,46.28419999999906],[-1.1448,46.24359999999906],[-1.1651000000000007,46.24359999999906],[-1.1651000000000007,46.22329999999906],[-1.2057000000000002,46.22329999999906],[-1.2057000000000002,46.16239999999905],[-1.1651000000000007,46.16239999999905],[-1.1651000000000007,46.121799999999055],[-1.1448,46.121799999999055],[-1.1448,46.10149999999906],[-1.1042000000000005,46.10149999999906],[-1.1042000000000005,46.06089999999906],[-1.0839000000000016,46.06089999999906],[-1.0839000000000016,46.04059999999906],[-1.0433000000000003,46.04059999999906],[-1.0433000000000003,45.99999999999906],[-1.1394999999999982,45.99999999999906],[-1.1394999999999982,45.926000000000755],[-1.0990000000000002,45.926000000000755],[-1.0990000000000002,45.88550000000076],[-1.2204999999999977,45.88550000000076],[-1.2204999999999977,45.96650000000076],[-1.2609999999999992,45.96650000000076],[-1.2609999999999992,45.99999999999906],[-1.3825000000000003,45.99999999999906],[-1.3825000000000003,45.84500000000076],[-1.3015000000000008,45.80450000000076],[-1.3015000000000008,45.72350000000076],[-1.2609999999999992,45.72350000000076],[-1.2609999999999992,45.68300000000076],[-1.1799999999999997,45.68300000000076],[-1.1799999999999997,45.64250000000076],[-1.0180000000000007,45.64250000000076],[-1.0180000000000007,45.561500000000756],[-0.8964999999999996,45.561500000000756],[-0.8559999999999981,45.48050000000076],[-0.7749999999999986,45.48050000000076],[-0.7749999999999986,45.359000000000755],[-0.7345000000000006,45.359000000000755],[-0.7345000000000006,45.27800000000076],[-0.6939999999999991,45.27800000000076],[-0.6939999999999991,45.15650000000076],[-0.7345000000000006,45.15650000000076],[-0.7749999999999986,45.31850000000076],[-0.8155000000000001,45.31850000000076],[-0.8155000000000001,45.39950000000076],[-0.8964999999999996,45.39950000000076],[-0.9370000000000012,45.48050000000076],[-1.0180000000000007,45.48050000000076],[-1.0180000000000007,45.52100000000076],[-1.1394999999999982,45.52100000000076],[-1.1394999999999982,45.48050000000076],[-1.1799999999999997,45.48050000000076],[-1.1799999999999997,45.23750000000076],[-1.2204999999999977,45.23750000000076],[-1.2204999999999977,45.15650000000076],[-1.2609999999999992,45.15650000000076],[-1.2609999999999992,45.155200000000605],[-1.2063999999999995,45.155200000000605],[-1.2063999999999995,44.9280000000006],[-1.7064999999999984,44.9280000000006],[-1.7064999999999984,44.832500000000756],[-1.7874999999999979,44.832500000000756],[-1.7874999999999979,44.792000000000755],[-1.8279999999999994,44.792000000000755],[-1.8279999999999994,44.71100000000076],[-1.868500000000001,44.71100000000076],[-1.868500000000001,44.75150000000076],[-2.0305,44.75150000000076],[-2.0305,44.8144000000006],[-2.0584,44.8144000000006],[-2.0584,44.83947500000075]],[[-7.2957,62.158799999999054],[-7.2957,62.138499999999055],[-7.3566,62.138499999999055],[-7.3566,62.11819999999906],[-7.4175,62.11819999999906],[-7.4175,62.05729999999906],[-7.316000000000001,62.05729999999906],[-7.316000000000001,62.036999999999054],[-7.2551000000000005,62.036999999999054],[-7.2551000000000005,62.016699999999055],[-7.1333,62.016699999999055],[-7.113,61.97609999999906],[-6.9709,61.97609999999906],[-6.9709,62.016699999999055],[-6.8897,62.016699999999055],[-6.8897,61.97609999999906],[-6.7679,61.95579999999906],[-6.7679,62.036999999999054],[-6.646100000000001,62.05729999999906],[-6.646100000000001,62.09789999999906],[-6.625800000000001,62.09789999999906],[-6.625800000000001,62.158799999999054],[-6.646100000000001,62.158799999999054],[-6.646100000000001,62.19939999999906],[-6.707000000000001,62.19939999999906],[-6.707000000000001,62.21969999999906],[-6.7273000000000005,62.21969999999906],[-6.7273000000000005,62.260299999999056],[-6.788200000000001,62.260299999999056],[-6.788200000000001,62.300899999999054],[-6.707000000000001,62.280599999999055],[-6.707000000000001,62.23999999999906],[-6.646100000000001,62.23999999999906],[-6.646100000000001,62.260299999999056],[-6.625800000000001,62.260299999999056],[-6.625800000000001,62.19939999999906],[-6.6055,62.19939999999906],[-6.6055,62.17909999999906],[-6.4431,62.17909999999906],[-6.4431,62.19939999999906],[-6.402500000000001,62.19939999999906],[-6.402500000000001,62.21969999999906],[-6.3822,62.21969999999906],[-6.3822,62.280599999999055],[-6.402500000000001,62.280599999999055],[-6.402500000000001,62.32119999999906],[-6.4431,62.32119999999906],[-6.4431,62.34149999999906],[-6.5243,62.34149999999906],[-6.5243,62.382099999999056],[-6.6055,62.382099999999056],[-6.6055,62.36179999999906],[-6.8085,62.36179999999906],[-6.8085,62.34149999999906],[-6.8897,62.34149999999906],[-6.8897,62.32119999999906],[-7.113,62.32119999999906],[-7.113,62.300899999999054],[-7.234800000000001,62.300899999999054],[-7.234800000000001,62.260299999999056],[-7.2551000000000005,62.260299999999056],[-7.2551000000000005,62.158799999999054],[-7.2957,62.158799999999054]],[[-6.8085,61.83399999999906],[-6.8085,61.81369999999906],[-6.7679,61.81369999999906],[-6.7679,61.79339999999905],[-6.7476,61.79339999999905],[-6.7476,61.773099999999054],[-6.6867,61.773099999999054],[-6.6867,61.894899999999055],[-6.8897,61.894899999999055],[-6.8897,61.83399999999906],[-6.8085,61.83399999999906]],[[-6.7679,61.54979999999906],[-6.7679,61.57009999999906],[-6.8288,61.57009999999906],[-6.8288,61.59039999999906],[-6.8897,61.59039999999906],[-6.8897,61.630999999999055],[-6.9912,61.630999999999055],[-6.9912,61.57009999999906],[-6.930300000000001,61.57009999999906],[-6.930300000000001,61.529499999999054],[-6.8897,61.529499999999054],[-6.8897,61.488899999999056],[-6.869400000000001,61.488899999999056],[-6.869400000000001,61.44829999999906],[-6.8085,61.44829999999906],[-6.8085,61.42799999999906],[-6.7273000000000005,61.42799999999906],[-6.7273000000000005,61.54979999999906],[-6.7679,61.54979999999906]],[[-0.1095000000000006,61.44829999999906],[-0.1095000000000006,61.488899999999056],[-0.04860000000000042,61.488899999999056],[-0.04860000000000042,61.59039999999906],[-0.1095000000000006,61.59039999999906],[-0.1095000000000006,61.57009999999906],[-0.15010000000000012,61.57009999999906],[-0.17040000000000077,61.529499999999054],[-0.2110000000000003,61.529499999999054],[-0.23130000000000095,61.488899999999056],[-0.2719000000000005,61.488899999999056],[-0.2719000000000005,61.40769999999905],[-0.19070000000000142,61.40769999999905],[-0.17040000000000077,61.44829999999906],[-0.1095000000000006,61.44829999999906]],[[-0.7997000000000014,60.717499999999056],[-0.7997000000000014,60.81899999999906],[-0.9215,60.81899999999906],[-0.9215,60.79869999999906],[-0.9621000000000013,60.79869999999906],[-0.9824000000000002,60.67689999999906],[-0.9621000000000013,60.67689999999906],[-0.9621000000000013,60.65659999999906],[-0.8809000000000005,60.65659999999906],[-0.8809000000000005,60.67689999999906],[-0.8606000000000016,60.67689999999906],[-0.8606000000000016,60.717499999999056],[-0.7997000000000014,60.717499999999056]],[[-1.0433000000000003,60.473899999999055],[-1.0433000000000003,60.45359999999906],[-1.1854000000000013,60.45359999999906],[-1.1854000000000013,60.494199999999054],[-1.2463000000000015,60.494199999999054],[-1.2463000000000015,60.55509999999906],[-1.3072000000000017,60.55509999999906],[-1.3072000000000017,60.615999999999055],[-1.449300000000001,60.615999999999055],[-1.449300000000001,60.57539999999906],[-1.5305,60.57539999999906],[-1.5305,60.55509999999906],[-1.5711000000000013,60.55509999999906],[-1.5914000000000001,60.51449999999906],[-1.6320000000000014,60.51449999999906],[-1.6320000000000014,60.45359999999906],[-1.7538,60.45359999999906],[-1.7538,60.39269999999906],[-1.7132000000000005,60.39269999999906],[-1.7132000000000005,60.372399999999054],[-1.6929000000000016,60.372399999999054],[-1.6929000000000016,60.31149999999906],[-1.6320000000000014,60.31149999999906],[-1.6320000000000014,60.29119999999906],[-1.6929000000000016,60.29119999999906],[-1.6929000000000016,60.230299999999055],[-1.6523000000000003,60.230299999999055],[-1.6320000000000014,60.18969999999906],[-1.510200000000001,60.18969999999906],[-1.510200000000001,60.14909999999906],[-1.449300000000001,60.14909999999906],[-1.449300000000001,60.06789999999906],[-1.3275000000000006,60.04759999999906],[-1.3275000000000006,59.946099999999056],[-1.2463000000000015,59.946099999999056],[-1.2463000000000015,59.986699999999054],[-1.1854000000000013,59.986699999999054],[-1.1854000000000013,60.04759999999906],[-1.1042000000000005,60.04759999999906],[-1.1042000000000005,60.108499999999054],[-1.0433000000000003,60.108499999999054],[-1.0433000000000003,60.18969999999906],[-1.063600000000001,60.18969999999906],[-1.063600000000001,60.250599999999054],[-1.1042000000000005,60.250599999999054],[-1.1042000000000005,60.352099999999055],[-1.063600000000001,60.352099999999055],[-1.063600000000001,60.39269999999906],[-0.9418000000000006,60.39269999999906],[-0.9418000000000006,60.43329999999906],[-0.9215,60.43329999999906],[-0.9215,60.45359999999906],[-0.8200000000000003,60.45359999999906],[-0.8200000000000003,60.55509999999906],[-0.7997000000000014,60.55509999999906],[-0.7997000000000014,60.615999999999055],[-0.9621000000000013,60.615999999999055],[-0.9621000000000013,60.57539999999906],[-1.0027000000000008,60.57539999999906],[-1.0027000000000008,60.737799999999055],[-1.1448,60.737799999999055],[-1.1651000000000007,60.69719999999906],[-1.286900000000001,60.69719999999906],[-1.286900000000001,60.595699999999056],[-1.2260000000000009,60.595699999999056],[-1.2260000000000009,60.53479999999906],[-1.1651000000000007,60.53479999999906],[-1.1651000000000007,60.494199999999054],[-1.1448,60.494199999999054],[-1.1448,60.473899999999055],[-1.0433000000000003,60.473899999999055]],[[0.8851999999999993,60.372399999999054],[0.8648999999999987,60.331799999999056],[0.8242999999999991,60.331799999999056],[0.8242999999999991,60.31149999999906],[0.763399999999999,60.31149999999906],[0.763399999999999,60.29119999999906],[0.6415999999999986,60.29119999999906],[0.6415999999999986,60.230299999999055],[0.6821999999999999,60.230299999999055],[0.7024999999999988,60.18969999999906],[0.7430999999999983,60.18969999999906],[0.763399999999999,60.14909999999906],[0.9054999999999982,60.14909999999906],[0.9054999999999982,60.16939999999906],[0.9460999999999995,60.16939999999906],[0.9460999999999995,60.14909999999906],[1.149099999999999,60.14909999999906],[1.1693999999999996,60.18969999999906],[1.2708999999999993,60.18969999999906],[1.2912,60.230299999999055],[1.3926999999999996,60.230299999999055],[1.4129999999999985,60.27089999999906],[1.4535999999999998,60.27089999999906],[1.4535999999999998,60.29119999999906],[1.4738999999999987,60.29119999999906],[1.4738999999999987,60.45359999999906],[1.4535999999999998,60.45359999999906],[1.4535999999999998,60.473899999999055],[1.4129999999999985,60.473899999999055],[1.4129999999999985,60.494199999999054],[1.3114999999999988,60.494199999999054],[1.3114999999999988,60.473899999999055],[1.2505999999999986,60.473899999999055],[1.2505999999999986,60.45359999999906],[1.1287999999999982,60.45359999999906],[1.1287999999999982,60.43329999999906],[1.1084999999999994,60.43329999999906],[1.1084999999999994,60.41299999999906],[0.986699999999999,60.41299999999906],[0.986699999999999,60.39269999999906],[0.9257999999999988,60.39269999999906],[0.9257999999999988,60.372399999999054],[0.8851999999999993,60.372399999999054]],[[-4.819100000000001,60.31149999999906],[-4.819100000000001,60.331799999999056],[-4.7582,60.331799999999056],[-4.7582,60.352099999999055],[-4.677000000000001,60.352099999999055],[-4.677000000000001,60.43329999999906],[-4.9206,60.43329999999906],[-4.9206,60.41299999999906],[-5.022100000000001,60.41299999999906],[-5.022100000000001,60.39269999999906],[-5.083,60.39269999999906],[-5.083,60.372399999999054],[-5.2048000000000005,60.372399999999054],[-5.2048000000000005,60.31149999999906],[-5.103300000000001,60.31149999999906],[-5.103300000000001,60.29119999999906],[-4.940900000000001,60.29119999999906],[-4.940900000000001,60.31149999999906],[-4.819100000000001,60.31149999999906]],[[-7.9656,60.230299999999055],[-7.9656,60.209999999999056],[-7.925000000000001,60.209999999999056],[-7.925000000000001,60.18969999999906],[-7.843800000000001,60.18969999999906],[-7.843800000000001,60.16939999999906],[-7.5596000000000005,60.16939999999906],[-7.5596000000000005,60.14909999999906],[-7.4581,60.14909999999906],[-7.4581,60.209999999999056],[-7.5596000000000005,60.209999999999056],[-7.5596000000000005,60.230299999999055],[-7.620500000000001,60.230299999999055],[-7.620500000000001,60.250599999999054],[-7.8032,60.250599999999054],[-7.8235,60.29119999999906],[-7.8844,60.29119999999906],[-7.8844,60.31149999999906],[-7.925000000000001,60.31149999999906],[-7.925000000000001,60.331799999999056],[-7.9859,60.331799999999056],[-7.9859,60.352099999999055],[-8.046800000000001,60.352099999999055],[-8.046800000000001,60.372399999999054],[-8.128,60.372399999999054],[-8.128,60.39269999999906],[-8.1889,60.39269999999906],[-8.1889,60.41299999999906],[-8.3513,60.41299999999906],[-8.3513,60.352099999999055],[-8.331,60.352099999999055],[-8.331,60.331799999999056],[-8.2904,60.331799999999056],[-8.2904,60.31149999999906],[-8.229500000000002,60.31149999999906],[-8.229500000000002,60.29119999999906],[-8.1483,60.29119999999906],[-8.1483,60.27089999999906],[-8.046800000000001,60.27089999999906],[-8.0265,60.230299999999055],[-7.9656,60.230299999999055]],[[-5.326600000000001,60.352099999999055],[-5.326600000000001,60.29119999999906],[-5.245400000000001,60.29119999999906],[-5.245400000000001,60.352099999999055],[-5.326600000000001,60.352099999999055]],[[-7.4175,60.18969999999906],[-7.4175,60.12879999999906],[-7.3566,60.12879999999906],[-7.3566,60.108499999999054],[-7.2551000000000005,60.108499999999054],[-7.2551000000000005,60.06789999999906],[-7.1942,60.06789999999906],[-7.1942,60.12879999999906],[-7.2551000000000005,60.12879999999906],[-7.2551000000000005,60.16939999999906],[-7.316000000000001,60.16939999999906],[-7.316000000000001,60.18969999999906],[-7.4175,60.18969999999906]],[[-7.843800000000001,59.580699999999055],[-7.843800000000001,59.560399999999056],[-7.8032,59.560399999999056],[-7.8032,59.51979999999906],[-7.722,59.51979999999906],[-7.722,59.479199999999054],[-7.539300000000001,59.479199999999054],[-7.539300000000001,59.458899999999055],[-7.478400000000001,59.458899999999055],[-7.478400000000001,59.438599999999056],[-7.2957,59.438599999999056],[-7.2957,59.41829999999906],[-7.2145,59.41829999999906],[-7.2145,59.438599999999056],[-7.113,59.438599999999056],[-7.113,59.39799999999906],[-7.0521,59.39799999999906],[-7.0521,59.37769999999906],[-6.9506000000000006,59.37769999999906],[-6.9506000000000006,59.35739999999906],[-6.930300000000001,59.35739999999906],[-6.930300000000001,59.215299999999054],[-6.8897,59.215299999999054],[-6.8897,59.194999999999055],[-6.869400000000001,59.194999999999055],[-6.869400000000001,59.15439999999906],[-6.788200000000001,59.15439999999906],[-6.7679,59.194999999999055],[-6.7273000000000005,59.194999999999055],[-6.7273000000000005,59.215299999999054],[-6.707000000000001,59.215299999999054],[-6.6867,59.25589999999906],[-6.646100000000001,59.25589999999906],[-6.646100000000001,59.316799999999056],[-6.6867,59.316799999999056],[-6.707000000000001,59.35739999999906],[-6.7273000000000005,59.35739999999906],[-6.7273000000000005,59.37769999999906],[-6.7679,59.37769999999906],[-6.7679,59.39799999999906],[-6.788200000000001,59.39799999999906],[-6.788200000000001,59.458899999999055],[-6.8288,59.458899999999055],[-6.8288,59.49949999999906],[-6.91,59.49949999999906],[-6.91,59.580699999999055],[-6.9506000000000006,59.580699999999055],[-6.9709,59.62129999999906],[-7.0318000000000005,59.62129999999906],[-7.0318000000000005,59.66189999999906],[-7.092700000000001,59.66189999999906],[-7.092700000000001,59.68219999999906],[-7.153600000000001,59.68219999999906],[-7.153600000000001,59.702499999999056],[-7.1942,59.702499999999056],[-7.2145,59.74309999999906],[-7.2754,59.74309999999906],[-7.2754,59.78369999999906],[-7.3363000000000005,59.78369999999906],[-7.3363000000000005,59.80399999999906],[-7.3769,59.80399999999906],[-7.3769,59.824299999999056],[-7.4378,59.824299999999056],[-7.4378,59.844599999999055],[-7.6002,59.844599999999055],[-7.6002,59.824299999999056],[-7.6814,59.824299999999056],[-7.6814,59.80399999999906],[-7.7423,59.80399999999906],[-7.7423,59.78369999999906],[-7.8032,59.78369999999906],[-7.8032,59.76339999999906],[-7.843800000000001,59.76339999999906],[-7.843800000000001,59.74309999999906],[-7.8641000000000005,59.74309999999906],[-7.8641000000000005,59.580699999999055],[-7.843800000000001,59.580699999999055]],[[-5.5093000000000005,59.844599999999055],[-5.5093000000000005,59.76339999999906],[-5.346900000000001,59.76339999999906],[-5.346900000000001,59.78369999999906],[-5.2860000000000005,59.78369999999906],[-5.2860000000000005,59.844599999999055],[-5.5093000000000005,59.844599999999055]],[[-3.0124000000000013,59.337099999999054],[-3.0124000000000013,59.27619999999906],[-2.951500000000001,59.27619999999906],[-2.951500000000001,59.337099999999054],[-3.0124000000000013,59.337099999999054]],[[-2.6470000000000002,59.29649999999906],[-2.6470000000000002,59.23559999999906],[-2.5252,59.23559999999906],[-2.5252,59.29649999999906],[-2.6470000000000002,59.29649999999906]],[[-3.499600000000001,58.99199999999906],[-3.4793000000000003,58.951399999999055],[-3.3778000000000006,58.951399999999055],[-3.3778000000000006,58.97169999999906],[-3.3575,58.97169999999906],[-3.3575,58.951399999999055],[-3.276300000000001,58.951399999999055],[-3.276300000000001,58.97169999999906],[-3.2357000000000014,58.97169999999906],[-3.2357000000000014,58.91079999999906],[-3.174800000000001,58.91079999999906],[-3.174800000000001,58.87019999999906],[-3.2154000000000007,58.87019999999906],[-3.2154000000000007,58.89049999999906],[-3.3169000000000004,58.89049999999906],[-3.3169000000000004,58.931099999999056],[-3.4184,58.931099999999056],[-3.4184,58.87019999999906],[-3.3778000000000006,58.87019999999906],[-3.3778000000000006,58.829599999999054],[-3.3169000000000004,58.829599999999054],[-3.3169000000000004,58.78899999999906],[-3.1545000000000005,58.78899999999906],[-3.1545000000000005,58.829599999999054],[-3.0936000000000003,58.829599999999054],[-3.0936000000000003,58.87019999999906],[-3.0327,58.87019999999906],[-3.0124000000000013,58.91079999999906],[-2.951500000000001,58.91079999999906],[-2.951500000000001,58.89049999999906],[-2.890600000000001,58.89049999999906],[-2.890600000000001,58.91079999999906],[-2.8703000000000003,58.91079999999906],[-2.8703000000000003,58.89049999999906],[-2.7891000000000012,58.89049999999906],[-2.7891000000000012,58.97169999999906],[-2.8500000000000014,58.97169999999906],[-2.8500000000000014,59.01229999999906],[-2.951500000000001,59.01229999999906],[-2.951500000000001,58.99199999999906],[-2.9718,58.99199999999906],[-2.9718,59.01229999999906],[-3.0124000000000013,59.01229999999906],[-3.0124000000000013,59.093499999999054],[-3.0327,59.093499999999054],[-3.0327,59.11379999999906],[-3.0936000000000003,59.11379999999906],[-3.0936000000000003,59.13409999999906],[-3.1951,59.13409999999906],[-3.1951,59.15439999999906],[-3.2560000000000002,59.15439999999906],[-3.2560000000000002,59.13409999999906],[-3.3575,59.13409999999906],[-3.3778000000000006,59.093499999999054],[-3.5402000000000005,59.093499999999054],[-3.5402000000000005,59.073199999999055],[-3.560500000000001,59.073199999999055],[-3.560500000000001,59.093499999999054],[-3.6214000000000013,59.093499999999054],[-3.6214000000000013,58.99199999999906],[-3.499600000000001,58.99199999999906]],[[-2.6470000000000002,59.15439999999906],[-2.6470000000000002,59.093499999999054],[-2.5861,59.093499999999054],[-2.5861,59.15439999999906],[-2.6470000000000002,59.15439999999906]],[[-2.9921000000000006,58.84989999999906],[-2.9921000000000006,58.74839999999906],[-2.9109,58.74839999999906],[-2.9109,58.84989999999906],[-2.9921000000000006,58.84989999999906]],[[-4.3522,58.52509999999906],[-4.3522,58.565699999999055],[-4.453700000000001,58.565699999999055],[-4.453700000000001,58.545399999999056],[-4.474,58.545399999999056],[-4.474,58.565699999999055],[-4.7379,58.565699999999055],[-4.7379,58.58599999999906],[-4.819100000000001,58.58599999999906],[-4.819100000000001,58.60629999999906],[-5.022100000000001,58.60629999999906],[-5.022100000000001,58.565699999999055],[-5.103300000000001,58.52509999999906],[-5.103300000000001,58.423599999999055],[-5.1439,58.423599999999055],[-5.1642,58.38299999999906],[-5.2251,58.38299999999906],[-5.2251,58.36269999999906],[-5.265700000000001,58.36269999999906],[-5.265700000000001,58.34239999999906],[-5.2860000000000005,58.34239999999906],[-5.2860000000000005,58.281499999999056],[-5.326600000000001,58.281499999999056],[-5.326600000000001,58.26119999999906],[-5.3875,58.26119999999906],[-5.3875,58.20029999999906],[-5.407800000000001,58.20029999999906],[-5.407800000000001,58.09879999999906],[-5.4484,58.09879999999906],[-5.4484,58.01759999999906],[-5.407800000000001,58.01759999999906],[-5.407800000000001,57.97699999999906],[-5.4484,57.97699999999906],[-5.4484,57.95669999999906],[-5.4687,57.95669999999906],[-5.489000000000001,57.99729999999906],[-5.5905000000000005,57.99729999999906],[-5.5905000000000005,57.916099999999055],[-5.651400000000001,57.916099999999055],[-5.651400000000001,57.85519999999906],[-5.631100000000001,57.85519999999906],[-5.631100000000001,57.81459999999906],[-5.6717,57.81459999999906],[-5.6717,57.85519999999906],[-5.8138000000000005,57.85519999999906],[-5.8138000000000005,57.75369999999906],[-6.016800000000001,57.773999999999056],[-6.016800000000001,57.75369999999906],[-6.0574,57.75369999999906],[-6.0574,57.71309999999906],[-6.0777,57.71309999999906],[-6.0777,57.69279999999905],[-6.1183000000000005,57.69279999999905],[-6.1386,57.652199999999056],[-6.179200000000001,57.652199999999056],[-6.179200000000001,57.63189999999906],[-6.1995000000000005,57.63189999999906],[-6.1995000000000005,57.652199999999056],[-6.260400000000001,57.652199999999056],[-6.2807,57.69279999999905],[-6.3619,57.69279999999905],[-6.3822,57.652199999999056],[-6.4228000000000005,57.652199999999056],[-6.4431,57.61159999999906],[-6.5040000000000004,57.61159999999906],[-6.5040000000000004,57.59129999999906],[-6.544600000000001,57.59129999999906],[-6.544600000000001,57.57099999999906],[-6.564900000000001,57.57099999999906],[-6.564900000000001,57.59129999999906],[-6.625800000000001,57.59129999999906],[-6.625800000000001,57.510099999999056],[-6.7476,57.510099999999056],[-6.7476,57.48979999999906],[-6.7679,57.48979999999906],[-6.7679,57.408599999999055],[-6.707000000000001,57.408599999999055],[-6.707000000000001,57.36799999999906],[-6.625800000000001,57.36799999999906],[-6.625800000000001,57.34769999999906],[-6.6055,57.34769999999906],[-6.6055,57.286799999999054],[-6.483700000000001,57.286799999999054],[-6.483700000000001,57.266499999999056],[-6.4431,57.266499999999056],[-6.4431,57.22589999999906],[-6.4228000000000005,57.22589999999906],[-6.4228000000000005,57.20559999999906],[-6.3619,57.20559999999906],[-6.3619,57.18529999999906],[-6.3822,57.18529999999906],[-6.3822,57.022899999999055],[-6.4431,57.022899999999055],[-6.4431,56.96199999999906],[-6.5040000000000004,56.96199999999906],[-6.5040000000000004,56.880799999999056],[-6.341600000000001,56.880799999999056],[-6.341600000000001,56.92139999999905],[-6.321300000000001,56.92139999999905],[-6.321300000000001,56.94169999999906],[-6.2807,56.94169999999906],[-6.2807,56.96199999999906],[-6.260400000000001,56.96199999999906],[-6.260400000000001,57.022899999999055],[-6.2807,57.022899999999055],[-6.2807,57.06349999999906],[-6.321300000000001,57.06349999999906],[-6.321300000000001,57.144699999999055],[-6.240100000000001,57.144699999999055],[-6.240100000000001,57.06349999999906],[-6.1995000000000005,57.06349999999906],[-6.1995000000000005,57.04319999999906],[-6.179200000000001,57.04319999999906],[-6.179200000000001,57.002599999999056],[-6.1386,57.002599999999056],[-6.1386,56.94169999999906],[-6.1995000000000005,56.94169999999906],[-6.1995000000000005,56.880799999999056],[-6.0777,56.880799999999056],[-6.0777,56.92139999999905],[-6.037100000000001,56.92139999999905],[-6.037100000000001,56.94169999999906],[-5.8950000000000005,56.94169999999906],[-5.8950000000000005,56.901099999999055],[-5.9965,56.901099999999055],[-5.9965,56.880799999999056],[-6.016800000000001,56.880799999999056],[-6.016800000000001,56.81989999999906],[-6.0574,56.81989999999906],[-6.0574,56.758999999999055],[-6.179200000000001,56.758999999999055],[-6.179200000000001,56.738699999999056],[-6.1995000000000005,56.738699999999056],[-6.1995000000000005,56.637199999999055],[-6.240100000000001,56.637199999999055],[-6.240100000000001,56.59659999999906],[-6.301,56.59659999999906],[-6.301,56.495099999999056],[-6.321300000000001,56.495099999999056],[-6.321300000000001,56.45449999999906],[-6.3619,56.45449999999906],[-6.3619,56.43419999999906],[-6.3822,56.43419999999906],[-6.3822,56.27179999999906],[-6.0777,56.27179999999906],[-6.0574,56.231199999999056],[-5.9762,56.231199999999056],[-5.955900000000001,56.27179999999906],[-5.8950000000000005,56.27179999999906],[-5.8950000000000005,56.31239999999906],[-5.874700000000001,56.31239999999906],[-5.874700000000001,56.29209999999906],[-5.793500000000001,56.29209999999906],[-5.793500000000001,56.33269999999906],[-5.732600000000001,56.33269999999906],[-5.712300000000001,56.373299999999055],[-5.6717,56.373299999999055],[-5.6717,56.393599999999054],[-5.651400000000001,56.393599999999054],[-5.651400000000001,56.45449999999906],[-5.712300000000001,56.45449999999906],[-5.712300000000001,56.47479999999906],[-5.8341,56.495099999999056],[-5.8341,56.515399999999055],[-5.955900000000001,56.515399999999055],[-5.955900000000001,56.53569999999905],[-5.9762,56.53569999999905],[-5.9762,56.57629999999906],[-6.016800000000001,56.57629999999906],[-6.016800000000001,56.616899999999056],[-5.9965,56.616899999999056],[-5.9965,56.59659999999906],[-5.955900000000001,56.59659999999906],[-5.955900000000001,56.55599999999906],[-5.874700000000001,56.55599999999906],[-5.874700000000001,56.53569999999905],[-5.8138000000000005,56.53569999999905],[-5.8138000000000005,56.515399999999055],[-5.570200000000001,56.515399999999055],[-5.570200000000001,56.43419999999906],[-5.5296,56.43419999999906],[-5.5296,56.41389999999906],[-5.570200000000001,56.41389999999906],[-5.570200000000001,56.35299999999906],[-5.631100000000001,56.35299999999906],[-5.631100000000001,56.29209999999906],[-5.651400000000001,56.29209999999906],[-5.651400000000001,56.19059999999906],[-5.5905000000000005,56.19059999999906],[-5.5905000000000005,56.129699999999055],[-5.570200000000001,56.129699999999055],[-5.570200000000001,56.08909999999906],[-5.5905000000000005,56.08909999999906],[-5.5905000000000005,56.06879999999906],[-5.631100000000001,56.06879999999906],[-5.631100000000001,56.04849999999906],[-5.651400000000001,56.04849999999906],[-5.651400000000001,56.007899999999054],[-5.692,56.007899999999054],[-5.692,55.90639999999906],[-5.651400000000001,55.90639999999906],[-5.651400000000001,55.78459999999906],[-5.631100000000001,55.78459999999906],[-5.631100000000001,55.764299999999054],[-5.651400000000001,55.764299999999054],[-5.651400000000001,55.70339999999906],[-5.631100000000001,55.70339999999906],[-5.631100000000001,55.68309999999906],[-5.692,55.68309999999906],[-5.692,55.58159999999906],[-5.712300000000001,55.58159999999906],[-5.712300000000001,55.41919999999906],[-5.7529,55.41919999999906],[-5.7732,55.378599999999054],[-5.8138000000000005,55.378599999999054],[-5.8138000000000005,55.29739999999906],[-5.6717,55.29739999999906],[-5.6717,55.31769999999906],[-5.651400000000001,55.31769999999906],[-5.651400000000001,55.29739999999906],[-5.5905000000000005,55.29739999999906],[-5.5905000000000005,55.31769999999906],[-5.549900000000001,55.31769999999906],[-5.549900000000001,55.337999999999056],[-5.5296,55.337999999999056],[-5.5296,55.39889999999906],[-5.489000000000001,55.39889999999906],[-5.489000000000001,55.41919999999906],[-5.3875,55.41919999999906],[-5.3875,55.39889999999906],[-5.346900000000001,55.39889999999906],[-5.346900000000001,55.378599999999054],[-5.245400000000001,55.378599999999054],[-5.245400000000001,55.41919999999906],[-5.1642,55.41919999999906],[-5.1642,55.43949999999906],[-5.103300000000001,55.43949999999906],[-5.103300000000001,55.459799999999056],[-5.022100000000001,55.459799999999056],[-5.022100000000001,55.39889999999906],[-4.9815000000000005,55.39889999999906],[-4.9815000000000005,55.378599999999054],[-4.9206,55.378599999999054],[-4.9206,55.337999999999056],[-4.8597,55.337999999999056],[-4.8597,55.31769999999906],[-4.9612,55.31769999999906],[-4.9612,55.29739999999906],[-4.9815000000000005,55.29739999999906],[-4.9815000000000005,55.236499999999054],[-4.9612,55.236499999999054],[-4.9612,55.19589999999906],[-4.9206,55.19589999999906],[-4.9206,55.17559999999906],[-5.083,55.17559999999906],[-5.083,55.11469999999906],[-5.022100000000001,55.11469999999906],[-5.022100000000001,55.074099999999056],[-5.042400000000001,55.074099999999056],[-5.042400000000001,54.972599999999055],[-5.0627,54.972599999999055],[-5.0627,55.01319999999906],[-5.1642,55.01319999999906],[-5.1642,54.87109999999906],[-5.1439,54.87109999999906],[-5.1439,54.850799999999055],[-5.103300000000001,54.850799999999055],[-5.083,54.81019999999906],[-5.042400000000001,54.81019999999906],[-5.042400000000001,54.78989999999906],[-5.022100000000001,54.78989999999906],[-5.022100000000001,54.74929999999905],[-4.9815000000000005,54.74929999999905],[-4.9612,54.66809999999906],[-4.880000000000001,54.66809999999906],[-4.880000000000001,54.72899999999906],[-4.9206,54.72899999999906],[-4.9206,54.78989999999906],[-4.819100000000001,54.78989999999906],[-4.819100000000001,54.830499999999056],[-4.7988,54.830499999999056],[-4.7988,54.78989999999906],[-4.5958000000000006,54.78989999999906],[-4.5958000000000006,54.74929999999905],[-4.5755,54.74929999999905],[-4.5755,54.72899999999906],[-4.5349,54.72899999999906],[-4.5349,54.708699999999055],[-4.474,54.708699999999055],[-4.474,54.688399999999056],[-4.3725000000000005,54.688399999999056],[-4.3522,54.81019999999906],[-4.4131,54.81019999999906],[-4.4131,54.850799999999055],[-4.433400000000001,54.850799999999055],[-4.433400000000001,54.87109999999906],[-4.331900000000001,54.87109999999906],[-4.331900000000001,54.850799999999055],[-4.210100000000001,54.830499999999056],[-4.210100000000001,54.78989999999906],[-3.885300000000001,54.78989999999906],[-3.865,54.830499999999056],[-3.8244000000000007,54.830499999999056],[-3.8244000000000007,54.850799999999055],[-3.8041,54.850799999999055],[-3.8041,54.87109999999906],[-3.6214000000000013,54.87109999999906],[-3.6214000000000013,54.89139999999906],[-3.5808,54.89139999999906],[-3.5808,54.992899999999054],[-3.560500000000001,54.992899999999054],[-3.560500000000001,54.972599999999055],[-3.4387000000000008,54.972599999999055],[-3.4387000000000008,54.992899999999054],[-3.4184,54.992899999999054],[-3.4184,54.972599999999055],[-3.0936000000000003,54.972599999999055],[-3.0936000000000003,54.992899999999054],[-3.0733000000000015,54.992899999999054],[-3.0733000000000015,54.93199999999906],[-3.2966000000000015,54.93199999999906],[-3.2966000000000015,54.89139999999906],[-3.3778000000000006,54.89139999999906],[-3.3778000000000006,54.87109999999906],[-3.4184,54.87109999999906],[-3.4387000000000008,54.74929999999905],[-3.4793000000000003,54.74929999999905],[-3.4793000000000003,54.72899999999906],[-3.499600000000001,54.72899999999906],[-3.499600000000001,54.688399999999056],[-3.5402000000000005,54.688399999999056],[-3.5402000000000005,54.66809999999906],[-3.560500000000001,54.66809999999906],[-3.560500000000001,54.607199999999054],[-3.6011000000000006,54.607199999999054],[-3.6011000000000006,54.465099999999055],[-3.560500000000001,54.465099999999055],[-3.5402000000000005,54.42449999999906],[-3.499600000000001,54.42449999999906],[-3.499600000000001,54.38389999999906],[-3.4793000000000003,54.38389999999906],[-3.4793000000000003,54.36359999999905],[-3.4387000000000008,54.36359999999905],[-3.4387000000000008,54.30269999999906],[-3.4184,54.30269999999906],[-3.4184,54.26209999999906],[-3.3778000000000006,54.26209999999906],[-3.3778000000000006,54.221499999999054],[-3.3575,54.221499999999054],[-3.3575,54.201199999999055],[-3.3169000000000004,54.201199999999055],[-3.3169000000000004,54.180899999999056],[-3.2560000000000002,54.180899999999056],[-3.2560000000000002,54.221499999999054],[-3.1951,54.221499999999054],[-3.1951,54.201199999999055],[-3.2357000000000014,54.201199999999055],[-3.2357000000000014,54.16059999999906],[-3.2560000000000002,54.16059999999906],[-3.2560000000000002,54.09969999999906],[-3.0936000000000003,54.09969999999906],[-3.0733000000000015,54.180899999999056],[-3.0327,54.180899999999056],[-3.0327,54.201199999999055],[-2.9921000000000006,54.180899999999056],[-2.9921000000000006,54.16059999999906],[-2.9109,54.16059999999906],[-2.890600000000001,54.201199999999055],[-2.8703000000000003,54.201199999999055],[-2.8703000000000003,54.180899999999056],[-2.8297000000000008,54.180899999999056],[-2.8297000000000008,54.14029999999906],[-2.8094,54.14029999999906],[-2.8094,54.09969999999906],[-2.8297000000000008,54.09969999999906],[-2.8297000000000008,54.079399999999055],[-2.890600000000001,54.079399999999055],[-2.890600000000001,53.99819999999906],[-2.8703000000000003,53.99819999999906],[-2.8703000000000003,53.95759999999906],[-2.951500000000001,53.95759999999906],[-2.951500000000001,53.937299999999055],[-3.0124000000000013,53.937299999999055],[-3.0124000000000013,53.91699999999906],[-3.053000000000001,53.91699999999906],[-3.053000000000001,53.75459999999906],[-3.0124000000000013,53.75459999999906],[-3.0124000000000013,53.73429999999906],[-2.9312000000000005,53.73429999999906],[-2.9312000000000005,53.71399999999906],[-2.951500000000001,53.71399999999906],[-2.951500000000001,53.693699999999055],[-2.9921000000000006,53.693699999999055],[-2.9921000000000006,53.65309999999906],[-3.0124000000000013,53.65309999999906],[-3.0124000000000013,53.63279999999906],[-3.0733000000000015,53.63279999999906],[-3.0733000000000015,53.59219999999905],[-3.113900000000001,53.59219999999905],[-3.113900000000001,53.53129999999906],[-3.0733000000000015,53.53129999999906],[-3.053000000000001,53.450099999999054],[-3.0124000000000013,53.450099999999054],[-3.0124000000000013,53.409499999999056],[-3.0327,53.409499999999056],[-3.0327,53.429799999999055],[-3.174800000000001,53.429799999999055],[-3.174800000000001,53.34859999999906],[-3.1342,53.34859999999906],[-3.1342,53.32829999999906],[-3.113900000000001,53.32829999999906],[-3.113900000000001,53.26739999999906],[-3.1951,53.26739999999906],[-3.2154000000000007,53.307999999999055],[-3.276300000000001,53.307999999999055],[-3.276300000000001,53.32829999999906],[-3.3169000000000004,53.32829999999906],[-3.3169000000000004,53.34859999999906],[-3.4184,53.34859999999906],[-3.4184,53.32829999999906],[-3.4793000000000003,53.32829999999906],[-3.4793000000000003,53.307999999999055],[-3.560500000000001,53.307999999999055],[-3.560500000000001,53.287699999999056],[-3.7026000000000003,53.287699999999056],[-3.7026000000000003,53.307999999999055],[-3.7635000000000005,53.307999999999055],[-3.7635000000000005,53.32829999999906],[-3.8244000000000007,53.32829999999906],[-3.8244000000000007,53.34859999999906],[-3.9055999999999997,53.34859999999906],[-3.9055999999999997,53.26739999999906],[-3.9868000000000006,53.26739999999906],[-3.9868000000000006,53.24709999999906],[-4.108600000000001,53.24709999999906],[-4.108600000000001,53.307999999999055],[-4.230400000000001,53.307999999999055],[-4.230400000000001,53.34859999999906],[-4.2507,53.34859999999906],[-4.2507,53.38919999999906],[-4.2913000000000014,53.38919999999906],[-4.2913000000000014,53.429799999999055],[-4.474,53.429799999999055],[-4.474,53.409499999999056],[-4.5349,53.409499999999056],[-4.5349,53.38919999999906],[-4.5755,53.38919999999906],[-4.5755,53.307999999999055],[-4.616100000000001,53.307999999999055],[-4.616100000000001,53.24709999999906],[-4.5755,53.24709999999906],[-4.5755,53.22679999999906],[-4.5146,53.22679999999906],[-4.5146,53.18619999999906],[-4.474,53.18619999999906],[-4.474,53.165899999999056],[-4.4131,53.165899999999056],[-4.4131,53.08469999999906],[-4.392800000000001,53.08469999999906],[-4.392800000000001,53.044099999999055],[-4.3522,53.044099999999055],[-4.3522,53.023799999999056],[-4.4131,53.023799999999056],[-4.4131,53.00349999999906],[-4.453700000000001,53.00349999999906],[-4.453700000000001,52.98319999999906],[-4.474,52.98319999999906],[-4.474,52.94259999999906],[-4.5958000000000006,52.94259999999906],[-4.616100000000001,52.901999999999056],[-4.656700000000001,52.901999999999056],[-4.677000000000001,52.86139999999906],[-4.717600000000001,52.86139999999906],[-4.717600000000001,52.80049999999906],[-4.494300000000001,52.80049999999906],[-4.474,52.88169999999906],[-4.4131,52.88169999999906],[-4.4131,52.901999999999056],[-4.3522,52.901999999999056],[-4.3522,52.88169999999906],[-4.271000000000001,52.88169999999906],[-4.271000000000001,52.84109999999906],[-4.169500000000001,52.84109999999906],[-4.169500000000001,52.80049999999906],[-4.1492,52.80049999999906],[-4.1492,52.780199999999056],[-4.108600000000001,52.780199999999056],[-4.108600000000001,52.75989999999906],[-4.0883,52.75989999999906],[-4.0883,52.658399999999055],[-4.108600000000001,52.658399999999055],[-4.108600000000001,52.57719999999906],[-4.0883,52.57719999999906],[-4.0883,52.55689999999906],[-4.047700000000001,52.55689999999906],[-4.047700000000001,52.47569999999906],[-4.0883,52.47569999999906],[-4.0883,52.41479999999906],[-4.108600000000001,52.41479999999906],[-4.108600000000001,52.33359999999906],[-4.169500000000001,52.33359999999906],[-4.169500000000001,52.292999999999054],[-4.210100000000001,52.292999999999054],[-4.210100000000001,52.25239999999906],[-4.271000000000001,52.25239999999906],[-4.271000000000001,52.23209999999906],[-4.331900000000001,52.23209999999906],[-4.331900000000001,52.21179999999906],[-4.392800000000001,52.21179999999906],[-4.4131,52.17119999999906],[-4.474,52.17119999999906],[-4.474,52.150899999999055],[-4.5146,52.150899999999055],[-4.5146,52.130599999999056],[-4.717600000000001,52.130599999999056],[-4.7379,52.08999999999906],[-4.778500000000001,52.08999999999906],[-4.778500000000001,52.06969999999906],[-4.7988,52.06969999999906],[-4.7988,52.04939999999905],[-4.9206,52.02909999999906],[-4.9206,52.008799999999056],[-5.083,52.02909999999906],[-5.083,51.96819999999906],[-5.1439,51.96819999999906],[-5.1642,51.92759999999906],[-5.265700000000001,51.92759999999906],[-5.265700000000001,51.86669999999906],[-5.2251,51.86669999999906],[-5.2251,51.78549999999906],[-5.1642,51.78549999999906],[-5.1642,51.765199999999055],[-5.2048000000000005,51.765199999999055],[-5.2048000000000005,51.70429999999906],[-5.1642,51.70429999999906],[-5.1642,51.68399999999906],[-5.103300000000001,51.68399999999906],[-5.103300000000001,51.663699999999054],[-5.042400000000001,51.663699999999054],[-5.042400000000001,51.623099999999056],[-4.9206,51.60279999999906],[-4.9206,51.623099999999056],[-4.8597,51.623099999999056],[-4.8597,51.64339999999906],[-4.6973,51.64339999999906],[-4.6973,51.70429999999906],[-4.616100000000001,51.70429999999906],[-4.616100000000001,51.744899999999056],[-4.5958000000000006,51.744899999999056],[-4.5958000000000006,51.72459999999906],[-4.474,51.72459999999906],[-4.474,51.744899999999056],[-4.4131,51.744899999999056],[-4.4131,51.70429999999906],[-4.3522,51.70429999999906],[-4.331900000000001,51.663699999999054],[-4.2507,51.663699999999054],[-4.2507,51.68399999999906],[-4.169500000000001,51.68399999999906],[-4.169500000000001,51.663699999999054],[-4.1492,51.663699999999054],[-4.1492,51.64339999999906],[-4.271000000000001,51.64339999999906],[-4.271000000000001,51.623099999999056],[-4.2913000000000014,51.623099999999056],[-4.2913000000000014,51.56219999999906],[-4.271000000000001,51.56219999999906],[-4.271000000000001,51.54189999999906],[-4.1289,51.54189999999906],[-4.1289,51.58249999999906],[-4.108600000000001,51.58249999999906],[-4.108600000000001,51.56219999999906],[-4.007100000000001,51.56219999999906],[-4.007100000000001,51.60279999999906],[-3.946200000000001,51.60279999999906],[-3.946200000000001,51.623099999999056],[-3.9259000000000004,51.623099999999056],[-3.9259000000000004,51.60279999999906],[-3.865,51.60279999999906],[-3.8447000000000013,51.56219999999906],[-3.783800000000001,51.56219999999906],[-3.783800000000001,51.521599999999054],[-3.7432,51.521599999999054],[-3.7432,51.48099999999906],[-3.662000000000001,51.48099999999906],[-3.662000000000001,51.46069999999906],[-3.6214000000000013,51.46069999999906],[-3.6214000000000013,51.44039999999906],[-3.6011000000000006,51.44039999999906],[-3.6011000000000006,51.42009999999906],[-3.560500000000001,51.42009999999906],[-3.560500000000001,51.379499999999055],[-3.3169000000000004,51.379499999999055],[-3.3169000000000004,51.39979999999906],[-3.1951,51.39979999999906],[-3.1951,51.42009999999906],[-3.1545000000000005,51.42009999999906],[-3.1342,51.501299999999056],[-3.0327,51.501299999999056],[-3.0124000000000013,51.54189999999906],[-2.8297000000000008,51.54189999999906],[-2.8297000000000008,51.56219999999906],[-2.7688000000000006,51.56219999999906],[-2.7688000000000006,51.58249999999906],[-2.667300000000001,51.58249999999906],[-2.667300000000001,51.623099999999056],[-2.6470000000000002,51.623099999999056],[-2.6470000000000002,51.64339999999906],[-2.6064000000000007,51.64339999999906],[-2.6064000000000007,51.68399999999906],[-2.565800000000001,51.68399999999906],[-2.565800000000001,51.64339999999906],[-2.5861,51.64339999999906],[-2.5861,51.60279999999906],[-2.6267000000000014,51.60279999999906],[-2.6470000000000002,51.56219999999906],[-2.6876000000000015,51.56219999999906],[-2.6876000000000015,51.521599999999054],[-2.7079000000000004,51.521599999999054],[-2.7079000000000004,51.501299999999056],[-2.7485,51.501299999999056],[-2.7485,51.48099999999906],[-2.8297000000000008,51.48099999999906],[-2.8297000000000008,51.44039999999906],[-2.890600000000001,51.44039999999906],[-2.890600000000001,51.39979999999906],[-2.951500000000001,51.39979999999906],[-2.951500000000001,51.359199999999056],[-2.9921000000000006,51.359199999999056],[-2.9921000000000006,51.31859999999906],[-3.0124000000000013,51.31859999999906],[-3.0124000000000013,51.21709999999906],[-3.053000000000001,51.21709999999906],[-3.053000000000001,51.19679999999906],[-3.2560000000000002,51.19679999999906],[-3.2560000000000002,51.17649999999906],[-3.3981000000000012,51.17649999999906],[-3.3981000000000012,51.19679999999906],[-3.4590000000000014,51.19679999999906],[-3.4590000000000014,51.21709999999906],[-3.7026000000000003,51.21709999999906],[-3.7026000000000003,51.237399999999056],[-3.865,51.237399999999056],[-3.865,51.21709999999906],[-4.0274,51.21709999999906],[-4.0274,51.19679999999906],[-4.230400000000001,51.19679999999906],[-4.230400000000001,51.07499999999906],[-4.210100000000001,51.07499999999906],[-4.210100000000001,51.05469999999906],[-4.230400000000001,51.05469999999906],[-4.230400000000001,51.03439999999906],[-4.2913000000000014,51.03439999999906],[-4.2913000000000014,51.01409999999906],[-4.331900000000001,51.01409999999906],[-4.331900000000001,50.993799999999055],[-4.4131,50.993799999999055],[-4.4131,51.01409999999906],[-4.5349,51.01409999999906],[-4.5349,50.95319999999906],[-4.5755,50.95319999999906],[-4.5755,50.77049999999906],[-4.5958000000000006,50.77049999999906],[-4.5958000000000006,50.750199999999055],[-4.656700000000001,50.750199999999055],[-4.656700000000001,50.70959999999906],[-4.677000000000001,50.70959999999906],[-4.677000000000001,50.68929999999906],[-4.717600000000001,50.68929999999906],[-4.717600000000001,50.66899999999906],[-4.778500000000001,50.66899999999906],[-4.778500000000001,50.608099999999055],[-4.900300000000001,50.608099999999055],[-4.9206,50.56749999999906],[-4.9815000000000005,50.56749999999906],[-4.9815000000000005,50.54719999999906],[-5.022100000000001,50.54719999999906],[-5.022100000000001,50.506599999999054],[-5.042400000000001,50.506599999999054],[-5.042400000000001,50.44569999999906],[-5.083,50.44569999999906],[-5.103300000000001,50.40509999999906],[-5.1439,50.40509999999906],[-5.1642,50.32389999999906],[-5.2251,50.32389999999906],[-5.2251,50.28329999999906],[-5.2860000000000005,50.28329999999906],[-5.2860000000000005,50.26299999999906],[-5.326600000000001,50.26299999999906],[-5.326600000000001,50.24269999999906],[-5.3875,50.24269999999906],[-5.407800000000001,50.20209999999906],[-5.5296,50.222399999999055],[-5.5296,50.20209999999906],[-5.5905000000000005,50.20209999999906],[-5.5905000000000005,50.18179999999906],[-5.631100000000001,50.18179999999906],[-5.631100000000001,50.16149999999906],[-5.692,50.16149999999906],[-5.692,50.14119999999906],[-5.712300000000001,50.14119999999906],[-5.712300000000001,50.05999999999906],[-5.549900000000001,50.05999999999906],[-5.549900000000001,50.080299999999056],[-5.4687,50.080299999999056],[-5.4687,50.120899999999054],[-5.4484,50.120899999999054],[-5.4484,50.10059999999906],[-5.3875,50.10059999999906],[-5.3875,50.080299999999056],[-5.346900000000001,50.080299999999056],[-5.346900000000001,50.05999999999906],[-5.2860000000000005,50.05999999999906],[-5.265700000000001,49.978799999999055],[-5.1642,49.978799999999055],[-5.1642,50.01939999999906],[-5.0627,50.01939999999906],[-5.0627,50.10059999999906],[-5.042400000000001,50.10059999999906],[-5.042400000000001,50.120899999999054],[-5.0018,50.120899999999054],[-4.9815000000000005,50.16149999999906],[-4.940900000000001,50.16149999999906],[-4.940900000000001,50.222399999999055],[-4.7582,50.222399999999055],[-4.7582,50.26299999999906],[-4.6973,50.26299999999906],[-4.6973,50.28329999999906],[-4.677000000000001,50.28329999999906],[-4.677000000000001,50.32389999999906],[-4.656700000000001,50.32389999999906],[-4.656700000000001,50.30359999999906],[-4.555200000000001,50.30359999999906],[-4.5349,50.344199999999056],[-4.4131,50.344199999999056],[-4.4131,50.38479999999906],[-4.392800000000001,50.38479999999906],[-4.392800000000001,50.364499999999055],[-4.3522,50.364499999999055],[-4.3522,50.344199999999056],[-4.230400000000001,50.344199999999056],[-4.230400000000001,50.32389999999906],[-4.0883,50.32389999999906],[-4.0883,50.30359999999906],[-3.9259000000000004,50.30359999999906],[-3.9259000000000004,50.28329999999906],[-3.865,50.28329999999906],[-3.865,50.222399999999055],[-3.6417,50.222399999999055],[-3.6417,50.30359999999906],[-3.6214000000000013,50.30359999999906],[-3.6214000000000013,50.32389999999906],[-3.560500000000001,50.32389999999906],[-3.560500000000001,50.344199999999056],[-3.5199,50.344199999999056],[-3.5199,50.38479999999906],[-3.499600000000001,50.38479999999906],[-3.499600000000001,50.44569999999906],[-3.5199,50.44569999999906],[-3.5199,50.465999999999056],[-3.499600000000001,50.465999999999056],[-3.499600000000001,50.54719999999906],[-3.4590000000000014,50.54719999999906],[-3.4590000000000014,50.64869999999906],[-3.4387000000000008,50.64869999999906],[-3.4387000000000008,50.62839999999906],[-3.3169000000000004,50.62839999999906],[-3.3169000000000004,50.64869999999906],[-3.2560000000000002,50.64869999999906],[-3.2560000000000002,50.66899999999906],[-3.2154000000000007,50.66899999999906],[-3.2154000000000007,50.68929999999906],[-3.0124000000000013,50.68929999999906],[-3.0124000000000013,50.70959999999906],[-2.951500000000001,50.70959999999906],[-2.951500000000001,50.729899999999056],[-2.7688000000000006,50.729899999999056],[-2.7485,50.68929999999906],[-2.6876000000000015,50.68929999999906],[-2.6876000000000015,50.66899999999906],[-2.6267000000000014,50.66899999999906],[-2.6267000000000014,50.64869999999906],[-2.565800000000001,50.64869999999906],[-2.565800000000001,50.62839999999906],[-2.5252,50.62839999999906],[-2.5252,50.608099999999055],[-2.4846000000000004,50.587799999999056],[-2.4846000000000004,50.54719999999906],[-2.4034000000000013,50.54719999999906],[-2.4034000000000013,50.608099999999055],[-2.3831000000000007,50.608099999999055],[-2.3831000000000007,50.62839999999906],[-2.1395,50.62839999999906],[-2.1395,50.608099999999055],[-2.0786000000000016,50.608099999999055],[-2.0786000000000016,50.587799999999056],[-1.9568000000000012,50.587799999999056],[-1.9568000000000012,50.68929999999906],[-1.9162,50.68929999999906],[-1.895900000000001,50.729899999999056],[-1.5305,50.729899999999056],[-1.5305,50.750199999999055],[-1.4290000000000003,50.750199999999055],[-1.4290000000000003,50.77049999999906],[-1.3478000000000012,50.77049999999906],[-1.3478000000000012,50.851699999999056],[-1.286900000000001,50.851699999999056],[-1.286900000000001,50.81109999999906],[-1.2057000000000002,50.81109999999906],[-1.2057000000000002,50.79079999999906],[-1.1042000000000005,50.79079999999906],[-1.1042000000000005,50.77049999999906],[-1.0433000000000003,50.77049999999906],[-1.0433000000000003,50.79079999999906],[-1.0230000000000015,50.79079999999906],[-1.0230000000000015,50.77049999999906],[-0.9418000000000006,50.77049999999906],[-0.9418000000000006,50.79079999999906],[-0.9012000000000011,50.81109999999906],[-0.9012000000000011,50.77049999999906],[-0.8606000000000016,50.77049999999906],[-0.8403000000000009,50.729899999999056],[-0.7388000000000012,50.729899999999056],[-0.7388000000000012,50.77049999999906],[-0.6373000000000015,50.77049999999906],[-0.6373000000000015,50.79079999999906],[-0.5561000000000007,50.79079999999906],[-0.5561000000000007,50.81109999999906],[-0.49520000000000053,50.81109999999906],[-0.49520000000000053,50.79079999999906],[-0.4140000000000015,50.79079999999906],[-0.4140000000000015,50.81109999999906],[-0.028300000000001546,50.81109999999906],[-0.028300000000001546,50.79079999999906],[0.03259999999999863,50.79079999999906],[0.03259999999999863,50.77049999999906],[0.15439999999999898,50.77049999999906],[0.15439999999999898,50.729899999999056],[0.2558999999999987,50.729899999999056],[0.2558999999999987,50.750199999999055],[0.2964999999999982,50.750199999999055],[0.2964999999999982,50.77049999999906],[0.3573999999999984,50.77049999999906],[0.3573999999999984,50.81109999999906],[0.41829999999999856,50.81109999999906],[0.41829999999999856,50.83139999999906],[0.4994999999999994,50.83139999999906],[0.4994999999999994,50.851699999999056],[0.6212999999999997,50.851699999999056],[0.6212999999999997,50.87199999999906],[0.6821999999999999,50.87199999999906],[0.6821999999999999,50.892299999999054],[0.7227999999999994,50.892299999999054],[0.7227999999999994,50.91259999999906],[0.9663999999999984,50.91259999999906],[0.986699999999999,51.03439999999906],[1.0272999999999985,51.03439999999906],[1.0272999999999985,51.05469999999906],[1.1084999999999994,51.05469999999906],[1.1084999999999994,51.07499999999906],[1.209999999999999,51.07499999999906],[1.209999999999999,51.09529999999906],[1.2912,51.09529999999906],[1.2912,51.115599999999056],[1.3317999999999994,51.115599999999056],[1.3317999999999994,51.135899999999054],[1.3926999999999996,51.135899999999054],[1.3926999999999996,51.15619999999906],[1.4129999999999985,51.15619999999906],[1.4129999999999985,51.25769999999906],[1.3926999999999996,51.25769999999906],[1.3926999999999996,51.33889999999906],[1.4535999999999998,51.33889999999906],[1.4535999999999998,51.39979999999906],[1.372399999999999,51.39979999999906],[1.372399999999999,51.379499999999055],[1.2912,51.379499999999055],[1.2912,51.359199999999056],[0.986699999999999,51.359199999999056],[0.986699999999999,51.379499999999055],[0.9257999999999988,51.379499999999055],[0.9054999999999982,51.42009999999906],[0.8039999999999985,51.42009999999906],[0.8039999999999985,51.44039999999906],[0.7430999999999983,51.44039999999906],[0.7430999999999983,51.39979999999906],[0.6212999999999997,51.39979999999906],[0.6212999999999997,51.42009999999906],[0.6618999999999993,51.42009999999906],[0.6618999999999993,51.48099999999906],[0.4994999999999994,51.48099999999906],[0.4994999999999994,51.501299999999056],[0.5400999999999989,51.501299999999056],[0.5400999999999989,51.521599999999054],[0.5603999999999996,51.521599999999054],[0.5603999999999996,51.501299999999056],[0.6618999999999993,51.501299999999056],[0.6618999999999993,51.54189999999906],[0.7024999999999988,51.54189999999906],[0.7024999999999988,51.521599999999054],[0.8039999999999985,51.521599999999054],[0.8039999999999985,51.54189999999906],[0.8648999999999987,51.54189999999906],[0.8648999999999987,51.56219999999906],[0.9054999999999982,51.56219999999906],[0.9054999999999982,51.58249999999906],[0.9257999999999988,51.58249999999906],[0.9257999999999988,51.72459999999906],[0.8648999999999987,51.72459999999906],[0.8648999999999987,51.765199999999055],[0.9054999999999982,51.765199999999055],[0.9054999999999982,51.78549999999906],[0.986699999999999,51.78549999999906],[0.986699999999999,51.82609999999906],[1.0069999999999997,51.82609999999906],[1.0069999999999997,51.80579999999906],[1.0475999999999992,51.80579999999906],[1.0475999999999992,51.78549999999906],[1.209999999999999,51.78549999999906],[1.209999999999999,51.80579999999906],[1.2302999999999997,51.80579999999906],[1.2302999999999997,51.907299999999054],[1.2708999999999993,51.907299999999054],[1.2708999999999993,51.96819999999906],[1.2912,51.96819999999906],[1.2912,51.94789999999906],[1.3520999999999983,51.94789999999906],[1.3520999999999983,51.96819999999906],[1.3926999999999996,51.96819999999906],[1.3926999999999996,51.98849999999906],[1.4535999999999998,51.98849999999906],[1.4738999999999987,52.06969999999906],[1.5753999999999984,52.06969999999906],[1.5753999999999984,52.08999999999906],[1.595699999999999,52.08999999999906],[1.595699999999999,52.150899999999055],[1.6362999999999985,52.150899999999055],[1.6362999999999985,52.272699999999055],[1.6565999999999992,52.272699999999055],[1.6768999999999998,52.35389999999906],[1.7174999999999994,52.35389999999906],[1.7174999999999994,52.41479999999906],[1.7377999999999982,52.41479999999906],[1.7377999999999982,52.678699999999054],[1.7174999999999994,52.678699999999054],[1.7174999999999994,52.69899999999906],[1.6768999999999998,52.69899999999906],[1.6768999999999998,52.73959999999906],[1.6565999999999992,52.73959999999906],[1.6362999999999985,52.780199999999056],[1.595699999999999,52.780199999999056],[1.595699999999999,52.82079999999905],[1.5347999999999988,52.82079999999905],[1.5144999999999982,52.86139999999906],[1.4535999999999998,52.86139999999906],[1.4535999999999998,52.88169999999906],[1.4129999999999985,52.88169999999906],[1.4129999999999985,52.901999999999056],[1.2912,52.922299999999055],[1.2912,52.94259999999906],[1.1084999999999994,52.94259999999906],[1.1084999999999994,52.96289999999906],[1.0069999999999997,52.96289999999906],[1.0069999999999997,52.94259999999906],[0.8648999999999987,52.94259999999906],[0.8648999999999987,52.96289999999906],[0.6821999999999999,52.96289999999906],[0.6821999999999999,52.98319999999906],[0.5197999999999983,52.98319999999906],[0.4994999999999994,52.94259999999906],[0.45889999999999986,52.94259999999906],[0.45889999999999986,52.901999999999056],[0.4385999999999992,52.901999999999056],[0.4385999999999992,52.82079999999905],[0.2558999999999987,52.82079999999905],[0.2355999999999998,52.86139999999906],[0.17469999999999963,52.86139999999906],[0.17469999999999963,52.88169999999906],[0.13409999999999833,52.88169999999906],[0.11379999999999946,52.922299999999055],[0.07319999999999993,52.922299999999055],[0.07319999999999993,52.96289999999906],[0.11379999999999946,52.96289999999906],[0.13409999999999833,53.00349999999906],[0.17469999999999963,53.00349999999906],[0.1949999999999985,53.044099999999055],[0.2558999999999987,53.044099999999055],[0.2558999999999987,53.064399999999054],[0.2964999999999982,53.064399999999054],[0.31679999999999886,53.10499999999906],[0.3573999999999984,53.10499999999906],[0.3573999999999984,53.24709999999906],[0.31679999999999886,53.24709999999906],[0.31679999999999886,53.26739999999906],[0.2964999999999982,53.26739999999906],[0.2964999999999982,53.32829999999906],[0.2558999999999987,53.32829999999906],[0.2558999999999987,53.34859999999906],[0.2355999999999998,53.34859999999906],[0.2355999999999998,53.429799999999055],[0.1949999999999985,53.429799999999055],[0.17469999999999963,53.47039999999906],[0.13409999999999833,53.47039999999906],[0.13409999999999833,53.49069999999906],[0.07319999999999993,53.49069999999906],[0.07319999999999993,53.51099999999906],[0.012299999999999756,53.51099999999906],[0.012299999999999756,53.53129999999906],[-0.008000000000000895,53.53129999999906],[-0.008000000000000895,53.57189999999906],[-0.04860000000000042,53.57189999999906],[-0.04860000000000042,53.59219999999905],[-0.12980000000000125,53.59219999999905],[-0.12980000000000125,53.61249999999906],[-0.17040000000000077,53.61249999999906],[-0.17040000000000077,53.63279999999906],[-0.23130000000000095,53.63279999999906],[-0.2516000000000016,53.71399999999906],[-0.23130000000000095,53.71399999999906],[-0.23130000000000095,53.693699999999055],[-0.17040000000000077,53.693699999999055],[-0.17040000000000077,53.65309999999906],[-0.1095000000000006,53.65309999999906],[-0.1095000000000006,53.63279999999906],[-0.04860000000000042,53.63279999999906],[-0.04860000000000042,53.65309999999906],[0.07319999999999993,53.65309999999906],[0.07319999999999993,53.71399999999906],[0.05289999999999928,53.71399999999906],[0.05289999999999928,53.73429999999906],[0.012299999999999756,53.73429999999906],[-0.008000000000000895,53.77489999999906],[-0.04860000000000042,53.77489999999906],[-0.04860000000000042,53.815499999999055],[-0.06890000000000107,53.815499999999055],[-0.06890000000000107,53.835799999999054],[-0.1095000000000006,53.835799999999054],[-0.1095000000000006,53.85609999999906],[-0.12980000000000125,53.85609999999906],[-0.12980000000000125,53.89669999999906],[-0.17040000000000077,53.89669999999906],[-0.17040000000000077,53.937299999999055],[-0.19070000000000142,53.937299999999055],[-0.19070000000000142,54.01849999999906],[-0.23130000000000095,54.01849999999906],[-0.23130000000000095,54.03879999999906],[-0.19070000000000142,54.03879999999906],[-0.19070000000000142,54.079399999999055],[-0.17040000000000077,54.079399999999055],[-0.17040000000000077,54.16059999999906],[-0.2516000000000016,54.16059999999906],[-0.2516000000000016,54.180899999999056],[-0.2922000000000011,54.180899999999056],[-0.2922000000000011,54.221499999999054],[-0.3125,54.221499999999054],[-0.3125,54.24179999999906],[-0.3734000000000002,54.24179999999906],[-0.3734000000000002,54.26209999999906],[-0.4140000000000015,54.26209999999906],[-0.4140000000000015,54.34329999999906],[-0.454600000000001,54.36359999999905],[-0.454600000000001,54.40419999999906],[-0.5155000000000012,54.40419999999906],[-0.5155000000000012,54.465099999999055],[-0.5561000000000007,54.465099999999055],[-0.5561000000000007,54.48539999999906],[-0.6170000000000009,54.48539999999906],[-0.6170000000000009,54.50569999999906],[-0.6779000000000011,54.50569999999906],[-0.6779000000000011,54.52599999999906],[-0.7591000000000001,54.52599999999906],[-0.7591000000000001,54.566599999999056],[-0.9215,54.566599999999056],[-0.9215,54.586899999999055],[-0.9824000000000002,54.586899999999055],[-0.9824000000000002,54.607199999999054],[-1.063600000000001,54.607199999999054],[-1.063600000000001,54.62749999999906],[-1.1854000000000013,54.64779999999906],[-1.1854000000000013,54.708699999999055],[-1.2260000000000009,54.708699999999055],[-1.2463000000000015,54.74929999999905],[-1.286900000000001,54.74929999999905],[-1.286900000000001,54.76959999999906],[-1.3072000000000017,54.76959999999906],[-1.3072000000000017,54.850799999999055],[-1.3478000000000012,54.850799999999055],[-1.3478000000000012,54.93199999999906],[-1.3681,54.93199999999906],[-1.3681,54.972599999999055],[-1.4087000000000014,54.972599999999055],[-1.4087000000000014,55.03349999999906],[-1.4290000000000003,55.03349999999906],[-1.4290000000000003,55.05379999999906],[-1.4696000000000016,55.05379999999906],[-1.4696000000000016,55.094399999999055],[-1.4899000000000004,55.094399999999055],[-1.4899000000000004,55.216199999999056],[-1.5305,55.216199999999056],[-1.5508000000000006,55.25679999999906],[-1.5914000000000001,55.25679999999906],[-1.5914000000000001,55.480099999999055],[-1.6117000000000008,55.480099999999055],[-1.6117000000000008,55.56129999999906],[-1.6523000000000003,55.56129999999906],[-1.672600000000001,55.601899999999056],[-1.7741000000000007,55.601899999999056],[-1.7741000000000007,55.622199999999054],[-1.8350000000000009,55.622199999999054],[-1.8350000000000009,55.64249999999906],[-1.8553000000000015,55.64249999999906],[-1.8553000000000015,55.68309999999906],[-1.895900000000001,55.68309999999906],[-1.9162,55.723699999999056],[-1.9568000000000012,55.723699999999056],[-1.9568000000000012,55.743999999999055],[-1.9771,55.743999999999055],[-1.9771,55.78459999999906],[-2.0177000000000014,55.78459999999906],[-2.0380000000000003,55.82519999999906],[-2.0786000000000016,55.82519999999906],[-2.0786000000000016,55.865799999999055],[-2.0989000000000004,55.865799999999055],[-2.0989000000000004,55.88609999999906],[-2.1395,55.88609999999906],[-2.1395,55.90639999999906],[-2.2004,55.90639999999906],[-2.2004,55.92669999999906],[-2.3831000000000007,55.92669999999906],[-2.4034000000000013,55.96729999999906],[-2.4643000000000015,55.96729999999906],[-2.4643000000000015,55.987599999999055],[-2.5252,55.987599999999055],[-2.5252,56.007899999999054],[-2.5861,56.007899999999054],[-2.6064000000000007,56.04849999999906],[-2.8703000000000003,56.04849999999906],[-2.890600000000001,55.96729999999906],[-2.9921000000000006,55.96729999999906],[-2.9921000000000006,55.94699999999906],[-3.0327,55.94699999999906],[-3.0327,55.96729999999906],[-3.3169000000000004,55.96729999999906],[-3.3169000000000004,55.987599999999055],[-3.499600000000001,55.987599999999055],[-3.499600000000001,56.007899999999054],[-3.6417,56.007899999999054],[-3.6417,56.04849999999906],[-3.560500000000001,56.04849999999906],[-3.560500000000001,56.02819999999906],[-3.276300000000001,56.02819999999906],[-3.276300000000001,56.04849999999906],[-3.1545000000000005,56.06879999999906],[-3.1545000000000005,56.109399999999056],[-3.0936000000000003,56.109399999999056],[-3.0733000000000015,56.149999999999054],[-3.0327,56.149999999999054],[-3.0124000000000013,56.19059999999906],[-2.728200000000001,56.19059999999906],[-2.7079000000000004,56.231199999999056],[-2.6064000000000007,56.231199999999056],[-2.6064000000000007,56.29209999999906],[-2.6470000000000002,56.29209999999906],[-2.6470000000000002,56.31239999999906],[-2.667300000000001,56.31239999999906],[-2.667300000000001,56.35299999999906],[-2.728200000000001,56.35299999999906],[-2.728200000000001,56.373299999999055],[-2.7688000000000006,56.373299999999055],[-2.7688000000000006,56.393599999999054],[-2.7891000000000012,56.393599999999054],[-2.7891000000000012,56.43419999999906],[-2.951500000000001,56.43419999999906],[-2.951500000000001,56.41389999999906],[-3.0733000000000015,56.41389999999906],[-3.0733000000000015,56.45449999999906],[-3.053000000000001,56.45449999999906],[-3.053000000000001,56.43419999999906],[-2.9718,56.43419999999906],[-2.951500000000001,56.47479999999906],[-2.7079000000000004,56.47479999999906],[-2.7079000000000004,56.495099999999056],[-2.667300000000001,56.495099999999056],[-2.667300000000001,56.515399999999055],[-2.6064000000000007,56.515399999999055],[-2.6064000000000007,56.55599999999906],[-2.5252,56.55599999999906],[-2.5252,56.59659999999906],[-2.504900000000001,56.59659999999906],[-2.504900000000001,56.67779999999906],[-2.444000000000001,56.67779999999906],[-2.444000000000001,56.758999999999055],[-2.3831000000000007,56.758999999999055],[-2.3831000000000007,56.779299999999054],[-2.342500000000001,56.779299999999054],[-2.3222000000000005,56.81989999999906],[-2.281600000000001,56.81989999999906],[-2.281600000000001,56.84019999999906],[-2.220700000000001,56.84019999999906],[-2.220700000000001,56.880799999999056],[-2.2004,56.880799999999056],[-2.2004,57.002599999999056],[-2.1598000000000006,57.002599999999056],[-2.1395,57.04319999999906],[-2.0989000000000004,57.04319999999906],[-2.0989000000000004,57.06349999999906],[-2.0786000000000016,57.06349999999906],[-2.0786000000000016,57.20559999999906],[-2.0380000000000003,57.20559999999906],[-2.0380000000000003,57.266499999999056],[-2.0177000000000014,57.266499999999056],[-2.0177000000000014,57.286799999999054],[-1.9771,57.286799999999054],[-1.9771,57.32739999999906],[-1.9162,57.32739999999906],[-1.9162,57.36799999999906],[-1.895900000000001,57.36799999999906],[-1.895900000000001,57.388299999999056],[-1.8553000000000015,57.388299999999056],[-1.8350000000000009,57.42889999999906],[-1.7944000000000013,57.42889999999906],[-1.7944000000000013,57.44919999999906],[-1.7741000000000007,57.44919999999906],[-1.7741000000000007,57.510099999999056],[-1.7944000000000013,57.510099999999056],[-1.7944000000000013,57.550699999999054],[-1.8350000000000009,57.550699999999054],[-1.8350000000000009,57.63189999999906],[-1.895900000000001,57.63189999999906],[-1.9162,57.672499999999054],[-1.9771,57.672499999999054],[-1.9771,57.69279999999905],[-2.1395,57.69279999999905],[-2.1395,57.672499999999054],[-2.728200000000001,57.672499999999054],[-2.728200000000001,57.69279999999905],[-2.9312000000000005,57.69279999999905],[-2.9312000000000005,57.672499999999054],[-3.0733000000000015,57.672499999999054],[-3.0733000000000015,57.69279999999905],[-3.1342,57.69279999999905],[-3.1342,57.71309999999906],[-3.1951,57.71309999999906],[-3.1951,57.69279999999905],[-3.2154000000000007,57.69279999999905],[-3.2154000000000007,57.71309999999906],[-3.4793000000000003,57.71309999999906],[-3.4793000000000003,57.672499999999054],[-3.5402000000000005,57.672499999999054],[-3.5402000000000005,57.652199999999056],[-3.5808,57.652199999999056],[-3.5808,57.672499999999054],[-3.722900000000001,57.672499999999054],[-3.7432,57.63189999999906],[-3.8041,57.63189999999906],[-3.8041,57.61159999999906],[-3.8447000000000013,57.61159999999906],[-3.8447000000000013,57.59129999999906],[-4.047700000000001,57.59129999999906],[-4.047700000000001,57.550699999999054],[-4.108600000000001,57.550699999999054],[-4.108600000000001,57.530399999999055],[-4.1492,57.530399999999055],[-4.1492,57.510099999999056],[-4.169500000000001,57.510099999999056],[-4.169500000000001,57.530399999999055],[-4.1898,57.530399999999055],[-4.1898,57.57099999999906],[-4.1289,57.57099999999906],[-4.108600000000001,57.61159999999906],[-4.068000000000001,57.61159999999906],[-4.068000000000001,57.69279999999905],[-3.946200000000001,57.69279999999905],[-3.946200000000001,57.71309999999906],[-3.9259000000000004,57.71309999999906],[-3.9259000000000004,57.773999999999056],[-3.865,57.773999999999056],[-3.865,57.83489999999906],[-4.047700000000001,57.83489999999906],[-4.047700000000001,57.87549999999906],[-4.007100000000001,57.87549999999906],[-4.007100000000001,57.936399999999054],[-3.9259000000000004,57.936399999999054],[-3.9259000000000004,57.97699999999906],[-3.865,57.97699999999906],[-3.865,57.936399999999054],[-3.8447000000000013,57.936399999999054],[-3.8447000000000013,57.916099999999055],[-3.8041,57.916099999999055],[-3.8041,57.85519999999906],[-3.3981000000000012,57.85519999999906],[-3.3981000000000012,57.936399999999054],[-3.4387000000000008,57.936399999999054],[-3.4387000000000008,57.95669999999906],[-3.499600000000001,57.95669999999906],[-3.5199,57.99729999999906],[-3.5808,57.99729999999906],[-3.5808,58.01759999999906],[-3.6417,58.01759999999906],[-3.6417,58.037899999999055],[-3.7026000000000003,58.037899999999055],[-3.7026000000000003,58.058199999999054],[-3.7432,58.058199999999054],[-3.7432,58.07849999999905],[-3.7026000000000003,58.07849999999905],[-3.6823000000000015,58.11909999999906],[-3.6214000000000013,58.11909999999906],[-3.6214000000000013,58.13939999999906],[-3.560500000000001,58.13939999999906],[-3.560500000000001,58.159699999999056],[-3.5199,58.159699999999056],[-3.499600000000001,58.20029999999906],[-3.4387000000000008,58.20029999999906],[-3.4387000000000008,58.24089999999906],[-3.3981000000000012,58.24089999999906],[-3.3778000000000006,58.281499999999056],[-3.3169000000000004,58.281499999999056],[-3.3169000000000004,58.301799999999055],[-3.1951,58.301799999999055],[-3.1951,58.34239999999906],[-3.1342,58.34239999999906],[-3.1342,58.36269999999906],[-3.0936000000000003,58.36269999999906],[-3.0936000000000003,58.423599999999055],[-3.0733000000000015,58.423599999999055],[-3.0936000000000003,58.545399999999056],[-3.0733000000000015,58.545399999999056],[-3.0733000000000015,58.58599999999906],[-3.0327,58.58599999999906],[-3.0327,58.64689999999906],[-3.337200000000001,58.64689999999906],[-3.337200000000001,58.667199999999056],[-3.4184,58.667199999999056],[-3.4184,58.62659999999906],[-3.4387000000000008,58.62659999999906],[-3.4387000000000008,58.60629999999906],[-3.7432,58.60629999999906],[-3.7432,58.58599999999906],[-3.783800000000001,58.58599999999906],[-3.783800000000001,58.565699999999055],[-4.169500000000001,58.565699999999055],[-4.169500000000001,58.545399999999056],[-4.230400000000001,58.545399999999056],[-4.230400000000001,58.52509999999906],[-4.3522,58.52509999999906]],[[-6.9506000000000006,58.26119999999906],[-6.9506000000000006,58.24089999999906],[-7.0521,58.24089999999906],[-7.0724,58.20029999999906],[-7.113,58.20029999999906],[-7.113,58.13939999999906],[-7.1333,58.13939999999906],[-7.1333,57.99729999999906],[-7.113,57.99729999999906],[-7.113,57.97699999999906],[-7.0521,57.97699999999906],[-7.0724,57.936399999999054],[-7.113,57.936399999999054],[-7.113,57.916099999999055],[-7.1333,57.916099999999055],[-7.1333,57.85519999999906],[-7.113,57.85519999999906],[-7.113,57.81459999999906],[-7.0724,57.81459999999906],[-7.0724,57.773999999999056],[-7.011500000000001,57.773999999999056],[-6.9912,57.73339999999906],[-6.91,57.73339999999906],[-6.91,57.773999999999056],[-6.849100000000001,57.773999999999056],[-6.8288,57.81459999999906],[-6.7273000000000005,57.81459999999906],[-6.7273000000000005,57.85519999999906],[-6.6867,57.85519999999906],[-6.6867,57.936399999999054],[-6.6664,57.936399999999054],[-6.6664,57.916099999999055],[-6.564900000000001,57.916099999999055],[-6.564900000000001,57.936399999999054],[-6.4634,57.936399999999054],[-6.4634,57.97699999999906],[-6.402500000000001,57.97699999999906],[-6.402500000000001,57.99729999999906],[-6.3822,57.99729999999906],[-6.3822,58.11909999999906],[-6.321300000000001,58.11909999999906],[-6.321300000000001,58.13939999999906],[-6.2807,58.13939999999906],[-6.2807,58.179999999999055],[-6.2198,58.179999999999055],[-6.1995000000000005,58.22059999999906],[-6.1589,58.22059999999906],[-6.1589,58.281499999999056],[-6.1995000000000005,58.281499999999056],[-6.1995000000000005,58.301799999999055],[-6.2198,58.301799999999055],[-6.2198,58.322099999999054],[-6.1995000000000005,58.322099999999054],[-6.1995000000000005,58.48449999999906],[-6.2198,58.48449999999906],[-6.2198,58.50479999999906],[-6.301,58.50479999999906],[-6.301,58.48449999999906],[-6.3619,58.48449999999906],[-6.3619,58.443899999999054],[-6.4431,58.443899999999054],[-6.4431,58.40329999999906],[-6.544600000000001,58.40329999999906],[-6.564900000000001,58.36269999999906],[-6.6867,58.36269999999906],[-6.6867,58.322099999999054],[-6.8085,58.301799999999055],[-6.8288,58.26119999999906],[-6.9506000000000006,58.26119999999906]],[[-3.3169000000000004,57.99729999999906],[-3.3169000000000004,57.936399999999054],[-3.1545000000000005,57.936399999999054],[-3.1545000000000005,57.99729999999906],[-3.3169000000000004,57.99729999999906]],[[-8.615200000000002,57.550699999999054],[-8.615200000000002,57.57099999999906],[-8.594899999999999,57.57099999999906],[-8.615200000000002,57.773999999999056],[-8.6964,57.773999999999056],[-8.6964,57.73339999999906],[-8.7167,57.73339999999906],[-8.7167,57.71309999999906],[-8.7776,57.71309999999906],[-8.7776,57.69279999999905],[-8.7979,57.69279999999905],[-8.7979,57.61159999999906],[-8.7776,57.61159999999906],[-8.7776,57.57099999999906],[-8.7167,57.57099999999906],[-8.7167,57.550699999999054],[-8.615200000000002,57.550699999999054]],[[-7.478400000000001,57.550699999999054],[-7.478400000000001,57.48979999999906],[-7.4378,57.48979999999906],[-7.4378,57.408599999999055],[-7.4175,57.408599999999055],[-7.4175,57.34769999999906],[-7.4987,57.36799999999906],[-7.519,57.408599999999055],[-7.5799,57.408599999999055],[-7.5799,57.42889999999906],[-7.6814,57.42889999999906],[-7.6814,57.34769999999906],[-7.6002,57.34769999999906],[-7.6002,57.32739999999906],[-7.539300000000001,57.32739999999906],[-7.539300000000001,57.30709999999905],[-7.4987,57.30709999999905],[-7.478400000000001,57.266499999999056],[-7.4378,57.266499999999056],[-7.4378,57.22589999999906],[-7.539300000000001,57.22589999999906],[-7.539300000000001,57.144699999999055],[-7.4175,57.144699999999055],[-7.4175,57.124399999999056],[-7.3769,57.124399999999056],[-7.3769,57.10409999999906],[-7.2551000000000005,57.10409999999906],[-7.2551000000000005,57.20559999999906],[-7.2754,57.20559999999906],[-7.2754,57.22589999999906],[-7.2551000000000005,57.22589999999906],[-7.2551000000000005,57.24619999999906],[-7.2145,57.24619999999906],[-7.2145,57.36799999999906],[-7.1942,57.36799999999906],[-7.1942,57.44919999999906],[-7.153600000000001,57.44919999999906],[-7.153600000000001,57.48979999999906],[-7.1333,57.48979999999906],[-7.1333,57.57099999999906],[-7.092700000000001,57.57099999999906],[-7.092700000000001,57.61159999999906],[-7.0724,57.61159999999906],[-7.0724,57.672499999999054],[-7.092700000000001,57.672499999999054],[-7.092700000000001,57.69279999999905],[-7.153600000000001,57.69279999999905],[-7.153600000000001,57.73339999999906],[-7.2551000000000005,57.73339999999906],[-7.2551000000000005,57.71309999999906],[-7.2957,57.71309999999906],[-7.2957,57.69279999999905],[-7.3769,57.69279999999905],[-7.3769,57.672499999999054],[-7.478400000000001,57.672499999999054],[-7.478400000000001,57.652199999999056],[-7.4987,57.652199999999056],[-7.4987,57.57099999999906],[-7.4378,57.57099999999906],[-7.4378,57.550699999999054],[-7.478400000000001,57.550699999999054]],[[-7.539300000000001,57.002599999999056],[-7.539300000000001,56.98229999999906],[-7.5596000000000005,56.98229999999906],[-7.5596000000000005,56.92139999999905],[-7.4581,56.92139999999905],[-7.4378,56.96199999999906],[-7.397200000000001,56.96199999999906],[-7.397200000000001,57.022899999999055],[-7.478400000000001,57.022899999999055],[-7.478400000000001,57.002599999999056],[-7.539300000000001,57.002599999999056]],[[-6.6055,56.96199999999906],[-6.6055,56.901099999999055],[-6.5243,56.901099999999055],[-6.5243,56.96199999999906],[-6.6055,56.96199999999906]],[[-6.4634,56.637199999999055],[-6.4634,56.738699999999056],[-6.646100000000001,56.738699999999056],[-6.646100000000001,56.758999999999055],[-6.6867,56.758999999999055],[-6.6867,56.79959999999906],[-6.5243,56.79959999999906],[-6.5243,56.86049999999906],[-6.8085,56.86049999999906],[-6.8085,56.84019999999906],[-6.8288,56.84019999999906],[-6.8288,56.758999999999055],[-6.7476,56.758999999999055],[-6.7476,56.65749999999906],[-6.707000000000001,56.65749999999906],[-6.707000000000001,56.637199999999055],[-6.625800000000001,56.637199999999055],[-6.625800000000001,56.59659999999906],[-6.5040000000000004,56.59659999999906],[-6.5040000000000004,56.637199999999055],[-6.4634,56.637199999999055]],[[7.787199999999999,56.67779999999906],[7.787199999999999,56.738699999999056],[7.746599999999997,56.738699999999056],[7.726299999999998,56.779299999999054],[7.523299999999999,56.779299999999054],[7.523299999999999,56.71839999999906],[7.584199999999999,56.71839999999906],[7.584199999999999,56.67779999999906],[7.787199999999999,56.67779999999906]],[[-7.8032,56.41389999999906],[-7.8235,56.45449999999906],[-7.9453000000000005,56.45449999999906],[-7.9453000000000005,56.47479999999906],[-7.9859,56.47479999999906],[-7.9859,56.495099999999056],[-8.046800000000001,56.495099999999056],[-8.0671,56.53569999999905],[-8.2092,56.53569999999905],[-8.2092,56.47479999999906],[-8.168600000000001,56.47479999999906],[-8.168600000000001,56.43419999999906],[-8.1483,56.43419999999906],[-8.1483,56.41389999999906],[-8.107700000000001,56.41389999999906],[-8.107700000000001,56.33269999999906],[-7.8032,56.33269999999906],[-7.8032,56.35299999999906],[-7.7423,56.35299999999906],[-7.7423,56.41389999999906],[-7.8032,56.41389999999906]],[[-6.849100000000001,56.45449999999906],[-6.849100000000001,56.47479999999906],[-6.8288,56.47479999999906],[-6.8288,56.53569999999905],[-6.9506000000000006,56.53569999999905],[-6.9506000000000006,56.43419999999906],[-6.8897,56.43419999999906],[-6.8897,56.45449999999906],[-6.849100000000001,56.45449999999906]],[[-5.955900000000001,55.78459999999906],[-5.955900000000001,55.82519999999906],[-5.9153,55.82519999999906],[-5.9153,55.865799999999055],[-5.8950000000000005,55.865799999999055],[-5.8950000000000005,55.88609999999906],[-5.8544,55.88609999999906],[-5.8544,55.94699999999906],[-5.8341,55.94699999999906],[-5.8341,55.987599999999055],[-5.793500000000001,55.987599999999055],[-5.793500000000001,56.02819999999906],[-5.712300000000001,56.06879999999906],[-5.712300000000001,56.129699999999055],[-5.7732,56.129699999999055],[-5.7732,56.109399999999056],[-5.8138000000000005,56.109399999999056],[-5.8138000000000005,56.08909999999906],[-5.9153,56.08909999999906],[-5.9153,56.109399999999056],[-5.955900000000001,56.109399999999056],[-5.955900000000001,56.129699999999055],[-6.0574,56.129699999999055],[-6.0574,56.109399999999056],[-6.260400000000001,56.109399999999056],[-6.260400000000001,56.007899999999054],[-6.1995000000000005,56.007899999999054],[-6.1995000000000005,55.987599999999055],[-6.1183000000000005,55.987599999999055],[-6.1183000000000005,55.96729999999906],[-6.0777,55.96729999999906],[-6.0777,55.80489999999906],[-6.0574,55.80489999999906],[-6.0574,55.78459999999906],[-5.955900000000001,55.78459999999906]],[[-8.331,55.80489999999906],[-8.331,55.78459999999906],[-8.2701,55.78459999999906],[-8.2701,55.764299999999054],[-8.229500000000002,55.764299999999054],[-8.229500000000002,55.743999999999055],[-8.1483,55.743999999999055],[-8.1483,55.723699999999056],[-8.046800000000001,55.723699999999056],[-8.046800000000001,55.70339999999906],[-7.9453000000000005,55.70339999999906],[-7.925000000000001,55.743999999999055],[-7.8235,55.743999999999055],[-7.8032,55.78459999999906],[-7.7423,55.78459999999906],[-7.7423,55.80489999999906],[-7.701700000000001,55.80489999999906],[-7.6814,55.845499999999056],[-7.6408000000000005,55.845499999999056],[-7.6408000000000005,55.865799999999055],[-7.620500000000001,55.865799999999055],[-7.620500000000001,55.88609999999906],[-7.5799,55.88609999999906],[-7.5596000000000005,55.92669999999906],[-7.519,55.92669999999906],[-7.519,55.94699999999906],[-7.4987,55.94699999999906],[-7.4987,56.04849999999906],[-7.519,56.04849999999906],[-7.519,56.08909999999906],[-7.6611,56.08909999999906],[-7.6611,56.06879999999906],[-7.722,56.06879999999906],[-7.722,56.04849999999906],[-8.107700000000001,56.04849999999906],[-8.107700000000001,56.06879999999906],[-8.168600000000001,56.06879999999906],[-8.168600000000001,56.08909999999906],[-8.2904,56.08909999999906],[-8.2904,56.109399999999056],[-8.4528,56.109399999999056],[-8.4528,56.08909999999906],[-8.5137,56.08909999999906],[-8.5137,56.04849999999906],[-8.534,56.04849999999906],[-8.534,55.88609999999906],[-8.5137,55.88609999999906],[-8.5137,55.865799999999055],[-8.4731,55.865799999999055],[-8.4528,55.82519999999906],[-8.3919,55.82519999999906],[-8.3919,55.80489999999906],[-8.331,55.80489999999906]],[[4.254999999999999,55.90639999999906],[4.254999999999999,55.92669999999906],[4.133199999999999,55.94699999999906],[4.133199999999999,55.96729999999906],[4.1129,55.96729999999906],[4.1129,56.007899999999054],[4.0722999999999985,56.007899999999054],[4.052,56.04849999999906],[3.950499999999998,56.04849999999906],[3.950499999999998,55.987599999999055],[4.011399999999998,55.987599999999055],[4.011399999999998,55.94699999999906],[4.031699999999997,55.94699999999906],[4.031699999999997,55.865799999999055],[4.194099999999999,55.865799999999055],[4.214399999999998,55.82519999999906],[4.3565000000000005,55.82519999999906],[4.3565000000000005,55.88609999999906],[4.2956,55.88609999999906],[4.2956,55.90639999999906],[4.254999999999999,55.90639999999906]],[[-6.2198,55.58159999999906],[-6.2198,55.622199999999054],[-6.0777,55.622199999999054],[-6.0777,55.64249999999906],[-6.037100000000001,55.64249999999906],[-6.037100000000001,55.764299999999054],[-6.0777,55.764299999999054],[-6.0777,55.78459999999906],[-6.098000000000001,55.78459999999906],[-6.098000000000001,55.88609999999906],[-6.1386,55.88609999999906],[-6.1386,55.92669999999906],[-6.1995000000000005,55.92669999999906],[-6.1995000000000005,55.90639999999906],[-6.240100000000001,55.90639999999906],[-6.240100000000001,55.88609999999906],[-6.3619,55.88609999999906],[-6.3619,55.865799999999055],[-6.483700000000001,55.845499999999056],[-6.483700000000001,55.68309999999906],[-6.4228000000000005,55.68309999999906],[-6.4228000000000005,55.66279999999906],[-6.321300000000001,55.66279999999906],[-6.321300000000001,55.58159999999906],[-6.2198,55.58159999999906]],[[4.782799999999998,55.66279999999906],[4.782799999999998,55.723699999999056],[4.7422,55.723699999999056],[4.7422,55.743999999999055],[4.721899999999998,55.743999999999055],[4.721899999999998,55.78459999999906],[4.6813,55.78459999999906],[4.6813,55.80489999999906],[4.660999999999998,55.80489999999906],[4.660999999999998,55.845499999999056],[4.6204,55.845499999999056],[4.6204,55.865799999999055],[4.5595,55.865799999999055],[4.5595,55.82519999999906],[4.518899999999999,55.82519999999906],[4.518899999999999,55.80489999999906],[4.4986,55.80489999999906],[4.4986,55.743999999999055],[4.579799999999999,55.743999999999055],[4.579799999999999,55.723699999999056],[4.6204,55.723699999999056],[4.6204,55.70339999999906],[4.6813,55.70339999999906],[4.6813,55.66279999999906],[4.782799999999998,55.66279999999906]],[[4.397099999999998,55.845499999999056],[4.397099999999998,55.78459999999906],[4.478299999999997,55.78459999999906],[4.478299999999997,55.845499999999056],[4.397099999999998,55.845499999999056]],[[-7.620500000000001,55.17559999999906],[-7.620500000000001,55.27709999999906],[-7.6814,55.27709999999906],[-7.6814,55.25679999999906],[-7.722,55.25679999999906],[-7.722,55.236499999999054],[-7.843800000000001,55.236499999999054],[-7.843800000000001,55.216199999999056],[-7.8641000000000005,55.216199999999056],[-7.8641000000000005,55.236499999999054],[-7.925000000000001,55.236499999999054],[-7.925000000000001,55.216199999999056],[-8.107700000000001,55.216199999999056],[-8.107700000000001,55.15529999999906],[-8.1483,55.15529999999906],[-8.1483,55.13499999999906],[-8.1889,55.13499999999906],[-8.1889,55.15529999999906],[-8.2904,55.15529999999906],[-8.2904,55.13499999999906],[-8.3513,55.13499999999906],[-8.3513,55.094399999999055],[-8.4528,55.094399999999055],[-8.4731,55.05379999999906],[-8.534,55.05379999999906],[-8.534,55.01319999999906],[-8.5746,55.01319999999906],[-8.5746,54.952299999999056],[-8.615200000000002,54.952299999999056],[-8.615200000000002,55.01319999999906],[-8.6558,55.01319999999906],[-8.6761,55.094399999999055],[-8.7167,55.094399999999055],[-8.737,55.13499999999906],[-8.8588,55.13499999999906],[-8.8588,55.11469999999906],[-8.8994,55.11469999999906],[-8.8994,55.094399999999055],[-8.9197,55.094399999999055],[-8.9197,55.05379999999906],[-9.0212,55.05379999999906],[-9.0212,54.972599999999055],[-9.0415,54.972599999999055],[-9.0415,54.93199999999906],[-9.1024,54.93199999999906],[-9.1024,54.91169999999906],[-9.143,54.91169999999906],[-9.143,54.89139999999906],[-9.2039,54.89139999999906],[-9.2242,54.850799999999055],[-9.2851,54.850799999999055],[-9.2851,54.830499999999056],[-9.325700000000001,54.830499999999056],[-9.325700000000001,54.81019999999906],[-9.3866,54.81019999999906],[-9.4069,54.76959999999906],[-9.4475,54.76959999999906],[-9.4678,54.72899999999906],[-9.5084,54.72899999999906],[-9.5084,54.688399999999056],[-9.5287,54.688399999999056],[-9.5287,54.586899999999055],[-9.5084,54.586899999999055],[-9.5084,54.52599999999906],[-9.4678,54.52599999999906],[-9.4678,54.50569999999906],[-9.4475,54.50569999999906],[-9.4475,54.465099999999055],[-9.4069,54.465099999999055],[-9.4069,54.42449999999906],[-9.3866,54.42449999999906],[-9.3866,54.40419999999906],[-9.346,54.40419999999906],[-9.346,54.38389999999906],[-9.2851,54.38389999999906],[-9.2851,54.36359999999905],[-9.264800000000001,54.36359999999905],[-9.264800000000001,54.322999999999055],[-9.772300000000001,54.322999999999055],[-9.772300000000001,54.34329999999906],[-9.8332,54.34329999999906],[-9.8332,54.322999999999055],[-9.9347,54.322999999999055],[-9.9347,54.30269999999906],[-10.0159,54.30269999999906],[-10.0159,54.28239999999906],[-10.0768,54.28239999999906],[-10.0768,54.14029999999906],[-9.9956,54.14029999999906],[-9.9956,54.059099999999056],[-9.8941,54.059099999999056],[-9.8941,54.01849999999906],[-9.8738,54.01849999999906],[-9.8738,53.99819999999906],[-9.9144,53.99819999999906],[-9.9144,54.01849999999906],[-9.955,54.01849999999906],[-9.955,54.03879999999906],[-10.1986,54.03879999999906],[-10.1986,53.97789999999905],[-10.1783,53.97789999999905],[-10.1783,53.937299999999055],[-10.1174,53.937299999999055],[-10.1174,53.91699999999906],[-10.0768,53.91699999999906],[-10.0768,53.89669999999906],[-10.1174,53.89669999999906],[-10.1174,53.815499999999055],[-10.0159,53.815499999999055],[-10.0159,53.87639999999906],[-9.8941,53.87639999999906],[-9.8941,53.85609999999906],[-9.8332,53.85609999999906],[-9.8332,53.835799999999054],[-9.8738,53.835799999999054],[-9.8738,53.75459999999906],[-10.0565,53.75459999999906],[-10.0565,53.61249999999906],[-10.0159,53.61249999999906],[-10.0159,53.59219999999905],[-10.0768,53.59219999999905],[-10.0768,53.57189999999906],[-10.1377,53.57189999999906],[-10.1377,53.551599999999056],[-10.1783,53.551599999999056],[-10.1783,53.49069999999906],[-10.1377,53.49069999999906],[-10.1377,53.47039999999906],[-10.1783,53.47039999999906],[-10.1783,53.409499999999056],[-10.1377,53.409499999999056],[-10.1174,53.36889999999906],[-9.955,53.36889999999906],[-9.955,53.32829999999906],[-9.8941,53.32829999999906],[-9.8941,53.307999999999055],[-9.8738,53.307999999999055],[-9.8738,53.287699999999056],[-9.8332,53.287699999999056],[-9.8332,53.26739999999906],[-9.772300000000001,53.26739999999906],[-9.772300000000001,53.307999999999055],[-9.7317,53.307999999999055],[-9.7317,53.32829999999906],[-9.711400000000001,53.32829999999906],[-9.711400000000001,53.36889999999906],[-9.6911,53.36889999999906],[-9.6911,53.34859999999906],[-9.650500000000001,53.34859999999906],[-9.650500000000001,53.307999999999055],[-9.711400000000001,53.307999999999055],[-9.711400000000001,53.22679999999906],[-9.6302,53.22679999999906],[-9.650500000000001,53.14559999999906],[-9.8535,53.14559999999906],[-9.8535,53.26739999999906],[-9.9347,53.26739999999906],[-9.955,53.18619999999906],[-9.9956,53.18619999999906],[-10.0159,53.14559999999906],[-10.1174,53.14559999999906],[-10.1174,53.12529999999906],[-10.1783,53.12529999999906],[-10.1783,53.10499999999906],[-10.2595,53.10499999999906],[-10.2595,53.08469999999906],[-10.3204,53.08469999999906],[-10.3204,53.064399999999054],[-10.4422,53.064399999999054],[-10.4422,53.044099999999055],[-10.482800000000001,53.044099999999055],[-10.482800000000001,53.023799999999056],[-10.6858,53.023799999999056],[-10.6858,53.00349999999906],[-10.7467,53.00349999999906],[-10.7467,52.922299999999055],[-10.7264,52.922299999999055],[-10.7264,52.901999999999056],[-10.6858,52.901999999999056],[-10.6858,52.86139999999906],[-10.6655,52.86139999999906],[-10.6655,52.80049999999906],[-10.6046,52.80049999999906],[-10.6046,52.780199999999056],[-10.564,52.780199999999056],[-10.564,52.75989999999906],[-10.3813,52.75989999999906],[-10.3813,52.73959999999906],[-10.3204,52.73959999999906],[-10.3204,52.71929999999906],[-10.0768,52.71929999999906],[-10.0565,52.678699999999054],[-9.8941,52.678699999999054],[-9.8941,52.658399999999055],[-9.8738,52.658399999999055],[-9.8738,52.57719999999906],[-9.9347,52.57719999999906],[-9.9347,52.55689999999906],[-10.0159,52.55689999999906],[-10.0159,52.47569999999906],[-9.9347,52.47569999999906],[-9.9347,52.292999999999054],[-9.9956,52.292999999999054],[-9.9956,52.272699999999055],[-10.0159,52.272699999999055],[-10.0159,52.292999999999054],[-10.1986,52.292999999999054],[-10.1986,52.272699999999055],[-10.3001,52.272699999999055],[-10.3204,52.23209999999906],[-10.3813,52.23209999999906],[-10.3813,52.17119999999906],[-10.4016,52.17119999999906],[-10.4016,52.19149999999906],[-10.482800000000001,52.19149999999906],[-10.482800000000001,52.11029999999906],[-10.4422,52.11029999999906],[-10.4422,51.98849999999906],[-10.361,51.94789999999906],[-10.361,51.907299999999054],[-10.3813,51.907299999999054],[-10.3813,51.82609999999906],[-10.361,51.82609999999906],[-10.361,51.78549999999906],[-10.3204,51.78549999999906],[-10.3204,51.765199999999055],[-10.3001,51.765199999999055],[-10.3001,51.72459999999906],[-10.2595,51.72459999999906],[-10.2595,51.68399999999906],[-10.2392,51.68399999999906],[-10.2392,51.663699999999054],[-10.1986,51.663699999999054],[-10.1986,51.623099999999056],[-10.1377,51.623099999999056],[-10.1377,51.58249999999906],[-10.036200000000001,51.58249999999906],[-10.036200000000001,51.60279999999906],[-10.0159,51.60279999999906],[-10.0159,51.58249999999906],[-9.955,51.58249999999906],[-9.955,51.54189999999906],[-9.8941,51.54189999999906],[-9.8738,51.501299999999056],[-9.8332,51.501299999999056],[-9.8332,51.46069999999906],[-9.711400000000001,51.46069999999906],[-9.711400000000001,51.48099999999906],[-9.650500000000001,51.48099999999906],[-9.650500000000001,51.501299999999056],[-9.4881,51.501299999999056],[-9.4881,51.521599999999054],[-9.4475,51.501299999999056],[-9.4475,51.48099999999906],[-9.2242,51.48099999999906],[-9.2242,51.501299999999056],[-9.1836,51.501299999999056],[-9.1836,51.521599999999054],[-9.1227,51.521599999999054],[-9.1227,51.54189999999906],[-8.879100000000001,51.54189999999906],[-8.879100000000001,51.58249999999906],[-8.6761,51.58249999999906],[-8.6761,51.60279999999906],[-8.594899999999999,51.60279999999906],[-8.594899999999999,51.623099999999056],[-8.534,51.623099999999056],[-8.534,51.64339999999906],[-8.493400000000001,51.64339999999906],[-8.4731,51.68399999999906],[-8.432500000000001,51.68399999999906],[-8.432500000000001,51.70429999999906],[-8.3513,51.70429999999906],[-8.3513,51.72459999999906],[-8.3107,51.72459999999906],[-8.3107,51.744899999999056],[-8.1889,51.744899999999056],[-8.1889,51.78549999999906],[-8.168600000000001,51.78549999999906],[-8.168600000000001,51.80579999999906],[-8.0062,51.80579999999906],[-8.0062,51.82609999999906],[-7.9453000000000005,51.82609999999906],[-7.925000000000001,51.86669999999906],[-7.8844,51.86669999999906],[-7.8844,51.886999999999055],[-7.701700000000001,51.886999999999055],[-7.701700000000001,51.94789999999906],[-7.620500000000001,51.94789999999906],[-7.620500000000001,51.96819999999906],[-7.6002,51.96819999999906],[-7.6002,51.907299999999054],[-7.5596000000000005,51.907299999999054],[-7.5596000000000005,51.84639999999906],[-7.4987,51.84639999999906],[-7.4987,51.82609999999906],[-7.3769,51.82609999999906],[-7.3769,51.84639999999906],[-7.3363000000000005,51.84639999999906],[-7.3363000000000005,51.86669999999906],[-7.2754,51.86669999999906],[-7.2754,51.907299999999054],[-7.2551000000000005,51.907299999999054],[-7.2551000000000005,51.92759999999906],[-7.2145,51.92759999999906],[-7.2145,51.96819999999906],[-7.1942,51.96819999999906],[-7.1942,52.11029999999906],[-7.1333,52.11029999999906],[-7.1333,52.130599999999056],[-6.9709,52.130599999999056],[-6.9709,52.19149999999906],[-6.8897,52.19149999999906],[-6.8897,52.17119999999906],[-6.8288,52.17119999999906],[-6.8288,52.19149999999906],[-6.341600000000001,52.19149999999906],[-6.341600000000001,52.25239999999906],[-6.3822,52.25239999999906],[-6.3822,52.292999999999054],[-6.402500000000001,52.292999999999054],[-6.402500000000001,52.35389999999906],[-6.3822,52.35389999999906],[-6.3822,52.37419999999906],[-6.341600000000001,52.37419999999906],[-6.341600000000001,52.43509999999905],[-6.260400000000001,52.47569999999906],[-6.260400000000001,52.516299999999056],[-6.2198,52.516299999999056],[-6.2198,52.658399999999055],[-6.1995000000000005,52.658399999999055],[-6.1995000000000005,52.69899999999906],[-6.1589,52.69899999999906],[-6.1589,52.71929999999906],[-6.1386,52.71929999999906],[-6.1386,52.82079999999905],[-6.098000000000001,52.82079999999905],[-6.0777,52.86139999999906],[-6.037100000000001,52.86139999999906],[-6.037100000000001,52.922299999999055],[-6.016800000000001,52.922299999999055],[-6.016800000000001,52.98319999999906],[-6.037100000000001,52.98319999999906],[-6.037100000000001,53.14559999999906],[-6.0777,53.14559999999906],[-6.0777,53.18619999999906],[-6.098000000000001,53.18619999999906],[-6.098000000000001,53.287699999999056],[-6.1386,53.287699999999056],[-6.1386,53.32829999999906],[-6.098000000000001,53.32829999999906],[-6.098000000000001,53.409499999999056],[-6.1386,53.409499999999056],[-6.1386,53.49069999999906],[-6.098000000000001,53.49069999999906],[-6.098000000000001,53.59219999999905],[-6.1589,53.59219999999905],[-6.1589,53.61249999999906],[-6.1995000000000005,53.61249999999906],[-6.1995000000000005,53.63279999999906],[-6.2198,53.63279999999906],[-6.2198,53.673399999999056],[-6.260400000000001,53.673399999999056],[-6.260400000000001,53.87639999999906],[-6.341600000000001,53.87639999999906],[-6.341600000000001,53.89669999999906],[-6.321300000000001,53.89669999999906],[-6.321300000000001,53.937299999999055],[-6.2807,53.937299999999055],[-6.2807,53.97789999999905],[-6.1386,53.97789999999905],[-6.1386,54.03879999999906],[-6.1995000000000005,54.03879999999906],[-6.1995000000000005,54.059099999999056],[-6.1589,54.059099999999056],[-6.1589,54.079399999999055],[-6.1386,54.079399999999055],[-6.1386,54.059099999999056],[-6.0777,54.059099999999056],[-6.0574,54.01849999999906],[-6.016800000000001,54.01849999999906],[-6.016800000000001,53.97789999999905],[-6.0574,53.97789999999905],[-6.0574,53.89669999999906],[-5.9153,53.89669999999906],[-5.9153,53.91699999999906],[-5.8544,53.91699999999906],[-5.8544,53.937299999999055],[-5.489000000000001,53.937299999999055],[-5.489000000000001,53.95759999999906],[-5.3672,53.97789999999905],[-5.346900000000001,54.01849999999906],[-5.2251,54.03879999999906],[-5.2251,54.059099999999056],[-5.184500000000001,54.059099999999056],[-5.184500000000001,54.079399999999055],[-5.1642,54.079399999999055],[-5.1642,54.09969999999906],[-5.123600000000001,54.09969999999906],[-5.123600000000001,54.14029999999906],[-5.103300000000001,54.14029999999906],[-5.103300000000001,54.201199999999055],[-5.1642,54.201199999999055],[-5.1642,54.180899999999056],[-5.245400000000001,54.180899999999056],[-5.245400000000001,54.201199999999055],[-5.549900000000001,54.201199999999055],[-5.549900000000001,54.221499999999054],[-5.5905000000000005,54.221499999999054],[-5.5905000000000005,54.24179999999906],[-5.6108,54.24179999999906],[-5.6108,54.26209999999906],[-5.549900000000001,54.26209999999906],[-5.549900000000001,54.36359999999905],[-5.5905000000000005,54.36359999999905],[-5.5905000000000005,54.38389999999906],[-5.651400000000001,54.38389999999906],[-5.651400000000001,54.40419999999906],[-5.6108,54.40419999999906],[-5.6108,54.465099999999055],[-5.651400000000001,54.465099999999055],[-5.651400000000001,54.50569999999906],[-5.570200000000001,54.50569999999906],[-5.570200000000001,54.465099999999055],[-5.5296,54.465099999999055],[-5.5296,54.444799999999056],[-5.570200000000001,54.444799999999056],[-5.570200000000001,54.38389999999906],[-5.4687,54.38389999999906],[-5.4687,54.566599999999056],[-5.489000000000001,54.566599999999056],[-5.489000000000001,54.607199999999054],[-5.5296,54.607199999999054],[-5.5296,54.64779999999906],[-5.549900000000001,54.64779999999906],[-5.549900000000001,54.66809999999906],[-5.5905000000000005,54.66809999999906],[-5.5905000000000005,54.688399999999056],[-5.6717,54.688399999999056],[-5.6717,54.708699999999055],[-5.712300000000001,54.708699999999055],[-5.712300000000001,54.72899999999906],[-5.732600000000001,54.72899999999906],[-5.732600000000001,54.74929999999905],[-5.6717,54.74929999999905],[-5.6717,54.81019999999906],[-5.712300000000001,54.81019999999906],[-5.712300000000001,54.850799999999055],[-5.7732,54.850799999999055],[-5.7732,54.81019999999906],[-5.793500000000001,54.81019999999906],[-5.793500000000001,54.87109999999906],[-5.8341,54.87109999999906],[-5.8341,54.89139999999906],[-5.8950000000000005,54.89139999999906],[-5.8950000000000005,54.952299999999056],[-5.9153,54.952299999999056],[-5.9153,54.972599999999055],[-5.955900000000001,54.972599999999055],[-5.955900000000001,54.992899999999054],[-5.9762,54.992899999999054],[-5.9762,55.05379999999906],[-6.016800000000001,55.05379999999906],[-6.016800000000001,55.074099999999056],[-6.037100000000001,55.074099999999056],[-6.037100000000001,55.19589999999906],[-6.0777,55.19589999999906],[-6.0777,55.216199999999056],[-6.321300000000001,55.216199999999056],[-6.321300000000001,55.236499999999054],[-6.544600000000001,55.236499999999054],[-6.544600000000001,55.216199999999056],[-6.625800000000001,55.216199999999056],[-6.625800000000001,55.19589999999906],[-6.707000000000001,55.19589999999906],[-6.707000000000001,55.17559999999906],[-6.9506000000000006,55.17559999999906],[-6.9506000000000006,55.13499999999906],[-6.9912,55.13499999999906],[-6.9912,55.094399999999055],[-7.0318000000000005,55.094399999999055],[-7.0318000000000005,55.11469999999906],[-7.0724,55.11469999999906],[-7.0724,55.13499999999906],[-7.092700000000001,55.13499999999906],[-7.092700000000001,55.17559999999906],[-7.0724,55.17559999999906],[-7.0724,55.19589999999906],[-6.9709,55.19589999999906],[-6.9709,55.25679999999906],[-7.0724,55.25679999999906],[-7.0724,55.27709999999906],[-7.1333,55.27709999999906],[-7.1333,55.29739999999906],[-7.153600000000001,55.29739999999906],[-7.153600000000001,55.337999999999056],[-7.2145,55.337999999999056],[-7.2145,55.358299999999055],[-7.3566,55.358299999999055],[-7.3769,55.31769999999906],[-7.4378,55.31769999999906],[-7.4378,55.27709999999906],[-7.539300000000001,55.27709999999906],[-7.539300000000001,55.19589999999906],[-7.4987,55.19589999999906],[-7.4987,55.13499999999906],[-7.5596000000000005,55.13499999999906],[-7.5596000000000005,55.17559999999906],[-7.620500000000001,55.17559999999906]],[[8.497699999999998,55.216199999999056],[8.497699999999998,55.17559999999906],[8.457099999999997,55.17559999999906],[8.457099999999997,55.074099999999056],[8.558599999999998,55.074099999999056],[8.558599999999998,55.216199999999056],[8.497699999999998,55.216199999999056]],[[8.3353,55.01319999999906],[8.3353,54.972599999999055],[8.314999999999998,54.972599999999055],[8.314999999999998,54.89139999999906],[8.2744,54.89139999999906],[8.2744,54.830499999999056],[8.375899999999998,54.830499999999056],[8.375899999999998,54.87109999999906],[8.436799999999998,54.87109999999906],[8.436799999999998,54.952299999999056],[8.4165,54.952299999999056],[8.4165,55.01319999999906],[8.3353,55.01319999999906]],[[8.436799999999998,54.76959999999906],[8.436799999999998,54.688399999999056],[8.558599999999998,54.688399999999056],[8.558599999999998,54.74929999999905],[8.5383,54.74929999999905],[8.5383,54.76959999999906],[8.436799999999998,54.76959999999906]],[[-4.7379,54.180899999999056],[-4.7379,54.079399999999055],[-4.5958000000000006,54.079399999999055],[-4.5958000000000006,54.09969999999906],[-4.5349,54.09969999999906],[-4.5349,54.11999999999906],[-4.494300000000001,54.11999999999906],[-4.494300000000001,54.14029999999906],[-4.474,54.14029999999906],[-4.474,54.16059999999906],[-4.433400000000001,54.16059999999906],[-4.433400000000001,54.180899999999056],[-4.4131,54.180899999999056],[-4.4131,54.221499999999054],[-4.3725000000000005,54.221499999999054],[-4.3725000000000005,54.24179999999906],[-4.3522,54.24179999999906],[-4.3725000000000005,54.40419999999906],[-4.474,54.40419999999906],[-4.474,54.38389999999906],[-4.5146,54.38389999999906],[-4.5146,54.36359999999905],[-4.5755,54.36359999999905],[-4.5755,54.322999999999055],[-4.5958000000000006,54.322999999999055],[-4.616100000000001,54.24179999999906],[-4.677000000000001,54.24179999999906],[-4.677000000000001,54.221499999999054],[-4.717600000000001,54.221499999999054],[-4.717600000000001,54.180899999999056],[-4.7379,54.180899999999056]],[[-10.1377,53.75459999999906],[-10.1377,53.65309999999906],[-10.0768,53.65309999999906],[-10.0768,53.75459999999906],[-10.1377,53.75459999999906]],[[-10.2595,53.71399999999906],[-10.2595,53.65309999999906],[-10.158000000000001,53.65309999999906],[-10.158000000000001,53.71399999999906],[-10.2595,53.71399999999906]],[[5.412099999999999,53.429799999999055],[5.412099999999999,53.36889999999906],[5.472999999999999,53.36889999999906],[5.472999999999999,53.429799999999055],[5.412099999999999,53.429799999999055]],[[4.9045999999999985,53.064399999999054],[4.9045999999999985,53.14559999999906],[4.803099999999997,53.14559999999906],[4.803099999999997,53.12529999999906],[4.762499999999999,53.12529999999906],[4.762499999999999,53.10499999999906],[4.7422,53.10499999999906],[4.7422,53.064399999999054],[4.701599999999999,53.064399999999054],[4.701599999999999,53.00349999999906],[4.803099999999997,53.00349999999906],[4.803099999999997,53.023799999999056],[4.843699999999998,53.023799999999056],[4.863999999999997,53.064399999999054],[4.9045999999999985,53.064399999999054]],[[3.7068999999999974,51.72459999999906],[3.7068999999999974,51.663699999999054],[3.7677999999999976,51.663699999999054],[3.7677999999999976,51.72459999999906],[3.7068999999999974,51.72459999999906]],[[3.6662999999999997,51.44039999999906],[3.6662999999999997,51.46069999999906],[3.7068999999999974,51.46069999999906],[3.7068999999999974,51.42009999999906],[3.7677999999999976,51.42009999999906],[3.7677999999999976,51.39979999999906],[3.9301999999999992,51.39979999999906],[3.9301999999999992,51.46069999999906],[4.011399999999998,51.46069999999906],[4.011399999999998,51.42009999999906],[4.0722999999999985,51.42009999999906],[4.0722999999999985,51.48099999999906],[4.011399999999998,51.48099999999906],[4.011399999999998,51.521599999999054],[3.9301999999999992,51.521599999999054],[3.9301999999999992,51.54189999999906],[3.869299999999999,51.54189999999906],[3.869299999999999,51.60279999999906],[3.7677999999999976,51.60279999999906],[3.7677999999999976,51.58249999999906],[3.7272,51.58249999999906],[3.7272,51.60279999999906],[3.6459999999999972,51.60279999999906],[3.6459999999999972,51.56219999999906],[3.6256999999999984,51.56219999999906],[3.6256999999999984,51.58249999999906],[3.5242000000000004,51.58249999999906],[3.5242000000000004,51.56219999999906],[3.4633000000000003,51.56219999999906],[3.4633000000000003,51.501299999999056],[3.503899999999998,51.501299999999056],[3.503899999999998,51.46069999999906],[3.564799999999998,51.46069999999906],[3.564799999999998,51.44039999999906],[3.6662999999999997,51.44039999999906]],[[-1.1651000000000007,50.62839999999906],[-1.1651000000000007,50.64869999999906],[-1.1042000000000005,50.64869999999906],[-1.1042000000000005,50.70959999999906],[-1.1651000000000007,50.70959999999906],[-1.1651000000000007,50.729899999999056],[-1.2260000000000009,50.729899999999056],[-1.2260000000000009,50.750199999999055],[-1.3478000000000012,50.750199999999055],[-1.3478000000000012,50.729899999999056],[-1.3884000000000007,50.729899999999056],[-1.3884000000000007,50.70959999999906],[-1.510200000000001,50.70959999999906],[-1.510200000000001,50.64869999999906],[-1.3884000000000007,50.62839999999906],[-1.3884000000000007,50.608099999999055],[-1.3275000000000006,50.608099999999055],[-1.3275000000000006,50.587799999999056],[-1.1854000000000013,50.587799999999056],[-1.1854000000000013,50.62839999999906],[-1.1651000000000007,50.62839999999906]],[[-2.5861,49.49159999999906],[-2.5861,49.43069999999906],[-2.5252,49.43069999999906],[-2.5252,49.49159999999906],[-2.5861,49.49159999999906]],[[-2.2410000000000014,49.24799999999906],[-2.2410000000000014,49.187099999999056],[-2.1598000000000006,49.187099999999056],[-2.1598000000000006,49.24799999999906],[-2.2410000000000014,49.24799999999906]],[[-2.1395,49.22769999999906],[-2.1395,49.16679999999906],[-2.0177000000000014,49.16679999999906],[-2.0177000000000014,49.22769999999906],[-2.1395,49.22769999999906]],[[-3.2560000000000002,47.36009999999906],[-3.2560000000000002,47.29919999999906],[-3.1545000000000005,47.29919999999906],[-3.1545000000000005,47.36009999999906],[-3.2560000000000002,47.36009999999906]]],[[[-4.9465,44.95400000000076],[-4.987,44.95400000000076],[-4.987,44.994500000000755],[-5.068,44.994500000000755],[-5.068,45.03500000000076],[-5.148999999999999,45.03500000000076],[-5.148999999999999,45.07550000000076],[-5.23,45.07550000000076],[-5.23,45.11600000000076],[-5.311,45.11600000000076],[-5.311,45.15650000000076],[-5.3919999999999995,45.15650000000076],[-5.3919999999999995,45.359000000000755],[-5.23,45.359000000000755],[-5.189499999999999,45.27800000000076],[-5.108499999999999,45.27800000000076],[-5.108499999999999,45.197000000000756],[-5.068,45.197000000000756],[-5.068,45.11600000000076],[-5.0275,45.11600000000076],[-5.0275,45.07550000000076],[-4.9465,45.03500000000076],[-4.9465,44.95400000000076]]],[[[-0.4140000000000015,53.73429999999906],[-0.2719000000000005,53.73429999999906],[-0.2719000000000005,53.71399999999906],[-0.3531000000000013,53.71399999999906],[-0.3531000000000013,53.693699999999055],[-0.4140000000000015,53.693699999999055],[-0.4140000000000015,53.73429999999906]]],[[[-5.0018,55.723699999999056],[-5.0018,55.78459999999906],[-4.9612,55.78459999999906],[-4.9612,55.743999999999055],[-4.9206,55.743999999999055],[-4.9206,55.723699999999056],[-5.0018,55.723699999999056]]],[[[-4.9815000000000005,55.845499999999056],[-4.9815000000000005,55.88609999999906],[-4.940900000000001,55.88609999999906],[-4.940900000000001,55.90639999999906],[-4.9206,55.90639999999906],[-4.9206,55.94699999999906],[-4.900300000000001,55.94699999999906],[-4.900300000000001,55.845499999999056],[-4.9815000000000005,55.845499999999056]]],[[[-4.6973,55.92669999999906],[-4.6973,55.94699999999906],[-4.7582,55.94699999999906],[-4.7582,55.96729999999906],[-4.819100000000001,55.96729999999906],[-4.819100000000001,55.987599999999055],[-4.677000000000001,55.987599999999055],[-4.677000000000001,55.92669999999906],[-4.6973,55.92669999999906]]],[[[8.5383,57.164999999999054],[8.619499999999999,57.164999999999054],[8.619499999999999,57.144699999999055],[8.578899999999997,57.144699999999055],[8.578899999999997,57.124399999999056],[8.558599999999998,57.124399999999056],[8.558599999999998,57.10409999999906],[8.497699999999998,57.10409999999906],[8.497699999999998,57.08379999999906],[8.4774,57.08379999999906],[8.4774,57.124399999999056],[8.5383,57.124399999999056],[8.5383,57.164999999999054]]],[[[10.690099999999997,57.286799999999054],[10.893099999999997,57.286799999999054],[10.893099999999997,57.266499999999056],[10.8525,57.266499999999056],[10.8525,57.24619999999906],[10.690099999999997,57.24619999999906],[10.690099999999997,57.286799999999054]]],[[[11.217899999999997,57.42889999999906],[11.217899999999997,57.408599999999055],[11.177299999999999,57.408599999999055],[11.177299999999999,57.44919999999906],[11.238199999999999,57.44919999999906],[11.238199999999999,57.46949999999906],[11.278799999999997,57.46949999999906],[11.278799999999997,57.42889999999906],[11.217899999999997,57.42889999999906]]],[[[10.629199999999997,57.71309999999906],[10.6495,57.75369999999906],[10.669799999999999,57.75369999999906],[10.669799999999999,57.73339999999906],[10.7713,57.73339999999906],[10.7713,57.71309999999906],[10.629199999999997,57.71309999999906]]],[[[5.1888000000000005,59.25589999999906],[5.1888000000000005,59.23559999999906],[5.168499999999998,59.23559999999906],[5.1888000000000005,59.11379999999906],[5.1279,59.11379999999906],[5.1279,59.093499999999054],[5.107599999999998,59.093499999999054],[5.107599999999998,59.03259999999906],[5.1279,59.03259999999906],[5.1279,58.931099999999056],[5.168499999999998,58.931099999999056],[5.168499999999998,58.91079999999906],[5.351199999999999,58.91079999999906],[5.351199999999999,58.951399999999055],[5.432399999999998,58.951399999999055],[5.432399999999998,58.91079999999906],[5.472999999999999,58.91079999999906],[5.472999999999999,58.84989999999906],[5.493299999999998,58.84989999999906],[5.493299999999998,58.829599999999054],[5.554199999999998,58.829599999999054],[5.554199999999998,58.809299999999055],[5.533899999999999,58.809299999999055],[5.533899999999999,58.76869999999906],[5.472999999999999,58.76869999999906],[5.472999999999999,58.72809999999906],[5.3714999999999975,58.72809999999906],[5.351199999999999,58.687499999999055],[5.2902999999999984,58.687499999999055],[5.2902999999999984,58.707799999999054],[5.229399999999998,58.707799999999054],[5.229399999999998,58.687499999999055],[5.067,58.707799999999054],[5.067,58.687499999999055],[5.026399999999999,58.687499999999055],[5.026399999999999,58.707799999999054],[4.985799999999998,58.707799999999054],[4.985799999999998,58.72809999999906],[4.965499999999999,58.72809999999906],[4.985799999999998,58.809299999999055],[5.026399999999999,58.809299999999055],[5.026399999999999,58.829599999999054],[5.046699999999998,58.829599999999054],[5.046699999999998,58.89049999999906],[5.026399999999999,58.89049999999906],[5.026399999999999,59.01229999999906],[4.863999999999997,59.01229999999906],[4.863999999999997,59.052899999999056],[4.803099999999997,59.052899999999056],[4.803099999999997,59.073199999999055],[4.782799999999998,59.073199999999055],[4.782799999999998,59.13409999999906],[4.7422,59.13409999999906],[4.7422,59.174699999999056],[4.660999999999998,59.215299999999054],[4.660999999999998,59.29649999999906],[4.6813,59.29649999999906],[4.6813,59.316799999999056],[4.721899999999998,59.316799999999056],[4.721899999999998,59.35739999999906],[4.863999999999997,59.35739999999906],[4.863999999999997,59.41829999999906],[4.9045999999999985,59.41829999999906],[4.9045999999999985,59.438599999999056],[4.924899999999997,59.438599999999056],[4.924899999999997,59.479199999999054],[4.965499999999999,59.479199999999054],[4.965499999999999,59.49949999999906],[5.046699999999998,59.49949999999906],[5.046699999999998,59.479199999999054],[5.067,59.479199999999054],[5.067,59.438599999999056],[5.1888000000000005,59.438599999999056],[5.1888000000000005,59.37769999999906],[5.107599999999998,59.37769999999906],[5.107599999999998,59.316799999999056],[5.168499999999998,59.316799999999056],[5.168499999999998,59.25589999999906],[5.1888000000000005,59.25589999999906]]],[[[4.5595,61.06259999999906],[4.579799999999999,61.06259999999906],[4.579799999999999,61.001699999999055],[4.5595,61.001699999999055],[4.5595,61.02199999999905],[4.4986,61.02199999999905],[4.4986,61.04229999999906],[4.478299999999997,61.04229999999906],[4.478299999999997,61.08289999999906],[4.5595,61.08289999999906],[4.5595,61.06259999999906]]],[[[4.478299999999997,61.69189999999906],[4.5595,61.69189999999906],[4.5595,61.773099999999054],[4.7422,61.773099999999054],[4.7422,61.752799999999056],[4.762499999999999,61.752799999999056],[4.762499999999999,61.73249999999906],[4.701599999999999,61.73249999999906],[4.701599999999999,61.71219999999906],[4.6813,61.71219999999906],[4.6813,61.630999999999055],[4.5391999999999975,61.630999999999055],[4.5391999999999975,61.651299999999054],[4.478299999999997,61.651299999999054],[4.478299999999997,61.69189999999906]]],[[[4.782799999999998,61.93549999999906],[4.782799999999998,61.95579999999906],[4.8233999999999995,61.95579999999906],[4.8233999999999995,61.93549999999906],[4.924899999999997,61.93549999999906],[4.924899999999997,61.894899999999055],[4.863999999999997,61.894899999999055],[4.863999999999997,61.874599999999056],[4.6204,61.874599999999056],[4.6204,61.915199999999054],[4.6813,61.915199999999054],[4.6813,61.93549999999906],[4.782799999999998,61.93549999999906]]],[[[4.863999999999997,62.05729999999906],[4.985799999999998,62.05729999999906],[4.985799999999998,61.996399999999056],[4.9045999999999985,61.996399999999056],[4.9045999999999985,62.016699999999055],[4.863999999999997,62.016699999999055],[4.863999999999997,62.05729999999906]]],[[[6.244399999999999,62.56479999999906],[6.2037999999999975,62.56479999999906],[6.2037999999999975,62.62569999999906],[6.285,62.60539999999906],[6.285,62.58509999999906],[6.244399999999999,62.58509999999906],[6.244399999999999,62.56479999999906]]],[[[-3.1951,62.524199999999055],[-3.1951,62.56479999999906],[-3.1545000000000005,62.56479999999906],[-3.1545000000000005,62.60539999999906],[-3.1342,62.60539999999906],[-3.1342,62.62569999999906],[-3.0936000000000003,62.62569999999906],[-3.0733000000000015,62.666299999999055],[-2.9921000000000006,62.666299999999055],[-2.9921000000000006,62.645999999999056],[-2.951500000000001,62.645999999999056],[-2.951500000000001,62.62569999999906],[-2.9312000000000005,62.62569999999906],[-2.9312000000000005,62.60539999999906],[-2.890600000000001,62.60539999999906],[-2.890600000000001,62.56479999999906],[-2.9312000000000005,62.56479999999906],[-2.951500000000001,62.524199999999055],[-3.1951,62.524199999999055]]],[[[6.1632,62.70689999999906],[6.305299999999999,62.70689999999906],[6.305299999999999,62.68659999999905],[6.1632,62.68659999999905],[6.1632,62.70689999999906]]],[[[6.325599999999998,62.74749999999906],[6.427099999999999,62.74749999999906],[6.427099999999999,62.72719999999906],[6.467699999999997,62.72719999999906],[6.467699999999997,62.70689999999906],[6.325599999999998,62.70689999999906],[6.325599999999998,62.74749999999906]]]]}},{"type":"Feature","properties":{"threshold_kt":1.5,"atlas":"CMEMS_NWS, CMEMS_IBI, CMEMS_MED","resolution_m":1500,"method":"max speed over 15 days hourly, all constituents","area_deg2":41.11},"geometry":{"type":"MultiPolygon","coordinates":[[[[-8.8588,48.35479999999906],[-8.879100000000001,48.35479999999906],[-8.879100000000001,48.415699999999056],[-8.8588,48.415699999999056],[-8.8588,48.435999999999055],[-8.7776,48.435999999999055],[-8.7573,48.39539999999906],[-8.7167,48.39539999999906],[-8.7167,48.35479999999906],[-8.7573,48.35479999999906],[-8.7573,48.33449999999905],[-8.8588,48.33449999999905],[-8.8588,48.35479999999906]]],[[[-8.0062,49.91789999999906],[-8.046800000000001,49.91789999999906],[-8.046800000000001,49.978799999999055],[-8.0265,49.978799999999055],[-8.0265,49.958499999999056],[-7.9859,49.958499999999056],[-7.9656,49.91789999999906],[-7.925000000000001,49.91789999999906],[-7.925000000000001,49.85699999999906],[-7.9859,49.85699999999906],[-7.9859,49.87729999999906],[-8.0062,49.87729999999906],[-8.0062,49.91789999999906]]],[[[-9.711400000000001,51.39979999999906],[-9.752,51.39979999999906],[-9.752,51.359199999999056],[-9.8332,51.359199999999056],[-9.8332,51.39979999999906],[-9.8535,51.39979999999906],[-9.8535,51.42009999999906],[-9.8941,51.42009999999906],[-9.8941,51.46069999999906],[-9.711400000000001,51.46069999999906],[-9.711400000000001,51.39979999999906]]],[[[-10.2798,51.623099999999056],[-10.2392,51.623099999999056],[-10.2392,51.58249999999906],[-10.1986,51.58249999999906],[-10.1986,51.54189999999906],[-10.2798,51.54189999999906],[-10.2798,51.623099999999056]]],[[[-10.5843,52.130599999999056],[-10.5234,52.130599999999056],[-10.5234,52.150899999999055],[-10.482800000000001,52.150899999999055],[-10.482800000000001,52.11029999999906],[-10.4422,52.11029999999906],[-10.4422,52.08999999999906],[-10.564,52.08999999999906],[-10.564,52.02909999999906],[-10.5843,52.02909999999906],[-10.5843,52.04939999999905],[-10.645199999999999,52.04939999999905],[-10.6249,52.08999999999906],[-10.5843,52.08999999999906],[-10.5843,52.130599999999056]]],[[[-6.5852,56.31239999999906],[-6.564900000000001,56.31239999999906],[-6.564900000000001,56.35299999999906],[-6.5243,56.35299999999906],[-6.5243,56.373299999999055],[-6.4431,56.373299999999055],[-6.4431,56.35299999999906],[-6.4228000000000005,56.35299999999906],[-6.4228000000000005,56.33269999999906],[-6.4431,56.33269999999906],[-6.4431,56.27179999999906],[-6.483700000000001,56.27179999999906],[-6.483700000000001,56.251499999999055],[-6.5040000000000004,56.251499999999055],[-6.5243,56.29209999999906],[-6.5852,56.29209999999906],[-6.5852,56.31239999999906]]],[[[-7.1942,56.53569999999905],[-7.092700000000001,56.53569999999905],[-7.092700000000001,56.55599999999906],[-6.9912,56.55599999999906],[-6.9912,56.41389999999906],[-7.011500000000001,56.41389999999906],[-7.0318000000000005,56.45449999999906],[-7.1333,56.45449999999906],[-7.153600000000001,56.495099999999056],[-7.2145,56.495099999999056],[-7.2145,56.515399999999055],[-7.1942,56.515399999999055],[-7.1942,56.53569999999905]]],[[[-6.5243,56.59659999999906],[-6.5040000000000004,56.59659999999906],[-6.5040000000000004,56.637199999999055],[-6.4634,56.637199999999055],[-6.4431,56.71839999999906],[-6.240100000000001,56.71839999999906],[-6.240100000000001,56.69809999999906],[-6.301,56.69809999999906],[-6.301,56.65749999999906],[-6.321300000000001,56.65749999999906],[-6.321300000000001,56.53569999999905],[-6.3619,56.53569999999905],[-6.3619,56.495099999999056],[-6.5040000000000004,56.495099999999056],[-6.5040000000000004,56.53569999999905],[-6.5243,56.53569999999905],[-6.5243,56.59659999999906]]],[[[-7.620500000000001,56.71839999999906],[-7.620500000000001,56.67779999999906],[-7.6814,56.67779999999906],[-7.6814,56.65749999999906],[-7.701700000000001,56.65749999999906],[-7.701700000000001,56.67779999999906],[-7.7423,56.67779999999906],[-7.7423,56.69809999999906],[-7.8032,56.69809999999906],[-7.8032,56.79959999999906],[-7.6814,56.81989999999906],[-7.6814,56.92139999999905],[-7.539300000000001,56.92139999999905],[-7.539300000000001,56.880799999999056],[-7.478400000000001,56.880799999999056],[-7.478400000000001,56.84019999999906],[-7.4987,56.84019999999906],[-7.4987,56.81989999999906],[-7.5596000000000005,56.81989999999906],[-7.5596000000000005,56.738699999999056],[-7.6002,56.738699999999056],[-7.6002,56.71839999999906],[-7.620500000000001,56.71839999999906]]],[[[-6.6867,57.06349999999906],[-6.6055,57.06349999999906],[-6.6055,57.022899999999055],[-6.6867,57.022899999999055],[-6.6867,57.06349999999906]]],[[[-7.3769,57.10409999999906],[-7.3566,57.10409999999906],[-7.3566,57.06349999999906],[-7.4175,57.06349999999906],[-7.4175,57.04319999999906],[-7.4581,57.06349999999906],[-7.4581,57.10409999999906],[-7.4378,57.10409999999906],[-7.4378,57.124399999999056],[-7.3769,57.124399999999056],[-7.3769,57.10409999999906]]],[[[-6.8897,57.46949999999906],[-6.849100000000001,57.46949999999906],[-6.849100000000001,57.48979999999906],[-6.7679,57.48979999999906],[-6.7679,57.408599999999055],[-6.707000000000001,57.408599999999055],[-6.707000000000001,57.34769999999906],[-6.6867,57.34769999999906],[-6.6867,57.32739999999906],[-6.707000000000001,57.32739999999906],[-6.707000000000001,57.30709999999905],[-6.849100000000001,57.30709999999905],[-6.849100000000001,57.32739999999906],[-6.8897,57.32739999999906],[-6.8897,57.46949999999906]]],[[[-7.153600000000001,57.773999999999056],[-7.0724,57.773999999999056],[-7.0724,57.71309999999906],[-7.1333,57.71309999999906],[-7.1333,57.73339999999906],[-7.153600000000001,57.73339999999906],[-7.153600000000001,57.773999999999056]]],[[[-6.3619,57.672499999999054],[-6.4431,57.672499999999054],[-6.4431,57.69279999999905],[-6.544600000000001,57.69279999999905],[-6.544600000000001,57.63189999999906],[-6.564900000000001,57.63189999999906],[-6.564900000000001,57.61159999999906],[-6.6867,57.61159999999906],[-6.6867,57.59129999999906],[-6.707000000000001,57.59129999999906],[-6.707000000000001,57.71309999999906],[-6.7273000000000005,57.71309999999906],[-6.7273000000000005,57.73339999999906],[-6.646100000000001,57.73339999999906],[-6.646100000000001,57.75369999999906],[-6.625800000000001,57.75369999999906],[-6.625800000000001,57.81459999999906],[-6.646100000000001,57.81459999999906],[-6.646100000000001,57.85519999999906],[-6.625800000000001,57.85519999999906],[-6.625800000000001,57.87549999999906],[-6.5852,57.87549999999906],[-6.5852,57.916099999999055],[-6.4634,57.936399999999054],[-6.4634,57.95669999999906],[-6.3822,57.95669999999906],[-6.3822,57.936399999999054],[-6.3619,57.936399999999054],[-6.3619,57.895799999999056],[-6.260400000000001,57.895799999999056],[-6.260400000000001,57.85519999999906],[-6.240100000000001,57.85519999999906],[-6.240100000000001,57.71309999999906],[-6.301,57.71309999999906],[-6.301,57.69279999999905],[-6.3619,57.69279999999905],[-6.3619,57.672499999999054]]],[[[-7.3769,60.51449999999906],[-7.4175,60.51449999999906],[-7.4175,60.494199999999054],[-7.478400000000001,60.494199999999054],[-7.4987,60.45359999999906],[-7.5596000000000005,60.45359999999906],[-7.5596000000000005,60.43329999999906],[-7.620500000000001,60.43329999999906],[-7.620500000000001,60.45359999999906],[-7.701700000000001,60.45359999999906],[-7.701700000000001,60.473899999999055],[-7.7423,60.473899999999055],[-7.7423,60.494199999999054],[-7.8235,60.494199999999054],[-7.8235,60.51449999999906],[-7.8641000000000005,60.51449999999906],[-7.8641000000000005,60.53479999999906],[-7.8844,60.53479999999906],[-7.8844,60.595699999999056],[-7.925000000000001,60.595699999999056],[-7.925000000000001,60.615999999999055],[-7.8844,60.615999999999055],[-7.8844,60.65659999999906],[-7.8641000000000005,60.65659999999906],[-7.8641000000000005,60.67689999999906],[-7.8032,60.67689999999906],[-7.8032,60.69719999999906],[-7.7626,60.69719999999906],[-7.7626,60.717499999999056],[-7.701700000000001,60.717499999999056],[-7.701700000000001,60.737799999999055],[-7.5596000000000005,60.737799999999055],[-7.5596000000000005,60.717499999999056],[-7.478400000000001,60.717499999999056],[-7.478400000000001,60.69719999999906],[-7.4378,60.69719999999906],[-7.4378,60.67689999999906],[-7.3769,60.67689999999906],[-7.3566,60.63629999999905],[-7.316000000000001,60.63629999999905],[-7.316000000000001,60.53479999999906],[-7.3769,60.53479999999906],[-7.3769,60.51449999999906]]],[[[-10.1377,60.63629999999905],[-10.0768,60.63629999999905],[-10.0565,60.595699999999056],[-10.0159,60.595699999999056],[-10.0159,60.55509999999906],[-10.2595,60.55509999999906],[-10.2595,60.53479999999906],[-10.4625,60.53479999999906],[-10.4625,60.55509999999906],[-10.5031,60.55509999999906],[-10.5031,60.57539999999906],[-10.5843,60.57539999999906],[-10.5843,60.595699999999056],[-10.6249,60.595699999999056],[-10.645199999999999,60.67689999999906],[-10.6858,60.67689999999906],[-10.6858,60.717499999999056],[-10.6249,60.717499999999056],[-10.6249,60.737799999999055],[-10.5234,60.737799999999055],[-10.5234,60.758099999999054],[-10.3204,60.758099999999054],[-10.3001,60.717499999999056],[-10.2392,60.717499999999056],[-10.2392,60.69719999999906],[-10.1986,60.69719999999906],[-10.1986,60.67689999999906],[-10.1377,60.67689999999906],[-10.1377,60.63629999999905]]],[[[-8.6355,60.90019999999906],[-8.7167,60.90019999999906],[-8.7167,60.879899999999054],[-8.7573,60.879899999999054],[-8.7573,60.859599999999055],[-8.7776,60.859599999999055],[-8.7776,60.81899999999906],[-8.7979,60.81899999999906],[-8.7979,60.758099999999054],[-8.8385,60.758099999999054],[-8.8385,60.737799999999055],[-8.8588,60.737799999999055],[-8.8588,60.69719999999906],[-8.8994,60.69719999999906],[-8.9197,60.65659999999906],[-8.980599999999999,60.65659999999906],[-8.980599999999999,60.63629999999905],[-9.0618,60.63629999999905],[-9.0618,60.65659999999906],[-9.1227,60.65659999999906],[-9.1227,60.69719999999906],[-9.1633,60.69719999999906],[-9.1633,60.717499999999056],[-9.1227,60.717499999999056],[-9.1227,60.77839999999906],[-9.1633,60.77839999999906],[-9.1633,60.81899999999906],[-9.1227,60.81899999999906],[-9.1227,60.859599999999055],[-9.1024,60.859599999999055],[-9.1024,60.879899999999054],[-9.0415,60.879899999999054],[-9.0415,60.92049999999906],[-9.0009,60.92049999999906],[-8.980599999999999,60.96109999999906],[-8.940000000000001,60.96109999999906],[-8.9197,61.001699999999055],[-8.879100000000001,61.001699999999055],[-8.8588,61.04229999999906],[-8.7776,61.06259999999906],[-8.7776,61.08289999999906],[-8.6761,61.08289999999906],[-8.6558,61.123499999999055],[-8.554300000000001,61.123499999999055],[-8.554300000000001,61.143799999999054],[-8.4528,61.143799999999054],[-8.4528,61.123499999999055],[-8.3919,61.123499999999055],[-8.3919,61.08289999999906],[-8.3513,61.08289999999906],[-8.3513,60.981399999999056],[-8.3919,60.981399999999056],[-8.4122,60.94079999999906],[-8.5137,60.94079999999906],[-8.5137,60.92049999999906],[-8.6355,60.92049999999906],[-8.6355,60.90019999999906]]],[[[-6.6867,61.79339999999905],[-6.646100000000001,61.79339999999905],[-6.646100000000001,61.83399999999906],[-6.625800000000001,61.83399999999906],[-6.625800000000001,61.85429999999906],[-6.3619,61.85429999999906],[-6.3619,61.83399999999906],[-6.321300000000001,61.83399999999906],[-6.321300000000001,61.81369999999906],[-6.301,61.81369999999906],[-6.301,61.79339999999905],[-6.260400000000001,61.79339999999905],[-6.260400000000001,61.752799999999056],[-6.301,61.752799999999056],[-6.321300000000001,61.71219999999906],[-6.3619,61.71219999999906],[-6.3822,61.67159999999906],[-6.4228000000000005,61.67159999999906],[-6.4431,61.59039999999906],[-6.483700000000001,61.59039999999906],[-6.483700000000001,61.57009999999906],[-6.5040000000000004,61.57009999999906],[-6.5040000000000004,61.529499999999054],[-6.544600000000001,61.529499999999054],[-6.544600000000001,61.44829999999906],[-6.5040000000000004,61.44829999999906],[-6.483700000000001,61.40769999999905],[-6.4431,61.40769999999905],[-6.4431,61.367099999999056],[-6.3822,61.367099999999056],[-6.3822,61.32649999999906],[-6.3619,61.32649999999906],[-6.3619,61.245299999999055],[-6.321300000000001,61.245299999999055],[-6.321300000000001,61.143799999999054],[-6.3619,61.143799999999054],[-6.3619,61.04229999999906],[-6.321300000000001,61.04229999999906],[-6.301,61.001699999999055],[-6.260400000000001,61.001699999999055],[-6.260400000000001,60.96109999999906],[-6.240100000000001,60.96109999999906],[-6.240100000000001,60.94079999999906],[-6.1995000000000005,60.94079999999906],[-6.1995000000000005,60.879899999999054],[-6.179200000000001,60.879899999999054],[-6.179200000000001,60.77839999999906],[-6.1386,60.77839999999906],[-6.1386,60.717499999999056],[-6.179200000000001,60.717499999999056],[-6.1995000000000005,60.67689999999906],[-6.301,60.67689999999906],[-6.301,60.65659999999906],[-6.321300000000001,60.65659999999906],[-6.321300000000001,60.595699999999056],[-6.260400000000001,60.595699999999056],[-6.240100000000001,60.55509999999906],[-6.1995000000000005,60.55509999999906],[-6.1995000000000005,60.494199999999054],[-6.260400000000001,60.494199999999054],[-6.260400000000001,60.473899999999055],[-6.5040000000000004,60.494199999999054],[-6.5243,60.53479999999906],[-6.5852,60.53479999999906],[-6.5852,60.55509999999906],[-6.625800000000001,60.55509999999906],[-6.625800000000001,60.57539999999906],[-6.6867,60.57539999999906],[-6.6867,60.595699999999056],[-6.7273000000000005,60.615999999999055],[-6.7273000000000005,60.65659999999906],[-6.788200000000001,60.65659999999906],[-6.788200000000001,60.69719999999906],[-6.8288,60.69719999999906],[-6.8288,60.717499999999056],[-6.849100000000001,60.717499999999056],[-6.849100000000001,60.77839999999906],[-6.8897,60.77839999999906],[-6.91,60.859599999999055],[-6.9506000000000006,60.859599999999055],[-6.9506000000000006,60.96109999999906],[-6.9709,60.96109999999906],[-6.9709,61.04229999999906],[-7.011500000000001,61.04229999999906],[-7.0318000000000005,61.16409999999906],[-7.0724,61.16409999999906],[-7.092700000000001,61.245299999999055],[-7.1333,61.245299999999055],[-7.1333,61.28589999999906],[-7.153600000000001,61.28589999999906],[-7.153600000000001,61.30619999999906],[-7.1942,61.30619999999906],[-7.1942,61.32649999999906],[-7.2145,61.32649999999906],[-7.2145,61.367099999999056],[-7.2551000000000005,61.367099999999056],[-7.2551000000000005,61.387399999999055],[-7.2754,61.387399999999055],[-7.2754,61.42799999999906],[-7.316000000000001,61.42799999999906],[-7.316000000000001,61.488899999999056],[-7.2754,61.488899999999056],[-7.2754,61.529499999999054],[-7.153600000000001,61.529499999999054],[-7.153600000000001,61.59039999999906],[-7.1942,61.59039999999906],[-7.1942,61.752799999999056],[-7.2145,61.752799999999056],[-7.2145,61.81369999999906],[-7.1942,61.81369999999906],[-7.1942,61.83399999999906],[-7.153600000000001,61.83399999999906],[-7.153600000000001,61.85429999999906],[-6.91,61.85429999999906],[-6.91,61.915199999999054],[-6.9506000000000006,61.915199999999054],[-6.9506000000000006,61.93549999999906],[-6.91,61.93549999999906],[-6.91,61.97609999999906],[-6.8288,61.97609999999906],[-6.8288,61.915199999999054],[-6.869400000000001,61.915199999999054],[-6.869400000000001,61.894899999999055],[-6.8897,61.894899999999055],[-6.8897,61.83399999999906],[-6.869400000000001,61.83399999999906],[-6.869400000000001,61.81369999999906],[-6.7679,61.81369999999906],[-6.7476,61.773099999999054],[-6.6867,61.773099999999054],[-6.6867,61.79339999999905]],[[-6.6867,61.44829999999906],[-6.6867,61.509199999999055],[-6.7273000000000005,61.509199999999055],[-6.7273000000000005,61.54979999999906],[-6.7679,61.54979999999906],[-6.7679,61.57009999999906],[-6.8288,61.57009999999906],[-6.8288,61.59039999999906],[-6.8897,61.59039999999906],[-6.8897,61.630999999999055],[-6.9912,61.630999999999055],[-6.9912,61.57009999999906],[-6.9506000000000006,61.57009999999906],[-6.9506000000000006,61.54979999999906],[-6.930300000000001,61.54979999999906],[-6.930300000000001,61.488899999999056],[-6.8897,61.488899999999056],[-6.8897,61.44829999999906],[-6.8288,61.44829999999906],[-6.8085,61.40769999999905],[-6.707000000000001,61.40769999999905],[-6.707000000000001,61.44829999999906],[-6.6867,61.44829999999906]]],[[[-6.625800000000001,61.97609999999906],[-6.544600000000001,61.97609999999906],[-6.544600000000001,61.93549999999906],[-6.564900000000001,61.93549999999906],[-6.564900000000001,61.915199999999054],[-6.625800000000001,61.915199999999054],[-6.625800000000001,61.97609999999906]]],[[[-6.7273000000000005,62.23999999999906],[-6.646100000000001,62.23999999999906],[-6.646100000000001,62.260299999999056],[-6.625800000000001,62.260299999999056],[-6.625800000000001,62.19939999999906],[-6.707000000000001,62.19939999999906],[-6.7273000000000005,62.23999999999906]]],[[[-6.564900000000001,62.58509999999906],[-6.483700000000001,62.58509999999906],[-6.483700000000001,62.56479999999906],[-6.4228000000000005,62.56479999999906],[-6.4228000000000005,62.544499999999054],[-6.341600000000001,62.544499999999054],[-6.341600000000001,62.56479999999906],[-6.301,62.56479999999906],[-6.301,62.544499999999054],[-6.179200000000001,62.544499999999054],[-6.179200000000001,62.524199999999055],[-6.0574,62.50389999999906],[-6.0574,62.46329999999906],[-5.9965,62.46329999999906],[-5.9965,62.44299999999906],[-5.955900000000001,62.44299999999906],[-5.955900000000001,62.422699999999054],[-5.874700000000001,62.422699999999054],[-5.874700000000001,62.402399999999055],[-5.8341,62.402399999999055],[-5.8341,62.32119999999906],[-5.874700000000001,62.32119999999906],[-5.874700000000001,62.280599999999055],[-5.935600000000001,62.280599999999055],[-5.955900000000001,62.23999999999906],[-5.9965,62.23999999999906],[-6.016800000000001,62.19939999999906],[-6.0574,62.19939999999906],[-6.0574,62.17909999999906],[-6.1183000000000005,62.17909999999906],[-6.1183000000000005,62.158799999999054],[-6.260400000000001,62.158799999999054],[-6.260400000000001,62.17909999999906],[-6.321300000000001,62.17909999999906],[-6.321300000000001,62.19939999999906],[-6.341600000000001,62.19939999999906],[-6.341600000000001,62.36179999999906],[-6.3822,62.36179999999906],[-6.3822,62.382099999999056],[-6.483700000000001,62.382099999999056],[-6.483700000000001,62.36179999999906],[-6.5243,62.36179999999906],[-6.5243,62.382099999999056],[-6.6867,62.382099999999056],[-6.6867,62.36179999999906],[-6.930300000000001,62.36179999999906],[-6.9506000000000006,62.32119999999906],[-7.173900000000001,62.32119999999906],[-7.173900000000001,62.300899999999054],[-7.234800000000001,62.300899999999054],[-7.234800000000001,62.260299999999056],[-7.2551000000000005,62.260299999999056],[-7.2551000000000005,62.23999999999906],[-7.2957,62.23999999999906],[-7.2957,62.19939999999906],[-7.3769,62.19939999999906],[-7.3769,62.17909999999906],[-7.4175,62.17909999999906],[-7.4175,62.05729999999906],[-7.3769,62.05729999999906],[-7.3769,61.996399999999056],[-7.4987,61.996399999999056],[-7.4987,61.97609999999906],[-7.539300000000001,61.97609999999906],[-7.539300000000001,61.95579999999906],[-7.6611,61.95579999999906],[-7.6611,61.93549999999906],[-7.8032,61.93549999999906],[-7.8032,61.915199999999054],[-8.4122,61.915199999999054],[-8.432500000000001,61.95579999999906],[-8.534,61.95579999999906],[-8.554300000000001,61.996399999999056],[-8.594899999999999,61.996399999999056],[-8.615200000000002,62.036999999999054],[-8.6558,62.036999999999054],[-8.6761,62.07759999999906],[-8.7167,62.07759999999906],[-8.7167,62.11819999999906],[-8.737,62.11819999999906],[-8.737,62.138499999999055],[-8.7776,62.138499999999055],[-8.7776,62.21969999999906],[-8.737,62.21969999999906],[-8.7167,62.300899999999054],[-8.6761,62.300899999999054],[-8.6761,62.32119999999906],[-8.6558,62.32119999999906],[-8.6558,62.34149999999906],[-8.615200000000002,62.34149999999906],[-8.594899999999999,62.382099999999056],[-8.534,62.382099999999056],[-8.534,62.402399999999055],[-8.493400000000001,62.402399999999055],[-8.493400000000001,62.422699999999054],[-8.3716,62.422699999999054],[-8.3716,62.44299999999906],[-8.3107,62.44299999999906],[-8.3107,62.46329999999906],[-8.229500000000002,62.46329999999906],[-8.229500000000002,62.48359999999906],[-8.1889,62.48359999999906],[-8.1889,62.50389999999906],[-8.0062,62.50389999999906],[-8.0062,62.524199999999055],[-7.925000000000001,62.524199999999055],[-7.925000000000001,62.544499999999054],[-7.8235,62.544499999999054],[-7.8235,62.56479999999906],[-7.8032,62.56479999999906],[-7.8032,62.58509999999906],[-7.7626,62.58509999999906],[-7.7423,62.62569999999906],[-7.620500000000001,62.62569999999906],[-7.620500000000001,62.645999999999056],[-7.5596000000000005,62.645999999999056],[-7.5596000000000005,62.666299999999055],[-7.397200000000001,62.666299999999055],[-7.397200000000001,62.68659999999905],[-7.1333,62.68659999999905],[-7.1333,62.666299999999055],[-6.9506000000000006,62.666299999999055],[-6.9506000000000006,62.645999999999056],[-6.8897,62.645999999999056],[-6.8897,62.62569999999906],[-6.7476,62.62569999999906],[-6.7476,62.60539999999906],[-6.625800000000001,62.62569999999906],[-6.625800000000001,62.60539999999906],[-6.564900000000001,62.60539999999906],[-6.564900000000001,62.58509999999906]]],[[[-5.959,36.08450000000076],[-5.959,36.0672000000006],[-5.8375,36.0672000000006],[-5.8375,36.08450000000076],[-5.756499999999999,36.08450000000076],[-5.756499999999999,36.0672000000006],[-5.2392,36.0672000000006],[-5.2392,36.003500000000756],[-5.23,36.003500000000756],[-5.23,35.92250000000076],[-5.295999999999999,35.92250000000076],[-5.295999999999999,35.8968000000006],[-5.4096,35.8968000000006],[-5.4096,35.8400000000006],[-5.7504,35.8400000000006],[-5.7504,35.783200000000605],[-5.9208,35.783200000000605],[-5.9208,35.7264000000006],[-5.959,35.7264000000006],[-5.959,35.67950000000076],[-6.121,35.67950000000076],[-6.121,35.76050000000076],[-6.0912,35.76050000000076],[-6.0912,35.8400000000006],[-6.2048,35.8400000000006],[-6.2048,35.8968000000006],[-6.2616,35.8968000000006],[-6.2616,35.992800000000756],[-6.2829999999999995,36.003500000000756],[-6.2829999999999995,36.0104000000006],[-6.3751999999999995,36.0104000000006],[-6.3751999999999995,36.1808000000006],[-6.2616,36.2376000000006],[-6.2616,36.2944000000006],[-6.2048,36.2944000000006],[-6.2048,36.28700000000076],[-6.202,36.28700000000076],[-6.202,36.24650000000076],[-6.080499999999999,36.24650000000076],[-6.080499999999999,36.2376000000006],[-6.0344,36.2376000000006],[-6.0344,36.206000000000756],[-5.999499999999999,36.206000000000756],[-5.999499999999999,36.08450000000076],[-5.959,36.08450000000076]]],[[[-2.3222000000000005,46.99469999999906],[-2.342500000000001,46.99469999999906],[-2.342500000000001,47.035299999999054],[-2.504900000000001,47.035299999999054],[-2.5252,47.11649999999906],[-2.504900000000001,47.11649999999906],[-2.504900000000001,47.09619999999906],[-2.444000000000001,47.09619999999906],[-2.444000000000001,47.11649999999906],[-2.3831000000000007,47.11649999999906],[-2.3831000000000007,47.136799999999056],[-2.3628,47.136799999999056],[-2.3628,47.11649999999906],[-2.2004,47.11649999999906],[-2.2004,47.09619999999906],[-2.1395,47.09619999999906],[-2.1395,47.035299999999054],[-2.1801000000000013,47.035299999999054],[-2.1801000000000013,46.99469999999906],[-2.220700000000001,46.99469999999906],[-2.220700000000001,47.014999999999056],[-2.3222000000000005,47.014999999999056],[-2.3222000000000005,46.99469999999906]]],[[[-3.1342,47.38039999999906],[-3.2560000000000002,47.38039999999906],[-3.2560000000000002,47.420999999999054],[-3.1545000000000005,47.420999999999054],[-3.1545000000000005,47.46159999999906],[-3.0733000000000015,47.46159999999906],[-3.0733000000000015,47.400699999999055],[-3.1342,47.400699999999055],[-3.1342,47.38039999999906]]],[[[-5.3875,50.24269999999906],[-5.4687,50.24269999999906],[-5.4687,50.222399999999055],[-5.5296,50.222399999999055],[-5.5296,50.20209999999906],[-5.5905000000000005,50.20209999999906],[-5.5905000000000005,50.18179999999906],[-5.651400000000001,50.18179999999906],[-5.651400000000001,50.16149999999906],[-5.692,50.16149999999906],[-5.692,50.14119999999906],[-5.712300000000001,50.14119999999906],[-5.712300000000001,50.05999999999906],[-5.631100000000001,50.05999999999906],[-5.631100000000001,50.01939999999906],[-5.5905000000000005,50.01939999999906],[-5.5905000000000005,49.99909999999906],[-5.631100000000001,49.99909999999906],[-5.631100000000001,49.958499999999056],[-5.712300000000001,49.958499999999056],[-5.712300000000001,49.93819999999906],[-5.8341,49.93819999999906],[-5.8341,49.958499999999056],[-5.9965,49.958499999999056],[-6.016800000000001,49.91789999999906],[-6.0777,49.91789999999906],[-6.0777,49.87729999999906],[-6.1183000000000005,49.87729999999906],[-6.1183000000000005,49.836699999999055],[-6.179200000000001,49.836699999999055],[-6.179200000000001,49.81639999999906],[-6.240100000000001,49.81639999999906],[-6.240100000000001,49.79609999999906],[-6.3822,49.79609999999906],[-6.402500000000001,49.836699999999055],[-6.5040000000000004,49.836699999999055],[-6.5243,49.87729999999906],[-6.564900000000001,49.87729999999906],[-6.564900000000001,49.99909999999906],[-6.5243,49.99909999999906],[-6.5243,50.03969999999906],[-6.5040000000000004,50.03969999999906],[-6.5040000000000004,50.05999999999906],[-6.321300000000001,50.05999999999906],[-6.321300000000001,50.03969999999906],[-6.301,50.03969999999906],[-6.301,49.99909999999906],[-6.2198,49.99909999999906],[-6.2198,50.01939999999906],[-6.1589,50.01939999999906],[-6.1589,50.05999999999906],[-6.0777,50.05999999999906],[-6.0777,50.14119999999906],[-6.098000000000001,50.14119999999906],[-6.098000000000001,50.16149999999906],[-6.1386,50.16149999999906],[-6.1386,50.24269999999906],[-6.1589,50.24269999999906],[-6.1589,50.30359999999906],[-6.1386,50.30359999999906],[-6.1386,50.344199999999056],[-6.098000000000001,50.344199999999056],[-6.098000000000001,50.364499999999055],[-6.0777,50.364499999999055],[-6.0777,50.38479999999906],[-6.037100000000001,50.38479999999906],[-6.016800000000001,50.42539999999906],[-5.9762,50.42539999999906],[-5.9762,50.465999999999056],[-5.955900000000001,50.465999999999056],[-5.955900000000001,50.48629999999906],[-5.9153,50.48629999999906],[-5.9153,50.506599999999054],[-5.8544,50.506599999999054],[-5.8341,50.54719999999906],[-5.651400000000001,50.54719999999906],[-5.651400000000001,50.56749999999906],[-5.631100000000001,50.56749999999906],[-5.631100000000001,50.54719999999906],[-5.549900000000001,50.54719999999906],[-5.5296,50.587799999999056],[-5.4687,50.587799999999056],[-5.4484,50.54719999999906],[-5.407800000000001,50.54719999999906],[-5.407800000000001,50.44569999999906],[-5.4484,50.44569999999906],[-5.4484,50.38479999999906],[-5.407800000000001,50.38479999999906],[-5.407800000000001,50.26299999999906],[-5.3875,50.26299999999906],[-5.3875,50.24269999999906]],[[-6.3619,49.958499999999056],[-6.3619,49.89759999999906],[-6.2807,49.89759999999906],[-6.2807,49.958499999999056],[-6.3619,49.958499999999056]]],[[[-5.083,50.506599999999054],[-5.103300000000001,50.506599999999054],[-5.103300000000001,50.52689999999906],[-5.2860000000000005,50.52689999999906],[-5.2860000000000005,50.608099999999055],[-5.3063,50.608099999999055],[-5.3063,50.62839999999906],[-5.245400000000001,50.62839999999906],[-5.245400000000001,50.64869999999906],[-5.1642,50.64869999999906],[-5.1642,50.66899999999906],[-5.022100000000001,50.66899999999906],[-5.022100000000001,50.64869999999906],[-4.9612,50.64869999999906],[-4.9612,50.62839999999906],[-4.9206,50.62839999999906],[-4.9206,50.608099999999055],[-4.9612,50.608099999999055],[-4.9815000000000005,50.56749999999906],[-5.022100000000001,50.56749999999906],[-5.022100000000001,50.52689999999906],[-5.083,50.52689999999906],[-5.083,50.506599999999054]]],[[[-3.6823000000000015,54.09969999999906],[-3.4793000000000003,54.09969999999906],[-3.4793000000000003,54.079399999999055],[-3.2357000000000014,54.079399999999055],[-3.2357000000000014,54.059099999999056],[-3.1545000000000005,54.059099999999056],[-3.1545000000000005,54.09969999999906],[-3.0936000000000003,54.09969999999906],[-3.0936000000000003,54.14029999999906],[-2.890600000000001,54.14029999999906],[-2.890600000000001,54.11999999999906],[-2.8703000000000003,54.11999999999906],[-2.8703000000000003,54.079399999999055],[-2.890600000000001,54.079399999999055],[-2.890600000000001,53.99819999999906],[-2.9312000000000005,53.99819999999906],[-2.9312000000000005,53.95759999999906],[-2.951500000000001,53.95759999999906],[-2.951500000000001,53.937299999999055],[-3.0124000000000013,53.937299999999055],[-3.0124000000000013,53.91699999999906],[-3.053000000000001,53.91699999999906],[-3.053000000000001,53.795199999999056],[-3.113900000000001,53.795199999999056],[-3.113900000000001,53.673399999999056],[-3.174800000000001,53.673399999999056],[-3.174800000000001,53.63279999999906],[-3.1951,53.63279999999906],[-3.1951,53.49069999999906],[-3.174800000000001,53.49069999999906],[-3.1951,53.36889999999906],[-3.174800000000001,53.36889999999906],[-3.174800000000001,53.34859999999906],[-3.1342,53.34859999999906],[-3.1342,53.32829999999906],[-3.174800000000001,53.32829999999906],[-3.174800000000001,53.307999999999055],[-3.276300000000001,53.307999999999055],[-3.276300000000001,53.32829999999906],[-3.3169000000000004,53.32829999999906],[-3.3169000000000004,53.34859999999906],[-3.4184,53.34859999999906],[-3.4184,53.32829999999906],[-3.4793000000000003,53.32829999999906],[-3.4793000000000003,53.307999999999055],[-3.499600000000001,53.307999999999055],[-3.499600000000001,53.32829999999906],[-3.560500000000001,53.32829999999906],[-3.560500000000001,53.307999999999055],[-3.7635000000000005,53.307999999999055],[-3.7635000000000005,53.32829999999906],[-3.8244000000000007,53.32829999999906],[-3.8244000000000007,53.34859999999906],[-3.9665,53.34859999999906],[-3.9665,53.307999999999055],[-4.047700000000001,53.307999999999055],[-4.047700000000001,53.32829999999906],[-4.108600000000001,53.32829999999906],[-4.108600000000001,53.34859999999906],[-4.2507,53.34859999999906],[-4.2507,53.38919999999906],[-4.2913000000000014,53.38919999999906],[-4.2913000000000014,53.429799999999055],[-4.474,53.429799999999055],[-4.474,53.409499999999056],[-4.5349,53.409499999999056],[-4.5349,53.38919999999906],[-4.5755,53.38919999999906],[-4.5755,53.34859999999906],[-4.656700000000001,53.32829999999906],[-4.656700000000001,53.24709999999906],[-4.5958000000000006,53.24709999999906],[-4.5958000000000006,53.18619999999906],[-4.5755,53.18619999999906],[-4.5958000000000006,53.064399999999054],[-4.5755,53.064399999999054],[-4.5755,53.00349999999906],[-4.5349,53.00349999999906],[-4.5349,52.98319999999906],[-4.5755,52.98319999999906],[-4.5755,52.94259999999906],[-4.5958000000000006,52.94259999999906],[-4.616100000000001,52.901999999999056],[-4.656700000000001,52.901999999999056],[-4.677000000000001,52.86139999999906],[-4.717600000000001,52.86139999999906],[-4.717600000000001,52.84109999999906],[-4.7379,52.84109999999906],[-4.7379,52.780199999999056],[-4.677000000000001,52.780199999999056],[-4.677000000000001,52.75989999999906],[-4.656700000000001,52.75989999999906],[-4.656700000000001,52.638099999999056],[-4.677000000000001,52.638099999999056],[-4.677000000000001,52.55689999999906],[-4.656700000000001,52.55689999999906],[-4.656700000000001,52.37419999999906],[-4.616100000000001,52.37419999999906],[-4.616100000000001,52.25239999999906],[-4.5755,52.23209999999906],[-4.5755,52.150899999999055],[-4.656700000000001,52.150899999999055],[-4.656700000000001,52.130599999999056],[-4.717600000000001,52.130599999999056],[-4.7379,52.08999999999906],[-4.778500000000001,52.08999999999906],[-4.778500000000001,52.06969999999906],[-4.7988,52.06969999999906],[-4.7988,52.04939999999905],[-4.900300000000001,52.04939999999905],[-4.900300000000001,52.02909999999906],[-5.083,52.02909999999906],[-5.083,51.96819999999906],[-5.1439,51.96819999999906],[-5.1642,51.92759999999906],[-5.265700000000001,51.92759999999906],[-5.265700000000001,51.907299999999054],[-5.326600000000001,51.907299999999054],[-5.326600000000001,51.82609999999906],[-5.2860000000000005,51.82609999999906],[-5.2860000000000005,51.744899999999056],[-5.265700000000001,51.744899999999056],[-5.265700000000001,51.72459999999906],[-5.2251,51.72459999999906],[-5.2251,51.70429999999906],[-5.1642,51.70429999999906],[-5.1642,51.68399999999906],[-5.103300000000001,51.68399999999906],[-5.103300000000001,51.64339999999906],[-5.083,51.64339999999906],[-5.083,51.623099999999056],[-4.9815000000000005,51.623099999999056],[-4.9815000000000005,51.60279999999906],[-4.8597,51.60279999999906],[-4.8597,51.623099999999056],[-4.819100000000001,51.623099999999056],[-4.819100000000001,51.64339999999906],[-4.7988,51.64339999999906],[-4.7988,51.623099999999056],[-4.7379,51.623099999999056],[-4.7379,51.64339999999906],[-4.717600000000001,51.64339999999906],[-4.717600000000001,51.623099999999056],[-4.6364,51.623099999999056],[-4.616100000000001,51.663699999999054],[-4.5349,51.663699999999054],[-4.5349,51.623099999999056],[-4.474,51.623099999999056],[-4.474,51.58249999999906],[-4.2913000000000014,51.58249999999906],[-4.271000000000001,51.54189999999906],[-4.1289,51.54189999999906],[-4.1289,51.58249999999906],[-4.108600000000001,51.58249999999906],[-4.108600000000001,51.56219999999906],[-3.9868000000000006,51.56219999999906],[-3.9868000000000006,51.58249999999906],[-3.9259000000000004,51.58249999999906],[-3.9055999999999997,51.54189999999906],[-3.8041,51.54189999999906],[-3.8041,51.521599999999054],[-3.7432,51.521599999999054],[-3.7432,51.46069999999906],[-3.6214000000000013,51.46069999999906],[-3.6011000000000006,51.42009999999906],[-3.560500000000001,51.42009999999906],[-3.560500000000001,51.379499999999055],[-3.3169000000000004,51.379499999999055],[-3.3169000000000004,51.39979999999906],[-3.1951,51.39979999999906],[-3.1951,51.42009999999906],[-3.1545000000000005,51.42009999999906],[-3.1342,51.501299999999056],[-3.0327,51.501299999999056],[-3.0124000000000013,51.54189999999906],[-2.8297000000000008,51.54189999999906],[-2.8297000000000008,51.56219999999906],[-2.7688000000000006,51.56219999999906],[-2.7688000000000006,51.58249999999906],[-2.667300000000001,51.58249999999906],[-2.667300000000001,51.623099999999056],[-2.6470000000000002,51.623099999999056],[-2.6470000000000002,51.64339999999906],[-2.6064000000000007,51.64339999999906],[-2.6064000000000007,51.68399999999906],[-2.565800000000001,51.68399999999906],[-2.5861,51.60279999999906],[-2.6267000000000014,51.60279999999906],[-2.6470000000000002,51.56219999999906],[-2.6876000000000015,51.56219999999906],[-2.6876000000000015,51.521599999999054],[-2.7079000000000004,51.521599999999054],[-2.7079000000000004,51.501299999999056],[-2.7485,51.501299999999056],[-2.7485,51.48099999999906],[-2.8297000000000008,51.48099999999906],[-2.8297000000000008,51.44039999999906],[-2.890600000000001,51.44039999999906],[-2.890600000000001,51.39979999999906],[-2.951500000000001,51.39979999999906],[-2.951500000000001,51.359199999999056],[-2.9921000000000006,51.359199999999056],[-2.9921000000000006,51.31859999999906],[-3.0124000000000013,51.31859999999906],[-3.0124000000000013,51.237399999999056],[-3.0733000000000015,51.237399999999056],[-3.0733000000000015,51.19679999999906],[-3.2560000000000002,51.19679999999906],[-3.2560000000000002,51.17649999999906],[-3.3981000000000012,51.17649999999906],[-3.3981000000000012,51.19679999999906],[-3.4590000000000014,51.19679999999906],[-3.4590000000000014,51.21709999999906],[-3.7026000000000003,51.21709999999906],[-3.7026000000000003,51.237399999999056],[-3.865,51.237399999999056],[-3.865,51.21709999999906],[-4.0274,51.21709999999906],[-4.0274,51.19679999999906],[-4.230400000000001,51.19679999999906],[-4.230400000000001,51.15619999999906],[-4.271000000000001,51.15619999999906],[-4.271000000000001,51.115599999999056],[-4.2913000000000014,51.115599999999056],[-4.2913000000000014,51.09529999999906],[-4.331900000000001,51.09529999999906],[-4.331900000000001,51.07499999999906],[-4.392800000000001,51.07499999999906],[-4.392800000000001,51.03439999999906],[-4.5146,51.03439999999906],[-4.5146,51.01409999999906],[-4.5349,51.01409999999906],[-4.5349,50.95319999999906],[-4.5755,50.95319999999906],[-4.5755,50.87199999999906],[-4.819100000000001,50.87199999999906],[-4.819100000000001,50.892299999999054],[-4.8597,50.892299999999054],[-4.8597,50.91259999999906],[-4.9206,50.91259999999906],[-4.9206,50.95319999999906],[-4.940900000000001,50.95319999999906],[-4.940900000000001,50.973499999999056],[-4.9815000000000005,50.973499999999056],[-4.9815000000000005,51.01409999999906],[-5.0018,51.01409999999906],[-5.0018,51.03439999999906],[-5.042400000000001,51.03439999999906],[-5.042400000000001,51.07499999999906],[-5.0627,51.07499999999906],[-5.0627,51.15619999999906],[-5.103300000000001,51.15619999999906],[-5.123600000000001,51.19679999999906],[-5.1642,51.19679999999906],[-5.1642,51.237399999999056],[-5.2251,51.237399999999056],[-5.245400000000001,51.277999999999054],[-5.3063,51.277999999999054],[-5.3063,51.29829999999906],[-5.346900000000001,51.29829999999906],[-5.346900000000001,51.31859999999906],[-5.407800000000001,51.31859999999906],[-5.407800000000001,51.359199999999056],[-5.5296,51.359199999999056],[-5.549900000000001,51.39979999999906],[-5.6717,51.39979999999906],[-5.6717,51.42009999999906],[-5.732600000000001,51.42009999999906],[-5.732600000000001,51.44039999999906],[-5.8341,51.44039999999906],[-5.8341,51.48099999999906],[-5.8544,51.48099999999906],[-5.8544,51.501299999999056],[-5.8950000000000005,51.501299999999056],[-5.9153,51.54189999999906],[-5.955900000000001,51.54189999999906],[-5.955900000000001,51.56219999999906],[-6.037100000000001,51.56219999999906],[-6.037100000000001,51.58249999999906],[-6.1386,51.58249999999906],[-6.1386,51.60279999999906],[-6.2198,51.60279999999906],[-6.2198,51.623099999999056],[-6.260400000000001,51.623099999999056],[-6.2807,51.663699999999054],[-6.321300000000001,51.663699999999054],[-6.341600000000001,51.70429999999906],[-6.3822,51.70429999999906],[-6.3822,51.72459999999906],[-6.4431,51.72459999999906],[-6.4431,51.744899999999056],[-6.4634,51.744899999999056],[-6.4634,51.78549999999906],[-6.5040000000000004,51.78549999999906],[-6.5243,51.82609999999906],[-6.564900000000001,51.82609999999906],[-6.564900000000001,51.86669999999906],[-6.5852,51.86669999999906],[-6.5852,51.886999999999055],[-6.625800000000001,51.886999999999055],[-6.646100000000001,51.92759999999906],[-6.6867,51.92759999999906],[-6.6867,51.94789999999906],[-6.7273000000000005,51.96819999999906],[-6.7273000000000005,52.008799999999056],[-6.7679,52.008799999999056],[-6.7679,52.04939999999905],[-6.6867,52.06969999999906],[-6.6867,52.11029999999906],[-6.646100000000001,52.11029999999906],[-6.646100000000001,52.130599999999056],[-6.625800000000001,52.130599999999056],[-6.625800000000001,52.17119999999906],[-6.4431,52.17119999999906],[-6.4431,52.19149999999906],[-6.341600000000001,52.19149999999906],[-6.341600000000001,52.272699999999055],[-6.321300000000001,52.272699999999055],[-6.321300000000001,52.394499999999056],[-6.2807,52.394499999999056],[-6.2807,52.47569999999906],[-6.260400000000001,52.47569999999906],[-6.260400000000001,52.516299999999056],[-6.2198,52.516299999999056],[-6.2198,52.638099999999056],[-6.1995000000000005,52.638099999999056],[-6.1995000000000005,52.69899999999906],[-6.1589,52.69899999999906],[-6.1589,52.71929999999906],[-6.1386,52.71929999999906],[-6.1386,52.82079999999905],[-6.098000000000001,52.82079999999905],[-6.0777,52.86139999999906],[-6.037100000000001,52.86139999999906],[-6.037100000000001,52.922299999999055],[-6.016800000000001,52.922299999999055],[-6.016800000000001,53.023799999999056],[-6.037100000000001,53.023799999999056],[-6.037100000000001,53.34859999999906],[-6.0777,53.34859999999906],[-6.0777,53.409499999999056],[-5.9762,53.409499999999056],[-5.9762,53.53129999999906],[-6.016800000000001,53.53129999999906],[-6.016800000000001,53.551599999999056],[-6.037100000000001,53.551599999999056],[-6.037100000000001,53.59219999999905],[-6.016800000000001,53.59219999999905],[-6.016800000000001,53.57189999999906],[-5.874700000000001,53.57189999999906],[-5.874700000000001,53.551599999999056],[-5.8138000000000005,53.551599999999056],[-5.8138000000000005,53.53129999999906],[-5.6717,53.53129999999906],[-5.651400000000001,53.57189999999906],[-5.5905000000000005,53.57189999999906],[-5.5905000000000005,53.59219999999905],[-5.549900000000001,53.59219999999905],[-5.549900000000001,53.61249999999906],[-5.489000000000001,53.61249999999906],[-5.4687,53.65309999999906],[-5.428100000000001,53.65309999999906],[-5.407800000000001,53.693699999999055],[-5.346900000000001,53.693699999999055],[-5.346900000000001,53.71399999999906],[-5.3063,53.71399999999906],[-5.3063,53.73429999999906],[-5.245400000000001,53.73429999999906],[-5.245400000000001,53.77489999999906],[-5.1642,53.815499999999055],[-5.1642,53.85609999999906],[-5.0627,53.85609999999906],[-5.0627,53.87639999999906],[-5.042400000000001,53.87639999999906],[-5.042400000000001,53.95759999999906],[-5.0018,53.95759999999906],[-5.0018,54.01849999999906],[-4.9815000000000005,54.01849999999906],[-4.9815000000000005,54.03879999999906],[-4.940900000000001,54.03879999999906],[-4.940900000000001,54.079399999999055],[-4.9206,54.079399999999055],[-4.9206,54.09969999999906],[-4.839400000000001,54.09969999999906],[-4.839400000000001,54.059099999999056],[-4.7379,54.059099999999056],[-4.7379,54.079399999999055],[-4.5958000000000006,54.079399999999055],[-4.5958000000000006,54.09969999999906],[-4.5349,54.09969999999906],[-4.5349,54.11999999999906],[-4.494300000000001,54.11999999999906],[-4.474,54.16059999999906],[-4.4131,54.16059999999906],[-4.4131,54.201199999999055],[-4.3522,54.201199999999055],[-4.3522,54.221499999999054],[-4.108600000000001,54.221499999999054],[-4.108600000000001,54.201199999999055],[-3.9665,54.201199999999055],[-3.9665,54.180899999999056],[-3.9055999999999997,54.180899999999056],[-3.9055999999999997,54.16059999999906],[-3.865,54.16059999999906],[-3.865,54.14029999999906],[-3.722900000000001,54.14029999999906],[-3.722900000000001,54.11999999999906],[-3.6823000000000015,54.11999999999906],[-3.6823000000000015,54.09969999999906]]],[[[-4.392800000000001,52.75989999999906],[-4.453700000000001,52.75989999999906],[-4.453700000000001,52.73959999999906],[-4.555200000000001,52.73959999999906],[-4.555200000000001,52.780199999999056],[-4.5349,52.780199999999056],[-4.5349,52.80049999999906],[-4.4131,52.80049999999906],[-4.392800000000001,52.75989999999906]]],[[[-5.651400000000001,54.40419999999906],[-5.570200000000001,54.40419999999906],[-5.570200000000001,54.38389999999906],[-5.5296,54.38389999999906],[-5.5093000000000005,54.30269999999906],[-5.549900000000001,54.322999999999055],[-5.549900000000001,54.36359999999905],[-5.5905000000000005,54.36359999999905],[-5.5905000000000005,54.38389999999906],[-5.651400000000001,54.38389999999906],[-5.651400000000001,54.40419999999906]]],[[[-6.4228000000000005,55.865799999999055],[-6.4228000000000005,55.845499999999056],[-6.483700000000001,55.845499999999056],[-6.483700000000001,55.723699999999056],[-6.5040000000000004,55.723699999999056],[-6.5040000000000004,55.66279999999906],[-6.4431,55.66279999999906],[-6.4228000000000005,55.622199999999054],[-6.321300000000001,55.622199999999054],[-6.321300000000001,55.58159999999906],[-6.1386,55.58159999999906],[-6.1386,55.52069999999906],[-6.1183000000000005,55.52069999999906],[-6.1183000000000005,55.50039999999906],[-5.7732,55.50039999999906],[-5.7732,55.480099999999055],[-5.7529,55.480099999999055],[-5.7529,55.39889999999906],[-5.7732,55.39889999999906],[-5.7732,55.378599999999054],[-5.8138000000000005,55.378599999999054],[-5.8138000000000005,55.29739999999906],[-5.6717,55.29739999999906],[-5.6717,55.31769999999906],[-5.651400000000001,55.31769999999906],[-5.651400000000001,55.29739999999906],[-5.549900000000001,55.29739999999906],[-5.549900000000001,55.337999999999056],[-5.5093000000000005,55.337999999999056],[-5.5093000000000005,55.29739999999906],[-5.4484,55.29739999999906],[-5.4484,55.27709999999906],[-5.407800000000001,55.27709999999906],[-5.407800000000001,55.17559999999906],[-5.3875,55.17559999999906],[-5.3875,55.15529999999906],[-5.346900000000001,55.15529999999906],[-5.326600000000001,55.074099999999056],[-5.2251,55.074099999999056],[-5.2048000000000005,55.03349999999906],[-5.1439,55.03349999999906],[-5.1439,55.01319999999906],[-5.1642,55.01319999999906],[-5.1642,54.87109999999906],[-5.1439,54.87109999999906],[-5.1439,54.850799999999055],[-5.103300000000001,54.850799999999055],[-5.083,54.81019999999906],[-5.042400000000001,54.81019999999906],[-5.042400000000001,54.78989999999906],[-5.022100000000001,54.78989999999906],[-5.022100000000001,54.74929999999905],[-4.9815000000000005,54.74929999999905],[-4.9815000000000005,54.66809999999906],[-4.880000000000001,54.66809999999906],[-4.880000000000001,54.708699999999055],[-4.819100000000001,54.708699999999055],[-4.819100000000001,54.72899999999906],[-4.5349,54.72899999999906],[-4.5349,54.708699999999055],[-4.474,54.708699999999055],[-4.474,54.688399999999056],[-4.3725000000000005,54.688399999999056],[-4.3725000000000005,54.708699999999055],[-4.3116,54.708699999999055],[-4.3116,54.74929999999905],[-4.2913000000000014,54.74929999999905],[-4.2913000000000014,54.72899999999906],[-4.169500000000001,54.72899999999906],[-4.169500000000001,54.74929999999905],[-3.9868000000000006,54.74929999999905],[-3.9868000000000006,54.76959999999906],[-3.9259000000000004,54.76959999999906],[-3.9259000000000004,54.78989999999906],[-3.885300000000001,54.78989999999906],[-3.885300000000001,54.81019999999906],[-3.865,54.81019999999906],[-3.865,54.830499999999056],[-3.8244000000000007,54.830499999999056],[-3.8041,54.87109999999906],[-3.6214000000000013,54.87109999999906],[-3.6214000000000013,54.89139999999906],[-3.5808,54.89139999999906],[-3.5808,54.952299999999056],[-3.4590000000000014,54.952299999999056],[-3.4387000000000008,54.992899999999054],[-3.4184,54.992899999999054],[-3.4184,54.972599999999055],[-3.174800000000001,54.972599999999055],[-3.174800000000001,54.93199999999906],[-3.2966000000000015,54.93199999999906],[-3.2966000000000015,54.89139999999906],[-3.3778000000000006,54.89139999999906],[-3.3778000000000006,54.87109999999906],[-3.4184,54.87109999999906],[-3.4387000000000008,54.74929999999905],[-3.4793000000000003,54.74929999999905],[-3.4793000000000003,54.72899999999906],[-3.499600000000001,54.72899999999906],[-3.499600000000001,54.688399999999056],[-3.5402000000000005,54.688399999999056],[-3.5402000000000005,54.66809999999906],[-3.560500000000001,54.66809999999906],[-3.560500000000001,54.607199999999054],[-3.6011000000000006,54.607199999999054],[-3.6214000000000013,54.52599999999906],[-3.662000000000001,54.52599999999906],[-3.662000000000001,54.48539999999906],[-3.6823000000000015,54.48539999999906],[-3.6823000000000015,54.566599999999056],[-3.8447000000000013,54.566599999999056],[-3.8447000000000013,54.50569999999906],[-3.8041,54.50569999999906],[-3.8041,54.48539999999906],[-3.783800000000001,54.48539999999906],[-3.8041,54.40419999999906],[-3.9259000000000004,54.40419999999906],[-3.9259000000000004,54.38389999999906],[-3.9868000000000006,54.38389999999906],[-3.9868000000000006,54.36359999999905],[-4.108600000000001,54.36359999999905],[-4.108600000000001,54.34329999999906],[-4.169500000000001,54.34329999999906],[-4.169500000000001,54.36359999999905],[-4.3725000000000005,54.36359999999905],[-4.3725000000000005,54.40419999999906],[-4.474,54.40419999999906],[-4.474,54.38389999999906],[-4.5146,54.38389999999906],[-4.5146,54.36359999999905],[-4.5755,54.36359999999905],[-4.5958000000000006,54.322999999999055],[-4.819100000000001,54.322999999999055],[-4.819100000000001,54.34329999999906],[-4.8597,54.34329999999906],[-4.8597,54.36359999999905],[-4.880000000000001,54.36359999999905],[-4.880000000000001,54.40419999999906],[-4.9206,54.40419999999906],[-4.9206,54.444799999999056],[-4.940900000000001,54.444799999999056],[-4.940900000000001,54.465099999999055],[-4.9815000000000005,54.465099999999055],[-4.9815000000000005,54.48539999999906],[-5.042400000000001,54.48539999999906],[-5.042400000000001,54.465099999999055],[-5.083,54.465099999999055],[-5.103300000000001,54.42449999999906],[-5.1439,54.42449999999906],[-5.1439,54.40419999999906],[-5.2048000000000005,54.40419999999906],[-5.2048000000000005,54.38389999999906],[-5.245400000000001,54.38389999999906],[-5.245400000000001,54.40419999999906],[-5.346900000000001,54.40419999999906],[-5.346900000000001,54.38389999999906],[-5.3672,54.38389999999906],[-5.3672,54.40419999999906],[-5.407800000000001,54.40419999999906],[-5.428100000000001,54.48539999999906],[-5.4687,54.48539999999906],[-5.4687,54.607199999999054],[-5.489000000000001,54.607199999999054],[-5.489000000000001,54.64779999999906],[-5.549900000000001,54.64779999999906],[-5.549900000000001,54.708699999999055],[-5.5905000000000005,54.708699999999055],[-5.5905000000000005,54.72899999999906],[-5.651400000000001,54.72899999999906],[-5.6717,54.81019999999906],[-5.712300000000001,54.81019999999906],[-5.712300000000001,54.850799999999055],[-5.7732,54.850799999999055],[-5.7732,54.81019999999906],[-5.793500000000001,54.81019999999906],[-5.793500000000001,54.87109999999906],[-5.8341,54.87109999999906],[-5.8341,54.89139999999906],[-5.8950000000000005,54.89139999999906],[-5.9153,55.01319999999906],[-5.9762,55.01319999999906],[-5.9762,55.074099999999056],[-6.037100000000001,55.074099999999056],[-6.037100000000001,55.19589999999906],[-6.0777,55.19589999999906],[-6.0777,55.216199999999056],[-6.564900000000001,55.236499999999054],[-6.564900000000001,55.216199999999056],[-6.6664,55.216199999999056],[-6.6664,55.19589999999906],[-6.7273000000000005,55.19589999999906],[-6.7273000000000005,55.216199999999056],[-6.7679,55.216199999999056],[-6.7679,55.236499999999054],[-6.9506000000000006,55.236499999999054],[-6.9506000000000006,55.25679999999906],[-7.0724,55.25679999999906],[-7.0724,55.27709999999906],[-7.1333,55.27709999999906],[-7.1333,55.29739999999906],[-7.153600000000001,55.29739999999906],[-7.153600000000001,55.337999999999056],[-7.1942,55.337999999999056],[-7.1942,55.358299999999055],[-7.316000000000001,55.358299999999055],[-7.316000000000001,55.378599999999054],[-7.3769,55.378599999999054],[-7.3769,55.358299999999055],[-7.4581,55.358299999999055],[-7.4581,55.39889999999906],[-7.4987,55.39889999999906],[-7.4987,55.50039999999906],[-7.4581,55.50039999999906],[-7.4581,55.56129999999906],[-7.4378,55.56129999999906],[-7.4378,55.601899999999056],[-7.397200000000001,55.601899999999056],[-7.397200000000001,55.64249999999906],[-7.3769,55.64249999999906],[-7.3769,55.70339999999906],[-7.3363000000000005,55.70339999999906],[-7.3363000000000005,55.764299999999054],[-7.397200000000001,55.764299999999054],[-7.397200000000001,55.80489999999906],[-7.3769,55.80489999999906],[-7.3769,55.82519999999906],[-7.3363000000000005,55.82519999999906],[-7.316000000000001,55.865799999999055],[-7.2551000000000005,55.865799999999055],[-7.2551000000000005,55.88609999999906],[-7.1942,55.88609999999906],[-7.1942,55.90639999999906],[-7.092700000000001,55.90639999999906],[-7.0724,55.94699999999906],[-6.849100000000001,55.94699999999906],[-6.849100000000001,55.96729999999906],[-6.7679,55.96729999999906],[-6.7679,55.987599999999055],[-6.6664,55.987599999999055],[-6.6664,55.96729999999906],[-6.625800000000001,55.96729999999906],[-6.625800000000001,55.94699999999906],[-6.544600000000001,55.94699999999906],[-6.544600000000001,55.92669999999906],[-6.5040000000000004,55.92669999999906],[-6.5040000000000004,55.90639999999906],[-6.4431,55.90639999999906],[-6.4431,55.865799999999055],[-6.4228000000000005,55.865799999999055]]],[[[-3.499600000000001,56.007899999999054],[-3.5808,56.007899999999054],[-3.5808,56.02819999999906],[-3.2560000000000002,56.02819999999906],[-3.2560000000000002,56.04849999999906],[-3.1342,56.04849999999906],[-3.1342,56.02819999999906],[-3.174800000000001,56.02819999999906],[-3.174800000000001,56.007899999999054],[-3.2560000000000002,56.007899999999054],[-3.2560000000000002,55.96729999999906],[-3.276300000000001,55.96729999999906],[-3.276300000000001,56.007899999999054],[-3.3575,56.007899999999054],[-3.3575,55.987599999999055],[-3.499600000000001,55.987599999999055],[-3.499600000000001,56.007899999999054]]],[[[-5.651400000000001,56.04849999999906],[-5.651400000000001,56.007899999999054],[-5.692,56.007899999999054],[-5.692,55.88609999999906],[-5.712300000000001,55.88609999999906],[-5.712300000000001,55.865799999999055],[-5.7529,55.865799999999055],[-5.7529,55.845499999999056],[-5.8544,55.845499999999056],[-5.8544,55.94699999999906],[-5.8341,55.94699999999906],[-5.8341,55.987599999999055],[-5.793500000000001,55.987599999999055],[-5.793500000000001,56.02819999999906],[-5.712300000000001,56.06879999999906],[-5.712300000000001,56.129699999999055],[-5.793500000000001,56.129699999999055],[-5.793500000000001,56.17029999999906],[-5.712300000000001,56.17029999999906],[-5.712300000000001,56.231199999999056],[-5.651400000000001,56.231199999999056],[-5.651400000000001,56.17029999999906],[-5.5905000000000005,56.17029999999906],[-5.5905000000000005,56.129699999999055],[-5.570200000000001,56.129699999999055],[-5.570200000000001,56.08909999999906],[-5.5905000000000005,56.08909999999906],[-5.5905000000000005,56.06879999999906],[-5.631100000000001,56.06879999999906],[-5.631100000000001,56.04849999999906],[-5.651400000000001,56.04849999999906]]],[[[-2.6064000000000007,56.27179999999906],[-2.504900000000001,56.27179999999906],[-2.504900000000001,56.231199999999056],[-2.5455000000000005,56.231199999999056],[-2.5455000000000005,56.251499999999055],[-2.6064000000000007,56.251499999999055],[-2.6064000000000007,56.27179999999906]]],[[[-3.0327,56.43419999999906],[-2.9718,56.43419999999906],[-2.951500000000001,56.47479999999906],[-2.7485,56.47479999999906],[-2.7485,56.45449999999906],[-2.6876000000000015,56.45449999999906],[-2.7079000000000004,56.41389999999906],[-2.7891000000000012,56.41389999999906],[-2.7891000000000012,56.43419999999906],[-2.951500000000001,56.43419999999906],[-2.951500000000001,56.41389999999906],[-3.0327,56.41389999999906],[-3.0327,56.43419999999906]]],[[[-4.047700000000001,57.652199999999056],[-3.9868000000000006,57.652199999999056],[-3.9868000000000006,57.63189999999906],[-3.9665,57.63189999999906],[-3.9665,57.59129999999906],[-4.047700000000001,57.59129999999906],[-4.047700000000001,57.550699999999054],[-4.1289,57.550699999999054],[-4.1289,57.59129999999906],[-4.108600000000001,57.59129999999906],[-4.108600000000001,57.61159999999906],[-4.068000000000001,57.61159999999906],[-4.047700000000001,57.652199999999056]]],[[[-5.4687,58.301799999999055],[-5.3875,58.301799999999055],[-5.3875,58.24089999999906],[-5.4687,58.24089999999906],[-5.4687,58.301799999999055]]],[[[-6.260400000000001,58.52509999999906],[-6.3822,58.50479999999906],[-6.3822,58.52509999999906],[-6.402500000000001,58.52509999999906],[-6.402500000000001,58.60629999999906],[-6.341600000000001,58.60629999999906],[-6.341600000000001,58.62659999999906],[-6.240100000000001,58.62659999999906],[-6.240100000000001,58.60629999999906],[-6.1995000000000005,58.60629999999906],[-6.1995000000000005,58.565699999999055],[-6.179200000000001,58.565699999999055],[-6.179200000000001,58.545399999999056],[-6.1386,58.545399999999056],[-6.1386,58.46419999999905],[-6.1995000000000005,58.46419999999905],[-6.1995000000000005,58.50479999999906],[-6.260400000000001,58.50479999999906],[-6.260400000000001,58.52509999999906]]],[[[-4.108600000000001,58.951399999999055],[-4.108600000000001,58.89049999999906],[-4.0883,58.89049999999906],[-4.0883,58.87019999999906],[-4.0274,58.87019999999906],[-4.0274,58.78899999999906],[-3.9868000000000006,58.78899999999906],[-3.9665,58.707799999999054],[-3.8244000000000007,58.707799999999054],[-3.8244000000000007,58.78899999999906],[-3.7432,58.78899999999906],[-3.7432,58.829599999999054],[-3.6417,58.829599999999054],[-3.6214000000000013,58.87019999999906],[-3.5199,58.87019999999906],[-3.5199,58.89049999999906],[-3.4387000000000008,58.89049999999906],[-3.4387000000000008,58.87019999999906],[-3.3778000000000006,58.87019999999906],[-3.3778000000000006,58.829599999999054],[-3.3169000000000004,58.829599999999054],[-3.3169000000000004,58.78899999999906],[-3.0936000000000003,58.78899999999906],[-3.0936000000000003,58.809299999999055],[-3.0733000000000015,58.809299999999055],[-3.0733000000000015,58.78899999999906],[-2.9921000000000006,58.78899999999906],[-2.9921000000000006,58.74839999999906],[-2.9109,58.74839999999906],[-2.9109,58.76869999999906],[-2.8094,58.76869999999906],[-2.8094,58.74839999999906],[-2.7485,58.74839999999906],[-2.7485,58.707799999999054],[-2.7079000000000004,58.707799999999054],[-2.6876000000000015,58.667199999999056],[-2.6470000000000002,58.667199999999056],[-2.6267000000000014,58.62659999999906],[-2.565800000000001,58.62659999999906],[-2.565800000000001,58.565699999999055],[-2.5861,58.565699999999055],[-2.5861,58.48449999999906],[-2.565800000000001,58.48449999999906],[-2.565800000000001,58.443899999999054],[-2.6267000000000014,58.443899999999054],[-2.6267000000000014,58.38299999999906],[-2.5861,58.38299999999906],[-2.565800000000001,58.34239999999906],[-2.6876000000000015,58.34239999999906],[-2.6876000000000015,58.322099999999054],[-2.7688000000000006,58.322099999999054],[-2.7688000000000006,58.301799999999055],[-2.9312000000000005,58.301799999999055],[-2.9312000000000005,58.281499999999056],[-3.1545000000000005,58.281499999999056],[-3.1545000000000005,58.301799999999055],[-3.1951,58.301799999999055],[-3.1951,58.322099999999054],[-3.1342,58.322099999999054],[-3.1342,58.34239999999906],[-3.0936000000000003,58.34239999999906],[-3.0936000000000003,58.423599999999055],[-3.0733000000000015,58.423599999999055],[-3.0733000000000015,58.443899999999054],[-3.0327,58.443899999999054],[-3.0327,58.52509999999906],[-3.0936000000000003,58.52509999999906],[-3.0936000000000003,58.545399999999056],[-3.0733000000000015,58.545399999999056],[-3.0733000000000015,58.58599999999906],[-3.0327,58.58599999999906],[-3.0327,58.64689999999906],[-3.337200000000001,58.64689999999906],[-3.337200000000001,58.667199999999056],[-3.499600000000001,58.64689999999906],[-3.499600000000001,58.62659999999906],[-3.662000000000001,58.62659999999906],[-3.662000000000001,58.60629999999906],[-3.7635000000000005,58.60629999999906],[-3.7635000000000005,58.62659999999906],[-3.8041,58.62659999999906],[-3.8041,58.64689999999906],[-3.865,58.64689999999906],[-3.865,58.687499999999055],[-3.9259000000000004,58.687499999999055],[-3.9259000000000004,58.667199999999056],[-3.9665,58.667199999999056],[-3.9665,58.60629999999906],[-4.1289,58.60629999999906],[-4.1289,58.62659999999906],[-4.230400000000001,58.62659999999906],[-4.230400000000001,58.64689999999906],[-4.4131,58.64689999999906],[-4.4131,58.60629999999906],[-4.453700000000001,58.60629999999906],[-4.453700000000001,58.58599999999906],[-4.5146,58.58599999999906],[-4.5146,58.565699999999055],[-4.555200000000001,58.565699999999055],[-4.555200000000001,58.58599999999906],[-4.616100000000001,58.58599999999906],[-4.616100000000001,58.60629999999906],[-5.022100000000001,58.60629999999906],[-5.022100000000001,58.58599999999906],[-5.083,58.58599999999906],[-5.083,58.52509999999906],[-5.1439,58.52509999999906],[-5.1642,58.48449999999906],[-5.245400000000001,58.48449999999906],[-5.245400000000001,58.50479999999906],[-5.3063,58.50479999999906],[-5.3063,58.52509999999906],[-5.407800000000001,58.52509999999906],[-5.407800000000001,58.545399999999056],[-5.3672,58.545399999999056],[-5.3672,58.565699999999055],[-5.346900000000001,58.565699999999055],[-5.346900000000001,58.58599999999906],[-5.3063,58.58599999999906],[-5.3063,58.64689999999906],[-5.346900000000001,58.64689999999906],[-5.346900000000001,58.76869999999906],[-5.3063,58.76869999999906],[-5.3063,58.78899999999906],[-5.245400000000001,58.78899999999906],[-5.245400000000001,58.829599999999054],[-5.0627,58.829599999999054],[-5.0627,58.87019999999906],[-5.042400000000001,58.87019999999906],[-5.042400000000001,58.931099999999056],[-5.0627,58.931099999999056],[-5.0627,59.03259999999906],[-5.042400000000001,59.03259999999906],[-5.042400000000001,59.073199999999055],[-4.940900000000001,59.073199999999055],[-4.940900000000001,59.11379999999906],[-4.900300000000001,59.11379999999906],[-4.900300000000001,59.073199999999055],[-4.8597,59.073199999999055],[-4.8597,59.01229999999906],[-4.839400000000001,59.01229999999906],[-4.839400000000001,58.91079999999906],[-4.778500000000001,58.91079999999906],[-4.778500000000001,58.89049999999906],[-4.717600000000001,58.89049999999906],[-4.717600000000001,58.87019999999906],[-4.6364,58.87019999999906],[-4.616100000000001,58.91079999999906],[-4.5958000000000006,58.91079999999906],[-4.5958000000000006,58.951399999999055],[-4.5755,58.951399999999055],[-4.5755,58.931099999999056],[-4.5349,58.931099999999056],[-4.5349,58.91079999999906],[-4.2913000000000014,58.91079999999906],[-4.2913000000000014,58.99199999999906],[-4.3116,58.99199999999906],[-4.3116,59.01229999999906],[-4.433400000000001,59.01229999999906],[-4.433400000000001,59.052899999999056],[-4.474,59.052899999999056],[-4.474,59.093499999999054],[-4.433400000000001,59.093499999999054],[-4.433400000000001,59.13409999999906],[-4.4131,59.13409999999906],[-4.4131,59.15439999999906],[-4.3522,59.15439999999906],[-4.3522,59.174699999999056],[-4.331900000000001,59.174699999999056],[-4.331900000000001,59.073199999999055],[-4.271000000000001,59.073199999999055],[-4.271000000000001,59.052899999999056],[-4.230400000000001,59.052899999999056],[-4.230400000000001,59.03259999999906],[-4.210100000000001,59.03259999999906],[-4.210100000000001,58.99199999999906],[-4.169500000000001,58.99199999999906],[-4.1492,58.951399999999055],[-4.108600000000001,58.951399999999055]],[[-4.230400000000001,58.707799999999054],[-4.007100000000001,58.707799999999054],[-4.007100000000001,58.76869999999906],[-4.047700000000001,58.76869999999906],[-4.047700000000001,58.84989999999906],[-4.169500000000001,58.84989999999906],[-4.169500000000001,58.809299999999055],[-4.230400000000001,58.809299999999055],[-4.230400000000001,58.707799999999054]]],[[[-2.8703000000000003,58.89049999999906],[-2.8297000000000008,58.89049999999906],[-2.8297000000000008,58.87019999999906],[-2.8703000000000003,58.87019999999906],[-2.8703000000000003,58.84989999999906],[-2.951500000000001,58.84989999999906],[-2.951500000000001,58.89049999999906],[-2.890600000000001,58.89049999999906],[-2.890600000000001,58.91079999999906],[-2.8703000000000003,58.91079999999906],[-2.8703000000000003,58.89049999999906]]],[[[-3.276300000000001,58.97169999999906],[-3.2357000000000014,58.97169999999906],[-3.2357000000000014,58.931099999999056],[-3.3778000000000006,58.931099999999056],[-3.3778000000000006,58.951399999999055],[-3.276300000000001,58.951399999999055],[-3.276300000000001,58.97169999999906]]],[[[-2.7079000000000004,59.194999999999055],[-2.5861,59.194999999999055],[-2.5861,59.15439999999906],[-2.6470000000000002,59.15439999999906],[-2.6470000000000002,59.174699999999056],[-2.7079000000000004,59.174699999999056],[-2.7079000000000004,59.194999999999055]]],[[[-0.7749999999999986,45.48050000000076],[-0.7749999999999986,45.359000000000755],[-0.7345000000000006,45.359000000000755],[-0.7345000000000006,45.27800000000076],[-0.6939999999999991,45.27800000000076],[-0.6939999999999991,45.23750000000076],[-0.7749999999999986,45.23750000000076],[-0.8155000000000001,45.39950000000076],[-0.8964999999999996,45.39950000000076],[-0.9370000000000012,45.48050000000076],[-1.0180000000000007,45.48050000000076],[-1.0180000000000007,45.52100000000076],[-1.2204999999999977,45.52100000000076],[-1.2609999999999992,45.60200000000076],[-1.3419999999999987,45.60200000000076],[-1.3015000000000008,45.68300000000076],[-1.2204999999999977,45.68300000000076],[-1.2204999999999977,45.64250000000076],[-1.0180000000000007,45.64250000000076],[-1.0180000000000007,45.561500000000756],[-0.8964999999999996,45.561500000000756],[-0.8559999999999981,45.48050000000076],[-0.7749999999999986,45.48050000000076]]],[[[-1.2463000000000015,46.04059999999906],[-1.4087000000000014,46.04059999999906],[-1.4087000000000014,45.99999999999906],[-1.5305,45.99999999999906],[-1.5305,46.04059999999906],[-1.5508000000000006,46.04059999999906],[-1.5508000000000006,46.06089999999906],[-1.5914000000000001,46.06089999999906],[-1.5914000000000001,46.121799999999055],[-1.5305,46.121799999999055],[-1.5305,46.14209999999906],[-1.3478000000000012,46.14209999999906],[-1.3478000000000012,46.121799999999055],[-1.2666000000000004,46.121799999999055],[-1.2666000000000004,46.10149999999906],[-1.2260000000000009,46.10149999999906],[-1.2260000000000009,46.08119999999906],[-1.1651000000000007,46.08119999999906],[-1.1651000000000007,46.04059999999906],[-1.2057000000000002,46.04059999999906],[-1.2057000000000002,45.99999999999906],[-1.2463000000000015,45.99999999999906],[-1.2463000000000015,46.04059999999906]]],[[[-1.4290000000000003,46.263899999999055],[-1.5711000000000013,46.263899999999055],[-1.5711000000000013,46.24359999999906],[-1.6117000000000008,46.24359999999906],[-1.6117000000000008,46.263899999999055],[-1.672600000000001,46.263899999999055],[-1.672600000000001,46.28419999999906],[-1.7132000000000005,46.28419999999906],[-1.7132000000000005,46.34509999999906],[-1.672600000000001,46.34509999999906],[-1.672600000000001,46.365399999999056],[-1.5914000000000001,46.365399999999056],[-1.5914000000000001,46.32479999999906],[-1.449300000000001,46.32479999999906],[-1.449300000000001,46.30449999999906],[-1.4087000000000014,46.30449999999906],[-1.4087000000000014,46.28419999999906],[-1.3884000000000007,46.28419999999906],[-1.3884000000000007,46.263899999999055],[-1.3275000000000006,46.263899999999055],[-1.3275000000000006,46.24359999999906],[-1.4290000000000003,46.24359999999906],[-1.4290000000000003,46.263899999999055]]],[[[0.0934999999999988,54.74929999999905],[0.15439999999999898,54.74929999999905],[0.15439999999999898,54.72899999999906],[0.1949999999999985,54.72899999999906],[0.1949999999999985,54.708699999999055],[0.31679999999999886,54.708699999999055],[0.31679999999999886,54.688399999999056],[0.37769999999999904,54.688399999999056],[0.37769999999999904,54.66809999999906],[0.6212999999999997,54.66809999999906],[0.6212999999999997,54.64779999999906],[0.7836999999999996,54.64779999999906],[0.7836999999999996,54.66809999999906],[0.8648999999999987,54.66809999999906],[0.8648999999999987,54.688399999999056],[0.9257999999999988,54.688399999999056],[0.9257999999999988,54.708699999999055],[1.0272999999999985,54.708699999999055],[1.0272999999999985,54.72899999999906],[1.149099999999999,54.74929999999905],[1.1693999999999996,54.78989999999906],[1.3520999999999983,54.78989999999906],[1.3520999999999983,54.66809999999906],[1.372399999999999,54.66809999999906],[1.372399999999999,54.64779999999906],[1.4941999999999993,54.64779999999906],[1.4941999999999993,54.586899999999055],[1.5550999999999995,54.586899999999055],[1.5550999999999995,54.50569999999906],[1.595699999999999,54.50569999999906],[1.6159999999999997,54.465099999999055],[1.6768999999999998,54.465099999999055],[1.6768999999999998,54.444799999999056],[1.7377999999999982,54.444799999999056],[1.7377999999999982,54.42449999999906],[1.7986999999999984,54.42449999999906],[1.818999999999999,54.38389999999906],[1.9407999999999994,54.38389999999906],[1.9407999999999994,54.36359999999905],[1.981399999999999,54.36359999999905],[1.981399999999999,54.322999999999055],[2.0625999999999998,54.322999999999055],[2.0625999999999998,54.26209999999906],[2.143799999999999,54.26209999999906],[2.143799999999999,54.30269999999906],[2.2452999999999985,54.30269999999906],[2.2452999999999985,54.26209999999906],[2.3061999999999987,54.26209999999906],[2.3061999999999987,54.16059999999906],[2.2452999999999985,54.16059999999906],[2.2452999999999985,54.14029999999906],[2.1640999999999995,54.14029999999906],[2.1640999999999995,54.059099999999056],[2.2452999999999985,54.059099999999056],[2.2452999999999985,54.03879999999906],[2.2859,54.03879999999906],[2.3061999999999987,53.99819999999906],[2.346799999999998,53.99819999999906],[2.346799999999998,53.97789999999905],[2.6309999999999985,53.97789999999905],[2.6309999999999985,53.99819999999906],[2.651299999999999,53.99819999999906],[2.651299999999999,53.97789999999905],[2.6715999999999998,53.97789999999905],[2.6715999999999998,53.937299999999055],[2.7121999999999993,53.937299999999055],[2.7121999999999993,53.89669999999906],[2.7730999999999995,53.89669999999906],[2.7730999999999995,53.795199999999056],[2.8339999999999996,53.795199999999056],[2.8339999999999996,53.77489999999906],[2.7933999999999983,53.77489999999906],[2.7933999999999983,53.75459999999906],[2.7121999999999993,53.75459999999906],[2.7121999999999993,53.71399999999906],[2.6715999999999998,53.71399999999906],[2.6715999999999998,53.65309999999906],[2.732499999999998,53.65309999999906],[2.732499999999998,53.61249999999906],[2.7933999999999983,53.61249999999906],[2.7933999999999983,53.57189999999906],[2.8339999999999996,53.57189999999906],[2.8542999999999985,53.409499999999056],[2.894899999999998,53.409499999999056],[2.9151999999999987,53.36889999999906],[3.036999999999999,53.36889999999906],[3.036999999999999,53.32829999999906],[3.118199999999998,53.32829999999906],[3.118199999999998,53.34859999999906],[3.1587999999999994,53.34859999999906],[3.1587999999999994,53.307999999999055],[3.199399999999997,53.307999999999055],[3.199399999999997,53.26739999999906],[3.2196999999999996,53.26739999999906],[3.2196999999999996,53.24709999999906],[3.3008999999999986,53.24709999999906],[3.3008999999999986,53.287699999999056],[3.3211999999999975,53.287699999999056],[3.3211999999999975,53.20649999999905],[3.422699999999999,53.20649999999905],[3.422699999999999,53.22679999999906],[3.442999999999998,53.22679999999906],[3.442999999999998,53.165899999999056],[3.5242000000000004,53.165899999999056],[3.5242000000000004,53.12529999999906],[3.5851000000000006,53.12529999999906],[3.5851000000000006,53.10499999999906],[3.6662999999999997,53.10499999999906],[3.6662999999999997,53.12529999999906],[3.7677999999999976,53.12529999999906],[3.7677999999999976,53.10499999999906],[3.8286999999999978,53.10499999999906],[3.8286999999999978,53.12529999999906],[3.849,53.12529999999906],[3.849,53.064399999999054],[3.9301999999999992,53.064399999999054],[3.950499999999998,53.10499999999906],[4.011399999999998,53.10499999999906],[4.011399999999998,53.08469999999906],[4.1129,53.08469999999906],[4.133199999999999,53.12529999999906],[4.2347,53.12529999999906],[4.254999999999999,53.165899999999056],[4.2956,53.165899999999056],[4.315899999999999,53.20649999999905],[4.3565000000000005,53.20649999999905],[4.3565000000000005,53.24709999999906],[4.417399999999997,53.24709999999906],[4.4376999999999995,53.287699999999056],[4.4986,53.287699999999056],[4.4986,53.32829999999906],[4.5595,53.32829999999906],[4.5595,53.34859999999906],[4.600099999999998,53.34859999999906],[4.600099999999998,53.36889999999906],[4.660999999999998,53.36889999999906],[4.660999999999998,53.409499999999056],[4.7422,53.409499999999056],[4.7422,53.450099999999054],[4.782799999999998,53.450099999999054],[4.803099999999997,53.49069999999906],[4.863999999999997,53.49069999999906],[4.863999999999997,53.51099999999906],[4.9045999999999985,53.51099999999906],[4.9045999999999985,53.53129999999906],[4.965499999999999,53.53129999999906],[4.965499999999999,53.57189999999906],[5.026399999999999,53.57189999999906],[5.026399999999999,53.61249999999906],[5.087299999999999,53.61249999999906],[5.087299999999999,53.65309999999906],[5.107599999999998,53.65309999999906],[5.107599999999998,53.673399999999056],[5.148199999999999,53.673399999999056],[5.148199999999999,53.693699999999055],[5.209099999999999,53.693699999999055],[5.209099999999999,53.71399999999906],[5.229399999999998,53.71399999999906],[5.229399999999998,53.73429999999906],[5.27,53.73429999999906],[5.2902999999999984,53.77489999999906],[5.412099999999999,53.77489999999906],[5.412099999999999,53.795199999999056],[5.472999999999999,53.795199999999056],[5.472999999999999,53.815499999999055],[5.7775,53.815499999999055],[5.7775,53.77489999999906],[5.797799999999999,53.77489999999906],[5.797799999999999,53.75459999999906],[5.858699999999999,53.75459999999906],[5.858699999999999,53.795199999999056],[5.919599999999999,53.795199999999056],[5.919599999999999,53.815499999999055],[6.021099999999997,53.815499999999055],[6.021099999999997,53.85609999999906],[6.1023,53.85609999999906],[6.1023,53.89669999999906],[6.142899999999997,53.89669999999906],[6.142899999999997,53.91699999999906],[6.1632,53.91699999999906],[6.183499999999999,53.87639999999906],[6.264699999999998,53.87639999999906],[6.264699999999998,53.95759999999906],[6.325599999999998,53.95759999999906],[6.325599999999998,53.99819999999906],[6.3459,53.99819999999906],[6.3459,54.01849999999906],[6.386499999999998,54.01849999999906],[6.386499999999998,54.059099999999056],[6.467699999999997,54.059099999999056],[6.467699999999997,54.079399999999055],[6.508299999999998,54.079399999999055],[6.508299999999998,54.09969999999906],[6.5894999999999975,54.09969999999906],[6.5894999999999975,54.11999999999906],[6.650399999999998,54.11999999999906],[6.650399999999998,54.09969999999906],[6.772199999999998,54.09969999999906],[6.772199999999998,54.059099999999056],[6.833099999999998,54.059099999999056],[6.833099999999998,54.079399999999055],[6.8736999999999995,54.079399999999055],[6.8736999999999995,54.09969999999906],[6.914299999999997,54.09969999999906],[6.914299999999997,54.079399999999055],[7.1173,54.079399999999055],[7.1173,54.09969999999906],[7.1782,54.09969999999906],[7.1782,54.11999999999906],[7.3812,54.11999999999906],[7.3812,54.14029999999906],[7.604499999999998,54.14029999999906],[7.604499999999998,54.16059999999906],[7.665399999999998,54.16059999999906],[7.665399999999998,54.180899999999056],[7.746599999999997,54.180899999999056],[7.746599999999997,54.16059999999906],[7.868399999999998,54.180899999999056],[7.868399999999998,54.24179999999906],[7.848099999999999,54.24179999999906],[7.848099999999999,54.26209999999906],[7.807499999999997,54.26209999999906],[7.807499999999997,54.28239999999906],[7.868399999999998,54.28239999999906],[7.868399999999998,54.30269999999906],[7.9496,54.30269999999906],[7.9496,54.36359999999905],[7.929299999999998,54.36359999999905],[7.929299999999998,54.52599999999906],[7.908999999999999,54.52599999999906],[7.908999999999999,54.54629999999906],[7.990199999999998,54.54629999999906],[7.990199999999998,54.607199999999054],[8.010499999999997,54.607199999999054],[8.010499999999997,54.54629999999906],[8.0308,54.54629999999906],[8.0308,54.42449999999906],[8.0917,54.42449999999906],[8.0917,54.40419999999906],[8.193199999999997,54.40419999999906],[8.193199999999997,54.42449999999906],[8.233799999999999,54.42449999999906],[8.233799999999999,54.48539999999906],[8.193199999999997,54.48539999999906],[8.193199999999997,54.54629999999906],[8.254099999999998,54.54629999999906],[8.254099999999998,54.566599999999056],[8.294699999999999,54.566599999999056],[8.294699999999999,54.607199999999054],[8.355599999999999,54.607199999999054],[8.355599999999999,54.62749999999906],[8.436799999999998,54.62749999999906],[8.436799999999998,54.586899999999055],[8.457099999999997,54.586899999999055],[8.457099999999997,54.566599999999056],[8.497699999999998,54.566599999999056],[8.497699999999998,54.54629999999906],[8.457099999999997,54.54629999999906],[8.457099999999997,54.48539999999906],[8.497699999999998,54.48539999999906],[8.497699999999998,54.42449999999906],[8.680399999999999,54.42449999999906],[8.680399999999999,54.40419999999906],[8.619499999999999,54.40419999999906],[8.619499999999999,54.28239999999906],[8.639799999999997,54.28239999999906],[8.639799999999997,54.26209999999906],[8.700699999999998,54.26209999999906],[8.700699999999998,54.24179999999906],[8.639799999999997,54.24179999999906],[8.639799999999997,54.079399999999055],[8.700699999999998,54.079399999999055],[8.700699999999998,54.059099999999056],[8.680399999999999,54.059099999999056],[8.680399999999999,53.99819999999906],[8.700699999999998,53.99819999999906],[8.700699999999998,53.97789999999905],[8.761599999999998,53.97789999999905],[8.761599999999998,53.937299999999055],[8.8022,53.937299999999055],[8.8022,53.91699999999906],[8.741299999999999,53.91699999999906],[8.741299999999999,53.87639999999906],[8.6601,53.87639999999906],[8.6601,53.89669999999906],[8.619499999999999,53.89669999999906],[8.619499999999999,53.91699999999906],[8.497699999999998,53.91699999999906],[8.497699999999998,53.89669999999906],[8.396199999999997,53.89669999999906],[8.396199999999997,53.835799999999054],[8.3353,53.835799999999054],[8.3353,53.77489999999906],[8.2744,53.77489999999906],[8.2744,53.75459999999906],[8.254099999999998,53.75459999999906],[8.254099999999998,53.71399999999906],[8.2135,53.71399999999906],[8.2135,53.61249999999906],[8.2744,53.61249999999906],[8.2744,53.59219999999905],[8.254099999999998,53.59219999999905],[8.254099999999998,53.51099999999906],[8.2135,53.51099999999906],[8.2135,53.49069999999906],[8.172899999999998,53.49069999999906],[8.172899999999998,53.551599999999056],[8.132299999999997,53.551599999999056],[8.111999999999998,53.63279999999906],[8.071399999999997,53.63279999999906],[8.071399999999997,53.673399999999056],[8.010499999999997,53.673399999999056],[8.010499999999997,53.71399999999906],[7.787199999999999,53.71399999999906],[7.787199999999999,53.795199999999056],[7.7059999999999995,53.795199999999056],[7.7059999999999995,53.73429999999906],[7.543599999999998,53.75459999999906],[7.543599999999998,53.77489999999906],[7.685699999999997,53.77489999999906],[7.685699999999997,53.85609999999906],[7.624799999999997,53.85609999999906],[7.624799999999997,53.835799999999054],[7.4421,53.835799999999054],[7.4421,53.815499999999055],[7.3405999999999985,53.815499999999055],[7.3405999999999985,53.795199999999056],[7.259399999999999,53.795199999999056],[7.259399999999999,53.77489999999906],[7.137599999999999,53.77489999999906],[7.137599999999999,53.795199999999056],[7.036099999999998,53.795199999999056],[7.036099999999998,53.77489999999906],[6.9548999999999985,53.77489999999906],[6.9548999999999985,53.795199999999056],[6.893999999999998,53.795199999999056],[6.893999999999998,53.75459999999906],[6.853399999999997,53.75459999999906],[6.853399999999997,53.71399999999906],[6.792499999999997,53.71399999999906],[6.792499999999997,53.63279999999906],[6.8736999999999995,53.63279999999906],[6.8736999999999995,53.673399999999056],[6.914299999999997,53.673399999999056],[6.914299999999997,53.65309999999906],[6.893999999999998,53.65309999999906],[6.893999999999998,53.61249999999906],[6.772199999999998,53.61249999999906],[6.772199999999998,53.63279999999906],[6.711299999999998,53.63279999999906],[6.711299999999998,53.673399999999056],[6.690999999999999,53.673399999999056],[6.690999999999999,53.693699999999055],[6.6098,53.693699999999055],[6.5894999999999975,53.65309999999906],[6.528599999999997,53.65309999999906],[6.528599999999997,53.673399999999056],[6.427099999999999,53.673399999999056],[6.427099999999999,53.61249999999906],[6.528599999999997,53.61249999999906],[6.528599999999997,53.53129999999906],[6.630099999999999,53.53129999999906],[6.630099999999999,53.57189999999906],[6.7316,53.57189999999906],[6.7316,53.551599999999056],[6.772199999999998,53.551599999999056],[6.772199999999998,53.53129999999906],[6.792499999999997,53.53129999999906],[6.792499999999997,53.49069999999906],[6.9548999999999985,53.49069999999906],[6.975199999999997,53.450099999999054],[7.015799999999999,53.450099999999054],[7.015799999999999,53.32829999999906],[7.096999999999998,53.32829999999906],[7.096999999999998,53.287699999999056],[7.076699999999999,53.287699999999056],[7.076699999999999,53.307999999999055],[6.9548999999999985,53.307999999999055],[6.9346,53.34859999999906],[6.893999999999998,53.34859999999906],[6.893999999999998,53.38919999999906],[6.8736999999999995,53.38919999999906],[6.8736999999999995,53.450099999999054],[6.6707,53.47039999999906],[6.6707,53.450099999999054],[6.6098,53.450099999999054],[6.6098,53.429799999999055],[6.5894999999999975,53.429799999999055],[6.5894999999999975,53.450099999999054],[6.528599999999997,53.450099999999054],[6.528599999999997,53.429799999999055],[6.508299999999998,53.429799999999055],[6.508299999999998,53.51099999999906],[6.264699999999998,53.51099999999906],[6.264699999999998,53.59219999999905],[6.183499999999999,53.59219999999905],[6.183499999999999,53.57189999999906],[6.1225999999999985,53.57189999999906],[6.1225999999999985,53.551599999999056],[5.939899999999998,53.551599999999056],[5.939899999999998,53.47039999999906],[5.8993,53.47039999999906],[5.8993,53.53129999999906],[5.7775,53.53129999999906],[5.7775,53.51099999999906],[5.554199999999998,53.51099999999906],[5.554199999999998,53.450099999999054],[5.615099999999998,53.450099999999054],[5.594799999999999,53.409499999999056],[5.5136,53.409499999999056],[5.5136,53.429799999999055],[5.472999999999999,53.429799999999055],[5.472999999999999,53.450099999999054],[5.4527,53.450099999999054],[5.4527,53.47039999999906],[5.351199999999999,53.47039999999906],[5.351199999999999,53.450099999999054],[5.249699999999997,53.450099999999054],[5.249699999999997,53.429799999999055],[5.1279,53.429799999999055],[5.1279,53.36889999999906],[5.168499999999998,53.36889999999906],[5.168499999999998,53.32829999999906],[5.229399999999998,53.32829999999906],[5.229399999999998,53.287699999999056],[5.1888000000000005,53.287699999999056],[5.1888000000000005,53.26739999999906],[5.087299999999999,53.26739999999906],[5.087299999999999,53.287699999999056],[4.965499999999999,53.287699999999056],[4.965499999999999,53.307999999999055],[4.8843,53.307999999999055],[4.8843,53.20649999999905],[4.9452,53.20649999999905],[4.9452,53.14559999999906],[4.803099999999997,53.14559999999906],[4.803099999999997,53.12529999999906],[4.762499999999999,53.12529999999906],[4.762499999999999,53.10499999999906],[4.701599999999999,53.10499999999906],[4.6813,53.064399999999054],[4.640699999999999,53.064399999999054],[4.640699999999999,53.00349999999906],[4.843699999999998,53.00349999999906],[4.843699999999998,53.023799999999056],[4.863999999999997,53.023799999999056],[4.863999999999997,52.94259999999906],[4.701599999999999,52.94259999999906],[4.701599999999999,52.901999999999056],[4.6813,52.901999999999056],[4.6813,52.780199999999056],[4.640699999999999,52.780199999999056],[4.640699999999999,52.69899999999906],[4.6204,52.69899999999906],[4.6204,52.638099999999056],[4.579799999999999,52.638099999999056],[4.579799999999999,52.57719999999906],[4.5595,52.57719999999906],[4.5595,52.516299999999056],[4.579799999999999,52.516299999999056],[4.579799999999999,52.49599999999906],[4.5595,52.49599999999906],[4.5595,52.41479999999906],[4.518899999999999,52.41479999999906],[4.518899999999999,52.37419999999906],[4.4986,52.37419999999906],[4.4986,52.33359999999906],[4.457999999999998,52.33359999999906],[4.4376999999999995,52.25239999999906],[4.376799999999999,52.25239999999906],[4.376799999999999,52.21179999999906],[4.336199999999998,52.21179999999906],[4.336199999999998,52.150899999999055],[4.315899999999999,52.150899999999055],[4.315899999999999,52.130599999999056],[4.275299999999998,52.130599999999056],[4.254999999999999,52.08999999999906],[4.214399999999998,52.08999999999906],[4.214399999999998,52.04939999999905],[4.1534999999999975,52.04939999999905],[4.1534999999999975,52.008799999999056],[4.011399999999998,52.008799999999056],[4.011399999999998,51.96819999999906],[3.9708000000000006,51.96819999999906],[3.9708000000000006,51.907299999999054],[3.950499999999998,51.907299999999054],[3.950499999999998,51.886999999999055],[3.9099000000000004,51.886999999999055],[3.889599999999998,51.80579999999906],[3.7474999999999987,51.80579999999906],[3.7474999999999987,51.72459999999906],[3.7068999999999974,51.72459999999906],[3.7068999999999974,51.663699999999054],[3.7881,51.663699999999054],[3.7881,51.64339999999906],[3.889599999999998,51.64339999999906],[3.889599999999998,51.623099999999056],[3.950499999999998,51.623099999999056],[3.950499999999998,51.58249999999906],[4.011399999999998,51.58249999999906],[4.011399999999998,51.54189999999906],[4.0722999999999985,51.54189999999906],[4.0722999999999985,51.521599999999054],[4.092599999999997,51.521599999999054],[4.092599999999997,51.48099999999906],[4.011399999999998,51.501299999999056],[3.9910999999999994,51.54189999999906],[3.9301999999999992,51.54189999999906],[3.9301999999999992,51.56219999999906],[3.889599999999998,51.56219999999906],[3.869299999999999,51.60279999999906],[3.7677999999999976,51.60279999999906],[3.7677999999999976,51.58249999999906],[3.7272,51.58249999999906],[3.7272,51.60279999999906],[3.6459999999999972,51.60279999999906],[3.6459999999999972,51.56219999999906],[3.6256999999999984,51.56219999999906],[3.6256999999999984,51.58249999999906],[3.5242000000000004,51.58249999999906],[3.5242000000000004,51.56219999999906],[3.4633000000000003,51.56219999999906],[3.4633000000000003,51.48099999999906],[3.503899999999998,51.48099999999906],[3.503899999999998,51.46069999999906],[3.564799999999998,51.46069999999906],[3.564799999999998,51.44039999999906],[3.6865999999999985,51.44039999999906],[3.6865999999999985,51.42009999999906],[3.7677999999999976,51.42009999999906],[3.7677999999999976,51.39979999999906],[4.092599999999997,51.42009999999906],[4.092599999999997,51.39979999999906],[4.133199999999999,51.39979999999906],[4.133199999999999,51.379499999999055],[4.092599999999997,51.379499999999055],[4.092599999999997,51.359199999999056],[4.052,51.359199999999056],[4.052,51.379499999999055],[3.950499999999998,51.379499999999055],[3.950499999999998,51.359199999999056],[3.889599999999998,51.359199999999056],[3.889599999999998,51.33889999999906],[3.849,51.33889999999906],[3.849,51.31859999999906],[3.808399999999999,51.31859999999906],[3.808399999999999,51.33889999999906],[3.7272,51.33889999999906],[3.7272,51.359199999999056],[3.6662999999999997,51.359199999999056],[3.6662999999999997,51.379499999999055],[3.6053999999999995,51.379499999999055],[3.6053999999999995,51.39979999999906],[3.4633000000000003,51.39979999999906],[3.4633000000000003,51.379499999999055],[3.3820999999999977,51.379499999999055],[3.3820999999999977,51.359199999999056],[3.199399999999997,51.359199999999056],[3.199399999999997,51.33889999999906],[3.1385000000000005,51.33889999999906],[3.1385000000000005,51.31859999999906],[3.097899999999999,51.31859999999906],[3.097899999999999,51.29829999999906],[3.036999999999999,51.29829999999906],[3.036999999999999,51.277999999999054],[2.955799999999998,51.277999999999054],[2.955799999999998,51.237399999999056],[2.8542999999999985,51.237399999999056],[2.8542999999999985,51.19679999999906],[2.7730999999999995,51.19679999999906],[2.7730999999999995,51.17649999999906],[2.732499999999998,51.17649999999906],[2.732499999999998,51.15619999999906],[2.7121999999999993,51.15619999999906],[2.7121999999999993,51.135899999999054],[2.6715999999999998,51.135899999999054],[2.6715999999999998,51.115599999999056],[2.590399999999999,51.115599999999056],[2.590399999999999,51.09529999999906],[2.5497999999999994,51.09529999999906],[2.5497999999999994,51.07499999999906],[2.4685999999999986,51.07499999999906],[2.4685999999999986,51.05469999999906],[2.367099999999999,51.05469999999906],[2.367099999999999,51.03439999999906],[2.2859,51.03439999999906],[2.2859,51.05469999999906],[2.2249999999999996,51.05469999999906],[2.2249999999999996,51.03439999999906],[2.1031999999999993,51.03439999999906],[2.1031999999999993,51.01409999999906],[2.042299999999999,51.01409999999906],[2.042299999999999,50.993799999999055],[1.981399999999999,50.993799999999055],[1.981399999999999,50.973499999999056],[1.8595999999999986,50.993799999999055],[1.8595999999999986,50.95319999999906],[1.7377999999999982,50.95319999999906],[1.7377999999999982,50.93289999999906],[1.6971999999999987,50.93289999999906],[1.6971999999999987,50.91259999999906],[1.6768999999999998,50.91259999999906],[1.6768999999999998,50.892299999999054],[1.6159999999999997,50.892299999999054],[1.6159999999999997,50.87199999999906],[1.595699999999999,50.87199999999906],[1.595699999999999,50.70959999999906],[1.5550999999999995,50.70959999999906],[1.5550999999999995,50.62839999999906],[1.595699999999999,50.62839999999906],[1.595699999999999,50.52689999999906],[1.5550999999999995,50.52689999999906],[1.5550999999999995,50.42539999999906],[1.4941999999999993,50.42539999999906],[1.4941999999999993,50.364499999999055],[1.5347999999999988,50.364499999999055],[1.5550999999999995,50.32389999999906],[1.4738999999999987,50.32389999999906],[1.4738999999999987,50.24269999999906],[1.5550999999999995,50.24269999999906],[1.5550999999999995,50.222399999999055],[1.4941999999999993,50.222399999999055],[1.4941999999999993,50.16149999999906],[1.4129999999999985,50.16149999999906],[1.4129999999999985,50.14119999999906],[1.372399999999999,50.14119999999906],[1.372399999999999,50.080299999999056],[1.3520999999999983,50.080299999999056],[1.3520999999999983,50.03969999999906],[1.2912,50.03969999999906],[1.2912,50.01939999999906],[1.2505999999999986,50.01939999999906],[1.2505999999999986,49.99909999999906],[1.1896999999999984,49.99909999999906],[1.1896999999999984,49.958499999999056],[1.0678999999999998,49.958499999999056],[1.0678999999999998,49.93819999999906],[1.0069999999999997,49.93819999999906],[1.0069999999999997,49.91789999999906],[0.9257999999999988,49.91789999999906],[0.9257999999999988,49.89759999999906],[0.8648999999999987,49.89759999999906],[0.8648999999999987,49.87729999999906],[0.6212999999999997,49.87729999999906],[0.6212999999999997,49.85699999999906],[0.5806999999999984,49.85699999999906],[0.5806999999999984,49.836699999999055],[0.4994999999999994,49.836699999999055],[0.4994999999999994,49.79609999999906],[0.3979999999999997,49.79609999999906],[0.37769999999999904,49.75549999999906],[0.31679999999999886,49.75549999999906],[0.31679999999999886,49.735199999999054],[0.2558999999999987,49.735199999999054],[0.2558999999999987,49.71489999999906],[0.1949999999999985,49.71489999999906],[0.1949999999999985,49.694599999999056],[0.15439999999999898,49.694599999999056],[0.15439999999999898,49.67429999999906],[0.13409999999999833,49.67429999999906],[0.13409999999999833,49.593099999999055],[0.0934999999999988,49.593099999999055],[0.0934999999999988,49.55249999999906],[0.07319999999999993,49.55249999999906],[0.07319999999999993,49.49159999999906],[0.0934999999999988,49.49159999999906],[0.0934999999999988,49.47129999999906],[0.13409999999999833,49.47129999999906],[0.13409999999999833,49.43069999999906],[0.012299999999999756,49.43069999999906],[0.012299999999999756,49.450999999999055],[-0.04860000000000042,49.450999999999055],[-0.04860000000000042,49.43069999999906],[-0.2110000000000003,49.43069999999906],[-0.23130000000000095,49.349499999999054],[-0.2922000000000011,49.349499999999054],[-0.2922000000000011,49.329199999999055],[-0.43430000000000035,49.329199999999055],[-0.43430000000000035,49.349499999999054],[-0.7591000000000001,49.349499999999054],[-0.7591000000000001,49.36979999999906],[-0.7997000000000014,49.36979999999906],[-0.7997000000000014,49.39009999999906],[-0.9824000000000002,49.39009999999906],[-0.9824000000000002,49.43069999999906],[-1.0027000000000008,49.43069999999906],[-1.0027000000000008,49.450999999999055],[-1.1042000000000005,49.450999999999055],[-1.1042000000000005,49.47129999999906],[-1.1651000000000007,49.47129999999906],[-1.1854000000000013,49.51189999999906],[-1.2260000000000009,49.51189999999906],[-1.2260000000000009,49.55249999999906],[-1.2463000000000015,49.55249999999906],[-1.2463000000000015,49.593099999999055],[-1.2260000000000009,49.593099999999055],[-1.2260000000000009,49.65399999999906],[-1.2463000000000015,49.65399999999906],[-1.2463000000000015,49.67429999999906],[-1.286900000000001,49.67429999999906],[-1.286900000000001,49.694599999999056],[-1.4696000000000016,49.694599999999056],[-1.4696000000000016,49.67429999999906],[-1.6523000000000003,49.67429999999906],[-1.6523000000000003,49.65399999999906],[-1.672600000000001,49.65399999999906],[-1.672600000000001,49.67429999999906],[-1.7944000000000013,49.67429999999906],[-1.7944000000000013,49.694599999999056],[-1.8350000000000009,49.694599999999056],[-1.8350000000000009,49.71489999999906],[-1.895900000000001,49.71489999999906],[-1.895900000000001,49.61339999999906],[-1.8350000000000009,49.61339999999906],[-1.8350000000000009,49.593099999999055],[-1.8756000000000004,49.593099999999055],[-1.8756000000000004,49.49159999999906],[-1.8350000000000009,49.49159999999906],[-1.8350000000000009,49.36979999999906],[-1.7741000000000007,49.36979999999906],[-1.7538,49.329199999999055],[-1.7132000000000005,49.329199999999055],[-1.7132000000000005,49.308899999999056],[-1.6929000000000016,49.308899999999056],[-1.6929000000000016,49.26829999999906],[-1.6523000000000003,49.26829999999906],[-1.6523000000000003,49.207399999999055],[-1.6320000000000014,49.207399999999055],[-1.6320000000000014,49.187099999999056],[-1.5914000000000001,49.187099999999056],[-1.5914000000000001,48.98409999999906],[-1.6320000000000014,48.98409999999906],[-1.6320000000000014,48.84199999999906],[-1.5914000000000001,48.84199999999906],[-1.5914000000000001,48.76079999999906],[-1.5711000000000013,48.76079999999906],[-1.5711000000000013,48.72019999999905],[-1.5305,48.72019999999905],[-1.510200000000001,48.679599999999056],[-1.449300000000001,48.679599999999056],[-1.449300000000001,48.65929999999906],[-1.4696000000000016,48.65929999999906],[-1.4696000000000016,48.61869999999906],[-1.7335000000000012,48.61869999999906],[-1.7335000000000012,48.63899999999906],[-1.8350000000000009,48.63899999999906],[-1.8350000000000009,48.65929999999906],[-1.8553000000000015,48.65929999999906],[-1.8553000000000015,48.69989999999906],[-1.9974000000000007,48.69989999999906],[-1.9974000000000007,48.65929999999906],[-2.058300000000001,48.65929999999906],[-2.058300000000001,48.63899999999906],[-2.2613000000000003,48.63899999999906],[-2.2613000000000003,48.65929999999906],[-2.6267000000000014,48.65929999999906],[-2.6267000000000014,48.61869999999906],[-2.7688000000000006,48.61869999999906],[-2.7891000000000012,48.65929999999906],[-2.8500000000000014,48.65929999999906],[-2.8500000000000014,48.69989999999906],[-2.890600000000001,48.69989999999906],[-2.890600000000001,48.74049999999906],[-2.9109,48.74049999999906],[-2.9109,48.76079999999906],[-2.951500000000001,48.76079999999906],[-2.9718,48.801399999999056],[-3.0124000000000013,48.801399999999056],[-3.0327,48.84199999999906],[-3.0733000000000015,48.84199999999906],[-3.0733000000000015,48.86229999999906],[-3.174800000000001,48.86229999999906],[-3.174800000000001,48.84199999999906],[-3.1951,48.84199999999906],[-3.1951,48.86229999999906],[-3.2560000000000002,48.86229999999906],[-3.2560000000000002,48.84199999999906],[-3.3575,48.84199999999906],[-3.3575,48.821699999999055],[-3.4387000000000008,48.821699999999055],[-3.4387000000000008,48.84199999999906],[-3.5402000000000005,48.84199999999906],[-3.5402000000000005,48.821699999999055],[-3.6011000000000006,48.821699999999055],[-3.6011000000000006,48.78109999999906],[-3.722900000000001,48.78109999999906],[-3.722900000000001,48.74049999999906],[-3.7432,48.74049999999906],[-3.7432,48.72019999999905],[-3.783800000000001,48.72019999999905],[-3.783800000000001,48.69989999999906],[-3.865,48.72019999999905],[-3.865,48.74049999999906],[-3.9259000000000004,48.74049999999906],[-3.9259000000000004,48.72019999999905],[-4.0274,48.72019999999905],[-4.0274,48.69989999999906],[-4.047700000000001,48.69989999999906],[-4.047700000000001,48.72019999999905],[-4.108600000000001,48.72019999999905],[-4.108600000000001,48.69989999999906],[-4.169500000000001,48.69989999999906],[-4.169500000000001,48.679599999999056],[-4.4131,48.679599999999056],[-4.4131,48.65929999999906],[-4.5146,48.65929999999906],[-4.5146,48.63899999999906],[-4.5755,48.63899999999906],[-4.5755,48.61869999999906],[-4.656700000000001,48.61869999999906],[-4.656700000000001,48.578099999999054],[-4.677000000000001,48.578099999999054],[-4.677000000000001,48.557799999999055],[-4.717600000000001,48.557799999999055],[-4.717600000000001,48.537499999999056],[-4.778500000000001,48.537499999999056],[-4.778500000000001,48.435999999999055],[-4.7988,48.435999999999055],[-4.778500000000001,48.31419999999906],[-4.7988,48.31419999999906],[-4.7988,48.293899999999056],[-4.819100000000001,48.293899999999056],[-4.819100000000001,48.31419999999906],[-4.900300000000001,48.31419999999906],[-4.900300000000001,48.293899999999056],[-4.9815000000000005,48.293899999999056],[-4.9815000000000005,48.27359999999906],[-5.022100000000001,48.27359999999906],[-5.022100000000001,48.25329999999906],[-5.042400000000001,48.25329999999906],[-5.042400000000001,48.15179999999906],[-5.022100000000001,48.15179999999906],[-5.022100000000001,48.11119999999906],[-4.9815000000000005,48.11119999999906],[-4.9815000000000005,48.07059999999906],[-4.819100000000001,48.07059999999906],[-4.7988,48.11119999999906],[-4.717600000000001,48.11119999999906],[-4.717600000000001,48.09089999999906],[-4.677000000000001,48.09089999999906],[-4.677000000000001,48.029999999999056],[-4.616100000000001,48.029999999999056],[-4.616100000000001,47.96909999999906],[-4.656700000000001,47.96909999999906],[-4.656700000000001,47.92849999999906],[-4.677000000000001,47.92849999999906],[-4.677000000000001,47.908199999999056],[-4.717600000000001,47.908199999999056],[-4.717600000000001,47.88789999999906],[-4.778500000000001,47.88789999999906],[-4.778500000000001,47.86759999999906],[-4.839400000000001,47.86759999999906],[-4.839400000000001,47.84729999999906],[-5.103300000000001,47.84729999999906],[-5.103300000000001,47.82699999999906],[-5.1642,47.82699999999906],[-5.1642,47.84729999999906],[-5.3672,47.84729999999906],[-5.3672,47.86759999999906],[-5.407800000000001,47.86759999999906],[-5.407800000000001,47.88789999999906],[-5.4687,47.88789999999906],[-5.4687,47.86759999999906],[-5.5093000000000005,47.86759999999906],[-5.5296,47.82699999999906],[-5.570200000000001,47.82699999999906],[-5.570200000000001,47.72549999999906],[-5.5905000000000005,47.72549999999906],[-5.5905000000000005,47.70519999999906],[-5.631100000000001,47.70519999999906],[-5.631100000000001,47.68489999999906],[-5.692,47.68489999999906],[-5.692,47.664599999999055],[-5.732600000000001,47.664599999999055],[-5.732600000000001,47.68489999999906],[-5.8950000000000005,47.68489999999906],[-5.9153,47.72549999999906],[-5.9762,47.72549999999906],[-5.9762,47.74579999999906],[-6.037100000000001,47.74579999999906],[-6.037100000000001,47.76609999999906],[-6.1995000000000005,47.76609999999906],[-6.1995000000000005,47.68489999999906],[-6.179200000000001,47.68489999999906],[-6.179200000000001,47.664599999999055],[-6.1386,47.664599999999055],[-6.1386,47.62399999999906],[-6.016800000000001,47.62399999999906],[-5.9965,47.58339999999906],[-5.955900000000001,47.58339999999906],[-5.935600000000001,47.54279999999906],[-5.712300000000001,47.54279999999906],[-5.692,47.50219999999906],[-5.651400000000001,47.50219999999906],[-5.631100000000001,47.46159999999906],[-5.5905000000000005,47.46159999999906],[-5.5905000000000005,47.38039999999906],[-5.570200000000001,47.38039999999906],[-5.570200000000001,47.36009999999906],[-5.5296,47.36009999999906],[-5.5296,47.31949999999906],[-5.570200000000001,47.31949999999906],[-5.570200000000001,47.29919999999906],[-5.631100000000001,47.29919999999906],[-5.631100000000001,47.23829999999906],[-5.7732,47.23829999999906],[-5.7732,47.258599999999056],[-5.955900000000001,47.258599999999056],[-5.955900000000001,47.278899999999055],[-6.016800000000001,47.278899999999055],[-6.016800000000001,47.29919999999906],[-6.098000000000001,47.29919999999906],[-6.098000000000001,47.31949999999906],[-6.1386,47.31949999999906],[-6.1386,47.33979999999906],[-6.260400000000001,47.36009999999906],[-6.260400000000001,47.400699999999055],[-6.321300000000001,47.400699999999055],[-6.341600000000001,47.44129999999906],[-6.3822,47.44129999999906],[-6.402500000000001,47.48189999999906],[-6.4634,47.48189999999906],[-6.4634,47.50219999999906],[-6.5040000000000004,47.50219999999906],[-6.5040000000000004,47.522499999999056],[-6.5852,47.522499999999056],[-6.5852,47.54279999999906],[-7.0724,47.563099999999054],[-7.0724,47.58339999999906],[-7.153600000000001,47.58339999999906],[-7.153600000000001,47.60369999999906],[-7.2145,47.60369999999906],[-7.2145,47.62399999999906],[-7.1942,47.62399999999906],[-7.1942,47.68489999999906],[-7.2145,47.68489999999906],[-7.2145,47.72549999999906],[-7.2551000000000005,47.72549999999906],[-7.2551000000000005,47.76609999999906],[-7.2145,47.76609999999906],[-7.2145,47.786399999999055],[-7.1942,47.786399999999055],[-7.1942,47.76609999999906],[-7.0724,47.76609999999906],[-7.0724,47.786399999999055],[-6.8288,47.786399999999055],[-6.8288,47.82699999999906],[-6.788200000000001,47.82699999999906],[-6.788200000000001,47.88789999999906],[-6.8897,47.88789999999906],[-6.91,47.96909999999906],[-7.0318000000000005,47.96909999999906],[-7.0318000000000005,47.98939999999906],[-7.1333,47.98939999999906],[-7.1333,47.92849999999906],[-7.234800000000001,47.92849999999906],[-7.234800000000001,47.84729999999906],[-7.316000000000001,47.84729999999906],[-7.3363000000000005,47.88789999999906],[-7.397200000000001,47.88789999999906],[-7.397200000000001,47.908199999999056],[-7.4378,47.908199999999056],[-7.4378,47.92849999999906],[-7.539300000000001,47.92849999999906],[-7.539300000000001,47.908199999999056],[-7.5596000000000005,47.908199999999056],[-7.5596000000000005,47.92849999999906],[-7.620500000000001,47.92849999999906],[-7.620500000000001,47.94879999999905],[-7.701700000000001,47.94879999999905],[-7.701700000000001,47.96909999999906],[-7.7423,47.96909999999906],[-7.7423,48.050299999999055],[-7.8032,48.050299999999055],[-7.8235,48.09089999999906],[-7.925000000000001,48.09089999999906],[-7.925000000000001,48.13149999999906],[-7.9859,48.13149999999906],[-8.0062,48.172099999999055],[-8.046800000000001,48.172099999999055],[-8.046800000000001,48.21269999999906],[-8.0671,48.21269999999906],[-8.0671,48.23299999999906],[-8.107700000000001,48.23299999999906],[-8.107700000000001,48.25329999999906],[-8.128,48.25329999999906],[-8.128,48.31419999999906],[-8.0671,48.31419999999906],[-8.0671,48.33449999999905],[-7.9859,48.33449999999905],[-7.9859,48.31419999999906],[-7.925000000000001,48.31419999999906],[-7.9047,48.27359999999906],[-7.843800000000001,48.27359999999906],[-7.843800000000001,48.23299999999906],[-7.8032,48.23299999999906],[-7.8032,48.192399999999054],[-7.782900000000001,48.192399999999054],[-7.782900000000001,48.172099999999055],[-7.7423,48.172099999999055],[-7.7423,48.13149999999906],[-7.722,48.13149999999906],[-7.722,48.07059999999906],[-7.6002,48.07059999999906],[-7.6002,48.050299999999055],[-7.539300000000001,48.050299999999055],[-7.539300000000001,48.029999999999056],[-7.4581,48.029999999999056],[-7.4378,48.07059999999906],[-7.397200000000001,48.07059999999906],[-7.397200000000001,48.11119999999906],[-7.153600000000001,48.11119999999906],[-7.1333,48.15179999999906],[-7.092700000000001,48.15179999999906],[-7.092700000000001,48.21269999999906],[-7.1333,48.21269999999906],[-7.1333,48.293899999999056],[-7.2551000000000005,48.27359999999906],[-7.2551000000000005,48.25329999999906],[-7.2957,48.25329999999906],[-7.2957,48.21269999999906],[-7.3363000000000005,48.21269999999906],[-7.3363000000000005,48.23299999999906],[-7.4378,48.23299999999906],[-7.4378,48.21269999999906],[-7.4581,48.21269999999906],[-7.4581,48.31419999999906],[-7.4987,48.31419999999906],[-7.4987,48.35479999999906],[-7.519,48.35479999999906],[-7.519,48.37509999999906],[-7.5596000000000005,48.37509999999906],[-7.5596000000000005,48.47659999999906],[-7.519,48.47659999999906],[-7.4987,48.51719999999906],[-7.478400000000001,48.51719999999906],[-7.478400000000001,48.49689999999906],[-7.4378,48.49689999999906],[-7.4378,48.47659999999906],[-7.316000000000001,48.47659999999906],[-7.316000000000001,48.51719999999906],[-7.234800000000001,48.51719999999906],[-7.234800000000001,48.47659999999906],[-7.173900000000001,48.47659999999906],[-7.173900000000001,48.435999999999055],[-7.1333,48.435999999999055],[-7.1333,48.39539999999906],[-7.0724,48.39539999999906],[-7.0724,48.37509999999906],[-7.0521,48.37509999999906],[-7.0521,48.33449999999905],[-7.011500000000001,48.33449999999905],[-7.011500000000001,48.31419999999906],[-6.9912,48.31419999999906],[-6.9912,48.27359999999906],[-6.9506000000000006,48.27359999999906],[-6.930300000000001,48.23299999999906],[-6.8288,48.23299999999906],[-6.8288,48.25329999999906],[-6.7679,48.25329999999906],[-6.7679,48.35479999999906],[-6.788200000000001,48.35479999999906],[-6.788200000000001,48.37509999999906],[-6.8288,48.37509999999906],[-6.849100000000001,48.415699999999056],[-6.91,48.415699999999056],[-6.91,48.49689999999906],[-6.9709,48.49689999999906],[-6.9709,48.537499999999056],[-6.9506000000000006,48.537499999999056],[-6.9506000000000006,48.59839999999906],[-6.9709,48.59839999999906],[-6.9709,48.61869999999906],[-7.0318000000000005,48.61869999999906],[-7.0318000000000005,48.65929999999906],[-7.0724,48.65929999999906],[-7.0724,48.69989999999906],[-7.092700000000001,48.69989999999906],[-7.092700000000001,48.78109999999906],[-7.153600000000001,48.78109999999906],[-7.153600000000001,48.84199999999906],[-7.092700000000001,48.84199999999906],[-7.092700000000001,48.86229999999906],[-7.0724,48.86229999999906],[-7.0724,48.923199999999056],[-7.011500000000001,48.923199999999056],[-6.9912,48.88259999999906],[-6.9506000000000006,48.88259999999906],[-6.9506000000000006,48.801399999999056],[-6.8897,48.801399999999056],[-6.8897,48.821699999999055],[-6.849100000000001,48.821699999999055],[-6.849100000000001,48.88259999999906],[-6.8897,48.88259999999906],[-6.8897,48.90289999999906],[-6.91,48.90289999999906],[-6.91,48.963799999999054],[-6.8288,48.963799999999054],[-6.8288,49.02469999999906],[-6.788200000000001,49.02469999999906],[-6.788200000000001,49.12619999999906],[-6.7273000000000005,49.12619999999906],[-6.7273000000000005,49.14649999999906],[-6.625800000000001,49.14649999999906],[-6.625800000000001,49.16679999999906],[-6.5243,49.16679999999906],[-6.5243,49.207399999999055],[-6.4634,49.207399999999055],[-6.4431,49.24799999999906],[-6.402500000000001,49.24799999999906],[-6.402500000000001,49.26829999999906],[-6.3822,49.26829999999906],[-6.3822,49.308899999999056],[-6.341600000000001,49.308899999999056],[-6.341600000000001,49.329199999999055],[-6.2807,49.329199999999055],[-6.2807,49.349499999999054],[-6.1995000000000005,49.349499999999054],[-6.1995000000000005,49.36979999999906],[-6.016800000000001,49.36979999999906],[-6.016800000000001,49.39009999999906],[-5.955900000000001,49.39009999999906],[-5.955900000000001,49.41039999999906],[-5.9153,49.41039999999906],[-5.9153,49.43069999999906],[-5.8544,49.43069999999906],[-5.8544,49.450999999999055],[-5.7732,49.450999999999055],[-5.7732,49.47129999999906],[-5.732600000000001,49.47129999999906],[-5.712300000000001,49.593099999999055],[-5.6717,49.593099999999055],[-5.6717,49.61339999999906],[-5.6108,49.61339999999906],[-5.6108,49.65399999999906],[-5.549900000000001,49.65399999999906],[-5.5296,49.694599999999056],[-5.4687,49.694599999999056],[-5.4687,49.735199999999054],[-5.428100000000001,49.735199999999054],[-5.428100000000001,49.836699999999055],[-5.4687,49.836699999999055],[-5.4687,49.89759999999906],[-5.428100000000001,49.89759999999906],[-5.407800000000001,49.93819999999906],[-5.3672,49.93819999999906],[-5.3672,49.978799999999055],[-5.3063,49.978799999999055],[-5.3063,49.99909999999906],[-5.265700000000001,49.99909999999906],[-5.265700000000001,49.978799999999055],[-5.123600000000001,49.978799999999055],[-5.123600000000001,50.01939999999906],[-5.0627,50.01939999999906],[-5.0627,50.03969999999906],[-5.022100000000001,50.03969999999906],[-5.022100000000001,50.01939999999906],[-4.9815000000000005,50.01939999999906],[-4.9815000000000005,49.99909999999906],[-4.9612,49.99909999999906],[-4.9612,49.978799999999055],[-4.9206,49.978799999999055],[-4.900300000000001,49.89759999999906],[-4.8597,49.89759999999906],[-4.8597,49.85699999999906],[-4.7988,49.85699999999906],[-4.778500000000001,49.81639999999906],[-4.677000000000001,49.81639999999906],[-4.656700000000001,49.77579999999906],[-4.494300000000001,49.77579999999906],[-4.474,49.81639999999906],[-4.3725000000000005,49.81639999999906],[-4.3725000000000005,49.836699999999055],[-4.3116,49.836699999999055],[-4.3116,49.85699999999906],[-4.2507,49.85699999999906],[-4.230400000000001,49.89759999999906],[-4.169500000000001,49.89759999999906],[-4.169500000000001,49.91789999999906],[-4.1289,49.91789999999906],[-4.1289,49.93819999999906],[-4.068000000000001,49.93819999999906],[-4.047700000000001,49.978799999999055],[-4.007100000000001,49.978799999999055],[-4.007100000000001,49.99909999999906],[-3.9868000000000006,49.99909999999906],[-3.9868000000000006,50.20209999999906],[-3.946200000000001,50.20209999999906],[-3.9259000000000004,50.24269999999906],[-3.865,50.24269999999906],[-3.865,50.222399999999055],[-3.6417,50.222399999999055],[-3.6214000000000013,50.26299999999906],[-3.560500000000001,50.26299999999906],[-3.560500000000001,50.30359999999906],[-3.5199,50.30359999999906],[-3.5199,50.364499999999055],[-3.4590000000000014,50.364499999999055],[-3.4590000000000014,50.38479999999906],[-3.2560000000000002,50.38479999999906],[-3.2560000000000002,50.40509999999906],[-3.2154000000000007,50.40509999999906],[-3.2154000000000007,50.42539999999906],[-3.1342,50.42539999999906],[-3.1342,50.44569999999906],[-3.0936000000000003,50.44569999999906],[-3.0733000000000015,50.48629999999906],[-3.0327,50.48629999999906],[-3.0327,50.506599999999054],[-2.951500000000001,50.506599999999054],[-2.951500000000001,50.52689999999906],[-2.9109,50.52689999999906],[-2.9109,50.54719999999906],[-2.8500000000000014,50.54719999999906],[-2.8297000000000008,50.587799999999056],[-2.728200000000001,50.587799999999056],[-2.728200000000001,50.608099999999055],[-2.667300000000001,50.608099999999055],[-2.667300000000001,50.62839999999906],[-2.5252,50.62839999999906],[-2.5252,50.608099999999055],[-2.4846000000000004,50.587799999999056],[-2.4846000000000004,50.54719999999906],[-2.3222000000000005,50.56749999999906],[-2.3222000000000005,50.587799999999056],[-2.281600000000001,50.587799999999056],[-2.281600000000001,50.608099999999055],[-2.2613000000000003,50.608099999999055],[-2.2613000000000003,50.62839999999906],[-2.1395,50.62839999999906],[-2.1395,50.608099999999055],[-2.0786000000000016,50.608099999999055],[-2.0786000000000016,50.587799999999056],[-1.9568000000000012,50.587799999999056],[-1.9568000000000012,50.62839999999906],[-1.9162,50.62839999999906],[-1.9162,50.64869999999906],[-1.8350000000000009,50.64869999999906],[-1.8350000000000009,50.66899999999906],[-1.7944000000000013,50.66899999999906],[-1.7944000000000013,50.68929999999906],[-1.6117000000000008,50.68929999999906],[-1.5914000000000001,50.729899999999056],[-1.5305,50.729899999999056],[-1.5305,50.750199999999055],[-1.4087000000000014,50.750199999999055],[-1.4087000000000014,50.77049999999906],[-1.286900000000001,50.77049999999906],[-1.286900000000001,50.79079999999906],[-1.2463000000000015,50.79079999999906],[-1.2463000000000015,50.81109999999906],[-1.2260000000000009,50.81109999999906],[-1.2260000000000009,50.79079999999906],[-1.1651000000000007,50.79079999999906],[-1.1651000000000007,50.77049999999906],[-1.0433000000000003,50.77049999999906],[-1.0433000000000003,50.70959999999906],[-0.9824000000000002,50.70959999999906],[-0.9824000000000002,50.68929999999906],[-0.9215,50.68929999999906],[-0.9215,50.70959999999906],[-0.8606000000000016,50.70959999999906],[-0.8606000000000016,50.729899999999056],[-0.7388000000000012,50.729899999999056],[-0.7388000000000012,50.750199999999055],[-0.7185000000000006,50.750199999999055],[-0.7185000000000006,50.729899999999056],[-0.6779000000000011,50.729899999999056],[-0.6779000000000011,50.68929999999906],[-0.6170000000000009,50.68929999999906],[-0.6170000000000009,50.70959999999906],[-0.5764000000000014,50.70959999999906],[-0.5764000000000014,50.77049999999906],[-0.5155000000000012,50.77049999999906],[-0.5155000000000012,50.81109999999906],[-0.49520000000000053,50.81109999999906],[-0.49520000000000053,50.79079999999906],[-0.3937000000000008,50.79079999999906],[-0.3937000000000008,50.77049999999906],[-0.008000000000000895,50.77049999999906],[-0.008000000000000895,50.79079999999906],[0.03259999999999863,50.79079999999906],[0.03259999999999863,50.77049999999906],[0.13409999999999833,50.77049999999906],[0.13409999999999833,50.729899999999056],[0.2558999999999987,50.729899999999056],[0.2558999999999987,50.750199999999055],[0.31679999999999886,50.750199999999055],[0.31679999999999886,50.77049999999906],[0.3573999999999984,50.77049999999906],[0.3573999999999984,50.81109999999906],[0.5603999999999996,50.81109999999906],[0.5603999999999996,50.83139999999906],[0.6212999999999997,50.83139999999906],[0.6212999999999997,50.81109999999906],[0.7836999999999996,50.81109999999906],[0.8039999999999985,50.851699999999056],[0.8648999999999987,50.851699999999056],[0.8648999999999987,50.87199999999906],[0.9054999999999982,50.87199999999906],[0.9054999999999982,50.892299999999054],[0.9663999999999984,50.892299999999054],[0.986699999999999,50.93289999999906],[1.0272999999999985,50.93289999999906],[1.0272999999999985,50.973499999999056],[1.0475999999999992,50.973499999999056],[1.0475999999999992,50.993799999999055],[1.0881999999999987,50.993799999999055],[1.0881999999999987,51.01409999999906],[1.1084999999999994,51.01409999999906],[1.1084999999999994,51.05469999999906],[1.1693999999999996,51.05469999999906],[1.1693999999999996,51.07499999999906],[1.209999999999999,51.07499999999906],[1.209999999999999,51.09529999999906],[1.2912,51.09529999999906],[1.2912,51.115599999999056],[1.3317999999999994,51.115599999999056],[1.3317999999999994,51.135899999999054],[1.3926999999999996,51.135899999999054],[1.3926999999999996,51.15619999999906],[1.4129999999999985,51.15619999999906],[1.4129999999999985,51.277999999999054],[1.3926999999999996,51.277999999999054],[1.3926999999999996,51.29829999999906],[1.4129999999999985,51.29829999999906],[1.4129999999999985,51.33889999999906],[1.4535999999999998,51.33889999999906],[1.4535999999999998,51.39979999999906],[1.372399999999999,51.39979999999906],[1.372399999999999,51.379499999999055],[1.2912,51.379499999999055],[1.2912,51.359199999999056],[1.1693999999999996,51.359199999999056],[1.1693999999999996,51.379499999999055],[1.1084999999999994,51.379499999999055],[1.1084999999999994,51.48099999999906],[0.986699999999999,51.48099999999906],[0.986699999999999,51.46069999999906],[0.8851999999999993,51.46069999999906],[0.8851999999999993,51.44039999999906],[0.7227999999999994,51.44039999999906],[0.7227999999999994,51.46069999999906],[0.7430999999999983,51.46069999999906],[0.7430999999999983,51.501299999999056],[0.9663999999999984,51.501299999999056],[0.9663999999999984,51.56219999999906],[0.9257999999999988,51.56219999999906],[0.9257999999999988,51.60279999999906],[1.0069999999999997,51.60279999999906],[1.0069999999999997,51.56219999999906],[1.0881999999999987,51.56219999999906],[1.0881999999999987,51.68399999999906],[1.0475999999999992,51.68399999999906],[1.0475999999999992,51.78549999999906],[1.209999999999999,51.78549999999906],[1.2302999999999997,51.82609999999906],[1.2708999999999993,51.82609999999906],[1.2708999999999993,51.886999999999055],[1.3317999999999994,51.886999999999055],[1.3317999999999994,51.94789999999906],[1.3520999999999983,51.94789999999906],[1.3520999999999983,51.96819999999906],[1.3926999999999996,51.96819999999906],[1.3926999999999996,51.98849999999906],[1.4535999999999998,51.98849999999906],[1.4535999999999998,52.02909999999906],[1.5144999999999982,52.02909999999906],[1.5144999999999982,52.06969999999906],[1.5753999999999984,52.06969999999906],[1.5753999999999984,52.08999999999906],[1.595699999999999,52.08999999999906],[1.595699999999999,52.150899999999055],[1.6362999999999985,52.150899999999055],[1.6362999999999985,52.19149999999906],[1.6565999999999992,52.19149999999906],[1.6565999999999992,52.23209999999906],[1.6768999999999998,52.23209999999906],[1.6768999999999998,52.35389999999906],[1.7174999999999994,52.35389999999906],[1.7174999999999994,52.41479999999906],[1.7377999999999982,52.41479999999906],[1.7377999999999982,52.678699999999054],[1.7174999999999994,52.678699999999054],[1.7174999999999994,52.69899999999906],[1.6768999999999998,52.69899999999906],[1.6768999999999998,52.73959999999906],[1.6565999999999992,52.73959999999906],[1.6362999999999985,52.780199999999056],[1.595699999999999,52.780199999999056],[1.595699999999999,52.82079999999905],[1.5347999999999988,52.82079999999905],[1.5144999999999982,52.86139999999906],[1.4535999999999998,52.86139999999906],[1.4535999999999998,52.88169999999906],[1.4129999999999985,52.88169999999906],[1.4129999999999985,52.901999999999056],[1.2912,52.922299999999055],[1.2912,52.94259999999906],[1.149099999999999,52.94259999999906],[1.149099999999999,52.96289999999906],[1.0475999999999992,52.96289999999906],[1.0475999999999992,52.98319999999906],[0.5197999999999983,52.98319999999906],[0.4994999999999994,52.94259999999906],[0.45889999999999986,52.94259999999906],[0.45889999999999986,52.901999999999056],[0.4385999999999992,52.901999999999056],[0.4385999999999992,52.88169999999906],[0.2558999999999987,52.88169999999906],[0.2558999999999987,52.901999999999056],[0.1949999999999985,52.901999999999056],[0.1949999999999985,53.023799999999056],[0.2355999999999998,53.023799999999056],[0.2558999999999987,53.064399999999054],[0.2964999999999982,53.064399999999054],[0.31679999999999886,53.10499999999906],[0.3573999999999984,53.10499999999906],[0.3573999999999984,53.24709999999906],[0.31679999999999886,53.24709999999906],[0.31679999999999886,53.26739999999906],[0.2964999999999982,53.26739999999906],[0.2964999999999982,53.32829999999906],[0.2558999999999987,53.32829999999906],[0.2558999999999987,53.34859999999906],[0.2355999999999998,53.34859999999906],[0.2355999999999998,53.429799999999055],[0.1949999999999985,53.429799999999055],[0.1949999999999985,53.450099999999054],[0.17469999999999963,53.450099999999054],[0.17469999999999963,53.51099999999906],[0.13409999999999833,53.51099999999906],[0.13409999999999833,53.53129999999906],[0.05289999999999928,53.53129999999906],[0.05289999999999928,53.551599999999056],[-0.008000000000000895,53.551599999999056],[-0.008000000000000895,53.57189999999906],[-0.04860000000000042,53.57189999999906],[-0.04860000000000042,53.59219999999905],[-0.12980000000000125,53.59219999999905],[-0.12980000000000125,53.61249999999906],[-0.17040000000000077,53.61249999999906],[-0.17040000000000077,53.63279999999906],[-0.23130000000000095,53.63279999999906],[-0.23130000000000095,53.673399999999056],[-0.2516000000000016,53.673399999999056],[-0.2516000000000016,53.71399999999906],[-0.23130000000000095,53.71399999999906],[-0.23130000000000095,53.693699999999055],[-0.17040000000000077,53.693699999999055],[-0.17040000000000077,53.65309999999906],[-0.1095000000000006,53.65309999999906],[-0.1095000000000006,53.63279999999906],[-0.04860000000000042,53.63279999999906],[-0.04860000000000042,53.65309999999906],[0.07319999999999993,53.65309999999906],[0.07319999999999993,53.71399999999906],[0.05289999999999928,53.71399999999906],[0.05289999999999928,53.73429999999906],[0.012299999999999756,53.73429999999906],[0.012299999999999756,53.77489999999906],[-0.04860000000000042,53.77489999999906],[-0.04860000000000042,53.835799999999054],[-0.1095000000000006,53.835799999999054],[-0.1095000000000006,53.85609999999906],[-0.06890000000000107,53.85609999999906],[-0.06890000000000107,53.87639999999906],[-0.04860000000000042,53.87639999999906],[-0.04860000000000042,53.937299999999055],[-0.06890000000000107,53.937299999999055],[-0.06890000000000107,53.97789999999905],[-0.1095000000000006,53.97789999999905],[-0.1095000000000006,54.14029999999906],[-0.17040000000000077,54.14029999999906],[-0.17040000000000077,54.16059999999906],[-0.19070000000000142,54.16059999999906],[-0.19070000000000142,54.201199999999055],[-0.3125,54.221499999999054],[-0.3125,54.28239999999906],[-0.3531000000000013,54.28239999999906],[-0.3531000000000013,54.30269999999906],[-0.4140000000000015,54.30269999999906],[-0.4140000000000015,54.34329999999906],[-0.454600000000001,54.36359999999905],[-0.454600000000001,54.42449999999906],[-0.49520000000000053,54.42449999999906],[-0.5155000000000012,54.465099999999055],[-0.5561000000000007,54.465099999999055],[-0.5764000000000014,54.50569999999906],[-0.6170000000000009,54.50569999999906],[-0.6170000000000009,54.52599999999906],[-0.6982000000000017,54.52599999999906],[-0.6982000000000017,54.54629999999906],[-0.7591000000000001,54.54629999999906],[-0.7591000000000001,54.566599999999056],[-0.7997000000000014,54.566599999999056],[-0.7997000000000014,54.586899999999055],[-0.8606000000000016,54.586899999999055],[-0.8606000000000016,54.607199999999054],[-0.9418000000000006,54.607199999999054],[-0.9418000000000006,54.64779999999906],[-0.9215,54.64779999999906],[-0.9215,54.66809999999906],[-0.8809000000000005,54.66809999999906],[-0.8809000000000005,54.708699999999055],[-0.8606000000000016,54.708699999999055],[-0.8606000000000016,54.78989999999906],[-0.8200000000000003,54.78989999999906],[-0.8200000000000003,54.87109999999906],[-0.7591000000000001,54.87109999999906],[-0.7388000000000012,54.91169999999906],[-0.6576000000000004,54.91169999999906],[-0.6576000000000004,54.89139999999906],[-0.5561000000000007,54.89139999999906],[-0.5561000000000007,54.87109999999906],[-0.33280000000000065,54.87109999999906],[-0.33280000000000065,54.850799999999055],[-0.2719000000000005,54.850799999999055],[-0.2719000000000005,54.830499999999056],[0.03259999999999863,54.830499999999056],[0.03259999999999863,54.78989999999906],[0.07319999999999993,54.78989999999906],[0.0934999999999988,54.74929999999905]],[[8.558599999999998,54.30269999999906],[8.558599999999998,54.36359999999905],[8.5383,54.36359999999905],[8.5383,54.38389999999906],[8.457099999999997,54.38389999999906],[8.457099999999997,54.322999999999055],[8.497699999999998,54.322999999999055],[8.497699999999998,54.30269999999906],[8.558599999999998,54.30269999999906]],[[7.8887,54.221499999999054],[7.8887,54.16059999999906],[7.9496,54.16059999999906],[7.9496,54.221499999999054],[7.8887,54.221499999999054]],[[7.015799999999999,53.95759999999906],[7.015799999999999,53.87639999999906],[7.076699999999999,53.87639999999906],[7.076699999999999,53.89669999999906],[7.1782,53.89669999999906],[7.1782,53.95759999999906],[7.015799999999999,53.95759999999906]],[[2.5497999999999994,53.91699999999906],[2.5497999999999994,53.85609999999906],[2.6309999999999985,53.85609999999906],[2.6309999999999985,53.91699999999906],[2.5497999999999994,53.91699999999906]],[[3.3415,51.56219999999906],[3.3415,51.501299999999056],[3.422699999999999,51.501299999999056],[3.422699999999999,51.56219999999906],[3.3415,51.56219999999906]],[[-1.1854000000000013,50.587799999999056],[-1.1854000000000013,50.62839999999906],[-1.1245000000000012,50.62839999999906],[-1.1245000000000012,50.64869999999906],[-1.1042000000000005,50.64869999999906],[-1.1042000000000005,50.70959999999906],[-1.1245000000000012,50.70959999999906],[-1.1245000000000012,50.750199999999055],[-1.3478000000000012,50.750199999999055],[-1.3478000000000012,50.729899999999056],[-1.3884000000000007,50.729899999999056],[-1.3884000000000007,50.70959999999906],[-1.510200000000001,50.70959999999906],[-1.510200000000001,50.64869999999906],[-1.4696000000000016,50.64869999999906],[-1.4696000000000016,50.62839999999906],[-1.3884000000000007,50.62839999999906],[-1.3884000000000007,50.608099999999055],[-1.3275000000000006,50.608099999999055],[-1.3275000000000006,50.587799999999056],[-1.1854000000000013,50.587799999999056]],[[-2.5861,49.49159999999906],[-2.5861,49.43069999999906],[-2.5252,49.43069999999906],[-2.5252,49.49159999999906],[-2.5861,49.49159999999906]],[[-2.2410000000000014,49.24799999999906],[-2.2410000000000014,49.16679999999906],[-2.0177000000000014,49.16679999999906],[-2.0177000000000014,49.22769999999906],[-2.0989000000000004,49.22769999999906],[-2.0989000000000004,49.24799999999906],[-2.2410000000000014,49.24799999999906]],[[-6.5243,48.63899999999906],[-6.5243,48.69989999999906],[-6.6055,48.69989999999906],[-6.625800000000001,48.65929999999906],[-6.6867,48.65929999999906],[-6.6867,48.61869999999906],[-6.707000000000001,48.61869999999906],[-6.707000000000001,48.557799999999055],[-6.646100000000001,48.557799999999055],[-6.625800000000001,48.59839999999906],[-6.564900000000001,48.59839999999906],[-6.564900000000001,48.63899999999906],[-6.5243,48.63899999999906]]],[[[6.081999999999997,53.409499999999056],[6.081999999999997,53.450099999999054],[6.244399999999999,53.450099999999054],[6.244399999999999,53.429799999999055],[6.183499999999999,53.429799999999055],[6.183499999999999,53.409499999999056],[6.081999999999997,53.409499999999056]]],[[[7.3203,53.71399999999906],[7.3203,53.673399999999056],[7.239099999999997,53.673399999999056],[7.239099999999997,53.71399999999906],[7.3203,53.71399999999906]]],[[[7.523299999999999,53.71399999999906],[7.523299999999999,53.693699999999055],[7.4217999999999975,53.693699999999055],[7.4217999999999975,53.71399999999906],[7.3203,53.71399999999906],[7.3203,53.73429999999906],[7.462399999999999,53.73429999999906],[7.462399999999999,53.71399999999906],[7.523299999999999,53.71399999999906]]],[[[8.051099999999998,54.708699999999055],[8.071399999999997,54.708699999999055],[8.071399999999997,54.74929999999905],[8.132299999999997,54.74929999999905],[8.132299999999997,54.76959999999906],[8.172899999999998,54.76959999999906],[8.172899999999998,54.78989999999906],[8.3353,54.78989999999906],[8.3353,54.76959999999906],[8.436799999999998,54.76959999999906],[8.436799999999998,54.74929999999905],[8.396199999999997,54.74929999999905],[8.396199999999997,54.688399999999056],[8.172899999999998,54.688399999999056],[8.172899999999998,54.72899999999906],[8.0917,54.72899999999906],[8.0917,54.688399999999056],[8.051099999999998,54.688399999999056],[8.051099999999998,54.708699999999055]]],[[[8.4774,54.87109999999906],[8.497699999999998,54.87109999999906],[8.497699999999998,54.89139999999906],[8.578899999999997,54.89139999999906],[8.558599999999998,54.850799999999055],[8.4774,54.850799999999055],[8.4774,54.87109999999906]]],[[[-1.3681,55.03349999999906],[-1.286900000000001,55.03349999999906],[-1.286900000000001,55.01319999999906],[-1.2666000000000004,55.01319999999906],[-1.2666000000000004,54.972599999999055],[-1.2260000000000009,54.972599999999055],[-1.2260000000000009,54.91169999999906],[-1.286900000000001,54.91169999999906],[-1.286900000000001,54.93199999999906],[-1.3072000000000017,54.93199999999906],[-1.3072000000000017,54.972599999999055],[-1.3681,54.972599999999055],[-1.3681,55.03349999999906]]],[[[8.436799999999998,55.074099999999056],[8.517999999999997,55.074099999999056],[8.517999999999997,55.01319999999906],[8.436799999999998,55.01319999999906],[8.436799999999998,55.05379999999906],[8.355599999999999,55.05379999999906],[8.355599999999999,55.074099999999056],[8.4165,55.074099999999056],[8.4165,55.094399999999055],[8.436799999999998,55.094399999999055],[8.436799999999998,55.074099999999056]]],[[[8.619499999999999,55.216199999999056],[8.680399999999999,55.216199999999056],[8.680399999999999,55.15529999999906],[8.5992,55.15529999999906],[8.5992,55.17559999999906],[8.558599999999998,55.17559999999906],[8.558599999999998,55.216199999999056],[8.497699999999998,55.216199999999056],[8.497699999999998,55.236499999999054],[8.619499999999999,55.236499999999054],[8.619499999999999,55.216199999999056]]],[[[7.929299999999998,55.50039999999906],[7.908999999999999,55.50039999999906],[7.908999999999999,55.52069999999906],[7.868399999999998,55.52069999999906],[7.868399999999998,55.54099999999906],[7.929299999999998,55.54099999999906],[7.929299999999998,55.58159999999906],[7.990199999999998,55.58159999999906],[7.990199999999998,55.601899999999056],[8.0308,55.601899999999056],[8.0308,55.58159999999906],[8.071399999999997,55.58159999999906],[8.071399999999997,55.54099999999906],[8.0917,55.54099999999906],[8.0917,55.52069999999906],[8.0308,55.52069999999906],[8.0308,55.480099999999055],[7.990199999999998,55.480099999999055],[7.990199999999998,55.52069999999906],[7.929299999999998,55.52069999999906],[7.929299999999998,55.50039999999906]]],[[[-1.4087000000000014,55.90639999999906],[-1.1448,55.90639999999906],[-1.1448,55.88609999999906],[-1.1651000000000007,55.88609999999906],[-1.1651000000000007,55.82519999999906],[-1.0839000000000016,55.78459999999906],[-1.0839000000000016,55.743999999999055],[-1.0433000000000003,55.743999999999055],[-1.0433000000000003,55.68309999999906],[-1.1448,55.68309999999906],[-1.1448,55.622199999999054],[-1.0839000000000016,55.622199999999054],[-1.0839000000000016,55.601899999999056],[-1.1042000000000005,55.601899999999056],[-1.1042000000000005,55.56129999999906],[-1.1651000000000007,55.56129999999906],[-1.1651000000000007,55.39889999999906],[-1.2057000000000002,55.39889999999906],[-1.2057000000000002,55.29739999999906],[-1.2260000000000009,55.29739999999906],[-1.2260000000000009,55.27709999999906],[-1.3275000000000006,55.27709999999906],[-1.3275000000000006,55.236499999999054],[-1.4087000000000014,55.236499999999054],[-1.4087000000000014,55.216199999999056],[-1.4696000000000016,55.216199999999056],[-1.4899000000000004,55.337999999999056],[-1.5305,55.337999999999056],[-1.5305,55.41919999999906],[-1.5914000000000001,55.41919999999906],[-1.5914000000000001,55.480099999999055],[-1.6117000000000008,55.480099999999055],[-1.6117000000000008,55.50039999999906],[-1.5914000000000001,55.50039999999906],[-1.5914000000000001,55.56129999999906],[-1.6523000000000003,55.56129999999906],[-1.6523000000000003,55.601899999999056],[-1.672600000000001,55.601899999999056],[-1.672600000000001,55.66279999999906],[-1.7132000000000005,55.66279999999906],[-1.7132000000000005,55.68309999999906],[-1.7741000000000007,55.68309999999906],[-1.7944000000000013,55.723699999999056],[-1.8553000000000015,55.723699999999056],[-1.8553000000000015,55.764299999999054],[-1.895900000000001,55.764299999999054],[-1.895900000000001,55.78459999999906],[-1.9162,55.78459999999906],[-1.9162,55.80489999999906],[-1.9568000000000012,55.80489999999906],[-1.9568000000000012,55.82519999999906],[-2.0786000000000016,55.845499999999056],[-2.0786000000000016,55.90639999999906],[-2.0989000000000004,55.90639999999906],[-2.0989000000000004,55.92669999999906],[-2.1395,55.92669999999906],[-2.1395,55.94699999999906],[-1.8756000000000004,55.94699999999906],[-1.8756000000000004,55.92669999999906],[-1.8350000000000009,55.92669999999906],[-1.8350000000000009,55.865799999999055],[-1.7741000000000007,55.865799999999055],[-1.7741000000000007,55.845499999999056],[-1.7132000000000005,55.845499999999056],[-1.7132000000000005,55.82519999999906],[-1.5508000000000006,55.82519999999906],[-1.5305,55.865799999999055],[-1.4087000000000014,55.865799999999055],[-1.4087000000000014,55.90639999999906]]],[[[-1.0230000000000015,57.75369999999906],[-0.9824000000000002,57.75369999999906],[-0.9824000000000002,57.69279999999905],[-1.0433000000000003,57.69279999999905],[-1.0433000000000003,57.672499999999054],[-1.0839000000000016,57.672499999999054],[-1.0839000000000016,57.652199999999056],[-1.1042000000000005,57.652199999999056],[-1.1042000000000005,57.61159999999906],[-1.1448,57.61159999999906],[-1.1448,57.530399999999055],[-0.9012000000000011,57.530399999999055],[-0.9012000000000011,57.510099999999056],[-0.8403000000000009,57.510099999999056],[-0.8403000000000009,57.48979999999906],[-0.7388000000000012,57.48979999999906],[-0.7388000000000012,57.46949999999906],[-0.6779000000000011,57.46949999999906],[-0.6779000000000011,57.44919999999906],[-0.5358,57.44919999999906],[-0.5358,57.42889999999906],[-0.47490000000000165,57.42889999999906],[-0.47490000000000165,57.408599999999055],[-0.33280000000000065,57.408599999999055],[-0.33280000000000065,57.388299999999056],[-0.2110000000000003,57.388299999999056],[-0.2110000000000003,57.36799999999906],[-0.1095000000000006,57.36799999999906],[-0.1095000000000006,57.32739999999906],[-0.15010000000000012,57.32739999999906],[-0.15010000000000012,57.30709999999905],[-0.2110000000000003,57.30709999999905],[-0.23130000000000095,57.266499999999056],[-0.33280000000000065,57.266499999999056],[-0.33280000000000065,57.24619999999906],[-0.3937000000000008,57.24619999999906],[-0.3937000000000008,57.22589999999906],[-0.5561000000000007,57.22589999999906],[-0.5561000000000007,57.20559999999906],[-0.5967000000000002,57.20559999999906],[-0.5967000000000002,57.18529999999906],[-0.6576000000000004,57.18529999999906],[-0.6779000000000011,57.144699999999055],[-0.7185000000000006,57.144699999999055],[-0.7185000000000006,57.08379999999906],[-0.6779000000000011,57.08379999999906],[-0.6576000000000004,57.04319999999906],[-0.6170000000000009,57.04319999999906],[-0.6170000000000009,57.022899999999055],[-0.6576000000000004,57.022899999999055],[-0.6576000000000004,56.98229999999906],[-0.7185000000000006,56.98229999999906],[-0.7185000000000006,56.901099999999055],[-0.8606000000000016,56.901099999999055],[-0.8606000000000016,56.86049999999906],[-0.9215,56.86049999999906],[-0.9215,56.84019999999906],[-0.9621000000000013,56.84019999999906],[-0.9621000000000013,56.81989999999906],[-1.0230000000000015,56.81989999999906],[-1.0230000000000015,56.779299999999054],[-1.0839000000000016,56.779299999999054],[-1.1042000000000005,56.738699999999056],[-1.1448,56.738699999999056],[-1.1448,56.69809999999906],[-1.2666000000000004,56.67779999999906],[-1.286900000000001,56.637199999999055],[-1.3275000000000006,56.637199999999055],[-1.3275000000000006,56.616899999999056],[-1.3478000000000012,56.616899999999056],[-1.3478000000000012,56.55599999999906],[-1.3275000000000006,56.55599999999906],[-1.3275000000000006,56.495099999999056],[-1.3478000000000012,56.495099999999056],[-1.3478000000000012,56.45449999999906],[-1.449300000000001,56.45449999999906],[-1.449300000000001,56.43419999999906],[-1.5305,56.43419999999906],[-1.5305,56.393599999999054],[-1.5914000000000001,56.393599999999054],[-1.5914000000000001,56.33269999999906],[-1.6117000000000008,56.33269999999906],[-1.6117000000000008,56.35299999999906],[-1.672600000000001,56.35299999999906],[-1.672600000000001,56.373299999999055],[-1.7538,56.373299999999055],[-1.7538,56.31239999999906],[-1.8350000000000009,56.31239999999906],[-1.8350000000000009,56.35299999999906],[-1.7741000000000007,56.35299999999906],[-1.7741000000000007,56.41389999999906],[-1.7944000000000013,56.41389999999906],[-1.7944000000000013,56.43419999999906],[-1.8350000000000009,56.43419999999906],[-1.8350000000000009,56.45449999999906],[-1.9568000000000012,56.45449999999906],[-1.9568000000000012,56.495099999999056],[-2.0177000000000014,56.495099999999056],[-2.0177000000000014,56.41389999999906],[-2.1395,56.43419999999906],[-2.1395,56.41389999999906],[-2.2004,56.41389999999906],[-2.2004,56.373299999999055],[-2.3831000000000007,56.373299999999055],[-2.3831000000000007,56.41389999999906],[-2.444000000000001,56.41389999999906],[-2.444000000000001,56.393599999999054],[-2.504900000000001,56.393599999999054],[-2.504900000000001,56.41389999999906],[-2.6064000000000007,56.41389999999906],[-2.6064000000000007,56.45449999999906],[-2.5861,56.45449999999906],[-2.5861,56.47479999999906],[-2.5455000000000005,56.47479999999906],[-2.5252,56.55599999999906],[-2.4643000000000015,56.55599999999906],[-2.4643000000000015,56.59659999999906],[-2.444000000000001,56.59659999999906],[-2.444000000000001,56.67779999999906],[-2.3831000000000007,56.67779999999906],[-2.3831000000000007,56.71839999999906],[-2.342500000000001,56.71839999999906],[-2.3222000000000005,56.79959999999906],[-2.2613000000000003,56.79959999999906],[-2.2613000000000003,56.81989999999906],[-2.220700000000001,56.81989999999906],[-2.220700000000001,56.880799999999056],[-2.2004,56.880799999999056],[-2.2004,56.92139999999905],[-2.1598000000000006,56.92139999999905],[-2.1598000000000006,56.96199999999906],[-2.1395,56.96199999999906],[-2.1395,57.04319999999906],[-2.0786000000000016,57.04319999999906],[-2.0786000000000016,57.164999999999054],[-2.0177000000000014,57.164999999999054],[-2.0177000000000014,57.22589999999906],[-1.9771,57.22589999999906],[-1.9771,57.30709999999905],[-1.9162,57.30709999999905],[-1.9162,57.32739999999906],[-1.895900000000001,57.32739999999906],[-1.895900000000001,57.388299999999056],[-1.8553000000000015,57.388299999999056],[-1.8350000000000009,57.42889999999906],[-1.7944000000000013,57.42889999999906],[-1.7944000000000013,57.44919999999906],[-1.7741000000000007,57.44919999999906],[-1.7741000000000007,57.510099999999056],[-1.7944000000000013,57.510099999999056],[-1.7944000000000013,57.550699999999054],[-1.8350000000000009,57.550699999999054],[-1.8350000000000009,57.63189999999906],[-1.895900000000001,57.63189999999906],[-1.9162,57.672499999999054],[-1.9771,57.672499999999054],[-1.9771,57.69279999999905],[-2.0786000000000016,57.69279999999905],[-2.0786000000000016,57.81459999999906],[-1.9771,57.81459999999906],[-1.9771,57.83489999999906],[-1.895900000000001,57.83489999999906],[-1.895900000000001,57.85519999999906],[-1.5508000000000006,57.85519999999906],[-1.5508000000000006,57.87549999999906],[-1.4696000000000016,57.87549999999906],[-1.4696000000000016,57.895799999999056],[-1.4087000000000014,57.895799999999056],[-1.4087000000000014,57.85519999999906],[-1.3275000000000006,57.85519999999906],[-1.3275000000000006,57.83489999999906],[-1.2666000000000004,57.83489999999906],[-1.2666000000000004,57.81459999999906],[-1.1448,57.81459999999906],[-1.1448,57.794299999999055],[-1.1042000000000005,57.794299999999055],[-1.1042000000000005,57.773999999999056],[-1.0230000000000015,57.773999999999056],[-1.0230000000000015,57.75369999999906]],[[-1.449300000000001,56.59659999999906],[-1.449300000000001,56.53569999999905],[-1.3681,56.53569999999905],[-1.3681,56.59659999999906],[-1.449300000000001,56.59659999999906]],[[-1.7538,56.45449999999906],[-1.7538,56.393599999999054],[-1.672600000000001,56.393599999999054],[-1.672600000000001,56.45449999999906],[-1.7538,56.45449999999906]]],[[[-1.6523000000000003,60.16939999999906],[-1.6929000000000016,60.16939999999906],[-1.7132000000000005,60.12879999999906],[-1.8350000000000009,60.12879999999906],[-1.8350000000000009,60.108499999999054],[-1.895900000000001,60.108499999999054],[-1.895900000000001,60.088199999999055],[-1.9974000000000007,60.088199999999055],[-1.9974000000000007,60.02729999999906],[-1.9365000000000006,60.02729999999906],[-1.9365000000000006,60.00699999999906],[-1.895900000000001,60.00699999999906],[-1.895900000000001,59.966399999999055],[-1.9365000000000006,59.966399999999055],[-1.9365000000000006,59.90549999999906],[-1.895900000000001,59.90549999999906],[-1.895900000000001,59.88519999999906],[-1.7944000000000013,59.88519999999906],[-1.7944000000000013,59.90549999999906],[-1.672600000000001,59.90549999999906],[-1.672600000000001,59.92579999999906],[-1.6117000000000008,59.92579999999906],[-1.6117000000000008,59.946099999999056],[-1.3884000000000007,59.946099999999056],[-1.3884000000000007,59.90549999999906],[-1.3275000000000006,59.90549999999906],[-1.3275000000000006,59.88519999999906],[-1.2260000000000009,59.88519999999906],[-1.2057000000000002,59.844599999999055],[-1.1651000000000007,59.844599999999055],[-1.1651000000000007,59.78369999999906],[-1.2057000000000002,59.78369999999906],[-1.2057000000000002,59.702499999999056],[-1.2260000000000009,59.702499999999056],[-1.2260000000000009,59.66189999999906],[-1.2666000000000004,59.66189999999906],[-1.2666000000000004,59.580699999999055],[-1.286900000000001,59.580699999999055],[-1.286900000000001,59.51979999999906],[-1.3275000000000006,59.51979999999906],[-1.3275000000000006,59.479199999999054],[-1.3478000000000012,59.479199999999054],[-1.3478000000000012,59.458899999999055],[-1.3884000000000007,59.458899999999055],[-1.4087000000000014,59.37769999999906],[-1.449300000000001,59.37769999999906],[-1.449300000000001,59.337099999999054],[-1.5305,59.29649999999906],[-1.5305,59.23559999999906],[-1.5711000000000013,59.23559999999906],[-1.5711000000000013,59.215299999999054],[-1.5914000000000001,59.215299999999054],[-1.5914000000000001,59.174699999999056],[-1.6320000000000014,59.174699999999056],[-1.6523000000000003,59.13409999999906],[-1.6929000000000016,59.13409999999906],[-1.6929000000000016,59.093499999999054],[-1.7132000000000005,59.093499999999054],[-1.7132000000000005,59.073199999999055],[-1.7538,59.073199999999055],[-1.7538,59.052899999999056],[-1.8147000000000002,59.052899999999056],[-1.8147000000000002,59.03259999999906],[-1.8756000000000004,59.03259999999906],[-1.8756000000000004,59.01229999999906],[-1.9568000000000012,59.01229999999906],[-1.9568000000000012,58.99199999999906],[-2.1598000000000006,58.99199999999906],[-2.1598000000000006,59.01229999999906],[-2.4846000000000004,59.03259999999906],[-2.4846000000000004,59.01229999999906],[-2.5252,59.01229999999906],[-2.5252,58.99199999999906],[-2.565800000000001,58.99199999999906],[-2.565800000000001,58.87019999999906],[-2.667300000000001,58.87019999999906],[-2.667300000000001,58.97169999999906],[-2.728200000000001,58.97169999999906],[-2.728200000000001,59.01229999999906],[-2.7688000000000006,59.01229999999906],[-2.7688000000000006,59.052899999999056],[-2.7891000000000012,59.052899999999056],[-2.7891000000000012,59.073199999999055],[-2.8297000000000008,59.073199999999055],[-2.8297000000000008,59.093499999999054],[-2.890600000000001,59.093499999999054],[-2.890600000000001,59.052899999999056],[-2.951500000000001,59.052899999999056],[-2.951500000000001,59.174699999999056],[-3.0124000000000013,59.174699999999056],[-3.0124000000000013,59.11379999999906],[-3.0936000000000003,59.11379999999906],[-3.0936000000000003,59.13409999999906],[-3.0327,59.13409999999906],[-3.0327,59.194999999999055],[-3.1545000000000005,59.194999999999055],[-3.1545000000000005,59.23559999999906],[-3.1342,59.23559999999906],[-3.1342,59.25589999999906],[-3.0936000000000003,59.25589999999906],[-3.0936000000000003,59.27619999999906],[-2.951500000000001,59.27619999999906],[-2.951500000000001,59.25589999999906],[-2.7688000000000006,59.25589999999906],[-2.7688000000000006,59.23559999999906],[-2.8094,59.23559999999906],[-2.8094,59.15439999999906],[-2.7079000000000004,59.15439999999906],[-2.6876000000000015,59.073199999999055],[-2.5455000000000005,59.073199999999055],[-2.5455000000000005,59.13409999999906],[-2.4643000000000015,59.15439999999906],[-2.4643000000000015,59.215299999999054],[-2.504900000000001,59.215299999999054],[-2.504900000000001,59.29649999999906],[-2.6064000000000007,59.29649999999906],[-2.6064000000000007,59.316799999999056],[-2.6470000000000002,59.316799999999056],[-2.6470000000000002,59.37769999999906],[-2.8094,59.37769999999906],[-2.8094,59.35739999999906],[-3.0124000000000013,59.35739999999906],[-3.0124000000000013,59.337099999999054],[-3.1545000000000005,59.337099999999054],[-3.1545000000000005,59.35739999999906],[-3.1951,59.35739999999906],[-3.1951,59.37769999999906],[-3.3169000000000004,59.37769999999906],[-3.337200000000001,59.458899999999055],[-3.3778000000000006,59.458899999999055],[-3.3778000000000006,59.49949999999906],[-3.3981000000000012,59.49949999999906],[-3.3778000000000006,59.66189999999906],[-3.337200000000001,59.66189999999906],[-3.337200000000001,59.702499999999056],[-3.3169000000000004,59.702499999999056],[-3.3169000000000004,59.722799999999054],[-3.276300000000001,59.722799999999054],[-3.276300000000001,59.76339999999906],[-3.2560000000000002,59.76339999999906],[-3.2560000000000002,59.78369999999906],[-3.2154000000000007,59.78369999999906],[-3.1951,59.824299999999056],[-3.1545000000000005,59.824299999999056],[-3.1545000000000005,59.844599999999055],[-3.0936000000000003,59.844599999999055],[-3.0936000000000003,59.88519999999906],[-3.0733000000000015,59.88519999999906],[-3.0733000000000015,59.90549999999906],[-2.951500000000001,59.90549999999906],[-2.951500000000001,59.92579999999906],[-2.9109,59.92579999999906],[-2.9109,59.946099999999056],[-2.8500000000000014,59.946099999999056],[-2.8500000000000014,60.02729999999906],[-2.8094,60.02729999999906],[-2.8094,59.90549999999906],[-2.7079000000000004,59.90549999999906],[-2.7079000000000004,59.92579999999906],[-2.667300000000001,59.92579999999906],[-2.667300000000001,59.946099999999056],[-2.5861,59.946099999999056],[-2.5861,59.966399999999055],[-2.565800000000001,59.966399999999055],[-2.565800000000001,59.946099999999056],[-2.444000000000001,59.946099999999056],[-2.444000000000001,59.90549999999906],[-2.342500000000001,59.90549999999906],[-2.3222000000000005,59.946099999999056],[-2.281600000000001,59.946099999999056],[-2.281600000000001,59.966399999999055],[-2.2613000000000003,59.966399999999055],[-2.2613000000000003,60.06789999999906],[-2.220700000000001,60.06789999999906],[-2.220700000000001,60.14909999999906],[-2.1395,60.14909999999906],[-2.1395,60.12879999999906],[-2.0786000000000016,60.12879999999906],[-2.0786000000000016,60.209999999999056],[-2.0989000000000004,60.209999999999056],[-2.0989000000000004,60.230299999999055],[-2.0786000000000016,60.230299999999055],[-2.0786000000000016,60.250599999999054],[-2.0380000000000003,60.250599999999054],[-2.0380000000000003,60.27089999999906],[-2.0177000000000014,60.27089999999906],[-2.0177000000000014,60.31149999999906],[-1.9162,60.31149999999906],[-1.895900000000001,60.352099999999055],[-1.7944000000000013,60.352099999999055],[-1.7944000000000013,60.372399999999054],[-1.7741000000000007,60.372399999999054],[-1.7538,60.331799999999056],[-1.7132000000000005,60.331799999999056],[-1.7132000000000005,60.27089999999906],[-1.6929000000000016,60.27089999999906],[-1.6929000000000016,60.230299999999055],[-1.6523000000000003,60.230299999999055],[-1.6523000000000003,60.209999999999056],[-1.6320000000000014,60.209999999999056],[-1.6523000000000003,60.16939999999906]]],[[[-0.9418000000000006,60.39269999999906],[-0.8403000000000009,60.39269999999906],[-0.8403000000000009,60.372399999999054],[-0.8606000000000016,60.372399999999054],[-0.8606000000000016,60.331799999999056],[-0.9418000000000006,60.331799999999056],[-0.9418000000000006,60.39269999999906]]],[[[-1.1651000000000007,60.494199999999054],[-1.1448,60.494199999999054],[-1.1448,60.473899999999055],[-1.1042000000000005,60.473899999999055],[-1.1042000000000005,60.45359999999906],[-1.1651000000000007,60.45359999999906],[-1.1854000000000013,60.494199999999054],[-1.2260000000000009,60.494199999999054],[-1.2260000000000009,60.51449999999906],[-1.1651000000000007,60.51449999999906],[-1.1651000000000007,60.494199999999054]]],[[[-0.6170000000000009,60.77839999999906],[-0.7591000000000001,60.77839999999906],[-0.7591000000000001,60.81899999999906],[-0.8809000000000005,60.81899999999906],[-0.8809000000000005,60.83929999999906],[-0.9215,60.83929999999906],[-0.9215,60.859599999999055],[-0.9418000000000006,60.859599999999055],[-0.9418000000000006,60.92049999999906],[-0.8809000000000005,60.92049999999906],[-0.8606000000000016,60.96109999999906],[-0.7997000000000014,60.96109999999906],[-0.7997000000000014,60.94079999999906],[-0.7185000000000006,60.94079999999906],[-0.7185000000000006,60.92049999999906],[-0.6576000000000004,60.92049999999906],[-0.6576000000000004,60.90019999999906],[-0.6170000000000009,60.90019999999906],[-0.6170000000000009,60.879899999999054],[-0.5967000000000002,60.879899999999054],[-0.5967000000000002,60.81899999999906],[-0.6170000000000009,60.81899999999906],[-0.6170000000000009,60.77839999999906]]]]}}]}