{"type":"FeatureCollection","name":"tidal_current_mask_atlne","generated_at":"2026-09-20T18:44:50+00:00","source":"MARC PREVIMER harmonic atlases (MARS2D, Tidal ToolBox analysis of the 2008-2009 replay), harmonic atlases in the standard format (docs/harmonic_atlas_format.md)","features":[{"type":"Feature","properties":{"threshold_kt":0.0,"kind":"extent","atlas":"ATLNE","resolution_m":2000,"method":"max speed over 15 days hourly, all constituents","area_deg2":209.3},"geometry":{"type":"MultiPolygon","coordinates":[[[[2.8599999999999994,51.22000000000406],[2.8599999999999994,51.180000000004064],[2.7600000000000016,51.180000000004064],[2.7600000000000016,51.12000000000406],[2.6799999999999997,51.12000000000406],[2.6799999999999997,51.100000000004066],[2.6400000000000006,51.100000000004066],[2.6400000000000006,51.08000000000406],[2.580000000000002,51.08000000000406],[2.580000000000002,51.06000000000407],[2.5,51.06000000000407],[2.5,51.04000000000406],[2.4400000000000013,51.04000000000406],[2.4400000000000013,51.02000000000406],[2.280000000000001,51.02000000000406],[2.280000000000001,51.000000000004064],[2.1400000000000006,51.000000000004064],[2.1400000000000006,50.98000000000407],[2.0599999999999987,50.98000000000407],[2.0599999999999987,50.960000000004065],[1.9000000000000021,50.960000000004065],[1.9000000000000021,50.94000000000406],[1.8399999999999999,50.94000000000406],[1.8399999999999999,50.920000000004066],[1.7600000000000016,50.920000000004066],[1.7600000000000016,50.90000000000406],[1.6999999999999993,50.90000000000406],[1.6999999999999993,50.88000000000406],[1.6600000000000001,50.88000000000406],[1.6400000000000006,50.84000000000407],[1.6000000000000014,50.84000000000407],[1.6000000000000014,50.72000000000406],[1.5800000000000018,50.72000000000406],[1.5800000000000018,50.56000000000407],[1.6000000000000014,50.56000000000407],[1.6000000000000014,50.500000000004064],[1.5800000000000018,50.500000000004064],[1.5800000000000018,50.240000000004066],[1.6000000000000014,50.240000000004066],[1.6000000000000014,50.22000000000406],[1.6400000000000006,50.22000000000406],[1.6400000000000006,50.20000000000407],[1.6999999999999993,50.20000000000407],[1.6999999999999993,50.140000000004065],[1.620000000000001,50.140000000004065],[1.620000000000001,50.16000000000406],[1.4800000000000004,50.16000000000406],[1.4800000000000004,50.100000000004066],[1.4600000000000009,50.100000000004066],[1.4600000000000009,50.06000000000407],[1.4400000000000013,50.06000000000407],[1.4400000000000013,50.04000000000406],[1.4000000000000021,50.04000000000406],[1.4000000000000021,50.02000000000406],[1.3399999999999999,50.02000000000406],[1.3399999999999999,50.000000000004064],[1.2800000000000011,50.000000000004064],[1.2600000000000016,49.960000000004065],[1.2199999999999989,49.960000000004065],[1.1999999999999993,49.920000000004066],[1.1400000000000006,49.920000000004066],[1.1400000000000006,49.90000000000406],[1.0800000000000018,49.90000000000406],[1.0800000000000018,49.88000000000406],[0.9000000000000021,49.88000000000406],[0.9000000000000021,49.860000000004064],[0.8000000000000007,49.860000000004064],[0.8000000000000007,49.84000000000407],[0.740000000000002,49.84000000000407],[0.740000000000002,49.820000000004065],[0.5800000000000018,49.820000000004065],[0.5800000000000018,49.80000000000406],[0.4800000000000004,49.80000000000406],[0.46000000000000085,49.76000000000406],[0.40000000000000213,49.76000000000406],[0.40000000000000213,49.740000000004066],[0.35999999999999943,49.740000000004066],[0.35999999999999943,49.72000000000406],[0.240000000000002,49.70000000000407],[0.240000000000002,49.680000000004064],[0.17999999999999972,49.680000000004064],[0.17999999999999972,49.62000000000406],[0.16000000000000014,49.62000000000406],[0.16000000000000014,49.58000000000406],[0.120000000000001,49.58000000000406],[0.120000000000001,49.48000000000407],[0.17999999999999972,49.48000000000407],[0.17999999999999972,49.460000000004065],[0.40000000000000213,49.460000000004065],[0.40000000000000213,49.420000000004066],[0.35999999999999943,49.420000000004066],[0.35999999999999943,49.40000000000406],[0.17999999999999972,49.40000000000406],[0.17999999999999972,49.38000000000406],[0.120000000000001,49.38000000000406],[0.10000000000000142,49.34000000000407],[0.05999999999999872,49.34000000000407],[0.05999999999999872,49.320000000004065],[0.03999999999999915,49.320000000004065],[0.019999999999999574,49.280000000004065],[-0.03999999999999915,49.280000000004065],[-0.03999999999999915,49.26000000000406],[-0.3000000000000007,49.26000000000406],[-0.3000000000000007,49.280000000004065],[-0.35999999999999943,49.280000000004065],[-0.35999999999999943,49.30000000000406],[-0.4800000000000004,49.30000000000406],[-0.4800000000000004,49.320000000004065],[-0.5799999999999983,49.320000000004065],[-0.5799999999999983,49.30000000000406],[-0.6400000000000006,49.30000000000406],[-0.6400000000000006,49.320000000004065],[-0.8399999999999999,49.320000000004065],[-0.8399999999999999,49.34000000000407],[-0.8999999999999986,49.34000000000407],[-0.8999999999999986,49.360000000004064],[-1.0799999999999983,49.360000000004064],[-1.0799999999999983,49.34000000000407],[-1.120000000000001,49.34000000000407],[-1.120000000000001,49.320000000004065],[-1.1600000000000001,49.320000000004065],[-1.1600000000000001,49.34000000000407],[-1.1999999999999993,49.34000000000407],[-1.1999999999999993,49.420000000004066],[-1.259999999999998,49.420000000004066],[-1.259999999999998,49.44000000000406],[-1.2800000000000011,49.44000000000406],[-1.2800000000000011,49.48000000000407],[-1.3200000000000003,49.48000000000407],[-1.3200000000000003,49.66000000000406],[-1.4400000000000013,49.66000000000406],[-1.4600000000000009,49.62000000000406],[-1.6600000000000001,49.62000000000406],[-1.6600000000000001,49.640000000004065],[-1.8200000000000003,49.640000000004065],[-1.8200000000000003,49.48000000000407],[-1.8000000000000007,49.48000000000407],[-1.8000000000000007,49.40000000000406],[-1.7399999999999984,49.40000000000406],[-1.7399999999999984,49.360000000004064],[-1.6999999999999993,49.360000000004064],[-1.6999999999999993,49.34000000000407],[-1.6799999999999997,49.34000000000407],[-1.6799999999999997,49.30000000000406],[-1.6400000000000006,49.30000000000406],[-1.6400000000000006,49.26000000000406],[-1.5599999999999987,49.26000000000406],[-1.5599999999999987,49.180000000004064],[-1.5799999999999983,49.180000000004064],[-1.5799999999999983,49.04000000000406],[-1.5599999999999987,49.04000000000406],[-1.5599999999999987,48.76000000000406],[-1.5199999999999996,48.76000000000406],[-1.5199999999999996,48.74000000000406],[-1.5,48.74000000000406],[-1.5,48.70000000000407],[-1.4400000000000013,48.70000000000407],[-1.4400000000000013,48.680000000004064],[-1.3999999999999986,48.680000000004064],[-1.3999999999999986,48.62000000000407],[-1.4400000000000013,48.62000000000407],[-1.4400000000000013,48.600000000004066],[-1.4800000000000004,48.600000000004066],[-1.4800000000000004,48.62000000000407],[-1.6400000000000006,48.62000000000407],[-1.6400000000000006,48.600000000004066],[-1.6999999999999993,48.600000000004066],[-1.6999999999999993,48.58000000000406],[-1.8200000000000003,48.58000000000406],[-1.8399999999999999,48.62000000000407],[-1.879999999999999,48.62000000000407],[-1.879999999999999,48.640000000004065],[-1.9800000000000004,48.640000000004065],[-2.0,48.600000000004066],[-2.120000000000001,48.600000000004066],[-2.120000000000001,48.58000000000406],[-2.1799999999999997,48.58000000000406],[-2.1799999999999997,48.56000000000407],[-2.219999999999999,48.56000000000407],[-2.219999999999999,48.58000000000406],[-2.259999999999998,48.58000000000406],[-2.259999999999998,48.600000000004066],[-2.3200000000000003,48.600000000004066],[-2.3200000000000003,48.62000000000407],[-2.419999999999998,48.62000000000407],[-2.419999999999998,48.600000000004066],[-2.4400000000000013,48.600000000004066],[-2.4400000000000013,48.58000000000406],[-2.4800000000000004,48.58000000000406],[-2.4800000000000004,48.56000000000407],[-2.539999999999999,48.56000000000407],[-2.539999999999999,48.54000000000406],[-2.599999999999998,48.54000000000406],[-2.599999999999998,48.52000000000406],[-2.66,48.52000000000406],[-2.66,48.500000000004064],[-2.7399999999999984,48.500000000004064],[-2.7399999999999984,48.54000000000406],[-2.8000000000000007,48.54000000000406],[-2.8000000000000007,48.56000000000407],[-2.8200000000000003,48.56000000000407],[-2.8200000000000003,48.600000000004066],[-2.8599999999999994,48.600000000004066],[-2.8599999999999994,48.640000000004065],[-2.8999999999999986,48.66000000000406],[-2.8999999999999986,48.680000000004064],[-2.9400000000000013,48.680000000004064],[-2.9400000000000013,48.72000000000406],[-3.0,48.72000000000406],[-3.0,48.74000000000406],[-3.0199999999999996,48.74000000000406],[-3.0199999999999996,48.780000000004065],[-3.0799999999999983,48.780000000004065],[-3.0799999999999983,48.820000000004065],[-3.120000000000001,48.820000000004065],[-3.120000000000001,48.84000000000407],[-3.219999999999999,48.84000000000407],[-3.219999999999999,48.820000000004065],[-3.3000000000000007,48.820000000004065],[-3.3000000000000007,48.80000000000406],[-3.34,48.80000000000406],[-3.34,48.780000000004065],[-3.3999999999999986,48.780000000004065],[-3.3999999999999986,48.76000000000406],[-3.4400000000000013,48.76000000000406],[-3.4400000000000013,48.780000000004065],[-3.539999999999999,48.780000000004065],[-3.539999999999999,48.70000000000407],[-3.5599999999999987,48.70000000000407],[-3.5599999999999987,48.640000000004065],[-3.620000000000001,48.640000000004065],[-3.620000000000001,48.66000000000406],[-3.6999999999999993,48.66000000000406],[-3.6999999999999993,48.680000000004064],[-3.84,48.680000000004064],[-3.84,48.600000000004066],[-3.919999999999998,48.600000000004066],[-3.919999999999998,48.640000000004065],[-3.9800000000000004,48.640000000004065],[-3.9800000000000004,48.680000000004064],[-4.039999999999999,48.680000000004064],[-4.039999999999999,48.66000000000406],[-4.199999999999999,48.66000000000406],[-4.219999999999999,48.62000000000407],[-4.280000000000001,48.62000000000407],[-4.280000000000001,48.640000000004065],[-4.359999999999999,48.640000000004065],[-4.359999999999999,48.62000000000407],[-4.419999999999998,48.62000000000407],[-4.419999999999998,48.600000000004066],[-4.460000000000001,48.600000000004066],[-4.460000000000001,48.58000000000406],[-4.579999999999998,48.58000000000406],[-4.600000000000001,48.54000000000406],[-4.699999999999999,48.54000000000406],[-4.699999999999999,48.52000000000406],[-4.719999999999999,48.52000000000406],[-4.719999999999999,48.460000000004065],[-4.759999999999998,48.460000000004065],[-4.759999999999998,48.40000000000406],[-4.719999999999999,48.40000000000406],[-4.719999999999999,48.38000000000406],[-4.5,48.38000000000406],[-4.5,48.40000000000406],[-4.440000000000001,48.40000000000406],[-4.440000000000001,48.420000000004066],[-4.399999999999999,48.420000000004066],[-4.399999999999999,48.38000000000406],[-4.280000000000001,48.38000000000406],[-4.280000000000001,48.34000000000407],[-4.219999999999999,48.34000000000407],[-4.219999999999999,48.26000000000406],[-4.259999999999998,48.26000000000406],[-4.259999999999998,48.100000000004066],[-4.280000000000001,48.100000000004066],[-4.280000000000001,48.06000000000407],[-4.419999999999998,48.06000000000407],[-4.419999999999998,48.000000000004064],[-4.399999999999999,48.000000000004064],[-4.399999999999999,47.98000000000407],[-4.359999999999999,47.98000000000407],[-4.359999999999999,47.920000000004066],[-4.34,47.920000000004066],[-4.34,47.820000000004065],[-4.18,47.820000000004065],[-4.18,47.860000000004064],[-4.16,47.860000000004064],[-4.16,47.88000000000406],[-4.120000000000001,47.88000000000406],[-4.120000000000001,47.90000000000406],[-4.0,47.90000000000406],[-3.9800000000000004,47.94000000000406],[-3.919999999999998,47.94000000000406],[-3.8999999999999986,47.860000000004064],[-3.8599999999999994,47.860000000004064],[-3.84,47.820000000004065],[-3.539999999999999,47.820000000004065],[-3.5199999999999996,47.780000000004065],[-3.4800000000000004,47.780000000004065],[-3.4800000000000004,47.74000000000406],[-3.379999999999999,47.74000000000406],[-3.379999999999999,47.76000000000406],[-3.3599999999999994,47.76000000000406],[-3.3599999999999994,47.74000000000406],[-3.3000000000000007,47.74000000000406],[-3.280000000000001,47.70000000000407],[-3.2399999999999984,47.70000000000407],[-3.219999999999999,47.66000000000406],[-3.1799999999999997,47.66000000000406],[-3.1799999999999997,47.640000000004065],[-3.099999999999998,47.640000000004065],[-3.099999999999998,47.62000000000407],[-2.960000000000001,47.62000000000407],[-2.960000000000001,47.640000000004065],[-2.7399999999999984,47.640000000004065],[-2.7399999999999984,47.62000000000407],[-2.719999999999999,47.62000000000407],[-2.719999999999999,47.56000000000407],[-2.5,47.56000000000407],[-2.5,47.54000000000406],[-2.419999999999998,47.54000000000406],[-2.419999999999998,47.52000000000406],[-2.379999999999999,47.52000000000406],[-2.379999999999999,47.460000000004065],[-2.419999999999998,47.460000000004065],[-2.419999999999998,47.44000000000406],[-2.4400000000000013,47.44000000000406],[-2.4400000000000013,47.40000000000406],[-2.4800000000000004,47.40000000000406],[-2.4800000000000004,47.30000000000406],[-2.3999999999999986,47.30000000000406],[-2.3999999999999986,47.320000000004065],[-2.379999999999999,47.320000000004065],[-2.3599999999999994,47.280000000004065],[-2.219999999999999,47.280000000004065],[-2.1999999999999993,47.320000000004065],[-2.1400000000000006,47.320000000004065],[-2.1400000000000006,47.34000000000407],[-1.9199999999999982,47.34000000000407],[-1.9199999999999982,47.320000000004065],[-1.879999999999999,47.320000000004065],[-1.8599999999999994,47.280000000004065],[-1.8000000000000007,47.280000000004065],[-1.8000000000000007,47.26000000000406],[-1.759999999999998,47.26000000000406],[-1.759999999999998,47.20000000000407],[-1.8000000000000007,47.20000000000407],[-1.8000000000000007,47.180000000004064],[-1.8399999999999999,47.180000000004064],[-1.8399999999999999,47.20000000000407],[-1.879999999999999,47.20000000000407],[-1.879999999999999,47.22000000000406],[-1.9400000000000013,47.22000000000406],[-1.9600000000000009,47.26000000000406],[-2.120000000000001,47.26000000000406],[-2.120000000000001,47.24000000000406],[-2.1400000000000006,47.24000000000406],[-2.1400000000000006,47.140000000004065],[-2.0599999999999987,47.12000000000407],[-2.0599999999999987,47.10000000000406],[-2.0,47.10000000000406],[-2.0,47.06000000000407],[-1.9800000000000004,47.06000000000407],[-1.9800000000000004,47.000000000004064],[-2.0,47.000000000004064],[-2.0,46.98000000000407],[-2.039999999999999,46.98000000000407],[-2.039999999999999,46.920000000004066],[-2.0599999999999987,46.920000000004066],[-2.0599999999999987,46.90000000000406],[-2.120000000000001,46.90000000000406],[-2.120000000000001,46.820000000004065],[-2.0599999999999987,46.820000000004065],[-2.0599999999999987,46.80000000000406],[-2.039999999999999,46.80000000000406],[-2.039999999999999,46.76000000000406],[-2.0,46.76000000000406],[-2.0,46.74000000000406],[-1.9400000000000013,46.74000000000406],[-1.9400000000000013,46.72000000000406],[-1.9199999999999982,46.72000000000406],[-1.9199999999999982,46.680000000004064],[-1.879999999999999,46.680000000004064],[-1.879999999999999,46.66000000000406],[-1.8599999999999994,46.66000000000406],[-1.8599999999999994,46.62000000000407],[-1.8200000000000003,46.62000000000407],[-1.8200000000000003,46.56000000000407],[-1.7399999999999984,46.52000000000406],[-1.7399999999999984,46.48000000000407],[-1.5799999999999983,46.48000000000407],[-1.5599999999999987,46.44000000000406],[-1.5,46.44000000000406],[-1.5,46.420000000004066],[-1.4600000000000009,46.420000000004066],[-1.4600000000000009,46.38000000000406],[-1.3599999999999994,46.38000000000406],[-1.3599999999999994,46.360000000004064],[-1.3200000000000003,46.360000000004064],[-1.3200000000000003,46.34000000000407],[-1.3000000000000007,46.34000000000407],[-1.3000000000000007,46.320000000004065],[-1.259999999999998,46.320000000004065],[-1.259999999999998,46.30000000000406],[-1.1600000000000001,46.30000000000406],[-1.1600000000000001,46.320000000004065],[-1.120000000000001,46.30000000000406],[-1.120000000000001,46.10000000000406],[-1.0799999999999983,46.10000000000406],[-1.0799999999999983,46.04000000000406],[-1.0599999999999987,46.04000000000406],[-1.0599999999999987,46.02000000000406],[-1.0199999999999996,46.02000000000406],[-1.0199999999999996,45.960000000004065],[-1.0599999999999987,45.960000000004065],[-1.0799999999999983,45.76000000000406],[-1.120000000000001,45.76000000000406],[-1.120000000000001,45.74000000000406],[-1.1400000000000006,45.74000000000406],[-1.1400000000000006,45.680000000004064],[-1.120000000000001,45.680000000004064],[-1.120000000000001,45.66000000000406],[-1.0799999999999983,45.66000000000406],[-1.0799999999999983,45.640000000004065],[-1.0199999999999996,45.640000000004065],[-1.0,45.60000000000406],[-0.9600000000000009,45.60000000000406],[-0.9400000000000013,45.56000000000407],[-0.8999999999999986,45.56000000000407],[-0.879999999999999,45.52000000000406],[-0.8399999999999999,45.52000000000406],[-0.8399999999999999,45.500000000004064],[-0.8200000000000003,45.500000000004064],[-0.8200000000000003,45.460000000004065],[-0.759999999999998,45.460000000004065],[-0.759999999999998,45.44000000000406],[-0.7199999999999989,45.44000000000406],[-0.7199999999999989,45.420000000004066],[-0.6999999999999993,45.420000000004066],[-0.6999999999999993,45.360000000004064],[-0.6799999999999997,45.360000000004064],[-0.6799999999999997,45.280000000004065],[-0.6400000000000006,45.280000000004065],[-0.6400000000000006,45.12000000000407],[-0.620000000000001,45.12000000000407],[-0.620000000000001,45.06000000000407],[-0.7199999999999989,45.06000000000407],[-0.7199999999999989,45.08000000000406],[-0.7399999999999984,45.08000000000406],[-0.7399999999999984,45.140000000004065],[-0.7800000000000011,45.140000000004065],[-0.7800000000000011,45.26000000000406],[-0.8000000000000007,45.26000000000406],[-0.8000000000000007,45.280000000004065],[-0.8399999999999999,45.280000000004065],[-0.8399999999999999,45.320000000004065],[-0.8599999999999994,45.320000000004065],[-0.8599999999999994,45.34000000000407],[-0.8999999999999986,45.34000000000407],[-0.8999999999999986,45.38000000000406],[-0.9600000000000009,45.38000000000406],[-0.9800000000000004,45.420000000004066],[-1.0199999999999996,45.420000000004066],[-1.0199999999999996,45.44000000000406],[-1.1400000000000006,45.44000000000406],[-1.1400000000000006,45.08000000000406],[-1.1799999999999997,45.08000000000406],[-1.1799999999999997,44.98000000000407],[-1.1999999999999993,44.98000000000407],[-1.1999999999999993,44.820000000004065],[-1.2399999999999984,44.820000000004065],[-1.2399999999999984,44.76000000000406],[-1.1600000000000001,44.76000000000406],[-1.1600000000000001,44.780000000004065],[-1.120000000000001,44.780000000004065],[-1.120000000000001,44.74000000000406],[-1.0599999999999987,44.74000000000406],[-1.0599999999999987,44.70000000000407],[-1.0199999999999996,44.70000000000407],[-1.0199999999999996,44.60000000000406],[-1.1799999999999997,44.60000000000406],[-1.1799999999999997,44.56000000000407],[-1.1999999999999993,44.56000000000407],[-1.1999999999999993,44.54000000000406],[-1.2399999999999984,44.54000000000406],[-1.2399999999999984,44.320000000004065],[-1.259999999999998,44.320000000004065],[-1.259999999999998,44.180000000004064],[-1.3000000000000007,44.180000000004064],[-1.3000000000000007,44.04000000000406],[-1.3200000000000003,44.04000000000406],[-1.3200000000000003,43.94000000000406],[-1.3599999999999994,43.94000000000406],[-1.3599999999999994,43.820000000004065],[-1.379999999999999,43.820000000004065],[-1.379999999999999,43.74000000000406],[-1.3999999999999986,43.74000000000406],[-1.3999999999999986,43.62000000000407],[-1.4400000000000013,43.62000000000407],[-1.4400000000000013,43.56000000000407],[-1.4600000000000009,43.56000000000407],[-1.4600000000000009,43.52000000000406],[-1.5,43.52000000000406],[-1.5199999999999996,43.44000000000406],[-1.5599999999999987,43.44000000000406],[-1.5799999999999983,43.40000000000406],[-1.620000000000001,43.40000000000406],[-1.6400000000000006,43.360000000004064],[-1.7399999999999984,43.360000000004064],[-1.7399999999999984,43.34000000000407],[-1.7800000000000011,43.34000000000407],[-1.7800000000000011,43.360000000004064],[-1.879999999999999,43.360000000004064],[-1.879999999999999,43.320000000004065],[-2.0599999999999987,43.320000000004065],[-2.0599999999999987,43.26000000000406],[-2.16,43.26000000000406],[-2.16,43.280000000004065],[-2.1999999999999993,43.280000000004065],[-2.1999999999999993,43.320000000004065],[-2.5,43.320000000004065],[-2.5,43.34000000000407],[-2.5199999999999996,43.34000000000407],[-2.5199999999999996,43.38000000000406],[-2.5799999999999983,43.38000000000406],[-2.5799999999999983,43.40000000000406],[-2.620000000000001,43.40000000000406],[-2.620000000000001,43.420000000004066],[-2.7399999999999984,43.420000000004066],[-2.7399999999999984,43.44000000000406],[-2.84,43.44000000000406],[-2.84,43.420000000004066],[-2.9800000000000004,43.420000000004066],[-2.9800000000000004,43.38000000000406],[-3.0599999999999987,43.38000000000406],[-3.0599999999999987,43.320000000004065],[-3.1799999999999997,43.320000000004065],[-3.1799999999999997,43.38000000000406],[-3.3599999999999994,43.38000000000406],[-3.3599999999999994,43.420000000004066],[-3.419999999999998,43.420000000004066],[-3.419999999999998,43.460000000004065],[-3.620000000000001,43.460000000004065],[-3.620000000000001,43.48000000000407],[-3.719999999999999,43.48000000000407],[-3.719999999999999,43.460000000004065],[-3.9800000000000004,43.460000000004065],[-3.9800000000000004,43.44000000000406],[-4.079999999999998,43.44000000000406],[-4.079999999999998,43.420000000004066],[-4.140000000000001,43.420000000004066],[-4.16,43.38000000000406],[-4.719999999999999,43.38000000000406],[-4.719999999999999,43.40000000000406],[-4.739999999999998,43.40000000000406],[-4.739999999999998,43.44000000000406],[-5.1,43.44000000000406],[-5.1,43.460000000004065],[-5.279999999999999,43.460000000004065],[-5.279999999999999,43.52000000000406],[-5.699999999999999,43.52000000000406],[-5.699999999999999,43.58000000000406],[-5.779999999999999,43.58000000000406],[-5.779999999999999,43.62000000000407],[-5.84,43.62000000000407],[-5.84,43.66000000000406],[-6.140000000000001,43.66000000000406],[-6.140000000000001,43.640000000004065],[-6.18,43.640000000004065],[-6.18,43.62000000000407],[-6.24,43.62000000000407],[-6.24,43.56000000000407],[-6.26,43.56000000000407],[-6.26,43.54000000000406],[-6.299999999999999,43.54000000000406],[-6.299999999999999,43.52000000000406],[-7.199999999999999,43.52000000000406],[-7.199999999999999,43.58000000000406],[-7.34,43.58000000000406],[-7.34,43.66000000000406],[-7.4,43.66000000000406],[-7.4,43.680000000004064],[-7.4399999999999995,43.680000000004064],[-7.4399999999999995,43.76000000000406],[-7.4,43.76000000000406],[-7.4,43.780000000004065],[-7.34,43.780000000004065],[-7.34,43.860000000004064],[-7.48,43.860000000004064],[-7.48,43.820000000004065],[-7.5600000000000005,43.820000000004065],[-7.5600000000000005,43.780000000004065],[-7.98,43.780000000004065],[-7.98,43.66000000000406],[-8.16,43.66000000000406],[-8.16,43.58000000000406],[-8.24,43.58000000000406],[-8.24,43.52000000000406],[-8.299999999999999,43.52000000000406],[-8.299999999999999,43.460000000004065],[-8.4,43.460000000004065],[-8.4,43.38000000000406],[-8.48,43.38000000000406],[-8.48,43.320000000004065],[-8.56,43.320000000004065],[-8.56,43.26000000000406],[-8.799999999999999,43.26000000000406],[-8.799999999999999,43.280000000004065],[-8.86,43.280000000004065],[-8.86,43.26000000000406],[-8.98,43.26000000000406],[-8.98,43.180000000004064],[-9.16,43.180000000004064],[-9.16,43.12000000000407],[-9.2,43.12000000000407],[-9.2,43.10000000000406],[-9.28,43.12000000000407],[-9.28,43.180000000004064],[-9.4,43.180000000004064],[-9.4,43.08000000000406],[-9.48,43.08000000000406],[-9.48,42.920000000004066],[-9.16,42.920000000004066],[-9.16,42.820000000004065],[-9.08,42.780000000004065],[-9.08,42.62000000000407],[-9.16,42.62000000000407],[-9.16,42.56000000000407],[-9.22,42.56000000000407],[-9.22,42.48000000000407],[-9.08,42.48000000000407],[-9.08,42.420000000004066],[-8.98,42.420000000004066],[-8.98,42.38000000000406],[-8.9,42.38000000000406],[-8.9,42.280000000004065],[-8.86,42.280000000004065],[-8.86,42.20000000000407],[-8.799999999999999,42.20000000000407],[-8.799999999999999,42.12000000000407],[-8.86,42.12000000000407],[-8.86,41.98000000000407],[-8.799999999999999,41.98000000000407],[-8.799999999999999,41.80000000000406],[-8.84,41.80000000000406],[-8.84,41.74000000000406],[-8.799999999999999,41.74000000000406],[-8.799999999999999,41.58000000000406],[-8.78,41.58000000000406],[-8.78,41.56000000000407],[-8.74,41.56000000000407],[-8.74,41.360000000004064],[-8.799999999999999,41.360000000004064],[-8.799999999999999,41.20000000000407],[-8.86,41.20000000000407],[-8.86,41.16000000000406],[-8.9,41.16000000000406],[-8.9,40.76000000000406],[-8.86,40.76000000000406],[-8.86,40.74000000000406],[-8.799999999999999,40.74000000000406],[-8.799999999999999,40.62000000000407],[-8.84,40.62000000000407],[-8.84,40.56000000000407],[-8.799999999999999,40.56000000000407],[-8.799999999999999,40.460000000004065],[-8.84,40.460000000004065],[-8.84,40.44000000000406],[-8.92,40.44000000000406],[-8.92,40.320000000004065],[-8.959999999999999,40.320000000004065],[-8.959999999999999,40.30000000000406],[-8.98,40.30000000000406],[-8.98,40.24000000000406],[-9.02,40.24000000000406],[-9.02,40.22000000000406],[-9.04,40.22000000000406],[-9.04,40.140000000004065],[-9.02,40.140000000004065],[-9.02,40.12000000000407],[-8.959999999999999,40.12000000000407],[-8.959999999999999,40.10000000000406],[-8.92,40.10000000000406],[-8.92,40.02000000000406],[-8.959999999999999,40.02000000000406],[-8.959999999999999,40.0],[-20.03,40.0],[-20.03,53.0],[-9.299999999999999,53.0],[-9.299999999999999,52.98000000000407],[-9.4,52.98000000000407],[-9.4,52.820000000004065],[-9.48,52.820000000004065],[-9.48,52.72000000000406],[-9.58,52.72000000000406],[-9.58,52.62000000000406],[-9.66,52.62000000000406],[-9.66,52.54000000000406],[-9.9,52.54000000000406],[-9.9,52.34000000000407],[-9.98,52.34000000000407],[-9.98,52.280000000004065],[-10.22,52.280000000004065],[-10.22,52.140000000004065],[-10.16,52.140000000004065],[-10.16,52.08000000000406],[-10.08,52.08000000000406],[-10.08,51.98000000000407],[-10.16,51.98000000000407],[-10.16,51.920000000004066],[-10.22,51.920000000004066],[-10.22,51.820000000004065],[-10.0,51.820000000004065],[-10.0,51.88000000000406],[-9.82,51.88000000000406],[-9.82,51.780000000004065],[-9.9,51.780000000004065],[-9.9,51.680000000004064],[-9.84,51.680000000004064],[-9.84,51.72000000000406],[-9.58,51.72000000000406],[-9.58,51.62000000000406],[-9.66,51.62000000000406],[-9.66,51.52000000000406],[-9.58,51.52000000000406],[-9.58,51.48000000000407],[-9.42,51.48000000000407],[-9.42,51.52000000000406],[-9.22,51.52000000000406],[-9.22,51.56000000000407],[-9.18,51.56000000000407],[-9.18,51.58000000000406],[-9.12,51.58000000000406],[-9.12,51.62000000000406],[-9.1,51.62000000000406],[-9.1,51.640000000004065],[-8.7,51.640000000004065],[-8.68,51.680000000004064],[-8.62,51.680000000004064],[-8.62,51.70000000000407],[-8.58,51.70000000000407],[-8.58,51.72000000000406],[-8.44,51.72000000000406],[-8.44,51.76000000000406],[-8.42,51.76000000000406],[-8.42,51.780000000004065],[-8.36,51.780000000004065],[-8.36,51.860000000004064],[-8.32,51.860000000004064],[-8.32,51.88000000000406],[-8.24,51.88000000000406],[-8.24,51.820000000004065],[-8.12,51.820000000004065],[-8.12,51.860000000004064],[-8.08,51.860000000004064],[-8.08,51.88000000000406],[-8.02,51.88000000000406],[-8.02,51.920000000004066],[-8.0,51.920000000004066],[-8.0,51.94000000000406],[-7.859999999999999,51.94000000000406],[-7.859999999999999,51.960000000004065],[-7.82,51.960000000004065],[-7.82,51.98000000000407],[-7.799999999999999,51.98000000000407],[-7.799999999999999,52.02000000000406],[-7.619999999999999,52.02000000000406],[-7.619999999999999,52.12000000000406],[-7.58,52.12000000000406],[-7.58,52.140000000004065],[-7.52,52.140000000004065],[-7.52,52.180000000004064],[-7.5,52.180000000004064],[-7.5,52.20000000000407],[-7.0,52.20000000000407],[-7.0,52.22000000000406],[-6.84,52.22000000000406],[-6.84,52.26000000000406],[-6.82,52.26000000000406],[-6.82,52.280000000004065],[-6.76,52.280000000004065],[-6.76,52.26000000000406],[-6.74,52.26000000000406],[-6.74,52.22000000000406],[-6.66,52.22000000000406],[-6.66,52.240000000004066],[-6.5600000000000005,52.240000000004066],[-6.5600000000000005,52.22000000000406],[-6.34,52.22000000000406],[-6.34,52.280000000004065],[-6.42,52.280000000004065],[-6.42,52.38000000000406],[-6.34,52.38000000000406],[-6.34,52.54000000000406],[-6.279999999999999,52.54000000000406],[-6.279999999999999,52.740000000004066],[-6.199999999999999,52.740000000004066],[-6.199999999999999,52.88000000000406],[-6.140000000000001,52.88000000000406],[-6.140000000000001,52.90000000000406],[-6.1,52.90000000000406],[-6.1,52.920000000004066],[-6.08,52.920000000004066],[-6.08,52.98000000000407],[-6.1,52.98000000000407],[-6.1,53.0],[-4.399999999999999,53.0],[-4.399999999999999,52.98000000000407],[-4.48,52.98000000000407],[-4.48,52.920000000004066],[-4.359999999999999,52.920000000004066],[-4.359999999999999,52.98000000000407],[-4.259999999999998,52.98000000000407],[-4.259999999999998,52.920000000004066],[-4.16,52.920000000004066],[-4.16,52.780000000004065],[-4.079999999999998,52.780000000004065],[-4.079999999999998,52.34000000000407],[-4.16,52.34000000000407],[-4.16,52.280000000004065],[-4.259999999999998,52.280000000004065],[-4.259999999999998,52.22000000000406],[-4.34,52.22000000000406],[-4.34,52.180000000004064],[-4.48,52.180000000004064],[-4.48,52.140000000004065],[-4.759999999999998,52.140000000004065],[-4.759999999999998,52.08000000000406],[-4.82,52.08000000000406],[-4.82,52.04000000000406],[-4.84,52.04000000000406],[-4.84,52.02000000000406],[-5.039999999999999,52.02000000000406],[-5.039999999999999,51.94000000000406],[-5.08,51.94000000000406],[-5.08,51.920000000004066],[-5.16,51.920000000004066],[-5.16,51.860000000004064],[-5.139999999999999,51.860000000004064],[-5.139999999999999,51.780000000004065],[-5.1,51.780000000004065],[-5.1,51.72000000000406],[-5.08,51.72000000000406],[-5.08,51.70000000000407],[-4.960000000000001,51.70000000000407],[-4.960000000000001,51.680000000004064],[-4.859999999999999,51.680000000004064],[-4.859999999999999,51.70000000000407],[-4.780000000000001,51.70000000000407],[-4.780000000000001,51.72000000000406],[-4.68,51.72000000000406],[-4.68,51.780000000004065],[-4.399999999999999,51.780000000004065],[-4.399999999999999,51.72000000000406],[-4.34,51.72000000000406],[-4.34,51.600000000004066],[-4.18,51.600000000004066],[-4.18,51.680000000004064],[-4.100000000000001,51.680000000004064],[-4.100000000000001,51.780000000004065],[-3.9800000000000004,51.780000000004065],[-3.9800000000000004,51.680000000004064],[-3.8999999999999986,51.680000000004064],[-3.8999999999999986,51.640000000004065],[-3.84,51.640000000004065],[-3.84,51.58000000000406],[-3.7399999999999984,51.58000000000406],[-3.7399999999999984,51.52000000000406],[-3.66,51.52000000000406],[-3.66,51.48000000000407],[-3.5599999999999987,51.48000000000407],[-3.5599999999999987,51.44000000000406],[-3.1799999999999997,51.44000000000406],[-3.1799999999999997,51.52000000000406],[-3.0799999999999983,51.52000000000406],[-3.0799999999999983,51.58000000000406],[-2.879999999999999,51.58000000000406],[-2.879999999999999,51.600000000004066],[-2.8599999999999994,51.600000000004066],[-2.8599999999999994,51.640000000004065],[-2.7399999999999984,51.640000000004065],[-2.7399999999999984,51.460000000004065],[-2.84,51.460000000004065],[-2.84,51.44000000000406],[-2.879999999999999,51.44000000000406],[-2.879999999999999,51.38000000000406],[-2.9800000000000004,51.38000000000406],[-2.9800000000000004,51.22000000000406],[-3.0599999999999987,51.22000000000406],[-3.0599999999999987,51.180000000004064],[-3.5799999999999983,51.180000000004064],[-3.5799999999999983,51.22000000000406],[-3.9800000000000004,51.22000000000406],[-3.9800000000000004,51.180000000004064],[-4.219999999999999,51.180000000004064],[-4.219999999999999,51.100000000004066],[-4.259999999999998,51.100000000004066],[-4.259999999999998,51.02000000000406],[-4.34,51.02000000000406],[-4.34,50.98000000000407],[-4.579999999999998,50.98000000000407],[-4.579999999999998,50.740000000004066],[-4.640000000000001,50.740000000004066],[-4.640000000000001,50.72000000000406],[-4.66,50.72000000000406],[-4.66,50.680000000004064],[-4.759999999999998,50.680000000004064],[-4.759999999999998,50.62000000000406],[-4.84,50.62000000000406],[-4.84,50.58000000000406],[-4.940000000000001,50.58000000000406],[-4.960000000000001,50.54000000000406],[-4.98,50.54000000000406],[-4.98,50.500000000004064],[-5.02,50.500000000004064],[-5.02,50.48000000000407],[-5.039999999999999,50.48000000000407],[-5.039999999999999,50.38000000000406],[-5.08,50.38000000000406],[-5.08,50.360000000004064],[-5.139999999999999,50.360000000004064],[-5.16,50.320000000004065],[-5.219999999999999,50.320000000004065],[-5.219999999999999,50.30000000000406],[-5.26,50.30000000000406],[-5.26,50.280000000004065],[-5.279999999999999,50.280000000004065],[-5.279999999999999,50.240000000004066],[-5.32,50.240000000004066],[-5.32,50.22000000000406],[-5.379999999999999,50.22000000000406],[-5.4,50.180000000004064],[-5.640000000000001,50.180000000004064],[-5.640000000000001,50.12000000000406],[-5.32,50.12000000000406],[-5.32,50.100000000004066],[-5.279999999999999,50.100000000004066],[-5.26,50.06000000000407],[-5.18,50.06000000000407],[-5.18,50.08000000000406],[-5.1,50.08000000000406],[-5.1,50.22000000000406],[-4.919999999999998,50.22000000000406],[-4.919999999999998,50.280000000004065],[-4.780000000000001,50.280000000004065],[-4.780000000000001,50.34000000000407],[-4.739999999999998,50.34000000000407],[-4.739999999999998,50.38000000000406],[-4.419999999999998,50.38000000000406],[-4.419999999999998,50.420000000004066],[-4.34,50.420000000004066],[-4.34,50.38000000000406],[-4.16,50.38000000000406],[-4.16,50.34000000000407],[-3.919999999999998,50.34000000000407],[-3.919999999999998,50.320000000004065],[-3.8999999999999986,50.320000000004065],[-3.8999999999999986,50.280000000004065],[-3.8000000000000007,50.280000000004065],[-3.8000000000000007,50.30000000000406],[-3.6799999999999997,50.30000000000406],[-3.6799999999999997,50.34000000000407],[-3.620000000000001,50.34000000000407],[-3.620000000000001,50.360000000004064],[-3.5799999999999983,50.360000000004064],[-3.5799999999999983,50.38000000000406],[-3.5,50.38000000000406],[-3.5,50.62000000000406],[-3.419999999999998,50.62000000000406],[-3.419999999999998,50.680000000004064],[-3.259999999999998,50.680000000004064],[-3.259999999999998,50.740000000004066],[-3.0799999999999983,50.740000000004066],[-3.0799999999999983,50.780000000004065],[-2.84,50.780000000004065],[-2.84,50.740000000004066],[-2.66,50.740000000004066],[-2.66,50.680000000004064],[-2.5599999999999987,50.680000000004064],[-2.5599999999999987,50.62000000000406],[-2.460000000000001,50.62000000000406],[-2.460000000000001,50.640000000004065],[-2.4400000000000013,50.640000000004065],[-2.4400000000000013,50.66000000000406],[-2.3999999999999986,50.66000000000406],[-2.3999999999999986,50.680000000004064],[-2.1400000000000006,50.680000000004064],[-2.1400000000000006,50.62000000000406],[-1.9400000000000013,50.62000000000406],[-1.9400000000000013,50.76000000000406],[-1.8999999999999986,50.76000000000406],[-1.8999999999999986,50.780000000004065],[-1.5199999999999996,50.780000000004065],[-1.5199999999999996,50.820000000004065],[-1.4800000000000004,50.820000000004065],[-1.4800000000000004,50.84000000000407],[-1.379999999999999,50.84000000000407],[-1.379999999999999,50.820000000004065],[-1.3599999999999994,50.820000000004065],[-1.3599999999999994,50.72000000000406],[-1.3999999999999986,50.72000000000406],[-1.3999999999999986,50.62000000000406],[-1.1999999999999993,50.62000000000406],[-1.1999999999999993,50.740000000004066],[-1.2199999999999989,50.740000000004066],[-1.2199999999999989,50.76000000000406],[-1.259999999999998,50.76000000000406],[-1.259999999999998,50.80000000000406],[-1.2199999999999989,50.80000000000406],[-1.2199999999999989,50.820000000004065],[-1.0599999999999987,50.820000000004065],[-1.0599999999999987,50.80000000000406],[-0.9600000000000009,50.80000000000406],[-0.9600000000000009,50.820000000004065],[-0.8999999999999986,50.820000000004065],[-0.8999999999999986,50.780000000004065],[-0.7800000000000011,50.780000000004065],[-0.7800000000000011,50.820000000004065],[-0.6799999999999997,50.820000000004065],[-0.6799999999999997,50.80000000000406],[-0.5799999999999983,50.80000000000406],[-0.5799999999999983,50.820000000004065],[-0.5199999999999996,50.820000000004065],[-0.5199999999999996,50.88000000000406],[-0.16000000000000014,50.88000000000406],[-0.16000000000000014,50.860000000004064],[-0.14000000000000057,50.860000000004064],[-0.14000000000000057,50.820000000004065],[0.05999999999999872,50.820000000004065],[0.05999999999999872,50.80000000000406],[0.16000000000000014,50.80000000000406],[0.16000000000000014,50.780000000004065],[0.21999999999999886,50.780000000004065],[0.21999999999999886,50.820000000004065],[0.26000000000000156,50.820000000004065],[0.26000000000000156,50.88000000000406],[0.28000000000000114,50.88000000000406],[0.28000000000000114,50.90000000000406],[0.33999999999999986,50.90000000000406],[0.33999999999999986,50.88000000000406],[0.5599999999999987,50.88000000000406],[0.5599999999999987,50.920000000004066],[0.6400000000000006,50.920000000004066],[0.6400000000000006,50.98000000000407],[0.620000000000001,50.98000000000407],[0.620000000000001,51.06000000000407],[0.7199999999999989,51.06000000000407],[0.7199999999999989,51.100000000004066],[0.7800000000000011,51.100000000004066],[0.7800000000000011,51.08000000000406],[0.879999999999999,51.08000000000406],[0.879999999999999,51.100000000004066],[1.240000000000002,51.12000000000406],[1.240000000000002,51.180000000004064],[1.3200000000000003,51.180000000004064],[1.3200000000000003,51.26000000000406],[1.240000000000002,51.26000000000406],[1.240000000000002,51.280000000004065],[1.1999999999999993,51.280000000004065],[1.1999999999999993,51.38000000000406],[1.0399999999999991,51.38000000000406],[1.0399999999999991,51.34000000000407],[1.0199999999999996,51.34000000000407],[1.0199999999999996,51.320000000004065],[0.7199999999999989,51.320000000004065],[0.7199999999999989,51.38000000000406],[0.6400000000000006,51.38000000000406],[0.6400000000000006,51.460000000004065],[0.5,51.460000000004065],[0.5,51.58000000000406],[0.9000000000000021,51.58000000000406],[0.9000000000000021,51.66000000000406],[0.8200000000000003,51.66000000000406],[0.8200000000000003,51.820000000004065],[1.1400000000000006,51.820000000004065],[1.1400000000000006,51.920000000004066],[1.0599999999999987,51.920000000004066],[1.0599999999999987,52.02000000000406],[1.4200000000000017,52.02000000000406],[1.4200000000000017,52.08000000000406],[1.5,52.08000000000406],[1.5,52.140000000004065],[1.5599999999999987,52.140000000004065],[1.5599999999999987,52.22000000000406],[1.6400000000000006,52.22000000000406],[1.6400000000000006,52.420000000004066],[1.740000000000002,52.420000000004066],[1.740000000000002,52.72000000000406],[1.6400000000000006,52.72000000000406],[1.6400000000000006,52.780000000004065],[1.5599999999999987,52.780000000004065],[1.5599999999999987,52.820000000004065],[1.5,52.820000000004065],[1.5,52.88000000000406],[1.3200000000000003,52.88000000000406],[1.3200000000000003,52.920000000004066],[1.2600000000000016,52.920000000004066],[1.2600000000000016,52.90000000000406],[1.0800000000000018,52.90000000000406],[1.0800000000000018,52.920000000004066],[1.0599999999999987,52.920000000004066],[1.0599999999999987,52.960000000004065],[0.5399999999999991,52.960000000004065],[0.5399999999999991,52.94000000000406],[0.5199999999999996,52.94000000000406],[0.5199999999999996,52.90000000000406],[0.4200000000000017,52.90000000000406],[0.4200000000000017,52.860000000004064],[0.16000000000000014,52.860000000004064],[0.16000000000000014,52.88000000000406],[0.14000000000000057,52.88000000000406],[0.14000000000000057,53.0],[3.0,53.0],[3.0,51.26000000000406],[3.0,51.22000000000406],[2.8599999999999994,51.22000000000406]],[[-8.06,43.920000000004066],[-8.06,43.860000000004064],[-8.0,43.860000000004064],[-8.0,43.920000000004066],[-8.06,43.920000000004066]]],[[[-1.4600000000000009,49.38000000000406],[-1.379999999999999,49.38000000000406],[-1.379999999999999,49.26000000000406],[-1.4600000000000009,49.280000000004065],[-1.4600000000000009,49.38000000000406]]]]}},{"type":"Feature","properties":{"threshold_kt":0.5,"kind":"mask","atlas":"ATLNE","resolution_m":2000,"method":"max speed over 15 days hourly, all constituents","area_deg2":50.97},"geometry":{"type":"MultiPolygon","coordinates":[[[[-9.0,40.500000000004064],[-9.0,40.54000000000406],[-8.92,40.54000000000406],[-8.92,40.56000000000407],[-8.879999999999999,40.56000000000407],[-8.879999999999999,40.58000000000406],[-8.799999999999999,40.56000000000407],[-8.799999999999999,40.500000000004064],[-8.82,40.500000000004064],[-8.82,40.54000000000406],[-8.9,40.54000000000406],[-8.9,40.48000000000407],[-8.98,40.48000000000407],[-8.98,40.500000000004064],[-9.0,40.500000000004064]]],[[[-8.799999999999999,41.360000000004064],[-8.799999999999999,41.22000000000406],[-8.82,41.22000000000406],[-8.82,41.40000000000406],[-8.76,41.40000000000406],[-8.76,41.54000000000406],[-8.74,41.54000000000406],[-8.74,41.360000000004064],[-8.799999999999999,41.360000000004064]]],[[[-8.92,41.960000000004065],[-8.92,42.16000000000406],[-8.9,42.16000000000406],[-8.9,42.140000000004065],[-8.86,42.140000000004065],[-8.86,41.960000000004065],[-8.92,41.960000000004065]]],[[[-8.9,42.26000000000406],[-8.92,42.26000000000406],[-8.92,42.34000000000407],[-8.94,42.34000000000407],[-8.94,42.360000000004064],[-9.0,42.360000000004064],[-9.0,42.38000000000406],[-9.04,42.38000000000406],[-9.04,42.40000000000406],[-9.1,42.40000000000406],[-9.1,42.44000000000406],[-9.22,42.44000000000406],[-9.22,42.460000000004065],[-9.24,42.460000000004065],[-9.24,42.500000000004064],[-9.299999999999999,42.500000000004064],[-9.299999999999999,42.52000000000406],[-9.32,42.52000000000406],[-9.32,42.60000000000406],[-9.28,42.58000000000406],[-9.28,42.54000000000406],[-9.22,42.54000000000406],[-9.22,42.48000000000407],[-9.08,42.48000000000407],[-9.08,42.420000000004066],[-8.98,42.420000000004066],[-8.98,42.38000000000406],[-8.9,42.38000000000406],[-8.9,42.26000000000406]]],[[[-9.22,42.920000000004066],[-9.16,42.920000000004066],[-9.16,42.80000000000406],[-9.18,42.80000000000406],[-9.18,42.90000000000406],[-9.22,42.90000000000406],[-9.22,42.920000000004066]]],[[[-9.48,42.90000000000406],[-9.48,42.920000000004066],[-9.28,42.920000000004066],[-9.28,42.90000000000406],[-9.48,42.90000000000406]]],[[[-9.5,43.10000000000406],[-9.42,43.10000000000406],[-9.42,43.20000000000407],[-9.48,43.20000000000407],[-9.48,43.24000000000406],[-9.54,43.24000000000406],[-9.56,43.280000000004065],[-9.52,43.280000000004065],[-9.52,43.26000000000406],[-9.4,43.26000000000406],[-9.4,43.22000000000406],[-9.36,43.22000000000406],[-9.36,43.180000000004064],[-9.4,43.180000000004064],[-9.4,43.08000000000406],[-9.48,43.08000000000406],[-9.48,43.04000000000406],[-9.5,43.04000000000406],[-9.5,43.10000000000406]]],[[[-9.28,43.12000000000407],[-9.28,43.180000000004064],[-9.26,43.180000000004064],[-9.26,43.16000000000406],[-9.18,43.16000000000406],[-9.18,43.22000000000406],[-9.16,43.22000000000406],[-9.16,43.20000000000407],[-9.14,43.20000000000407],[-9.14,43.180000000004064],[-9.16,43.180000000004064],[-9.16,43.140000000004065],[-9.22,43.140000000004065],[-9.22,43.10000000000406],[-9.24,43.10000000000406],[-9.24,43.12000000000407],[-9.28,43.12000000000407]]],[[[-8.4,43.460000000004065],[-8.4,43.38000000000406],[-8.42,43.38000000000406],[-8.42,43.500000000004064],[-8.4,43.500000000004064],[-8.4,43.48000000000407],[-8.36,43.48000000000407],[-8.36,43.460000000004065],[-8.4,43.460000000004065]]],[[[-14.46,51.860000000004064],[-14.48,51.860000000004064],[-14.48,51.820000000004065],[-14.559999999999999,51.820000000004065],[-14.559999999999999,52.100000000004066],[-14.54,52.100000000004066],[-14.54,52.12000000000406],[-14.5,52.12000000000406],[-14.5,52.140000000004065],[-14.48,52.140000000004065],[-14.48,52.180000000004064],[-14.44,52.180000000004064],[-14.44,52.20000000000407],[-14.32,52.20000000000407],[-14.32,52.22000000000406],[-14.3,52.22000000000406],[-14.3,52.180000000004064],[-14.34,52.180000000004064],[-14.34,52.140000000004065],[-14.36,52.140000000004065],[-14.36,52.06000000000407],[-14.399999999999999,52.06000000000407],[-14.399999999999999,52.02000000000406],[-14.42,52.02000000000406],[-14.42,51.88000000000406],[-14.46,51.88000000000406],[-14.46,51.860000000004064]]],[[[-6.199999999999999,43.680000000004064],[-6.140000000000001,43.680000000004064],[-6.140000000000001,43.640000000004065],[-6.18,43.640000000004065],[-6.18,43.62000000000407],[-6.24,43.62000000000407],[-6.24,43.56000000000407],[-6.26,43.56000000000407],[-6.26,43.58000000000406],[-6.279999999999999,43.58000000000406],[-6.279999999999999,43.640000000004065],[-6.199999999999999,43.640000000004065],[-6.199999999999999,43.680000000004064]]],[[[-7.4,43.780000000004065],[-7.32,43.780000000004065],[-7.32,43.74000000000406],[-7.4399999999999995,43.74000000000406],[-7.4399999999999995,43.76000000000406],[-7.4,43.76000000000406],[-7.4,43.780000000004065]]],[[[-8.06,43.84000000000407],[-8.06,43.780000000004065],[-8.04,43.780000000004065],[-8.04,43.74000000000406],[-8.16,43.74000000000406],[-8.16,43.58000000000406],[-8.18,43.58000000000406],[-8.18,43.66000000000406],[-8.2,43.66000000000406],[-8.2,43.680000000004064],[-8.18,43.680000000004064],[-8.18,43.80000000000406],[-8.2,43.80000000000406],[-8.2,43.860000000004064],[-8.12,43.860000000004064],[-8.12,44.000000000004064],[-8.06,44.000000000004064],[-8.06,43.94000000000406],[-8.04,43.94000000000406],[-8.04,43.920000000004066],[-8.06,43.920000000004066],[-8.06,43.860000000004064],[-8.0,43.860000000004064],[-8.0,43.88000000000406],[-7.92,43.88000000000406],[-7.92,43.84000000000407],[-8.06,43.84000000000407]]],[[[-7.5600000000000005,43.780000000004065],[-7.58,43.780000000004065],[-7.58,43.84000000000407],[-7.52,43.84000000000407],[-7.52,43.88000000000406],[-7.48,43.88000000000406],[-7.48,43.820000000004065],[-7.5600000000000005,43.820000000004065],[-7.5600000000000005,43.780000000004065]]],[[[-1.1999999999999993,44.56000000000407],[-1.2199999999999989,44.56000000000407],[-1.2199999999999989,44.58000000000406],[-1.2800000000000011,44.58000000000406],[-1.2800000000000011,44.66000000000406],[-1.259999999999998,44.66000000000406],[-1.259999999999998,44.680000000004064],[-1.2199999999999989,44.680000000004064],[-1.1999999999999993,44.76000000000406],[-1.1600000000000001,44.76000000000406],[-1.1600000000000001,44.780000000004065],[-1.1400000000000006,44.780000000004065],[-1.120000000000001,44.74000000000406],[-1.0599999999999987,44.74000000000406],[-1.0599999999999987,44.680000000004064],[-1.0199999999999996,44.680000000004064],[-1.0199999999999996,44.640000000004065],[-1.0599999999999987,44.640000000004065],[-1.0799999999999983,44.60000000000406],[-1.1999999999999993,44.60000000000406],[-1.1999999999999993,44.56000000000407]]],[[[-4.039999999999999,47.66000000000406],[-4.039999999999999,47.680000000004064],[-4.059999999999999,47.680000000004064],[-4.059999999999999,47.76000000000406],[-4.18,47.780000000004065],[-4.18,47.820000000004065],[-4.039999999999999,47.820000000004065],[-4.02,47.780000000004065],[-3.9800000000000004,47.780000000004065],[-3.9800000000000004,47.70000000000407],[-3.919999999999998,47.70000000000407],[-3.919999999999998,47.640000000004065],[-4.0,47.640000000004065],[-4.0,47.66000000000406],[-4.039999999999999,47.66000000000406]]],[[[2.7600000000000016,51.12000000000406],[2.6799999999999997,51.12000000000406],[2.6799999999999997,51.100000000004066],[2.6400000000000006,51.100000000004066],[2.6400000000000006,51.08000000000406],[2.5599999999999987,51.08000000000406],[2.5599999999999987,51.06000000000407],[2.460000000000001,51.06000000000407],[2.4400000000000013,51.02000000000406],[2.219999999999999,51.02000000000406],[2.219999999999999,51.000000000004064],[2.1400000000000006,51.000000000004064],[2.1400000000000006,50.98000000000407],[2.0599999999999987,50.98000000000407],[2.0599999999999987,50.960000000004065],[1.9000000000000021,50.960000000004065],[1.9000000000000021,50.94000000000406],[1.8399999999999999,50.94000000000406],[1.8399999999999999,50.920000000004066],[1.7600000000000016,50.920000000004066],[1.7600000000000016,50.90000000000406],[1.6999999999999993,50.90000000000406],[1.6999999999999993,50.88000000000406],[1.6600000000000001,50.88000000000406],[1.6400000000000006,50.84000000000407],[1.6000000000000014,50.84000000000407],[1.6000000000000014,50.72000000000406],[1.5800000000000018,50.72000000000406],[1.5800000000000018,50.56000000000407],[1.6000000000000014,50.56000000000407],[1.6000000000000014,50.500000000004064],[1.5800000000000018,50.500000000004064],[1.5800000000000018,50.40000000000406],[1.5399999999999991,50.40000000000406],[1.5399999999999991,50.26000000000406],[1.5800000000000018,50.26000000000406],[1.6000000000000014,50.22000000000406],[1.6400000000000006,50.22000000000406],[1.6400000000000006,50.180000000004064],[1.6000000000000014,50.180000000004064],[1.6000000000000014,50.16000000000406],[1.5800000000000018,50.16000000000406],[1.5800000000000018,50.180000000004064],[1.5199999999999996,50.180000000004064],[1.5199999999999996,50.16000000000406],[1.4800000000000004,50.16000000000406],[1.4800000000000004,50.12000000000406],[1.4600000000000009,50.12000000000406],[1.4600000000000009,50.06000000000407],[1.4400000000000013,50.06000000000407],[1.4400000000000013,50.04000000000406],[1.4000000000000021,50.04000000000406],[1.4000000000000021,50.02000000000406],[1.3399999999999999,50.02000000000406],[1.3399999999999999,50.000000000004064],[1.2800000000000011,50.000000000004064],[1.2600000000000016,49.960000000004065],[1.2199999999999989,49.960000000004065],[1.1999999999999993,49.920000000004066],[1.1000000000000014,49.920000000004066],[1.1000000000000014,49.90000000000406],[1.0399999999999991,49.90000000000406],[1.0399999999999991,49.88000000000406],[1.0199999999999996,49.88000000000406],[1.0199999999999996,49.90000000000406],[0.9000000000000021,49.90000000000406],[0.9000000000000021,49.860000000004064],[0.8000000000000007,49.860000000004064],[0.8000000000000007,49.84000000000407],[0.6600000000000001,49.84000000000407],[0.6600000000000001,49.820000000004065],[0.5800000000000018,49.820000000004065],[0.5800000000000018,49.80000000000406],[0.4800000000000004,49.80000000000406],[0.46000000000000085,49.76000000000406],[0.40000000000000213,49.76000000000406],[0.40000000000000213,49.740000000004066],[0.35999999999999943,49.740000000004066],[0.35999999999999943,49.72000000000406],[0.240000000000002,49.70000000000407],[0.240000000000002,49.680000000004064],[0.17999999999999972,49.680000000004064],[0.17999999999999972,49.62000000000406],[0.16000000000000014,49.62000000000406],[0.16000000000000014,49.58000000000406],[0.120000000000001,49.58000000000406],[0.120000000000001,49.48000000000407],[0.16000000000000014,49.48000000000407],[0.16000000000000014,49.460000000004065],[0.35999999999999943,49.460000000004065],[0.35999999999999943,49.40000000000406],[0.17999999999999972,49.40000000000406],[0.17999999999999972,49.38000000000406],[0.120000000000001,49.38000000000406],[0.10000000000000142,49.34000000000407],[0.05999999999999872,49.34000000000407],[0.05999999999999872,49.320000000004065],[0.03999999999999915,49.320000000004065],[0.019999999999999574,49.280000000004065],[-0.03999999999999915,49.280000000004065],[-0.03999999999999915,49.26000000000406],[-0.3000000000000007,49.26000000000406],[-0.3000000000000007,49.280000000004065],[-0.35999999999999943,49.280000000004065],[-0.35999999999999943,49.30000000000406],[-0.4800000000000004,49.30000000000406],[-0.4800000000000004,49.320000000004065],[-0.5799999999999983,49.320000000004065],[-0.5799999999999983,49.30000000000406],[-0.6400000000000006,49.30000000000406],[-0.6400000000000006,49.320000000004065],[-0.8399999999999999,49.320000000004065],[-0.8399999999999999,49.34000000000407],[-0.8999999999999986,49.34000000000407],[-0.8999999999999986,49.360000000004064],[-1.0799999999999983,49.360000000004064],[-1.0799999999999983,49.34000000000407],[-1.120000000000001,49.34000000000407],[-1.120000000000001,49.320000000004065],[-1.1600000000000001,49.320000000004065],[-1.1600000000000001,49.34000000000407],[-1.1999999999999993,49.34000000000407],[-1.1999999999999993,49.420000000004066],[-1.259999999999998,49.420000000004066],[-1.259999999999998,49.44000000000406],[-1.2800000000000011,49.44000000000406],[-1.2800000000000011,49.48000000000407],[-1.3200000000000003,49.48000000000407],[-1.3200000000000003,49.600000000004066],[-1.2800000000000011,49.600000000004066],[-1.2800000000000011,49.66000000000406],[-1.3999999999999986,49.680000000004064],[-1.3999999999999986,49.66000000000406],[-1.4600000000000009,49.66000000000406],[-1.4600000000000009,49.640000000004065],[-1.5,49.640000000004065],[-1.5,49.62000000000406],[-1.8200000000000003,49.640000000004065],[-1.8200000000000003,49.460000000004065],[-1.8000000000000007,49.460000000004065],[-1.8000000000000007,49.40000000000406],[-1.7399999999999984,49.40000000000406],[-1.7399999999999984,49.34000000000407],[-1.6799999999999997,49.34000000000407],[-1.6799999999999997,49.280000000004065],[-1.6400000000000006,49.280000000004065],[-1.6400000000000006,49.26000000000406],[-1.5799999999999983,49.26000000000406],[-1.5799999999999983,49.02000000000406],[-1.5599999999999987,49.02000000000406],[-1.5599999999999987,48.820000000004065],[-1.5799999999999983,48.820000000004065],[-1.5799999999999983,48.76000000000406],[-1.5199999999999996,48.76000000000406],[-1.5199999999999996,48.74000000000406],[-1.5,48.74000000000406],[-1.5,48.640000000004065],[-1.620000000000001,48.640000000004065],[-1.620000000000001,48.62000000000407],[-1.6799999999999997,48.62000000000407],[-1.6999999999999993,48.58000000000406],[-1.8200000000000003,48.58000000000406],[-1.8399999999999999,48.62000000000407],[-1.879999999999999,48.62000000000407],[-1.879999999999999,48.66000000000406],[-1.9400000000000013,48.66000000000406],[-1.9400000000000013,48.640000000004065],[-2.0,48.640000000004065],[-2.0,48.62000000000407],[-2.039999999999999,48.62000000000407],[-2.039999999999999,48.600000000004066],[-2.1400000000000006,48.600000000004066],[-2.1400000000000006,48.58000000000406],[-2.1999999999999993,48.58000000000406],[-2.1999999999999993,48.56000000000407],[-2.219999999999999,48.56000000000407],[-2.219999999999999,48.58000000000406],[-2.259999999999998,48.58000000000406],[-2.259999999999998,48.600000000004066],[-2.3200000000000003,48.600000000004066],[-2.3200000000000003,48.62000000000407],[-2.419999999999998,48.62000000000407],[-2.419999999999998,48.600000000004066],[-2.4800000000000004,48.600000000004066],[-2.5,48.56000000000407],[-2.620000000000001,48.54000000000406],[-2.620000000000001,48.52000000000406],[-2.66,48.52000000000406],[-2.66,48.500000000004064],[-2.7399999999999984,48.500000000004064],[-2.7399999999999984,48.54000000000406],[-2.8000000000000007,48.54000000000406],[-2.8000000000000007,48.56000000000407],[-2.8200000000000003,48.56000000000407],[-2.8200000000000003,48.600000000004066],[-2.8599999999999994,48.600000000004066],[-2.8599999999999994,48.66000000000406],[-2.9400000000000013,48.680000000004064],[-2.9400000000000013,48.72000000000406],[-3.0,48.72000000000406],[-3.0,48.74000000000406],[-3.0199999999999996,48.74000000000406],[-3.0199999999999996,48.780000000004065],[-3.0599999999999987,48.780000000004065],[-3.0599999999999987,48.80000000000406],[-3.0799999999999983,48.80000000000406],[-3.0799999999999983,48.84000000000407],[-3.1400000000000006,48.84000000000407],[-3.1400000000000006,48.88000000000406],[-3.2399999999999984,48.88000000000406],[-3.2399999999999984,48.860000000004064],[-3.3000000000000007,48.860000000004064],[-3.3000000000000007,48.84000000000407],[-3.34,48.84000000000407],[-3.34,48.80000000000406],[-3.3599999999999994,48.80000000000406],[-3.3599999999999994,48.780000000004065],[-3.4400000000000013,48.780000000004065],[-3.4400000000000013,48.80000000000406],[-3.539999999999999,48.80000000000406],[-3.539999999999999,48.780000000004065],[-3.599999999999998,48.780000000004065],[-3.599999999999998,48.74000000000406],[-3.620000000000001,48.74000000000406],[-3.620000000000001,48.72000000000406],[-3.66,48.72000000000406],[-3.66,48.66000000000406],[-3.6799999999999997,48.66000000000406],[-3.6799999999999997,48.680000000004064],[-3.84,48.680000000004064],[-3.84,48.62000000000407],[-3.919999999999998,48.62000000000407],[-3.919999999999998,48.640000000004065],[-3.9800000000000004,48.640000000004065],[-3.9800000000000004,48.70000000000407],[-4.039999999999999,48.70000000000407],[-4.039999999999999,48.680000000004064],[-4.079999999999998,48.680000000004064],[-4.079999999999998,48.66000000000406],[-4.199999999999999,48.66000000000406],[-4.199999999999999,48.640000000004065],[-4.239999999999998,48.66000000000406],[-4.239999999999998,48.680000000004064],[-4.300000000000001,48.680000000004064],[-4.300000000000001,48.66000000000406],[-4.34,48.66000000000406],[-4.359999999999999,48.62000000000407],[-4.460000000000001,48.62000000000407],[-4.48,48.58000000000406],[-4.600000000000001,48.58000000000406],[-4.600000000000001,48.56000000000407],[-4.640000000000001,48.56000000000407],[-4.640000000000001,48.54000000000406],[-4.719999999999999,48.54000000000406],[-4.719999999999999,48.460000000004065],[-4.759999999999998,48.460000000004065],[-4.759999999999998,48.38000000000406],[-4.719999999999999,48.38000000000406],[-4.699999999999999,48.34000000000407],[-4.620000000000001,48.34000000000407],[-4.620000000000001,48.38000000000406],[-4.5,48.38000000000406],[-4.5,48.40000000000406],[-4.440000000000001,48.40000000000406],[-4.440000000000001,48.420000000004066],[-4.419999999999998,48.420000000004066],[-4.399999999999999,48.38000000000406],[-4.280000000000001,48.38000000000406],[-4.280000000000001,48.34000000000407],[-4.219999999999999,48.34000000000407],[-4.219999999999999,48.320000000004065],[-4.259999999999998,48.320000000004065],[-4.259999999999998,48.26000000000406],[-4.5,48.26000000000406],[-4.5,48.280000000004065],[-4.579999999999998,48.280000000004065],[-4.579999999999998,48.24000000000406],[-4.640000000000001,48.24000000000406],[-4.640000000000001,48.180000000004064],[-4.48,48.180000000004064],[-4.48,48.06000000000407],[-4.52,48.06000000000407],[-4.52,48.04000000000406],[-4.539999999999999,48.04000000000406],[-4.539999999999999,47.98000000000407],[-4.52,47.98000000000407],[-4.52,47.960000000004065],[-4.48,47.960000000004065],[-4.48,47.920000000004066],[-4.460000000000001,47.920000000004066],[-4.460000000000001,47.860000000004064],[-4.419999999999998,47.860000000004064],[-4.399999999999999,47.820000000004065],[-4.34,47.820000000004065],[-4.34,47.780000000004065],[-4.259999999999998,47.780000000004065],[-4.259999999999998,47.74000000000406],[-4.34,47.74000000000406],[-4.359999999999999,47.70000000000407],[-4.48,47.680000000004064],[-4.48,47.56000000000407],[-4.460000000000001,47.56000000000407],[-4.460000000000001,47.52000000000406],[-4.419999999999998,47.52000000000406],[-4.399999999999999,47.48000000000407],[-4.359999999999999,47.48000000000407],[-4.359999999999999,47.460000000004065],[-4.300000000000001,47.460000000004065],[-4.300000000000001,47.44000000000406],[-4.259999999999998,47.44000000000406],[-4.259999999999998,47.420000000004066],[-4.140000000000001,47.40000000000406],[-4.140000000000001,47.38000000000406],[-4.100000000000001,47.38000000000406],[-4.079999999999998,47.34000000000407],[-4.02,47.34000000000407],[-4.02,47.320000000004065],[-3.8999999999999986,47.320000000004065],[-3.8999999999999986,47.30000000000406],[-3.84,47.30000000000406],[-3.84,47.280000000004065],[-3.7399999999999984,47.280000000004065],[-3.719999999999999,47.24000000000406],[-3.6799999999999997,47.24000000000406],[-3.6799999999999997,47.22000000000406],[-3.5599999999999987,47.20000000000407],[-3.539999999999999,47.16000000000406],[-3.3599999999999994,47.16000000000406],[-3.3599999999999994,47.180000000004064],[-3.3200000000000003,47.180000000004064],[-3.3200000000000003,47.22000000000406],[-3.3000000000000007,47.22000000000406],[-3.3000000000000007,47.24000000000406],[-3.259999999999998,47.24000000000406],[-3.259999999999998,47.30000000000406],[-3.3000000000000007,47.30000000000406],[-3.3000000000000007,47.34000000000407],[-3.3599999999999994,47.34000000000407],[-3.3599999999999994,47.360000000004064],[-3.379999999999999,47.360000000004064],[-3.379999999999999,47.420000000004066],[-3.419999999999998,47.420000000004066],[-3.419999999999998,47.460000000004065],[-3.379999999999999,47.460000000004065],[-3.379999999999999,47.54000000000406],[-3.419999999999998,47.54000000000406],[-3.4400000000000013,47.62000000000407],[-3.4800000000000004,47.62000000000407],[-3.4800000000000004,47.680000000004064],[-3.419999999999998,47.680000000004064],[-3.419999999999998,47.640000000004065],[-3.3999999999999986,47.640000000004065],[-3.3999999999999986,47.62000000000407],[-3.3599999999999994,47.62000000000407],[-3.34,47.54000000000406],[-3.3000000000000007,47.54000000000406],[-3.3000000000000007,47.52000000000406],[-3.219999999999999,47.52000000000406],[-3.219999999999999,47.500000000004064],[-3.1400000000000006,47.500000000004064],[-3.1400000000000006,47.56000000000407],[-3.099999999999998,47.56000000000407],[-3.099999999999998,47.52000000000406],[-2.960000000000001,47.52000000000406],[-2.960000000000001,47.640000000004065],[-2.7399999999999984,47.640000000004065],[-2.7399999999999984,47.62000000000407],[-2.719999999999999,47.62000000000407],[-2.719999999999999,47.56000000000407],[-2.7399999999999984,47.56000000000407],[-2.7399999999999984,47.52000000000406],[-2.84,47.52000000000406],[-2.84,47.48000000000407],[-2.879999999999999,47.48000000000407],[-2.879999999999999,47.420000000004066],[-2.8200000000000003,47.420000000004066],[-2.8200000000000003,47.460000000004065],[-2.6799999999999997,47.460000000004065],[-2.6799999999999997,47.54000000000406],[-2.5199999999999996,47.54000000000406],[-2.5199999999999996,47.56000000000407],[-2.5,47.56000000000407],[-2.5,47.54000000000406],[-2.419999999999998,47.54000000000406],[-2.419999999999998,47.500000000004064],[-2.379999999999999,47.500000000004064],[-2.379999999999999,47.48000000000407],[-2.419999999999998,47.48000000000407],[-2.419999999999998,47.44000000000406],[-2.5,47.44000000000406],[-2.5,47.34000000000407],[-2.4800000000000004,47.34000000000407],[-2.4800000000000004,47.30000000000406],[-2.4400000000000013,47.30000000000406],[-2.4400000000000013,47.280000000004065],[-2.379999999999999,47.280000000004065],[-2.379999999999999,47.30000000000406],[-2.3599999999999994,47.30000000000406],[-2.3599999999999994,47.280000000004065],[-2.1999999999999993,47.280000000004065],[-2.1999999999999993,47.30000000000406],[-2.16,47.30000000000406],[-2.16,47.320000000004065],[-2.120000000000001,47.320000000004065],[-2.120000000000001,47.34000000000407],[-1.9199999999999982,47.34000000000407],[-1.9199999999999982,47.320000000004065],[-1.879999999999999,47.320000000004065],[-1.8599999999999994,47.280000000004065],[-1.8000000000000007,47.280000000004065],[-1.8000000000000007,47.20000000000407],[-1.879999999999999,47.20000000000407],[-1.8999999999999986,47.24000000000406],[-1.9600000000000009,47.24000000000406],[-1.9600000000000009,47.26000000000406],[-2.120000000000001,47.26000000000406],[-2.120000000000001,47.24000000000406],[-2.1400000000000006,47.24000000000406],[-2.1400000000000006,47.140000000004065],[-2.0599999999999987,47.12000000000407],[-2.0599999999999987,47.10000000000406],[-2.0,47.10000000000406],[-2.0,47.06000000000407],[-1.9800000000000004,47.06000000000407],[-2.0,46.98000000000407],[-2.039999999999999,46.98000000000407],[-2.039999999999999,46.920000000004066],[-2.0599999999999987,46.920000000004066],[-2.0599999999999987,46.90000000000406],[-2.120000000000001,46.90000000000406],[-2.120000000000001,46.820000000004065],[-2.0599999999999987,46.820000000004065],[-2.0599999999999987,46.80000000000406],[-2.099999999999998,46.80000000000406],[-2.099999999999998,46.76000000000406],[-2.120000000000001,46.76000000000406],[-2.120000000000001,46.70000000000407],[-2.1400000000000006,46.70000000000407],[-2.1400000000000006,46.62000000000407],[-2.120000000000001,46.62000000000407],[-2.120000000000001,46.56000000000407],[-2.099999999999998,46.56000000000407],[-2.099999999999998,46.54000000000406],[-2.0599999999999987,46.54000000000406],[-2.0599999999999987,46.52000000000406],[-2.039999999999999,46.52000000000406],[-2.039999999999999,46.500000000004064],[-2.0,46.500000000004064],[-2.0,46.48000000000407],[-1.9400000000000013,46.48000000000407],[-1.9400000000000013,46.460000000004065],[-1.879999999999999,46.460000000004065],[-1.879999999999999,46.48000000000407],[-1.8399999999999999,46.48000000000407],[-1.8200000000000003,46.52000000000406],[-1.8000000000000007,46.52000000000406],[-1.8000000000000007,46.500000000004064],[-1.7399999999999984,46.500000000004064],[-1.7399999999999984,46.48000000000407],[-1.6999999999999993,46.48000000000407],[-1.6999999999999993,46.44000000000406],[-1.6400000000000006,46.44000000000406],[-1.6400000000000006,46.460000000004065],[-1.5599999999999987,46.460000000004065],[-1.5599999999999987,46.40000000000406],[-1.5,46.40000000000406],[-1.5,46.34000000000407],[-1.379999999999999,46.34000000000407],[-1.3599999999999994,46.30000000000406],[-1.3000000000000007,46.30000000000406],[-1.3000000000000007,46.26000000000406],[-1.1999999999999993,46.26000000000406],[-1.1999999999999993,46.30000000000406],[-1.1600000000000001,46.30000000000406],[-1.1600000000000001,46.320000000004065],[-1.1400000000000006,46.320000000004065],[-1.1400000000000006,46.30000000000406],[-1.120000000000001,46.30000000000406],[-1.120000000000001,46.20000000000407],[-1.1400000000000006,46.20000000000407],[-1.1400000000000006,46.140000000004065],[-1.120000000000001,46.140000000004065],[-1.120000000000001,46.04000000000406],[-1.0799999999999983,46.04000000000406],[-1.0799999999999983,46.000000000004064],[-1.0599999999999987,46.000000000004064],[-1.0599999999999987,45.94000000000406],[-1.0799999999999983,45.94000000000406],[-1.0799999999999983,45.84000000000407],[-1.120000000000001,45.84000000000407],[-1.120000000000001,45.76000000000406],[-1.259999999999998,45.76000000000406],[-1.259999999999998,45.680000000004064],[-1.2399999999999984,45.680000000004064],[-1.2399999999999984,45.66000000000406],[-1.0799999999999983,45.66000000000406],[-1.0799999999999983,45.640000000004065],[-1.0199999999999996,45.640000000004065],[-1.0,45.60000000000406],[-0.9600000000000009,45.60000000000406],[-0.9400000000000013,45.56000000000407],[-0.8999999999999986,45.56000000000407],[-0.879999999999999,45.52000000000406],[-0.8399999999999999,45.52000000000406],[-0.8399999999999999,45.460000000004065],[-0.879999999999999,45.460000000004065],[-0.879999999999999,45.44000000000406],[-0.9600000000000009,45.44000000000406],[-0.9600000000000009,45.420000000004066],[-0.9800000000000004,45.420000000004066],[-0.9800000000000004,45.44000000000406],[-1.0399999999999991,45.44000000000406],[-1.0399999999999991,45.460000000004065],[-1.120000000000001,45.460000000004065],[-1.120000000000001,45.44000000000406],[-1.1799999999999997,45.44000000000406],[-1.1799999999999997,45.10000000000406],[-1.2399999999999984,45.10000000000406],[-1.2399999999999984,45.08000000000406],[-1.3599999999999994,45.08000000000406],[-1.3599999999999994,45.000000000004064],[-1.379999999999999,45.000000000004064],[-1.379999999999999,44.98000000000407],[-1.4199999999999982,44.98000000000407],[-1.4199999999999982,45.000000000004064],[-1.5,45.000000000004064],[-1.5,44.98000000000407],[-1.5599999999999987,44.98000000000407],[-1.5799999999999983,44.94000000000406],[-1.6999999999999993,44.920000000004066],[-1.6999999999999993,44.90000000000406],[-1.8200000000000003,44.90000000000406],[-1.8200000000000003,44.88000000000406],[-1.8599999999999994,44.88000000000406],[-1.8599999999999994,44.84000000000407],[-1.879999999999999,44.84000000000407],[-1.879999999999999,44.820000000004065],[-1.9199999999999982,44.820000000004065],[-1.9199999999999982,44.780000000004065],[-1.9400000000000013,44.780000000004065],[-1.9400000000000013,44.76000000000406],[-2.0199999999999996,44.76000000000406],[-2.0199999999999996,44.780000000004065],[-2.0599999999999987,44.780000000004065],[-2.0799999999999983,44.860000000004064],[-2.120000000000001,44.860000000004064],[-2.1400000000000006,44.90000000000406],[-2.1999999999999993,44.90000000000406],[-2.1999999999999993,44.920000000004066],[-2.219999999999999,44.920000000004066],[-2.219999999999999,44.960000000004065],[-2.259999999999998,44.960000000004065],[-2.259999999999998,45.000000000004064],[-2.379999999999999,45.02000000000406],[-2.3999999999999986,45.06000000000407],[-2.4400000000000013,45.06000000000407],[-2.4400000000000013,45.08000000000406],[-2.5199999999999996,45.08000000000406],[-2.5199999999999996,45.10000000000406],[-2.5799999999999983,45.10000000000406],[-2.5799999999999983,45.12000000000407],[-2.620000000000001,45.12000000000407],[-2.620000000000001,45.140000000004065],[-2.8000000000000007,45.140000000004065],[-2.8000000000000007,45.16000000000406],[-2.8599999999999994,45.16000000000406],[-2.879999999999999,45.20000000000407],[-2.9400000000000013,45.20000000000407],[-2.960000000000001,45.24000000000406],[-3.0,45.24000000000406],[-3.0,45.26000000000406],[-3.0599999999999987,45.26000000000406],[-3.0799999999999983,45.30000000000406],[-3.120000000000001,45.30000000000406],[-3.120000000000001,45.320000000004065],[-3.1400000000000006,45.320000000004065],[-3.1400000000000006,45.360000000004064],[-3.1799999999999997,45.360000000004064],[-3.1799999999999997,45.38000000000406],[-3.1999999999999993,45.38000000000406],[-3.1999999999999993,45.420000000004066],[-3.2399999999999984,45.420000000004066],[-3.2399999999999984,45.460000000004065],[-3.259999999999998,45.460000000004065],[-3.259999999999998,45.48000000000407],[-3.3000000000000007,45.48000000000407],[-3.3200000000000003,45.52000000000406],[-3.3599999999999994,45.52000000000406],[-3.379999999999999,45.56000000000407],[-3.419999999999998,45.56000000000407],[-3.419999999999998,45.62000000000407],[-3.4400000000000013,45.62000000000407],[-3.4400000000000013,45.640000000004065],[-3.4800000000000004,45.640000000004065],[-3.5,45.680000000004064],[-3.539999999999999,45.680000000004064],[-3.539999999999999,45.70000000000407],[-3.5599999999999987,45.70000000000407],[-3.5599999999999987,45.74000000000406],[-3.5799999999999983,45.74000000000406],[-3.5799999999999983,45.780000000004065],[-3.620000000000001,45.780000000004065],[-3.620000000000001,45.80000000000406],[-3.6999999999999993,45.80000000000406],[-3.6999999999999993,45.84000000000407],[-3.7399999999999984,45.84000000000407],[-3.7399999999999984,45.90000000000406],[-3.759999999999998,45.90000000000406],[-3.759999999999998,45.920000000004066],[-3.8000000000000007,45.920000000004066],[-3.8200000000000003,45.960000000004065],[-3.8599999999999994,45.960000000004065],[-3.879999999999999,46.000000000004064],[-3.9400000000000013,46.000000000004064],[-3.9400000000000013,46.04000000000406],[-4.0,46.04000000000406],[-4.0,46.06000000000407],[-4.039999999999999,46.06000000000407],[-4.039999999999999,46.10000000000406],[-4.059999999999999,46.10000000000406],[-4.059999999999999,46.12000000000407],[-4.100000000000001,46.12000000000407],[-4.100000000000001,46.16000000000406],[-4.120000000000001,46.16000000000406],[-4.120000000000001,46.180000000004064],[-4.18,46.180000000004064],[-4.18,46.20000000000407],[-4.219999999999999,46.20000000000407],[-4.219999999999999,46.22000000000406],[-4.239999999999998,46.22000000000406],[-4.239999999999998,46.320000000004065],[-4.280000000000001,46.320000000004065],[-4.280000000000001,46.34000000000407],[-4.32,46.34000000000407],[-4.32,46.360000000004064],[-4.48,46.360000000004064],[-4.5,46.40000000000406],[-4.539999999999999,46.40000000000406],[-4.539999999999999,46.420000000004066],[-4.600000000000001,46.420000000004066],[-4.620000000000001,46.460000000004065],[-4.66,46.460000000004065],[-4.66,46.500000000004064],[-4.68,46.500000000004064],[-4.68,46.52000000000406],[-4.719999999999999,46.52000000000406],[-4.719999999999999,46.54000000000406],[-4.780000000000001,46.54000000000406],[-4.780000000000001,46.56000000000407],[-4.800000000000001,46.56000000000407],[-4.800000000000001,46.66000000000406],[-4.84,46.66000000000406],[-4.84,46.72000000000406],[-4.919999999999998,46.72000000000406],[-4.919999999999998,46.74000000000406],[-4.98,46.74000000000406],[-5.0,46.820000000004065],[-5.039999999999999,46.820000000004065],[-5.039999999999999,46.84000000000407],[-5.16,46.84000000000407],[-5.16,46.860000000004064],[-5.219999999999999,46.860000000004064],[-5.24,46.94000000000406],[-5.279999999999999,46.94000000000406],[-5.279999999999999,46.98000000000407],[-5.359999999999999,46.98000000000407],[-5.359999999999999,47.000000000004064],[-5.42,47.000000000004064],[-5.42,47.02000000000406],[-5.459999999999999,47.02000000000406],[-5.459999999999999,47.04000000000406],[-5.539999999999999,47.04000000000406],[-5.539999999999999,47.06000000000407],[-5.58,47.06000000000407],[-5.58,47.08000000000406],[-5.6,47.08000000000406],[-5.6,47.12000000000407],[-5.640000000000001,47.12000000000407],[-5.66,47.20000000000407],[-5.699999999999999,47.20000000000407],[-5.719999999999999,47.24000000000406],[-5.9,47.24000000000406],[-5.9,47.22000000000406],[-5.92,47.22000000000406],[-5.92,47.24000000000406],[-6.02,47.24000000000406],[-6.02,47.26000000000406],[-6.1,47.26000000000406],[-6.1,47.280000000004065],[-6.140000000000001,47.280000000004065],[-6.16,47.320000000004065],[-6.199999999999999,47.320000000004065],[-6.199999999999999,47.34000000000407],[-6.26,47.34000000000407],[-6.26,47.360000000004064],[-6.34,47.360000000004064],[-6.34,47.38000000000406],[-6.379999999999999,47.38000000000406],[-6.379999999999999,47.40000000000406],[-6.42,47.40000000000406],[-6.42,47.420000000004066],[-6.48,47.420000000004066],[-6.48,47.44000000000406],[-6.58,47.44000000000406],[-6.58,47.460000000004065],[-6.66,47.460000000004065],[-6.66,47.48000000000407],[-6.879999999999999,47.48000000000407],[-6.879999999999999,47.500000000004064],[-6.959999999999999,47.500000000004064],[-6.959999999999999,47.52000000000406],[-7.0600000000000005,47.52000000000406],[-7.0600000000000005,47.54000000000406],[-7.199999999999999,47.54000000000406],[-7.199999999999999,47.56000000000407],[-7.26,47.56000000000407],[-7.279999999999999,47.60000000000406],[-7.34,47.60000000000406],[-7.34,47.62000000000407],[-7.459999999999999,47.62000000000407],[-7.459999999999999,47.640000000004065],[-7.5,47.640000000004065],[-7.5,47.66000000000406],[-7.52,47.66000000000406],[-7.52,47.680000000004064],[-7.5600000000000005,47.680000000004064],[-7.5600000000000005,47.76000000000406],[-7.58,47.76000000000406],[-7.58,47.80000000000406],[-7.619999999999999,47.80000000000406],[-7.640000000000001,47.84000000000407],[-7.82,47.84000000000407],[-7.82,47.860000000004064],[-7.879999999999999,47.860000000004064],[-7.9,47.90000000000406],[-7.9399999999999995,47.90000000000406],[-7.959999999999999,47.94000000000406],[-8.0,47.94000000000406],[-8.02,47.98000000000407],[-8.18,48.02000000000406],[-8.2,48.06000000000407],[-8.24,48.06000000000407],[-8.26,48.100000000004066],[-8.299999999999999,48.100000000004066],[-8.299999999999999,48.12000000000407],[-8.32,48.12000000000407],[-8.32,48.140000000004065],[-8.36,48.140000000004065],[-8.36,48.16000000000406],[-8.459999999999999,48.16000000000406],[-8.48,48.12000000000407],[-8.56,48.12000000000407],[-8.56,48.140000000004065],[-8.64,48.140000000004065],[-8.64,48.16000000000406],[-8.68,48.16000000000406],[-8.68,48.180000000004064],[-8.799999999999999,48.180000000004064],[-8.799999999999999,48.20000000000407],[-8.879999999999999,48.20000000000407],[-8.879999999999999,48.22000000000406],[-8.92,48.22000000000406],[-8.92,48.24000000000406],[-8.98,48.24000000000406],[-8.98,48.26000000000406],[-9.06,48.26000000000406],[-9.06,48.280000000004065],[-9.18,48.280000000004065],[-9.18,48.30000000000406],[-9.32,48.30000000000406],[-9.32,48.320000000004065],[-9.44,48.320000000004065],[-9.44,48.34000000000407],[-9.379999999999999,48.34000000000407],[-9.379999999999999,48.56000000000407],[-9.42,48.56000000000407],[-9.42,48.58000000000406],[-9.58,48.58000000000406],[-9.58,48.56000000000407],[-9.66,48.56000000000407],[-9.66,48.600000000004066],[-9.68,48.600000000004066],[-9.68,48.66000000000406],[-9.6,48.66000000000406],[-9.6,48.72000000000406],[-9.66,48.72000000000406],[-9.66,48.74000000000406],[-9.9,48.72000000000406],[-9.9,48.76000000000406],[-9.92,48.76000000000406],[-9.92,48.780000000004065],[-9.959999999999999,48.780000000004065],[-9.959999999999999,48.80000000000406],[-10.22,48.80000000000406],[-10.22,48.780000000004065],[-10.26,48.780000000004065],[-10.26,48.72000000000406],[-10.34,48.72000000000406],[-10.34,48.74000000000406],[-10.4,48.74000000000406],[-10.4,48.76000000000406],[-10.42,48.76000000000406],[-10.42,48.88000000000406],[-10.459999999999999,48.88000000000406],[-10.459999999999999,48.90000000000406],[-10.74,48.90000000000406],[-10.74,48.920000000004066],[-10.84,48.920000000004066],[-10.84,48.94000000000406],[-10.86,48.94000000000406],[-10.86,49.04000000000406],[-10.92,49.04000000000406],[-10.92,49.06000000000407],[-10.959999999999999,49.06000000000407],[-10.959999999999999,49.08000000000406],[-11.06,49.08000000000406],[-11.06,49.06000000000407],[-11.14,49.06000000000407],[-11.16,49.100000000004066],[-11.22,49.100000000004066],[-11.22,49.180000000004064],[-11.26,49.180000000004064],[-11.28,49.26000000000406],[-11.26,49.26000000000406],[-11.26,49.280000000004065],[-11.22,49.280000000004065],[-11.2,49.320000000004065],[-11.16,49.320000000004065],[-11.16,49.360000000004064],[-10.959999999999999,49.360000000004064],[-10.959999999999999,49.38000000000406],[-10.86,49.38000000000406],[-10.86,49.40000000000406],[-10.799999999999999,49.40000000000406],[-10.78,49.44000000000406],[-10.7,49.460000000004065],[-10.7,49.500000000004064],[-10.66,49.500000000004064],[-10.66,49.54000000000406],[-10.64,49.54000000000406],[-10.64,49.600000000004066],[-10.6,49.600000000004066],[-10.6,49.640000000004065],[-10.58,49.640000000004065],[-10.58,49.740000000004066],[-10.54,49.740000000004066],[-10.54,49.780000000004065],[-10.52,49.780000000004065],[-10.52,49.88000000000406],[-10.54,49.88000000000406],[-10.54,49.960000000004065],[-10.58,49.960000000004065],[-10.6,50.000000000004064],[-10.64,50.000000000004064],[-10.64,50.100000000004066],[-10.799999999999999,50.12000000000406],[-10.799999999999999,50.16000000000406],[-10.84,50.16000000000406],[-10.84,50.20000000000407],[-10.799999999999999,50.20000000000407],[-10.799999999999999,50.240000000004066],[-10.72,50.280000000004065],[-10.72,50.360000000004064],[-10.74,50.360000000004064],[-10.74,50.38000000000406],[-10.78,50.38000000000406],[-10.78,50.40000000000406],[-10.799999999999999,50.40000000000406],[-10.799999999999999,50.44000000000406],[-10.84,50.44000000000406],[-10.84,50.52000000000406],[-10.86,50.52000000000406],[-10.86,50.54000000000406],[-10.9,50.54000000000406],[-10.92,50.66000000000406],[-10.959999999999999,50.66000000000406],[-10.959999999999999,50.70000000000407],[-11.02,50.70000000000407],[-11.02,50.72000000000406],[-11.1,50.72000000000406],[-11.1,50.740000000004066],[-11.14,50.740000000004066],[-11.14,50.780000000004065],[-11.16,50.780000000004065],[-11.16,50.80000000000406],[-11.2,50.80000000000406],[-11.2,50.820000000004065],[-11.22,50.820000000004065],[-11.22,50.860000000004064],[-11.26,50.860000000004064],[-11.26,50.94000000000406],[-11.28,50.94000000000406],[-11.28,50.98000000000407],[-11.32,50.98000000000407],[-11.32,51.02000000000406],[-11.34,51.02000000000406],[-11.34,51.04000000000406],[-11.379999999999999,51.04000000000406],[-11.379999999999999,51.08000000000406],[-11.4,51.08000000000406],[-11.4,51.16000000000406],[-11.42,51.16000000000406],[-11.42,51.180000000004064],[-11.459999999999999,51.180000000004064],[-11.459999999999999,51.26000000000406],[-11.48,51.26000000000406],[-11.48,51.320000000004065],[-11.52,51.320000000004065],[-11.52,51.34000000000407],[-11.54,51.34000000000407],[-11.54,51.420000000004066],[-11.58,51.420000000004066],[-11.58,51.48000000000407],[-11.54,51.48000000000407],[-11.54,51.500000000004064],[-11.48,51.500000000004064],[-11.48,51.52000000000406],[-11.459999999999999,51.52000000000406],[-11.459999999999999,51.600000000004066],[-11.48,51.600000000004066],[-11.48,51.62000000000406],[-11.52,51.62000000000406],[-11.54,51.66000000000406],[-11.58,51.66000000000406],[-11.58,51.780000000004065],[-11.6,51.780000000004065],[-11.6,51.80000000000406],[-11.64,51.80000000000406],[-11.64,51.84000000000407],[-11.58,51.84000000000407],[-11.58,51.94000000000406],[-11.66,51.94000000000406],[-11.66,51.98000000000407],[-11.64,51.98000000000407],[-11.64,52.000000000004064],[-11.6,52.000000000004064],[-11.6,52.06000000000407],[-11.64,52.06000000000407],[-11.64,52.08000000000406],[-11.66,52.08000000000406],[-11.66,52.12000000000406],[-11.7,52.12000000000406],[-11.72,52.16000000000406],[-11.78,52.16000000000406],[-11.78,52.180000000004064],[-11.82,52.180000000004064],[-11.82,52.22000000000406],[-11.84,52.22000000000406],[-11.84,52.280000000004065],[-11.879999999999999,52.280000000004065],[-11.9,52.320000000004065],[-11.94,52.320000000004065],[-11.94,52.34000000000407],[-12.02,52.34000000000407],[-12.02,52.360000000004064],[-12.14,52.360000000004064],[-12.14,52.38000000000406],[-12.22,52.38000000000406],[-12.22,52.40000000000406],[-12.28,52.40000000000406],[-12.28,52.420000000004066],[-12.379999999999999,52.420000000004066],[-12.379999999999999,52.44000000000406],[-12.44,52.44000000000406],[-12.44,52.460000000004065],[-12.5,52.460000000004065],[-12.5,52.48000000000407],[-12.9,52.48000000000407],[-12.9,52.500000000004064],[-13.18,52.500000000004064],[-13.18,52.48000000000407],[-13.24,52.48000000000407],[-13.24,52.460000000004065],[-13.280000000000001,52.460000000004065],[-13.280000000000001,52.44000000000406],[-13.44,52.44000000000406],[-13.44,52.460000000004065],[-13.54,52.460000000004065],[-13.54,52.48000000000407],[-13.66,52.48000000000407],[-13.66,52.460000000004065],[-13.68,52.460000000004065],[-13.68,52.48000000000407],[-13.7,52.48000000000407],[-13.7,52.54000000000406],[-13.74,52.54000000000406],[-13.74,52.600000000004066],[-13.96,52.600000000004066],[-13.98,52.56000000000407],[-14.04,52.56000000000407],[-14.04,52.54000000000406],[-14.18,52.54000000000406],[-14.18,52.56000000000407],[-14.3,52.56000000000407],[-14.3,52.54000000000406],[-14.36,52.54000000000406],[-14.36,52.420000000004066],[-14.44,52.420000000004066],[-14.44,52.44000000000406],[-14.5,52.44000000000406],[-14.48,52.48000000000407],[-14.44,52.48000000000407],[-14.44,52.500000000004064],[-14.42,52.500000000004064],[-14.42,52.54000000000406],[-14.379999999999999,52.54000000000406],[-14.379999999999999,52.600000000004066],[-14.42,52.600000000004066],[-14.44,52.640000000004065],[-14.48,52.640000000004065],[-14.48,52.72000000000406],[-14.5,52.72000000000406],[-14.48,52.76000000000406],[-14.44,52.76000000000406],[-14.42,52.80000000000406],[-14.379999999999999,52.80000000000406],[-14.36,52.84000000000407],[-14.32,52.84000000000407],[-14.32,52.90000000000406],[-14.3,52.90000000000406],[-14.3,52.920000000004066],[-14.2,52.920000000004066],[-14.2,52.860000000004064],[-14.1,52.860000000004064],[-14.1,52.88000000000406],[-14.059999999999999,52.88000000000406],[-14.059999999999999,52.920000000004066],[-14.0,52.920000000004066],[-14.0,52.94000000000406],[-13.98,52.94000000000406],[-13.98,52.98000000000407],[-13.94,52.98000000000407],[-13.94,53.0],[-13.66,53.0],[-13.66,52.98000000000407],[-13.559999999999999,52.98000000000407],[-13.559999999999999,53.0],[-13.34,53.0],[-13.34,52.960000000004065],[-13.2,52.960000000004065],[-13.2,52.98000000000407],[-13.18,52.98000000000407],[-13.18,53.0],[-9.959999999999999,53.0],[-9.959999999999999,52.84000000000407],[-9.94,52.84000000000407],[-9.94,52.820000000004065],[-9.9,52.820000000004065],[-9.879999999999999,52.780000000004065],[-9.84,52.780000000004065],[-9.84,52.740000000004066],[-9.82,52.740000000004066],[-9.82,52.72000000000406],[-9.78,52.72000000000406],[-9.78,52.70000000000407],[-9.76,52.70000000000407],[-9.76,52.66000000000406],[-9.66,52.66000000000406],[-9.66,52.640000000004065],[-9.6,52.640000000004065],[-9.6,52.76000000000406],[-9.58,52.76000000000406],[-9.58,52.740000000004066],[-9.5,52.740000000004066],[-9.5,52.820000000004065],[-9.56,52.820000000004065],[-9.56,52.84000000000407],[-9.54,52.84000000000407],[-9.54,52.94000000000406],[-9.56,52.94000000000406],[-9.56,52.960000000004065],[-9.48,52.960000000004065],[-9.48,52.920000000004066],[-9.42,52.920000000004066],[-9.42,53.0],[-9.299999999999999,53.0],[-9.299999999999999,52.98000000000407],[-9.4,52.98000000000407],[-9.4,52.820000000004065],[-9.48,52.820000000004065],[-9.48,52.72000000000406],[-9.58,52.72000000000406],[-9.58,52.62000000000406],[-9.66,52.62000000000406],[-9.66,52.600000000004066],[-9.68,52.600000000004066],[-9.68,52.640000000004065],[-9.76,52.640000000004065],[-9.76,52.56000000000407],[-9.72,52.56000000000407],[-9.72,52.54000000000406],[-9.9,52.54000000000406],[-9.9,52.34000000000407],[-9.98,52.34000000000407],[-9.98,52.280000000004065],[-10.0,52.280000000004065],[-10.0,52.34000000000407],[-10.08,52.34000000000407],[-10.08,52.280000000004065],[-10.22,52.280000000004065],[-10.22,52.22000000000406],[-10.28,52.22000000000406],[-10.28,52.180000000004064],[-10.32,52.180000000004064],[-10.32,52.12000000000406],[-10.24,52.12000000000406],[-10.24,52.16000000000406],[-10.22,52.16000000000406],[-10.22,52.140000000004065],[-10.16,52.140000000004065],[-10.16,52.08000000000406],[-10.08,52.08000000000406],[-10.08,51.98000000000407],[-10.16,51.98000000000407],[-10.16,51.920000000004066],[-10.18,51.920000000004066],[-10.18,52.100000000004066],[-10.28,52.100000000004066],[-10.28,51.960000000004065],[-10.26,51.960000000004065],[-10.26,51.88000000000406],[-10.22,51.88000000000406],[-10.22,51.820000000004065],[-10.0,51.820000000004065],[-10.0,51.88000000000406],[-9.82,51.88000000000406],[-9.82,51.780000000004065],[-9.84,51.780000000004065],[-9.84,51.84000000000407],[-9.9,51.84000000000407],[-9.9,51.680000000004064],[-9.84,51.680000000004064],[-9.84,51.72000000000406],[-9.58,51.72000000000406],[-9.58,51.62000000000406],[-9.6,51.62000000000406],[-9.6,51.680000000004064],[-9.72,51.680000000004064],[-9.72,51.58000000000406],[-9.66,51.58000000000406],[-9.66,51.52000000000406],[-9.58,51.52000000000406],[-9.58,51.48000000000407],[-9.42,51.48000000000407],[-9.42,51.52000000000406],[-9.22,51.52000000000406],[-9.22,51.56000000000407],[-9.18,51.56000000000407],[-9.18,51.58000000000406],[-9.12,51.58000000000406],[-9.12,51.62000000000406],[-9.1,51.62000000000406],[-9.1,51.640000000004065],[-8.7,51.640000000004065],[-8.68,51.680000000004064],[-8.62,51.680000000004064],[-8.62,51.70000000000407],[-8.58,51.70000000000407],[-8.58,51.72000000000406],[-8.44,51.72000000000406],[-8.44,51.76000000000406],[-8.42,51.76000000000406],[-8.42,51.780000000004065],[-8.34,51.780000000004065],[-8.34,51.76000000000406],[-8.28,51.76000000000406],[-8.28,51.740000000004066],[-8.2,51.740000000004066],[-8.2,51.80000000000406],[-8.26,51.80000000000406],[-8.26,51.84000000000407],[-8.32,51.84000000000407],[-8.32,51.88000000000406],[-8.24,51.88000000000406],[-8.24,51.820000000004065],[-8.12,51.820000000004065],[-8.12,51.860000000004064],[-8.08,51.860000000004064],[-8.08,51.88000000000406],[-8.02,51.88000000000406],[-8.02,51.920000000004066],[-8.0,51.920000000004066],[-8.0,51.94000000000406],[-7.859999999999999,51.94000000000406],[-7.859999999999999,51.960000000004065],[-7.82,51.960000000004065],[-7.82,51.98000000000407],[-7.799999999999999,51.98000000000407],[-7.799999999999999,52.02000000000406],[-7.459999999999999,52.02000000000406],[-7.4399999999999995,52.06000000000407],[-7.4,52.06000000000407],[-7.4,52.08000000000406],[-7.379999999999999,52.08000000000406],[-7.379999999999999,52.16000000000406],[-7.5,52.16000000000406],[-7.5,52.20000000000407],[-7.0,52.20000000000407],[-7.0,52.22000000000406],[-6.82,52.22000000000406],[-6.82,52.280000000004065],[-6.76,52.280000000004065],[-6.76,52.26000000000406],[-6.74,52.26000000000406],[-6.74,52.22000000000406],[-6.66,52.22000000000406],[-6.66,52.240000000004066],[-6.640000000000001,52.240000000004066],[-6.640000000000001,52.22000000000406],[-6.34,52.22000000000406],[-6.34,52.280000000004065],[-6.379999999999999,52.280000000004065],[-6.379999999999999,52.30000000000406],[-6.34,52.30000000000406],[-6.34,52.500000000004064],[-6.32,52.500000000004064],[-6.32,52.54000000000406],[-6.279999999999999,52.54000000000406],[-6.279999999999999,52.58000000000406],[-6.199999999999999,52.58000000000406],[-6.199999999999999,52.88000000000406],[-6.140000000000001,52.88000000000406],[-6.140000000000001,52.90000000000406],[-6.1,52.90000000000406],[-6.1,52.920000000004066],[-6.02,52.920000000004066],[-6.02,52.98000000000407],[-6.039999999999999,52.98000000000407],[-6.039999999999999,53.0],[-4.399999999999999,53.0],[-4.399999999999999,52.98000000000407],[-4.48,52.98000000000407],[-4.48,52.920000000004066],[-4.52,52.920000000004066],[-4.52,52.860000000004064],[-4.440000000000001,52.860000000004064],[-4.440000000000001,52.920000000004066],[-4.359999999999999,52.920000000004066],[-4.359999999999999,52.98000000000407],[-4.280000000000001,52.98000000000407],[-4.280000000000001,52.960000000004065],[-4.259999999999998,52.960000000004065],[-4.259999999999998,52.920000000004066],[-4.16,52.920000000004066],[-4.16,52.780000000004065],[-4.079999999999998,52.780000000004065],[-4.079999999999998,52.34000000000407],[-4.16,52.34000000000407],[-4.16,52.280000000004065],[-4.259999999999998,52.280000000004065],[-4.259999999999998,52.22000000000406],[-4.34,52.22000000000406],[-4.34,52.180000000004064],[-4.48,52.180000000004064],[-4.48,52.140000000004065],[-4.759999999999998,52.140000000004065],[-4.759999999999998,52.08000000000406],[-4.82,52.08000000000406],[-4.82,52.04000000000406],[-4.84,52.04000000000406],[-4.84,52.02000000000406],[-5.039999999999999,52.02000000000406],[-5.039999999999999,51.94000000000406],[-5.08,51.94000000000406],[-5.08,51.920000000004066],[-5.16,51.920000000004066],[-5.16,51.860000000004064],[-5.139999999999999,51.860000000004064],[-5.139999999999999,51.740000000004066],[-5.1,51.740000000004066],[-5.08,51.70000000000407],[-4.960000000000001,51.70000000000407],[-4.960000000000001,51.680000000004064],[-4.859999999999999,51.680000000004064],[-4.859999999999999,51.70000000000407],[-4.780000000000001,51.70000000000407],[-4.780000000000001,51.72000000000406],[-4.68,51.72000000000406],[-4.68,51.780000000004065],[-4.399999999999999,51.780000000004065],[-4.399999999999999,51.72000000000406],[-4.34,51.72000000000406],[-4.34,51.600000000004066],[-4.280000000000001,51.600000000004066],[-4.280000000000001,51.58000000000406],[-4.219999999999999,51.58000000000406],[-4.219999999999999,51.600000000004066],[-4.18,51.600000000004066],[-4.18,51.66000000000406],[-4.16,51.66000000000406],[-4.16,51.680000000004064],[-4.100000000000001,51.680000000004064],[-4.100000000000001,51.76000000000406],[-4.02,51.780000000004065],[-4.02,51.76000000000406],[-3.9800000000000004,51.76000000000406],[-3.9800000000000004,51.680000000004064],[-3.919999999999998,51.680000000004064],[-3.8999999999999986,51.640000000004065],[-3.84,51.640000000004065],[-3.84,51.58000000000406],[-3.7399999999999984,51.58000000000406],[-3.7399999999999984,51.52000000000406],[-3.66,51.52000000000406],[-3.66,51.48000000000407],[-3.5599999999999987,51.48000000000407],[-3.5599999999999987,51.44000000000406],[-3.1799999999999997,51.44000000000406],[-3.1799999999999997,51.52000000000406],[-3.0799999999999983,51.52000000000406],[-3.0799999999999983,51.58000000000406],[-2.879999999999999,51.58000000000406],[-2.879999999999999,51.600000000004066],[-2.8599999999999994,51.600000000004066],[-2.8599999999999994,51.640000000004065],[-2.8000000000000007,51.640000000004065],[-2.8000000000000007,51.62000000000406],[-2.7399999999999984,51.62000000000406],[-2.7399999999999984,51.460000000004065],[-2.84,51.460000000004065],[-2.84,51.44000000000406],[-2.879999999999999,51.44000000000406],[-2.879999999999999,51.38000000000406],[-2.9800000000000004,51.38000000000406],[-2.9800000000000004,51.240000000004066],[-3.0,51.240000000004066],[-3.0,51.22000000000406],[-3.0599999999999987,51.22000000000406],[-3.0599999999999987,51.180000000004064],[-3.5799999999999983,51.180000000004064],[-3.5799999999999983,51.22000000000406],[-3.9800000000000004,51.22000000000406],[-3.9800000000000004,51.180000000004064],[-4.219999999999999,51.180000000004064],[-4.219999999999999,51.100000000004066],[-4.259999999999998,51.100000000004066],[-4.259999999999998,51.02000000000406],[-4.34,51.02000000000406],[-4.34,50.98000000000407],[-4.579999999999998,50.98000000000407],[-4.579999999999998,50.780000000004065],[-4.66,50.780000000004065],[-4.66,50.740000000004066],[-4.699999999999999,50.740000000004066],[-4.699999999999999,50.72000000000406],[-4.719999999999999,50.72000000000406],[-4.719999999999999,50.680000000004064],[-4.759999999999998,50.680000000004064],[-4.759999999999998,50.62000000000406],[-4.84,50.62000000000406],[-4.84,50.58000000000406],[-4.859999999999999,50.58000000000406],[-4.859999999999999,50.62000000000406],[-4.940000000000001,50.62000000000406],[-4.940000000000001,50.56000000000407],[-4.960000000000001,50.56000000000407],[-4.960000000000001,50.54000000000406],[-5.02,50.54000000000406],[-5.02,50.48000000000407],[-5.039999999999999,50.48000000000407],[-5.039999999999999,50.38000000000406],[-5.08,50.38000000000406],[-5.08,50.360000000004064],[-5.139999999999999,50.360000000004064],[-5.16,50.320000000004065],[-5.219999999999999,50.320000000004065],[-5.219999999999999,50.30000000000406],[-5.26,50.30000000000406],[-5.26,50.280000000004065],[-5.279999999999999,50.280000000004065],[-5.279999999999999,50.240000000004066],[-5.32,50.240000000004066],[-5.32,50.22000000000406],[-5.379999999999999,50.22000000000406],[-5.379999999999999,50.20000000000407],[-5.42,50.20000000000407],[-5.42,50.22000000000406],[-5.52,50.22000000000406],[-5.52,50.20000000000407],[-5.5600000000000005,50.20000000000407],[-5.5600000000000005,50.180000000004064],[-5.640000000000001,50.180000000004064],[-5.640000000000001,50.12000000000406],[-5.4399999999999995,50.12000000000406],[-5.4399999999999995,50.100000000004066],[-5.359999999999999,50.100000000004066],[-5.359999999999999,50.12000000000406],[-5.32,50.12000000000406],[-5.32,50.100000000004066],[-5.279999999999999,50.100000000004066],[-5.279999999999999,50.02000000000406],[-5.16,50.000000000004064],[-5.16,50.08000000000406],[-5.1,50.08000000000406],[-5.1,50.22000000000406],[-4.919999999999998,50.22000000000406],[-4.919999999999998,50.280000000004065],[-4.780000000000001,50.280000000004065],[-4.780000000000001,50.30000000000406],[-4.759999999999998,50.30000000000406],[-4.759999999999998,50.280000000004065],[-4.699999999999999,50.280000000004065],[-4.699999999999999,50.26000000000406],[-4.600000000000001,50.26000000000406],[-4.600000000000001,50.280000000004065],[-4.559999999999999,50.280000000004065],[-4.559999999999999,50.320000000004065],[-4.5,50.320000000004065],[-4.5,50.34000000000407],[-4.48,50.34000000000407],[-4.48,50.38000000000406],[-4.419999999999998,50.38000000000406],[-4.419999999999998,50.420000000004066],[-4.34,50.420000000004066],[-4.34,50.38000000000406],[-4.16,50.38000000000406],[-4.16,50.34000000000407],[-3.9800000000000004,50.34000000000407],[-3.9800000000000004,50.30000000000406],[-3.919999999999998,50.30000000000406],[-3.919999999999998,50.320000000004065],[-3.8999999999999986,50.320000000004065],[-3.8999999999999986,50.280000000004065],[-3.759999999999998,50.280000000004065],[-3.759999999999998,50.30000000000406],[-3.6799999999999997,50.30000000000406],[-3.6799999999999997,50.34000000000407],[-3.620000000000001,50.34000000000407],[-3.620000000000001,50.360000000004064],[-3.5799999999999983,50.360000000004064],[-3.5799999999999983,50.38000000000406],[-3.5,50.38000000000406],[-3.5,50.500000000004064],[-3.4400000000000013,50.500000000004064],[-3.4400000000000013,50.52000000000406],[-3.419999999999998,50.52000000000406],[-3.419999999999998,50.58000000000406],[-3.5,50.58000000000406],[-3.5,50.62000000000406],[-3.419999999999998,50.62000000000406],[-3.419999999999998,50.680000000004064],[-3.3999999999999986,50.680000000004064],[-3.3999999999999986,50.66000000000406],[-3.3599999999999994,50.66000000000406],[-3.3599999999999994,50.62000000000406],[-3.3000000000000007,50.62000000000406],[-3.3000000000000007,50.680000000004064],[-3.280000000000001,50.680000000004064],[-3.280000000000001,50.640000000004065],[-3.1799999999999997,50.640000000004065],[-3.1799999999999997,50.680000000004064],[-3.120000000000001,50.680000000004064],[-3.120000000000001,50.70000000000407],[-3.0799999999999983,50.70000000000407],[-3.0799999999999983,50.780000000004065],[-2.9800000000000004,50.780000000004065],[-2.9800000000000004,50.740000000004066],[-2.919999999999998,50.740000000004066],[-2.919999999999998,50.72000000000406],[-2.8599999999999994,50.72000000000406],[-2.8599999999999994,50.740000000004066],[-2.780000000000001,50.740000000004066],[-2.780000000000001,50.70000000000407],[-2.6999999999999993,50.70000000000407],[-2.6999999999999993,50.740000000004066],[-2.66,50.740000000004066],[-2.66,50.680000000004064],[-2.599999999999998,50.680000000004064],[-2.599999999999998,50.66000000000406],[-2.5599999999999987,50.66000000000406],[-2.5599999999999987,50.62000000000406],[-2.460000000000001,50.62000000000406],[-2.460000000000001,50.640000000004065],[-2.4400000000000013,50.640000000004065],[-2.4400000000000013,50.62000000000406],[-2.3200000000000003,50.62000000000406],[-2.3200000000000003,50.680000000004064],[-2.1400000000000006,50.680000000004064],[-2.1400000000000006,50.62000000000406],[-1.8999999999999986,50.62000000000406],[-1.8999999999999986,50.640000000004065],[-1.879999999999999,50.640000000004065],[-1.879999999999999,50.70000000000407],[-1.8399999999999999,50.70000000000407],[-1.8399999999999999,50.72000000000406],[-1.8200000000000003,50.72000000000406],[-1.8200000000000003,50.76000000000406],[-1.7800000000000011,50.76000000000406],[-1.7800000000000011,50.780000000004065],[-1.759999999999998,50.780000000004065],[-1.7399999999999984,50.740000000004066],[-1.6799999999999997,50.740000000004066],[-1.6799999999999997,50.72000000000406],[-1.5799999999999983,50.72000000000406],[-1.5799999999999983,50.780000000004065],[-1.5599999999999987,50.780000000004065],[-1.5599999999999987,50.76000000000406],[-1.5,50.76000000000406],[-1.5,50.70000000000407],[-1.4600000000000009,50.70000000000407],[-1.4600000000000009,50.680000000004064],[-1.3999999999999986,50.680000000004064],[-1.3999999999999986,50.62000000000406],[-1.1999999999999993,50.62000000000406],[-1.1999999999999993,50.820000000004065],[-1.120000000000001,50.820000000004065],[-1.120000000000001,50.76000000000406],[-0.9800000000000004,50.76000000000406],[-0.9800000000000004,50.780000000004065],[-0.9600000000000009,50.780000000004065],[-0.9600000000000009,50.820000000004065],[-0.9400000000000013,50.820000000004065],[-0.9400000000000013,50.80000000000406],[-0.8999999999999986,50.80000000000406],[-0.8999999999999986,50.76000000000406],[-0.879999999999999,50.76000000000406],[-0.879999999999999,50.740000000004066],[-0.8000000000000007,50.740000000004066],[-0.7800000000000011,50.820000000004065],[-0.6999999999999993,50.820000000004065],[-0.6999999999999993,50.780000000004065],[-0.6799999999999997,50.780000000004065],[-0.6799999999999997,50.76000000000406],[-0.5999999999999979,50.76000000000406],[-0.5999999999999979,50.780000000004065],[-0.5799999999999983,50.780000000004065],[-0.5799999999999983,50.820000000004065],[-0.5199999999999996,50.820000000004065],[-0.5199999999999996,50.860000000004064],[-0.4800000000000004,50.860000000004064],[-0.4800000000000004,50.88000000000406],[-0.16000000000000014,50.88000000000406],[-0.16000000000000014,50.860000000004064],[-0.14000000000000057,50.860000000004064],[-0.14000000000000057,50.820000000004065],[0.03999999999999915,50.820000000004065],[0.03999999999999915,50.80000000000406],[0.120000000000001,50.80000000000406],[0.120000000000001,50.780000000004065],[0.21999999999999886,50.780000000004065],[0.21999999999999886,50.820000000004065],[0.26000000000000156,50.820000000004065],[0.26000000000000156,50.84000000000407],[0.28000000000000114,50.84000000000407],[0.28000000000000114,50.88000000000406],[0.3200000000000003,50.88000000000406],[0.3200000000000003,50.90000000000406],[0.35999999999999943,50.88000000000406],[0.35999999999999943,50.84000000000407],[0.5199999999999996,50.84000000000407],[0.5199999999999996,50.88000000000406],[0.5599999999999987,50.88000000000406],[0.5599999999999987,50.920000000004066],[0.6400000000000006,50.920000000004066],[0.6400000000000006,50.960000000004065],[0.6999999999999993,50.960000000004065],[0.6999999999999993,51.000000000004064],[0.7199999999999989,51.000000000004064],[0.7199999999999989,51.100000000004066],[0.7800000000000011,51.100000000004066],[0.7800000000000011,51.06000000000407],[0.8399999999999999,51.06000000000407],[0.8399999999999999,51.08000000000406],[0.879999999999999,51.08000000000406],[0.879999999999999,51.100000000004066],[1.240000000000002,51.12000000000406],[1.240000000000002,51.180000000004064],[1.379999999999999,51.180000000004064],[1.379999999999999,51.240000000004066],[1.3599999999999994,51.240000000004066],[1.3599999999999994,51.360000000004064],[1.3200000000000003,51.360000000004064],[1.3200000000000003,51.38000000000406],[1.0399999999999991,51.38000000000406],[1.0399999999999991,51.34000000000407],[1.0,51.320000000004065],[1.0,51.38000000000406],[0.8200000000000003,51.38000000000406],[0.8200000000000003,51.40000000000406],[0.7199999999999989,51.40000000000406],[0.7199999999999989,51.44000000000406],[0.6400000000000006,51.44000000000406],[0.6400000000000006,51.460000000004065],[0.620000000000001,51.460000000004065],[0.620000000000001,51.52000000000406],[0.5800000000000018,51.52000000000406],[0.5800000000000018,51.54000000000406],[0.5,51.54000000000406],[0.5,51.58000000000406],[0.9000000000000021,51.58000000000406],[0.9000000000000021,51.640000000004065],[0.9400000000000013,51.640000000004065],[0.9400000000000013,51.740000000004066],[0.9000000000000021,51.740000000004066],[0.9000000000000021,51.80000000000406],[0.8200000000000003,51.80000000000406],[0.8200000000000003,51.820000000004065],[1.1400000000000006,51.820000000004065],[1.1400000000000006,51.860000000004064],[1.1799999999999997,51.860000000004064],[1.1799999999999997,51.88000000000406],[1.1999999999999993,51.88000000000406],[1.1999999999999993,51.98000000000407],[1.1799999999999997,51.98000000000407],[1.1799999999999997,52.000000000004064],[1.0599999999999987,52.000000000004064],[1.0599999999999987,52.02000000000406],[1.4200000000000017,52.02000000000406],[1.4200000000000017,52.06000000000407],[1.4400000000000013,52.06000000000407],[1.4400000000000013,52.08000000000406],[1.5,52.08000000000406],[1.5,52.12000000000406],[1.5199999999999996,52.12000000000406],[1.5199999999999996,52.140000000004065],[1.5599999999999987,52.140000000004065],[1.5599999999999987,52.180000000004064],[1.620000000000001,52.180000000004064],[1.620000000000001,52.22000000000406],[1.6400000000000006,52.22000000000406],[1.6400000000000006,52.40000000000406],[1.6799999999999997,52.40000000000406],[1.6799999999999997,52.420000000004066],[1.740000000000002,52.420000000004066],[1.740000000000002,52.72000000000406],[1.6400000000000006,52.72000000000406],[1.6400000000000006,52.780000000004065],[1.5599999999999987,52.780000000004065],[1.5599999999999987,52.820000000004065],[1.5,52.820000000004065],[1.5,52.88000000000406],[1.3200000000000003,52.88000000000406],[1.3200000000000003,52.920000000004066],[1.2600000000000016,52.920000000004066],[1.2600000000000016,52.90000000000406],[1.0800000000000018,52.90000000000406],[1.0800000000000018,52.920000000004066],[1.0599999999999987,52.920000000004066],[1.0599999999999987,52.960000000004065],[1.0,52.960000000004065],[1.0,52.98000000000407],[0.9200000000000017,52.98000000000407],[0.9200000000000017,52.960000000004065],[0.9000000000000021,52.960000000004065],[0.9000000000000021,52.98000000000407],[0.5399999999999991,52.98000000000407],[0.5399999999999991,52.94000000000406],[0.5199999999999996,52.94000000000406],[0.5199999999999996,52.920000000004066],[0.4800000000000004,52.920000000004066],[0.4800000000000004,52.90000000000406],[0.4200000000000017,52.90000000000406],[0.4200000000000017,52.860000000004064],[0.40000000000000213,52.860000000004064],[0.40000000000000213,52.920000000004066],[0.3000000000000007,52.920000000004066],[0.3000000000000007,52.90000000000406],[0.28000000000000114,52.90000000000406],[0.28000000000000114,52.920000000004066],[0.26000000000000156,52.920000000004066],[0.26000000000000156,52.94000000000406],[0.21999999999999886,52.94000000000406],[0.21999999999999886,52.960000000004065],[0.16000000000000014,52.960000000004065],[0.16000000000000014,52.94000000000406],[0.14000000000000057,52.94000000000406],[0.14000000000000057,53.0],[3.0,53.0],[3.0,51.26000000000406],[3.0,51.22000000000406],[2.8599999999999994,51.22000000000406],[2.8599999999999994,51.180000000004064],[2.7600000000000016,51.180000000004064],[2.7600000000000016,51.12000000000406]],[[-5.699999999999999,50.12000000000406],[-5.699999999999999,50.04000000000406],[-5.640000000000001,50.04000000000406],[-5.640000000000001,50.12000000000406],[-5.699999999999999,50.12000000000406]],[[-13.559999999999999,52.740000000004066],[-13.36,52.740000000004066],[-13.36,52.80000000000406],[-13.379999999999999,52.80000000000406],[-13.379999999999999,52.820000000004065],[-13.42,52.820000000004065],[-13.42,52.84000000000407],[-13.559999999999999,52.84000000000407],[-13.58,52.88000000000406],[-13.620000000000001,52.88000000000406],[-13.620000000000001,52.90000000000406],[-13.68,52.90000000000406],[-13.68,52.88000000000406],[-13.74,52.88000000000406],[-13.74,52.780000000004065],[-13.719999999999999,52.780000000004065],[-13.719999999999999,52.72000000000406],[-13.68,52.72000000000406],[-13.68,52.70000000000407],[-13.620000000000001,52.70000000000407],[-13.620000000000001,52.72000000000406],[-13.559999999999999,52.72000000000406],[-13.559999999999999,52.740000000004066]],[[-9.42,52.90000000000406],[-9.48,52.90000000000406],[-9.48,52.84000000000407],[-9.42,52.84000000000407],[-9.42,52.90000000000406]],[[-4.18,52.90000000000406],[-4.300000000000001,52.90000000000406],[-4.300000000000001,52.780000000004065],[-4.18,52.780000000004065],[-4.18,52.90000000000406]],[[-9.92,52.420000000004066],[-9.98,52.420000000004066],[-9.98,52.360000000004064],[-9.92,52.360000000004064],[-9.92,52.420000000004066]],[[-11.34,51.960000000004065],[-11.379999999999999,51.960000000004065],[-11.379999999999999,52.000000000004064],[-11.459999999999999,52.000000000004064],[-11.459999999999999,51.94000000000406],[-11.44,51.94000000000406],[-11.44,51.920000000004066],[-11.4,51.920000000004066],[-11.4,51.88000000000406],[-11.379999999999999,51.88000000000406],[-11.379999999999999,51.84000000000407],[-11.32,51.84000000000407],[-11.32,51.920000000004066],[-11.34,51.920000000004066],[-11.34,51.960000000004065]],[[-10.04,51.72000000000406],[-10.0,51.72000000000406],[-10.0,51.740000000004066],[-9.92,51.740000000004066],[-9.92,51.84000000000407],[-9.98,51.84000000000407],[-9.98,51.80000000000406],[-10.02,51.80000000000406],[-10.02,51.780000000004065],[-10.04,51.780000000004065],[-10.04,51.80000000000406],[-10.1,51.80000000000406],[-10.1,51.780000000004065],[-10.16,51.780000000004065],[-10.16,51.680000000004064],[-10.04,51.70000000000407],[-10.04,51.72000000000406]],[[-10.66,51.70000000000407],[-10.72,51.70000000000407],[-10.72,51.820000000004065],[-10.879999999999999,51.820000000004065],[-10.879999999999999,51.80000000000406],[-10.959999999999999,51.80000000000406],[-10.959999999999999,51.740000000004066],[-10.94,51.740000000004066],[-10.94,51.70000000000407],[-10.9,51.70000000000407],[-10.9,51.680000000004064],[-10.879999999999999,51.680000000004064],[-10.879999999999999,51.640000000004065],[-10.66,51.640000000004065],[-10.66,51.70000000000407]],[[-9.74,51.680000000004064],[-9.82,51.680000000004064],[-9.82,51.66000000000406],[-9.84,51.66000000000406],[-9.84,51.58000000000406],[-9.74,51.58000000000406],[-9.74,51.680000000004064]],[[-8.98,51.52000000000406],[-8.959999999999999,51.52000000000406],[-8.959999999999999,51.460000000004065],[-8.82,51.460000000004065],[-8.82,51.48000000000407],[-8.76,51.48000000000407],[-8.76,51.56000000000407],[-8.799999999999999,51.56000000000407],[-8.82,51.600000000004066],[-8.98,51.600000000004066],[-8.98,51.52000000000406]],[[-3.1799999999999997,47.38000000000406],[-3.280000000000001,47.38000000000406],[-3.280000000000001,47.320000000004065],[-3.2399999999999984,47.320000000004065],[-3.219999999999999,47.280000000004065],[-3.0599999999999987,47.280000000004065],[-3.0599999999999987,47.34000000000407],[-3.120000000000001,47.34000000000407],[-3.120000000000001,47.360000000004064],[-3.1799999999999997,47.360000000004064],[-3.1799999999999997,47.38000000000406]],[[-2.5199999999999996,47.360000000004064],[-2.599999999999998,47.360000000004064],[-2.599999999999998,47.26000000000406],[-2.5199999999999996,47.26000000000406],[-2.5199999999999996,47.360000000004064]],[[-2.3999999999999986,46.680000000004064],[-2.4800000000000004,46.680000000004064],[-2.4800000000000004,46.60000000000406],[-2.379999999999999,46.60000000000406],[-2.379999999999999,46.66000000000406],[-2.3999999999999986,46.66000000000406],[-2.3999999999999986,46.680000000004064]],[[-1.259999999999998,45.960000000004065],[-1.3599999999999994,45.960000000004065],[-1.3599999999999994,45.94000000000406],[-1.3999999999999986,45.94000000000406],[-1.3999999999999986,45.90000000000406],[-1.4400000000000013,45.90000000000406],[-1.4400000000000013,45.820000000004065],[-1.2800000000000011,45.820000000004065],[-1.2800000000000011,45.84000000000407],[-1.2199999999999989,45.84000000000407],[-1.2199999999999989,45.90000000000406],[-1.259999999999998,45.90000000000406],[-1.259999999999998,45.960000000004065]],[[-1.1999999999999993,45.20000000000407],[-1.259999999999998,45.20000000000407],[-1.259999999999998,45.140000000004065],[-1.1999999999999993,45.140000000004065],[-1.1999999999999993,45.20000000000407]]],[[[-4.739999999999998,50.38000000000406],[-4.579999999999998,50.38000000000406],[-4.579999999999998,50.34000000000407],[-4.739999999999998,50.34000000000407],[-4.739999999999998,50.38000000000406]]],[[[-3.1799999999999997,50.740000000004066],[-3.1799999999999997,50.70000000000407],[-3.259999999999998,50.70000000000407],[-3.259999999999998,50.740000000004066],[-3.1799999999999997,50.740000000004066]]],[[[-7.58,52.140000000004065],[-7.5,52.140000000004065],[-7.5,52.100000000004066],[-7.58,52.100000000004066],[-7.58,52.140000000004065]]]]}},{"type":"Feature","properties":{"threshold_kt":1.0,"kind":"mask","atlas":"ATLNE","resolution_m":2000,"method":"max speed over 15 days hourly, all constituents","area_deg2":28.66},"geometry":{"type":"MultiPolygon","coordinates":[[[[-8.92,42.000000000004064],[-8.92,42.12000000000407],[-8.86,42.12000000000407],[-8.86,42.02000000000406],[-8.9,42.02000000000406],[-8.9,42.000000000004064],[-8.92,42.000000000004064]]],[[[-3.039999999999999,47.24000000000406],[-3.0799999999999983,47.24000000000406],[-3.0799999999999983,47.26000000000406],[-3.120000000000001,47.26000000000406],[-3.120000000000001,47.280000000004065],[-3.0,47.280000000004065],[-3.0,47.26000000000406],[-3.039999999999999,47.26000000000406],[-3.039999999999999,47.24000000000406]]],[[[-3.3000000000000007,47.420000000004066],[-3.259999999999998,47.420000000004066],[-3.259999999999998,47.44000000000406],[-3.1799999999999997,47.44000000000406],[-3.1799999999999997,47.460000000004065],[-3.0599999999999987,47.460000000004065],[-3.0599999999999987,47.48000000000407],[-3.0,47.48000000000407],[-3.0,47.420000000004066],[-3.039999999999999,47.420000000004066],[-3.039999999999999,47.40000000000406],[-3.099999999999998,47.40000000000406],[-3.099999999999998,47.38000000000406],[-3.120000000000001,47.38000000000406],[-3.120000000000001,47.360000000004064],[-3.1400000000000006,47.360000000004064],[-3.1400000000000006,47.38000000000406],[-3.3000000000000007,47.38000000000406],[-3.3000000000000007,47.420000000004066]]],[[[-4.66,48.280000000004065],[-4.66,48.30000000000406],[-4.620000000000001,48.30000000000406],[-4.620000000000001,48.38000000000406],[-4.52,48.38000000000406],[-4.52,48.360000000004064],[-4.48,48.360000000004064],[-4.48,48.320000000004065],[-4.539999999999999,48.320000000004065],[-4.539999999999999,48.30000000000406],[-4.579999999999998,48.30000000000406],[-4.600000000000001,48.26000000000406],[-4.620000000000001,48.26000000000406],[-4.620000000000001,48.280000000004065],[-4.66,48.280000000004065]]],[[[-10.04,48.94000000000406],[-10.02,48.94000000000406],[-10.02,48.920000000004066],[-9.9,48.920000000004066],[-9.9,48.860000000004064],[-9.98,48.860000000004064],[-9.98,48.88000000000406],[-10.04,48.88000000000406],[-10.04,48.90000000000406],[-10.12,48.90000000000406],[-10.12,48.920000000004066],[-10.04,48.920000000004066],[-10.04,48.94000000000406]]],[[[-8.4,49.860000000004064],[-8.36,49.860000000004064],[-8.36,49.84000000000407],[-8.34,49.84000000000407],[-8.34,49.820000000004065],[-8.36,49.820000000004065],[-8.36,49.80000000000406],[-8.48,49.820000000004065],[-8.48,49.88000000000406],[-8.4,49.88000000000406],[-8.4,49.860000000004064]]],[[[2.7600000000000016,51.180000000004064],[2.7600000000000016,51.140000000004065],[2.6400000000000006,51.12000000000406],[2.6400000000000006,51.08000000000406],[2.5599999999999987,51.08000000000406],[2.5599999999999987,51.06000000000407],[2.460000000000001,51.06000000000407],[2.4400000000000013,51.02000000000406],[2.219999999999999,51.02000000000406],[2.219999999999999,51.000000000004064],[2.1400000000000006,51.000000000004064],[2.1400000000000006,50.98000000000407],[2.0599999999999987,50.98000000000407],[2.0599999999999987,50.960000000004065],[1.9000000000000021,50.960000000004065],[1.9000000000000021,50.94000000000406],[1.8399999999999999,50.94000000000406],[1.8399999999999999,50.920000000004066],[1.7600000000000016,50.920000000004066],[1.7600000000000016,50.90000000000406],[1.6999999999999993,50.90000000000406],[1.6999999999999993,50.88000000000406],[1.6600000000000001,50.88000000000406],[1.6400000000000006,50.84000000000407],[1.6000000000000014,50.84000000000407],[1.6000000000000014,50.72000000000406],[1.5800000000000018,50.72000000000406],[1.5800000000000018,50.56000000000407],[1.6000000000000014,50.56000000000407],[1.6000000000000014,50.500000000004064],[1.5800000000000018,50.500000000004064],[1.5800000000000018,50.44000000000406],[1.5399999999999991,50.44000000000406],[1.5399999999999991,50.360000000004064],[1.5199999999999996,50.360000000004064],[1.5199999999999996,50.240000000004066],[1.5800000000000018,50.240000000004066],[1.6000000000000014,50.20000000000407],[1.5800000000000018,50.20000000000407],[1.5800000000000018,50.180000000004064],[1.4600000000000009,50.180000000004064],[1.4600000000000009,50.140000000004065],[1.4400000000000013,50.140000000004065],[1.4400000000000013,50.12000000000406],[1.4000000000000021,50.12000000000406],[1.4000000000000021,50.04000000000406],[1.379999999999999,50.04000000000406],[1.379999999999999,50.02000000000406],[1.3399999999999999,50.02000000000406],[1.3399999999999999,50.000000000004064],[1.2800000000000011,50.000000000004064],[1.2600000000000016,49.960000000004065],[1.2199999999999989,49.960000000004065],[1.1999999999999993,49.920000000004066],[1.1000000000000014,49.920000000004066],[1.1000000000000014,49.90000000000406],[1.0599999999999987,49.90000000000406],[1.0599999999999987,49.920000000004066],[0.8599999999999994,49.920000000004066],[0.8599999999999994,49.860000000004064],[0.8000000000000007,49.860000000004064],[0.8000000000000007,49.84000000000407],[0.6600000000000001,49.84000000000407],[0.6600000000000001,49.820000000004065],[0.5800000000000018,49.820000000004065],[0.5800000000000018,49.80000000000406],[0.4800000000000004,49.80000000000406],[0.46000000000000085,49.76000000000406],[0.40000000000000213,49.76000000000406],[0.40000000000000213,49.740000000004066],[0.35999999999999943,49.740000000004066],[0.35999999999999943,49.72000000000406],[0.240000000000002,49.70000000000407],[0.240000000000002,49.680000000004064],[0.17999999999999972,49.680000000004064],[0.17999999999999972,49.62000000000406],[0.16000000000000014,49.62000000000406],[0.16000000000000014,49.58000000000406],[0.120000000000001,49.58000000000406],[0.120000000000001,49.54000000000406],[0.10000000000000142,49.54000000000406],[0.10000000000000142,49.48000000000407],[0.16000000000000014,49.48000000000407],[0.16000000000000014,49.460000000004065],[0.3000000000000007,49.460000000004065],[0.3000000000000007,49.40000000000406],[0.17999999999999972,49.40000000000406],[0.17999999999999972,49.38000000000406],[0.120000000000001,49.38000000000406],[0.10000000000000142,49.34000000000407],[0.05999999999999872,49.34000000000407],[0.05999999999999872,49.320000000004065],[0.03999999999999915,49.320000000004065],[0.03999999999999915,49.360000000004064],[-0.14000000000000057,49.360000000004064],[-0.16000000000000014,49.320000000004065],[-0.1999999999999993,49.320000000004065],[-0.1999999999999993,49.30000000000406],[-0.21999999999999886,49.30000000000406],[-0.21999999999999886,49.320000000004065],[-0.3999999999999986,49.320000000004065],[-0.3999999999999986,49.30000000000406],[-0.46000000000000085,49.30000000000406],[-0.46000000000000085,49.34000000000407],[-0.5199999999999996,49.34000000000407],[-0.5199999999999996,49.320000000004065],[-0.5799999999999983,49.320000000004065],[-0.5799999999999983,49.30000000000406],[-0.6400000000000006,49.30000000000406],[-0.6400000000000006,49.320000000004065],[-0.8399999999999999,49.320000000004065],[-0.8399999999999999,49.34000000000407],[-0.8999999999999986,49.34000000000407],[-0.8999999999999986,49.360000000004064],[-1.0199999999999996,49.360000000004064],[-1.0199999999999996,49.420000000004066],[-1.120000000000001,49.420000000004066],[-1.120000000000001,49.38000000000406],[-1.1999999999999993,49.40000000000406],[-1.1999999999999993,49.460000000004065],[-1.2199999999999989,49.460000000004065],[-1.2199999999999989,49.500000000004064],[-1.259999999999998,49.500000000004064],[-1.259999999999998,49.56000000000407],[-1.2199999999999989,49.56000000000407],[-1.2199999999999989,49.62000000000406],[-1.2800000000000011,49.62000000000406],[-1.2800000000000011,49.66000000000406],[-1.3399999999999999,49.66000000000406],[-1.3399999999999999,49.680000000004064],[-1.4600000000000009,49.66000000000406],[-1.4600000000000009,49.640000000004065],[-1.5,49.640000000004065],[-1.5,49.62000000000406],[-1.5999999999999979,49.62000000000406],[-1.5999999999999979,49.640000000004065],[-1.8200000000000003,49.640000000004065],[-1.8200000000000003,49.460000000004065],[-1.8000000000000007,49.460000000004065],[-1.8000000000000007,49.40000000000406],[-1.7399999999999984,49.40000000000406],[-1.7399999999999984,49.34000000000407],[-1.6799999999999997,49.34000000000407],[-1.6799999999999997,49.280000000004065],[-1.6400000000000006,49.280000000004065],[-1.6400000000000006,49.26000000000406],[-1.5799999999999983,49.26000000000406],[-1.5799999999999983,49.02000000000406],[-1.5599999999999987,49.02000000000406],[-1.5599999999999987,48.90000000000406],[-1.5799999999999983,48.90000000000406],[-1.5799999999999983,48.820000000004065],[-1.6400000000000006,48.820000000004065],[-1.6400000000000006,48.76000000000406],[-1.5199999999999996,48.76000000000406],[-1.5199999999999996,48.74000000000406],[-1.5,48.74000000000406],[-1.5199999999999996,48.66000000000406],[-1.5599999999999987,48.66000000000406],[-1.5599999999999987,48.640000000004065],[-1.6999999999999993,48.640000000004065],[-1.6999999999999993,48.62000000000407],[-1.7399999999999984,48.62000000000407],[-1.7399999999999984,48.58000000000406],[-1.8200000000000003,48.58000000000406],[-1.8200000000000003,48.62000000000407],[-1.879999999999999,48.62000000000407],[-1.879999999999999,48.66000000000406],[-1.9400000000000013,48.66000000000406],[-1.9400000000000013,48.640000000004065],[-2.039999999999999,48.640000000004065],[-2.039999999999999,48.600000000004066],[-2.1400000000000006,48.600000000004066],[-2.1400000000000006,48.640000000004065],[-2.2399999999999984,48.640000000004065],[-2.2399999999999984,48.62000000000407],[-2.280000000000001,48.62000000000407],[-2.280000000000001,48.640000000004065],[-2.3599999999999994,48.640000000004065],[-2.3599999999999994,48.62000000000407],[-2.4400000000000013,48.62000000000407],[-2.4400000000000013,48.600000000004066],[-2.460000000000001,48.600000000004066],[-2.460000000000001,48.62000000000407],[-2.5,48.62000000000407],[-2.5,48.640000000004065],[-2.620000000000001,48.640000000004065],[-2.620000000000001,48.62000000000407],[-2.8599999999999994,48.62000000000407],[-2.8599999999999994,48.66000000000406],[-2.8999999999999986,48.66000000000406],[-2.8999999999999986,48.70000000000407],[-2.9400000000000013,48.70000000000407],[-2.9400000000000013,48.74000000000406],[-3.0,48.74000000000406],[-3.0199999999999996,48.780000000004065],[-3.0599999999999987,48.780000000004065],[-3.0599999999999987,48.80000000000406],[-3.0799999999999983,48.80000000000406],[-3.0599999999999987,48.84000000000407],[-3.0199999999999996,48.84000000000407],[-3.0199999999999996,48.90000000000406],[-3.099999999999998,48.90000000000406],[-3.120000000000001,48.860000000004064],[-3.1400000000000006,48.860000000004064],[-3.1400000000000006,48.90000000000406],[-3.219999999999999,48.90000000000406],[-3.219999999999999,48.88000000000406],[-3.280000000000001,48.88000000000406],[-3.280000000000001,48.860000000004064],[-3.3599999999999994,48.860000000004064],[-3.3599999999999994,48.780000000004065],[-3.4400000000000013,48.780000000004065],[-3.4400000000000013,48.80000000000406],[-3.539999999999999,48.80000000000406],[-3.539999999999999,48.780000000004065],[-3.599999999999998,48.780000000004065],[-3.599999999999998,48.76000000000406],[-3.6799999999999997,48.76000000000406],[-3.6799999999999997,48.72000000000406],[-3.719999999999999,48.72000000000406],[-3.719999999999999,48.680000000004064],[-3.84,48.680000000004064],[-3.84,48.62000000000407],[-3.919999999999998,48.62000000000407],[-3.919999999999998,48.70000000000407],[-4.0,48.70000000000407],[-4.0,48.72000000000406],[-4.16,48.72000000000406],[-4.16,48.70000000000407],[-4.199999999999999,48.70000000000407],[-4.199999999999999,48.66000000000406],[-4.219999999999999,48.66000000000406],[-4.219999999999999,48.680000000004064],[-4.34,48.680000000004064],[-4.34,48.640000000004065],[-4.460000000000001,48.62000000000407],[-4.460000000000001,48.600000000004066],[-4.48,48.600000000004066],[-4.48,48.640000000004065],[-4.539999999999999,48.640000000004065],[-4.539999999999999,48.62000000000407],[-4.579999999999998,48.62000000000407],[-4.579999999999998,48.58000000000406],[-4.600000000000001,48.58000000000406],[-4.600000000000001,48.56000000000407],[-4.66,48.56000000000407],[-4.66,48.54000000000406],[-4.719999999999999,48.54000000000406],[-4.719999999999999,48.52000000000406],[-4.759999999999998,48.52000000000406],[-4.759999999999998,48.320000000004065],[-4.780000000000001,48.320000000004065],[-4.780000000000001,48.280000000004065],[-4.84,48.280000000004065],[-4.84,48.30000000000406],[-4.940000000000001,48.30000000000406],[-4.940000000000001,48.20000000000407],[-4.899999999999999,48.20000000000407],[-4.899999999999999,48.180000000004064],[-4.940000000000001,48.180000000004064],[-4.940000000000001,48.08000000000406],[-4.899999999999999,48.08000000000406],[-4.899999999999999,48.06000000000407],[-4.84,48.06000000000407],[-4.84,48.12000000000407],[-4.859999999999999,48.12000000000407],[-4.859999999999999,48.140000000004065],[-4.719999999999999,48.140000000004065],[-4.719999999999999,48.12000000000407],[-4.66,48.12000000000407],[-4.66,48.100000000004066],[-4.640000000000001,48.100000000004066],[-4.640000000000001,48.04000000000406],[-4.600000000000001,48.04000000000406],[-4.600000000000001,47.98000000000407],[-4.640000000000001,47.98000000000407],[-4.640000000000001,47.920000000004066],[-4.66,47.920000000004066],[-4.66,47.90000000000406],[-4.699999999999999,47.90000000000406],[-4.699999999999999,47.88000000000406],[-4.719999999999999,47.88000000000406],[-4.719999999999999,47.860000000004064],[-4.759999999999998,47.860000000004064],[-4.759999999999998,47.84000000000407],[-4.82,47.84000000000407],[-4.84,47.80000000000406],[-4.98,47.80000000000406],[-4.98,47.780000000004065],[-5.039999999999999,47.780000000004065],[-5.039999999999999,47.76000000000406],[-5.1,47.76000000000406],[-5.1,47.72000000000406],[-5.139999999999999,47.72000000000406],[-5.139999999999999,47.680000000004064],[-5.16,47.680000000004064],[-5.16,47.58000000000406],[-5.199999999999999,47.58000000000406],[-5.199999999999999,47.48000000000407],[-5.16,47.48000000000407],[-5.16,47.360000000004064],[-5.139999999999999,47.360000000004064],[-5.139999999999999,47.320000000004065],[-5.1,47.320000000004065],[-5.1,47.280000000004065],[-5.039999999999999,47.280000000004065],[-5.039999999999999,47.24000000000406],[-5.08,47.24000000000406],[-5.08,47.180000000004064],[-5.1,47.180000000004064],[-5.1,47.10000000000406],[-5.08,47.10000000000406],[-5.08,46.94000000000406],[-4.960000000000001,46.920000000004066],[-4.960000000000001,46.860000000004064],[-5.0,46.860000000004064],[-5.0,46.88000000000406],[-5.0600000000000005,46.88000000000406],[-5.0600000000000005,46.920000000004066],[-5.1,46.920000000004066],[-5.1,46.94000000000406],[-5.18,46.94000000000406],[-5.18,46.960000000004065],[-5.219999999999999,46.960000000004065],[-5.24,47.000000000004064],[-5.359999999999999,47.02000000000406],[-5.359999999999999,47.04000000000406],[-5.4,47.04000000000406],[-5.42,47.08000000000406],[-5.48,47.08000000000406],[-5.48,47.10000000000406],[-5.52,47.10000000000406],[-5.539999999999999,47.180000000004064],[-5.58,47.180000000004064],[-5.58,47.20000000000407],[-5.6,47.20000000000407],[-5.6,47.22000000000406],[-5.640000000000001,47.22000000000406],[-5.640000000000001,47.24000000000406],[-5.699999999999999,47.24000000000406],[-5.699999999999999,47.26000000000406],[-5.98,47.26000000000406],[-5.98,47.280000000004065],[-6.1,47.30000000000406],[-6.1,47.320000000004065],[-6.140000000000001,47.320000000004065],[-6.16,47.360000000004064],[-6.219999999999999,47.360000000004064],[-6.219999999999999,47.38000000000406],[-6.26,47.38000000000406],[-6.26,47.40000000000406],[-6.34,47.40000000000406],[-6.34,47.420000000004066],[-6.459999999999999,47.44000000000406],[-6.459999999999999,47.460000000004065],[-6.52,47.460000000004065],[-6.52,47.48000000000407],[-6.58,47.48000000000407],[-6.58,47.500000000004064],[-6.640000000000001,47.500000000004064],[-6.640000000000001,47.52000000000406],[-6.76,47.52000000000406],[-6.76,47.54000000000406],[-6.9399999999999995,47.54000000000406],[-6.9399999999999995,47.56000000000407],[-7.0,47.56000000000407],[-7.0,47.58000000000406],[-7.0600000000000005,47.58000000000406],[-7.0600000000000005,47.60000000000406],[-7.219999999999999,47.60000000000406],[-7.219999999999999,47.62000000000407],[-7.32,47.62000000000407],[-7.32,47.640000000004065],[-7.379999999999999,47.640000000004065],[-7.4,47.680000000004064],[-7.4399999999999995,47.680000000004064],[-7.4399999999999995,47.780000000004065],[-7.459999999999999,47.780000000004065],[-7.459999999999999,47.80000000000406],[-7.5,47.80000000000406],[-7.5,47.84000000000407],[-7.52,47.84000000000407],[-7.52,47.90000000000406],[-7.5600000000000005,47.90000000000406],[-7.58,47.94000000000406],[-7.640000000000001,47.94000000000406],[-7.640000000000001,47.960000000004065],[-7.76,47.960000000004065],[-7.76,47.98000000000407],[-7.82,47.98000000000407],[-7.82,48.000000000004064],[-7.959999999999999,48.000000000004064],[-7.959999999999999,48.02000000000406],[-8.0,48.02000000000406],[-8.02,48.06000000000407],[-8.06,48.06000000000407],[-8.06,48.100000000004066],[-8.08,48.100000000004066],[-8.08,48.12000000000407],[-8.12,48.12000000000407],[-8.14,48.20000000000407],[-8.18,48.20000000000407],[-8.18,48.22000000000406],[-8.28,48.22000000000406],[-8.28,48.20000000000407],[-8.5,48.20000000000407],[-8.5,48.22000000000406],[-8.58,48.22000000000406],[-8.58,48.24000000000406],[-8.64,48.24000000000406],[-8.64,48.26000000000406],[-8.7,48.26000000000406],[-8.7,48.360000000004064],[-8.9,48.360000000004064],[-8.9,48.34000000000407],[-8.92,48.34000000000407],[-8.92,48.360000000004064],[-8.98,48.360000000004064],[-9.0,48.40000000000406],[-9.04,48.40000000000406],[-9.06,48.44000000000406],[-9.1,48.44000000000406],[-9.1,48.460000000004065],[-9.06,48.460000000004065],[-9.06,48.48000000000407],[-8.82,48.48000000000407],[-8.82,48.500000000004064],[-8.799999999999999,48.500000000004064],[-8.799999999999999,48.600000000004066],[-8.82,48.600000000004066],[-8.82,48.640000000004065],[-8.86,48.640000000004065],[-8.86,48.66000000000406],[-8.879999999999999,48.66000000000406],[-8.879999999999999,48.680000000004064],[-9.1,48.680000000004064],[-9.1,48.66000000000406],[-9.14,48.66000000000406],[-9.16,48.62000000000407],[-9.2,48.62000000000407],[-9.2,48.600000000004066],[-9.22,48.600000000004066],[-9.22,48.640000000004065],[-9.24,48.640000000004065],[-9.24,48.66000000000406],[-9.32,48.66000000000406],[-9.32,48.680000000004064],[-9.44,48.680000000004064],[-9.44,48.70000000000407],[-9.48,48.70000000000407],[-9.48,48.72000000000406],[-9.6,48.74000000000406],[-9.62,48.780000000004065],[-9.76,48.780000000004065],[-9.76,48.76000000000406],[-9.799999999999999,48.780000000004065],[-9.799999999999999,48.860000000004064],[-9.78,48.860000000004064],[-9.78,48.90000000000406],[-9.74,48.90000000000406],[-9.74,48.920000000004066],[-9.5,48.920000000004066],[-9.5,48.94000000000406],[-9.379999999999999,48.94000000000406],[-9.36,48.98000000000407],[-9.24,49.000000000004064],[-9.22,49.04000000000406],[-9.16,49.04000000000406],[-9.16,49.06000000000407],[-9.12,49.06000000000407],[-9.12,49.08000000000406],[-9.06,49.08000000000406],[-9.06,49.100000000004066],[-8.98,49.100000000004066],[-8.98,49.12000000000406],[-8.94,49.12000000000406],[-8.94,49.140000000004065],[-8.82,49.140000000004065],[-8.82,49.16000000000406],[-8.799999999999999,49.16000000000406],[-8.799999999999999,49.240000000004066],[-8.82,49.240000000004066],[-8.82,49.26000000000406],[-8.879999999999999,49.26000000000406],[-8.879999999999999,49.30000000000406],[-8.92,49.30000000000406],[-8.94,49.34000000000407],[-8.98,49.34000000000407],[-8.98,49.38000000000406],[-9.0,49.38000000000406],[-9.0,49.420000000004066],[-8.98,49.420000000004066],[-8.98,49.48000000000407],[-8.94,49.48000000000407],[-8.94,49.58000000000406],[-8.98,49.58000000000406],[-8.98,49.66000000000406],[-9.0,49.66000000000406],[-9.0,49.80000000000406],[-8.98,49.80000000000406],[-8.98,49.820000000004065],[-8.92,49.820000000004065],[-8.9,49.780000000004065],[-8.74,49.780000000004065],[-8.74,49.740000000004066],[-8.719999999999999,49.740000000004066],[-8.719999999999999,49.70000000000407],[-8.74,49.70000000000407],[-8.719999999999999,49.58000000000406],[-8.74,49.58000000000406],[-8.74,49.56000000000407],[-8.78,49.56000000000407],[-8.78,49.54000000000406],[-8.799999999999999,49.54000000000406],[-8.799999999999999,49.500000000004064],[-8.84,49.500000000004064],[-8.84,49.44000000000406],[-8.799999999999999,49.44000000000406],[-8.78,49.40000000000406],[-8.7,49.40000000000406],[-8.7,49.420000000004066],[-8.66,49.420000000004066],[-8.66,49.40000000000406],[-8.62,49.40000000000406],[-8.62,49.38000000000406],[-8.48,49.38000000000406],[-8.48,49.40000000000406],[-8.44,49.40000000000406],[-8.42,49.44000000000406],[-8.379999999999999,49.44000000000406],[-8.379999999999999,49.56000000000407],[-8.42,49.56000000000407],[-8.42,49.62000000000406],[-8.299999999999999,49.62000000000406],[-8.299999999999999,49.640000000004065],[-8.24,49.640000000004065],[-8.24,49.66000000000406],[-8.2,49.66000000000406],[-8.2,49.680000000004064],[-8.12,49.680000000004064],[-8.1,49.640000000004065],[-7.959999999999999,49.640000000004065],[-7.959999999999999,49.70000000000407],[-8.0,49.70000000000407],[-8.0,49.72000000000406],[-8.06,49.72000000000406],[-8.06,49.740000000004066],[-8.12,49.740000000004066],[-8.12,49.76000000000406],[-8.14,49.76000000000406],[-8.14,49.820000000004065],[-8.12,49.820000000004065],[-8.12,49.84000000000407],[-8.08,49.84000000000407],[-8.08,49.920000000004066],[-8.06,49.920000000004066],[-8.06,49.960000000004065],[-8.02,49.960000000004065],[-8.02,49.98000000000407],[-8.0,49.98000000000407],[-8.0,50.000000000004064],[-7.959999999999999,50.000000000004064],[-7.959999999999999,50.02000000000406],[-7.92,50.02000000000406],[-7.92,49.94000000000406],[-7.879999999999999,49.94000000000406],[-7.859999999999999,49.90000000000406],[-7.84,49.90000000000406],[-7.84,49.820000000004065],[-7.799999999999999,49.820000000004065],[-7.799999999999999,49.80000000000406],[-7.779999999999999,49.80000000000406],[-7.779999999999999,49.780000000004065],[-7.74,49.780000000004065],[-7.74,49.76000000000406],[-7.640000000000001,49.76000000000406],[-7.619999999999999,49.80000000000406],[-7.5600000000000005,49.80000000000406],[-7.539999999999999,49.76000000000406],[-7.5,49.76000000000406],[-7.5,49.740000000004066],[-7.42,49.740000000004066],[-7.42,49.72000000000406],[-7.219999999999999,49.72000000000406],[-7.219999999999999,49.740000000004066],[-7.199999999999999,49.740000000004066],[-7.199999999999999,49.820000000004065],[-7.219999999999999,49.820000000004065],[-7.219999999999999,49.860000000004064],[-7.26,49.860000000004064],[-7.26,49.920000000004066],[-7.219999999999999,49.920000000004066],[-7.219999999999999,50.04000000000406],[-7.18,50.04000000000406],[-7.18,50.02000000000406],[-7.0600000000000005,50.02000000000406],[-7.0600000000000005,50.06000000000407],[-7.02,50.06000000000407],[-7.0,50.100000000004066],[-6.959999999999999,50.100000000004066],[-6.9399999999999995,50.140000000004065],[-6.9,50.140000000004065],[-6.879999999999999,50.180000000004064],[-6.84,50.180000000004064],[-6.84,50.20000000000407],[-6.779999999999999,50.20000000000407],[-6.779999999999999,50.22000000000406],[-6.76,50.22000000000406],[-6.76,50.26000000000406],[-6.719999999999999,50.26000000000406],[-6.719999999999999,50.280000000004065],[-6.66,50.280000000004065],[-6.66,50.30000000000406],[-6.619999999999999,50.30000000000406],[-6.619999999999999,50.280000000004065],[-6.48,50.280000000004065],[-6.48,50.34000000000407],[-6.4,50.38000000000406],[-6.4,50.420000000004066],[-6.379999999999999,50.420000000004066],[-6.379999999999999,50.52000000000406],[-6.34,50.52000000000406],[-6.34,50.56000000000407],[-6.32,50.56000000000407],[-6.32,50.58000000000406],[-6.279999999999999,50.58000000000406],[-6.26,50.62000000000406],[-6.219999999999999,50.62000000000406],[-6.199999999999999,50.66000000000406],[-6.16,50.66000000000406],[-6.140000000000001,50.70000000000407],[-6.1,50.70000000000407],[-6.08,50.740000000004066],[-6.039999999999999,50.740000000004066],[-6.039999999999999,50.76000000000406],[-6.02,50.76000000000406],[-6.02,50.780000000004065],[-5.9399999999999995,50.780000000004065],[-5.9399999999999995,50.76000000000406],[-5.84,50.76000000000406],[-5.84,50.780000000004065],[-5.779999999999999,50.780000000004065],[-5.779999999999999,50.84000000000407],[-5.74,50.84000000000407],[-5.74,50.860000000004064],[-5.699999999999999,50.88000000000406],[-5.699999999999999,50.90000000000406],[-5.66,50.90000000000406],[-5.66,50.920000000004066],[-5.539999999999999,50.920000000004066],[-5.52,50.960000000004065],[-5.48,50.960000000004065],[-5.48,51.000000000004064],[-5.4,51.04000000000406],[-5.4,51.16000000000406],[-5.42,51.16000000000406],[-5.42,51.180000000004064],[-5.459999999999999,51.180000000004064],[-5.48,51.22000000000406],[-5.58,51.22000000000406],[-5.58,51.240000000004066],[-5.84,51.240000000004066],[-5.84,51.22000000000406],[-6.02,51.22000000000406],[-6.02,51.240000000004066],[-6.140000000000001,51.240000000004066],[-6.140000000000001,51.26000000000406],[-6.32,51.26000000000406],[-6.32,51.280000000004065],[-6.379999999999999,51.280000000004065],[-6.4,51.320000000004065],[-6.42,51.320000000004065],[-6.42,51.34000000000407],[-6.48,51.34000000000407],[-6.48,51.360000000004064],[-6.52,51.360000000004064],[-6.52,51.38000000000406],[-6.58,51.38000000000406],[-6.6,51.420000000004066],[-6.719999999999999,51.44000000000406],[-6.719999999999999,51.460000000004065],[-6.779999999999999,51.460000000004065],[-6.779999999999999,51.500000000004064],[-6.82,51.500000000004064],[-6.82,51.52000000000406],[-6.84,51.52000000000406],[-6.84,51.56000000000407],[-6.879999999999999,51.56000000000407],[-6.879999999999999,51.58000000000406],[-6.9,51.58000000000406],[-6.9,51.62000000000406],[-6.959999999999999,51.62000000000406],[-6.959999999999999,51.640000000004065],[-7.0,51.640000000004065],[-7.0,51.66000000000406],[-7.02,51.66000000000406],[-7.02,51.70000000000407],[-7.0600000000000005,51.70000000000407],[-7.08,51.860000000004064],[-7.119999999999999,51.860000000004064],[-7.119999999999999,51.90000000000406],[-7.08,51.90000000000406],[-7.08,51.98000000000407],[-7.119999999999999,51.98000000000407],[-7.119999999999999,52.100000000004066],[-7.140000000000001,52.100000000004066],[-7.140000000000001,52.20000000000407],[-7.0,52.20000000000407],[-7.0,52.180000000004064],[-6.9399999999999995,52.180000000004064],[-6.9399999999999995,52.22000000000406],[-6.859999999999999,52.22000000000406],[-6.859999999999999,52.20000000000407],[-6.699999999999999,52.20000000000407],[-6.699999999999999,52.22000000000406],[-6.34,52.22000000000406],[-6.34,52.460000000004065],[-6.32,52.460000000004065],[-6.32,52.48000000000407],[-6.279999999999999,52.48000000000407],[-6.279999999999999,52.54000000000406],[-6.219999999999999,52.54000000000406],[-6.219999999999999,52.58000000000406],[-6.199999999999999,52.58000000000406],[-6.199999999999999,52.66000000000406],[-6.16,52.66000000000406],[-6.16,52.72000000000406],[-6.199999999999999,52.72000000000406],[-6.199999999999999,52.780000000004065],[-6.16,52.780000000004065],[-6.140000000000001,52.820000000004065],[-6.1,52.820000000004065],[-6.1,52.88000000000406],[-6.039999999999999,52.88000000000406],[-6.039999999999999,52.920000000004066],[-6.02,52.920000000004066],[-6.02,53.0],[-4.48,53.0],[-4.48,52.98000000000407],[-4.579999999999998,52.98000000000407],[-4.579999999999998,52.88000000000406],[-4.539999999999999,52.88000000000406],[-4.539999999999999,52.860000000004064],[-4.579999999999998,52.860000000004064],[-4.579999999999998,52.80000000000406],[-4.5,52.80000000000406],[-4.5,52.84000000000407],[-4.48,52.84000000000407],[-4.48,52.80000000000406],[-4.399999999999999,52.80000000000406],[-4.399999999999999,52.640000000004065],[-4.359999999999999,52.640000000004065],[-4.359999999999999,52.62000000000406],[-4.34,52.62000000000406],[-4.34,52.600000000004066],[-4.300000000000001,52.600000000004066],[-4.300000000000001,52.58000000000406],[-4.18,52.58000000000406],[-4.18,52.600000000004066],[-4.16,52.600000000004066],[-4.16,52.54000000000406],[-4.300000000000001,52.54000000000406],[-4.300000000000001,52.48000000000407],[-4.219999999999999,52.460000000004065],[-4.219999999999999,52.420000000004066],[-4.259999999999998,52.420000000004066],[-4.259999999999998,52.30000000000406],[-4.219999999999999,52.30000000000406],[-4.219999999999999,52.280000000004065],[-4.300000000000001,52.280000000004065],[-4.300000000000001,52.22000000000406],[-4.419999999999998,52.22000000000406],[-4.419999999999998,52.20000000000407],[-4.460000000000001,52.20000000000407],[-4.460000000000001,52.180000000004064],[-4.539999999999999,52.180000000004064],[-4.539999999999999,52.16000000000406],[-4.579999999999998,52.16000000000406],[-4.579999999999998,52.140000000004065],[-4.759999999999998,52.140000000004065],[-4.759999999999998,52.08000000000406],[-4.82,52.08000000000406],[-4.82,52.06000000000407],[-4.84,52.06000000000407],[-4.84,52.02000000000406],[-5.039999999999999,52.02000000000406],[-5.039999999999999,51.960000000004065],[-5.08,51.960000000004065],[-5.08,51.920000000004066],[-5.219999999999999,51.920000000004066],[-5.219999999999999,51.860000000004064],[-5.139999999999999,51.860000000004064],[-5.139999999999999,51.72000000000406],[-5.1,51.72000000000406],[-5.1,51.70000000000407],[-5.039999999999999,51.70000000000407],[-5.039999999999999,51.680000000004064],[-4.780000000000001,51.680000000004064],[-4.780000000000001,51.70000000000407],[-4.739999999999998,51.70000000000407],[-4.739999999999998,51.72000000000406],[-4.66,51.72000000000406],[-4.640000000000001,51.680000000004064],[-4.600000000000001,51.680000000004064],[-4.579999999999998,51.640000000004065],[-4.52,51.640000000004065],[-4.52,51.62000000000406],[-4.48,51.62000000000406],[-4.48,51.600000000004066],[-4.359999999999999,51.600000000004066],[-4.359999999999999,51.70000000000407],[-4.34,51.70000000000407],[-4.34,51.600000000004066],[-4.300000000000001,51.600000000004066],[-4.300000000000001,51.58000000000406],[-4.219999999999999,51.58000000000406],[-4.219999999999999,51.600000000004066],[-4.120000000000001,51.600000000004066],[-4.120000000000001,51.680000000004064],[-4.100000000000001,51.680000000004064],[-4.100000000000001,51.72000000000406],[-4.079999999999998,51.72000000000406],[-4.079999999999998,51.70000000000407],[-4.0,51.70000000000407],[-4.0,51.72000000000406],[-3.9800000000000004,51.72000000000406],[-3.9800000000000004,51.680000000004064],[-3.960000000000001,51.680000000004064],[-3.960000000000001,51.66000000000406],[-3.9800000000000004,51.66000000000406],[-3.9800000000000004,51.56000000000407],[-3.8599999999999994,51.54000000000406],[-3.8599999999999994,51.62000000000406],[-3.879999999999999,51.62000000000406],[-3.879999999999999,51.640000000004065],[-3.84,51.640000000004065],[-3.84,51.58000000000406],[-3.7399999999999984,51.58000000000406],[-3.7399999999999984,51.52000000000406],[-3.66,51.52000000000406],[-3.66,51.48000000000407],[-3.5599999999999987,51.48000000000407],[-3.5599999999999987,51.44000000000406],[-3.1799999999999997,51.44000000000406],[-3.1799999999999997,51.52000000000406],[-3.0599999999999987,51.52000000000406],[-3.0599999999999987,51.56000000000407],[-3.0199999999999996,51.56000000000407],[-3.0199999999999996,51.58000000000406],[-2.879999999999999,51.58000000000406],[-2.879999999999999,51.600000000004066],[-2.8599999999999994,51.600000000004066],[-2.8599999999999994,51.640000000004065],[-2.8000000000000007,51.640000000004065],[-2.8000000000000007,51.62000000000406],[-2.7399999999999984,51.62000000000406],[-2.7399999999999984,51.460000000004065],[-2.84,51.460000000004065],[-2.84,51.44000000000406],[-2.879999999999999,51.44000000000406],[-2.879999999999999,51.38000000000406],[-2.9800000000000004,51.38000000000406],[-2.9800000000000004,51.240000000004066],[-3.0,51.240000000004066],[-3.0,51.22000000000406],[-3.0599999999999987,51.22000000000406],[-3.0599999999999987,51.180000000004064],[-3.5799999999999983,51.180000000004064],[-3.5799999999999983,51.22000000000406],[-3.9800000000000004,51.22000000000406],[-3.9800000000000004,51.180000000004064],[-4.219999999999999,51.180000000004064],[-4.219999999999999,51.100000000004066],[-4.259999999999998,51.100000000004066],[-4.259999999999998,51.06000000000407],[-4.300000000000001,51.06000000000407],[-4.300000000000001,51.02000000000406],[-4.34,51.02000000000406],[-4.34,51.000000000004064],[-4.359999999999999,51.000000000004064],[-4.359999999999999,51.04000000000406],[-4.419999999999998,51.04000000000406],[-4.419999999999998,50.98000000000407],[-4.579999999999998,50.98000000000407],[-4.579999999999998,50.820000000004065],[-4.600000000000001,50.820000000004065],[-4.600000000000001,50.860000000004064],[-4.66,50.860000000004064],[-4.66,50.84000000000407],[-4.699999999999999,50.84000000000407],[-4.699999999999999,50.76000000000406],[-4.719999999999999,50.76000000000406],[-4.719999999999999,50.740000000004066],[-4.759999999999998,50.740000000004066],[-4.759999999999998,50.680000000004064],[-4.780000000000001,50.680000000004064],[-4.780000000000001,50.72000000000406],[-4.879999999999999,50.72000000000406],[-4.879999999999999,50.66000000000406],[-4.940000000000001,50.66000000000406],[-4.940000000000001,50.640000000004065],[-4.960000000000001,50.640000000004065],[-4.960000000000001,50.58000000000406],[-5.039999999999999,50.58000000000406],[-5.039999999999999,50.40000000000406],[-5.0600000000000005,50.40000000000406],[-5.0600000000000005,50.460000000004065],[-5.1,50.460000000004065],[-5.1,50.500000000004064],[-5.16,50.500000000004064],[-5.16,50.40000000000406],[-5.139999999999999,50.40000000000406],[-5.139999999999999,50.360000000004064],[-5.219999999999999,50.360000000004064],[-5.219999999999999,50.320000000004065],[-5.26,50.320000000004065],[-5.26,50.280000000004065],[-5.279999999999999,50.280000000004065],[-5.279999999999999,50.26000000000406],[-5.299999999999999,50.26000000000406],[-5.299999999999999,50.280000000004065],[-5.379999999999999,50.280000000004065],[-5.379999999999999,50.22000000000406],[-5.4,50.22000000000406],[-5.4,50.240000000004066],[-5.5,50.240000000004066],[-5.5,50.22000000000406],[-5.619999999999999,50.22000000000406],[-5.640000000000001,50.140000000004065],[-5.699999999999999,50.140000000004065],[-5.699999999999999,50.12000000000406],[-5.719999999999999,50.12000000000406],[-5.719999999999999,50.02000000000406],[-5.619999999999999,50.02000000000406],[-5.619999999999999,49.98000000000407],[-5.52,49.98000000000407],[-5.52,50.000000000004064],[-5.48,50.000000000004064],[-5.48,50.02000000000406],[-5.459999999999999,50.02000000000406],[-5.459999999999999,50.06000000000407],[-5.4,50.06000000000407],[-5.4,50.02000000000406],[-5.26,50.02000000000406],[-5.26,50.000000000004064],[-5.16,50.000000000004064],[-5.16,50.02000000000406],[-5.1,50.02000000000406],[-5.1,50.06000000000407],[-4.960000000000001,50.06000000000407],[-4.960000000000001,50.08000000000406],[-4.899999999999999,50.08000000000406],[-4.899999999999999,50.06000000000407],[-4.600000000000001,50.06000000000407],[-4.600000000000001,50.08000000000406],[-4.539999999999999,50.08000000000406],[-4.539999999999999,50.100000000004066],[-4.440000000000001,50.100000000004066],[-4.440000000000001,50.12000000000406],[-4.379999999999999,50.12000000000406],[-4.379999999999999,50.180000000004064],[-4.419999999999998,50.180000000004064],[-4.419999999999998,50.20000000000407],[-4.120000000000001,50.20000000000407],[-4.120000000000001,50.34000000000407],[-4.039999999999999,50.34000000000407],[-4.039999999999999,50.30000000000406],[-4.02,50.30000000000406],[-4.02,50.280000000004065],[-3.960000000000001,50.280000000004065],[-3.960000000000001,50.26000000000406],[-3.879999999999999,50.26000000000406],[-3.879999999999999,50.280000000004065],[-3.6799999999999997,50.280000000004065],[-3.6799999999999997,50.34000000000407],[-3.5799999999999983,50.34000000000407],[-3.5799999999999983,50.38000000000406],[-3.5,50.38000000000406],[-3.5,50.40000000000406],[-3.4400000000000013,50.40000000000406],[-3.4400000000000013,50.420000000004066],[-3.3599999999999994,50.420000000004066],[-3.3599999999999994,50.44000000000406],[-3.3200000000000003,50.44000000000406],[-3.3200000000000003,50.58000000000406],[-3.280000000000001,50.58000000000406],[-3.280000000000001,50.56000000000407],[-3.0599999999999987,50.56000000000407],[-3.0599999999999987,50.58000000000406],[-3.0199999999999996,50.58000000000406],[-3.0,50.62000000000406],[-2.9400000000000013,50.62000000000406],[-2.9400000000000013,50.640000000004065],[-2.8599999999999994,50.640000000004065],[-2.8599999999999994,50.66000000000406],[-2.8200000000000003,50.66000000000406],[-2.8200000000000003,50.680000000004064],[-2.8000000000000007,50.680000000004064],[-2.780000000000001,50.640000000004065],[-2.66,50.640000000004065],[-2.66,50.62000000000406],[-2.620000000000001,50.62000000000406],[-2.620000000000001,50.600000000004066],[-2.419999999999998,50.62000000000406],[-2.419999999999998,50.600000000004066],[-2.379999999999999,50.600000000004066],[-2.379999999999999,50.56000000000407],[-2.259999999999998,50.56000000000407],[-2.259999999999998,50.58000000000406],[-2.1999999999999993,50.58000000000406],[-2.1999999999999993,50.600000000004066],[-2.120000000000001,50.600000000004066],[-2.120000000000001,50.62000000000406],[-1.879999999999999,50.62000000000406],[-1.879999999999999,50.680000000004064],[-1.7199999999999989,50.680000000004064],[-1.6999999999999993,50.72000000000406],[-1.6799999999999997,50.72000000000406],[-1.6799999999999997,50.70000000000407],[-1.620000000000001,50.70000000000407],[-1.620000000000001,50.680000000004064],[-1.5199999999999996,50.680000000004064],[-1.5199999999999996,50.66000000000406],[-1.5,50.66000000000406],[-1.5,50.640000000004065],[-1.4600000000000009,50.640000000004065],[-1.4600000000000009,50.62000000000406],[-1.1999999999999993,50.62000000000406],[-1.1999999999999993,50.680000000004064],[-1.1600000000000001,50.680000000004064],[-1.1600000000000001,50.70000000000407],[-1.0199999999999996,50.70000000000407],[-1.0199999999999996,50.740000000004066],[-0.5799999999999983,50.740000000004066],[-0.5799999999999983,50.76000000000406],[-0.5399999999999991,50.76000000000406],[-0.5399999999999991,50.780000000004065],[-0.5199999999999996,50.780000000004065],[-0.5199999999999996,50.84000000000407],[-0.5,50.84000000000407],[-0.5,50.820000000004065],[-0.46000000000000085,50.820000000004065],[-0.46000000000000085,50.80000000000406],[-0.33999999999999986,50.80000000000406],[-0.33999999999999986,50.860000000004064],[-0.35999999999999943,50.860000000004064],[-0.35999999999999943,50.88000000000406],[-0.16000000000000014,50.88000000000406],[-0.16000000000000014,50.860000000004064],[-0.14000000000000057,50.860000000004064],[-0.14000000000000057,50.820000000004065],[-0.0799999999999983,50.820000000004065],[-0.0799999999999983,50.80000000000406],[-0.03999999999999915,50.80000000000406],[-0.03999999999999915,50.76000000000406],[0.08000000000000185,50.76000000000406],[0.08000000000000185,50.780000000004065],[0.16000000000000014,50.780000000004065],[0.16000000000000014,50.740000000004066],[0.21999999999999886,50.740000000004066],[0.21999999999999886,50.80000000000406],[0.3200000000000003,50.80000000000406],[0.3200000000000003,50.90000000000406],[0.33999999999999986,50.90000000000406],[0.33999999999999986,50.860000000004064],[0.35999999999999943,50.860000000004064],[0.35999999999999943,50.80000000000406],[0.5199999999999996,50.820000000004065],[0.5199999999999996,50.84000000000407],[0.5599999999999987,50.84000000000407],[0.5599999999999987,50.860000000004064],[0.6999999999999993,50.860000000004064],[0.6999999999999993,50.920000000004066],[0.6799999999999997,50.920000000004066],[0.6799999999999997,50.960000000004065],[0.6999999999999993,50.960000000004065],[0.6999999999999993,50.98000000000407],[0.7600000000000016,50.98000000000407],[0.7600000000000016,51.06000000000407],[0.7800000000000011,51.06000000000407],[0.7800000000000011,51.02000000000406],[0.8399999999999999,51.02000000000406],[0.8399999999999999,51.04000000000406],[0.879999999999999,51.04000000000406],[0.879999999999999,51.100000000004066],[1.0399999999999991,51.100000000004066],[1.0399999999999991,51.08000000000406],[1.120000000000001,51.08000000000406],[1.120000000000001,51.12000000000406],[1.240000000000002,51.12000000000406],[1.240000000000002,51.180000000004064],[1.4200000000000017,51.180000000004064],[1.4200000000000017,51.240000000004066],[1.379999999999999,51.240000000004066],[1.379999999999999,51.26000000000406],[1.3599999999999994,51.26000000000406],[1.3599999999999994,51.280000000004065],[1.379999999999999,51.280000000004065],[1.379999999999999,51.360000000004064],[1.3200000000000003,51.360000000004064],[1.3200000000000003,51.38000000000406],[1.0599999999999987,51.38000000000406],[1.0599999999999987,51.40000000000406],[1.0199999999999996,51.40000000000406],[1.0199999999999996,51.420000000004066],[0.9600000000000009,51.420000000004066],[0.9600000000000009,51.44000000000406],[0.7800000000000011,51.44000000000406],[0.7800000000000011,51.48000000000407],[0.7600000000000016,51.48000000000407],[0.7600000000000016,51.54000000000406],[0.6400000000000006,51.54000000000406],[0.6400000000000006,51.58000000000406],[0.9600000000000009,51.58000000000406],[0.9600000000000009,51.600000000004066],[1.0,51.600000000004066],[1.0,51.740000000004066],[0.9600000000000009,51.740000000004066],[0.9600000000000009,51.80000000000406],[0.9400000000000013,51.80000000000406],[0.9400000000000013,51.820000000004065],[1.240000000000002,51.820000000004065],[1.240000000000002,51.960000000004065],[1.3200000000000003,51.960000000004065],[1.3200000000000003,52.02000000000406],[1.4200000000000017,52.02000000000406],[1.4200000000000017,52.06000000000407],[1.4400000000000013,52.06000000000407],[1.4400000000000013,52.08000000000406],[1.5,52.08000000000406],[1.5,52.100000000004066],[1.5199999999999996,52.100000000004066],[1.5199999999999996,52.140000000004065],[1.5800000000000018,52.140000000004065],[1.5800000000000018,52.16000000000406],[1.620000000000001,52.16000000000406],[1.620000000000001,52.180000000004064],[1.6400000000000006,52.180000000004064],[1.6400000000000006,52.360000000004064],[1.6999999999999993,52.360000000004064],[1.6999999999999993,52.420000000004066],[1.740000000000002,52.420000000004066],[1.740000000000002,52.72000000000406],[1.6799999999999997,52.72000000000406],[1.6799999999999997,52.740000000004066],[1.6400000000000006,52.740000000004066],[1.6400000000000006,52.780000000004065],[1.5800000000000018,52.780000000004065],[1.5599999999999987,52.820000000004065],[1.5,52.820000000004065],[1.5,52.88000000000406],[1.3599999999999994,52.88000000000406],[1.3599999999999994,52.90000000000406],[1.3200000000000003,52.90000000000406],[1.3200000000000003,52.920000000004066],[1.2600000000000016,52.920000000004066],[1.2600000000000016,52.90000000000406],[1.1400000000000006,52.90000000000406],[1.1400000000000006,52.960000000004065],[1.0800000000000018,52.960000000004065],[1.0800000000000018,52.94000000000406],[1.0599999999999987,52.94000000000406],[1.0599999999999987,52.960000000004065],[1.0,52.960000000004065],[1.0,52.98000000000407],[0.9200000000000017,52.98000000000407],[0.9200000000000017,52.960000000004065],[0.9000000000000021,52.960000000004065],[0.9000000000000021,52.98000000000407],[0.620000000000001,52.98000000000407],[0.620000000000001,53.0],[3.0,53.0],[3.0,51.26000000000406],[2.900000000000002,51.26000000000406],[2.900000000000002,51.22000000000406],[2.8599999999999994,51.22000000000406],[2.8599999999999994,51.180000000004064],[2.7600000000000016,51.180000000004064]],[[-4.52,52.680000000004064],[-4.419999999999998,52.680000000004064],[-4.419999999999998,52.740000000004066],[-4.48,52.740000000004066],[-4.48,52.76000000000406],[-4.539999999999999,52.76000000000406],[-4.539999999999999,52.70000000000407],[-4.52,52.70000000000407],[-4.52,52.680000000004064]],[[-0.16000000000000014,50.84000000000407],[-0.21999999999999886,50.84000000000407],[-0.21999999999999886,50.780000000004065],[-0.16000000000000014,50.780000000004065],[-0.16000000000000014,50.84000000000407]],[[-6.219999999999999,49.98000000000407],[-6.32,49.98000000000407],[-6.32,49.960000000004065],[-6.359999999999999,49.960000000004065],[-6.359999999999999,49.94000000000406],[-6.379999999999999,49.94000000000406],[-6.379999999999999,49.88000000000406],[-6.32,49.88000000000406],[-6.32,49.90000000000406],[-6.26,49.90000000000406],[-6.26,49.920000000004066],[-6.219999999999999,49.920000000004066],[-6.219999999999999,49.98000000000407]],[[-7.76,49.76000000000406],[-7.859999999999999,49.76000000000406],[-7.859999999999999,49.680000000004064],[-7.74,49.680000000004064],[-7.74,49.740000000004066],[-7.76,49.740000000004066],[-7.76,49.76000000000406]],[[-2.1400000000000006,49.140000000004065],[-2.0799999999999983,49.140000000004065],[-2.0799999999999983,49.20000000000407],[-2.120000000000001,49.20000000000407],[-2.120000000000001,49.22000000000406],[-2.1799999999999997,49.22000000000406],[-2.1799999999999997,49.16000000000406],[-2.1400000000000006,49.16000000000406],[-2.1400000000000006,49.140000000004065]]],[[[-7.9399999999999995,50.180000000004064],[-8.0,50.180000000004064],[-8.0,50.20000000000407],[-8.02,50.20000000000407],[-8.02,50.26000000000406],[-7.98,50.280000000004065],[-7.98,50.26000000000406],[-7.9399999999999995,50.26000000000406],[-7.9399999999999995,50.240000000004066],[-7.92,50.240000000004066],[-7.92,50.22000000000406],[-7.799999999999999,50.20000000000407],[-7.799999999999999,50.180000000004064],[-7.84,50.180000000004064],[-7.84,50.16000000000406],[-7.9399999999999995,50.16000000000406],[-7.9399999999999995,50.180000000004064]]],[[[-10.959999999999999,50.84000000000407],[-11.02,50.84000000000407],[-11.02,50.820000000004065],[-11.14,50.820000000004065],[-11.14,50.84000000000407],[-11.16,50.84000000000407],[-11.16,50.920000000004066],[-11.04,50.920000000004066],[-11.04,50.94000000000406],[-11.0,50.94000000000406],[-11.0,50.920000000004066],[-10.94,50.920000000004066],[-10.94,50.90000000000406],[-10.9,50.90000000000406],[-10.9,50.860000000004064],[-10.879999999999999,50.860000000004064],[-10.879999999999999,50.80000000000406],[-10.9,50.80000000000406],[-10.9,50.820000000004065],[-10.959999999999999,50.820000000004065],[-10.959999999999999,50.84000000000407]]],[[[-9.58,51.40000000000406],[-9.58,51.38000000000406],[-9.66,51.38000000000406],[-9.66,51.40000000000406],[-9.68,51.40000000000406],[-9.68,51.44000000000406],[-9.78,51.44000000000406],[-9.78,51.54000000000406],[-9.76,51.54000000000406],[-9.76,51.500000000004064],[-9.7,51.500000000004064],[-9.7,51.460000000004065],[-9.56,51.460000000004065],[-9.56,51.48000000000407],[-9.42,51.48000000000407],[-9.42,51.44000000000406],[-9.52,51.44000000000406],[-9.54,51.40000000000406],[-9.58,51.40000000000406]]],[[[-11.12,52.52000000000406],[-11.02,52.52000000000406],[-11.02,52.500000000004064],[-10.959999999999999,52.500000000004064],[-10.959999999999999,52.48000000000407],[-10.84,52.48000000000407],[-10.84,52.460000000004065],[-10.76,52.460000000004065],[-10.76,52.44000000000406],[-10.72,52.44000000000406],[-10.7,52.40000000000406],[-10.68,52.40000000000406],[-10.68,52.38000000000406],[-10.64,52.38000000000406],[-10.64,52.360000000004064],[-10.54,52.360000000004064],[-10.54,52.38000000000406],[-10.459999999999999,52.38000000000406],[-10.459999999999999,52.360000000004064],[-10.299999999999999,52.360000000004064],[-10.299999999999999,52.38000000000406],[-10.22,52.38000000000406],[-10.22,52.360000000004064],[-10.2,52.360000000004064],[-10.2,52.34000000000407],[-10.22,52.34000000000407],[-10.22,52.30000000000406],[-10.28,52.30000000000406],[-10.28,52.280000000004065],[-10.32,52.280000000004065],[-10.32,52.20000000000407],[-10.34,52.20000000000407],[-10.34,52.22000000000406],[-10.4,52.22000000000406],[-10.4,52.140000000004065],[-10.44,52.140000000004065],[-10.44,52.100000000004066],[-10.459999999999999,52.100000000004066],[-10.459999999999999,52.04000000000406],[-10.4,52.04000000000406],[-10.4,52.06000000000407],[-10.34,52.06000000000407],[-10.34,52.04000000000406],[-10.32,52.04000000000406],[-10.32,51.920000000004066],[-10.4,51.920000000004066],[-10.4,51.90000000000406],[-10.42,51.90000000000406],[-10.42,51.920000000004066],[-10.48,51.920000000004066],[-10.48,51.94000000000406],[-10.58,51.94000000000406],[-10.58,51.960000000004065],[-10.78,51.960000000004065],[-10.799999999999999,52.000000000004064],[-10.86,52.000000000004064],[-10.86,52.04000000000406],[-10.84,52.04000000000406],[-10.84,52.06000000000407],[-10.78,52.06000000000407],[-10.78,52.08000000000406],[-10.74,52.08000000000406],[-10.74,52.140000000004065],[-10.78,52.140000000004065],[-10.78,52.180000000004064],[-10.84,52.180000000004064],[-10.84,52.20000000000407],[-10.9,52.20000000000407],[-10.9,52.22000000000406],[-11.0,52.22000000000406],[-11.0,52.20000000000407],[-11.06,52.20000000000407],[-11.06,52.180000000004064],[-11.26,52.180000000004064],[-11.26,52.20000000000407],[-11.32,52.20000000000407],[-11.34,52.240000000004066],[-11.379999999999999,52.240000000004066],[-11.4,52.280000000004065],[-11.42,52.280000000004065],[-11.42,52.30000000000406],[-11.459999999999999,52.30000000000406],[-11.459999999999999,52.320000000004065],[-11.54,52.320000000004065],[-11.54,52.360000000004064],[-11.64,52.360000000004064],[-11.66,52.40000000000406],[-11.7,52.40000000000406],[-11.7,52.48000000000407],[-11.66,52.48000000000407],[-11.66,52.500000000004064],[-11.64,52.500000000004064],[-11.64,52.54000000000406],[-11.6,52.54000000000406],[-11.6,52.58000000000406],[-11.58,52.58000000000406],[-11.58,52.66000000000406],[-11.54,52.66000000000406],[-11.54,52.72000000000406],[-11.52,52.72000000000406],[-11.52,52.740000000004066],[-11.4,52.740000000004066],[-11.4,52.72000000000406],[-11.36,52.70000000000407],[-11.36,52.680000000004064],[-11.32,52.680000000004064],[-11.32,52.56000000000407],[-11.24,52.56000000000407],[-11.24,52.54000000000406],[-11.12,52.54000000000406],[-11.12,52.52000000000406]]],[[[-9.92,52.56000000000407],[-9.9,52.56000000000407],[-9.9,52.38000000000406],[-9.92,52.38000000000406],[-9.92,52.56000000000407]]],[[[-4.100000000000001,52.420000000004066],[-4.100000000000001,52.680000000004064],[-4.079999999999998,52.680000000004064],[-4.079999999999998,52.420000000004066],[-4.100000000000001,52.420000000004066]]],[[[-1.2199999999999989,44.70000000000407],[-1.1600000000000001,44.70000000000407],[-1.1600000000000001,44.74000000000406],[-1.1400000000000006,44.74000000000406],[-1.1400000000000006,44.680000000004064],[-1.0799999999999983,44.680000000004064],[-1.0799999999999983,44.66000000000406],[-1.1400000000000006,44.66000000000406],[-1.1400000000000006,44.62000000000407],[-1.2199999999999989,44.60000000000406],[-1.2199999999999989,44.62000000000407],[-1.259999999999998,44.62000000000407],[-1.259999999999998,44.66000000000406],[-1.2199999999999989,44.66000000000406],[-1.2199999999999989,44.70000000000407]]],[[[-1.1799999999999997,45.460000000004065],[-1.259999999999998,45.48000000000407],[-1.259999999999998,45.52000000000406],[-1.2800000000000011,45.52000000000406],[-1.2800000000000011,45.54000000000406],[-1.3200000000000003,45.54000000000406],[-1.3200000000000003,45.58000000000406],[-1.3399999999999999,45.58000000000406],[-1.3399999999999999,45.640000000004065],[-1.3200000000000003,45.640000000004065],[-1.3200000000000003,45.66000000000406],[-1.2800000000000011,45.66000000000406],[-1.2800000000000011,45.680000000004064],[-1.259999999999998,45.680000000004064],[-1.2399999999999984,45.640000000004065],[-1.0199999999999996,45.640000000004065],[-1.0199999999999996,45.62000000000407],[-1.0,45.62000000000407],[-1.0,45.52000000000406],[-1.0799999999999983,45.52000000000406],[-1.0799999999999983,45.48000000000407],[-1.1799999999999997,45.48000000000407],[-1.1799999999999997,45.460000000004065]]],[[[-1.1999999999999993,45.780000000004065],[-1.1999999999999993,45.76000000000406],[-1.2199999999999989,45.76000000000406],[-1.2199999999999989,45.80000000000406],[-1.259999999999998,45.80000000000406],[-1.259999999999998,45.820000000004065],[-1.1799999999999997,45.84000000000407],[-1.1799999999999997,45.780000000004065],[-1.1999999999999993,45.780000000004065]]],[[[-1.1999999999999993,46.12000000000407],[-1.1999999999999993,46.08000000000406],[-1.1799999999999997,46.08000000000406],[-1.1799999999999997,46.06000000000407],[-1.1400000000000006,46.06000000000407],[-1.1400000000000006,46.02000000000406],[-1.120000000000001,46.02000000000406],[-1.120000000000001,46.000000000004064],[-1.1400000000000006,46.000000000004064],[-1.1400000000000006,45.920000000004066],[-1.120000000000001,45.920000000004066],[-1.120000000000001,45.90000000000406],[-1.0799999999999983,45.90000000000406],[-1.0799999999999983,45.860000000004064],[-1.1600000000000001,45.860000000004064],[-1.1600000000000001,45.90000000000406],[-1.1999999999999993,45.90000000000406],[-1.1999999999999993,45.94000000000406],[-1.3200000000000003,45.960000000004065],[-1.3200000000000003,46.02000000000406],[-1.4400000000000013,46.02000000000406],[-1.4400000000000013,46.000000000004064],[-1.5999999999999979,46.000000000004064],[-1.5999999999999979,46.04000000000406],[-1.6400000000000006,46.04000000000406],[-1.6400000000000006,46.12000000000407],[-1.5999999999999979,46.12000000000407],[-1.5799999999999983,46.16000000000406],[-1.5399999999999991,46.16000000000406],[-1.5399999999999991,46.180000000004064],[-1.5199999999999996,46.180000000004064],[-1.5199999999999996,46.16000000000406],[-1.3999999999999986,46.16000000000406],[-1.379999999999999,46.12000000000407],[-1.2800000000000011,46.12000000000407],[-1.2800000000000011,46.140000000004065],[-1.259999999999998,46.140000000004065],[-1.259999999999998,46.180000000004064],[-1.2399999999999984,46.180000000004064],[-1.2399999999999984,46.12000000000407],[-1.1999999999999993,46.12000000000407]]],[[[-1.120000000000001,46.30000000000406],[-1.120000000000001,46.22000000000406],[-1.1400000000000006,46.22000000000406],[-1.1400000000000006,46.20000000000407],[-1.2199999999999989,46.20000000000407],[-1.1999999999999993,46.280000000004065],[-1.1600000000000001,46.280000000004065],[-1.1600000000000001,46.320000000004065],[-1.1400000000000006,46.320000000004065],[-1.1400000000000006,46.30000000000406],[-1.120000000000001,46.30000000000406]]],[[[-1.3599999999999994,46.280000000004065],[-1.3599999999999994,46.26000000000406],[-1.3000000000000007,46.26000000000406],[-1.3000000000000007,46.22000000000406],[-1.3399999999999999,46.20000000000407],[-1.3399999999999999,46.22000000000406],[-1.3999999999999986,46.22000000000406],[-1.3999999999999986,46.24000000000406],[-1.4800000000000004,46.24000000000406],[-1.4800000000000004,46.26000000000406],[-1.5599999999999987,46.26000000000406],[-1.5599999999999987,46.24000000000406],[-1.6999999999999993,46.24000000000406],[-1.6999999999999993,46.26000000000406],[-1.759999999999998,46.26000000000406],[-1.759999999999998,46.30000000000406],[-1.7800000000000011,46.30000000000406],[-1.7800000000000011,46.360000000004064],[-1.759999999999998,46.360000000004064],[-1.759999999999998,46.38000000000406],[-1.6999999999999993,46.38000000000406],[-1.6999999999999993,46.40000000000406],[-1.5799999999999983,46.38000000000406],[-1.5599999999999987,46.34000000000407],[-1.4400000000000013,46.34000000000407],[-1.4400000000000013,46.320000000004065],[-1.379999999999999,46.320000000004065],[-1.379999999999999,46.280000000004065],[-1.3599999999999994,46.280000000004065]]],[[[-2.280000000000001,46.860000000004064],[-2.3200000000000003,46.860000000004064],[-2.3200000000000003,46.90000000000406],[-2.280000000000001,46.90000000000406],[-2.280000000000001,46.920000000004066],[-2.259999999999998,46.920000000004066],[-2.259999999999998,46.84000000000407],[-2.280000000000001,46.84000000000407],[-2.280000000000001,46.860000000004064]]],[[[-2.1400000000000006,47.22000000000406],[-2.2399999999999984,47.22000000000406],[-2.2399999999999984,47.12000000000407],[-2.16,47.12000000000407],[-2.16,47.140000000004065],[-2.1400000000000006,47.140000000004065],[-2.1400000000000006,47.10000000000406],[-2.099999999999998,47.08000000000406],[-2.099999999999998,47.000000000004064],[-2.0599999999999987,47.000000000004064],[-2.0599999999999987,46.94000000000406],[-2.039999999999999,46.94000000000406],[-2.039999999999999,46.920000000004066],[-2.1400000000000006,46.920000000004066],[-2.1400000000000006,46.98000000000407],[-2.1999999999999993,46.98000000000407],[-2.1999999999999993,47.000000000004064],[-2.3200000000000003,47.000000000004064],[-2.3200000000000003,47.02000000000406],[-2.379999999999999,47.02000000000406],[-2.379999999999999,46.98000000000407],[-2.419999999999998,46.98000000000407],[-2.419999999999998,46.960000000004065],[-2.460000000000001,46.94000000000406],[-2.460000000000001,46.960000000004065],[-2.5,46.960000000004065],[-2.5,46.98000000000407],[-2.5199999999999996,46.98000000000407],[-2.5199999999999996,47.02000000000406],[-2.5599999999999987,47.02000000000406],[-2.5599999999999987,47.06000000000407],[-2.5199999999999996,47.06000000000407],[-2.5199999999999996,47.10000000000406],[-2.4400000000000013,47.10000000000406],[-2.4400000000000013,47.12000000000407],[-2.379999999999999,47.12000000000407],[-2.379999999999999,47.22000000000406],[-2.3599999999999994,47.22000000000406],[-2.3599999999999994,47.16000000000406],[-2.280000000000001,47.16000000000406],[-2.280000000000001,47.180000000004064],[-2.259999999999998,47.180000000004064],[-2.259999999999998,47.24000000000406],[-2.280000000000001,47.24000000000406],[-2.280000000000001,47.26000000000406],[-2.259999999999998,47.26000000000406],[-2.259999999999998,47.280000000004065],[-2.1999999999999993,47.280000000004065],[-2.1999999999999993,47.30000000000406],[-2.16,47.30000000000406],[-2.16,47.320000000004065],[-2.120000000000001,47.320000000004065],[-2.120000000000001,47.34000000000407],[-1.9199999999999982,47.34000000000407],[-1.9199999999999982,47.320000000004065],[-1.879999999999999,47.320000000004065],[-1.879999999999999,47.280000000004065],[-1.8599999999999994,47.280000000004065],[-1.8599999999999994,47.26000000000406],[-1.9400000000000013,47.26000000000406],[-1.9400000000000013,47.24000000000406],[-1.9600000000000009,47.24000000000406],[-1.9600000000000009,47.26000000000406],[-2.120000000000001,47.26000000000406],[-2.1400000000000006,47.22000000000406]]],[[[-2.9400000000000013,47.360000000004064],[-2.8999999999999986,47.360000000004064],[-2.8999999999999986,47.38000000000406],[-2.879999999999999,47.38000000000406],[-2.879999999999999,47.360000000004064],[-2.84,47.34000000000407],[-2.84,47.280000000004065],[-2.8599999999999994,47.280000000004065],[-2.8599999999999994,47.30000000000406],[-2.8999999999999986,47.30000000000406],[-2.8999999999999986,47.320000000004065],[-2.9400000000000013,47.320000000004065],[-2.9400000000000013,47.360000000004064]]],[[[-2.379999999999999,47.48000000000407],[-2.4400000000000013,47.48000000000407],[-2.4400000000000013,47.460000000004065],[-2.5,47.460000000004065],[-2.5,47.54000000000406],[-2.419999999999998,47.54000000000406],[-2.419999999999998,47.500000000004064],[-2.379999999999999,47.500000000004064],[-2.379999999999999,47.48000000000407]]],[[[-2.960000000000001,47.640000000004065],[-2.84,47.640000000004065],[-2.84,47.58000000000406],[-2.7399999999999984,47.58000000000406],[-2.7399999999999984,47.54000000000406],[-2.780000000000001,47.54000000000406],[-2.780000000000001,47.52000000000406],[-2.8200000000000003,47.52000000000406],[-2.8200000000000003,47.54000000000406],[-2.9400000000000013,47.52000000000406],[-2.9400000000000013,47.60000000000406],[-2.960000000000001,47.60000000000406],[-2.960000000000001,47.640000000004065]]],[[[0.28000000000000114,52.960000000004065],[0.28000000000000114,53.0],[0.4699999999979685,53.0],[0.46000000000000085,52.98000000000407],[0.4200000000000017,52.98000000000407],[0.4200000000000017,52.94000000000406],[0.379999999999999,52.94000000000406],[0.379999999999999,52.960000000004065],[0.28000000000000114,52.960000000004065]]]]}},{"type":"Feature","properties":{"threshold_kt":1.5,"kind":"mask","atlas":"ATLNE","resolution_m":2000,"method":"max speed over 15 days hourly, all constituents","area_deg2":16.97},"geometry":{"type":"MultiPolygon","coordinates":[[[[-6.18,47.44000000000406],[-6.18,47.40000000000406],[-6.199999999999999,47.40000000000406],[-6.199999999999999,47.420000000004066],[-6.26,47.420000000004066],[-6.279999999999999,47.460000000004065],[-6.199999999999999,47.460000000004065],[-6.199999999999999,47.44000000000406],[-6.18,47.44000000000406]]],[[[-3.1400000000000006,47.460000000004065],[-3.039999999999999,47.460000000004065],[-3.039999999999999,47.420000000004066],[-3.1400000000000006,47.420000000004066],[-3.1400000000000006,47.460000000004065]]],[[[-6.4,47.500000000004064],[-6.42,47.500000000004064],[-6.42,47.52000000000406],[-6.48,47.52000000000406],[-6.48,47.54000000000406],[-6.52,47.54000000000406],[-6.52,47.56000000000407],[-6.539999999999999,47.56000000000407],[-6.539999999999999,47.58000000000406],[-6.58,47.58000000000406],[-6.58,47.60000000000406],[-6.539999999999999,47.60000000000406],[-6.539999999999999,47.62000000000407],[-6.5,47.640000000004065],[-6.5,47.62000000000407],[-6.4399999999999995,47.62000000000407],[-6.4399999999999995,47.60000000000406],[-6.359999999999999,47.60000000000406],[-6.359999999999999,47.58000000000406],[-6.299999999999999,47.58000000000406],[-6.299999999999999,47.54000000000406],[-6.26,47.54000000000406],[-6.26,47.52000000000406],[-6.4,47.52000000000406],[-6.4,47.500000000004064]]],[[[-2.8599999999999994,47.58000000000406],[-2.780000000000001,47.58000000000406],[-2.780000000000001,47.54000000000406],[-2.9400000000000013,47.54000000000406],[-2.9400000000000013,47.640000000004065],[-2.879999999999999,47.640000000004065],[-2.879999999999999,47.62000000000407],[-2.8599999999999994,47.62000000000407],[-2.8599999999999994,47.58000000000406]]],[[[-4.620000000000001,48.320000000004065],[-4.620000000000001,48.38000000000406],[-4.52,48.38000000000406],[-4.539999999999999,48.30000000000406],[-4.600000000000001,48.30000000000406],[-4.600000000000001,48.320000000004065],[-4.620000000000001,48.320000000004065]]],[[[-6.76,48.320000000004065],[-6.9,48.320000000004065],[-6.9,48.34000000000407],[-6.959999999999999,48.34000000000407],[-6.959999999999999,48.360000000004064],[-7.0,48.360000000004064],[-7.0,48.38000000000406],[-7.02,48.38000000000406],[-7.02,48.420000000004066],[-7.0600000000000005,48.420000000004066],[-7.0600000000000005,48.500000000004064],[-7.0,48.500000000004064],[-7.0,48.460000000004065],[-6.98,48.460000000004065],[-6.98,48.44000000000406],[-6.9399999999999995,48.44000000000406],[-6.9399999999999995,48.420000000004066],[-6.859999999999999,48.420000000004066],[-6.859999999999999,48.40000000000406],[-6.82,48.40000000000406],[-6.82,48.38000000000406],[-6.76,48.38000000000406],[-6.76,48.320000000004065]]],[[[-6.299999999999999,49.860000000004064],[-6.299999999999999,49.84000000000407],[-6.379999999999999,49.84000000000407],[-6.379999999999999,49.860000000004064],[-6.34,49.860000000004064],[-6.34,49.88000000000406],[-6.26,49.88000000000406],[-6.26,49.860000000004064],[-6.299999999999999,49.860000000004064]]],[[[-6.219999999999999,49.98000000000407],[-6.18,49.98000000000407],[-6.18,49.88000000000406],[-6.219999999999999,49.88000000000406],[-6.219999999999999,49.98000000000407]]],[[[-6.459999999999999,49.98000000000407],[-6.42,49.98000000000407],[-6.42,50.000000000004064],[-6.359999999999999,50.000000000004064],[-6.359999999999999,49.960000000004065],[-6.4,49.94000000000406],[-6.4,49.88000000000406],[-6.459999999999999,49.88000000000406],[-6.459999999999999,49.90000000000406],[-6.48,49.90000000000406],[-6.48,49.960000000004065],[-6.459999999999999,49.960000000004065],[-6.459999999999999,49.98000000000407]]],[[[-5.5600000000000005,50.240000000004066],[-5.5600000000000005,50.22000000000406],[-5.640000000000001,50.22000000000406],[-5.640000000000001,50.16000000000406],[-5.76,50.140000000004065],[-5.76,50.04000000000406],[-5.719999999999999,50.04000000000406],[-5.719999999999999,50.02000000000406],[-5.68,50.02000000000406],[-5.68,50.000000000004064],[-5.699999999999999,50.000000000004064],[-5.699999999999999,49.98000000000407],[-5.76,49.98000000000407],[-5.76,49.960000000004065],[-5.779999999999999,49.960000000004065],[-5.779999999999999,49.98000000000407],[-5.84,49.98000000000407],[-5.84,50.000000000004064],[-5.9,50.000000000004064],[-5.9,50.08000000000406],[-5.859999999999999,50.08000000000406],[-5.859999999999999,50.12000000000406],[-5.84,50.12000000000406],[-5.84,50.180000000004064],[-5.92,50.180000000004064],[-5.92,50.20000000000407],[-5.959999999999999,50.20000000000407],[-5.959999999999999,50.26000000000406],[-5.92,50.26000000000406],[-5.92,50.280000000004065],[-5.9,50.280000000004065],[-5.9,50.34000000000407],[-5.859999999999999,50.34000000000407],[-5.859999999999999,50.360000000004064],[-5.82,50.360000000004064],[-5.82,50.34000000000407],[-5.74,50.34000000000407],[-5.74,50.360000000004064],[-5.619999999999999,50.360000000004064],[-5.619999999999999,50.34000000000407],[-5.5600000000000005,50.34000000000407],[-5.5600000000000005,50.320000000004065],[-5.52,50.320000000004065],[-5.52,50.240000000004066],[-5.5600000000000005,50.240000000004066]]],[[[-5.0600000000000005,50.640000000004065],[-4.98,50.640000000004065],[-4.98,50.600000000004066],[-5.039999999999999,50.600000000004066],[-5.039999999999999,50.56000000000407],[-5.08,50.56000000000407],[-5.08,50.54000000000406],[-5.119999999999999,50.54000000000406],[-5.119999999999999,50.58000000000406],[-5.1,50.58000000000406],[-5.1,50.600000000004066],[-5.0600000000000005,50.600000000004066],[-5.0600000000000005,50.640000000004065]]],[[[-4.699999999999999,52.70000000000407],[-4.699999999999999,52.640000000004065],[-4.66,52.640000000004065],[-4.640000000000001,52.600000000004066],[-4.600000000000001,52.600000000004066],[-4.600000000000001,52.54000000000406],[-4.640000000000001,52.54000000000406],[-4.640000000000001,52.40000000000406],[-4.600000000000001,52.40000000000406],[-4.600000000000001,52.20000000000407],[-4.640000000000001,52.20000000000407],[-4.640000000000001,52.180000000004064],[-4.66,52.180000000004064],[-4.66,52.140000000004065],[-4.82,52.140000000004065],[-4.82,52.08000000000406],[-4.940000000000001,52.08000000000406],[-4.940000000000001,52.02000000000406],[-5.039999999999999,52.02000000000406],[-5.039999999999999,51.960000000004065],[-5.1,51.960000000004065],[-5.1,51.94000000000406],[-5.139999999999999,51.94000000000406],[-5.139999999999999,51.920000000004066],[-5.219999999999999,51.920000000004066],[-5.219999999999999,51.820000000004065],[-5.139999999999999,51.820000000004065],[-5.139999999999999,51.66000000000406],[-5.039999999999999,51.66000000000406],[-5.039999999999999,51.680000000004064],[-4.780000000000001,51.680000000004064],[-4.780000000000001,51.66000000000406],[-4.66,51.66000000000406],[-4.66,51.640000000004065],[-4.640000000000001,51.640000000004065],[-4.640000000000001,51.56000000000407],[-4.600000000000001,51.56000000000407],[-4.600000000000001,51.54000000000406],[-4.539999999999999,51.54000000000406],[-4.539999999999999,51.56000000000407],[-4.300000000000001,51.56000000000407],[-4.300000000000001,51.58000000000406],[-4.100000000000001,51.58000000000406],[-4.100000000000001,51.70000000000407],[-4.079999999999998,51.70000000000407],[-4.079999999999998,51.680000000004064],[-4.0,51.680000000004064],[-4.0,51.70000000000407],[-3.9800000000000004,51.70000000000407],[-3.9800000000000004,51.640000000004065],[-4.02,51.640000000004065],[-4.02,51.62000000000406],[-4.079999999999998,51.62000000000406],[-4.079999999999998,51.56000000000407],[-4.039999999999999,51.56000000000407],[-4.02,51.52000000000406],[-3.9800000000000004,51.52000000000406],[-3.9800000000000004,51.500000000004064],[-3.919999999999998,51.500000000004064],[-3.919999999999998,51.48000000000407],[-3.7399999999999984,51.48000000000407],[-3.7399999999999984,51.500000000004064],[-3.719999999999999,51.500000000004064],[-3.719999999999999,51.460000000004065],[-3.66,51.460000000004065],[-3.66,51.44000000000406],[-3.620000000000001,51.44000000000406],[-3.620000000000001,51.420000000004066],[-3.5599999999999987,51.420000000004066],[-3.5599999999999987,51.44000000000406],[-3.120000000000001,51.44000000000406],[-3.120000000000001,51.460000000004065],[-3.0799999999999983,51.460000000004065],[-3.0799999999999983,51.500000000004064],[-2.919999999999998,51.500000000004064],[-2.919999999999998,51.48000000000407],[-2.879999999999999,51.48000000000407],[-2.879999999999999,51.38000000000406],[-2.9800000000000004,51.38000000000406],[-2.9800000000000004,51.280000000004065],[-3.0599999999999987,51.280000000004065],[-3.0599999999999987,51.240000000004066],[-3.16,51.240000000004066],[-3.16,51.180000000004064],[-3.5799999999999983,51.180000000004064],[-3.5799999999999983,51.22000000000406],[-4.039999999999999,51.22000000000406],[-4.039999999999999,51.180000000004064],[-4.259999999999998,51.180000000004064],[-4.259999999999998,51.12000000000406],[-4.419999999999998,51.12000000000406],[-4.419999999999998,51.08000000000406],[-4.460000000000001,51.08000000000406],[-4.460000000000001,51.06000000000407],[-4.48,51.06000000000407],[-4.48,50.98000000000407],[-4.579999999999998,50.98000000000407],[-4.579999999999998,50.960000000004065],[-4.600000000000001,50.960000000004065],[-4.600000000000001,50.98000000000407],[-4.66,50.98000000000407],[-4.66,50.960000000004065],[-4.68,50.960000000004065],[-4.68,50.98000000000407],[-4.719999999999999,50.98000000000407],[-4.719999999999999,51.02000000000406],[-4.739999999999998,51.02000000000406],[-4.739999999999998,51.08000000000406],[-4.780000000000001,51.08000000000406],[-4.780000000000001,51.16000000000406],[-4.800000000000001,51.16000000000406],[-4.800000000000001,51.20000000000407],[-4.84,51.20000000000407],[-4.84,51.240000000004066],[-4.859999999999999,51.240000000004066],[-4.859999999999999,51.26000000000406],[-4.899999999999999,51.26000000000406],[-4.899999999999999,51.280000000004065],[-4.919999999999998,51.280000000004065],[-4.919999999999998,51.320000000004065],[-4.960000000000001,51.320000000004065],[-4.960000000000001,51.360000000004064],[-5.0,51.360000000004064],[-5.0,51.38000000000406],[-5.119999999999999,51.38000000000406],[-5.119999999999999,51.40000000000406],[-5.359999999999999,51.40000000000406],[-5.359999999999999,51.420000000004066],[-5.74,51.420000000004066],[-5.74,51.44000000000406],[-5.92,51.44000000000406],[-5.92,51.460000000004065],[-6.02,51.460000000004065],[-6.02,51.48000000000407],[-6.140000000000001,51.500000000004064],[-6.16,51.54000000000406],[-6.219999999999999,51.54000000000406],[-6.219999999999999,51.56000000000407],[-6.26,51.56000000000407],[-6.26,51.58000000000406],[-6.32,51.58000000000406],[-6.34,51.62000000000406],[-6.459999999999999,51.640000000004065],[-6.48,51.680000000004064],[-6.52,51.680000000004064],[-6.539999999999999,51.72000000000406],[-6.58,51.72000000000406],[-6.6,51.76000000000406],[-6.640000000000001,51.76000000000406],[-6.66,51.80000000000406],[-6.699999999999999,51.80000000000406],[-6.699999999999999,51.820000000004065],[-6.719999999999999,51.820000000004065],[-6.719999999999999,51.860000000004064],[-6.76,51.860000000004064],[-6.779999999999999,51.98000000000407],[-6.82,51.98000000000407],[-6.82,52.08000000000406],[-6.84,52.08000000000406],[-6.84,52.100000000004066],[-6.82,52.100000000004066],[-6.82,52.12000000000406],[-6.779999999999999,52.12000000000406],[-6.779999999999999,52.140000000004065],[-6.76,52.140000000004065],[-6.76,52.20000000000407],[-6.699999999999999,52.20000000000407],[-6.699999999999999,52.22000000000406],[-6.34,52.22000000000406],[-6.34,52.420000000004066],[-6.26,52.460000000004065],[-6.26,52.54000000000406],[-6.199999999999999,52.54000000000406],[-6.199999999999999,52.640000000004065],[-6.16,52.640000000004065],[-6.16,52.72000000000406],[-6.199999999999999,52.72000000000406],[-6.199999999999999,52.740000000004066],[-6.16,52.740000000004066],[-6.140000000000001,52.780000000004065],[-6.1,52.780000000004065],[-6.1,52.84000000000407],[-6.02,52.88000000000406],[-6.02,53.0],[-4.640000000000001,53.0],[-4.640000000000001,52.88000000000406],[-4.600000000000001,52.88000000000406],[-4.600000000000001,52.740000000004066],[-4.640000000000001,52.740000000004066],[-4.66,52.70000000000407],[-4.699999999999999,52.70000000000407]]],[[[-10.64,52.000000000004064],[-10.64,52.02000000000406],[-10.5,52.02000000000406],[-10.5,52.000000000004064],[-10.459999999999999,52.000000000004064],[-10.459999999999999,51.98000000000407],[-10.4,51.98000000000407],[-10.4,51.94000000000406],[-10.459999999999999,51.94000000000406],[-10.459999999999999,51.960000000004065],[-10.52,51.960000000004065],[-10.54,52.000000000004064],[-10.64,52.000000000004064]]],[[[-1.1799999999999997,44.62000000000407],[-1.2199999999999989,44.62000000000407],[-1.2199999999999989,44.70000000000407],[-1.1600000000000001,44.70000000000407],[-1.1600000000000001,44.72000000000406],[-1.1400000000000006,44.72000000000406],[-1.1400000000000006,44.66000000000406],[-1.1799999999999997,44.66000000000406],[-1.1799999999999997,44.62000000000407]]],[[[-1.2199999999999989,45.60000000000406],[-1.3200000000000003,45.60000000000406],[-1.3200000000000003,45.640000000004065],[-1.1400000000000006,45.640000000004065],[-1.1400000000000006,45.60000000000406],[-1.0199999999999996,45.60000000000406],[-1.0199999999999996,45.54000000000406],[-1.0799999999999983,45.54000000000406],[-1.0799999999999983,45.52000000000406],[-1.120000000000001,45.52000000000406],[-1.120000000000001,45.500000000004064],[-1.1999999999999993,45.500000000004064],[-1.1999999999999993,45.58000000000406],[-1.2199999999999989,45.58000000000406],[-1.2199999999999989,45.60000000000406]]],[[[-1.1999999999999993,45.94000000000406],[-1.1999999999999993,45.960000000004065],[-1.2199999999999989,45.960000000004065],[-1.2199999999999989,46.000000000004064],[-1.259999999999998,46.000000000004064],[-1.259999999999998,46.04000000000406],[-1.1799999999999997,46.000000000004064],[-1.1799999999999997,45.960000000004065],[-1.1400000000000006,45.960000000004065],[-1.1400000000000006,45.88000000000406],[-1.1600000000000001,45.88000000000406],[-1.1600000000000001,45.94000000000406],[-1.1999999999999993,45.94000000000406]]],[[[-1.4400000000000013,46.140000000004065],[-1.4400000000000013,46.12000000000407],[-1.3999999999999986,46.12000000000407],[-1.3999999999999986,46.10000000000406],[-1.259999999999998,46.10000000000406],[-1.259999999999998,46.04000000000406],[-1.3999999999999986,46.04000000000406],[-1.3999999999999986,46.02000000000406],[-1.5199999999999996,46.02000000000406],[-1.5199999999999996,46.10000000000406],[-1.4800000000000004,46.10000000000406],[-1.4600000000000009,46.140000000004065],[-1.4400000000000013,46.140000000004065]]],[[[-1.6600000000000001,46.26000000000406],[-1.6600000000000001,46.280000000004065],[-1.6999999999999993,46.280000000004065],[-1.6999999999999993,46.320000000004065],[-1.5799999999999983,46.320000000004065],[-1.5799999999999983,46.30000000000406],[-1.5599999999999987,46.30000000000406],[-1.5599999999999987,46.26000000000406],[-1.6600000000000001,46.26000000000406]]],[[[-2.1999999999999993,47.04000000000406],[-2.259999999999998,47.04000000000406],[-2.259999999999998,47.06000000000407],[-2.34,47.06000000000407],[-2.34,47.10000000000406],[-2.1799999999999997,47.10000000000406],[-2.1799999999999997,47.06000000000407],[-2.1999999999999993,47.06000000000407],[-2.1999999999999993,47.04000000000406]]],[[[-2.1999999999999993,47.30000000000406],[-2.1400000000000006,47.30000000000406],[-2.1400000000000006,47.320000000004065],[-2.0599999999999987,47.320000000004065],[-2.0599999999999987,47.34000000000407],[-1.9800000000000004,47.34000000000407],[-1.9800000000000004,47.320000000004065],[-1.9400000000000013,47.320000000004065],[-1.9400000000000013,47.26000000000406],[-2.0199999999999996,47.26000000000406],[-2.0199999999999996,47.280000000004065],[-2.120000000000001,47.280000000004065],[-2.120000000000001,47.26000000000406],[-2.1799999999999997,47.26000000000406],[-2.1799999999999997,47.24000000000406],[-2.219999999999999,47.26000000000406],[-2.1999999999999993,47.30000000000406]]],[[[0.03999999999999915,49.420000000004066],[0.03999999999999915,49.460000000004065],[0.08000000000000185,49.460000000004065],[0.08000000000000185,49.500000000004064],[0.10000000000000142,49.500000000004064],[0.10000000000000142,49.48000000000407],[0.16000000000000014,49.48000000000407],[0.16000000000000014,49.460000000004065],[0.28000000000000114,49.460000000004065],[0.28000000000000114,49.40000000000406],[0.17999999999999972,49.40000000000406],[0.17999999999999972,49.38000000000406],[0.120000000000001,49.38000000000406],[0.120000000000001,49.360000000004064],[0.08000000000000185,49.360000000004064],[0.08000000000000185,49.420000000004066],[0.03999999999999915,49.420000000004066]]],[[[1.5,50.22000000000406],[1.4400000000000013,50.22000000000406],[1.4400000000000013,50.240000000004066],[1.5399999999999991,50.240000000004066],[1.5399999999999991,50.180000000004064],[1.5199999999999996,50.180000000004064],[1.5,50.22000000000406]]],[[[1.4600000000000009,51.90000000000406],[1.4600000000000009,51.920000000004066],[1.5199999999999996,51.920000000004066],[1.5199999999999996,51.98000000000407],[1.5,51.98000000000407],[1.5,52.06000000000407],[1.5199999999999996,52.06000000000407],[1.5199999999999996,52.04000000000406],[1.5800000000000018,52.04000000000406],[1.5800000000000018,52.12000000000406],[1.620000000000001,52.12000000000406],[1.620000000000001,52.140000000004065],[1.6400000000000006,52.140000000004065],[1.6400000000000006,52.320000000004065],[1.6999999999999993,52.320000000004065],[1.6999999999999993,52.34000000000407],[1.740000000000002,52.34000000000407],[1.740000000000002,52.72000000000406],[1.6999999999999993,52.72000000000406],[1.6999999999999993,52.780000000004065],[1.620000000000001,52.780000000004065],[1.620000000000001,52.820000000004065],[1.5,52.820000000004065],[1.5,52.88000000000406],[1.4200000000000017,52.88000000000406],[1.4200000000000017,52.920000000004066],[1.2600000000000016,52.920000000004066],[1.2600000000000016,52.90000000000406],[1.1999999999999993,52.90000000000406],[1.1999999999999993,52.98000000000407],[1.1400000000000006,52.98000000000407],[1.1400000000000006,53.0],[3.0,53.0],[3.0,51.320000000004065],[3.0,51.280000000004065],[2.9800000000000004,51.280000000004065],[2.9800000000000004,51.30000000000406],[2.879999999999999,51.30000000000406],[2.879999999999999,51.240000000004066],[2.8000000000000007,51.240000000004066],[2.8000000000000007,51.22000000000406],[2.7600000000000016,51.22000000000406],[2.7600000000000016,51.20000000000407],[2.740000000000002,51.20000000000407],[2.740000000000002,51.240000000004066],[2.6799999999999997,51.240000000004066],[2.6799999999999997,51.20000000000407],[2.6400000000000006,51.20000000000407],[2.6400000000000006,51.16000000000406],[2.5599999999999987,51.16000000000406],[2.5599999999999987,51.100000000004066],[2.539999999999999,51.100000000004066],[2.539999999999999,51.12000000000406],[2.5,51.12000000000406],[2.5,51.140000000004065],[2.4400000000000013,51.140000000004065],[2.4400000000000013,51.08000000000406],[2.460000000000001,51.08000000000406],[2.460000000000001,51.04000000000406],[2.4400000000000013,51.04000000000406],[2.4400000000000013,51.02000000000406],[2.379999999999999,51.02000000000406],[2.379999999999999,51.08000000000406],[2.3599999999999994,51.08000000000406],[2.3599999999999994,51.100000000004066],[2.3200000000000003,51.100000000004066],[2.3200000000000003,51.12000000000406],[2.219999999999999,51.12000000000406],[2.219999999999999,51.04000000000406],[2.0599999999999987,51.02000000000406],[2.0599999999999987,51.000000000004064],[2.0,51.000000000004064],[2.0,50.960000000004065],[1.9000000000000021,50.960000000004065],[1.9000000000000021,50.94000000000406],[1.8399999999999999,50.94000000000406],[1.8399999999999999,50.920000000004066],[1.7600000000000016,50.920000000004066],[1.7600000000000016,50.90000000000406],[1.6999999999999993,50.90000000000406],[1.6999999999999993,50.88000000000406],[1.6600000000000001,50.88000000000406],[1.6600000000000001,50.860000000004064],[1.6000000000000014,50.860000000004064],[1.6000000000000014,50.820000000004065],[1.5800000000000018,50.820000000004065],[1.5800000000000018,50.740000000004066],[1.6000000000000014,50.740000000004066],[1.6000000000000014,50.72000000000406],[1.5800000000000018,50.72000000000406],[1.5800000000000018,50.640000000004065],[1.5399999999999991,50.640000000004065],[1.5399999999999991,50.48000000000407],[1.5199999999999996,50.48000000000407],[1.5199999999999996,50.40000000000406],[1.4600000000000009,50.40000000000406],[1.4600000000000009,50.360000000004064],[1.4400000000000013,50.360000000004064],[1.4400000000000013,50.34000000000407],[1.4000000000000021,50.34000000000407],[1.4000000000000021,50.30000000000406],[1.379999999999999,50.30000000000406],[1.379999999999999,50.280000000004065],[1.3200000000000003,50.280000000004065],[1.3200000000000003,50.26000000000406],[1.2600000000000016,50.26000000000406],[1.2600000000000016,50.240000000004066],[1.2199999999999989,50.240000000004066],[1.2199999999999989,50.22000000000406],[1.1600000000000001,50.22000000000406],[1.1600000000000001,50.16000000000406],[1.1999999999999993,50.16000000000406],[1.1999999999999993,50.140000000004065],[1.2199999999999989,50.140000000004065],[1.2199999999999989,50.100000000004066],[1.2600000000000016,50.100000000004066],[1.2600000000000016,50.02000000000406],[1.1600000000000001,50.02000000000406],[1.1400000000000006,49.98000000000407],[1.1000000000000014,49.98000000000407],[1.1000000000000014,49.94000000000406],[1.0800000000000018,49.94000000000406],[1.0800000000000018,49.960000000004065],[1.0199999999999996,49.960000000004065],[1.0199999999999996,49.94000000000406],[0.9800000000000004,49.94000000000406],[0.9800000000000004,49.920000000004066],[0.9600000000000009,49.920000000004066],[0.9600000000000009,49.94000000000406],[0.9000000000000021,49.94000000000406],[0.9000000000000021,49.920000000004066],[0.8599999999999994,49.920000000004066],[0.8599999999999994,49.90000000000406],[0.8399999999999999,49.90000000000406],[0.8399999999999999,49.860000000004064],[0.8200000000000003,49.860000000004064],[0.8200000000000003,49.88000000000406],[0.740000000000002,49.88000000000406],[0.740000000000002,49.84000000000407],[0.6600000000000001,49.84000000000407],[0.6600000000000001,49.820000000004065],[0.5800000000000018,49.820000000004065],[0.5800000000000018,49.80000000000406],[0.4800000000000004,49.80000000000406],[0.46000000000000085,49.76000000000406],[0.40000000000000213,49.76000000000406],[0.40000000000000213,49.740000000004066],[0.35999999999999943,49.740000000004066],[0.35999999999999943,49.72000000000406],[0.240000000000002,49.70000000000407],[0.240000000000002,49.680000000004064],[0.17999999999999972,49.680000000004064],[0.17999999999999972,49.640000000004065],[0.16000000000000014,49.640000000004065],[0.16000000000000014,49.62000000000406],[0.10000000000000142,49.62000000000406],[0.10000000000000142,49.58000000000406],[0.05999999999999872,49.58000000000406],[0.05999999999999872,49.52000000000406],[0.03999999999999915,49.52000000000406],[0.03999999999999915,49.54000000000406],[0.0,49.54000000000406],[0.0,49.56000000000407],[-0.14000000000000057,49.56000000000407],[-0.16000000000000014,49.52000000000406],[-0.1999999999999993,49.52000000000406],[-0.21999999999999886,49.48000000000407],[-0.28000000000000114,49.48000000000407],[-0.28000000000000114,49.420000000004066],[-0.3200000000000003,49.420000000004066],[-0.3200000000000003,49.360000000004064],[-0.46000000000000085,49.360000000004064],[-0.46000000000000085,49.38000000000406],[-0.5599999999999987,49.38000000000406],[-0.5599999999999987,49.34000000000407],[-0.5799999999999983,49.34000000000407],[-0.5799999999999983,49.360000000004064],[-0.6400000000000006,49.360000000004064],[-0.6400000000000006,49.34000000000407],[-0.6799999999999997,49.34000000000407],[-0.6799999999999997,49.320000000004065],[-0.6999999999999993,49.320000000004065],[-0.6999999999999993,49.38000000000406],[-0.8399999999999999,49.38000000000406],[-0.8399999999999999,49.360000000004064],[-0.879999999999999,49.360000000004064],[-0.879999999999999,49.34000000000407],[-0.8999999999999986,49.34000000000407],[-0.9199999999999982,49.38000000000406],[-0.9600000000000009,49.38000000000406],[-0.9600000000000009,49.420000000004066],[-0.9800000000000004,49.420000000004066],[-0.9800000000000004,49.44000000000406],[-1.0999999999999979,49.44000000000406],[-1.0999999999999979,49.48000000000407],[-1.1600000000000001,49.48000000000407],[-1.1600000000000001,49.500000000004064],[-1.1999999999999993,49.500000000004064],[-1.1999999999999993,49.54000000000406],[-1.2199999999999989,49.54000000000406],[-1.2199999999999989,49.62000000000406],[-1.2800000000000011,49.62000000000406],[-1.2800000000000011,49.66000000000406],[-1.3399999999999999,49.66000000000406],[-1.3399999999999999,49.680000000004064],[-1.3999999999999986,49.680000000004064],[-1.3999999999999986,49.66000000000406],[-1.5599999999999987,49.680000000004064],[-1.5799999999999983,49.640000000004065],[-1.5999999999999979,49.640000000004065],[-1.5999999999999979,49.66000000000406],[-1.6799999999999997,49.66000000000406],[-1.6799999999999997,49.640000000004065],[-1.879999999999999,49.66000000000406],[-1.879999999999999,49.58000000000406],[-1.8599999999999994,49.58000000000406],[-1.8599999999999994,49.54000000000406],[-1.8200000000000003,49.54000000000406],[-1.8200000000000003,49.40000000000406],[-1.759999999999998,49.40000000000406],[-1.759999999999998,49.38000000000406],[-1.7399999999999984,49.38000000000406],[-1.7399999999999984,49.280000000004065],[-1.6999999999999993,49.280000000004065],[-1.6999999999999993,49.22000000000406],[-1.620000000000001,49.22000000000406],[-1.620000000000001,49.20000000000407],[-1.6799999999999997,49.20000000000407],[-1.6799999999999997,49.180000000004064],[-1.6999999999999993,49.180000000004064],[-1.6999999999999993,49.100000000004066],[-1.6799999999999997,49.100000000004066],[-1.6799999999999997,49.08000000000406],[-1.6400000000000006,49.08000000000406],[-1.6400000000000006,49.06000000000407],[-1.6799999999999997,49.06000000000407],[-1.6799999999999997,49.04000000000406],[-1.6999999999999993,49.04000000000406],[-1.6999999999999993,49.000000000004064],[-1.7399999999999984,49.000000000004064],[-1.7399999999999984,48.920000000004066],[-1.6999999999999993,48.920000000004066],[-1.6999999999999993,48.820000000004065],[-1.6799999999999997,48.820000000004065],[-1.6799999999999997,48.74000000000406],[-1.6400000000000006,48.74000000000406],[-1.6400000000000006,48.72000000000406],[-1.5199999999999996,48.74000000000406],[-1.5199999999999996,48.66000000000406],[-1.6400000000000006,48.66000000000406],[-1.6400000000000006,48.70000000000407],[-1.6999999999999993,48.70000000000407],[-1.6999999999999993,48.680000000004064],[-1.8200000000000003,48.680000000004064],[-1.8200000000000003,48.70000000000407],[-1.879999999999999,48.70000000000407],[-1.879999999999999,48.680000000004064],[-1.9199999999999982,48.680000000004064],[-1.9199999999999982,48.66000000000406],[-1.9400000000000013,48.66000000000406],[-1.9400000000000013,48.680000000004064],[-2.0599999999999987,48.680000000004064],[-2.0599999999999987,48.66000000000406],[-2.099999999999998,48.66000000000406],[-2.099999999999998,48.62000000000407],[-2.120000000000001,48.62000000000407],[-2.120000000000001,48.66000000000406],[-2.1400000000000006,48.66000000000406],[-2.1400000000000006,48.680000000004064],[-2.1999999999999993,48.680000000004064],[-2.1999999999999993,48.66000000000406],[-2.3200000000000003,48.66000000000406],[-2.3200000000000003,48.640000000004065],[-2.3599999999999994,48.640000000004065],[-2.3599999999999994,48.62000000000407],[-2.379999999999999,48.62000000000407],[-2.379999999999999,48.66000000000406],[-2.5,48.66000000000406],[-2.5199999999999996,48.70000000000407],[-2.719999999999999,48.70000000000407],[-2.7399999999999984,48.66000000000406],[-2.8200000000000003,48.66000000000406],[-2.8200000000000003,48.72000000000406],[-2.8599999999999994,48.72000000000406],[-2.8599999999999994,48.74000000000406],[-2.9400000000000013,48.74000000000406],[-2.9400000000000013,48.820000000004065],[-3.0,48.820000000004065],[-3.0,48.80000000000406],[-3.0199999999999996,48.80000000000406],[-3.0199999999999996,48.84000000000407],[-2.960000000000001,48.84000000000407],[-2.960000000000001,48.90000000000406],[-3.2399999999999984,48.90000000000406],[-3.2399999999999984,48.88000000000406],[-3.3000000000000007,48.88000000000406],[-3.3000000000000007,48.860000000004064],[-3.419999999999998,48.84000000000407],[-3.419999999999998,48.780000000004065],[-3.4400000000000013,48.780000000004065],[-3.4400000000000013,48.80000000000406],[-3.620000000000001,48.80000000000406],[-3.620000000000001,48.76000000000406],[-3.6400000000000006,48.76000000000406],[-3.6400000000000006,48.780000000004065],[-3.719999999999999,48.780000000004065],[-3.719999999999999,48.74000000000406],[-3.7399999999999984,48.74000000000406],[-3.7399999999999984,48.680000000004064],[-3.8200000000000003,48.680000000004064],[-3.8200000000000003,48.72000000000406],[-4.199999999999999,48.72000000000406],[-4.199999999999999,48.680000000004064],[-4.219999999999999,48.680000000004064],[-4.219999999999999,48.70000000000407],[-4.359999999999999,48.70000000000407],[-4.359999999999999,48.66000000000406],[-4.419999999999998,48.66000000000406],[-4.419999999999998,48.640000000004065],[-4.539999999999999,48.640000000004065],[-4.539999999999999,48.62000000000407],[-4.579999999999998,48.62000000000407],[-4.579999999999998,48.58000000000406],[-4.699999999999999,48.58000000000406],[-4.699999999999999,48.54000000000406],[-4.759999999999998,48.54000000000406],[-4.780000000000001,48.500000000004064],[-4.82,48.500000000004064],[-4.82,48.44000000000406],[-4.759999999999998,48.44000000000406],[-4.759999999999998,48.40000000000406],[-4.780000000000001,48.40000000000406],[-4.780000000000001,48.30000000000406],[-4.84,48.30000000000406],[-4.84,48.320000000004065],[-4.919999999999998,48.320000000004065],[-4.919999999999998,48.34000000000407],[-4.98,48.34000000000407],[-4.98,48.320000000004065],[-5.02,48.320000000004065],[-5.02,48.30000000000406],[-5.039999999999999,48.30000000000406],[-5.039999999999999,48.26000000000406],[-5.08,48.26000000000406],[-5.1,48.22000000000406],[-5.139999999999999,48.22000000000406],[-5.139999999999999,48.180000000004064],[-5.219999999999999,48.180000000004064],[-5.219999999999999,48.100000000004066],[-5.139999999999999,48.100000000004066],[-5.139999999999999,48.08000000000406],[-5.039999999999999,48.08000000000406],[-5.039999999999999,48.100000000004066],[-5.0,48.100000000004066],[-5.0,48.12000000000407],[-4.940000000000001,48.12000000000407],[-4.940000000000001,48.06000000000407],[-4.899999999999999,48.06000000000407],[-4.899999999999999,48.04000000000406],[-4.84,48.04000000000406],[-4.84,48.08000000000406],[-4.800000000000001,48.08000000000406],[-4.800000000000001,48.100000000004066],[-4.719999999999999,48.100000000004066],[-4.719999999999999,48.08000000000406],[-4.699999999999999,48.08000000000406],[-4.699999999999999,48.02000000000406],[-4.66,48.02000000000406],[-4.66,47.98000000000407],[-4.699999999999999,47.98000000000407],[-4.699999999999999,47.94000000000406],[-4.719999999999999,47.94000000000406],[-4.719999999999999,47.920000000004066],[-4.759999999999998,47.920000000004066],[-4.759999999999998,47.90000000000406],[-4.879999999999999,47.90000000000406],[-4.879999999999999,47.88000000000406],[-4.98,47.88000000000406],[-4.98,47.860000000004064],[-5.1,47.860000000004064],[-5.1,47.84000000000407],[-5.16,47.84000000000407],[-5.16,47.860000000004064],[-5.24,47.860000000004064],[-5.24,47.88000000000406],[-5.279999999999999,47.88000000000406],[-5.299999999999999,47.920000000004066],[-5.34,47.920000000004066],[-5.34,47.94000000000406],[-5.459999999999999,47.960000000004065],[-5.459999999999999,48.000000000004064],[-5.539999999999999,48.000000000004064],[-5.539999999999999,48.02000000000406],[-5.6,48.02000000000406],[-5.6,48.04000000000406],[-5.699999999999999,48.04000000000406],[-5.699999999999999,48.06000000000407],[-5.74,48.08000000000406],[-5.74,48.100000000004066],[-5.799999999999999,48.100000000004066],[-5.799999999999999,48.12000000000407],[-5.879999999999999,48.12000000000407],[-5.879999999999999,48.100000000004066],[-5.9399999999999995,48.100000000004066],[-5.9399999999999995,48.08000000000406],[-6.02,48.08000000000406],[-6.02,48.100000000004066],[-6.039999999999999,48.100000000004066],[-6.039999999999999,48.16000000000406],[-6.08,48.16000000000406],[-6.08,48.180000000004064],[-6.140000000000001,48.180000000004064],[-6.140000000000001,48.12000000000407],[-6.119999999999999,48.12000000000407],[-6.119999999999999,48.04000000000406],[-6.16,48.04000000000406],[-6.16,48.06000000000407],[-6.199999999999999,48.06000000000407],[-6.199999999999999,48.100000000004066],[-6.219999999999999,48.100000000004066],[-6.219999999999999,48.12000000000407],[-6.199999999999999,48.12000000000407],[-6.199999999999999,48.16000000000406],[-6.16,48.16000000000406],[-6.16,48.26000000000406],[-6.199999999999999,48.26000000000406],[-6.199999999999999,48.360000000004064],[-6.219999999999999,48.360000000004064],[-6.219999999999999,48.38000000000406],[-6.26,48.38000000000406],[-6.279999999999999,48.420000000004066],[-6.359999999999999,48.420000000004066],[-6.359999999999999,48.40000000000406],[-6.379999999999999,48.40000000000406],[-6.379999999999999,48.420000000004066],[-6.459999999999999,48.44000000000406],[-6.459999999999999,48.500000000004064],[-6.48,48.500000000004064],[-6.48,48.54000000000406],[-6.52,48.54000000000406],[-6.52,48.56000000000407],[-6.4399999999999995,48.56000000000407],[-6.4399999999999995,48.54000000000406],[-6.4,48.54000000000406],[-6.379999999999999,48.500000000004064],[-6.279999999999999,48.500000000004064],[-6.279999999999999,48.56000000000407],[-6.32,48.56000000000407],[-6.34,48.640000000004065],[-6.379999999999999,48.640000000004065],[-6.379999999999999,48.66000000000406],[-6.279999999999999,48.66000000000406],[-6.279999999999999,48.680000000004064],[-6.26,48.680000000004064],[-6.26,48.780000000004065],[-6.279999999999999,48.780000000004065],[-6.279999999999999,48.80000000000406],[-6.26,48.80000000000406],[-6.26,48.820000000004065],[-6.219999999999999,48.820000000004065],[-6.219999999999999,48.90000000000406],[-6.26,48.90000000000406],[-6.26,48.94000000000406],[-6.219999999999999,48.94000000000406],[-6.199999999999999,48.98000000000407],[-6.16,48.98000000000407],[-6.16,49.000000000004064],[-6.08,49.000000000004064],[-6.08,49.02000000000406],[-5.92,49.02000000000406],[-5.92,49.08000000000406],[-5.9,49.08000000000406],[-5.9,49.16000000000406],[-5.859999999999999,49.16000000000406],[-5.859999999999999,49.180000000004064],[-5.799999999999999,49.180000000004064],[-5.799999999999999,49.20000000000407],[-5.779999999999999,49.20000000000407],[-5.779999999999999,49.240000000004066],[-5.74,49.240000000004066],[-5.74,49.26000000000406],[-5.640000000000001,49.26000000000406],[-5.640000000000001,49.280000000004065],[-5.6,49.280000000004065],[-5.6,49.30000000000406],[-5.58,49.30000000000406],[-5.58,49.320000000004065],[-5.539999999999999,49.320000000004065],[-5.539999999999999,49.34000000000407],[-5.48,49.34000000000407],[-5.48,49.360000000004064],[-5.459999999999999,49.360000000004064],[-5.459999999999999,49.40000000000406],[-5.42,49.40000000000406],[-5.42,49.420000000004066],[-5.359999999999999,49.420000000004066],[-5.359999999999999,49.44000000000406],[-5.34,49.44000000000406],[-5.34,49.56000000000407],[-5.299999999999999,49.56000000000407],[-5.299999999999999,49.600000000004066],[-5.279999999999999,49.600000000004066],[-5.279999999999999,49.680000000004064],[-5.299999999999999,49.680000000004064],[-5.299999999999999,49.780000000004065],[-5.34,49.780000000004065],[-5.34,49.80000000000406],[-5.359999999999999,49.80000000000406],[-5.359999999999999,49.98000000000407],[-5.34,49.98000000000407],[-5.34,50.000000000004064],[-5.219999999999999,50.000000000004064],[-5.219999999999999,49.98000000000407],[-5.16,49.98000000000407],[-5.16,50.02000000000406],[-5.02,50.02000000000406],[-5.02,49.98000000000407],[-4.98,49.98000000000407],[-4.98,49.94000000000406],[-4.960000000000001,49.94000000000406],[-4.960000000000001,49.88000000000406],[-4.940000000000001,49.88000000000406],[-4.940000000000001,49.84000000000407],[-4.899999999999999,49.84000000000407],[-4.899999999999999,49.820000000004065],[-4.84,49.820000000004065],[-4.84,49.80000000000406],[-4.82,49.80000000000406],[-4.82,49.780000000004065],[-4.780000000000001,49.780000000004065],[-4.780000000000001,49.76000000000406],[-4.699999999999999,49.76000000000406],[-4.699999999999999,49.740000000004066],[-4.600000000000001,49.740000000004066],[-4.600000000000001,49.72000000000406],[-4.419999999999998,49.72000000000406],[-4.419999999999998,49.740000000004066],[-4.399999999999999,49.740000000004066],[-4.399999999999999,49.72000000000406],[-4.300000000000001,49.72000000000406],[-4.300000000000001,49.740000000004066],[-4.239999999999998,49.740000000004066],[-4.239999999999998,49.76000000000406],[-4.16,49.76000000000406],[-4.16,49.780000000004065],[-4.120000000000001,49.780000000004065],[-4.100000000000001,49.820000000004065],[-4.059999999999999,49.820000000004065],[-4.059999999999999,49.90000000000406],[-4.039999999999999,49.90000000000406],[-4.039999999999999,49.94000000000406],[-4.0,49.94000000000406],[-4.0,50.02000000000406],[-3.9800000000000004,50.02000000000406],[-3.9800000000000004,50.180000000004064],[-3.9400000000000013,50.180000000004064],[-3.9400000000000013,50.22000000000406],[-3.919999999999998,50.22000000000406],[-3.919999999999998,50.240000000004066],[-3.879999999999999,50.240000000004066],[-3.8599999999999994,50.280000000004065],[-3.6799999999999997,50.280000000004065],[-3.6799999999999997,50.26000000000406],[-3.620000000000001,50.26000000000406],[-3.620000000000001,50.34000000000407],[-3.5,50.34000000000407],[-3.5,50.38000000000406],[-3.460000000000001,50.38000000000406],[-3.460000000000001,50.360000000004064],[-3.3999999999999986,50.360000000004064],[-3.3999999999999986,50.34000000000407],[-3.2399999999999984,50.34000000000407],[-3.2399999999999984,50.360000000004064],[-3.1799999999999997,50.360000000004064],[-3.1799999999999997,50.38000000000406],[-3.0799999999999983,50.38000000000406],[-3.0599999999999987,50.420000000004066],[-2.960000000000001,50.420000000004066],[-2.960000000000001,50.44000000000406],[-2.8999999999999986,50.44000000000406],[-2.879999999999999,50.48000000000407],[-2.8200000000000003,50.48000000000407],[-2.8000000000000007,50.52000000000406],[-2.759999999999998,50.52000000000406],[-2.7399999999999984,50.56000000000407],[-2.6799999999999997,50.56000000000407],[-2.6799999999999997,50.58000000000406],[-2.6400000000000006,50.58000000000406],[-2.6400000000000006,50.600000000004066],[-2.620000000000001,50.600000000004066],[-2.620000000000001,50.58000000000406],[-2.5,50.58000000000406],[-2.5,50.62000000000406],[-2.419999999999998,50.62000000000406],[-2.419999999999998,50.54000000000406],[-2.34,50.54000000000406],[-2.34,50.56000000000407],[-2.16,50.56000000000407],[-2.1400000000000006,50.600000000004066],[-2.099999999999998,50.600000000004066],[-2.099999999999998,50.58000000000406],[-2.0,50.58000000000406],[-2.0,50.62000000000406],[-1.879999999999999,50.62000000000406],[-1.879999999999999,50.640000000004065],[-1.8399999999999999,50.640000000004065],[-1.8399999999999999,50.66000000000406],[-1.6999999999999993,50.66000000000406],[-1.6999999999999993,50.640000000004065],[-1.4600000000000009,50.640000000004065],[-1.4600000000000009,50.600000000004066],[-1.3999999999999986,50.600000000004066],[-1.3999999999999986,50.62000000000406],[-1.1600000000000001,50.62000000000406],[-1.1600000000000001,50.640000000004065],[-1.0999999999999979,50.640000000004065],[-1.0999999999999979,50.66000000000406],[-0.9600000000000009,50.66000000000406],[-0.9600000000000009,50.680000000004064],[-0.9199999999999982,50.680000000004064],[-0.9199999999999982,50.70000000000407],[-0.8000000000000007,50.70000000000407],[-0.8000000000000007,50.72000000000406],[-0.759999999999998,50.70000000000407],[-0.759999999999998,50.680000000004064],[-0.6999999999999993,50.680000000004064],[-0.6999999999999993,50.70000000000407],[-0.6600000000000001,50.70000000000407],[-0.6600000000000001,50.72000000000406],[-0.5399999999999991,50.72000000000406],[-0.5199999999999996,50.76000000000406],[-0.4800000000000004,50.76000000000406],[-0.4800000000000004,50.80000000000406],[-0.46000000000000085,50.80000000000406],[-0.46000000000000085,50.740000000004066],[-0.3200000000000003,50.740000000004066],[-0.3200000000000003,50.72000000000406],[-0.259999999999998,50.72000000000406],[-0.259999999999998,50.70000000000407],[-0.17999999999999972,50.70000000000407],[-0.17999999999999972,50.72000000000406],[0.0,50.72000000000406],[0.0,50.740000000004066],[0.26000000000000156,50.740000000004066],[0.26000000000000156,50.80000000000406],[0.3200000000000003,50.80000000000406],[0.3200000000000003,50.860000000004064],[0.35999999999999943,50.84000000000407],[0.35999999999999943,50.780000000004065],[0.7800000000000011,50.780000000004065],[0.7800000000000011,50.820000000004065],[0.8200000000000003,50.820000000004065],[0.8200000000000003,50.84000000000407],[0.8399999999999999,50.84000000000407],[0.8399999999999999,50.90000000000406],[0.7199999999999989,50.90000000000406],[0.7199999999999989,50.920000000004066],[0.6999999999999993,50.920000000004066],[0.6999999999999993,50.960000000004065],[0.7199999999999989,50.960000000004065],[0.7199999999999989,50.98000000000407],[0.7600000000000016,50.98000000000407],[0.7600000000000016,51.04000000000406],[0.7800000000000011,51.04000000000406],[0.7800000000000011,50.98000000000407],[0.879999999999999,50.98000000000407],[0.9000000000000021,51.100000000004066],[1.0399999999999991,51.100000000004066],[1.0399999999999991,51.02000000000406],[1.120000000000001,51.02000000000406],[1.120000000000001,51.04000000000406],[1.1799999999999997,51.04000000000406],[1.1799999999999997,51.12000000000406],[1.3000000000000007,51.12000000000406],[1.3000000000000007,51.180000000004064],[1.4200000000000017,51.180000000004064],[1.4200000000000017,51.40000000000406],[1.3399999999999999,51.40000000000406],[1.3399999999999999,51.38000000000406],[1.240000000000002,51.38000000000406],[1.240000000000002,51.420000000004066],[1.0800000000000018,51.420000000004066],[1.0800000000000018,51.44000000000406],[1.0,51.44000000000406],[1.0,51.460000000004065],[0.9400000000000013,51.460000000004065],[0.9400000000000013,51.48000000000407],[0.9000000000000021,51.48000000000407],[0.9000000000000021,51.56000000000407],[1.0,51.56000000000407],[1.0199999999999996,51.600000000004066],[1.1600000000000001,51.600000000004066],[1.1600000000000001,51.58000000000406],[1.1999999999999993,51.58000000000406],[1.1999999999999993,51.500000000004064],[1.3200000000000003,51.52000000000406],[1.3200000000000003,51.58000000000406],[1.240000000000002,51.58000000000406],[1.240000000000002,51.740000000004066],[1.1999999999999993,51.740000000004066],[1.1999999999999993,51.780000000004065],[1.3000000000000007,51.780000000004065],[1.3000000000000007,51.820000000004065],[1.379999999999999,51.820000000004065],[1.379999999999999,51.88000000000406],[1.4200000000000017,51.88000000000406],[1.4200000000000017,51.90000000000406],[1.4600000000000009,51.90000000000406]],[[1.3200000000000003,51.460000000004065],[1.379999999999999,51.460000000004065],[1.379999999999999,51.48000000000407],[1.4600000000000009,51.48000000000407],[1.4600000000000009,51.500000000004064],[1.5,51.500000000004064],[1.5,51.56000000000407],[1.4600000000000009,51.56000000000407],[1.4400000000000013,51.600000000004066],[1.379999999999999,51.600000000004066],[1.379999999999999,51.54000000000406],[1.3399999999999999,51.54000000000406],[1.3399999999999999,51.52000000000406],[1.3200000000000003,51.52000000000406],[1.3200000000000003,51.460000000004065]],[[-2.1799999999999997,49.16000000000406],[-2.1799999999999997,49.140000000004065],[-2.0599999999999987,49.140000000004065],[-2.0599999999999987,49.22000000000406],[-2.0799999999999983,49.22000000000406],[-2.0799999999999983,49.240000000004066],[-2.1999999999999993,49.22000000000406],[-2.1999999999999993,49.16000000000406],[-2.1799999999999997,49.16000000000406]]],[[[-2.759999999999998,51.52000000000406],[-2.759999999999998,51.54000000000406],[-2.8599999999999994,51.54000000000406],[-2.8599999999999994,51.56000000000407],[-2.879999999999999,51.56000000000407],[-2.879999999999999,51.58000000000406],[-2.759999999999998,51.58000000000406],[-2.759999999999998,51.600000000004066],[-2.7399999999999984,51.600000000004066],[-2.7399999999999984,51.52000000000406],[-2.759999999999998,51.52000000000406]]],[[[0.9400000000000013,53.0],[1.1399999999756147,53.0],[1.0199999999999996,52.98000000000407],[1.0199999999999996,52.960000000004065],[1.0,52.960000000004065],[1.0,52.98000000000407],[0.9400000000000013,52.98000000000407],[0.9400000000000013,53.0]]]]}},{"type":"Feature","properties":{"threshold_kt":2.0,"kind":"mask","atlas":"ATLNE","resolution_m":2000,"method":"max speed over 15 days hourly, all constituents","area_deg2":11.07},"geometry":{"type":"MultiPolygon","coordinates":[[[[-4.84,47.98000000000407],[-4.84,48.04000000000406],[-4.800000000000001,48.04000000000406],[-4.800000000000001,48.08000000000406],[-4.719999999999999,48.08000000000406],[-4.719999999999999,48.02000000000406],[-4.699999999999999,48.02000000000406],[-4.699999999999999,47.98000000000407],[-4.719999999999999,47.98000000000407],[-4.719999999999999,47.960000000004065],[-4.759999999999998,47.960000000004065],[-4.759999999999998,47.94000000000406],[-4.780000000000001,47.94000000000406],[-4.800000000000001,47.98000000000407],[-4.84,47.98000000000407]]],[[[-5.119999999999999,48.000000000004064],[-5.119999999999999,48.02000000000406],[-5.1,48.02000000000406],[-5.1,48.04000000000406],[-5.0600000000000005,48.04000000000406],[-5.0600000000000005,48.06000000000407],[-5.0,48.06000000000407],[-5.0,48.08000000000406],[-4.960000000000001,48.08000000000406],[-4.960000000000001,48.06000000000407],[-4.899999999999999,48.06000000000407],[-4.899999999999999,48.02000000000406],[-4.940000000000001,48.02000000000406],[-4.940000000000001,47.98000000000407],[-4.960000000000001,47.98000000000407],[-4.960000000000001,47.960000000004065],[-5.039999999999999,47.960000000004065],[-5.0600000000000005,48.000000000004064],[-5.119999999999999,48.000000000004064]]],[[[-4.579999999999998,48.320000000004065],[-4.579999999999998,48.30000000000406],[-4.600000000000001,48.30000000000406],[-4.600000000000001,48.360000000004064],[-4.620000000000001,48.360000000004064],[-4.620000000000001,48.38000000000406],[-4.539999999999999,48.38000000000406],[-4.539999999999999,48.320000000004065],[-4.579999999999998,48.320000000004065]]],[[[-5.299999999999999,49.920000000004066],[-5.299999999999999,49.98000000000407],[-5.279999999999999,49.98000000000407],[-5.279999999999999,50.000000000004064],[-5.26,50.000000000004064],[-5.26,49.98000000000407],[-5.119999999999999,49.98000000000407],[-5.119999999999999,50.02000000000406],[-5.1,50.02000000000406],[-5.1,50.000000000004064],[-5.08,50.000000000004064],[-5.08,49.98000000000407],[-5.1,49.98000000000407],[-5.1,49.94000000000406],[-5.139999999999999,49.94000000000406],[-5.16,49.90000000000406],[-5.279999999999999,49.90000000000406],[-5.279999999999999,49.920000000004066],[-5.299999999999999,49.920000000004066]]],[[[-5.76,50.08000000000406],[-5.76,50.02000000000406],[-5.719999999999999,50.02000000000406],[-5.719999999999999,50.000000000004064],[-5.76,50.000000000004064],[-5.76,49.98000000000407],[-5.799999999999999,50.000000000004064],[-5.799999999999999,50.06000000000407],[-5.779999999999999,50.06000000000407],[-5.779999999999999,50.08000000000406],[-5.76,50.08000000000406]]],[[[-5.74,50.240000000004066],[-5.719999999999999,50.280000000004065],[-5.699999999999999,50.280000000004065],[-5.699999999999999,50.30000000000406],[-5.619999999999999,50.30000000000406],[-5.619999999999999,50.280000000004065],[-5.58,50.280000000004065],[-5.58,50.240000000004066],[-5.619999999999999,50.240000000004066],[-5.619999999999999,50.22000000000406],[-5.68,50.22000000000406],[-5.68,50.180000000004064],[-5.779999999999999,50.180000000004064],[-5.779999999999999,50.240000000004066],[-5.74,50.240000000004066]]],[[[-4.579999999999998,51.06000000000407],[-4.579999999999998,51.04000000000406],[-4.539999999999999,51.04000000000406],[-4.539999999999999,51.02000000000406],[-4.579999999999998,51.02000000000406],[-4.579999999999998,50.98000000000407],[-4.620000000000001,51.000000000004064],[-4.620000000000001,51.04000000000406],[-4.600000000000001,51.04000000000406],[-4.600000000000001,51.06000000000407],[-4.579999999999998,51.06000000000407]]],[[[-4.02,51.640000000004065],[-4.02,51.62000000000406],[-4.039999999999999,51.62000000000406],[-4.039999999999999,51.640000000004065],[-4.100000000000001,51.640000000004065],[-4.100000000000001,51.680000000004064],[-3.9800000000000004,51.680000000004064],[-3.9800000000000004,51.640000000004065],[-4.02,51.640000000004065]]],[[[-4.66,52.860000000004064],[-4.640000000000001,52.860000000004064],[-4.640000000000001,52.780000000004065],[-4.66,52.780000000004065],[-4.66,52.740000000004066],[-4.699999999999999,52.740000000004066],[-4.699999999999999,52.72000000000406],[-4.780000000000001,52.72000000000406],[-4.780000000000001,52.70000000000407],[-4.82,52.70000000000407],[-4.82,52.54000000000406],[-4.84,52.54000000000406],[-4.84,52.52000000000406],[-4.879999999999999,52.52000000000406],[-4.879999999999999,52.48000000000407],[-4.899999999999999,52.48000000000407],[-4.899999999999999,52.40000000000406],[-4.879999999999999,52.40000000000406],[-4.879999999999999,52.38000000000406],[-4.84,52.38000000000406],[-4.84,52.320000000004065],[-4.82,52.320000000004065],[-4.82,52.280000000004065],[-4.780000000000001,52.280000000004065],[-4.780000000000001,52.240000000004066],[-4.759999999999998,52.240000000004066],[-4.759999999999998,52.22000000000406],[-4.719999999999999,52.22000000000406],[-4.719999999999999,52.16000000000406],[-4.82,52.16000000000406],[-4.82,52.140000000004065],[-4.84,52.140000000004065],[-4.84,52.100000000004066],[-4.960000000000001,52.100000000004066],[-4.960000000000001,52.08000000000406],[-4.98,52.08000000000406],[-4.98,52.02000000000406],[-5.039999999999999,52.02000000000406],[-5.039999999999999,52.000000000004064],[-5.16,52.000000000004064],[-5.16,51.920000000004066],[-5.219999999999999,51.920000000004066],[-5.219999999999999,51.88000000000406],[-5.26,51.88000000000406],[-5.26,51.820000000004065],[-5.219999999999999,51.820000000004065],[-5.219999999999999,51.780000000004065],[-5.139999999999999,51.780000000004065],[-5.139999999999999,51.72000000000406],[-5.16,51.72000000000406],[-5.16,51.66000000000406],[-5.139999999999999,51.66000000000406],[-5.139999999999999,51.640000000004065],[-5.039999999999999,51.640000000004065],[-5.039999999999999,51.680000000004064],[-4.960000000000001,51.680000000004064],[-4.960000000000001,51.640000000004065],[-4.899999999999999,51.640000000004065],[-4.879999999999999,51.600000000004066],[-4.84,51.600000000004066],[-4.84,51.54000000000406],[-4.899999999999999,51.54000000000406],[-4.899999999999999,51.52000000000406],[-5.1,51.52000000000406],[-5.1,51.500000000004064],[-5.119999999999999,51.500000000004064],[-5.119999999999999,51.52000000000406],[-5.32,51.52000000000406],[-5.32,51.500000000004064],[-5.34,51.500000000004064],[-5.34,51.52000000000406],[-5.459999999999999,51.52000000000406],[-5.459999999999999,51.54000000000406],[-5.52,51.54000000000406],[-5.52,51.56000000000407],[-5.6,51.56000000000407],[-5.6,51.58000000000406],[-5.699999999999999,51.58000000000406],[-5.699999999999999,51.600000000004066],[-5.74,51.600000000004066],[-5.74,51.62000000000406],[-5.84,51.62000000000406],[-5.859999999999999,51.66000000000406],[-5.92,51.66000000000406],[-5.92,51.680000000004064],[-5.98,51.680000000004064],[-5.98,51.70000000000407],[-6.02,51.70000000000407],[-6.02,51.72000000000406],[-6.140000000000001,51.740000000004066],[-6.140000000000001,51.76000000000406],[-6.16,51.76000000000406],[-6.16,51.80000000000406],[-6.199999999999999,51.80000000000406],[-6.219999999999999,51.84000000000407],[-6.26,51.84000000000407],[-6.26,51.860000000004064],[-6.32,51.860000000004064],[-6.32,51.80000000000406],[-6.299999999999999,51.80000000000406],[-6.299999999999999,51.780000000004065],[-6.26,51.780000000004065],[-6.26,51.76000000000406],[-6.34,51.76000000000406],[-6.34,51.780000000004065],[-6.42,51.80000000000406],[-6.42,51.84000000000407],[-6.459999999999999,51.84000000000407],[-6.459999999999999,51.860000000004064],[-6.48,51.860000000004064],[-6.48,51.90000000000406],[-6.52,51.90000000000406],[-6.539999999999999,51.94000000000406],[-6.58,51.94000000000406],[-6.6,51.98000000000407],[-6.640000000000001,51.98000000000407],[-6.640000000000001,52.000000000004064],[-6.66,52.000000000004064],[-6.66,52.06000000000407],[-6.699999999999999,52.06000000000407],[-6.699999999999999,52.12000000000406],[-6.66,52.12000000000406],[-6.66,52.16000000000406],[-6.640000000000001,52.16000000000406],[-6.640000000000001,52.22000000000406],[-6.34,52.22000000000406],[-6.34,52.30000000000406],[-6.32,52.30000000000406],[-6.32,52.40000000000406],[-6.26,52.40000000000406],[-6.26,52.52000000000406],[-6.199999999999999,52.52000000000406],[-6.199999999999999,52.62000000000406],[-6.16,52.62000000000406],[-6.140000000000001,52.740000000004066],[-6.1,52.740000000004066],[-6.1,52.780000000004065],[-6.08,52.780000000004065],[-6.08,52.860000000004064],[-6.02,52.860000000004064],[-6.02,53.0],[-4.66,53.0],[-4.66,52.94000000000406],[-4.640000000000001,52.94000000000406],[-4.640000000000001,52.920000000004066],[-4.66,52.920000000004066],[-4.66,52.860000000004064]]],[[[0.16000000000000014,49.48000000000407],[0.16000000000000014,49.460000000004065],[0.240000000000002,49.460000000004065],[0.240000000000002,49.40000000000406],[0.17999999999999972,49.40000000000406],[0.17999999999999972,49.38000000000406],[0.16000000000000014,49.38000000000406],[0.16000000000000014,49.44000000000406],[0.08000000000000185,49.44000000000406],[0.10000000000000142,49.48000000000407],[0.16000000000000014,49.48000000000407]]],[[[-3.5,49.48000000000407],[-3.5,49.500000000004064],[-3.539999999999999,49.500000000004064],[-3.539999999999999,49.58000000000406],[-3.5199999999999996,49.58000000000406],[-3.5199999999999996,49.56000000000407],[-3.460000000000001,49.56000000000407],[-3.460000000000001,49.54000000000406],[-3.419999999999998,49.54000000000406],[-3.419999999999998,49.52000000000406],[-3.3999999999999986,49.52000000000406],[-3.3999999999999986,49.500000000004064],[-3.4800000000000004,49.500000000004064],[-3.4800000000000004,49.48000000000407],[-3.5,49.48000000000407]]],[[[0.5199999999999996,50.48000000000407],[0.5199999999999996,50.44000000000406],[0.5399999999999991,50.44000000000406],[0.5399999999999991,50.420000000004066],[0.5800000000000018,50.420000000004066],[0.6000000000000014,50.38000000000406],[0.6600000000000001,50.38000000000406],[0.6600000000000001,50.360000000004064],[0.6999999999999993,50.360000000004064],[0.7199999999999989,50.320000000004065],[0.7800000000000011,50.320000000004065],[0.7800000000000011,50.30000000000406],[0.740000000000002,50.30000000000406],[0.740000000000002,50.240000000004066],[0.7800000000000011,50.240000000004066],[0.7800000000000011,50.180000000004064],[0.8599999999999994,50.140000000004065],[0.8599999999999994,50.100000000004066],[0.9000000000000021,50.100000000004066],[0.9000000000000021,50.06000000000407],[0.9600000000000009,50.06000000000407],[0.9600000000000009,50.02000000000406],[0.9800000000000004,50.02000000000406],[0.9800000000000004,49.94000000000406],[0.8599999999999994,49.94000000000406],[0.8599999999999994,49.920000000004066],[0.8000000000000007,49.920000000004066],[0.8000000000000007,49.88000000000406],[0.7199999999999989,49.88000000000406],[0.7199999999999989,49.84000000000407],[0.6600000000000001,49.84000000000407],[0.6600000000000001,49.820000000004065],[0.5800000000000018,49.820000000004065],[0.5800000000000018,49.80000000000406],[0.4800000000000004,49.80000000000406],[0.46000000000000085,49.76000000000406],[0.40000000000000213,49.76000000000406],[0.40000000000000213,49.740000000004066],[0.35999999999999943,49.740000000004066],[0.35999999999999943,49.72000000000406],[0.240000000000002,49.70000000000407],[0.240000000000002,49.680000000004064],[0.17999999999999972,49.680000000004064],[0.17999999999999972,49.66000000000406],[0.120000000000001,49.66000000000406],[0.120000000000001,49.640000000004065],[0.10000000000000142,49.640000000004065],[0.10000000000000142,49.66000000000406],[0.03999999999999915,49.66000000000406],[0.019999999999999574,49.70000000000407],[-0.16000000000000014,49.70000000000407],[-0.16000000000000014,49.72000000000406],[-0.259999999999998,49.72000000000406],[-0.28000000000000114,49.680000000004064],[-0.3200000000000003,49.680000000004064],[-0.3200000000000003,49.66000000000406],[-0.33999999999999986,49.66000000000406],[-0.33999999999999986,49.640000000004065],[-0.379999999999999,49.640000000004065],[-0.379999999999999,49.62000000000406],[-0.4400000000000013,49.62000000000406],[-0.4400000000000013,49.600000000004066],[-0.5599999999999987,49.600000000004066],[-0.5799999999999983,49.52000000000406],[-0.620000000000001,49.52000000000406],[-0.620000000000001,49.500000000004064],[-0.6400000000000006,49.500000000004064],[-0.6400000000000006,49.54000000000406],[-0.7199999999999989,49.54000000000406],[-0.7199999999999989,49.52000000000406],[-0.8200000000000003,49.52000000000406],[-0.8200000000000003,49.500000000004064],[-0.9800000000000004,49.500000000004064],[-0.9800000000000004,49.52000000000406],[-1.0399999999999991,49.52000000000406],[-1.0399999999999991,49.54000000000406],[-1.1600000000000001,49.54000000000406],[-1.1600000000000001,49.56000000000407],[-1.1999999999999993,49.56000000000407],[-1.1999999999999993,49.58000000000406],[-1.2199999999999989,49.58000000000406],[-1.2199999999999989,49.62000000000406],[-1.259999999999998,49.62000000000406],[-1.259999999999998,49.66000000000406],[-1.3399999999999999,49.66000000000406],[-1.3399999999999999,49.680000000004064],[-1.3999999999999986,49.680000000004064],[-1.3999999999999986,49.66000000000406],[-1.4199999999999982,49.66000000000406],[-1.4199999999999982,49.680000000004064],[-1.5799999999999983,49.680000000004064],[-1.5799999999999983,49.66000000000406],[-1.5999999999999979,49.66000000000406],[-1.5999999999999979,49.680000000004064],[-1.6799999999999997,49.680000000004064],[-1.6999999999999993,49.640000000004065],[-1.7800000000000011,49.640000000004065],[-1.7800000000000011,49.66000000000406],[-1.879999999999999,49.66000000000406],[-1.879999999999999,49.56000000000407],[-1.8599999999999994,49.56000000000407],[-1.8599999999999994,49.38000000000406],[-1.8000000000000007,49.38000000000406],[-1.8000000000000007,49.320000000004065],[-1.759999999999998,49.320000000004065],[-1.759999999999998,49.26000000000406],[-1.8200000000000003,49.26000000000406],[-1.8200000000000003,49.100000000004066],[-1.8000000000000007,49.100000000004066],[-1.8000000000000007,49.08000000000406],[-1.879999999999999,49.08000000000406],[-1.879999999999999,49.02000000000406],[-1.9199999999999982,49.02000000000406],[-1.9400000000000013,48.98000000000407],[-1.9800000000000004,48.98000000000407],[-1.9800000000000004,48.88000000000406],[-1.9400000000000013,48.88000000000406],[-1.9400000000000013,48.860000000004064],[-1.8200000000000003,48.860000000004064],[-1.8200000000000003,48.84000000000407],[-1.759999999999998,48.84000000000407],[-1.759999999999998,48.820000000004065],[-1.8000000000000007,48.820000000004065],[-1.8000000000000007,48.76000000000406],[-1.759999999999998,48.76000000000406],[-1.759999999999998,48.72000000000406],[-1.8000000000000007,48.72000000000406],[-1.8000000000000007,48.70000000000407],[-2.0199999999999996,48.70000000000407],[-2.0199999999999996,48.72000000000406],[-2.1999999999999993,48.72000000000406],[-2.1999999999999993,48.680000000004064],[-2.3200000000000003,48.680000000004064],[-2.3200000000000003,48.640000000004065],[-2.34,48.640000000004065],[-2.34,48.70000000000407],[-2.379999999999999,48.70000000000407],[-2.379999999999999,48.72000000000406],[-2.4400000000000013,48.72000000000406],[-2.4400000000000013,48.680000000004064],[-2.460000000000001,48.680000000004064],[-2.460000000000001,48.74000000000406],[-2.5199999999999996,48.74000000000406],[-2.5199999999999996,48.76000000000406],[-2.6999999999999993,48.76000000000406],[-2.6999999999999993,48.780000000004065],[-2.84,48.780000000004065],[-2.84,48.76000000000406],[-2.8999999999999986,48.76000000000406],[-2.8999999999999986,48.80000000000406],[-2.9400000000000013,48.80000000000406],[-2.9400000000000013,48.84000000000407],[-2.960000000000001,48.84000000000407],[-2.960000000000001,48.90000000000406],[-3.2399999999999984,48.90000000000406],[-3.2399999999999984,48.88000000000406],[-3.34,48.88000000000406],[-3.34,48.860000000004064],[-3.3999999999999986,48.860000000004064],[-3.3999999999999986,48.84000000000407],[-3.460000000000001,48.84000000000407],[-3.460000000000001,48.80000000000406],[-3.539999999999999,48.80000000000406],[-3.539999999999999,48.820000000004065],[-3.620000000000001,48.820000000004065],[-3.620000000000001,48.80000000000406],[-3.6400000000000006,48.80000000000406],[-3.6400000000000006,48.820000000004065],[-3.780000000000001,48.820000000004065],[-3.780000000000001,48.780000000004065],[-3.8000000000000007,48.780000000004065],[-3.8000000000000007,48.80000000000406],[-3.8599999999999994,48.80000000000406],[-3.8599999999999994,48.780000000004065],[-3.8999999999999986,48.780000000004065],[-3.919999999999998,48.74000000000406],[-4.140000000000001,48.74000000000406],[-4.140000000000001,48.72000000000406],[-4.259999999999998,48.72000000000406],[-4.259999999999998,48.70000000000407],[-4.359999999999999,48.70000000000407],[-4.359999999999999,48.680000000004064],[-4.48,48.680000000004064],[-4.48,48.66000000000406],[-4.579999999999998,48.66000000000406],[-4.579999999999998,48.640000000004065],[-4.600000000000001,48.640000000004065],[-4.600000000000001,48.600000000004066],[-4.699999999999999,48.600000000004066],[-4.699999999999999,48.56000000000407],[-4.759999999999998,48.56000000000407],[-4.759999999999998,48.52000000000406],[-4.82,48.52000000000406],[-4.82,48.500000000004064],[-4.879999999999999,48.500000000004064],[-4.879999999999999,48.48000000000407],[-4.899999999999999,48.48000000000407],[-4.899999999999999,48.54000000000406],[-4.98,48.54000000000406],[-4.98,48.460000000004065],[-4.940000000000001,48.460000000004065],[-4.940000000000001,48.40000000000406],[-4.899999999999999,48.40000000000406],[-4.899999999999999,48.38000000000406],[-4.84,48.38000000000406],[-4.84,48.44000000000406],[-4.780000000000001,48.44000000000406],[-4.780000000000001,48.30000000000406],[-4.800000000000001,48.30000000000406],[-4.800000000000001,48.320000000004065],[-4.919999999999998,48.320000000004065],[-4.919999999999998,48.360000000004064],[-4.960000000000001,48.360000000004064],[-4.960000000000001,48.44000000000406],[-5.02,48.44000000000406],[-5.02,48.360000000004064],[-5.039999999999999,48.360000000004064],[-5.039999999999999,48.34000000000407],[-5.139999999999999,48.34000000000407],[-5.139999999999999,48.320000000004065],[-5.299999999999999,48.320000000004065],[-5.299999999999999,48.34000000000407],[-5.4,48.34000000000407],[-5.42,48.38000000000406],[-5.459999999999999,48.38000000000406],[-5.459999999999999,48.40000000000406],[-5.48,48.40000000000406],[-5.48,48.44000000000406],[-5.52,48.44000000000406],[-5.52,48.66000000000406],[-5.48,48.66000000000406],[-5.48,48.74000000000406],[-5.42,48.74000000000406],[-5.4,48.780000000004065],[-5.359999999999999,48.780000000004065],[-5.359999999999999,48.820000000004065],[-5.34,48.820000000004065],[-5.34,48.84000000000407],[-5.279999999999999,48.84000000000407],[-5.279999999999999,48.860000000004064],[-5.24,48.860000000004064],[-5.24,48.88000000000406],[-5.16,48.88000000000406],[-5.16,48.90000000000406],[-5.119999999999999,48.90000000000406],[-5.1,48.94000000000406],[-5.0600000000000005,48.94000000000406],[-5.039999999999999,48.98000000000407],[-4.98,48.98000000000407],[-4.960000000000001,49.02000000000406],[-4.919999999999998,49.02000000000406],[-4.919999999999998,49.100000000004066],[-4.879999999999999,49.100000000004066],[-4.879999999999999,49.08000000000406],[-4.800000000000001,49.08000000000406],[-4.800000000000001,49.100000000004066],[-4.68,49.100000000004066],[-4.68,49.280000000004065],[-4.5,49.280000000004065],[-4.5,49.34000000000407],[-4.460000000000001,49.34000000000407],[-4.460000000000001,49.320000000004065],[-4.359999999999999,49.320000000004065],[-4.359999999999999,49.30000000000406],[-4.219999999999999,49.30000000000406],[-4.219999999999999,49.320000000004065],[-4.16,49.320000000004065],[-4.16,49.30000000000406],[-3.9800000000000004,49.30000000000406],[-3.9800000000000004,49.280000000004065],[-3.960000000000001,49.280000000004065],[-3.960000000000001,49.22000000000406],[-3.8200000000000003,49.22000000000406],[-3.8200000000000003,49.240000000004066],[-3.759999999999998,49.240000000004066],[-3.7399999999999984,49.280000000004065],[-3.6400000000000006,49.280000000004065],[-3.6400000000000006,49.30000000000406],[-3.5599999999999987,49.30000000000406],[-3.5599999999999987,49.320000000004065],[-3.4800000000000004,49.320000000004065],[-3.4800000000000004,49.34000000000407],[-3.4400000000000013,49.34000000000407],[-3.4400000000000013,49.360000000004064],[-3.379999999999999,49.360000000004064],[-3.3599999999999994,49.40000000000406],[-3.3200000000000003,49.40000000000406],[-3.3200000000000003,49.420000000004066],[-3.259999999999998,49.420000000004066],[-3.259999999999998,49.44000000000406],[-3.2399999999999984,49.44000000000406],[-3.2399999999999984,49.52000000000406],[-3.259999999999998,49.52000000000406],[-3.259999999999998,49.56000000000407],[-3.3000000000000007,49.56000000000407],[-3.3000000000000007,49.58000000000406],[-3.3200000000000003,49.58000000000406],[-3.3200000000000003,49.62000000000406],[-3.259999999999998,49.62000000000406],[-3.259999999999998,49.640000000004065],[-3.2399999999999984,49.640000000004065],[-3.2399999999999984,49.72000000000406],[-3.1999999999999993,49.72000000000406],[-3.1999999999999993,49.860000000004064],[-3.2399999999999984,49.860000000004064],[-3.2399999999999984,49.90000000000406],[-3.1999999999999993,49.90000000000406],[-3.1999999999999993,49.920000000004066],[-3.1799999999999997,49.920000000004066],[-3.1799999999999997,49.98000000000407],[-3.1999999999999993,49.98000000000407],[-3.1999999999999993,50.000000000004064],[-3.259999999999998,50.000000000004064],[-3.259999999999998,50.08000000000406],[-3.219999999999999,50.06000000000407],[-3.219999999999999,50.02000000000406],[-3.120000000000001,50.02000000000406],[-3.120000000000001,50.16000000000406],[-3.0799999999999983,50.16000000000406],[-3.0799999999999983,50.180000000004064],[-3.0599999999999987,50.180000000004064],[-3.039999999999999,50.140000000004065],[-2.960000000000001,50.140000000004065],[-2.960000000000001,50.280000000004065],[-2.9400000000000013,50.280000000004065],[-2.9400000000000013,50.320000000004065],[-2.879999999999999,50.320000000004065],[-2.879999999999999,50.30000000000406],[-2.8000000000000007,50.30000000000406],[-2.8000000000000007,50.34000000000407],[-2.759999999999998,50.34000000000407],[-2.7399999999999984,50.38000000000406],[-2.6999999999999993,50.38000000000406],[-2.6799999999999997,50.460000000004065],[-2.6400000000000006,50.460000000004065],[-2.620000000000001,50.500000000004064],[-2.5799999999999983,50.500000000004064],[-2.5799999999999983,50.54000000000406],[-2.460000000000001,50.54000000000406],[-2.460000000000001,50.62000000000406],[-2.4400000000000013,50.62000000000406],[-2.4400000000000013,50.54000000000406],[-1.9600000000000009,50.56000000000407],[-1.9600000000000009,50.600000000004066],[-1.9400000000000013,50.600000000004066],[-1.9400000000000013,50.62000000000406],[-1.6999999999999993,50.62000000000406],[-1.6999999999999993,50.600000000004066],[-1.5399999999999991,50.600000000004066],[-1.5399999999999991,50.62000000000406],[-1.5,50.62000000000406],[-1.5,50.600000000004066],[-1.379999999999999,50.600000000004066],[-1.379999999999999,50.62000000000406],[-0.9600000000000009,50.62000000000406],[-0.9600000000000009,50.640000000004065],[-0.8999999999999986,50.640000000004065],[-0.8999999999999986,50.66000000000406],[-0.759999999999998,50.66000000000406],[-0.759999999999998,50.640000000004065],[-0.6999999999999993,50.640000000004065],[-0.6799999999999997,50.600000000004066],[-0.6400000000000006,50.600000000004066],[-0.6400000000000006,50.58000000000406],[-0.5799999999999983,50.58000000000406],[-0.5799999999999983,50.66000000000406],[-0.4400000000000013,50.66000000000406],[-0.4400000000000013,50.640000000004065],[-0.35999999999999943,50.640000000004065],[-0.35999999999999943,50.680000000004064],[-0.33999999999999986,50.680000000004064],[-0.33999999999999986,50.66000000000406],[-0.259999999999998,50.66000000000406],[-0.259999999999998,50.640000000004065],[-0.21999999999999886,50.640000000004065],[-0.1999999999999993,50.600000000004066],[-0.03999999999999915,50.600000000004066],[-0.03999999999999915,50.62000000000406],[0.019999999999999574,50.62000000000406],[0.019999999999999574,50.640000000004065],[0.10000000000000142,50.640000000004065],[0.10000000000000142,50.680000000004064],[0.14000000000000057,50.680000000004064],[0.14000000000000057,50.72000000000406],[0.16000000000000014,50.72000000000406],[0.16000000000000014,50.740000000004066],[0.33999999999999986,50.740000000004066],[0.33999999999999986,50.820000000004065],[0.35999999999999943,50.820000000004065],[0.35999999999999943,50.76000000000406],[0.4800000000000004,50.740000000004066],[0.4800000000000004,50.70000000000407],[0.5199999999999996,50.70000000000407],[0.5199999999999996,50.62000000000406],[0.4800000000000004,50.62000000000406],[0.4800000000000004,50.48000000000407],[0.5199999999999996,50.48000000000407]],[[-3.0799999999999983,49.56000000000407],[-3.1799999999999997,49.56000000000407],[-3.1799999999999997,49.54000000000406],[-3.219999999999999,49.54000000000406],[-3.219999999999999,49.460000000004065],[-3.16,49.460000000004065],[-3.16,49.44000000000406],[-3.0799999999999983,49.44000000000406],[-3.0799999999999983,49.48000000000407],[-3.0599999999999987,49.48000000000407],[-3.0599999999999987,49.54000000000406],[-3.0799999999999983,49.54000000000406],[-3.0799999999999983,49.56000000000407]],[[-2.5,49.54000000000406],[-2.539999999999999,49.54000000000406],[-2.539999999999999,49.500000000004064],[-2.620000000000001,49.500000000004064],[-2.620000000000001,49.420000000004066],[-2.5199999999999996,49.420000000004066],[-2.5199999999999996,49.48000000000407],[-2.4400000000000013,49.48000000000407],[-2.4400000000000013,49.56000000000407],[-2.5,49.56000000000407],[-2.5,49.54000000000406]],[[-2.8599999999999994,49.460000000004065],[-2.9400000000000013,49.460000000004065],[-2.9400000000000013,49.44000000000406],[-3.0,49.44000000000406],[-3.0,49.38000000000406],[-2.9800000000000004,49.38000000000406],[-2.9800000000000004,49.34000000000407],[-2.8999999999999986,49.34000000000407],[-2.879999999999999,49.38000000000406],[-2.8200000000000003,49.38000000000406],[-2.8200000000000003,49.44000000000406],[-2.8599999999999994,49.44000000000406],[-2.8599999999999994,49.460000000004065]],[[-2.1400000000000006,49.38000000000406],[-2.1799999999999997,49.38000000000406],[-2.1799999999999997,49.34000000000407],[-2.1999999999999993,49.34000000000407],[-2.1999999999999993,49.280000000004065],[-2.1400000000000006,49.280000000004065],[-2.1400000000000006,49.30000000000406],[-2.0199999999999996,49.30000000000406],[-2.0199999999999996,49.40000000000406],[-2.1400000000000006,49.40000000000406],[-2.1400000000000006,49.38000000000406]],[[-2.3999999999999986,49.26000000000406],[-2.4400000000000013,49.26000000000406],[-2.460000000000001,49.30000000000406],[-2.5,49.30000000000406],[-2.5,49.34000000000407],[-2.5599999999999987,49.34000000000407],[-2.5599999999999987,49.320000000004065],[-2.599999999999998,49.320000000004065],[-2.599999999999998,49.22000000000406],[-2.5599999999999987,49.22000000000406],[-2.5599999999999987,49.20000000000407],[-2.539999999999999,49.20000000000407],[-2.539999999999999,49.180000000004064],[-2.460000000000001,49.180000000004064],[-2.460000000000001,49.20000000000407],[-2.3999999999999986,49.20000000000407],[-2.3999999999999986,49.26000000000406]],[[-2.2399999999999984,49.16000000000406],[-2.1999999999999993,49.16000000000406],[-2.1999999999999993,49.140000000004065],[-2.120000000000001,49.140000000004065],[-2.120000000000001,49.12000000000406],[-2.0,49.12000000000406],[-2.0,49.22000000000406],[-2.0799999999999983,49.22000000000406],[-2.0799999999999983,49.240000000004066],[-2.2399999999999984,49.240000000004066],[-2.2399999999999984,49.16000000000406]],[[-2.0599999999999987,48.98000000000407],[-2.1400000000000006,48.98000000000407],[-2.1400000000000006,48.920000000004066],[-2.0599999999999987,48.920000000004066],[-2.0599999999999987,48.98000000000407]]],[[[-3.8599999999999994,50.20000000000407],[-3.8599999999999994,50.280000000004065],[-3.7399999999999984,50.280000000004065],[-3.7399999999999984,50.22000000000406],[-3.719999999999999,50.22000000000406],[-3.719999999999999,50.20000000000407],[-3.6799999999999997,50.20000000000407],[-3.6799999999999997,50.140000000004065],[-3.8000000000000007,50.12000000000406],[-3.8200000000000003,50.16000000000406],[-3.879999999999999,50.16000000000406],[-3.879999999999999,50.20000000000407],[-3.8599999999999994,50.20000000000407]]],[[[-3.620000000000001,50.280000000004065],[-3.620000000000001,50.30000000000406],[-3.5799999999999983,50.30000000000406],[-3.5799999999999983,50.320000000004065],[-3.5599999999999987,50.320000000004065],[-3.5599999999999987,50.280000000004065],[-3.5,50.280000000004065],[-3.5,50.360000000004064],[-3.4800000000000004,50.360000000004064],[-3.4800000000000004,50.26000000000406],[-3.460000000000001,50.26000000000406],[-3.460000000000001,50.240000000004066],[-3.419999999999998,50.240000000004066],[-3.419999999999998,50.20000000000407],[-3.460000000000001,50.20000000000407],[-3.460000000000001,50.180000000004064],[-3.5799999999999983,50.180000000004064],[-3.5799999999999983,50.280000000004065],[-3.620000000000001,50.280000000004065]]],[[[-3.9400000000000013,51.420000000004066],[-3.9400000000000013,51.44000000000406],[-3.8200000000000003,51.44000000000406],[-3.8200000000000003,51.460000000004065],[-3.6799999999999997,51.460000000004065],[-3.6799999999999997,51.44000000000406],[-3.66,51.44000000000406],[-3.66,51.420000000004066],[-3.620000000000001,51.420000000004066],[-3.620000000000001,51.40000000000406],[-3.5599999999999987,51.40000000000406],[-3.539999999999999,51.44000000000406],[-3.419999999999998,51.44000000000406],[-3.419999999999998,51.40000000000406],[-3.3599999999999994,51.40000000000406],[-3.3599999999999994,51.44000000000406],[-3.34,51.44000000000406],[-3.34,51.40000000000406],[-3.3000000000000007,51.40000000000406],[-3.3000000000000007,51.38000000000406],[-3.2399999999999984,51.38000000000406],[-3.2399999999999984,51.44000000000406],[-3.1799999999999997,51.44000000000406],[-3.1799999999999997,51.420000000004066],[-3.0799999999999983,51.420000000004066],[-3.0799999999999983,51.48000000000407],[-2.919999999999998,51.48000000000407],[-2.919999999999998,51.44000000000406],[-2.9400000000000013,51.44000000000406],[-2.9400000000000013,51.40000000000406],[-2.9800000000000004,51.40000000000406],[-2.9800000000000004,51.38000000000406],[-3.0599999999999987,51.38000000000406],[-3.0599999999999987,51.280000000004065],[-3.120000000000001,51.280000000004065],[-3.120000000000001,51.26000000000406],[-3.1799999999999997,51.26000000000406],[-3.1799999999999997,51.240000000004066],[-3.219999999999999,51.240000000004066],[-3.219999999999999,51.180000000004064],[-3.4800000000000004,51.180000000004064],[-3.4800000000000004,51.22000000000406],[-3.5599999999999987,51.22000000000406],[-3.5599999999999987,51.20000000000407],[-3.5799999999999983,51.20000000000407],[-3.5799999999999983,51.22000000000406],[-3.9800000000000004,51.22000000000406],[-3.9800000000000004,51.240000000004066],[-4.079999999999998,51.240000000004066],[-4.079999999999998,51.22000000000406],[-4.100000000000001,51.22000000000406],[-4.100000000000001,51.180000000004064],[-4.300000000000001,51.180000000004064],[-4.300000000000001,51.16000000000406],[-4.359999999999999,51.16000000000406],[-4.359999999999999,51.180000000004064],[-4.419999999999998,51.180000000004064],[-4.440000000000001,51.22000000000406],[-4.48,51.22000000000406],[-4.5,51.26000000000406],[-4.539999999999999,51.26000000000406],[-4.539999999999999,51.40000000000406],[-4.5,51.40000000000406],[-4.5,51.44000000000406],[-4.48,51.44000000000406],[-4.48,51.460000000004065],[-4.440000000000001,51.460000000004065],[-4.440000000000001,51.500000000004064],[-4.419999999999998,51.500000000004064],[-4.419999999999998,51.52000000000406],[-4.379999999999999,51.52000000000406],[-4.379999999999999,51.54000000000406],[-4.32,51.54000000000406],[-4.300000000000001,51.58000000000406],[-4.16,51.58000000000406],[-4.140000000000001,51.54000000000406],[-4.100000000000001,51.54000000000406],[-4.100000000000001,51.500000000004064],[-4.079999999999998,51.500000000004064],[-4.079999999999998,51.460000000004065],[-4.039999999999999,51.460000000004065],[-4.02,51.420000000004066],[-3.9400000000000013,51.420000000004066]]],[[[1.0399999999999991,51.500000000004064],[0.9400000000000013,51.500000000004064],[0.9400000000000013,51.54000000000406],[1.0599999999999987,51.54000000000406],[1.0599999999999987,51.56000000000407],[1.0800000000000018,51.56000000000407],[1.0800000000000018,51.52000000000406],[1.0399999999999991,51.52000000000406],[1.0399999999999991,51.500000000004064]]],[[[2.620000000000001,52.98000000000407],[2.620000000000001,52.920000000004066],[2.6400000000000006,52.920000000004066],[2.6400000000000006,52.90000000000406],[2.6799999999999997,52.90000000000406],[2.6799999999999997,52.860000000004064],[2.6999999999999993,52.860000000004064],[2.6999999999999993,52.84000000000407],[2.7600000000000016,52.84000000000407],[2.7600000000000016,52.820000000004065],[2.879999999999999,52.80000000000406],[2.8599999999999994,52.76000000000406],[2.7600000000000016,52.76000000000406],[2.7600000000000016,52.70000000000407],[2.8000000000000007,52.70000000000407],[2.8200000000000003,52.66000000000406],[2.960000000000001,52.66000000000406],[2.960000000000001,52.640000000004065],[3.0,52.640000000004065],[3.0,52.58000000000406],[3.0,52.52000000000406],[2.879999999999999,52.52000000000406],[2.8599999999999994,52.48000000000407],[2.740000000000002,52.48000000000407],[2.740000000000002,52.460000000004065],[2.6799999999999997,52.460000000004065],[2.6799999999999997,52.40000000000406],[2.6999999999999993,52.40000000000406],[2.6999999999999993,52.38000000000406],[2.8200000000000003,52.38000000000406],[2.8200000000000003,52.360000000004064],[2.8599999999999994,52.360000000004064],[2.8599999999999994,52.34000000000407],[2.8200000000000003,52.34000000000407],[2.8200000000000003,52.320000000004065],[2.6999999999999993,52.320000000004065],[2.6999999999999993,52.30000000000406],[2.620000000000001,52.30000000000406],[2.620000000000001,52.26000000000406],[2.580000000000002,52.26000000000406],[2.580000000000002,52.20000000000407],[2.6400000000000006,52.20000000000407],[2.6400000000000006,52.16000000000406],[2.6799999999999997,52.16000000000406],[2.6799999999999997,52.140000000004065],[2.6999999999999993,52.140000000004065],[2.6999999999999993,52.100000000004066],[2.740000000000002,52.100000000004066],[2.740000000000002,52.06000000000407],[2.7600000000000016,52.06000000000407],[2.7600000000000016,52.04000000000406],[2.8200000000000003,52.04000000000406],[2.8200000000000003,52.02000000000406],[2.900000000000002,52.02000000000406],[2.900000000000002,52.000000000004064],[2.960000000000001,52.000000000004064],[2.960000000000001,51.98000000000407],[3.0,51.98000000000407],[3.0,51.860000000004064],[3.0,51.740000000004066],[2.9400000000000013,51.740000000004066],[2.9400000000000013,51.72000000000406],[2.900000000000002,51.72000000000406],[2.879999999999999,51.680000000004064],[2.8599999999999994,51.680000000004064],[2.8599999999999994,51.70000000000407],[2.740000000000002,51.70000000000407],[2.740000000000002,51.680000000004064],[2.6999999999999993,51.680000000004064],[2.6999999999999993,51.62000000000406],[2.740000000000002,51.62000000000406],[2.7600000000000016,51.58000000000406],[2.8000000000000007,51.58000000000406],[2.8000000000000007,51.56000000000407],[2.8200000000000003,51.56000000000407],[2.8200000000000003,51.54000000000406],[2.8599999999999994,51.54000000000406],[2.879999999999999,51.460000000004065],[2.900000000000002,51.460000000004065],[2.900000000000002,51.44000000000406],[2.9400000000000013,51.44000000000406],[2.9400000000000013,51.420000000004066],[2.8200000000000003,51.44000000000406],[2.8200000000000003,51.360000000004064],[2.7600000000000016,51.360000000004064],[2.7600000000000016,51.30000000000406],[2.580000000000002,51.30000000000406],[2.580000000000002,51.26000000000406],[2.400000000000002,51.26000000000406],[2.400000000000002,51.240000000004066],[2.379999999999999,51.240000000004066],[2.379999999999999,51.100000000004066],[2.4400000000000013,51.100000000004066],[2.4400000000000013,51.06000000000407],[2.4200000000000017,51.06000000000407],[2.4200000000000017,51.08000000000406],[2.3599999999999994,51.08000000000406],[2.3599999999999994,51.12000000000406],[2.3200000000000003,51.12000000000406],[2.3000000000000007,51.16000000000406],[2.1999999999999993,51.16000000000406],[2.1999999999999993,51.06000000000407],[2.0599999999999987,51.06000000000407],[2.0599999999999987,51.04000000000406],[2.0199999999999996,51.04000000000406],[2.0,51.000000000004064],[1.9600000000000009,51.000000000004064],[1.9400000000000013,50.960000000004065],[1.9000000000000021,50.960000000004065],[1.9000000000000021,50.94000000000406],[1.8399999999999999,50.94000000000406],[1.8399999999999999,50.920000000004066],[1.7600000000000016,50.920000000004066],[1.7600000000000016,50.90000000000406],[1.6999999999999993,50.90000000000406],[1.6999999999999993,50.88000000000406],[1.6600000000000001,50.88000000000406],[1.6600000000000001,50.860000000004064],[1.5800000000000018,50.860000000004064],[1.5800000000000018,50.80000000000406],[1.5399999999999991,50.80000000000406],[1.5399999999999991,50.740000000004066],[1.5800000000000018,50.740000000004066],[1.5800000000000018,50.72000000000406],[1.5399999999999991,50.72000000000406],[1.5399999999999991,50.62000000000406],[1.5199999999999996,50.62000000000406],[1.5199999999999996,50.54000000000406],[1.4800000000000004,50.54000000000406],[1.4800000000000004,50.500000000004064],[1.4600000000000009,50.500000000004064],[1.4600000000000009,50.52000000000406],[1.3399999999999999,50.52000000000406],[1.3399999999999999,50.500000000004064],[1.3200000000000003,50.500000000004064],[1.3200000000000003,50.58000000000406],[1.240000000000002,50.58000000000406],[1.240000000000002,50.600000000004066],[1.2600000000000016,50.600000000004066],[1.2600000000000016,50.680000000004064],[1.240000000000002,50.680000000004064],[1.240000000000002,50.70000000000407],[1.0800000000000018,50.70000000000407],[1.0800000000000018,50.72000000000406],[1.0599999999999987,50.72000000000406],[1.0599999999999987,50.780000000004065],[1.0199999999999996,50.780000000004065],[1.0,50.820000000004065],[0.9600000000000009,50.820000000004065],[0.9600000000000009,50.94000000000406],[0.8399999999999999,50.920000000004066],[0.8399999999999999,50.90000000000406],[0.7199999999999989,50.90000000000406],[0.7199999999999989,50.94000000000406],[0.7800000000000011,50.94000000000406],[0.7800000000000011,50.960000000004065],[0.9000000000000021,50.960000000004065],[0.9000000000000021,51.04000000000406],[0.9400000000000013,51.04000000000406],[0.9400000000000013,51.100000000004066],[1.0199999999999996,51.100000000004066],[1.0199999999999996,51.08000000000406],[1.0399999999999991,51.08000000000406],[1.0399999999999991,51.04000000000406],[1.0199999999999996,51.04000000000406],[1.0199999999999996,50.960000000004065],[1.120000000000001,50.960000000004065],[1.120000000000001,50.98000000000407],[1.1400000000000006,50.98000000000407],[1.1400000000000006,51.02000000000406],[1.1799999999999997,51.02000000000406],[1.1999999999999993,51.06000000000407],[1.240000000000002,51.06000000000407],[1.240000000000002,51.100000000004066],[1.3599999999999994,51.100000000004066],[1.3599999999999994,51.180000000004064],[1.4400000000000013,51.180000000004064],[1.4400000000000013,51.30000000000406],[1.4200000000000017,51.30000000000406],[1.4200000000000017,51.360000000004064],[1.4400000000000013,51.360000000004064],[1.4400000000000013,51.40000000000406],[1.4600000000000009,51.40000000000406],[1.4600000000000009,51.420000000004066],[1.5,51.420000000004066],[1.5,51.44000000000406],[1.5599999999999987,51.44000000000406],[1.5800000000000018,51.48000000000407],[1.620000000000001,51.48000000000407],[1.620000000000001,51.500000000004064],[1.6400000000000006,51.500000000004064],[1.6400000000000006,51.56000000000407],[1.620000000000001,51.56000000000407],[1.620000000000001,51.600000000004066],[1.5599999999999987,51.600000000004066],[1.5599999999999987,51.62000000000406],[1.5199999999999996,51.62000000000406],[1.5199999999999996,51.640000000004065],[1.5599999999999987,51.640000000004065],[1.5599999999999987,51.70000000000407],[1.5199999999999996,51.70000000000407],[1.5,51.740000000004066],[1.4400000000000013,51.740000000004066],[1.4400000000000013,51.76000000000406],[1.4200000000000017,51.76000000000406],[1.4200000000000017,51.80000000000406],[1.4400000000000013,51.80000000000406],[1.4400000000000013,51.860000000004064],[1.4600000000000009,51.860000000004064],[1.4600000000000009,51.88000000000406],[1.5199999999999996,51.88000000000406],[1.5199999999999996,51.90000000000406],[1.5599999999999987,51.90000000000406],[1.5599999999999987,51.960000000004065],[1.620000000000001,51.960000000004065],[1.620000000000001,51.98000000000407],[1.6400000000000006,51.98000000000407],[1.6400000000000006,52.08000000000406],[1.620000000000001,52.08000000000406],[1.620000000000001,52.100000000004066],[1.6400000000000006,52.100000000004066],[1.6400000000000006,52.140000000004065],[1.6799999999999997,52.140000000004065],[1.6799999999999997,52.22000000000406],[1.6400000000000006,52.22000000000406],[1.6400000000000006,52.26000000000406],[1.6799999999999997,52.26000000000406],[1.6799999999999997,52.280000000004065],[1.740000000000002,52.280000000004065],[1.740000000000002,52.320000000004065],[1.7600000000000016,52.320000000004065],[1.7600000000000016,52.58000000000406],[1.740000000000002,52.58000000000406],[1.740000000000002,52.600000000004066],[1.7600000000000016,52.600000000004066],[1.7600000000000016,52.680000000004064],[1.740000000000002,52.680000000004064],[1.740000000000002,52.72000000000406],[1.6999999999999993,52.72000000000406],[1.6999999999999993,52.80000000000406],[1.6400000000000006,52.80000000000406],[1.6400000000000006,52.84000000000407],[1.5,52.84000000000407],[1.5,52.88000000000406],[1.4600000000000009,52.88000000000406],[1.4600000000000009,52.920000000004066],[1.4400000000000013,52.920000000004066],[1.4400000000000013,52.94000000000406],[1.3200000000000003,52.94000000000406],[1.3200000000000003,52.920000000004066],[1.3000000000000007,52.920000000004066],[1.3000000000000007,52.960000000004065],[1.2600000000000016,52.960000000004065],[1.2500000000010179,53.0],[2.34,53.0],[2.34,52.98000000000407],[2.4800000000000004,52.98000000000407],[2.4800000000000004,53.0],[2.580000000000002,53.0],[2.580000000000002,52.98000000000407],[2.620000000000001,52.98000000000407]],[[1.6999999999999993,51.88000000000406],[1.6999999999999993,51.820000000004065],[1.7600000000000016,51.820000000004065],[1.7600000000000016,51.88000000000406],[1.6999999999999993,51.88000000000406]],[[1.9000000000000021,51.80000000000406],[1.9000000000000021,51.72000000000406],[1.9800000000000004,51.72000000000406],[1.9800000000000004,51.80000000000406],[1.9000000000000021,51.80000000000406]]]]}},{"type":"Feature","properties":{"threshold_kt":3.0,"kind":"mask","atlas":"ATLNE","resolution_m":2000,"method":"max speed over 15 days hourly, all constituents","area_deg2":3.02},"geometry":{"type":"MultiPolygon","coordinates":[[[[-4.719999999999999,48.04000000000406],[-4.719999999999999,48.000000000004064],[-4.800000000000001,48.000000000004064],[-4.800000000000001,48.06000000000407],[-4.719999999999999,48.04000000000406]]],[[[-4.780000000000001,48.360000000004064],[-4.780000000000001,48.320000000004065],[-4.84,48.320000000004065],[-4.84,48.34000000000407],[-4.899999999999999,48.34000000000407],[-4.899999999999999,48.38000000000406],[-4.82,48.38000000000406],[-4.82,48.360000000004064],[-4.780000000000001,48.360000000004064]]],[[[-5.219999999999999,48.420000000004066],[-5.24,48.420000000004066],[-5.24,48.44000000000406],[-5.219999999999999,48.44000000000406],[-5.219999999999999,48.500000000004064],[-5.18,48.500000000004064],[-5.18,48.52000000000406],[-5.16,48.52000000000406],[-5.16,48.56000000000407],[-5.039999999999999,48.56000000000407],[-5.039999999999999,48.48000000000407],[-5.02,48.48000000000407],[-5.02,48.460000000004065],[-4.960000000000001,48.460000000004065],[-4.960000000000001,48.44000000000406],[-5.039999999999999,48.44000000000406],[-5.039999999999999,48.420000000004066],[-5.139999999999999,48.420000000004066],[-5.139999999999999,48.40000000000406],[-5.219999999999999,48.40000000000406],[-5.219999999999999,48.420000000004066]]],[[[-4.719999999999999,48.58000000000406],[-4.800000000000001,48.56000000000407],[-4.800000000000001,48.600000000004066],[-4.780000000000001,48.600000000004066],[-4.780000000000001,48.62000000000407],[-4.719999999999999,48.62000000000407],[-4.719999999999999,48.58000000000406]]],[[[-4.559999999999999,48.72000000000406],[-4.5,48.72000000000406],[-4.5,48.74000000000406],[-4.460000000000001,48.72000000000406],[-4.48,48.680000000004064],[-4.579999999999998,48.680000000004064],[-4.579999999999998,48.66000000000406],[-4.620000000000001,48.66000000000406],[-4.600000000000001,48.70000000000407],[-4.559999999999999,48.70000000000407],[-4.559999999999999,48.72000000000406]]],[[[-3.460000000000001,48.860000000004064],[-3.4800000000000004,48.860000000004064],[-3.4800000000000004,48.80000000000406],[-3.5,48.80000000000406],[-3.5,48.84000000000407],[-3.5799999999999983,48.84000000000407],[-3.5799999999999983,48.860000000004064],[-3.5,48.860000000004064],[-3.5,48.920000000004066],[-3.460000000000001,48.94000000000406],[-3.460000000000001,48.860000000004064]]],[[[-4.300000000000001,51.20000000000407],[-4.300000000000001,51.240000000004066],[-4.280000000000001,51.240000000004066],[-4.280000000000001,51.26000000000406],[-4.239999999999998,51.26000000000406],[-4.239999999999998,51.280000000004065],[-4.219999999999999,51.280000000004065],[-4.219999999999999,51.20000000000407],[-4.300000000000001,51.20000000000407]]],[[[-3.6999999999999993,51.320000000004065],[-3.6799999999999997,51.320000000004065],[-3.6799999999999997,51.34000000000407],[-3.5799999999999983,51.34000000000407],[-3.5799999999999983,51.360000000004064],[-3.4800000000000004,51.360000000004064],[-3.4800000000000004,51.280000000004065],[-3.5599999999999987,51.280000000004065],[-3.5599999999999987,51.240000000004066],[-3.599999999999998,51.240000000004066],[-3.599999999999998,51.22000000000406],[-3.6400000000000006,51.22000000000406],[-3.6400000000000006,51.240000000004066],[-3.6799999999999997,51.240000000004066],[-3.6799999999999997,51.26000000000406],[-3.6999999999999993,51.26000000000406],[-3.6999999999999993,51.320000000004065]]],[[[-3.120000000000001,51.320000000004065],[-3.1400000000000006,51.320000000004065],[-3.1400000000000006,51.34000000000407],[-3.1999999999999993,51.34000000000407],[-3.1799999999999997,51.420000000004066],[-3.16,51.420000000004066],[-3.16,51.38000000000406],[-3.120000000000001,51.38000000000406],[-3.120000000000001,51.320000000004065]]],[[[-5.52,52.54000000000406],[-5.58,52.54000000000406],[-5.58,52.48000000000407],[-5.52,52.48000000000407],[-5.52,52.460000000004065],[-5.4,52.460000000004065],[-5.4,52.40000000000406],[-5.379999999999999,52.40000000000406],[-5.379999999999999,52.38000000000406],[-5.34,52.38000000000406],[-5.34,52.360000000004064],[-5.279999999999999,52.360000000004064],[-5.26,52.320000000004065],[-5.219999999999999,52.320000000004065],[-5.199999999999999,52.280000000004065],[-5.16,52.280000000004065],[-5.16,52.22000000000406],[-5.139999999999999,52.22000000000406],[-5.139999999999999,52.180000000004064],[-5.1,52.180000000004064],[-5.08,52.140000000004065],[-5.039999999999999,52.140000000004065],[-5.039999999999999,52.04000000000406],[-5.08,52.04000000000406],[-5.08,52.02000000000406],[-5.16,52.02000000000406],[-5.16,52.000000000004064],[-5.219999999999999,52.000000000004064],[-5.219999999999999,51.90000000000406],[-5.26,51.90000000000406],[-5.26,51.76000000000406],[-5.199999999999999,51.76000000000406],[-5.199999999999999,51.680000000004064],[-5.16,51.680000000004064],[-5.16,51.640000000004065],[-5.199999999999999,51.640000000004065],[-5.199999999999999,51.62000000000406],[-5.279999999999999,51.62000000000406],[-5.279999999999999,51.640000000004065],[-5.34,51.640000000004065],[-5.34,51.66000000000406],[-5.359999999999999,51.66000000000406],[-5.359999999999999,51.70000000000407],[-5.42,51.70000000000407],[-5.42,51.72000000000406],[-5.58,51.72000000000406],[-5.58,51.740000000004066],[-5.640000000000001,51.740000000004066],[-5.640000000000001,51.780000000004065],[-5.6,51.780000000004065],[-5.6,51.80000000000406],[-5.58,51.80000000000406],[-5.58,51.88000000000406],[-5.6,51.88000000000406],[-5.6,51.90000000000406],[-5.640000000000001,51.90000000000406],[-5.66,51.94000000000406],[-5.719999999999999,51.94000000000406],[-5.74,51.98000000000407],[-5.779999999999999,51.98000000000407],[-5.779999999999999,52.000000000004064],[-5.859999999999999,52.000000000004064],[-5.859999999999999,52.02000000000406],[-5.9,52.02000000000406],[-5.9,52.04000000000406],[-5.959999999999999,52.04000000000406],[-5.959999999999999,52.06000000000407],[-6.1,52.06000000000407],[-6.1,52.08000000000406],[-6.34,52.08000000000406],[-6.34,52.100000000004066],[-6.4,52.100000000004066],[-6.4,52.12000000000406],[-6.42,52.12000000000406],[-6.42,52.140000000004065],[-6.4,52.140000000004065],[-6.4,52.180000000004064],[-6.34,52.180000000004064],[-6.34,52.22000000000406],[-6.279999999999999,52.22000000000406],[-6.279999999999999,52.320000000004065],[-6.26,52.320000000004065],[-6.26,52.360000000004064],[-6.219999999999999,52.360000000004064],[-6.219999999999999,52.38000000000406],[-6.140000000000001,52.38000000000406],[-6.140000000000001,52.40000000000406],[-6.1,52.40000000000406],[-6.1,52.420000000004066],[-6.08,52.420000000004066],[-6.08,52.48000000000407],[-6.1,52.48000000000407],[-6.1,52.500000000004064],[-6.16,52.500000000004064],[-6.16,52.56000000000407],[-6.140000000000001,52.56000000000407],[-6.140000000000001,52.58000000000406],[-6.039999999999999,52.58000000000406],[-6.039999999999999,52.62000000000406],[-5.98,52.62000000000406],[-5.98,52.640000000004065],[-5.84,52.640000000004065],[-5.84,52.72000000000406],[-5.9,52.72000000000406],[-5.9,52.740000000004066],[-5.68,52.740000000004066],[-5.68,52.72000000000406],[-5.640000000000001,52.72000000000406],[-5.640000000000001,52.70000000000407],[-5.619999999999999,52.70000000000407],[-5.619999999999999,52.680000000004064],[-5.58,52.680000000004064],[-5.5600000000000005,52.640000000004065],[-5.52,52.640000000004065],[-5.52,52.62000000000406],[-5.5,52.62000000000406],[-5.52,52.54000000000406]]],[[[-5.26,52.780000000004065],[-5.26,52.76000000000406],[-5.199999999999999,52.76000000000406],[-5.199999999999999,52.740000000004066],[-5.219999999999999,52.740000000004066],[-5.219999999999999,52.72000000000406],[-5.359999999999999,52.72000000000406],[-5.359999999999999,52.76000000000406],[-5.299999999999999,52.76000000000406],[-5.299999999999999,52.780000000004065],[-5.26,52.780000000004065]]],[[[-4.780000000000001,52.80000000000406],[-4.780000000000001,52.88000000000406],[-4.739999999999998,52.88000000000406],[-4.739999999999998,52.90000000000406],[-4.719999999999999,52.90000000000406],[-4.719999999999999,52.860000000004064],[-4.699999999999999,52.860000000004064],[-4.699999999999999,52.84000000000407],[-4.66,52.84000000000407],[-4.66,52.80000000000406],[-4.699999999999999,52.80000000000406],[-4.699999999999999,52.780000000004065],[-4.719999999999999,52.780000000004065],[-4.719999999999999,52.80000000000406],[-4.780000000000001,52.80000000000406]]],[[[-5.640000000000001,52.860000000004064],[-5.640000000000001,52.820000000004065],[-5.66,52.820000000004065],[-5.66,52.84000000000407],[-5.699999999999999,52.84000000000407],[-5.699999999999999,52.860000000004064],[-5.76,52.860000000004064],[-5.76,52.84000000000407],[-5.779999999999999,52.84000000000407],[-5.779999999999999,52.80000000000406],[-5.859999999999999,52.80000000000406],[-5.859999999999999,52.820000000004065],[-5.98,52.820000000004065],[-5.962000000000406,53.0],[-5.84,53.0],[-5.84,52.920000000004066],[-5.699999999999999,52.920000000004066],[-5.699999999999999,52.88000000000406],[-5.68,52.88000000000406],[-5.68,52.860000000004064],[-5.640000000000001,52.860000000004064]]],[[[-5.640000000000001,53.0],[-5.640000000000001,52.98000000000407],[-5.619999999999999,52.98000000000407],[-5.619999999999999,52.94000000000406],[-5.699999999999999,52.94000000000406],[-5.699999999999999,52.98000000000407],[-5.719999999999999,52.98000000000407],[-5.719999999999999,53.0],[-5.640000000000001,53.0]]],[[[-2.219999999999999,48.90000000000406],[-2.280000000000001,48.90000000000406],[-2.280000000000001,48.920000000004066],[-2.219999999999999,48.920000000004066],[-2.219999999999999,48.94000000000406],[-2.1799999999999997,48.94000000000406],[-2.1799999999999997,48.88000000000406],[-2.219999999999999,48.88000000000406],[-2.219999999999999,48.90000000000406]]],[[[-2.8599999999999994,48.84000000000407],[-2.9400000000000013,48.84000000000407],[-2.9400000000000013,48.88000000000406],[-2.960000000000001,48.88000000000406],[-2.960000000000001,48.90000000000406],[-3.1999999999999993,48.90000000000406],[-3.1999999999999993,48.960000000004065],[-3.1799999999999997,48.960000000004065],[-3.1799999999999997,49.000000000004064],[-3.1400000000000006,49.000000000004064],[-3.1400000000000006,49.02000000000406],[-3.0,49.02000000000406],[-3.0,49.04000000000406],[-2.879999999999999,49.04000000000406],[-2.879999999999999,49.08000000000406],[-2.8599999999999994,49.08000000000406],[-2.8599999999999994,49.100000000004066],[-2.8200000000000003,49.100000000004066],[-2.8200000000000003,49.12000000000406],[-2.8000000000000007,49.12000000000406],[-2.8000000000000007,49.06000000000407],[-2.780000000000001,49.06000000000407],[-2.780000000000001,48.960000000004065],[-2.7399999999999984,48.960000000004065],[-2.7399999999999984,48.88000000000406],[-2.780000000000001,48.88000000000406],[-2.8000000000000007,48.84000000000407],[-2.84,48.84000000000407],[-2.84,48.820000000004065],[-2.8599999999999994,48.820000000004065],[-2.8599999999999994,48.84000000000407]]],[[[-2.1799999999999997,49.08000000000406],[-2.280000000000001,49.08000000000406],[-2.280000000000001,49.16000000000406],[-2.1999999999999993,49.140000000004065],[-2.1999999999999993,49.100000000004066],[-2.1799999999999997,49.100000000004066],[-2.1799999999999997,49.08000000000406]]],[[[-2.120000000000001,49.280000000004065],[-2.0,49.280000000004065],[-2.0,49.30000000000406],[-1.9800000000000004,49.30000000000406],[-1.9800000000000004,49.280000000004065],[-1.9199999999999982,49.280000000004065],[-1.9199999999999982,49.22000000000406],[-1.9400000000000013,49.22000000000406],[-1.9400000000000013,49.20000000000407],[-1.9600000000000009,49.20000000000407],[-1.9600000000000009,49.22000000000406],[-2.0599999999999987,49.22000000000406],[-2.0599999999999987,49.240000000004066],[-2.120000000000001,49.240000000004066],[-2.120000000000001,49.280000000004065]]],[[[-1.8200000000000003,49.30000000000406],[-1.8599999999999994,49.30000000000406],[-1.8599999999999994,49.280000000004065],[-1.8999999999999986,49.280000000004065],[-1.879999999999999,49.360000000004064],[-1.8599999999999994,49.360000000004064],[-1.8599999999999994,49.320000000004065],[-1.8200000000000003,49.320000000004065],[-1.8200000000000003,49.30000000000406]]],[[[-2.460000000000001,49.40000000000406],[-2.460000000000001,49.460000000004065],[-2.4400000000000013,49.460000000004065],[-2.4400000000000013,49.48000000000407],[-2.3999999999999986,49.48000000000407],[-2.3999999999999986,49.500000000004064],[-2.3599999999999994,49.500000000004064],[-2.3599999999999994,49.460000000004065],[-2.3200000000000003,49.460000000004065],[-2.3200000000000003,49.44000000000406],[-2.3000000000000007,49.44000000000406],[-2.3200000000000003,49.40000000000406],[-2.3599999999999994,49.40000000000406],[-2.3599999999999994,49.38000000000406],[-2.379999999999999,49.38000000000406],[-2.379999999999999,49.40000000000406],[-2.460000000000001,49.40000000000406]]],[[[-2.7399999999999984,49.460000000004065],[-2.7399999999999984,49.52000000000406],[-2.6999999999999993,49.52000000000406],[-2.6799999999999997,49.56000000000407],[-2.620000000000001,49.56000000000407],[-2.620000000000001,49.54000000000406],[-2.599999999999998,49.54000000000406],[-2.620000000000001,49.460000000004065],[-2.6400000000000006,49.460000000004065],[-2.6400000000000006,49.500000000004064],[-2.719999999999999,49.500000000004064],[-2.719999999999999,49.460000000004065],[-2.7399999999999984,49.460000000004065]]],[[[0.16000000000000014,49.820000000004065],[0.1999999999999993,49.820000000004065],[0.1999999999999993,49.84000000000407],[0.240000000000002,49.84000000000407],[0.240000000000002,49.820000000004065],[0.3000000000000007,49.820000000004065],[0.3000000000000007,49.780000000004065],[0.240000000000002,49.780000000004065],[0.240000000000002,49.740000000004066],[0.17999999999999972,49.740000000004066],[0.17999999999999972,49.70000000000407],[0.14000000000000057,49.70000000000407],[0.14000000000000057,49.80000000000406],[0.16000000000000014,49.80000000000406],[0.16000000000000014,49.820000000004065]]],[[[0.40000000000000213,49.820000000004065],[0.40000000000000213,49.80000000000406],[0.379999999999999,49.80000000000406],[0.379999999999999,49.84000000000407],[0.3200000000000003,49.84000000000407],[0.3200000000000003,49.920000000004066],[0.379999999999999,49.920000000004066],[0.379999999999999,49.94000000000406],[0.40000000000000213,49.94000000000406],[0.40000000000000213,49.920000000004066],[0.5800000000000018,49.920000000004066],[0.5800000000000018,49.90000000000406],[0.6000000000000014,49.90000000000406],[0.5800000000000018,49.860000000004064],[0.5199999999999996,49.860000000004064],[0.5199999999999996,49.84000000000407],[0.4800000000000004,49.84000000000407],[0.4800000000000004,49.820000000004065],[0.40000000000000213,49.820000000004065]]],[[[-1.6400000000000006,50.48000000000407],[-1.5799999999999983,50.48000000000407],[-1.5799999999999983,50.52000000000406],[-1.5199999999999996,50.52000000000406],[-1.5199999999999996,50.56000000000407],[-1.4600000000000009,50.56000000000407],[-1.4600000000000009,50.58000000000406],[-1.3999999999999986,50.58000000000406],[-1.3999999999999986,50.56000000000407],[-1.1999999999999993,50.56000000000407],[-1.1999999999999993,50.600000000004066],[-1.0799999999999983,50.600000000004066],[-1.0799999999999983,50.58000000000406],[-1.0199999999999996,50.58000000000406],[-1.0199999999999996,50.56000000000407],[-0.8599999999999994,50.54000000000406],[-0.8599999999999994,50.600000000004066],[-0.8200000000000003,50.600000000004066],[-0.8200000000000003,50.56000000000407],[-0.7800000000000011,50.56000000000407],[-0.759999999999998,50.52000000000406],[-0.6999999999999993,50.52000000000406],[-0.6999999999999993,50.500000000004064],[-0.620000000000001,50.500000000004064],[-0.620000000000001,50.48000000000407],[-0.5799999999999983,50.48000000000407],[-0.5799999999999983,50.460000000004065],[-0.5599999999999987,50.460000000004065],[-0.5599999999999987,50.420000000004066],[-0.5199999999999996,50.420000000004066],[-0.5,50.38000000000406],[-0.46000000000000085,50.38000000000406],[-0.46000000000000085,50.360000000004064],[-0.4400000000000013,50.360000000004064],[-0.4400000000000013,50.320000000004065],[-0.3999999999999986,50.320000000004065],[-0.3999999999999986,50.240000000004066],[-0.4400000000000013,50.240000000004066],[-0.4400000000000013,50.22000000000406],[-0.46000000000000085,50.22000000000406],[-0.46000000000000085,50.180000000004064],[-0.5,50.180000000004064],[-0.5,50.12000000000406],[-0.5599999999999987,50.12000000000406],[-0.5599999999999987,50.000000000004064],[-0.5799999999999983,50.000000000004064],[-0.5799999999999983,49.98000000000407],[-0.6400000000000006,49.98000000000407],[-0.6400000000000006,49.960000000004065],[-0.6799999999999997,49.960000000004065],[-0.7199999999999989,49.88000000000406],[-0.759999999999998,49.88000000000406],[-0.7800000000000011,49.84000000000407],[-0.8200000000000003,49.84000000000407],[-0.8399999999999999,49.80000000000406],[-0.879999999999999,49.80000000000406],[-0.879999999999999,49.780000000004065],[-0.8999999999999986,49.780000000004065],[-0.8999999999999986,49.740000000004066],[-0.9400000000000013,49.740000000004066],[-0.9400000000000013,49.72000000000406],[-0.9600000000000009,49.72000000000406],[-0.9600000000000009,49.70000000000407],[-1.0,49.70000000000407],[-1.0,49.680000000004064],[-1.0599999999999987,49.680000000004064],[-1.0599999999999987,49.640000000004065],[-1.0799999999999983,49.640000000004065],[-1.0799999999999983,49.62000000000406],[-1.1400000000000006,49.62000000000406],[-1.1400000000000006,49.600000000004066],[-1.2199999999999989,49.600000000004066],[-1.2199999999999989,49.66000000000406],[-1.3399999999999999,49.66000000000406],[-1.3399999999999999,49.680000000004064],[-1.3999999999999986,49.680000000004064],[-1.3999999999999986,49.72000000000406],[-1.4600000000000009,49.72000000000406],[-1.4600000000000009,49.70000000000407],[-1.620000000000001,49.70000000000407],[-1.620000000000001,49.680000000004064],[-1.6999999999999993,49.680000000004064],[-1.6999999999999993,49.66000000000406],[-1.7199999999999989,49.66000000000406],[-1.7199999999999989,49.680000000004064],[-1.8000000000000007,49.680000000004064],[-1.8000000000000007,49.66000000000406],[-1.8399999999999999,49.66000000000406],[-1.8399999999999999,49.680000000004064],[-1.9199999999999982,49.680000000004064],[-1.9199999999999982,49.640000000004065],[-1.9400000000000013,49.640000000004065],[-1.9400000000000013,49.54000000000406],[-1.879999999999999,49.54000000000406],[-1.879999999999999,49.500000000004064],[-1.9400000000000013,49.500000000004064],[-1.9400000000000013,49.52000000000406],[-2.039999999999999,49.52000000000406],[-2.039999999999999,49.500000000004064],[-2.1999999999999993,49.48000000000407],[-2.1999999999999993,49.500000000004064],[-2.219999999999999,49.500000000004064],[-2.219999999999999,49.54000000000406],[-2.259999999999998,49.54000000000406],[-2.259999999999998,49.56000000000407],[-2.280000000000001,49.56000000000407],[-2.280000000000001,49.66000000000406],[-2.460000000000001,49.66000000000406],[-2.460000000000001,49.680000000004064],[-2.5,49.680000000004064],[-2.5,49.70000000000407],[-2.620000000000001,49.70000000000407],[-2.620000000000001,49.72000000000406],[-2.6799999999999997,49.72000000000406],[-2.6799999999999997,49.740000000004066],[-2.6999999999999993,49.740000000004066],[-2.6999999999999993,49.76000000000406],[-2.66,49.76000000000406],[-2.66,49.740000000004066],[-2.5599999999999987,49.740000000004066],[-2.5599999999999987,49.920000000004066],[-2.5199999999999996,49.920000000004066],[-2.5199999999999996,49.94000000000406],[-2.5,49.94000000000406],[-2.5,49.98000000000407],[-2.460000000000001,49.98000000000407],[-2.4400000000000013,50.100000000004066],[-2.3999999999999986,50.100000000004066],[-2.3999999999999986,50.140000000004065],[-2.379999999999999,50.140000000004065],[-2.379999999999999,50.20000000000407],[-2.34,50.20000000000407],[-2.34,50.26000000000406],[-2.379999999999999,50.26000000000406],[-2.379999999999999,50.360000000004064],[-2.3999999999999986,50.360000000004064],[-2.3999999999999986,50.40000000000406],[-2.4400000000000013,50.40000000000406],[-2.4400000000000013,50.420000000004066],[-2.460000000000001,50.420000000004066],[-2.460000000000001,50.52000000000406],[-2.34,50.52000000000406],[-2.34,50.54000000000406],[-2.3200000000000003,50.54000000000406],[-2.3000000000000007,50.500000000004064],[-2.1400000000000006,50.500000000004064],[-2.1400000000000006,50.54000000000406],[-2.120000000000001,50.54000000000406],[-2.120000000000001,50.56000000000407],[-1.8999999999999986,50.56000000000407],[-1.8999999999999986,50.600000000004066],[-1.879999999999999,50.600000000004066],[-1.879999999999999,50.54000000000406],[-1.8599999999999994,50.54000000000406],[-1.8599999999999994,50.500000000004064],[-1.8000000000000007,50.500000000004064],[-1.8000000000000007,50.460000000004065],[-1.759999999999998,50.460000000004065],[-1.759999999999998,50.44000000000406],[-1.6999999999999993,50.44000000000406],[-1.6999999999999993,50.460000000004065],[-1.6400000000000006,50.460000000004065],[-1.6400000000000006,50.48000000000407]]],[[[2.0599999999999987,51.280000000004065],[2.080000000000002,51.280000000004065],[2.080000000000002,51.26000000000406],[2.120000000000001,51.26000000000406],[2.120000000000001,51.180000000004064],[2.0,51.180000000004064],[2.0,51.16000000000406],[1.9600000000000009,51.16000000000406],[1.9600000000000009,51.140000000004065],[1.9400000000000013,51.140000000004065],[1.9400000000000013,51.08000000000406],[1.9600000000000009,51.08000000000406],[1.9600000000000009,51.06000000000407],[1.9400000000000013,51.06000000000407],[1.9400000000000013,51.04000000000406],[1.9000000000000021,51.04000000000406],[1.9000000000000021,51.02000000000406],[1.879999999999999,51.02000000000406],[1.879999999999999,50.98000000000407],[1.7800000000000011,50.98000000000407],[1.7800000000000011,50.960000000004065],[1.7600000000000016,50.960000000004065],[1.7600000000000016,50.90000000000406],[1.740000000000002,50.90000000000406],[1.740000000000002,50.94000000000406],[1.6600000000000001,50.94000000000406],[1.6400000000000006,50.90000000000406],[1.5800000000000018,50.90000000000406],[1.5800000000000018,50.84000000000407],[1.5399999999999991,50.84000000000407],[1.5199999999999996,50.80000000000406],[1.4800000000000004,50.80000000000406],[1.4800000000000004,50.780000000004065],[1.3599999999999994,50.80000000000406],[1.3599999999999994,50.920000000004066],[1.3200000000000003,50.920000000004066],[1.3200000000000003,50.94000000000406],[1.3000000000000007,50.94000000000406],[1.3000000000000007,50.98000000000407],[1.3200000000000003,50.98000000000407],[1.3200000000000003,51.04000000000406],[1.3599999999999994,51.04000000000406],[1.3599999999999994,51.100000000004066],[1.4200000000000017,51.100000000004066],[1.4400000000000013,51.180000000004064],[1.5599999999999987,51.180000000004064],[1.5599999999999987,51.20000000000407],[1.5800000000000018,51.20000000000407],[1.5800000000000018,51.280000000004065],[1.620000000000001,51.280000000004065],[1.620000000000001,51.38000000000406],[1.6799999999999997,51.38000000000406],[1.6799999999999997,51.460000000004065],[1.8399999999999999,51.460000000004065],[1.8399999999999999,51.44000000000406],[1.9000000000000021,51.44000000000406],[1.9000000000000021,51.420000000004066],[1.9400000000000013,51.420000000004066],[1.9400000000000013,51.34000000000407],[1.9600000000000009,51.34000000000407],[1.9600000000000009,51.280000000004065],[2.0,51.280000000004065],[2.0,51.26000000000406],[2.0599999999999987,51.26000000000406],[2.0599999999999987,51.280000000004065]]],[[[1.9600000000000009,52.70000000000407],[1.9600000000000009,52.680000000004064],[2.039999999999999,52.680000000004064],[2.039999999999999,52.70000000000407],[2.080000000000002,52.70000000000407],[2.080000000000002,52.680000000004064],[2.120000000000001,52.680000000004064],[2.120000000000001,52.66000000000406],[2.1799999999999997,52.66000000000406],[2.1799999999999997,52.680000000004064],[2.219999999999999,52.680000000004064],[2.219999999999999,52.66000000000406],[2.2600000000000016,52.66000000000406],[2.2600000000000016,52.640000000004065],[2.219999999999999,52.640000000004065],[2.219999999999999,52.62000000000406],[2.120000000000001,52.62000000000406],[2.120000000000001,52.54000000000406],[1.8200000000000003,52.54000000000406],[1.8200000000000003,52.56000000000407],[1.8000000000000007,52.56000000000407],[1.8000000000000007,52.62000000000406],[1.879999999999999,52.62000000000406],[1.879999999999999,52.640000000004065],[1.9200000000000017,52.640000000004065],[1.9200000000000017,52.70000000000407],[1.7600000000000016,52.70000000000407],[1.7600000000000016,52.72000000000406],[1.740000000000002,52.72000000000406],[1.740000000000002,52.76000000000406],[1.7600000000000016,52.76000000000406],[1.7600000000000016,52.780000000004065],[1.8000000000000007,52.780000000004065],[1.8200000000000003,52.820000000004065],[1.9200000000000017,52.820000000004065],[1.9200000000000017,52.88000000000406],[1.9400000000000013,52.88000000000406],[1.9400000000000013,52.90000000000406],[1.9800000000000004,52.90000000000406],[2.0,52.94000000000406],[2.0599999999999987,52.94000000000406],[2.0599999999999987,52.920000000004066],[2.0199999999999996,52.920000000004066],[2.0199999999999996,52.90000000000406],[2.0,52.90000000000406],[2.0,52.860000000004064],[1.9600000000000009,52.860000000004064],[1.9600000000000009,52.84000000000407],[1.9400000000000013,52.84000000000407],[1.9400000000000013,52.70000000000407],[1.9600000000000009,52.70000000000407]]],[[[1.5199999999999996,52.94000000000406],[1.5599999999999987,52.94000000000406],[1.5800000000000018,52.98000000000407],[1.6400000000000006,52.98000000000407],[1.6600000000000001,52.90000000000406],[1.6000000000000014,52.90000000000406],[1.6000000000000014,52.88000000000406],[1.5599999999999987,52.88000000000406],[1.5599999999999987,52.90000000000406],[1.5,52.90000000000406],[1.5,52.920000000004066],[1.5199999999999996,52.920000000004066],[1.5199999999999996,52.94000000000406]]]]}},{"type":"Feature","properties":{"threshold_kt":5.0,"kind":"mask","atlas":"ATLNE","resolution_m":2000,"method":"max speed over 15 days hourly, all constituents","area_deg2":0.05},"geometry":{"type":"MultiPolygon","coordinates":[[[[-1.8200000000000003,49.740000000004066],[-1.9400000000000013,49.72000000000406],[-1.9400000000000013,49.680000000004064],[-1.9800000000000004,49.680000000004064],[-1.9800000000000004,49.640000000004065],[-2.039999999999999,49.640000000004065],[-2.039999999999999,49.62000000000406],[-2.16,49.62000000000406],[-2.16,49.70000000000407],[-2.120000000000001,49.72000000000406],[-2.120000000000001,49.740000000004066],[-2.0799999999999983,49.740000000004066],[-2.0599999999999987,49.780000000004065],[-2.0199999999999996,49.780000000004065],[-2.0,49.820000000004065],[-1.8599999999999994,49.820000000004065],[-1.8599999999999994,49.80000000000406],[-1.8200000000000003,49.80000000000406],[-1.8200000000000003,49.740000000004066]]],[[[-1.1999999999999993,49.72000000000406],[-1.1999999999999993,49.680000000004064],[-1.259999999999998,49.680000000004064],[-1.259999999999998,49.72000000000406],[-1.2800000000000011,49.72000000000406],[-1.2800000000000011,49.740000000004066],[-1.3999999999999986,49.740000000004066],[-1.3999999999999986,49.780000000004065],[-1.3200000000000003,49.780000000004065],[-1.3200000000000003,49.76000000000406],[-1.259999999999998,49.76000000000406],[-1.2399999999999984,49.72000000000406],[-1.1999999999999993,49.72000000000406]]]]}}]}