{"type":"FeatureCollection","features":[{"type":"Feature","properties":{"status":"covered","area_deg2":68.31},"geometry":{"type":"MultiPolygon","coordinates":[[[[-8.98,40.48000000000407],[-8.98,40.500000000004064],[-9.0,40.500000000004064],[-9.0,40.54000000000406],[-8.92,40.54000000000406],[-8.92,40.56000000000407],[-8.879999999999999,40.56000000000407],[-8.879999999999999,40.58000000000406],[-8.799999999999999,40.56000000000407],[-8.799999999999999,40.500000000004064],[-8.82,40.500000000004064],[-8.82,40.54000000000406],[-8.9,40.54000000000406],[-8.9,40.48000000000407],[-8.98,40.48000000000407]]],[[[-8.76,41.40000000000406],[-8.76,41.54000000000406],[-8.74,41.54000000000406],[-8.74,41.360000000004064],[-8.799999999999999,41.360000000004064],[-8.799999999999999,41.22000000000406],[-8.82,41.22000000000406],[-8.82,41.40000000000406],[-8.76,41.40000000000406]]],[[[-8.92,41.960000000004065],[-8.92,42.16000000000406],[-8.9,42.16000000000406],[-8.9,42.140000000004065],[-8.86,42.140000000004065],[-8.86,41.960000000004065],[-8.92,41.960000000004065]]],[[[-9.927999999999999,42.24050000000076],[-10.09,42.24050000000076],[-10.09,42.32150000000076],[-9.9685,42.32150000000076],[-9.9685,42.28100000000076],[-9.927999999999999,42.28100000000076],[-9.927999999999999,42.24050000000076]]],[[[-9.22,42.460000000004065],[-9.24,42.460000000004065],[-9.24,42.500000000004064],[-9.299999999999999,42.500000000004064],[-9.299999999999999,42.52000000000406],[-9.32,42.52000000000406],[-9.32,42.60000000000406],[-9.28,42.58000000000406],[-9.28,42.54000000000406],[-9.22,42.54000000000406],[-9.22,42.48000000000407],[-9.08,42.48000000000407],[-9.08,42.420000000004066],[-8.98,42.420000000004066],[-8.98,42.38000000000406],[-8.9,42.38000000000406],[-8.9,42.26000000000406],[-8.92,42.26000000000406],[-8.92,42.34000000000407],[-8.94,42.34000000000407],[-8.94,42.360000000004064],[-9.0,42.360000000004064],[-9.0,42.38000000000406],[-9.04,42.38000000000406],[-9.04,42.40000000000406],[-9.1,42.40000000000406],[-9.1,42.44000000000406],[-9.22,42.44000000000406],[-9.22,42.460000000004065]]],[[[-10.981,42.52400000000076],[-10.981,42.44300000000076],[-11.183499999999999,42.44300000000076],[-11.183499999999999,42.24050000000076],[-11.386,42.24050000000076],[-11.386,42.200000000000756],[-11.5885,42.200000000000756],[-11.5885,42.24050000000076],[-11.6695,42.24050000000076],[-11.6695,42.362000000000755],[-11.5885,42.40250000000076],[-11.5885,42.48350000000076],[-11.5075,42.48350000000076],[-11.5075,42.60500000000076],[-11.5885,42.60500000000076],[-11.5885,42.68600000000076],[-11.71,42.68600000000076],[-11.71,42.64550000000076],[-11.750499999999999,42.64550000000076],[-11.750499999999999,42.68600000000076],[-11.993500000000001,42.726500000000755],[-11.993500000000001,42.60500000000076],[-12.115,42.60500000000076],[-12.115,42.68600000000076],[-12.033999999999999,42.68600000000076],[-12.033999999999999,42.84800000000076],[-11.993500000000001,42.84800000000076],[-11.993500000000001,42.96950000000076],[-12.033999999999999,42.96950000000076],[-12.033999999999999,43.131500000000756],[-11.953,43.131500000000756],[-11.9125,43.05050000000076],[-11.8315,43.05050000000076],[-11.8315,43.01000000000076],[-11.71,43.01000000000076],[-11.71,42.96950000000076],[-11.629,42.96950000000076],[-11.629,42.929000000000755],[-11.5075,42.929000000000755],[-11.5075,42.88850000000076],[-11.386,42.88850000000076],[-11.386,42.84800000000076],[-11.305,42.84800000000076],[-11.305,42.80750000000076],[-11.0215,42.80750000000076],[-11.0215,42.767000000000756],[-10.9405,42.726500000000755],[-10.9405,42.64550000000076],[-10.9,42.64550000000076],[-10.9,42.60500000000076],[-10.9405,42.60500000000076],[-10.9405,42.52400000000076],[-10.981,42.52400000000076]]],[[[-9.22,42.920000000004066],[-9.16,42.920000000004066],[-9.16,42.80000000000406],[-9.18,42.80000000000406],[-9.18,42.90000000000406],[-9.22,42.90000000000406],[-9.22,42.920000000004066]]],[[[-9.48,42.90000000000406],[-9.48,42.920000000004066],[-9.28,42.920000000004066],[-9.28,42.90000000000406],[-9.48,42.90000000000406]]],[[[-9.5635,43.09100000000076],[-9.5635,43.05050000000076],[-9.523,43.05050000000076],[-9.523,42.96950000000076],[-9.644499999999999,42.96950000000076],[-9.644499999999999,43.01000000000076],[-9.7255,43.01000000000076],[-9.7255,43.09100000000076],[-9.5635,43.09100000000076]]],[[[-9.36,43.180000000004064],[-9.4,43.180000000004064],[-9.4,43.08000000000406],[-9.48,43.08000000000406],[-9.48,43.04000000000406],[-9.5,43.04000000000406],[-9.5,43.10000000000406],[-9.42,43.10000000000406],[-9.42,43.20000000000407],[-9.48,43.20000000000407],[-9.48,43.24000000000406],[-9.54,43.24000000000406],[-9.56,43.280000000004065],[-9.52,43.280000000004065],[-9.52,43.26000000000406],[-9.4,43.26000000000406],[-9.4,43.22000000000406],[-9.36,43.22000000000406],[-9.36,43.180000000004064]]],[[[-9.22,43.140000000004065],[-9.22,43.10000000000406],[-9.24,43.10000000000406],[-9.24,43.12000000000407],[-9.28,43.12000000000407],[-9.28,43.180000000004064],[-9.26,43.180000000004064],[-9.26,43.16000000000406],[-9.18,43.16000000000406],[-9.18,43.22000000000406],[-9.16,43.22000000000406],[-9.16,43.20000000000407],[-9.14,43.20000000000407],[-9.14,43.180000000004064],[-9.16,43.180000000004064],[-9.16,43.140000000004065],[-9.22,43.140000000004065]]],[[[-8.4,43.500000000004064],[-8.4,43.48000000000407],[-8.36,43.48000000000407],[-8.36,43.460000000004065],[-8.4,43.460000000004065],[-8.4,43.38000000000406],[-8.42,43.38000000000406],[-8.42,43.500000000004064],[-8.4,43.500000000004064]]],[[[-10.09,43.90100000000076],[-9.927999999999999,43.90100000000076],[-9.927999999999999,43.860500000000755],[-9.4825,43.860500000000755],[-9.4825,43.82000000000076],[-9.442,43.82000000000076],[-9.442,43.77950000000076],[-9.3205,43.77950000000076],[-9.3205,43.658000000000754],[-9.2395,43.61750000000076],[-9.199,43.53650000000076],[-9.1585,43.53650000000076],[-9.1585,43.45550000000076],[-9.2395,43.45550000000076],[-9.2395,43.293500000000755],[-9.442,43.293500000000755],[-9.442,43.334000000000756],[-9.4825,43.334000000000756],[-9.4825,43.658000000000754],[-9.644499999999999,43.658000000000754],[-9.685,43.73900000000076],[-9.9685,43.73900000000076],[-10.009,43.82000000000076],[-10.09,43.82000000000076],[-10.09,43.90100000000076]]],[[[-7.4,43.780000000004065],[-7.32,43.780000000004065],[-7.32,43.74000000000406],[-7.4399999999999995,43.74000000000406],[-7.4399999999999995,43.76000000000406],[-7.4,43.76000000000406],[-7.4,43.780000000004065]]],[[[-8.2,43.80000000000406],[-8.2,43.860000000004064],[-8.12,43.860000000004064],[-8.12,44.000000000004064],[-8.06,44.000000000004064],[-8.06,43.94000000000406],[-8.04,43.94000000000406],[-8.04,43.920000000004066],[-8.06,43.920000000004066],[-8.06,43.860000000004064],[-8.0,43.860000000004064],[-8.0,43.88000000000406],[-7.92,43.88000000000406],[-7.92,43.84000000000407],[-8.06,43.84000000000407],[-8.06,43.780000000004065],[-8.04,43.780000000004065],[-8.04,43.74000000000406],[-8.16,43.74000000000406],[-8.16,43.58000000000406],[-8.18,43.58000000000406],[-8.18,43.66000000000406],[-8.2,43.66000000000406],[-8.2,43.680000000004064],[-8.18,43.680000000004064],[-8.18,43.80000000000406],[-8.2,43.80000000000406]]],[[[-7.52,43.88000000000406],[-7.48,43.88000000000406],[-7.48,43.820000000004065],[-7.5600000000000005,43.820000000004065],[-7.5600000000000005,43.780000000004065],[-7.58,43.780000000004065],[-7.58,43.84000000000407],[-7.52,43.84000000000407],[-7.52,43.88000000000406]]],[[[-7.295499999999999,44.265500000000756],[-7.295499999999999,44.22500000000076],[-7.214499999999999,44.22500000000076],[-7.214499999999999,44.02250000000076],[-7.254999999999999,44.02250000000076],[-7.254999999999999,43.98200000000076],[-7.336,43.98200000000076],[-7.336,43.94150000000076],[-7.497999999999999,43.94150000000076],[-7.538499999999999,44.02250000000076],[-7.3765,44.063000000000756],[-7.3765,44.18450000000076],[-7.417,44.18450000000076],[-7.417,44.22500000000076],[-7.578999999999999,44.22500000000076],[-7.578999999999999,44.265500000000756],[-7.66,44.265500000000756],[-7.66,44.30600000000076],[-7.497999999999999,44.30600000000076],[-7.497999999999999,44.265500000000756],[-7.295499999999999,44.265500000000756]]],[[[-10.576,44.18450000000076],[-10.657,44.18450000000076],[-10.657,44.14400000000076],[-10.9,44.18450000000076],[-10.9,44.22500000000076],[-10.981,44.22500000000076],[-10.981,44.34650000000076],[-10.657,44.34650000000076],[-10.657,44.30600000000076],[-10.576,44.30600000000076],[-10.576,44.18450000000076]]],[[[-8.6725,43.94150000000076],[-8.713,43.860500000000755],[-8.794,43.860500000000755],[-8.794,43.90100000000076],[-8.956,43.90100000000076],[-8.956,43.94150000000076],[-8.9965,43.94150000000076],[-8.956,44.02250000000076],[-8.8345,44.02250000000076],[-8.8345,44.063000000000756],[-8.794,44.063000000000756],[-8.794,44.14400000000076],[-8.6725,44.14400000000076],[-8.6725,44.265500000000756],[-8.753499999999999,44.265500000000756],[-8.753499999999999,44.30600000000076],[-8.8345,44.34650000000076],[-8.8345,44.427500000000755],[-8.753499999999999,44.427500000000755],[-8.753499999999999,44.58950000000076],[-8.8345,44.630000000000756],[-8.794,44.792000000000755],[-8.753499999999999,44.792000000000755],[-8.753499999999999,44.832500000000756],[-8.5915,44.832500000000756],[-8.5915,44.792000000000755],[-8.5105,44.792000000000755],[-8.5105,44.67050000000076],[-8.469999999999999,44.67050000000076],[-8.469999999999999,44.58950000000076],[-8.389,44.58950000000076],[-8.3485,44.50850000000076],[-8.2675,44.50850000000076],[-8.2675,44.427500000000755],[-8.186499999999999,44.427500000000755],[-8.186499999999999,44.30600000000076],[-8.145999999999999,44.30600000000076],[-8.145999999999999,44.22500000000076],[-8.1055,44.22500000000076],[-8.1055,44.10350000000076],[-8.186499999999999,44.10350000000076],[-8.186499999999999,44.02250000000076],[-8.227,44.02250000000076],[-8.227,43.98200000000076],[-8.429499999999999,43.98200000000076],[-8.429499999999999,43.94150000000076],[-8.6725,43.94150000000076]]],[[[-11.750499999999999,44.38700000000076],[-11.750499999999999,44.427500000000755],[-11.466999999999999,44.427500000000755],[-11.466999999999999,44.38700000000076],[-11.386,44.38700000000076],[-11.386,44.34650000000076],[-11.3455,44.34650000000076],[-11.3455,44.30600000000076],[-11.5075,44.30600000000076],[-11.5075,44.34650000000076],[-11.6695,44.34650000000076],[-11.6695,44.38700000000076],[-11.750499999999999,44.38700000000076]]],[[[-7.984,44.630000000000756],[-8.0245,44.630000000000756],[-8.0245,44.67050000000076],[-7.9030000000000005,44.67050000000076],[-7.9030000000000005,44.630000000000756],[-7.821999999999999,44.630000000000756],[-7.781499999999999,44.54900000000076],[-7.984,44.54900000000076],[-7.984,44.630000000000756]]],[[[-7.336,44.71100000000076],[-7.417,44.71100000000076],[-7.417,44.792000000000755],[-7.4575,44.792000000000755],[-7.497999999999999,44.87300000000076],[-7.295499999999999,44.87300000000076],[-7.295499999999999,44.832500000000756],[-7.214499999999999,44.832500000000756],[-7.214499999999999,44.792000000000755],[-7.1739999999999995,44.792000000000755],[-7.1739999999999995,44.75150000000076],[-7.1335,44.75150000000076],[-7.1739999999999995,44.67050000000076],[-7.336,44.67050000000076],[-7.336,44.71100000000076]]],[[[-8.389,45.48050000000076],[-8.389,45.44000000000076],[-7.9435,45.44000000000076],[-7.9435,45.39950000000076],[-7.741,45.39950000000076],[-7.741,45.359000000000755],[-7.66,45.359000000000755],[-7.66,45.27800000000076],[-7.6195,45.27800000000076],[-7.6195,45.15650000000076],[-7.862499999999999,45.197000000000756],[-7.862499999999999,45.23750000000076],[-8.0245,45.23750000000076],[-8.0245,45.27800000000076],[-8.1055,45.27800000000076],[-8.145999999999999,45.359000000000755],[-8.3485,45.359000000000755],[-8.3485,45.31850000000076],[-8.5105,45.31850000000076],[-8.5105,45.359000000000755],[-8.5915,45.359000000000755],[-8.5915,45.39950000000076],[-8.551,45.39950000000076],[-8.5105,45.48050000000076],[-8.389,45.48050000000076]]],[[[-7.6408000000000005,46.30449999999906],[-7.620500000000001,46.30449999999906],[-7.620500000000001,46.32479999999906],[-7.5799,46.32479999999906],[-7.5799,46.365399999999056],[-7.519,46.365399999999056],[-7.519,46.405999999999054],[-7.4581,46.405999999999054],[-7.4581,46.42629999999906],[-7.4378,46.42629999999906],[-7.4378,46.487199999999056],[-7.3566,46.44659999999906],[-7.3566,46.405999999999054],[-7.2551000000000005,46.405999999999054],[-7.234800000000001,46.365399999999056],[-7.173900000000001,46.365399999999056],[-7.173900000000001,46.34509999999906],[-7.1333,46.34509999999906],[-7.1333,46.32479999999906],[-7.0521,46.32479999999906],[-7.0521,46.30449999999906],[-7.011500000000001,46.30449999999906],[-7.011500000000001,46.28419999999906],[-6.9912,46.28419999999906],[-6.9912,46.263899999999055],[-6.9506000000000006,46.263899999999055],[-6.9506000000000006,46.24359999999906],[-6.930300000000001,46.24359999999906],[-6.930300000000001,46.20299999999906],[-6.8897,46.20299999999906],[-6.869400000000001,46.16239999999905],[-6.8085,46.16239999999905],[-6.8085,46.14209999999906],[-6.7679,46.14209999999906],[-6.7679,46.121799999999055],[-6.707000000000001,46.121799999999055],[-6.6867,46.08119999999906],[-6.625800000000001,46.08119999999906],[-6.6055,45.99999999999906],[-6.7285,45.99999999999906],[-6.7285,45.96650000000076],[-6.769,45.96650000000076],[-6.769,45.88550000000076],[-6.890499999999999,45.88550000000076],[-6.890499999999999,45.926000000000755],[-6.971499999999999,45.926000000000755],[-6.971499999999999,45.96650000000076],[-7.1335,45.96650000000076],[-7.1335,45.99999999999906],[-7.519,45.99999999999906],[-7.519,46.04059999999906],[-7.5799,46.04059999999906],[-7.5799,46.06089999999906],[-7.620500000000001,46.06089999999906],[-7.620500000000001,46.08119999999906],[-7.6814,46.08119999999906],[-7.701700000000001,46.16239999999905],[-7.7423,46.16239999999905],[-7.7423,46.20299999999906],[-7.6814,46.20299999999906],[-7.6814,46.24359999999906],[-7.6408000000000005,46.24359999999906],[-7.6408000000000005,46.30449999999906]]],[[[-11.8023,49.39009999999906],[-11.8023,49.36979999999906],[-11.7414,49.36979999999906],[-11.7414,49.329199999999055],[-11.782,49.329199999999055],[-11.782,49.26829999999906],[-11.8023,49.26829999999906],[-11.8023,49.22769999999906],[-11.9038,49.22769999999906],[-11.9038,49.207399999999055],[-12.0459,49.207399999999055],[-12.0459,49.329199999999055],[-12.0053,49.329199999999055],[-12.0053,49.36979999999906],[-11.985,49.36979999999906],[-11.985,49.39009999999906],[-11.9444,49.39009999999906],[-11.9444,49.41039999999906],[-11.8429,49.41039999999906],[-11.8429,49.39009999999906],[-11.8023,49.39009999999906]]],[[[-14.44,52.20000000000407],[-14.32,52.20000000000407],[-14.32,52.22000000000406],[-14.3,52.22000000000406],[-14.3,52.180000000004064],[-14.34,52.180000000004064],[-14.34,52.140000000004065],[-14.36,52.140000000004065],[-14.36,52.06000000000407],[-14.399999999999999,52.06000000000407],[-14.399999999999999,52.02000000000406],[-14.42,52.02000000000406],[-14.42,51.88000000000406],[-14.46,51.88000000000406],[-14.46,51.860000000004064],[-14.48,51.860000000004064],[-14.48,51.820000000004065],[-14.559999999999999,51.820000000004065],[-14.559999999999999,52.100000000004066],[-14.54,52.100000000004066],[-14.54,52.12000000000406],[-14.5,52.12000000000406],[-14.5,52.140000000004065],[-14.48,52.140000000004065],[-14.48,52.180000000004064],[-14.44,52.180000000004064],[-14.44,52.20000000000407]]],[[[-7.58,52.140000000004065],[-7.5,52.140000000004065],[-7.5,52.100000000004066],[-7.58,52.100000000004066],[-7.58,52.140000000004065]]],[[[8.125,56.4375],[8.1125,56.4375],[8.132299999999997,56.43419999999906],[8.132299999999997,56.393599999999054],[8.1125,56.393599999999054],[8.1125,56.251499999999055],[8.132299999999997,56.251499999999055],[8.132299999999997,56.21089999999906],[8.125,56.21089999999906],[8.125,56.01250000000091],[8.2125,56.01250000000091],[8.2125,56.00000000000091],[8.2,56.00000000000091],[8.2,55.987500000000914],[8.132299999999997,55.987500000000914],[8.132299999999997,55.9375],[8.1875,55.9375],[8.1875,55.5625],[8.25,55.5625],[8.25,55.50039999999906],[8.274933333333642,55.50039999999906],[8.2625,55.57500000000091],[8.2875,55.57500000000091],[8.2875,55.587500000000915],[8.3,55.587500000000915],[8.3,55.550000000000914],[8.3375,55.550000000000914],[8.3375,55.53750000000091],[8.3625,55.525000000000915],[8.3625,55.51250000000091],[8.375,55.51250000000091],[8.375,55.50039999999906],[8.4125,55.50000000000091],[8.425,55.47500000000091],[8.4625,55.47500000000091],[8.4625,55.462500000000915],[8.4875,55.462500000000915],[8.4875,55.45000000000091],[8.55,55.45000000000091],[8.55,55.43750000000091],[8.575,55.43750000000091],[8.575,55.425000000000914],[8.6125,55.425000000000914],[8.6125,55.37500000000091],[8.625,55.37500000000091],[8.625,55.35000000000091],[8.65,55.337500000000915],[8.65,55.31250000000091],[8.6375,55.31250000000091],[8.639799999999997,55.26250000000091],[8.65,55.26250000000091],[8.65,55.216199999999056],[8.680399999999999,55.216199999999056],[8.680399999999999,55.094399999999055],[8.639799999999997,55.094399999999055],[8.639799999999997,54.91169999999906],[8.619499999999999,54.91169999999906],[8.619499999999999,54.82500000000091],[8.625,54.82500000000091],[8.625,54.81250000000091],[8.639799999999997,54.81019999999906],[8.655050000000928,54.78989999999906],[8.680399999999999,54.78989999999906],[8.690374999999536,54.75000000000091],[8.7,54.75000000000091],[8.700699999999998,54.708699999999055],[8.741299999999999,54.708699999999055],[8.765950000000927,54.66809999999906],[8.822499999999998,54.66809999999906],[8.8375,54.60000000000091],[8.875,54.60000000000091],[8.875,54.587500000000915],[8.8625,54.587500000000915],[8.8631,54.465099999999055],[8.9375,54.47500000000091],[8.9375,54.487500000000914],[8.9625,54.487500000000914],[8.975,54.51250000000091],[9.0,54.50000000000091],[9.0,54.47500000000091],[8.9875,54.47500000000091],[8.9849,54.444799999999056],[8.924,54.43750000000091],[8.924,54.42449999999906],[8.905999999999073,54.42449999999906],[8.9,54.41250000000091],[8.883399999999998,54.41250000000091],[8.883399999999998,54.40419999999906],[8.8125,54.40419999999906],[8.8125,54.275000000000915],[8.825,54.275000000000915],[8.825,54.250000000000455],[8.8375,54.250000000000455],[8.837499999999082,54.23750000000046],[8.9375,54.1875],[8.9375,54.10000000000091],[8.95,54.10000000000091],[8.9625,54.07500000000091],[8.975,54.07500000000091],[8.975,54.05000000000046],[8.9625,54.05000000000046],[8.9625,54.037500000000456],[8.9375,54.037500000000456],[8.9375,54.0],[9.0,54.0],[9.0,53.900000000000915],[9.25,53.900000000000915],[9.2625,53.88750000000091],[9.2625,53.87500000000091],[9.3,53.87500000000091],[9.3,53.862500000000914],[9.3375,53.862500000000914],[9.3375,53.85000000000091],[9.3625,53.85000000000091],[9.3875,53.837500000000915],[9.3875,53.82500000000091],[9.4,53.82500000000091],[9.4,53.800000000000914],[9.4125,53.800000000000914],[9.4125,53.78125000000092],[9.425,53.775000000000915],[9.425,53.75000000000091],[9.4625,53.75000000000091],[9.475,53.72500000000091],[9.493071,53.72500000000091],[9.493071,53.675000000000914],[9.4875,53.675000000000914],[9.4875,53.68750000000091],[9.4625,53.68750000000091],[9.45,53.712500000000915],[9.4125,53.712500000000915],[9.4,53.737500000000914],[9.3875,53.737500000000914],[9.3875,53.76250000000091],[9.3625,53.76250000000091],[9.3625,53.78750000000091],[9.35,53.78750000000091],[9.3375,53.81250000000091],[9.325,53.81250000000091],[9.3125,53.837500000000915],[9.2875,53.837500000000915],[9.2625,53.85000000000091],[9.2625,53.862500000000914],[9.0884,53.861599999997665],[9.0452,53.849599999997665],[9.0375,53.837500000000915],[8.9432,53.83519999999767],[8.925,53.82500000000046],[8.9,53.82500000000046],[8.741299999999999,53.835799999999054],[8.7296,53.857999999995336],[8.7125,53.86250000000046],[8.704899999997668,53.875],[8.625,53.875],[8.625,53.8125],[8.5625,53.8125],[8.5625,53.6875],[8.4875,53.6875],[8.4875,53.65309999999906],[8.5,53.650000000000915],[8.5,53.62500000000091],[8.5125,53.62500000000091],[8.525,53.612500000000914],[8.525,53.60000000000091],[8.5375,53.60000000000091],[8.5375,53.57500000000091],[8.55,53.57500000000091],[8.55,53.56250000000091],[8.575,53.56250000000091],[8.575,53.51250000000046],[8.55,53.506250000000456],[8.55,53.50000000000091],[8.525,53.500000000000455],[8.525,53.48750000000046],[8.5125,53.48750000000046],[8.5125,53.46250000000046],[8.5,53.46250000000046],[8.5,53.40000000000046],[8.5125,53.40000000000046],[8.5125,53.250000000000455],[8.5,53.250000000000455],[8.5,53.350000000000456],[8.4875,53.350000000000456],[8.4875,53.50000000000091],[8.5,53.51250000000046],[8.5125,53.51250000000091],[8.5125,53.55000000000046],[8.4625,53.55000000000046],[8.4625,53.562500000000455],[8.3875,53.562500000000455],[8.375,53.58750000000046],[8.355599999999999,53.59219999999905],[8.35,53.61249999999906],[8.2744,53.61249999999906],[8.2744,53.59219999999905],[8.254099999999998,53.59219999999905],[8.254099999999998,53.525000000000915],[8.3,53.525000000000915],[8.3,53.437500000000455],[8.278571428571299,53.426785714286105],[8.275,53.412500000000456],[8.25,53.412500000000456],[8.25,53.40000000000046],[8.2125,53.40000000000046],[8.1875,53.42500000000046],[8.1875,53.437500000000455],[8.15,53.437500000000455],[8.1375,53.46250000000046],[8.075,53.46250000000046],[8.075,53.475000000000456],[8.0625,53.475000000000456],[8.075,53.50000000000091],[8.1125,53.50000000000091],[8.1125,53.51250000000091],[8.132299999999997,53.51250000000091],[8.132299999999997,53.551599999999056],[8.123324999999646,53.58750000000046],[8.1125,53.58750000000046],[8.111999999999998,53.625000000000455],[8.1,53.625000000000455],[8.1,53.63279999999906],[8.051099999999998,53.63279999999906],[8.051099999999998,53.65000000000046],[8.0375,53.65000000000046],[8.0375,53.662500000000456],[8.025,53.662500000000456],[8.025,53.673399999999056],[8.010499999999997,53.673399999999056],[8.010499999999997,53.71250000000046],[7.7625,53.71250000000046],[7.7625,53.70000000000046],[7.746599999999997,53.70000000000091],[7.746599999999997,53.693699999999055],[7.645099999999999,53.693699999999055],[7.645099999999999,53.673399999999056],[7.225,53.673399999999056],[7.225,53.66250000000091],[7.213350000000926,53.66250000000091],[7.198499999999999,53.63279999999906],[7.15,53.63279999999906],[7.15,53.612500000000914],[7.137599999999999,53.612500000000914],[7.137599999999999,53.59219999999905],[7.1,53.59219999999905],[7.1,53.56250000000091],[7.125,53.550000000000914],[7.125,53.525000000000915],[7.075,53.525000000000915],[7.075,53.53750000000091],[7.0375,53.53750000000091],[7.036099999999998,53.49069999999906],[7.015799999999999,53.49069999999906],[7.015799999999999,53.36710000000091],[7.025,53.362500000000914],[7.025,53.337500000000915],[7.2625,53.337500000000915],[7.25,53.31250000000091],[7.2375,53.31250000000091],[7.2375,53.275000000000915],[7.2125,53.26250000000091],[7.2125,53.237596],[7.174952000000455,53.237596],[7.1625,53.26250000000091],[7.137599999999999,53.26250000000091],[7.137599999999999,53.24709999999906],[7.1173,53.24709999999906],[7.1173,53.26250000000091],[7.076699999999999,53.26739999999906],[7.076699999999999,53.300000000000914],[6.9548999999999985,53.307999999999055],[6.9463999999990715,53.32500000000091],[6.925,53.32500000000091],[6.925,53.337500000000915],[6.893999999999998,53.34859999999906],[6.893466666666976,53.38919999999906],[6.8736999999999995,53.38919999999906],[6.8736999999999995,53.43750000000091],[6.825,53.43750000000091],[6.825,53.45000000000091],[6.772199999999998,53.450099999999054],[6.772199999999998,53.46024999999906],[6.6707,53.462500000000915],[6.6707,53.450099999999054],[6.6098,53.45000000000091],[6.6098,53.429799999999055],[6.427099999999999,53.429799999999055],[6.427099999999999,53.409499999999056],[6.29224999999907,53.409499999999056],[6.2875,53.400000000000915],[6.2241,53.400000000000915],[6.2241,53.38919999999906],[6.2037999999999975,53.38919999999906],[6.2037999999999975,53.400000000000915],[6.1736,53.400000000000915],[6.1736,56.445801],[6.6875,56.445801],[6.6875,56.400000000000915],[6.7125,56.400000000000915],[6.7125,56.37500000000091],[6.775,56.37500000000091],[6.775,56.362500000000914],[6.8625,56.362500000000914],[6.8625,56.300000000000914],[6.8875,56.28750000000091],[6.8875,56.25000000000091],[6.875,56.25000000000091],[6.875,56.20000000000091],[6.925,56.20000000000091],[6.9375,56.175000000000914],[6.975,56.175000000000914],[6.975,56.18750000000091],[7.0,56.18750000000091],[7.0,56.20000000000091],[7.025,56.20000000000091],[7.0375,56.175000000000914],[7.0875,56.16250000000091],[7.0875,56.150000000000915],[7.0375,56.150000000000915],[7.0375,56.10000000000091],[7.0625,56.10000000000091],[7.0625,56.087500000000915],[7.125,56.08909999999906],[7.125,56.10000000000091],[7.137599999999999,56.10000000000091],[7.137599999999999,56.109399999999056],[7.2375,56.109399999999056],[7.239099999999997,56.129699999999055],[7.299999999999997,56.129699999999055],[7.299999999999997,56.149999999999054],[7.3203,56.149999999999054],[7.3203,56.175000000000914],[7.3,56.175000000000914],[7.3,56.20000000000091],[7.325,56.20000000000091],[7.325,56.212500000000915],[7.375,56.212500000000915],[7.375,56.22500000000091],[7.3812,56.22500000000091],[7.3812,56.35299999999906],[7.299999999999997,56.35299999999906],[7.299999999999997,56.373299999999055],[7.259399999999999,56.373299999999055],[7.259399999999999,56.43419999999906],[7.299999999999997,56.43419999999906],[7.30580050000047,56.445801],[8.125,56.445801],[8.125,56.4375]],[[7.344100000003703,56.43419999999906],[7.3405999999999985,56.43595000000091],[7.3405999999999985,56.43419999999906],[7.344100000003703,56.43419999999906]],[[8.375899999999998,55.459799999999056],[8.4,55.462500000000915],[8.375899999999998,55.462500000000915],[8.375899999999998,55.459799999999056]],[[8.375899999999998,55.4375],[8.4375,55.4375],[8.4375,55.375],[8.475,55.356249999999996],[8.475,55.43750000000091],[8.375899999999998,55.4375]],[[8.475,55.10000000000091],[8.4875,55.087500000000915],[8.4875,55.07500000000091],[8.558599999999998,55.07500000000091],[8.558599999999998,55.1875],[8.5,55.1875],[8.5,55.125],[8.475,55.1125],[8.475,55.10000000000091]],[[8.4165,55.01319999999906],[8.3875,55.01250000000091],[8.4165,55.01250000000091],[8.4165,55.01319999999906]],[[8.314999999999998,54.9375],[8.3125,54.837500000000915],[8.3375,54.85000000000091],[8.3375,54.87500000000091],[8.3625,54.862500000000914],[8.3625,54.85000000000091],[8.375899999999998,54.85000000000091],[8.375899999999998,54.87109999999906],[8.436799999999998,54.87109999999906],[8.436799999999998,54.906337500000916],[8.3875,54.91250000000091],[8.3875,54.925000000000914],[8.375,54.925000000000914],[8.375,54.9375],[8.314999999999998,54.9375]],[[8.4875,54.76250000000091],[8.4875,54.75000000000091],[8.436799999999998,54.75000000000091],[8.436799999999998,54.70000000000091],[8.45,54.70000000000091],[8.45,54.688399999999056],[8.558599999999998,54.688399999999056],[8.558599999999998,54.74929999999905],[8.5383,54.74929999999905],[8.5383,54.76250000000091],[8.4875,54.76250000000091]],[[6.65,56.237500000000914],[6.65,56.18750000000091],[6.7625,56.18750000000091],[6.7625,56.22500000000091],[6.725,56.22500000000091],[6.725,56.237500000000914],[6.65,56.237500000000914]]],[[[4.1745,51.86350000000287],[4.164999999999999,51.88250000000287],[4.1365,51.88250000000287],[4.1365,51.892000000002874],[4.089,51.901500000002876],[4.0794999999999995,51.920500000002875],[4.0625,51.920500000002875],[4.0625,51.875],[4.011399999999998,51.875],[4.011399999999998,51.86669999999906],[3.9939999999999998,51.86669999999906],[3.9939999999999998,51.85400000000287],[4.003499999999999,51.85400000000287],[4.003499999999999,51.83500000000287],[3.9939999999999998,51.83500000000287],[3.9939999999999998,51.78750000000287],[3.9749999999999996,51.78750000000287],[3.9749999999999996,51.74000000000287],[3.9655000000000005,51.74000000000287],[3.9655000000000005,51.749500000002875],[3.9375,51.749500000002875],[3.9375,51.65462500000287],[3.9749999999999996,51.66400000000287],[3.9749999999999996,51.625],[4.0625,51.625],[4.0625,51.5625],[4.177631589361686,51.5625],[4.177631589361686,51.5],[4.1534999999999975,51.5],[4.1534999999999975,51.48099999999906],[4.133199999999999,51.48099999999906],[4.133199999999999,51.379499999999055],[4.177631589361686,51.379499999999055],[4.177631589361686,51.33889999999906],[4.1129,51.33889999999906],[4.1129,51.359199999999056],[4.052,51.359199999999056],[4.052,51.379499999999055],[4.013,51.379499999999055],[4.013,51.331500000002876],[3.9939999999999998,51.34100000000287],[3.9939999999999998,51.36000000000287],[3.9845000000000006,51.36000000000287],[3.9845000000000006,51.36950000000287],[3.950499999999998,51.36950000000287],[3.950499999999998,51.359199999999056],[3.9275,51.359199999999056],[3.9275,51.274500000002874],[3.9369999999999994,51.274500000002874],[3.9369999999999994,51.24600000000287],[3.9465000000000003,51.24600000000287],[3.9465000000000003,51.21750000000287],[3.9559999999999995,51.21750000000287],[3.9559999999999995,51.179500000002875],[3.9655000000000005,51.179500000002875],[3.9655000000000005,51.16050000000287],[3.9559999999999995,51.16050000000287],[3.9559999999999995,51.09400000000287],[3.9655000000000005,51.09400000000287],[3.9655000000000005,51.008500000002876],[3.9749999999999996,51.008500000002876],[3.9749999999999996,50.97050000000287],[3.9845000000000006,50.97050000000287],[3.9845000000000006,50.92300000000287],[3.9939999999999998,50.92300000000287],[4.003499999999999,50.84700000000287],[4.013,50.84700000000287],[4.022499999999999,50.77100000000287],[4.032,50.77100000000287],[4.032,50.733000000002875],[4.041499999999999,50.733000000002875],[4.051,50.638000000002876],[4.060499999999999,50.638000000002876],[4.060499999999999,50.60000000000287],[4.07,50.60000000000287],[4.07,50.562000000002875],[4.0794999999999995,50.562000000002875],[4.0794999999999995,50.514500000002876],[4.089,50.514500000002876],[4.089,50.46700000000288],[4.0985,50.46700000000288],[4.0985,50.438500000002875],[4.089,50.438500000002875],[4.089,50.42900000000287],[4.060499999999999,50.42900000000287],[4.060499999999999,50.41950000000287],[3.9845000000000006,50.41950000000287],[3.9845000000000006,50.410000000002874],[3.9369999999999994,50.410000000002874],[3.9369999999999994,50.40050000000287],[3.775499999999999,50.40050000000287],[3.775499999999999,50.91350000000287],[3.747,50.91350000000287],[3.747,50.87550000000287],[3.737499999999999,50.87550000000287],[3.737499999999999,50.81850000000287],[3.7089999999999996,50.81850000000287],[3.6995000000000005,50.704500000002874],[3.6899999999999995,50.704500000002874],[3.6899999999999995,50.64750000000287],[3.6805000000000003,50.64750000000287],[3.6805000000000003,50.60000000000287],[3.6709999999999994,50.60000000000287],[3.6709999999999994,50.55250000000287],[3.6615,50.55250000000287],[3.6615,50.50500000000287],[3.6519999999999992,50.50500000000287],[3.6519999999999992,50.457500000002874],[3.6425,50.457500000002874],[3.6425,50.41950000000287],[3.632999999999999,50.41950000000287],[3.632999999999999,50.47650000000287],[3.6425,50.47650000000287],[3.6425,50.562000000002875],[3.6519999999999992,50.562000000002875],[3.6519999999999992,50.638000000002876],[3.6615,50.638000000002876],[3.6615,50.733000000002875],[3.6709999999999994,50.733000000002875],[3.6709999999999994,50.809000000002875],[3.6805000000000003,50.809000000002875],[3.6805000000000003,50.89450000000287],[3.6899999999999995,50.89450000000287],[3.6899999999999995,50.980000000002875],[3.6995000000000005,50.980000000002875],[3.6995000000000005,51.06550000000287],[3.7089999999999996,51.06550000000287],[3.7185000000000006,51.21750000000287],[3.7279999999999998,51.21750000000287],[3.7279999999999998,51.274500000002874],[3.737499999999999,51.274500000002874],[3.737499999999999,51.32200000000287],[3.7279999999999998,51.32200000000287],[3.7185000000000006,51.359199999999056],[3.6662999999999997,51.359199999999056],[3.6662999999999997,51.36934999999905],[3.6045,51.379000000002875],[3.6045,51.331500000002876],[3.5950000000000006,51.331500000002876],[3.5950000000000006,51.303000000002875],[3.5854999999999997,51.303000000002875],[3.5760000000000005,51.24600000000287],[3.5664999999999996,51.24600000000287],[3.5570000000000004,51.208000000002876],[3.5474999999999994,51.208000000002876],[3.5474999999999994,51.16050000000287],[3.5380000000000003,51.16050000000287],[3.5380000000000003,51.18900000000287],[3.519,51.18900000000287],[3.519,51.208000000002876],[3.509499999999999,51.208000000002876],[3.509499999999999,51.227000000002874],[3.5,51.227000000002874],[3.490499999999999,51.28400000000288],[3.471499999999999,51.29350000000287],[3.471499999999999,51.31250000000287],[3.4619999999999997,51.31250000000287],[3.4619999999999997,51.34100000000287],[3.4525000000000006,51.34100000000287],[3.4525000000000006,51.350500000002874],[3.4335000000000004,51.36000000000287],[3.4239999999999995,51.379000000002875],[3.3955,51.379000000002875],[3.3955,51.36000000000287],[3.3859999999999992,51.36000000000287],[3.3859999999999992,50.91350000000287],[3.3575,50.91350000000287],[3.3575,50.885000000002876],[3.347999999999999,50.885000000002876],[3.347999999999999,50.932500000002875],[3.3385,50.932500000002875],[3.3385,50.99900000000287],[3.3290000000000006,50.99900000000287],[3.3290000000000006,51.06550000000287],[3.3194999999999997,51.06550000000287],[3.3194999999999997,51.19850000000287],[3.3100000000000005,51.19850000000287],[3.3100000000000005,51.21750000000287],[3.3004999999999995,51.21750000000287],[3.3004999999999995,51.255500000002876],[3.2910000000000004,51.255500000002876],[3.2910000000000004,51.28400000000288],[3.2814999999999994,51.28400000000288],[3.2814999999999994,51.303000000002875],[3.2720000000000002,51.303000000002875],[3.2720000000000002,51.34100000000287],[3.243499999999999,51.33889999999906],[3.243499999999999,50.99900000000287],[3.253,50.99900000000287],[3.253,50.94200000000287],[3.2624999999999993,50.94200000000287],[3.2624999999999993,50.91350000000287],[3.253,50.91350000000287],[3.253,50.89450000000287],[3.224499999999999,50.89450000000287],[3.224499999999999,50.91350000000287],[3.215,50.91350000000287],[3.215,50.94200000000287],[3.205499999999999,50.94200000000287],[3.205499999999999,50.961000000002876],[3.1959999999999997,50.961000000002876],[3.1865000000000006,50.99900000000287],[3.1769999999999996,50.99900000000287],[3.1769999999999996,51.01800000000287],[3.1579999999999995,51.027500000002874],[3.1579999999999995,51.04650000000287],[3.1485000000000003,51.04650000000287],[3.1485000000000003,51.056000000002875],[3.1389999999999993,51.056000000002875],[3.1295,51.09400000000287],[3.119999999999999,51.09400000000287],[3.119999999999999,51.11300000000287],[3.1105,51.11300000000287],[3.1105,51.14150000000287],[3.100999999999999,51.14150000000287],[3.100999999999999,51.16050000000287],[3.0725,51.16050000000287],[3.0725,51.12250000000287],[3.081999999999999,51.12250000000287],[3.081999999999999,51.103500000002875],[3.0915,51.103500000002875],[3.100999999999999,51.04650000000287],[3.1105,51.04650000000287],[3.1105,51.027500000002874],[3.119999999999999,51.027500000002874],[3.119999999999999,50.97050000000287],[3.1295,50.97050000000287],[3.1389999999999993,50.932500000002875],[3.1485000000000003,50.932500000002875],[3.1485000000000003,50.904000000002874],[3.1579999999999995,50.904000000002874],[3.1579999999999995,50.885000000002876],[3.1675000000000004,50.885000000002876],[3.1769999999999996,50.82800000000287],[3.1865000000000006,50.82800000000287],[3.1865000000000006,50.809000000002875],[3.1959999999999997,50.809000000002875],[3.205499999999999,50.75200000000287],[3.215,50.75200000000287],[3.215,50.733000000002875],[3.224499999999999,50.733000000002875],[3.224499999999999,50.704500000002874],[3.234,50.704500000002874],[3.234,50.67600000000287],[3.243499999999999,50.67600000000287],[3.243499999999999,50.657000000002874],[3.253,50.657000000002874],[3.253,50.638000000002876],[3.2624999999999993,50.638000000002876],[3.2720000000000002,50.581000000002874],[3.2814999999999994,50.581000000002874],[3.2814999999999994,50.562000000002875],[3.2910000000000004,50.562000000002875],[3.3004999999999995,50.52400000000287],[3.3100000000000005,50.52400000000287],[3.3194999999999997,50.46700000000288],[3.3290000000000006,50.46700000000288],[3.3290000000000006,50.44800000000287],[3.3385,50.44800000000287],[3.3385,50.41950000000287],[3.347999999999999,50.41950000000287],[3.347999999999999,50.40050000000287],[3.3100000000000005,50.391000000002876],[3.3100000000000005,50.38150000000287],[3.2814999999999994,50.38150000000287],[3.2814999999999994,50.37200000000287],[3.243499999999999,50.362500000002875],[3.243499999999999,50.35300000000287],[3.224499999999999,50.35300000000287],[3.224499999999999,50.34350000000288],[3.1959999999999997,50.34350000000288],[3.1959999999999997,50.334000000002874],[3.1769999999999996,50.334000000002874],[3.1769999999999996,50.32450000000287],[3.1389999999999993,50.32450000000287],[3.1389999999999993,50.315000000002875],[3.119999999999999,50.315000000002875],[3.119999999999999,50.30550000000287],[3.1105,50.30550000000287],[3.1105,50.34350000000288],[3.100999999999999,50.34350000000288],[3.100999999999999,50.362500000002875],[3.0915,50.362500000002875],[3.0915,50.38150000000287],[3.081999999999999,50.38150000000287],[3.081999999999999,50.40050000000287],[3.0725,50.40050000000287],[3.0725,50.410000000002874],[3.0534999999999997,50.410000000002874],[3.0534999999999997,50.438500000002875],[3.0440000000000005,50.438500000002875],[3.0440000000000005,50.457500000002874],[3.0344999999999995,50.457500000002874],[3.0344999999999995,50.47650000000287],[3.0250000000000004,50.47650000000287],[3.0250000000000004,50.50500000000287],[3.0154999999999994,50.50500000000287],[3.0154999999999994,50.52400000000287],[3.0060000000000002,50.52400000000287],[3.0060000000000002,50.55250000000287],[2.9964999999999993,50.55250000000287],[2.987,50.590500000002876],[2.977499999999999,50.590500000002876],[2.977499999999999,50.61900000000287],[2.968,50.61900000000287],[2.968,50.638000000002876],[2.958499999999999,50.638000000002876],[2.949,50.67600000000287],[2.939499999999999,50.67600000000287],[2.939499999999999,50.69500000000287],[2.9299999999999997,50.69500000000287],[2.9299999999999997,50.72350000000287],[2.9205000000000005,50.72350000000287],[2.9205000000000005,50.74250000000287],[2.9109999999999996,50.74250000000287],[2.9109999999999996,50.761500000002876],[2.9015000000000004,50.761500000002876],[2.9015000000000004,50.79000000000288],[2.8919999999999995,50.79000000000288],[2.8919999999999995,50.809000000002875],[2.8825000000000003,50.809000000002875],[2.8825000000000003,50.837500000002876],[2.8729999999999993,50.837500000002876],[2.8729999999999993,50.856500000002875],[2.8635,50.856500000002875],[2.8635,50.87550000000287],[2.853999999999999,50.87550000000287],[2.853999999999999,50.89450000000287],[2.834999999999999,50.904000000002874],[2.8255,50.94200000000287],[2.815999999999999,50.94200000000287],[2.815999999999999,50.95150000000287],[2.8064999999999998,50.95150000000287],[2.8064999999999998,50.97050000000287],[2.7874999999999996,50.980000000002875],[2.7874999999999996,50.99900000000287],[2.7780000000000005,50.99900000000287],[2.7780000000000005,51.01800000000287],[2.7684999999999995,51.01800000000287],[2.7590000000000003,51.056000000002875],[2.7494999999999994,51.056000000002875],[2.7494999999999994,51.07500000000287],[2.74,51.07500000000287],[2.74,51.09400000000287],[2.7304999999999993,51.09400000000287],[2.7304999999999993,51.103500000002875],[2.711499999999999,51.11300000000287],[2.711499999999999,51.12000000000406],[2.6799999999999997,51.12000000000406],[2.6799999999999997,51.100000000004066],[2.6639999999999997,51.100000000004066],[2.6639999999999997,51.027500000002874],[2.6735000000000007,51.027500000002874],[2.6735000000000007,50.97050000000287],[2.683,50.97050000000287],[2.683,50.932500000002875],[2.692499999999999,50.932500000002875],[2.692499999999999,50.885000000002876],[2.702,50.885000000002876],[2.702,50.84700000000287],[2.711499999999999,50.84700000000287],[2.721,50.79000000000288],[2.7304999999999993,50.79000000000288],[2.7304999999999993,50.77100000000287],[2.721,50.77100000000287],[2.721,50.72350000000287],[2.7304999999999993,50.72350000000287],[2.7304999999999993,50.69500000000287],[2.74,50.69500000000287],[2.74,50.67600000000287],[2.7494999999999994,50.67600000000287],[2.7590000000000003,50.61900000000287],[2.7684999999999995,50.61900000000287],[2.7684999999999995,50.60000000000287],[2.7780000000000005,50.60000000000287],[2.7874999999999996,50.54300000000287],[2.7970000000000006,50.54300000000287],[2.7970000000000006,50.52400000000287],[2.8064999999999998,50.52400000000287],[2.8064999999999998,50.49550000000287],[2.815999999999999,50.49550000000287],[2.815999999999999,50.46700000000288],[2.8255,50.46700000000288],[2.8255,50.438500000002875],[2.834999999999999,50.438500000002875],[2.834999999999999,50.410000000002874],[2.8445,50.410000000002874],[2.8445,50.37200000000287],[2.853999999999999,50.37200000000287],[2.853999999999999,50.35300000000287],[2.8635,50.35300000000287],[2.8635,50.315000000002875],[2.8729999999999993,50.315000000002875],[2.8729999999999993,50.286500000002874],[2.8825000000000003,50.286500000002874],[2.8825000000000003,50.25800000000287],[2.8919999999999995,50.25800000000287],[2.8919999999999995,50.22000000000287],[2.8729999999999993,50.22000000000287],[2.8729999999999993,50.210500000002874],[2.8445,50.210500000002874],[2.8445,50.20100000000287],[2.8255,50.20100000000287],[2.8255,50.191500000002875],[2.7780000000000005,50.191500000002875],[2.7780000000000005,50.18200000000287],[2.7590000000000003,50.18200000000287],[2.7590000000000003,50.17250000000287],[2.721,50.17250000000287],[2.721,50.163000000002874],[2.692499999999999,50.163000000002874],[2.692499999999999,50.15350000000287],[2.5975,50.144000000002876],[2.5975,50.15350000000287],[2.5785,50.15350000000287],[2.5785,50.17250000000287],[2.5595,50.17250000000287],[2.549999999999999,50.191500000002875],[2.5310000000000006,50.20100000000287],[2.5310000000000006,50.24850000000287],[2.5214999999999996,50.24850000000287],[2.5214999999999996,50.30550000000287],[2.5120000000000005,50.30550000000287],[2.5120000000000005,50.38150000000287],[2.5024999999999995,50.38150000000287],[2.5024999999999995,50.438500000002875],[2.4930000000000003,50.438500000002875],[2.4930000000000003,50.50500000000287],[2.4834999999999994,50.50500000000287],[2.4834999999999994,50.57150000000287],[2.474,50.57150000000287],[2.474,50.704500000002874],[2.4644999999999992,50.704500000002874],[2.4644999999999992,50.77100000000287],[2.455,50.77100000000287],[2.455,50.837500000002876],[2.445499999999999,50.837500000002876],[2.445499999999999,50.904000000002874],[2.436,50.904000000002874],[2.436,50.92300000000287],[2.426499999999999,50.92300000000287],[2.426499999999999,50.980000000002875],[2.417,50.980000000002875],[2.417,51.01800000000287],[2.3282,51.02000000000406],[2.3247999999999998,50.982199999999274],[2.315666666665869,51.02000000000406],[2.2908,51.02000000000406],[2.2908,50.99919999999928],[2.284,51.02000000000406],[2.2703999999999995,51.02000000000406],[2.2737999999999996,50.99919999999928],[2.2669999999999995,50.99919999999928],[2.2635999999999994,50.982199999999274],[2.2534,51.01619999999928],[2.219999999999999,51.02000000000406],[2.219999999999999,51.000000000004064],[2.1415000000000006,51.000000000004064],[2.1415000000000006,50.95150000000287],[2.1319999999999997,50.95150000000287],[2.1319999999999997,50.97050000000287],[2.1225000000000005,50.97050000000287],[2.1225000000000005,50.980000000002875],[2.0599999999999987,50.98000000000407],[2.0599999999999987,50.960000000004065],[1.9799999999999995,50.960000000004065],[1.9894999999999996,50.904000000002874],[1.9989999999999997,50.904000000002874],[1.9989999999999997,50.856500000002875],[2.0084999999999997,50.856500000002875],[2.0084999999999997,50.809000000002875],[2.0180000000000007,50.809000000002875],[2.0180000000000007,50.75200000000287],[2.0275,50.75200000000287],[2.0275,50.714000000002876],[2.036999999999999,50.714000000002876],[2.036999999999999,50.657000000002874],[2.0465,50.657000000002874],[2.0465,50.60000000000287],[2.055999999999999,50.60000000000287],[2.055999999999999,50.562000000002875],[2.0465,50.562000000002875],[2.0465,50.57150000000287],[2.0275,50.57150000000287],[2.0275,50.581000000002874],[1.9989999999999997,50.581000000002874],[1.9989999999999997,50.590500000002876],[1.9894999999999996,50.590500000002876],[1.9799999999999995,50.609500000002875],[1.9704999999999995,50.609500000002875],[1.9704999999999995,50.62850000000287],[1.9420000000000002,50.62850000000287],[1.9325,50.64750000000287],[1.904,50.64750000000287],[1.8944999999999999,50.66650000000287],[1.8754999999999997,50.66650000000287],[1.8659999999999997,50.685500000002875],[1.8469999999999995,50.685500000002875],[1.8469999999999995,50.704500000002874],[1.7995,50.704500000002874],[1.7995,50.714000000002876],[1.771,50.714000000002876],[1.771,50.72350000000287],[1.7044999999999995,50.72350000000287],[1.7044999999999995,50.733000000002875],[1.6855000000000002,50.733000000002875],[1.6855000000000002,50.74250000000287],[1.625,50.74250000000287],[1.625,50.638000000002876],[1.7329999999999997,50.638000000002876],[1.7329999999999997,50.62850000000287],[1.7044999999999995,50.62850000000287],[1.6949999999999994,50.609500000002875],[1.657,50.609500000002875],[1.6475,50.590500000002876],[1.625,50.590500000002876],[1.625,50.5],[1.5999999999999996,50.5],[1.6094999999999997,50.49550000000287],[1.6094999999999997,50.486000000002875],[1.5800000000000018,50.486000000002875],[1.5800000000000018,50.410000000002874],[1.5999999999999996,50.410000000002874],[1.5999999999999996,50.38150000000287],[1.5904999999999996,50.38150000000287],[1.5904999999999996,50.37359999999928],[1.6039999999999996,50.37019999999928],[1.5904999999999996,50.37019999999928],[1.5904999999999996,50.34350000000288],[1.5625,50.34350000000288],[1.5625,50.26299999999906],[1.595699999999999,50.26299999999906],[1.6016999999990453,50.239000000002875],[1.6094999999999997,50.239000000002875],[1.6094999999999997,50.25800000000287],[1.6284999999999998,50.25800000000287],[1.6284999999999998,50.267500000002876],[1.6475,50.27700000000287],[1.6475,50.29600000000287],[1.6760000000000002,50.29600000000287],[1.6760000000000002,50.267500000002876],[1.6665,50.267500000002876],[1.6665,50.22950000000287],[1.657,50.22950000000287],[1.657,50.20100000000287],[1.6753999999999998,50.18999999999928],[1.6665,50.18999999999928],[1.6665,50.18200000000287],[1.6481999999999997,50.18200000000287],[1.638,50.144000000002876],[1.6284999999999998,50.144000000002876],[1.6284999999999998,50.12500000000287],[1.6094999999999997,50.12500000000287],[1.6094999999999997,50.087000000002874],[1.5999999999999996,50.087000000002874],[1.5999999999999996,50.16000000000406],[1.5800000000000018,50.16000000000406],[1.5800000000000018,50.180000000004064],[1.5543750000002983,50.180000000004064],[1.5430000000000001,50.16775000000287],[1.5393999999999997,50.14239999999928],[1.5145,50.144000000002876],[1.5145,50.15350000000287],[1.5,50.15350000000287],[1.5,50.125],[1.4600000000000009,50.12000000000406],[1.4600000000000009,50.06000000000407],[1.4400000000000013,50.06000000000407],[1.4400000000000013,50.04000000000406],[1.4195000000000002,50.04000000000406],[1.4195000000000002,49.97300000000287],[1.4289999999999994,49.97300000000287],[1.4289999999999994,49.944500000002876],[1.4384999999999994,49.944500000002876],[1.4384999999999994,49.916000000002875],[1.4479999999999995,49.916000000002875],[1.4479999999999995,49.897000000002876],[1.4574999999999996,49.897000000002876],[1.4574999999999996,49.87800000000287],[1.4669999999999996,49.87800000000287],[1.4669999999999996,49.84950000000288],[1.4764999999999997,49.84950000000288],[1.4764999999999997,49.83050000000287],[1.4859999999999998,49.83050000000287],[1.4859999999999998,49.81150000000287],[1.4954999999999998,49.81150000000287],[1.4954999999999998,49.78300000000287],[1.505,49.78300000000287],[1.505,49.76400000000287],[1.5145,49.76400000000287],[1.5145,49.73550000000287],[1.4954999999999998,49.745000000002875],[1.4954999999999998,49.76400000000287],[1.4859999999999998,49.76400000000287],[1.4764999999999997,49.80200000000287],[1.4669999999999996,49.80200000000287],[1.4669999999999996,49.821000000002876],[1.4574999999999996,49.821000000002876],[1.4574999999999996,49.840000000002874],[1.4479999999999995,49.840000000002874],[1.4384999999999994,49.87800000000287],[1.4289999999999994,49.87800000000287],[1.4289999999999994,49.897000000002876],[1.4195000000000002,49.897000000002876],[1.4195000000000002,49.90650000000287],[1.391,49.90650000000287],[1.391,49.916000000002875],[1.3815,49.916000000002875],[1.3815,49.93500000000287],[1.3719999999999999,49.93500000000287],[1.3719999999999999,49.944500000002876],[1.3529999999999998,49.95400000000287],[1.3434999999999997,49.992000000002875],[1.3299999999994045,50.000000000004064],[1.2795499999974993,49.99909999999906],[1.2600000000000016,49.960000000004065],[1.2199999999999989,49.960000000004065],[1.1999999999999993,49.920000000004066],[1.1535000000000002,49.920000000004066],[1.1535000000000002,49.88750000000287],[1.1630000000000003,49.88750000000287],[1.1630000000000003,49.84950000000288],[1.1724999999999994,49.84950000000288],[1.1724999999999994,49.821000000002876],[1.1819999999999995,49.821000000002876],[1.1819999999999995,49.75450000000287],[1.1914999999999996,49.75450000000287],[1.2009999999999996,49.697500000002876],[1.2104999999999997,49.697500000002876],[1.2104999999999997,49.650000000002876],[1.1914999999999996,49.650000000002876],[1.1914999999999996,49.593000000002874],[1.1819999999999995,49.593000000002874],[1.1724999999999994,49.650000000002876],[1.1630000000000003,49.650000000002876],[1.1630000000000003,49.669000000002875],[1.1535000000000002,49.669000000002875],[1.1535000000000002,49.70700000000287],[1.1440000000000001,49.70700000000287],[1.1440000000000001,49.72600000000287],[1.1345,49.72600000000287],[1.1345,49.76400000000287],[1.125,49.76400000000287],[1.125,49.80200000000287],[1.1155,49.80200000000287],[1.1059999999999999,49.87800000000287],[1.0869999999999997,49.87800000000287],[1.0869999999999997,49.88750000000287],[1.0584999999999996,49.88750000000287],[1.0584999999999996,49.87800000000287],[1.0489999999999995,49.87800000000287],[1.0489999999999995,49.90000000000406],[1.0399999999999991,49.90000000000406],[1.0399999999999991,49.88000000000406],[1.0199999999999996,49.88000000000406],[1.0199999999999996,49.90000000000406],[1.0110000000000001,49.90000000000406],[1.0110000000000001,49.697500000002876],[1.0015,49.697500000002876],[1.0015,49.88750000000287],[0.9729999999999999,49.88750000000287],[0.9729999999999999,49.90000000000406],[0.9000000000000021,49.89759999999906],[0.9000000000000021,49.860000000004064],[0.8000000000000007,49.860000000004064],[0.8000000000000007,49.84000000000407],[0.7734999999999994,49.84000000000407],[0.7734999999999994,49.716500000002874],[0.7545000000000002,49.716500000002874],[0.7545000000000002,49.53600000000287],[0.7355,49.53600000000287],[0.7355,49.545500000002875],[0.726,49.545500000002875],[0.726,49.61200000000287],[0.7164999999999999,49.61200000000287],[0.7164999999999999,49.697500000002876],[0.7069999999999999,49.697500000002876],[0.7069999999999999,49.72600000000287],[0.6974999999999998,49.72600000000287],[0.6974999999999998,49.78300000000287],[0.6310000000000002,49.78300000000287],[0.6310000000000002,49.76400000000287],[0.6215000000000002,49.76400000000287],[0.6215000000000002,49.72600000000287],[0.6310000000000002,49.72600000000287],[0.6310000000000002,49.67850000000287],[0.6215000000000002,49.67850000000287],[0.6215000000000002,49.697500000002876],[0.6120000000000001,49.697500000002876],[0.6120000000000001,49.716500000002874],[0.6025,49.716500000002874],[0.6025,49.73550000000287],[0.593,49.73550000000287],[0.593,49.76400000000287],[0.5834999999999999,49.76400000000287],[0.5834999999999999,49.773500000002876],[0.5359999999999996,49.773500000002876],[0.5359999999999996,49.75450000000287],[0.5074999999999994,49.75450000000287],[0.5074999999999994,49.773500000002876],[0.48850000000000016,49.78300000000287],[0.48850000000000016,49.792500000002875],[0.4751363636357164,49.79027272727549],[0.46000000000000085,49.76000000000406],[0.4219999999999997,49.76000000000406],[0.4219999999999997,49.745000000002875],[0.4314999999999998,49.745000000002875],[0.4314999999999998,49.716500000002874],[0.44099999999999984,49.716500000002874],[0.4504999999999999,49.65950000000287],[0.45999999999999996,49.65950000000287],[0.45999999999999996,49.62559999999928],[0.5261999999999998,49.62899999999928],[0.5465999999999998,49.618799999999275],[0.5465999999999998,49.60179999999928],[0.5227999999999997,49.503199999999275],[0.516,49.503199999999275],[0.5126,49.469199999999276],[0.5057999999999998,49.46239999999928],[0.5057999999999998,49.48619999999928],[0.49560000000000004,49.48619999999928],[0.49219999999999997,49.472599999999275],[0.516,49.33659999999928],[0.4514,49.30939999999928],[0.32699999999999996,49.28899999999928],[0.32699999999999996,49.21300000000287],[0.3365,49.21300000000287],[0.3460000000000001,49.080000000002876],[0.35550000000000015,49.080000000002876],[0.35550000000000015,49.023000000002874],[0.3650000000000002,49.023000000002874],[0.3650000000000002,48.956500000002876],[0.3745000000000003,48.956500000002876],[0.3745000000000003,48.89000000000287],[0.38399999999999945,48.89000000000287],[0.38399999999999945,48.833000000002876],[0.3934999999999995,48.833000000002876],[0.3934999999999995,48.776000000002874],[0.4029999999999996,48.776000000002874],[0.4029999999999996,48.709500000002876],[0.3745000000000003,48.709500000002876],[0.3745000000000003,48.74750000000287],[0.3650000000000002,48.74750000000287],[0.3650000000000002,48.76650000000287],[0.35550000000000015,48.76650000000287],[0.35550000000000015,48.804500000002875],[0.3460000000000001,48.804500000002875],[0.3460000000000001,48.82350000000287],[0.3365,48.82350000000287],[0.3365,48.852000000002874],[0.32699999999999996,48.852000000002874],[0.3174999999999999,48.90900000000288],[0.30799999999999983,48.90900000000288],[0.30799999999999983,48.93750000000287],[0.29849999999999977,48.93750000000287],[0.29849999999999977,48.975500000002874],[0.2889999999999997,48.975500000002874],[0.2889999999999997,49.004000000002875],[0.27949999999999964,49.004000000002875],[0.27949999999999964,49.03250000000287],[0.2699999999999996,49.03250000000287],[0.2699999999999996,49.051500000002875],[0.25099999999999945,49.051500000002875],[0.25099999999999945,49.07050000000287],[0.2320000000000002,49.080000000002876],[0.2320000000000002,49.099000000002874],[0.21300000000000008,49.10850000000287],[0.21300000000000008,49.127500000002875],[0.20350000000000001,49.127500000002875],[0.19399999999999995,49.146500000002874],[0.1844999999999999,49.146500000002874],[0.17499999999999982,49.18450000000287],[0.16549999999999976,49.18450000000287],[0.16549999999999976,49.19400000000287],[0.14649999999999963,49.203500000002876],[0.14649999999999963,49.222500000002874],[0.13699999999999957,49.222500000002874],[0.1274999999999995,49.24150000000287],[0.11799999999999944,49.24150000000287],[0.10850000000000026,49.27950000000288],[0.08950000000000014,49.28900000000287],[0.08950000000000014,49.298500000002875],[0.07050000000000001,49.30800000000287],[0.07050000000000001,49.31750000000287],[0.03999999999999915,49.320000000004065],[0.022999999999999687,49.27950000000288],[-0.03999999999999915,49.280000000004065],[-0.03999999999999915,49.26000000000406],[-0.1623124999998513,49.26000000000406],[-0.16699999999999982,49.222500000002874],[-0.17649999999999988,49.222500000002874],[-0.17649999999999988,49.26000000000406],[-0.3000000000000007,49.26000000000406],[-0.3000000000000007,49.280000000004065],[-0.35999999999999943,49.280000000004065],[-0.35999999999999943,49.286500000002874],[-0.36650000000000027,49.26050000000287],[-0.37600000000000033,49.26050000000287],[-0.37600000000000033,49.24150000000287],[-0.4139999999999997,49.24150000000287],[-0.4139999999999997,49.222500000002874],[-0.43299999999999983,49.222500000002874],[-0.43299999999999983,49.203500000002876],[-0.45199999999999996,49.203500000002876],[-0.45199999999999996,49.30000000000406],[-0.4800000000000004,49.30000000000406],[-0.4800000000000004,49.320000000004065],[-0.5185000000000004,49.31750000000287],[-0.5185000000000004,49.27950000000288],[-0.5346000000000002,49.27539999999928],[-0.5375000000000005,49.127500000002875],[-0.5469999999999997,49.127500000002875],[-0.5469999999999997,49.08950000000287],[-0.5564999999999998,49.08950000000287],[-0.5564999999999998,49.15600000000288],[-0.5659999999999998,49.15600000000288],[-0.5659999999999998,49.203500000002876],[-0.5564999999999998,49.203500000002876],[-0.5564999999999998,49.31750000000287],[-0.5799999999999983,49.320000000004065],[-0.5799999999999983,49.30000000000406],[-0.6400000000000006,49.30000000000406],[-0.6400000000000006,49.320000000004065],[-0.7465000000000002,49.31750000000287],[-0.7465000000000002,49.24150000000287],[-0.7655000000000003,49.23200000000287],[-0.7655000000000003,49.18450000000287],[-0.7750000000000004,49.18450000000287],[-0.7750000000000004,49.127500000002875],[-0.7845000000000004,49.127500000002875],[-0.7845000000000004,49.08950000000287],[-0.7940000000000005,49.08950000000287],[-0.7940000000000005,49.03250000000287],[-0.8035000000000005,49.03250000000287],[-0.8035000000000005,48.99450000000287],[-0.8129999999999997,48.99450000000287],[-0.7940000000000005,49.18450000000287],[-0.8035000000000005,49.18450000000287],[-0.8035000000000005,49.28900000000287],[-0.8129999999999997,49.28900000000287],[-0.8129999999999997,49.298500000002875],[-0.8414999999999999,49.298500000002875],[-0.8414999999999999,49.34000000000407],[-0.8999999999999986,49.34000000000407],[-0.9099999999999984,49.360000000004064],[-0.9270000000000005,49.35550000000288],[-0.9270000000000005,49.33650000000287],[-0.9365000000000006,49.33650000000287],[-0.9365000000000006,49.31750000000287],[-0.9459999999999997,49.31750000000287],[-0.9459999999999997,49.28900000000287],[-0.9554999999999998,49.28900000000287],[-0.9554999999999998,49.26050000000287],[-0.9649999999999999,49.26050000000287],[-0.9744999999999999,49.18450000000287],[-0.984,49.18450000000287],[-0.984,49.16550000000287],[-0.9935,49.16550000000287],[-0.9935,49.222500000002874],[-1.0030000000000001,49.222500000002874],[-0.9935,49.31750000000287],[-1.0030000000000001,49.31750000000287],[-1.008312500000149,49.360000000004064],[-1.0799999999999983,49.360000000004064],[-1.0799999999999983,49.34000000000407],[-1.120000000000001,49.34000000000407],[-1.120000000000001,49.320000000004065],[-1.1600000000000001,49.320000000004065],[-1.1600000000000001,49.34000000000407],[-1.1999999999999993,49.34000000000407],[-1.1999999999999993,49.420000000004066],[-1.259999999999998,49.420000000004066],[-1.259999999999998,49.44000000000406],[-1.2800000000000011,49.44000000000406],[-1.2800000000000011,49.48000000000407],[-1.3200000000000003,49.48000000000407],[-1.3200000000000003,49.600000000004066],[-1.2800000000000011,49.600000000004066],[-1.2800000000000011,49.63100000000287],[-1.2880000000000003,49.63100000000287],[-1.2880000000000003,49.64050000000287],[-1.3165000000000004,49.64050000000287],[-1.3165000000000004,49.63100000000287],[-1.3544999999999998,49.63100000000287],[-1.3544999999999998,49.67241666667073],[-1.383,49.67716666667073],[-1.383,49.60250000000288],[-1.3925,49.60250000000288],[-1.3925,49.593000000002874],[-1.4210000000000003,49.593000000002874],[-1.4305000000000003,49.55500000000287],[-1.4495000000000005,49.55500000000287],[-1.4590000000000005,49.593000000002874],[-1.4684999999999997,49.593000000002874],[-1.4779999999999998,49.61200000000287],[-1.4874999999999998,49.61200000000287],[-1.4874999999999998,49.63100000000287],[-1.4969999999999999,49.63100000000287],[-1.4969999999999999,49.640000000004065],[-1.5,49.62000000000406],[-1.6395,49.62871875000406],[-1.6395,49.58350000000287],[-1.649,49.58350000000287],[-1.649,49.62931250000406],[-1.710215384615093,49.63313846154251],[-1.7155000000000005,49.61200000000287],[-1.7250000000000005,49.61200000000287],[-1.7250000000000005,49.53600000000287],[-1.7155000000000005,49.53600000000287],[-1.7155000000000005,49.526500000002876],[-1.6965000000000003,49.526500000002876],[-1.6965000000000003,49.50750000000287],[-1.6775000000000002,49.50750000000287],[-1.6680000000000001,49.48850000000287],[-1.649,49.48850000000287],[-1.649,49.47900000000287],[-1.5730000000000004,49.46000000000287],[-1.5730000000000004,49.44100000000287],[-1.5825000000000005,49.44100000000287],[-1.5825000000000005,49.43150000000287],[-1.6014999999999997,49.422000000002875],[-1.6014999999999997,49.393500000002874],[-1.5920000000000005,49.393500000002874],[-1.5920000000000005,49.38400000000287],[-1.6109999999999998,49.38400000000287],[-1.6109999999999998,49.35550000000288],[-1.6204999999999998,49.35550000000288],[-1.6204999999999998,49.33650000000287],[-1.649,49.33650000000287],[-1.649,49.3245],[-1.6204999999999998,49.30800000000287],[-1.6204999999999998,49.327000000002876],[-1.5920000000000005,49.327000000002876],[-1.5920000000000005,49.33650000000287],[-1.5730000000000004,49.33650000000287],[-1.5825000000000005,49.31750000000287],[-1.6014999999999997,49.31750000000287],[-1.6014999999999997,49.298500000002875],[-1.6204999999999998,49.298500000002875],[-1.621500000005753,49.27950000000288],[-1.5625,49.25],[-1.5625,49.20006250000287],[-1.5350000000000001,49.203500000002876],[-1.5350000000000001,49.19400000000287],[-1.5445000000000002,49.19400000000287],[-1.5445000000000002,49.18450000000287],[-1.5625,49.17550000000288],[-1.5625,49.080000000002876],[-1.5540000000000003,49.080000000002876],[-1.5540000000000003,49.07050000000287],[-1.5625,49.07050000000287],[-1.5599999999999987,48.9828333333362],[-1.516,48.975500000002874],[-1.516,48.96600000000287],[-1.4779999999999998,48.96600000000287],[-1.4779999999999998,48.956500000002876],[-1.5350000000000001,48.956500000002876],[-1.5350000000000001,48.93750000000287],[-1.5524,48.93750000000287],[-1.5524,48.914599999999275],[-1.5599999999999987,48.928000000002875],[-1.5625,48.776000000002874],[-1.5255,48.776000000002874],[-1.516,48.79500000000287],[-1.4969999999999999,48.79500000000287],[-1.4874999999999998,48.81400000000287],[-1.4590000000000005,48.81400000000287],[-1.4495000000000005,48.833000000002876],[-1.4210000000000003,48.833000000002876],[-1.4210000000000003,48.84250000000287],[-1.383,48.84250000000287],[-1.383,48.833000000002876],[-1.3925,48.833000000002876],[-1.3925,48.81400000000287],[-1.4020000000000001,48.81400000000287],[-1.4020000000000001,48.709500000002876],[-1.3544999999999998,48.709500000002876],[-1.3544999999999998,48.71900000000287],[-1.3449999999999998,48.71900000000287],[-1.3449999999999998,48.73800000000287],[-1.3354999999999997,48.73800000000287],[-1.3260000000000005,48.757000000002876],[-1.3165000000000004,48.757000000002876],[-1.3165000000000004,48.776000000002874],[-1.3070000000000004,48.776000000002874],[-1.2975000000000003,48.79500000000287],[-1.2880000000000003,48.79500000000287],[-1.2880000000000003,48.804500000002875],[-1.2785000000000002,48.804500000002875],[-1.2690000000000001,48.82350000000287],[-1.2595,48.82350000000287],[-1.2595,48.833000000002876],[-1.25,48.833000000002876],[-1.25,48.852000000002874],[-1.2309999999999999,48.852000000002874],[-1.2309999999999999,48.87100000000287],[-1.2214999999999998,48.87100000000287],[-1.2214999999999998,48.880500000002876],[-1.2119999999999997,48.880500000002876],[-1.2024999999999997,48.899500000002874],[-1.1930000000000005,48.899500000002874],[-1.1930000000000005,48.90900000000288],[-1.1835000000000004,48.90900000000288],[-1.1835000000000004,48.928000000002875],[-1.1645000000000003,48.928000000002875],[-1.1645000000000003,48.94700000000287],[-1.1550000000000002,48.94700000000287],[-1.1550000000000002,48.956500000002876],[-1.1360000000000001,48.956500000002876],[-1.1360000000000001,48.94700000000287],[-1.0979999999999999,48.94700000000287],[-1.0979999999999999,48.93750000000287],[-1.0789999999999997,48.93750000000287],[-1.0789999999999997,48.928000000002875],[-1.0410000000000004,48.928000000002875],[-1.0410000000000004,48.91850000000287],[-1.0220000000000002,48.91850000000287],[-1.0220000000000002,48.90900000000288],[-0.984,48.90900000000288],[-0.984,48.899500000002874],[-0.9744999999999999,48.899500000002874],[-0.9744999999999999,48.89000000000287],[-0.9554999999999998,48.880500000002876],[-0.9554999999999998,48.87100000000287],[-0.9365000000000006,48.87100000000287],[-0.9270000000000005,48.852000000002874],[-0.9080000000000004,48.852000000002874],[-0.9080000000000004,48.833000000002876],[-0.8890000000000002,48.833000000002876],[-0.8890000000000002,48.82350000000287],[-0.8795000000000002,48.82350000000287],[-0.8795000000000002,48.81400000000287],[-0.8605,48.804500000002875],[-0.8605,48.79500000000287],[-0.8414999999999999,48.79500000000287],[-0.8414999999999999,48.776000000002874],[-0.8224999999999998,48.776000000002874],[-0.8224999999999998,48.76650000000287],[-0.8035000000000005,48.757000000002876],[-0.7940000000000005,48.73800000000287],[-0.7845000000000004,48.73800000000287],[-0.7750000000000004,48.71900000000287],[-0.7560000000000002,48.709500000002876],[-0.7560000000000002,48.70000000000287],[-0.7465000000000002,48.70000000000287],[-0.7465000000000002,48.69050000000287],[-0.7275,48.681000000002875],[-0.7275,48.67150000000287],[-0.7084999999999999,48.66200000000288],[-0.7084999999999999,48.652500000002874],[-0.6989999999999998,48.652500000002874],[-0.6989999999999998,48.633500000002876],[-0.6894999999999998,48.633500000002876],[-0.6894999999999998,48.62400000000287],[-0.6705000000000005,48.61450000000287],[-0.6705000000000005,48.59550000000287],[-0.6515000000000004,48.586000000002876],[-0.6420000000000003,48.56700000000287],[-0.6325000000000003,48.56700000000287],[-0.6230000000000002,48.54800000000287],[-0.6135000000000002,48.54800000000287],[-0.6135000000000002,48.53850000000287],[-0.6040000000000001,48.53850000000287],[-0.6040000000000001,48.51950000000287],[-0.5945,48.51950000000287],[-0.585,48.50050000000287],[-0.5754999999999999,48.50050000000287],[-0.5754999999999999,48.49100000000287],[-0.5659999999999998,48.49100000000287],[-0.5564999999999998,48.45300000000287],[-0.5375000000000005,48.44350000000287],[-0.5375000000000005,48.42450000000287],[-0.5280000000000005,48.42450000000287],[-0.5185000000000004,48.386500000002876],[-0.5090000000000003,48.386500000002876],[-0.5090000000000003,48.36750000000287],[-0.4995000000000003,48.36750000000287],[-0.4995000000000003,48.358000000002875],[-0.5090000000000003,48.358000000002875],[-0.5090000000000003,48.329500000002874],[-0.5185000000000004,48.329500000002874],[-0.5185000000000004,48.30100000000287],[-0.5280000000000005,48.30100000000287],[-0.5280000000000005,48.282000000002874],[-0.5375000000000005,48.282000000002874],[-0.5375000000000005,48.263000000002876],[-0.5469999999999997,48.263000000002876],[-0.5469999999999997,48.24400000000287],[-0.5564999999999998,48.24400000000287],[-0.5564999999999998,48.22500000000287],[-0.5659999999999998,48.22500000000287],[-0.5754999999999999,48.187000000002875],[-0.585,48.187000000002875],[-0.585,48.16800000000288],[-0.5945,48.16800000000288],[-0.5945,48.14900000000287],[-0.6040000000000001,48.14900000000287],[-0.6135000000000002,48.13000000000287],[-0.6230000000000002,48.13000000000287],[-0.6230000000000002,48.111000000002875],[-0.6325000000000003,48.111000000002875],[-0.6325000000000003,48.10150000000287],[-0.6515000000000004,48.09200000000287],[-0.6515000000000004,48.07300000000287],[-0.6610000000000005,48.07300000000287],[-0.6705000000000005,48.05400000000287],[-0.6799999999999997,48.05400000000287],[-0.6799999999999997,48.035000000002874],[-0.6989999999999998,48.02550000000287],[-0.6989999999999998,48.00650000000287],[-0.7084999999999999,48.00650000000287],[-0.7084999999999999,47.99700000000287],[-0.7275,47.987500000002875],[-0.7370000000000001,47.96850000000288],[-0.7465000000000002,47.96850000000288],[-0.7465000000000002,47.959000000002874],[-0.7560000000000002,47.959000000002874],[-0.7655000000000003,47.940000000002875],[-0.7845000000000004,47.940000000002875],[-0.7845000000000004,47.93050000000287],[-0.8035000000000005,47.92100000000288],[-0.8035000000000005,47.911500000002874],[-0.8224999999999998,47.911500000002874],[-0.8319999999999999,47.892500000002876],[-0.851,47.892500000002876],[-0.8605,47.87350000000287],[-0.8795000000000002,47.87350000000287],[-0.8890000000000002,47.85450000000287],[-0.9080000000000004,47.85450000000287],[-0.9175000000000004,47.835500000002874],[-0.9365000000000006,47.835500000002874],[-0.9365000000000006,47.82600000000287],[-0.9554999999999998,47.82600000000287],[-0.9554999999999998,47.816500000002875],[-0.9744999999999999,47.816500000002875],[-0.9744999999999999,47.80700000000287],[-0.9935,47.80700000000287],[-0.9935,47.79750000000287],[-1.0220000000000002,47.79750000000287],[-1.0315000000000003,47.77850000000287],[-1.0695000000000006,47.77850000000287],[-1.0695000000000006,47.769000000002876],[-1.0884999999999998,47.769000000002876],[-1.0884999999999998,47.75950000000287],[-1.1265,47.75950000000287],[-1.1265,47.75000000000287],[-1.1645000000000003,47.740500000002875],[-1.1645000000000003,47.75000000000287],[-1.1835000000000004,47.75000000000287],[-1.1835000000000004,47.75950000000287],[-1.2119999999999997,47.75950000000287],[-1.2119999999999997,47.769000000002876],[-1.2309999999999999,47.769000000002876],[-1.2309999999999999,47.77850000000287],[-1.2690000000000001,47.77850000000287],[-1.2785000000000002,47.79750000000287],[-1.3165000000000004,47.79750000000287],[-1.3165000000000004,47.80700000000287],[-1.3354999999999997,47.80700000000287],[-1.3354999999999997,47.816500000002875],[-1.3735,47.816500000002875],[-1.3735,47.82600000000287],[-1.3925,47.82600000000287],[-1.3925,47.835500000002874],[-1.4210000000000003,47.835500000002874],[-1.4210000000000003,47.84500000000287],[-1.4400000000000004,47.84500000000287],[-1.4400000000000004,47.85450000000287],[-1.4779999999999998,47.85450000000287],[-1.4779999999999998,47.864000000002875],[-1.516,47.864000000002875],[-1.5255,47.88300000000287],[-1.5350000000000001,47.88300000000287],[-1.5350000000000001,48.00650000000287],[-1.5445000000000002,48.00650000000287],[-1.5445000000000002,48.206000000002874],[-1.5540000000000003,48.206000000002874],[-1.5540000000000003,48.22500000000287],[-1.5635000000000003,48.22500000000287],[-1.5635000000000003,48.282000000002874],[-1.5730000000000004,48.282000000002874],[-1.5730000000000004,48.33900000000287],[-1.5825000000000005,48.33900000000287],[-1.5825000000000005,48.39600000000287],[-1.5920000000000005,48.39600000000287],[-1.5920000000000005,48.42450000000287],[-1.6109999999999998,48.42450000000287],[-1.6109999999999998,48.49100000000287],[-1.6204999999999998,48.49100000000287],[-1.6204999999999998,48.54800000000287],[-1.63,48.54800000000287],[-1.63,48.56700000000287],[-1.6395,48.56700000000287],[-1.6395,48.586000000002876],[-1.6585,48.586000000002876],[-1.6585,48.605000000002875],[-1.6680000000000001,48.605000000002875],[-1.6680000000000001,48.61450000000287],[-1.6827500000005984,48.61450000000287],[-1.6965000000000003,48.58700000000406],[-1.6965000000000003,48.206000000002874],[-1.7060000000000004,48.206000000002874],[-1.7060000000000004,47.92100000000288],[-1.7155000000000005,47.92100000000288],[-1.7155000000000005,47.93050000000287],[-1.7250000000000005,47.93050000000287],[-1.7250000000000005,48.47200000000287],[-1.7534999999999998,48.47200000000287],[-1.7534999999999998,47.93050000000287],[-1.782,47.93050000000287],[-1.782,48.510000000002876],[-1.8105000000000002,48.510000000002876],[-1.8105000000000002,48.58000000000406],[-1.8200000000000003,48.58000000000406],[-1.8393499999974952,48.61869999999906],[-1.879999999999999,48.62000000000407],[-1.879999999999999,48.66000000000406],[-1.9400000000000013,48.66000000000406],[-1.9435000000000002,48.62400000000287],[-1.9530000000000003,48.62400000000287],[-1.9530000000000003,48.633500000002876],[-2.0,48.640000000004065],[-2.0,48.62000000000407],[-2.039999999999999,48.62000000000407],[-2.039999999999999,48.600000000004066],[-2.0575,48.59550000000287],[-2.1400000000000006,48.600000000004066],[-2.1400000000000006,48.58000000000406],[-2.1999999999999993,48.58000000000406],[-2.1999999999999993,48.56000000000407],[-2.2095000000000002,48.56000000000407],[-2.2095000000000002,48.54800000000287],[-2.2190000000000003,48.54800000000287],[-2.2285,48.510000000002876],[-2.238,48.510000000002876],[-2.238,48.49100000000287],[-2.2475,48.49100000000287],[-2.2475,48.45300000000287],[-2.257,48.45300000000287],[-2.257,48.434000000002875],[-2.2665,48.434000000002875],[-2.2665,48.41500000000288],[-2.2760000000000002,48.41500000000288],[-2.2760000000000002,48.386500000002876],[-2.2855000000000003,48.386500000002876],[-2.2855000000000003,48.36750000000287],[-2.295,48.36750000000287],[-2.295,48.33900000000287],[-2.3045,48.33900000000287],[-2.3045,48.32000000000287],[-2.314,48.32000000000287],[-2.314,48.30100000000287],[-2.3235,48.30100000000287],[-2.3235,48.282000000002874],[-2.333,48.282000000002874],[-2.333,48.263000000002876],[-2.3425000000000002,48.263000000002876],[-2.3425000000000002,48.234500000002875],[-2.3520000000000003,48.234500000002875],[-2.3615,48.19650000000287],[-2.371,48.19650000000287],[-2.371,48.34850000000287],[-2.3615,48.34850000000287],[-2.3615,48.37700000000287],[-2.3425000000000002,48.386500000002876],[-2.3425000000000002,48.405500000002874],[-2.333,48.405500000002874],[-2.3235,48.44350000000287],[-2.314,48.44350000000287],[-2.314,48.45300000000287],[-2.295,48.462500000002876],[-2.295,48.481500000002875],[-2.2855000000000003,48.481500000002875],[-2.2855000000000003,48.50050000000287],[-2.2760000000000002,48.50050000000287],[-2.2760000000000002,48.51950000000287],[-2.257,48.529000000002874],[-2.257,48.54800000000287],[-2.238,48.557500000002875],[-2.238,48.57650000000287],[-2.230999999997624,48.58000000000406],[-2.259999999999998,48.58000000000406],[-2.259999999999998,48.600000000004066],[-2.3200000000000003,48.600000000004066],[-2.3200000000000003,48.62000000000407],[-2.3425000000000002,48.62000000000407],[-2.3425000000000002,48.586000000002876],[-2.3615,48.586000000002876],[-2.3615,48.61450000000287],[-2.419999999999998,48.62000000000407],[-2.419999999999998,48.600000000004066],[-2.4800000000000004,48.600000000004066],[-2.5,48.56000000000407],[-2.620000000000001,48.54000000000406],[-2.620000000000001,48.52000000000406],[-2.66,48.52000000000406],[-2.66,48.500000000004064],[-2.7399999999999984,48.500000000004064],[-2.7399999999999984,48.54000000000406],[-2.8000000000000007,48.54000000000406],[-2.8000000000000007,48.56000000000407],[-2.8200000000000003,48.56000000000407],[-2.8200000000000003,48.600000000004066],[-2.8599999999999994,48.600000000004066],[-2.8599999999999994,48.62400000000287],[-2.884,48.62400000000287],[-2.8935,48.605000000002875],[-2.922,48.605000000002875],[-2.922,48.59550000000287],[-2.9410000000000003,48.586000000002876],[-2.9410000000000003,48.57650000000287],[-2.96,48.57650000000287],[-2.96,48.56700000000287],[-2.979,48.557500000002875],[-2.979,48.54800000000287],[-2.998,48.54800000000287],[-2.998,48.557500000002875],[-2.9885,48.557500000002875],[-2.9885,48.57650000000287],[-2.979,48.57650000000287],[-2.979,48.586000000002876],[-2.96,48.59550000000287],[-2.96,48.62400000000287],[-2.9695,48.62400000000287],[-2.9695,48.633500000002876],[-2.96,48.633500000002876],[-2.96,48.652500000002874],[-2.9505,48.652500000002874],[-2.9505,48.681000000002875],[-2.9400000000000013,48.681000000002875],[-2.9400000000000013,48.71900000000287],[-2.979,48.71900000000287],[-2.979,48.709500000002876],[-2.9885,48.709500000002876],[-2.9885,48.72000000000406],[-3.0,48.72000000000406],[-3.0,48.74000000000406],[-3.0199999999999996,48.74000000000406],[-3.0199999999999996,48.77898333333239],[-3.0599999999999987,48.780000000004065],[-3.0599999999999987,48.80000000000406],[-3.0799999999999983,48.80000000000406],[-3.0799999999999983,48.821699999999055],[-3.0936000000000003,48.82350000000287],[-3.112,48.82350000000287],[-3.1215,48.804500000002875],[-3.1405000000000003,48.804500000002875],[-3.1405000000000003,48.79500000000287],[-3.15,48.79500000000287],[-3.15,48.76650000000287],[-3.1595,48.76650000000287],[-3.1595,48.728500000002875],[-3.169,48.728500000002875],[-3.169,48.74750000000287],[-3.1785,48.74750000000287],[-3.1785,48.78550000000287],[-3.188,48.78550000000287],[-3.188,48.804500000002875],[-3.1975000000000002,48.804500000002875],[-3.1980000000000004,48.84250000000287],[-3.2165,48.84250000000287],[-3.2165,48.86150000000288],[-3.2560000000000002,48.860000000004064],[-3.2560000000000002,48.84199999999906],[-3.3169000000000004,48.84000000000407],[-3.3169000000000004,48.821699999999055],[-3.34,48.821699999999055],[-3.34,48.80000000000406],[-3.3599999999999994,48.80000000000406],[-3.3599999999999994,48.780000000004065],[-3.4400000000000013,48.780000000004065],[-3.4400000000000013,48.80000000000406],[-3.454,48.78550000000287],[-3.4635000000000002,48.78550000000287],[-3.4635000000000002,48.80000000000406],[-3.492,48.79500000000287],[-3.5374999999979693,48.80000000000406],[-3.560500000000001,48.74049999999906],[-3.6013499999975007,48.74000000000406],[-3.6214000000000013,48.69989999999906],[-3.644,48.69699999999928],[-3.644,48.69050000000287],[-3.66,48.69699999999928],[-3.66,48.66000000000406],[-3.6799999999999997,48.66000000000406],[-3.6799999999999997,48.680000000004064],[-3.7295000000000003,48.680000000004064],[-3.7295000000000003,48.67150000000287],[-3.739,48.67150000000287],[-3.739,48.64300000000287],[-3.7485,48.64300000000287],[-3.7485,48.57650000000287],[-3.739,48.57650000000287],[-3.739,48.53850000000287],[-3.7295000000000003,48.53850000000287],[-3.7295000000000003,48.51950000000287],[-3.7105,48.510000000002876],[-3.7105,48.481500000002875],[-3.701,48.481500000002875],[-3.701,48.39600000000287],[-3.6915,48.39600000000287],[-3.6915,48.37700000000287],[-3.701,48.37700000000287],[-3.701,48.34850000000287],[-3.6915,48.34850000000287],[-3.6915,48.27250000000287],[-3.682,48.27250000000287],[-3.682,48.24400000000287],[-3.7960000000000003,48.24400000000287],[-3.7960000000000003,48.25350000000287],[-3.853,48.25350000000287],[-3.853,48.263000000002876],[-3.8815,48.263000000002876],[-3.8815,48.25350000000287],[-3.891,48.25350000000287],[-3.891,48.24400000000287],[-3.91,48.234500000002875],[-3.91,48.22500000000287],[-3.9290000000000003,48.22500000000287],[-3.9385,48.206000000002874],[-3.9575,48.206000000002874],[-3.967,48.187000000002875],[-3.986,48.187000000002875],[-3.9955,48.16800000000288],[-4.0715,48.16800000000288],[-4.0715,48.17750000000287],[-4.109500000000001,48.17750000000287],[-4.109500000000001,48.187000000002875],[-4.138,48.187000000002875],[-4.138,48.19650000000287],[-4.1665,48.19650000000287],[-4.1665,48.187000000002875],[-4.176,48.187000000002875],[-4.176,48.19650000000287],[-4.195,48.19650000000287],[-4.195,48.206000000002874],[-4.2235,48.206000000002874],[-4.2235,48.215500000002876],[-4.2425,48.215500000002876],[-4.2425,48.22500000000287],[-4.271,48.22500000000287],[-4.2805,48.24400000000287],[-4.3375,48.24400000000287],[-4.3415000000002975,48.26000000000406],[-4.4375,48.26000000000406],[-4.4375,47.9375],[-4.375,47.9375],[-4.3125,47.8125],[-4.18,47.8125],[-4.18,47.820000000004065],[-4.15,47.832599999999516],[-4.0548,47.82699999999906],[-4.031,47.839399999999515],[-4.0276,47.82919999999952],[-4.0004,47.82579999999952],[-4.0,47.786399999999055],[-3.9800000000000004,47.780000000004065],[-3.9766000000000004,47.75779999999952],[-3.9596,47.75],[-3.875,47.75],[-3.875,47.6875],[-3.91,47.6875],[-3.9055999999999997,47.60369999999906],[-3.9259000000000004,47.60369999999906],[-3.9259000000000004,47.58339999999906],[-4.068000000000001,47.58339999999906],[-4.068000000000001,47.60369999999906],[-4.1024,47.60369999999906],[-4.1092,47.58439999999952],[-4.1092,47.55379999999952],[-4.0786,47.49259999999952],[-4.048,47.46199999999952],[-4.0004,47.44159999999952],[-3.9766000000000004,47.41439999999952],[-3.9290000000000003,47.39439999999928],[-3.9090000000000003,47.39779999999928],[-3.8682000000000003,47.418199999999274],[-3.8104,47.43179999999928],[-3.7798000000000003,47.445399999999275],[-3.7798000000000003,47.45219999999928],[-3.7390000000000003,47.45899999999928],[-3.7152000000000003,47.47939999999928],[-3.705,47.526999999999276],[-3.7118,47.560999999999275],[-3.7254,47.57459999999928],[-3.722,47.60179999999928],[-3.7322,47.683399999999274],[-3.7560000000000002,47.69699999999928],[-3.7662,47.713999999999274],[-3.7322,47.74459999999928],[-3.7322,47.77519999999928],[-3.705,47.78539999999928],[-3.7016,47.77859999999928],[-3.6642,47.771799999999274],[-3.6642,47.350199999999276],[-3.7288,47.33999999999928],[-3.8609999999999998,47.33959999999952],[-3.8204000000009586,47.3125],[-3.7635000000000005,47.3125],[-3.7635000000000005,47.31949999999906],[-3.7432,47.31949999999906],[-3.7432,47.29919999999906],[-3.6823000000000015,47.29919999999906],[-3.6823000000000015,47.258599999999056],[-3.6651000000018876,47.25],[-3.625,47.25],[-3.625,47.22994999999906],[-3.6011000000000006,47.21799999999906],[-3.6011000000000006,47.20685000000407],[-3.5599999999999987,47.20000000000407],[-3.5537499999979665,47.1875],[-3.34,47.1875],[-3.3305000000000002,47.18950000000287],[-3.3169000000000004,47.22000000000406],[-3.3169000000000004,47.23829999999906],[-3.337200000000001,47.23829999999906],[-3.337200000000001,47.278899999999055],[-3.3169000000000004,47.278899999999055],[-3.3169000000000004,47.32259999999952],[-3.3599999999999994,47.34000000000407],[-3.3599999999999994,47.34979999999952],[-3.3680000000000003,47.34979999999952],[-3.3981000000000012,47.38039999999906],[-3.3981000000000012,47.417500000002875],[-3.419999999999998,47.420000000004066],[-3.419999999999998,47.460000000004065],[-3.3981000000000012,47.47450000000288],[-3.3981000000000012,47.522499999999056],[-3.4387000000000008,47.522499999999056],[-3.4387000000000008,47.563099999999054],[-3.4590000000000014,47.563099999999054],[-3.4590000000000014,47.62000000000407],[-3.4800000000000004,47.62000000000407],[-3.4800000000000004,47.644299999999056],[-3.521,47.64219999999952],[-3.5346,47.64899999999952],[-3.5346,47.659199999999515],[-3.5205,47.664500000002874],[-3.5205,47.67400000000288],[-3.4800000000000004,47.67400000000288],[-3.4800000000000004,47.680000000004064],[-3.4590000000000014,47.68489999999906],[-3.419999999999998,47.680000000004064],[-3.419999999999998,47.640000000004065],[-3.3999999999999986,47.640000000004065],[-3.3999999999999986,47.628599999999516],[-3.3875,47.62399999999906],[-2.960000000000001,47.625],[-2.960000000000001,47.640000000004065],[-2.7605,47.640000000004065],[-2.7605,47.645500000002876],[-2.7399999999999984,47.640000000004065],[-2.7399999999999984,47.62000000000407],[-2.719999999999999,47.62000000000407],[-2.719999999999999,47.56000000000407],[-2.7399999999999984,47.56000000000407],[-2.7399999999999984,47.52000000000406],[-2.8080000000000003,47.52000000000406],[-2.8080000000000003,47.51250000000287],[-2.84,47.52000000000406],[-2.84,47.48000000000407],[-2.875,47.48000000000407],[-2.875,47.46159999999906],[-2.8297000000000008,47.46159999999906],[-2.8297000000000008,47.48189999999906],[-2.728200000000001,47.48189999999906],[-2.728200000000001,47.50219999999906],[-2.6799999999999997,47.50219999999906],[-2.6799999999999997,47.54000000000406],[-2.561,47.54000000000406],[-2.561,47.617000000002875],[-2.5515,47.617000000002875],[-2.5420000000000003,47.541000000002875],[-2.5199999999999996,47.54000000000406],[-2.5199999999999996,47.56000000000407],[-2.5,47.56000000000407],[-2.5,47.54000000000406],[-2.470999999999703,47.54000000000406],[-2.466,47.56000000000287],[-2.4565,47.56000000000287],[-2.447,47.57900000000287],[-2.428,47.57900000000287],[-2.428,47.541000000002875],[-2.4375,47.54000000000406],[-2.419999999999998,47.54000000000406],[-2.419999999999998,47.500000000004064],[-2.379999999999999,47.500000000004064],[-2.379999999999999,47.48000000000407],[-2.419999999999998,47.48000000000407],[-2.419999999999998,47.44000000000406],[-2.5,47.44000000000406],[-2.5,47.42700000000287],[-2.485,47.42700000000287],[-2.485,47.43650000000287],[-2.4375,47.43650000000287],[-2.4375,47.37950000000287],[-2.447,47.37950000000287],[-2.447,47.35100000000287],[-2.4375,47.35100000000287],[-2.4375,47.33200000000287],[-2.447,47.33200000000287],[-2.447,47.3125],[-2.3125,47.3125],[-2.3125,47.280000000004065],[-2.3045,47.280000000004065],[-2.3045,47.294000000002875],[-2.295,47.294000000002875],[-2.295,47.322500000002876],[-2.2855000000000003,47.322500000002876],[-2.2855000000000003,47.370000000002875],[-2.2760000000000002,47.370000000002875],[-2.2760000000000002,47.38900000000287],[-2.2665,47.38900000000287],[-2.257,47.42700000000287],[-2.2475,47.42700000000287],[-2.2475,47.446000000002876],[-2.238,47.446000000002876],[-2.238,47.465000000002874],[-2.2285,47.465000000002874],[-2.2190000000000003,47.50300000000287],[-2.2095000000000002,47.50300000000287],[-2.2095000000000002,47.522000000002876],[-2.2,47.522000000002876],[-2.1905,47.56000000000287],[-2.1715,47.569500000002876],[-2.1715,47.588500000002874],[-2.1525000000000003,47.59800000000287],[-2.1525000000000003,47.617000000002875],[-2.1430000000000002,47.617000000002875],[-2.1335,47.65500000000287],[-2.124,47.65500000000287],[-2.124,47.664500000002874],[-2.105,47.664500000002874],[-2.105,47.693000000002876],[-2.0860000000000003,47.70250000000287],[-2.0860000000000003,47.72150000000288],[-2.0765000000000002,47.72150000000288],[-2.0765000000000002,47.740500000002875],[-2.067,47.740500000002875],[-2.0575,47.77850000000287],[-2.048,47.77850000000287],[-2.048,47.79750000000287],[-2.029,47.80700000000287],[-2.0195000000000003,47.84500000000287],[-2.0100000000000002,47.84500000000287],[-2.0100000000000002,47.864000000002875],[-2.0005,47.864000000002875],[-2.0005,47.88300000000287],[-1.9909999999999997,47.88300000000287],[-1.9909999999999997,47.90200000000287],[-1.9815000000000005,47.90200000000287],[-1.9815000000000005,47.92100000000288],[-1.9625000000000004,47.93050000000287],[-1.9625000000000004,47.94950000000287],[-1.9245,47.94950000000287],[-1.9245,47.892500000002876],[-1.9340000000000002,47.892500000002876],[-1.9340000000000002,47.82600000000287],[-1.9435000000000002,47.82600000000287],[-1.9435000000000002,47.75950000000287],[-1.9530000000000003,47.75950000000287],[-1.9530000000000003,47.693000000002876],[-1.9625000000000004,47.693000000002876],[-1.9625000000000004,47.62650000000287],[-1.9720000000000004,47.62650000000287],[-1.9720000000000004,47.47450000000288],[-1.9815000000000005,47.47450000000288],[-1.9815000000000005,47.417500000002875],[-1.9909999999999997,47.417500000002875],[-1.9909999999999997,47.341500000002874],[-2.0005,47.34000000000407],[-1.9199999999999982,47.34000000000407],[-1.9199999999999982,47.320000000004065],[-1.879999999999999,47.320000000004065],[-1.8599999999999994,47.280000000004065],[-1.8000000000000007,47.280000000004065],[-1.8000000000000007,47.20000000000407],[-1.879999999999999,47.20000000000407],[-1.8999999999999986,47.24000000000406],[-1.9600000000000009,47.24000000000406],[-1.9600000000000009,47.26000000000406],[-2.0195000000000003,47.26000000000406],[-2.0195000000000003,47.20850000000287],[-2.029,47.20850000000287],[-2.029,47.18950000000287],[-2.0385,47.18950000000287],[-2.0385,47.16100000000287],[-2.048,47.16100000000287],[-2.048,47.123000000002875],[-2.0575,47.123000000002875],[-2.0575,47.10000000000406],[-2.0,47.10000000000406],[-2.0,47.06000000000407],[-1.9800000000000004,47.06000000000407],[-2.0,46.98000000000407],[-2.039999999999999,46.98000000000407],[-2.039999999999999,46.920000000004066],[-2.0599999999999987,46.920000000004066],[-2.0599999999999987,46.90000000000406],[-2.1145,46.90000000000406],[-2.1145,46.88550000000287],[-2.120000000000001,46.88550000000287],[-2.120000000000001,46.820000000004065],[-2.0599999999999987,46.820000000004065],[-2.0599999999999987,46.80000000000406],[-2.099999999999998,46.80000000000406],[-2.0956,46.770599999999035],[-2.0888,46.770599999999035],[-2.0888,46.76039999999904],[-2.048,46.75019999999903],[-2.0446,46.73659999999904],[-2.0242,46.72639999999904],[-2.0412,46.70259999999904],[-2.065,46.69579999999904],[-2.065,46.685599999999035],[-2.0344,46.627799999999034],[-2.0106,46.60739999999904],[-1.9902,46.57339999999903],[-1.9732,46.566599999999035],[-1.9596,46.539399999999034],[-1.9188,46.532599999999036],[-1.895,46.512199999999034],[-1.8508,46.501999999999036],[-1.827250000000594,46.505500000002876],[-1.8200000000000003,46.52000000000406],[-1.8000000000000007,46.52000000000406],[-1.8000000000000007,46.500000000004064],[-1.6875,46.5],[-1.6870000000000003,46.45238333333239],[-1.6400000000000006,46.44000000000406],[-1.6400000000000006,46.460000000004065],[-1.6204999999999998,46.460000000004065],[-1.6204999999999998,46.477000000002874],[-1.6109999999999998,46.477000000002874],[-1.6109999999999998,46.505500000002876],[-1.6014999999999997,46.505500000002876],[-1.6014999999999997,46.524500000002874],[-1.5730000000000004,46.524500000002874],[-1.5730000000000004,46.57200000000287],[-1.5635000000000003,46.57200000000287],[-1.5635000000000003,46.600500000002874],[-1.5445000000000002,46.61000000000287],[-1.5445000000000002,46.59100000000287],[-1.5350000000000001,46.59100000000287],[-1.5350000000000001,46.4375],[-1.5,46.4375],[-1.5,46.375],[-1.4530000000014374,46.375],[-1.4305000000000003,46.39150000000287],[-1.4210000000000003,46.41050000000287],[-1.4115000000000002,46.41050000000287],[-1.4210000000000003,46.375],[-1.3125,46.375],[-1.3125,46.3125],[-1.25,46.3125],[-1.25,46.28419999999906],[-1.2024999999999997,46.28419999999906],[-1.1999999999999993,46.30000000000406],[-1.161100000015333,46.31159999999904],[-1.1674,46.31499999999904],[-1.1600000000000001,46.320000000004065],[-1.1400000000000006,46.320000000004065],[-1.1400000000000006,46.30000000000406],[-1.120000000000001,46.30000000000406],[-1.120000000000001,46.20000000000407],[-1.1400000000000006,46.20000000000407],[-1.1400000000000006,46.16375],[-1.0625,46.125],[-1.0625,46.04059999999906],[-1.0433000000000003,46.04059999999906],[-1.0433000000000003,45.99999999999906],[-1.0599999999999987,45.99999999999906],[-1.0599999999999987,45.964000000002876],[-1.0505000000000004,45.964000000002876],[-1.0505000000000004,45.94500000000287],[-0.984,45.94500000000287],[-0.984,45.935500000002875],[-1.0664999999942495,45.935500000002875],[-1.0799999999999983,45.92875],[-1.0799999999999983,45.84000000000407],[-1.120000000000001,45.84000000000407],[-1.120000000000001,45.76000000000406],[-1.1360000000000001,45.76000000000406],[-1.1360000000000001,45.74550000000287],[-1.1265,45.74550000000287],[-1.1265,45.736000000002875],[-1.0505000000000004,45.736000000002875],[-1.0505000000000004,45.74550000000287],[-1.0315000000000003,45.74550000000287],[-1.0315000000000003,45.75500000000287],[-1.0030000000000001,45.75500000000287],[-0.9935,45.77400000000287],[-0.9459999999999997,45.77400000000287],[-0.9459999999999997,45.783500000002874],[-0.9080000000000004,45.783500000002874],[-0.9080000000000004,45.79300000000288],[-0.8605,45.79300000000288],[-0.8605,45.80250000000287],[-0.8224999999999998,45.80250000000287],[-0.8224999999999998,45.812000000002875],[-0.7845000000000004,45.812000000002875],[-0.7845000000000004,45.82150000000287],[-0.7750000000000004,45.82150000000287],[-0.7750000000000004,45.80250000000287],[-0.7845000000000004,45.80250000000287],[-0.7940000000000005,45.764500000002876],[-0.8035000000000005,45.764500000002876],[-0.8035000000000005,45.74550000000287],[-0.8129999999999997,45.74550000000287],[-0.8129999999999997,45.71700000000287],[-0.8224999999999998,45.71700000000287],[-0.8224999999999998,45.688500000002875],[-0.8035000000000005,45.688500000002875],[-0.8035000000000005,45.67900000000287],[-0.8129999999999997,45.67900000000287],[-0.8129999999999997,45.660000000002874],[-0.8224999999999998,45.660000000002874],[-0.8224999999999998,45.641000000002876],[-0.8319999999999999,45.641000000002876],[-0.8414999999999999,45.60300000000287],[-0.8605,45.59350000000288],[-0.8605,45.5625],[-0.8125,45.5625],[-0.8125,45.5],[-0.7980000000014374,45.5],[-0.7845000000000004,45.50800000000287],[-0.7845000000000004,45.517500000002876],[-0.7655000000000003,45.517500000002876],[-0.7655000000000003,45.52700000000287],[-0.7560000000000002,45.52700000000287],[-0.7560000000000002,45.50800000000287],[-0.7655000000000003,45.50800000000287],[-0.7655000000000003,45.5],[-0.75,45.5],[-0.75,45.46875],[-0.6875,45.4375],[-0.6875,45.42037500000287],[-0.6705000000000005,45.42250000000287],[-0.6610000000000005,45.441500000002875],[-0.6230000000000002,45.441500000002875],[-0.6230000000000002,45.45100000000287],[-0.6040000000000001,45.45100000000287],[-0.6040000000000001,45.460500000002874],[-0.5659999999999998,45.460500000002874],[-0.5564999999999998,45.47950000000287],[-0.5185000000000004,45.47950000000287],[-0.5185000000000004,45.489000000002875],[-0.4995000000000003,45.489000000002875],[-0.4995000000000003,45.49850000000287],[-0.4710000000000001,45.49850000000287],[-0.4710000000000001,45.50800000000287],[-0.45199999999999996,45.50800000000287],[-0.45199999999999996,45.517500000002876],[-0.4139999999999997,45.517500000002876],[-0.4045000000000005,45.536500000002874],[-0.36650000000000027,45.536500000002874],[-0.36650000000000027,45.54600000000288],[-0.34750000000000014,45.54600000000288],[-0.34750000000000014,45.55550000000287],[-0.31899999999999995,45.55550000000287],[-0.31899999999999995,45.565000000002875],[-0.2999999999999998,45.565000000002875],[-0.2999999999999998,45.57450000000287],[-0.26200000000000045,45.57450000000287],[-0.26200000000000045,45.584000000002874],[-0.24300000000000033,45.584000000002874],[-0.24300000000000033,45.59350000000288],[-0.21450000000000014,45.59350000000288],[-0.21450000000000014,45.60300000000287],[-0.1955,45.60300000000287],[-0.1955,45.612500000002875],[-0.15749999999999975,45.612500000002875],[-0.14800000000000058,45.63150000000287],[-0.11000000000000032,45.63150000000287],[-0.11000000000000032,45.641000000002876],[-0.07200000000000006,45.65050000000287],[-0.07200000000000006,45.660000000002874],[-0.052999999999999936,45.660000000002874],[-0.052999999999999936,45.66950000000287],[-0.015000000000000568,45.66950000000287],[-0.015000000000000568,45.67900000000287],[0.0039999999999995595,45.67900000000287],[0.0039999999999995595,45.688500000002875],[0.03249999999999975,45.688500000002875],[0.03249999999999975,45.69800000000287],[0.05149999999999988,45.69800000000287],[0.05149999999999988,45.707500000002874],[0.08000000000000007,45.707500000002874],[0.08000000000000007,45.71700000000287],[0.0990000000000002,45.71700000000287],[0.0990000000000002,45.72650000000287],[0.1274999999999995,45.72650000000287],[0.1274999999999995,45.71700000000287],[0.14649999999999963,45.707500000002874],[0.14649999999999963,45.67900000000287],[0.1559999999999997,45.67900000000287],[0.1559999999999997,45.63150000000287],[0.16549999999999976,45.63150000000287],[0.16549999999999976,45.612500000002875],[0.17499999999999982,45.612500000002875],[0.17499999999999982,45.584000000002874],[0.1844999999999999,45.584000000002874],[0.1844999999999999,45.55550000000287],[0.19399999999999995,45.55550000000287],[0.19399999999999995,45.517500000002876],[0.21300000000000008,45.50800000000287],[0.21300000000000008,45.460500000002874],[0.20350000000000001,45.460500000002874],[0.20350000000000001,45.45100000000287],[0.1559999999999997,45.45100000000287],[0.1559999999999997,45.441500000002875],[0.13699999999999957,45.441500000002875],[0.13699999999999957,45.43200000000287],[0.08950000000000014,45.43200000000287],[0.08950000000000014,45.42250000000287],[0.06099999999999994,45.42250000000287],[0.06099999999999994,45.413000000002874],[0.013499999999999623,45.413000000002874],[0.013499999999999623,45.40350000000287],[-0.0055000000000005045,45.40350000000287],[-0.0055000000000005045,45.394000000002876],[-0.052999999999999936,45.394000000002876],[-0.052999999999999936,45.38450000000287],[-0.07200000000000006,45.38450000000287],[-0.07200000000000006,45.37500000000287],[-0.11950000000000038,45.37500000000287],[-0.11950000000000038,45.365500000002875],[-0.1385000000000005,45.365500000002875],[-0.1385000000000005,45.35600000000287],[-0.18599999999999994,45.35600000000287],[-0.18599999999999994,45.34650000000288],[-0.21450000000000014,45.34650000000288],[-0.21450000000000014,45.337000000002874],[-0.26200000000000045,45.337000000002874],[-0.26200000000000045,45.32750000000287],[-0.29049999999999976,45.32750000000287],[-0.29049999999999976,45.318000000002876],[-0.3380000000000001,45.318000000002876],[-0.3380000000000001,45.30850000000287],[-0.36650000000000027,45.30850000000287],[-0.36650000000000027,45.29900000000288],[-0.42349999999999977,45.29900000000288],[-0.42349999999999977,45.289500000002874],[-0.45199999999999996,45.289500000002874],[-0.45199999999999996,45.28000000000287],[-0.4995000000000003,45.28000000000287],[-0.4995000000000003,45.270500000002876],[-0.5185000000000004,45.270500000002876],[-0.5185000000000004,45.26100000000287],[-0.5469999999999997,45.26100000000287],[-0.5469999999999997,45.25150000000287],[-0.5754999999999999,45.25150000000287],[-0.5754999999999999,45.242000000002875],[-0.6040000000000001,45.242000000002875],[-0.6135000000000002,45.22300000000287],[-0.6420000000000003,45.22300000000287],[-0.6515000000000004,45.20400000000287],[-0.6939999999999991,45.20400000000287],[-0.6894999999999998,45.13750000000287],[-0.6705000000000005,45.13750000000287],[-0.6705000000000005,45.118500000002875],[-0.6610000000000005,45.118500000002875],[-0.6610000000000005,45.10900000000287],[-0.6705000000000005,45.10900000000287],[-0.6799999999999997,45.071000000002876],[-0.6894999999999998,45.071000000002876],[-0.6894999999999998,45.05200000000287],[-0.6989999999999998,45.05200000000287],[-0.6989999999999998,45.01400000000287],[-0.7084999999999999,45.01400000000287],[-0.7084999999999999,44.995000000002875],[-0.718,44.995000000002875],[-0.718,44.97600000000287],[-0.7370000000000001,44.966500000002874],[-0.7370000000000001,44.947500000002876],[-0.7465000000000002,44.947500000002876],[-0.7465000000000002,44.92850000000287],[-0.7560000000000002,44.92850000000287],[-0.7560000000000002,44.90950000000287],[-0.7655000000000003,44.90950000000287],[-0.7655000000000003,44.89050000000287],[-0.7750000000000004,44.89050000000287],[-0.7750000000000004,44.871500000002875],[-0.7845000000000004,44.871500000002875],[-0.7845000000000004,44.85250000000288],[-0.7940000000000005,44.85250000000288],[-0.7940000000000005,44.843000000002874],[-0.8035000000000005,44.843000000002874],[-0.8129999999999997,44.86200000000287],[-0.8224999999999998,44.86200000000287],[-0.8224999999999998,44.871500000002875],[-0.8414999999999999,44.871500000002875],[-0.8414999999999999,44.88100000000287],[-0.851,44.88100000000287],[-0.851,44.89050000000287],[-0.8605,44.89050000000287],[-0.8700000000000001,44.90950000000287],[-0.8890000000000002,44.90950000000287],[-0.8890000000000002,44.919000000002875],[-0.8985000000000003,44.919000000002875],[-0.9080000000000004,44.93800000000287],[-0.9175000000000004,44.93800000000287],[-0.9175000000000004,44.947500000002876],[-0.9270000000000005,44.947500000002876],[-0.9270000000000005,44.97600000000287],[-0.9365000000000006,44.97600000000287],[-0.9365000000000006,45.01400000000287],[-0.9459999999999997,45.01400000000287],[-0.9459999999999997,45.071000000002876],[-0.9554999999999998,45.071000000002876],[-0.9554999999999998,45.18500000000287],[-0.9649999999999999,45.18500000000287],[-0.9649999999999999,45.213500000002874],[-0.9554999999999998,45.213500000002874],[-0.9554999999999998,45.23250000000287],[-0.9365000000000006,45.23250000000287],[-0.9365000000000006,45.25150000000287],[-0.9175000000000004,45.25150000000287],[-0.9175000000000004,45.270500000002876],[-0.8985000000000003,45.270500000002876],[-0.8985000000000003,45.289500000002874],[-0.8795000000000002,45.289500000002874],[-0.8795000000000002,45.30850000000287],[-0.8700000000000001,45.30850000000287],[-0.8700000000000001,45.337000000002874],[-0.9080000000000004,45.337000000002874],[-0.9080000000000004,45.34650000000288],[-0.8985000000000003,45.34650000000288],[-0.8985000000000003,45.38450000000287],[-0.8890000000000002,45.38450000000287],[-0.8890000000000002,45.39950000000076],[-0.8964999999999996,45.39950000000076],[-0.9127500000010578,45.43200000000287],[-0.9365000000000006,45.43200000000287],[-0.9459999999999997,45.413000000002874],[-0.984,45.413000000002874],[-0.984,45.44000000000406],[-1.0399999999999991,45.44000000000406],[-1.0399999999999991,45.460000000004065],[-1.120000000000001,45.460000000004065],[-1.125,45.375],[-1.1799999999999997,45.375],[-1.1799999999999997,45.10000000000406],[-1.2063999999999995,45.10000000000406],[-1.2063999999999995,44.9280000000006],[-1.2524000000000002,44.9280000000006],[-1.2524000000000002,44.90399999999904],[-1.266,44.87679999999904],[-1.2592,44.84279999999904],[-1.2728000000000002,44.822399999999035],[-1.2864,44.818999999999036],[-1.2898,44.78839999999904],[-1.3612000000000002,44.791799999999036],[-1.3748,44.78499999999904],[-1.3748,44.77139999999903],[-1.3306,44.77139999999903],[-1.3544,44.69999999999904],[-1.3918000000000001,44.710199999999034],[-1.419,44.730599999999036],[-1.4564000000000001,44.737399999999035],[-1.4768000000000001,44.75439999999904],[-1.4938,44.75439999999904],[-1.5278,44.77479999999904],[-1.5414,44.77479999999904],[-1.5584,44.795199999999035],[-1.5788,44.795199999999035],[-1.589,44.80539999999904],[-1.657,44.80199999999904],[-1.6706,44.78839999999904],[-1.7624,44.78159999999904],[-1.7624,44.77139999999903],[-1.8279999999999994,44.761199999999036],[-1.8279999999999994,44.71100000000076],[-1.868500000000001,44.71100000000076],[-1.868500000000001,44.74419999999904],[-1.9222000000000001,44.733999999999035],[-2.0038,44.733999999999035],[-2.0140000000000002,44.72379999999904],[-2.048,44.72719999999904],[-2.0616000000000003,44.740799999999034],[-2.0956,44.740799999999034],[-2.1602,44.72379999999904],[-2.167,44.737399999999035],[-2.1398,44.764599999999035],[-2.0854,44.75779999999904],[-2.0854,44.767999999999034],[-2.116,44.77479999999904],[-2.0888,44.78499999999904],[-2.0888,44.795199999999035],[-2.1262,44.80539999999904],[-2.116,44.829199999999034],[-2.1262,44.829199999999034],[-2.1432,44.849599999999036],[-2.1806,44.84279999999904],[-2.1806,44.80539999999904],[-2.1908000000000003,44.80199999999904],[-2.1942,44.8712000000006],[-2.2287999999999997,44.8712000000006],[-2.2287999999999997,44.91350000000076],[-2.2402499999999215,44.9280000000006],[-2.435500000000001,44.9280000000006],[-2.435500000000001,44.832500000000756],[-2.4559999999999995,44.832500000000756],[-2.4559999999999995,44.8144000000006],[-2.5695999999999994,44.8144000000006],[-2.5695999999999994,44.8712000000006],[-2.6263999999999994,44.8712000000006],[-2.6263999999999994,44.93080000000076],[-2.637999999999998,44.95400000000076],[-2.6784999999999997,44.95400000000076],[-2.6784999999999997,45.125],[-2.8125,45.125],[-2.8125,45.149350000002876],[-2.884,45.15650000000287],[-2.884,45.166000000002875],[-2.8935,45.166000000002875],[-2.8935,45.18500000000287],[-3.0,45.1875],[-3.0,45.22300000000287],[-3.0265,45.22300000000287],[-3.0265,45.242000000002875],[-3.0455,45.242000000002875],[-3.0545000000005946,45.26000000000406],[-3.0835,45.26100000000287],[-3.093,45.28000000000287],[-3.112,45.28000000000287],[-3.112,45.29900000000288],[-3.1310000000000002,45.30850000000287],[-3.1310000000000002,45.318000000002876],[-3.15,45.32750000000287],[-3.15,45.337000000002874],[-3.169,45.337000000002874],[-3.169,45.34650000000288],[-3.1975000000000002,45.34650000000288],[-3.1975000000000002,45.35600000000287],[-3.226,45.35600000000287],[-3.226,45.375],[-3.25,45.375],[-3.2545,45.44000000000076],[-3.4885,45.44000000000076],[-3.5694999999999997,45.60200000000076],[-3.690999999999999,45.60200000000076],[-3.690999999999999,45.561500000000756],[-3.7314999999999987,45.561500000000756],[-3.7314999999999987,45.60200000000076],[-3.8125,45.60200000000076],[-3.8125,45.64250000000076],[-3.8934999999999995,45.68300000000076],[-3.8616875000000945,45.9375],[-3.875,45.9375],[-3.8815,45.964000000002876],[-3.9005,45.97350000000287],[-3.9005,45.983000000002875],[-3.9195,45.99250000000287],[-3.9195,45.99999999999906],[-3.9400000000000013,46.000000000004064],[-3.9400000000000013,46.030500000002874],[-3.9575,46.030500000002874],[-3.962250000000595,46.04000000000406],[-4.0,46.04000000000406],[-4.0,46.04950000000287],[-4.0145,46.04950000000287],[-4.019750000000598,46.06000000000407],[-4.039999999999999,46.06000000000407],[-4.043,46.07800000000287],[-4.0525,46.07800000000287],[-4.0525,46.087500000002876],[-4.0715,46.10149999999906],[-4.108600000000001,46.10149999999906],[-4.120600000001907,46.12550000000287],[-4.1285,46.12550000000287],[-4.1289,46.14209999999906],[-4.331900000000001,46.14209999999906],[-4.331900000000001,46.121799999999055],[-4.392800000000001,46.121799999999055],[-4.392800000000001,46.10149999999906],[-4.474,46.10149999999906],[-4.474,46.08119999999906],[-4.494300000000001,46.08119999999906],[-4.494300000000001,46.10149999999906],[-4.5958000000000006,46.10149999999906],[-4.616100000000001,46.14209999999906],[-4.6364,46.14209999999906],[-4.6364,46.18269999999906],[-4.677000000000001,46.18269999999906],[-4.677000000000001,46.365399999999056],[-4.6364,46.365399999999056],[-4.6364,46.405999999999054],[-4.601679999997998,46.42336000000006],[-4.6225000000000005,46.458000000002876],[-4.66,46.460000000004065],[-4.6605,46.477000000002874],[-4.6795,46.477000000002874],[-4.6795,46.49600000000287],[-4.6985,46.49600000000287],[-4.708,46.51500000000287],[-4.717600000000001,46.51500000000287],[-4.717600000000001,46.507499999999055],[-4.7555,46.51500000000287],[-4.765000000000001,46.53400000000288],[-4.784,46.54809999999905],[-4.7988,46.54809999999905],[-4.819100000000001,46.58869999999906],[-4.940900000000001,46.60899999999906],[-4.940900000000001,46.62929999999906],[-5.042400000000001,46.62929999999906],[-5.042400000000001,46.649599999999054],[-5.103300000000001,46.649599999999054],[-5.103300000000001,46.66989999999906],[-5.184500000000001,46.66989999999906],[-5.184500000000001,46.69019999999906],[-5.2251,46.69019999999906],[-5.2251,46.71049999999906],[-5.3063,46.71049999999906],[-5.3063,46.73079999999906],[-5.346900000000001,46.73079999999906],[-5.346900000000001,46.751099999999056],[-5.3672,46.751099999999056],[-5.3672,46.791699999999054],[-5.428100000000001,46.791699999999054],[-5.428100000000001,46.83229999999906],[-5.4687,46.83229999999906],[-5.489000000000001,46.872899999999056],[-5.5296,46.872899999999056],[-5.549900000000001,46.95409999999906],[-5.5905000000000005,46.95409999999906],[-5.5905000000000005,46.97439999999906],[-5.6108,46.97439999999906],[-5.6108,47.014999999999056],[-5.651400000000001,47.014999999999056],[-5.651400000000001,47.035299999999054],[-5.712300000000001,47.035299999999054],[-5.712300000000001,47.014999999999056],[-5.8341,47.014999999999056],[-5.8341,47.035299999999054],[-5.9762,47.035299999999054],[-5.9762,47.05559999999906],[-6.0777,47.05559999999906],[-6.0777,47.07589999999906],[-6.2198,47.07589999999906],[-6.2198,47.09619999999906],[-6.260400000000001,47.09619999999906],[-6.260400000000001,47.11649999999906],[-6.321300000000001,47.11649999999906],[-6.341600000000001,47.15709999999906],[-6.3822,47.15709999999906],[-6.3822,47.19769999999906],[-6.4431,47.19769999999906],[-6.4431,47.21799999999906],[-6.5040000000000004,47.21799999999906],[-6.5040000000000004,47.23829999999906],[-6.788200000000001,47.23829999999906],[-6.788200000000001,47.258599999999056],[-6.8897,47.258599999999056],[-6.91,47.29919999999906],[-6.9506000000000006,47.29919999999906],[-6.9506000000000006,47.31949999999906],[-7.011500000000001,47.31949999999906],[-7.0318000000000005,47.36009999999906],[-7.0724,47.36009999999906],[-7.092700000000001,47.400699999999055],[-7.2551000000000005,47.400699999999055],[-7.2551000000000005,47.420999999999054],[-7.316000000000001,47.420999999999054],[-7.316000000000001,47.44129999999906],[-7.4378,47.44129999999906],[-7.4581,47.48189999999906],[-7.4987,47.48189999999906],[-7.4987,47.60369999999906],[-7.519,47.60369999999906],[-7.52,47.664599999999055],[-7.5596000000000005,47.664599999999055],[-7.5600000000000005,47.68489999999906],[-7.5799,47.68489999999906],[-7.5799,47.70519999999906],[-7.620500000000001,47.70519999999906],[-7.6408000000000005,47.74579999999906],[-7.75,47.75],[-7.75,47.76609999999906],[-7.7626,47.76609999999906],[-7.7626,47.786399999999055],[-7.8032,47.786399999999055],[-7.8032,47.806699999999054],[-7.8235,47.806699999999054],[-7.8235,47.82699999999906],[-7.8641000000000005,47.82699999999906],[-7.8641000000000005,47.84729999999906],[-7.9453000000000005,47.84729999999906],[-7.9453000000000005,47.86759999999906],[-7.9859,47.86759999999906],[-7.9859,47.88789999999906],[-8.3716,47.88789999999906],[-8.3716,47.92849999999906],[-8.432500000000001,47.92849999999906],[-8.432500000000001,48.00969999999906],[-8.554300000000001,48.00969999999906],[-8.554300000000001,48.029999999999056],[-8.594899999999999,48.029999999999056],[-8.594899999999999,48.050299999999055],[-8.6558,48.050299999999055],[-8.6558,48.09089999999906],[-9.1836,48.09089999999906],[-9.1836,48.15179999999906],[-9.2851,48.15179999999906],[-9.2851,48.13149999999906],[-9.346,48.13149999999906],[-9.346,48.21269999999906],[-9.4475,48.21269999999906],[-9.4475,48.172099999999055],[-9.6099,48.172099999999055],[-9.6099,48.192399999999054],[-9.650500000000001,48.192399999999054],[-9.650500000000001,48.25329999999906],[-9.6708,48.25329999999906],[-9.6708,48.27359999999906],[-9.650500000000001,48.27359999999906],[-9.650500000000001,48.31419999999906],[-9.5896,48.31419999999906],[-9.5896,48.33449999999905],[-9.4678,48.33449999999905],[-9.4678,48.415699999999056],[-9.5896,48.415699999999056],[-9.6099,48.45629999999906],[-9.6708,48.45629999999906],[-9.6708,48.47659999999906],[-9.711400000000001,48.47659999999906],[-9.711400000000001,48.49689999999906],[-9.7926,48.49689999999906],[-9.7926,48.51719999999906],[-9.8332,48.51719999999906],[-9.8332,48.537499999999056],[-9.8535,48.537499999999056],[-9.8535,48.557799999999055],[-9.9144,48.557799999999055],[-9.9144,48.578099999999054],[-9.9956,48.578099999999054],[-9.9956,48.557799999999055],[-10.1986,48.578099999999054],[-10.1986,48.61869999999906],[-10.2189,48.61869999999906],[-10.2189,48.63899999999906],[-10.2595,48.63899999999906],[-10.2595,48.74049999999906],[-10.26,48.72000000000406],[-10.34,48.72000000000406],[-10.34,48.74000000000406],[-10.4,48.74000000000406],[-10.4,48.76000000000406],[-10.42,48.76000000000406],[-10.42,48.8125],[-10.4375,48.8125],[-10.4422,48.84199999999906],[-10.5031,48.84199999999906],[-10.5031,48.86229999999906],[-10.7467,48.86229999999906],[-10.767,48.90289999999906],[-10.8888,48.90289999999906],[-10.9091,48.943499999999055],[-10.9497,48.943499999999055],[-10.9497,48.963799999999054],[-10.97,48.963799999999054],[-10.97,48.98409999999906],[-11.0106,48.98409999999906],[-11.0309,49.02469999999906],[-11.0715,49.02469999999906],[-11.089150000002505,49.06000000000407],[-11.14,49.06000000000407],[-11.152799999997498,49.08559999999906],[-11.1933,49.08559999999906],[-11.1933,49.100000000004066],[-11.2542,49.10589999999906],[-11.2542,49.12619999999906],[-11.2745,49.12619999999906],[-11.2745,49.187099999999056],[-11.315100000000001,49.187099999999056],[-11.315100000000001,49.28859999999906],[-11.2745,49.28859999999906],[-11.2745,49.329199999999055],[-11.2542,49.329199999999055],[-11.2542,49.349499999999054],[-11.2136,49.349499999999054],[-11.2136,49.36979999999906],[-11.1933,49.36979999999906],[-11.1933,49.39009999999906],[-11.1527,49.39009999999906],[-11.1527,49.41039999999906],[-10.9497,49.41039999999906],[-10.9497,49.450999999999055],[-10.9091,49.4517],[-10.9091,49.49159999999906],[-10.8888,49.49159999999906],[-10.868500000000001,49.572799999999056],[-10.8279,49.572799999999056],[-10.8076,49.65399999999906],[-10.767,49.65399999999906],[-10.767,49.875],[-10.8125,49.875],[-10.8125,49.91789999999906],[-10.8888,49.91789999999906],[-10.8888,49.93819999999906],[-10.9091,49.93819999999906],[-10.9091,49.99909999999906],[-10.9497,49.99909999999906],[-10.9497,50.18179999999906],[-10.9375,50.18179999999906],[-10.9375,50.3125],[-10.875,50.3125],[-10.875,50.44569999999906],[-10.8888,50.44569999999906],[-10.903749999999322,50.5625],[-10.9375,50.5625],[-10.9375,50.608099999999055],[-10.97,50.608099999999055],[-10.97,50.625],[-11.0106,50.62839999999906],[-11.0106,50.66899999999906],[-11.0309,50.66899999999906],[-11.0309,50.72000000000406],[-11.1,50.72000000000406],[-11.1,50.740000000004066],[-11.14,50.740000000004066],[-11.14,50.780000000004065],[-11.16,50.780000000004065],[-11.16,50.80000000000406],[-11.2,50.80000000000406],[-11.2,50.820000000004065],[-11.22,50.820000000004065],[-11.22,50.860000000004064],[-11.26,50.860000000004064],[-11.26,50.89519999999906],[-11.28,50.95319999999906],[-11.315100000000001,50.95319999999906],[-11.315100000000001,50.98000000000407],[-11.32,50.993799999999055],[-11.3354,50.993799999999055],[-11.3354,51.01409999999906],[-11.376,51.01409999999906],[-11.379999999999999,51.05469999999906],[-11.3963,51.05469999999906],[-11.3963,51.07499999999906],[-11.4369,51.07499999999906],[-11.4369,51.115599999999056],[-11.4978,51.115599999999056],[-11.4978,51.15619999999906],[-11.5181,51.15619999999906],[-11.5181,51.17649999999906],[-11.5587,51.17649999999906],[-11.5587,51.277999999999054],[-11.579,51.277999999999054],[-11.579,51.31859999999906],[-11.6196,51.31859999999906],[-11.6196,51.359199999999056],[-11.6399,51.359199999999056],[-11.6399,51.42009999999906],[-11.6805,51.42009999999906],[-11.700800000000001,51.54189999999906],[-11.7414,51.54189999999906],[-11.7414,51.744899999999056],[-11.6399,51.744899999999056],[-11.6399,51.907299999999054],[-11.6196,51.907299999999054],[-11.6196,51.94000000000406],[-11.66,51.94000000000406],[-11.66,51.98000000000407],[-11.64,51.98000000000407],[-11.6399,52.04939999999905],[-11.6805,52.04939999999905],[-11.705299999997496,52.130599999999056],[-11.7414,52.130599999999056],[-11.756100000002501,52.16000000000406],[-11.78,52.16000000000406],[-11.78,52.17119999999906],[-11.82,52.180000000004064],[-11.8226,52.22000000000406],[-11.84,52.22000000000406],[-11.84,52.23209999999906],[-11.863199999999999,52.23209999999906],[-11.8835,52.272699999999055],[-11.9444,52.272699999999055],[-11.9444,52.292999999999054],[-12.0053,52.292999999999054],[-12.0053,52.31329999999906],[-12.0459,52.31329999999906],[-12.0459,52.33359999999906],[-12.1068,52.33359999999906],[-12.1068,52.360000000004064],[-12.14,52.360000000004064],[-12.14,52.38000000000406],[-12.22,52.38000000000406],[-12.22,52.40000000000406],[-12.28,52.40000000000406],[-12.28,52.420000000004066],[-12.379999999999999,52.420000000004066],[-12.379999999999999,52.44000000000406],[-12.44,52.44000000000406],[-12.44,52.460000000004065],[-12.5,52.460000000004065],[-12.5,52.48000000000407],[-12.9,52.48000000000407],[-12.9,52.500000000004064],[-13.18,52.500000000004064],[-13.18,52.48000000000407],[-13.24,52.48000000000407],[-13.24,52.460000000004065],[-13.280000000000001,52.460000000004065],[-13.280000000000001,52.44000000000406],[-13.44,52.44000000000406],[-13.44,52.460000000004065],[-13.54,52.460000000004065],[-13.54,52.48000000000407],[-13.66,52.48000000000407],[-13.66,52.460000000004065],[-13.68,52.460000000004065],[-13.68,52.48000000000407],[-13.7,52.48000000000407],[-13.7,52.54000000000406],[-13.74,52.54000000000406],[-13.74,52.600000000004066],[-13.96,52.600000000004066],[-13.98,52.56000000000407],[-14.04,52.56000000000407],[-14.04,52.54000000000406],[-14.18,52.54000000000406],[-14.18,52.56000000000407],[-14.3,52.56000000000407],[-14.3,52.54000000000406],[-14.36,52.54000000000406],[-14.36,52.420000000004066],[-14.44,52.420000000004066],[-14.44,52.44000000000406],[-14.5,52.44000000000406],[-14.48,52.48000000000407],[-14.44,52.48000000000407],[-14.44,52.500000000004064],[-14.42,52.500000000004064],[-14.42,52.54000000000406],[-14.379999999999999,52.54000000000406],[-14.379999999999999,52.600000000004066],[-14.42,52.600000000004066],[-14.44,52.640000000004065],[-14.48,52.640000000004065],[-14.48,52.72000000000406],[-14.5,52.72000000000406],[-14.48,52.76000000000406],[-14.44,52.76000000000406],[-14.42,52.80000000000406],[-14.379999999999999,52.80000000000406],[-14.36,52.84000000000407],[-14.32,52.84000000000407],[-14.32,52.90000000000406],[-14.3,52.90000000000406],[-14.3,52.920000000004066],[-14.2,52.920000000004066],[-14.2,52.860000000004064],[-14.1,52.860000000004064],[-14.1,52.88000000000406],[-14.059999999999999,52.88000000000406],[-14.059999999999999,52.920000000004066],[-14.0,52.920000000004066],[-14.0,52.94000000000406],[-13.98,52.94000000000406],[-13.98,52.98000000000407],[-13.94,52.98000000000407],[-13.94,53.0],[-13.66,53.0],[-13.66,52.98000000000407],[-13.559999999999999,52.98000000000407],[-13.559999999999999,53.0],[-13.34,53.0],[-13.34,52.960000000004065],[-13.2,52.960000000004065],[-13.2,52.98000000000407],[-13.18,52.98000000000407],[-13.18,53.0],[-9.959999999999999,53.0],[-9.959999999999999,52.84000000000407],[-9.94,52.84000000000407],[-9.94,52.820000000004065],[-9.9,52.820000000004065],[-9.879999999999999,52.780000000004065],[-9.84,52.780000000004065],[-9.84,52.740000000004066],[-9.82,52.740000000004066],[-9.82,52.72000000000406],[-9.78,52.72000000000406],[-9.78,52.70000000000407],[-9.76,52.70000000000407],[-9.76,52.6875],[-9.75,52.6875],[-9.75,52.66000000000406],[-9.66,52.66000000000406],[-9.66,52.640000000004065],[-9.6,52.640000000004065],[-9.6,52.76000000000406],[-9.58,52.76000000000406],[-9.58,52.740000000004066],[-9.5,52.740000000004066],[-9.5,52.820000000004065],[-9.56,52.820000000004065],[-9.56,52.84000000000407],[-9.54,52.84000000000407],[-9.54,52.94000000000406],[-9.56,52.94000000000406],[-9.56,52.960000000004065],[-9.4881,52.960000000004065],[-9.4881,52.98319999999906],[-9.5287,52.98319999999906],[-9.537100000000471,53.0],[-9.299999999999999,53.0],[-9.299999999999999,52.98000000000407],[-9.4,52.98000000000407],[-9.4,52.820000000004065],[-9.48,52.820000000004065],[-9.48,52.72000000000406],[-9.58,52.72000000000406],[-9.58,52.62000000000406],[-9.625,52.62000000000406],[-9.5084,52.61779999999906],[-9.5084,52.59749999999906],[-9.4678,52.59749999999906],[-9.4678,52.57719999999906],[-9.5287,52.57719999999906],[-9.5287,52.55689999999906],[-9.549,52.55689999999906],[-9.549,52.57719999999906],[-9.625,52.57719999999906],[-9.625,52.5625],[-9.6911,52.55689999999906],[-9.6911,52.516299999999056],[-9.711400000000001,52.516299999999056],[-9.711400000000001,52.49599999999906],[-9.772300000000001,52.49599999999906],[-9.772300000000001,52.47569999999906],[-9.7926,52.47569999999906],[-9.7926,52.49599999999906],[-9.8125,52.49599999999906],[-9.8125,52.4375],[-9.9,52.4375],[-9.9,52.34000000000407],[-9.9347,52.34000000000407],[-9.9347,52.292999999999054],[-9.98,52.292999999999054],[-9.98,52.280000000004065],[-9.9956,52.280000000004065],[-9.9956,52.272699999999055],[-10.0159,52.272699999999055],[-10.0159,52.292999999999054],[-10.08,52.292999999999054],[-10.08,52.280000000004065],[-10.1986,52.280000000004065],[-10.1986,52.272699999999055],[-10.22,52.272699999999055],[-10.22,52.22000000000406],[-10.28,52.22000000000406],[-10.28,52.180000000004064],[-10.32,52.180000000004064],[-10.32,52.12000000000406],[-10.24,52.12000000000406],[-10.24,52.16000000000406],[-10.22,52.16000000000406],[-10.22,52.140000000004065],[-10.16,52.140000000004065],[-10.16,52.08000000000406],[-10.1377,52.08000000000406],[-10.1377,52.11029999999906],[-10.097100000000001,52.11029999999906],[-10.097100000000001,52.130599999999056],[-10.0768,52.130599999999056],[-10.0768,52.11029999999906],[-9.955,52.11029999999906],[-9.955,52.150899999999055],[-9.8941,52.150899999999055],[-9.8941,52.11029999999906],[-9.9347,52.11029999999906],[-9.9347,52.08999999999906],[-9.955,52.08999999999906],[-9.955,52.04939999999905],[-10.0159,52.04939999999905],[-10.0159,52.02909999999906],[-10.036200000000001,52.02909999999906],[-10.036200000000001,52.04939999999905],[-10.08,52.04939999999905],[-10.08,51.98000000000407],[-10.16,51.98000000000407],[-10.16,51.920000000004066],[-10.18,51.920000000004066],[-10.18,52.100000000004066],[-10.28,52.100000000004066],[-10.28,51.960000000004065],[-10.26,51.960000000004065],[-10.26,51.88000000000406],[-10.22,51.88000000000406],[-10.22,51.820000000004065],[-10.0,51.820000000004065],[-10.0,51.88000000000406],[-9.82,51.88000000000406],[-9.82,51.780000000004065],[-9.84,51.780000000004065],[-9.84,51.84000000000407],[-9.9,51.84000000000407],[-9.9,51.680000000004064],[-9.84,51.680000000004064],[-9.84,51.72000000000406],[-9.58,51.72000000000406],[-9.58,51.62000000000406],[-9.6,51.62000000000406],[-9.6,51.680000000004064],[-9.72,51.680000000004064],[-9.72,51.58000000000406],[-9.66,51.58000000000406],[-9.66,51.52000000000406],[-9.58,51.52000000000406],[-9.58,51.501299999999056],[-9.5,51.501299999999056],[-9.5,51.5625],[-9.4375,51.5625],[-9.4375,51.5],[-9.42,51.5],[-9.42,51.52000000000406],[-9.22,51.52000000000406],[-9.22,51.56000000000407],[-9.18,51.5625],[-9.18,51.58000000000406],[-9.12,51.58000000000406],[-9.12,51.62000000000406],[-9.1,51.62000000000406],[-9.1,51.640000000004065],[-8.7,51.640000000004065],[-8.68,51.680000000004064],[-8.62,51.680000000004064],[-8.62,51.70000000000407],[-8.58,51.70000000000407],[-8.58,51.72000000000406],[-8.44,51.72000000000406],[-8.44,51.76000000000406],[-8.42,51.76000000000406],[-8.42,51.780000000004065],[-8.34,51.780000000004065],[-8.34,51.76000000000406],[-8.28,51.76000000000406],[-8.28,51.75],[-8.25,51.75],[-8.25,51.80000000000406],[-8.26,51.80000000000406],[-8.26,51.84000000000407],[-8.32,51.84000000000407],[-8.32,51.88000000000406],[-8.24,51.88000000000406],[-8.24,51.820000000004065],[-8.12,51.820000000004065],[-8.12,51.860000000004064],[-8.08,51.860000000004064],[-8.08,51.88000000000406],[-8.02,51.88000000000406],[-8.02,51.920000000004066],[-8.0,51.920000000004066],[-8.0,51.94000000000406],[-7.859999999999999,51.94000000000406],[-7.859999999999999,51.960000000004065],[-7.82,51.960000000004065],[-7.82,51.98000000000407],[-7.799999999999999,51.98000000000407],[-7.799999999999999,52.02000000000406],[-7.459999999999999,52.02000000000406],[-7.4399999999999995,52.06000000000407],[-7.4,52.06000000000407],[-7.4,52.08000000000406],[-7.379999999999999,52.08000000000406],[-7.379999999999999,52.16000000000406],[-7.5,52.16000000000406],[-7.5,52.20000000000407],[-7.0,52.20000000000407],[-7.0,52.22000000000406],[-6.82,52.22000000000406],[-6.82,52.280000000004065],[-6.76,52.280000000004065],[-6.76,52.26000000000406],[-6.74,52.26000000000406],[-6.74,52.25],[-6.625,52.25],[-6.625,52.22000000000406],[-6.375,52.22000000000406],[-6.3822,52.292999999999054],[-6.402500000000001,52.292999999999054],[-6.402500000000001,52.35389999999906],[-6.3822,52.35389999999906],[-6.3822,52.37419999999906],[-6.341600000000001,52.375],[-6.34,52.500000000004064],[-6.32,52.500000000004064],[-6.32,52.54000000000406],[-6.279999999999999,52.54000000000406],[-6.279999999999999,52.58000000000406],[-6.2198,52.58000000000406],[-6.2198,52.658399999999055],[-6.199999999999999,52.658399999999055],[-6.199999999999999,52.88000000000406],[-6.140000000000001,52.88000000000406],[-6.140000000000001,52.90000000000406],[-6.1,52.90000000000406],[-6.1,52.920000000004066],[-6.02,52.922299999999055],[-6.02,52.98000000000407],[-6.039999999999999,52.98000000000407],[-6.039999999999999,53.0],[-4.399999999999999,53.0],[-4.399999999999999,52.98000000000407],[-4.4375,52.98000000000407],[-4.4375,52.920000000004066],[-4.359999999999999,52.920000000004066],[-4.359999999999999,52.98000000000407],[-4.280000000000001,52.98000000000407],[-4.280000000000001,52.960000000004065],[-4.259999999999998,52.960000000004065],[-4.259999999999998,52.920000000004066],[-4.16,52.920000000004066],[-4.16,52.875],[-4.125,52.875],[-4.125,52.8125],[-4.0625,52.8125],[-4.0625,52.55689999999906],[-4.047700000000001,52.55689999999906],[-4.047700000000001,52.47569999999906],[-4.0625,52.47569999999906],[-4.0625,52.375],[-4.079999999999998,52.375],[-4.079999999999998,52.34000000000407],[-4.125,52.33359999999906],[-4.125,52.3125],[-4.16,52.3125],[-4.16,52.280000000004065],[-4.210100000000001,52.280000000004065],[-4.210100000000001,52.25239999999906],[-4.259999999999998,52.25],[-4.259999999999998,52.22000000000406],[-4.331900000000001,52.22000000000406],[-4.331900000000001,52.21179999999906],[-4.34,52.21179999999906],[-4.34,52.180000000004064],[-4.474,52.17119999999906],[-4.48,52.140000000004065],[-4.5146,52.140000000004065],[-4.5146,52.130599999999056],[-4.71875,52.125],[-4.75,52.0625],[-4.7988,52.0625],[-4.7988,52.04939999999905],[-4.84,52.04000000000406],[-4.84,52.02000000000406],[-4.9206,52.02000000000406],[-4.9206,52.008799999999056],[-5.039999999999999,52.02000000000406],[-5.039999999999999,51.94000000000406],[-5.08,51.94000000000406],[-5.08,51.920000000004066],[-5.16,51.920000000004066],[-5.16,51.860000000004064],[-5.139999999999999,51.860000000004064],[-5.139999999999999,51.75],[-5.125,51.75],[-5.125,51.740000000004066],[-5.1,51.740000000004066],[-5.08,51.70000000000407],[-4.960000000000001,51.70000000000407],[-4.960000000000001,51.680000000004064],[-4.859999999999999,51.680000000004064],[-4.859999999999999,51.70000000000407],[-4.780000000000001,51.70000000000407],[-4.780000000000001,51.72000000000406],[-4.6875,51.72000000000406],[-4.68,51.780000000004065],[-4.399999999999999,51.780000000004065],[-4.399999999999999,51.75],[-4.375,51.75],[-4.375,51.72000000000406],[-4.34,51.72000000000406],[-4.34,51.6875],[-4.3125,51.6875],[-4.300599999999527,51.663699999999054],[-4.2507,51.663699999999054],[-4.2507,51.68399999999906],[-4.169500000000001,51.68399999999906],[-4.169500000000001,51.663699999999054],[-4.16,51.663699999999054],[-4.16,51.680000000004064],[-4.100000000000001,51.680000000004064],[-4.100000000000001,51.76000000000406],[-4.02,51.780000000004065],[-4.02,51.76000000000406],[-3.9800000000000004,51.76000000000406],[-3.9800000000000004,51.680000000004064],[-3.919999999999998,51.680000000004064],[-3.8999999999999986,51.640000000004065],[-3.84,51.640000000004065],[-3.84,51.625],[-3.75,51.625],[-3.75,51.58000000000406],[-3.7399999999999984,51.58000000000406],[-3.7399999999999984,51.5625],[-3.6875,51.5625],[-3.6875,51.52000000000406],[-3.66,51.52000000000406],[-3.66,51.5],[-3.5625,51.5],[-3.5599999999999987,51.44000000000406],[-3.1799999999999997,51.44000000000406],[-3.1799999999999997,51.52000000000406],[-3.0799999999999983,51.52000000000406],[-3.0799999999999983,51.58000000000406],[-2.879999999999999,51.58000000000406],[-2.879999999999999,51.600000000004066],[-2.8599999999999994,51.600000000004066],[-2.8599999999999994,51.640000000004065],[-2.8000000000000007,51.640000000004065],[-2.8000000000000007,51.62000000000406],[-2.656,51.625],[-2.6470000000000002,51.64339999999906],[-2.6064000000000007,51.64339999999906],[-2.6064000000000007,51.68399999999906],[-2.565800000000001,51.68399999999906],[-2.565800000000001,51.64339999999906],[-2.5759499999999997,51.64339999999906],[-2.5861,51.60279999999906],[-2.625,51.60279999999906],[-2.625,51.5625],[-2.637,51.5625],[-2.637,51.54050000000287],[-2.6465,51.54050000000287],[-2.656,51.426500000002875],[-2.6655,51.426500000002875],[-2.6655,51.36950000000287],[-2.6750000000000003,51.36950000000287],[-2.6845,51.255500000002876],[-2.694,51.255500000002876],[-2.694,51.208000000002876],[-2.7035,51.208000000002876],[-2.713,51.09400000000287],[-2.7225,51.09400000000287],[-2.732,50.980000000002875],[-2.7415000000000003,50.980000000002875],[-2.7415000000000003,50.92300000000287],[-2.751,50.92300000000287],[-2.7605,50.809000000002875],[-2.732,50.809000000002875],[-2.732,50.837500000002876],[-2.7035,50.837500000002876],[-2.7035,50.84700000000287],[-2.694,50.84700000000287],[-2.694,50.86600000000287],[-2.6845,50.86600000000287],[-2.6845,50.89450000000287],[-2.6750000000000003,50.89450000000287],[-2.6750000000000003,50.91350000000287],[-2.6655,50.91350000000287],[-2.6655,50.95150000000287],[-2.656,50.95150000000287],[-2.656,50.97050000000287],[-2.6465,50.97050000000287],[-2.6465,50.99900000000287],[-2.637,50.99900000000287],[-2.637,51.027500000002874],[-2.6275,51.027500000002874],[-2.6275,51.056000000002875],[-2.618,51.056000000002875],[-2.618,51.103500000002875],[-2.6085000000000003,51.103500000002875],[-2.599,51.16050000000287],[-2.5895,51.16050000000287],[-2.58,51.21750000000287],[-2.5705,51.21750000000287],[-2.5705,51.23650000000287],[-2.561,51.23650000000287],[-2.561,51.274500000002874],[-2.5515,51.274500000002874],[-2.5515,51.29350000000287],[-2.5420000000000003,51.29350000000287],[-2.5420000000000003,51.32200000000287],[-2.5325,51.32200000000287],[-2.5325,51.350500000002874],[-2.523,51.350500000002874],[-2.523,51.379000000002875],[-2.5135,51.379000000002875],[-2.5135,51.40750000000288],[-2.504,51.40750000000288],[-2.504,51.426500000002875],[-2.4945,51.426500000002875],[-2.4945,51.455000000002876],[-2.485,51.455000000002876],[-2.485,51.48350000000287],[-2.4755000000000003,51.48350000000287],[-2.466,51.54050000000287],[-2.4375,51.54050000000287],[-2.4375,51.53100000000288],[-2.447,51.53100000000288],[-2.447,51.502500000002875],[-2.4565,51.502500000002875],[-2.4565,51.474000000002874],[-2.466,51.474000000002874],[-2.466,51.44550000000287],[-2.4755000000000003,51.44550000000287],[-2.4755000000000003,51.41700000000287],[-2.485,51.41700000000287],[-2.485,51.379000000002875],[-2.4945,51.379000000002875],[-2.504,51.32200000000287],[-2.5135,51.32200000000287],[-2.5135,51.29350000000287],[-2.485,51.29350000000287],[-2.485,51.31250000000287],[-2.4755000000000003,51.31250000000287],[-2.4755000000000003,51.34100000000287],[-2.466,51.34100000000287],[-2.466,51.36950000000287],[-2.4565,51.36950000000287],[-2.4565,51.38850000000287],[-2.447,51.38850000000287],[-2.447,51.41700000000287],[-2.4375,51.41700000000287],[-2.4375,51.44550000000287],[-2.428,51.44550000000287],[-2.428,51.379000000002875],[-2.4375,51.379000000002875],[-2.4375,51.32200000000287],[-2.447,51.32200000000287],[-2.447,51.255500000002876],[-2.4565,51.255500000002876],[-2.4565,51.179500000002875],[-2.466,51.179500000002875],[-2.466,51.103500000002875],[-2.4755000000000003,51.103500000002875],[-2.4755000000000003,51.01800000000287],[-2.485,51.01800000000287],[-2.485,50.95150000000287],[-2.4945,50.95150000000287],[-2.4945,50.87550000000287],[-2.504,50.87550000000287],[-2.504,50.69500000000287],[-2.4945,50.69500000000287],[-2.4945,50.638000000002876],[-2.485,50.638000000002876],[-2.485,50.625],[-2.460000000000001,50.625],[-2.460000000000001,50.640000000004065],[-2.4400000000000013,50.640000000004065],[-2.4400000000000013,50.625],[-2.3425000000000002,50.62839999999906],[-2.3425000000000002,50.657000000002874],[-2.333,50.657000000002874],[-2.333,50.69500000000287],[-2.3235,50.69500000000287],[-2.314,50.77100000000287],[-2.3045,50.77100000000287],[-2.3045,50.81850000000287],[-2.295,50.81850000000287],[-2.295,50.885000000002876],[-2.2855000000000003,50.885000000002876],[-2.2855000000000003,50.932500000002875],[-2.2760000000000002,50.932500000002875],[-2.2760000000000002,50.98950000000287],[-2.2665,50.98950000000287],[-2.2665,51.06550000000287],[-2.257,51.06550000000287],[-2.257,51.14150000000287],[-2.2475,51.14150000000287],[-2.2475,51.24600000000287],[-2.238,51.24600000000287],[-2.238,51.26500000000287],[-2.2190000000000003,51.26500000000287],[-2.2190000000000003,51.227000000002874],[-2.2095000000000002,51.227000000002874],[-2.2095000000000002,51.179500000002875],[-2.2,51.179500000002875],[-2.2,51.151000000002874],[-2.1905,51.151000000002874],[-2.1905,51.12250000000287],[-2.181,51.12250000000287],[-2.181,51.084500000002876],[-2.1715,51.084500000002876],[-2.1715,51.04650000000287],[-2.162,51.04650000000287],[-2.162,51.01800000000287],[-2.1525000000000003,51.01800000000287],[-2.1525000000000003,50.97050000000287],[-2.1430000000000002,50.97050000000287],[-2.1430000000000002,50.932500000002875],[-2.1335,50.932500000002875],[-2.1335,50.904000000002874],[-2.124,50.904000000002874],[-2.1145,50.84700000000287],[-2.105,50.84700000000287],[-2.105,50.82800000000287],[-2.0955,50.82800000000287],[-2.0955,50.809000000002875],[-2.0860000000000003,50.809000000002875],[-2.0860000000000003,50.77100000000287],[-2.0765000000000002,50.77100000000287],[-2.0765000000000002,50.75200000000287],[-2.067,50.75200000000287],[-2.067,50.733000000002875],[-2.0575,50.733000000002875],[-2.0575,50.704500000002874],[-2.048,50.704500000002874],[-2.048,50.685500000002875],[-2.029,50.685500000002875],[-2.029,50.67600000000287],[-2.0195000000000003,50.67600000000287],[-2.0100000000000002,50.657000000002874],[-2.0005,50.657000000002874],[-1.9909999999999997,50.638000000002876],[-1.9568000000000012,50.638000000002876],[-1.9568000000000012,50.68929999999906],[-1.9178500000019068,50.68929999999906],[-1.895900000000001,50.729899999999056],[-1.8850500000004722,50.729899999999056],[-1.8769999999999998,50.746],[-1.8769999999999998,51.255500000002876],[-1.8674999999999997,51.255500000002876],[-1.8674999999999997,51.48350000000287],[-1.8769999999999998,51.48350000000287],[-1.8769999999999998,51.56900000000287],[-1.8864999999999998,51.56900000000287],[-1.8864999999999998,51.645000000002874],[-1.8580000000000005,51.645000000002874],[-1.8580000000000005,51.65450000000288],[-1.8105000000000002,51.65450000000288],[-1.8105000000000002,51.66400000000287],[-1.782,51.66400000000287],[-1.782,51.65450000000288],[-1.7725,51.65450000000288],[-1.7725,51.626000000002875],[-1.763,51.626000000002875],[-1.763,51.597500000002874],[-1.7534999999999998,51.597500000002874],[-1.7534999999999998,51.55950000000287],[-1.7439999999999998,51.55950000000287],[-1.7439999999999998,51.521500000002874],[-1.7344999999999997,51.521500000002874],[-1.7250000000000005,51.46450000000287],[-1.7155000000000005,51.46450000000287],[-1.7155000000000005,51.43600000000287],[-1.6965000000000003,51.43600000000287],[-1.6965000000000003,51.40750000000288],[-1.6870000000000003,51.40750000000288],[-1.6870000000000003,51.36950000000287],[-1.6680000000000001,51.36950000000287],[-1.6680000000000001,51.31250000000287],[-1.6585,51.31250000000287],[-1.6585,51.28400000000288],[-1.649,51.28400000000288],[-1.649,51.255500000002876],[-1.6395,51.255500000002876],[-1.6395,51.23650000000287],[-1.63,51.23650000000287],[-1.63,51.21750000000287],[-1.6204999999999998,51.21750000000287],[-1.6109999999999998,51.179500000002875],[-1.6014999999999997,51.179500000002875],[-1.6014999999999997,51.16050000000287],[-1.5920000000000005,51.16050000000287],[-1.5920000000000005,51.14150000000287],[-1.5825000000000005,51.14150000000287],[-1.5825000000000005,51.12250000000287],[-1.5730000000000004,51.12250000000287],[-1.5730000000000004,51.103500000002875],[-1.5540000000000003,51.09400000000287],[-1.5540000000000003,51.07500000000287],[-1.5445000000000002,51.07500000000287],[-1.5350000000000001,51.03700000000288],[-1.516,51.027500000002874],[-1.516,51.008500000002876],[-1.5065,51.008500000002876],[-1.5065,50.980000000002875],[-1.4874999999999998,50.97050000000287],[-1.4779999999999998,50.932500000002875],[-1.4684999999999997,50.932500000002875],[-1.4590000000000005,50.91350000000287],[-1.4400000000000004,50.904000000002874],[-1.4305000000000003,50.885000000002876],[-1.4210000000000003,50.885000000002876],[-1.4115000000000002,50.86600000000287],[-1.3925,50.86600000000287],[-1.3925,50.84700000000287],[-1.3735,50.84700000000287],[-1.3639999999999999,50.82800000000287],[-1.3544999999999998,50.82800000000287],[-1.3544999999999998,50.81850000000287],[-1.3478000000000012,50.81850000000287],[-1.3478000000000012,50.851699999999056],[-1.3260000000000005,50.851699999999056],[-1.3260000000000005,50.86600000000287],[-1.2785000000000002,50.86600000000287],[-1.2785000000000002,50.87550000000287],[-1.25,50.87550000000287],[-1.25,50.885000000002876],[-1.2405,50.885000000002876],[-1.2405,50.904000000002874],[-1.2214999999999998,50.91350000000287],[-1.2119999999999997,50.95150000000287],[-1.2024999999999997,50.95150000000287],[-1.1930000000000005,51.008500000002876],[-1.1835000000000004,51.008500000002876],[-1.1835000000000004,51.027500000002874],[-1.1740000000000004,51.027500000002874],[-1.1740000000000004,51.056000000002875],[-1.1645000000000003,51.056000000002875],[-1.1550000000000002,51.11300000000287],[-1.1455000000000002,51.11300000000287],[-1.1455000000000002,51.132000000002876],[-1.1360000000000001,51.132000000002876],[-1.1360000000000001,51.16050000000287],[-1.1265,51.16050000000287],[-1.1265,51.179500000002875],[-1.117,51.179500000002875],[-1.117,51.208000000002876],[-1.1075,51.208000000002876],[-1.1075,51.227000000002874],[-1.0979999999999999,51.227000000002874],[-1.0979999999999999,51.24600000000287],[-1.0884999999999998,51.24600000000287],[-1.0884999999999998,51.274500000002874],[-1.0789999999999997,51.274500000002874],[-1.0789999999999997,51.29350000000287],[-1.0600000000000005,51.29350000000287],[-1.0600000000000005,51.31250000000287],[-1.0505000000000004,51.31250000000287],[-1.0505000000000004,51.36000000000287],[-1.0410000000000004,51.36000000000287],[-1.0410000000000004,51.41700000000287],[-1.0315000000000003,51.41700000000287],[-1.0315000000000003,51.46450000000287],[-1.0220000000000002,51.46450000000287],[-1.0220000000000002,51.521500000002874],[-1.0125000000000002,51.521500000002874],[-1.0030000000000001,51.61650000000287],[-0.9935,51.61650000000287],[-0.984,51.69250000000287],[-0.9744999999999999,51.69250000000287],[-0.9744999999999999,51.008500000002876],[-0.9459999999999997,51.008500000002876],[-0.9459999999999997,50.980000000002875],[-0.9649999999999999,50.980000000002875],[-0.9649999999999999,50.94200000000287],[-0.9554999999999998,50.94200000000287],[-0.9554999999999998,50.86600000000287],[-0.9459999999999997,50.86600000000287],[-0.9459999999999997,50.820000000004065],[-0.9400000000000013,50.8125],[-0.9188000000000001,50.8125],[-0.8984000000000001,50.832599999999275],[-0.8551000000008985,50.84959999999928],[-0.851,50.86600000000287],[-0.8319999999999999,50.87550000000287],[-0.8319999999999999,50.904000000002874],[-0.8129999999999997,50.91350000000287],[-0.8129999999999997,50.932500000002875],[-0.7940000000000005,50.932500000002875],[-0.7940000000000005,50.961000000002876],[-0.8035000000000005,50.961000000002876],[-0.8035000000000005,50.99900000000287],[-0.7940000000000005,50.99900000000287],[-0.7940000000000005,51.11300000000287],[-0.7845000000000004,51.11300000000287],[-0.7845000000000004,51.255500000002876],[-0.7750000000000004,51.255500000002876],[-0.7750000000000004,51.44550000000287],[-0.7845000000000004,51.44550000000287],[-0.7845000000000004,51.55950000000287],[-0.7750000000000004,51.55950000000287],[-0.7750000000000004,51.63550000000287],[-0.7845000000000004,51.63550000000287],[-0.7845000000000004,51.702000000002876],[-0.7655000000000003,51.702000000002876],[-0.7655000000000003,51.71150000000287],[-0.7275,51.71150000000287],[-0.7275,51.721000000002874],[-0.6325000000000003,51.721000000002874],[-0.6325000000000003,51.73050000000287],[-0.4900000000000002,51.73050000000287],[-0.4900000000000002,51.74000000000287],[-0.45199999999999996,51.74000000000287],[-0.45199999999999996,51.73050000000287],[-0.43299999999999983,51.721000000002874],[-0.43299999999999983,51.702000000002876],[-0.4139999999999997,51.702000000002876],[-0.4139999999999997,51.66400000000287],[-0.4045000000000005,51.66400000000287],[-0.4045000000000005,51.597500000002874],[-0.39500000000000046,51.597500000002874],[-0.39500000000000046,51.53100000000288],[-0.3855000000000004,51.53100000000288],[-0.3855000000000004,51.46450000000287],[-0.37600000000000033,51.46450000000287],[-0.37600000000000033,51.398000000002874],[-0.36650000000000027,51.398000000002874],[-0.36650000000000027,51.331500000002876],[-0.3380000000000001,51.331500000002876],[-0.3380000000000001,51.398000000002874],[-0.34750000000000014,51.398000000002874],[-0.34750000000000014,51.49300000000287],[-0.3570000000000002,51.49300000000287],[-0.3570000000000002,51.58800000000287],[-0.36650000000000027,51.58800000000287],[-0.36650000000000027,51.645000000002874],[-0.3570000000000002,51.645000000002874],[-0.3570000000000002,51.63550000000287],[-0.34750000000000014,51.63550000000287],[-0.3380000000000001,51.61650000000287],[-0.3285,51.61650000000287],[-0.3285,51.597500000002874],[-0.3094999999999999,51.597500000002874],[-0.3094999999999999,51.578500000002876],[-0.29049999999999976,51.578500000002876],[-0.29049999999999976,51.55950000000287],[-0.2715000000000005,51.550000000002875],[-0.2715000000000005,51.53100000000288],[-0.2525000000000004,51.53100000000288],[-0.24300000000000033,51.51200000000287],[-0.23350000000000026,51.51200000000287],[-0.2240000000000002,51.49300000000287],[-0.21450000000000014,51.49300000000287],[-0.21450000000000014,51.48350000000287],[-0.20500000000000007,51.48350000000287],[-0.20500000000000007,50.96519999999928],[-0.1946000000000001,50.96519999999928],[-0.1946000000000001,50.88000000000406],[-0.17649999999999988,50.88000000000406],[-0.17649999999999988,50.961000000002876],[-0.16699999999999982,50.961000000002876],[-0.16699999999999982,50.89450000000287],[-0.1385000000000005,50.89450000000287],[-0.1385000000000005,50.92300000000287],[-0.12900000000000045,50.92300000000287],[-0.12900000000000045,50.95150000000287],[-0.11950000000000038,50.95150000000287],[-0.11950000000000038,50.98950000000287],[-0.11000000000000032,50.98950000000287],[-0.11000000000000032,51.01800000000287],[-0.10050000000000026,51.01800000000287],[-0.10050000000000026,51.056000000002875],[-0.09100000000000019,51.056000000002875],[-0.09100000000000019,51.084500000002876],[-0.08150000000000013,51.084500000002876],[-0.08150000000000013,51.12250000000287],[-0.07200000000000006,51.12250000000287],[-0.07200000000000006,51.208000000002876],[-0.0625,51.208000000002876],[-0.0625,51.26500000000287],[-0.052999999999999936,51.26500000000287],[-0.052999999999999936,51.31250000000287],[-0.03399999999999981,51.303000000002875],[-0.03399999999999981,51.29350000000287],[-0.015000000000000568,51.29350000000287],[-0.015000000000000568,51.28400000000288],[-0.0055000000000005045,51.28400000000288],[-0.0055000000000005045,51.274500000002874],[0.0039999999999995595,51.274500000002874],[0.013499999999999623,51.255500000002876],[0.03249999999999975,51.255500000002876],[0.041999999999999815,51.23650000000287],[0.06099999999999994,51.23650000000287],[0.07050000000000001,51.21750000000287],[0.08000000000000007,51.21750000000287],[0.08000000000000007,51.208000000002876],[0.11799999999999944,51.19850000000287],[0.1274999999999995,51.179500000002875],[0.1559999999999997,51.179500000002875],[0.16549999999999976,51.16050000000287],[0.3650000000000002,51.151000000002874],[0.3650000000000002,51.14150000000287],[0.45999999999999996,51.14150000000287],[0.45999999999999996,51.151000000002874],[0.4980000000000002,51.151000000002874],[0.4980000000000002,51.16050000000287],[0.5264999999999995,51.16050000000287],[0.5264999999999995,51.151000000002874],[0.5834999999999999,51.151000000002874],[0.5834999999999999,51.14150000000287],[0.593,51.14150000000287],[0.593,51.12250000000287],[0.6025,51.12250000000287],[0.6025,51.103500000002875],[0.6120000000000001,51.103500000002875],[0.6120000000000001,51.084500000002876],[0.6215000000000002,51.084500000002876],[0.6215000000000002,51.06550000000287],[0.6310000000000002,51.06550000000287],[0.6310000000000002,51.04650000000287],[0.6499999999999995,51.03700000000288],[0.6499999999999995,51.027500000002874],[0.6594999999999995,51.027500000002874],[0.6594999999999995,51.008500000002876],[0.6689999999999996,51.008500000002876],[0.6689999999999996,50.99900000000287],[0.6879999999999997,50.98950000000287],[0.6879999999999997,50.97050000000287],[0.6999999999999993,50.96450000000287],[0.6999999999999993,51.000000000004064],[0.7199999999999989,51.000000000004064],[0.7199999999999989,51.100000000004066],[0.7800000000000011,51.100000000004066],[0.7800000000000011,51.06000000000407],[0.8399999999999999,51.06000000000407],[0.8399999999999999,51.08000000000406],[0.879999999999999,51.08000000000406],[0.879999999999999,51.100000000004066],[0.885917808218884,51.10032876712734],[0.8780000000000001,51.132000000002876],[0.859,51.14150000000287],[0.859,51.16050000000287],[0.8399999999999999,51.17000000000287],[0.8399999999999999,51.18900000000287],[0.8494999999999999,51.18900000000287],[0.8494999999999999,51.19850000000287],[1.0110000000000001,51.19850000000287],[1.0205000000000002,51.14150000000287],[1.0300000000000002,51.14150000000287],[1.0381780821914866,51.108787671236925],[1.0735999999999999,51.11075555555962],[1.0701999999999998,51.124999999999275],[1.077,51.11479999999928],[1.0905999999999998,51.11479999999928],[1.0701999999999998,51.19979999999928],[1.0974,51.20659999999928],[1.0974,51.213399999999275],[1.1517999999999997,51.213399999999275],[1.1724999999999994,51.22699999999928],[1.1440000000000001,51.227000000002874],[1.1440000000000001,51.350500000002874],[1.1345,51.350500000002874],[1.1345,51.359199999999056],[1.0869999999999997,51.359199999999056],[1.0869999999999997,51.29350000000287],[1.0964999999999998,51.29350000000287],[1.0964999999999998,51.28400000000288],[1.0869999999999997,51.28400000000288],[1.0869999999999997,51.24600000000287],[1.0964999999999998,51.24600000000287],[1.0964999999999998,51.227000000002874],[1.0489999999999995,51.227000000002874],[1.0489999999999995,51.21750000000287],[1.0300000000000002,51.21750000000287],[1.0300000000000002,51.208000000002876],[1.0205000000000002,51.208000000002876],[1.0205000000000002,51.24600000000287],[1.0110000000000001,51.24600000000287],[1.0110000000000001,51.29350000000287],[1.0015,51.29350000000287],[1.0,51.331500000002876],[0.992,51.331500000002876],[0.992,51.34100000000287],[0.9729999999999999,51.34100000000287],[0.9729999999999999,51.350500000002874],[0.9444999999999997,51.350500000002874],[0.9444999999999997,51.36000000000287],[0.9254999999999995,51.36000000000287],[0.9254999999999995,51.38000000000406],[0.8200000000000003,51.38000000000406],[0.8200000000000003,51.40000000000406],[0.7545000000000002,51.398000000002874],[0.7545000000000002,51.38850000000287],[0.7450000000000001,51.38850000000287],[0.7355,51.36950000000287],[0.726,51.36950000000287],[0.726,51.36000000000287],[0.7164999999999999,51.36000000000287],[0.7069999999999999,51.34100000000287],[0.6974999999999998,51.34100000000287],[0.6974999999999998,51.39979999999906],[0.6212999999999997,51.39979999999906],[0.6212999999999997,51.42009999999906],[0.6618999999999993,51.42009999999906],[0.6618999999999993,51.44000000000406],[0.6310000000000002,51.44550000000287],[0.6310000000000002,51.460000000004065],[0.620000000000001,51.460000000004065],[0.620000000000001,51.48099999999906],[0.6025,51.48099999999906],[0.6025,51.43600000000287],[0.593,51.43600000000287],[0.593,51.40750000000288],[0.5739999999999998,51.398000000002874],[0.5739999999999998,51.36000000000287],[0.5644999999999998,51.36000000000287],[0.5644999999999998,51.34100000000287],[0.5549999999999997,51.34100000000287],[0.5549999999999997,51.31250000000287],[0.5359999999999996,51.31250000000287],[0.5359999999999996,51.34100000000287],[0.5264999999999995,51.34100000000287],[0.5169999999999995,51.398000000002874],[0.5074999999999994,51.398000000002874],[0.4980000000000002,51.43600000000287],[0.48850000000000016,51.43600000000287],[0.48850000000000016,51.455000000002876],[0.4790000000000001,51.455000000002876],[0.4790000000000001,51.49300000000287],[0.46950000000000003,51.49300000000287],[0.45999999999999996,51.550000000002875],[0.4504999999999999,51.550000000002875],[0.4504999999999999,51.56900000000287],[0.44099999999999984,51.56900000000287],[0.44099999999999984,51.597500000002874],[0.4314999999999998,51.597500000002874],[0.4314999999999998,51.626000000002875],[0.4219999999999997,51.626000000002875],[0.4219999999999997,51.645000000002874],[0.44099999999999984,51.63550000000287],[0.44099999999999984,51.61650000000287],[0.4504999999999999,51.61650000000287],[0.4504999999999999,51.60700000000287],[0.46950000000000003,51.597500000002874],[0.4790000000000001,51.55950000000287],[0.4980000000000002,51.550000000002875],[0.4980000000000002,51.54050000000287],[0.5,51.58000000000406],[0.5834999999999999,51.58000000000406],[0.5834999999999999,51.73050000000287],[0.6025,51.721000000002874],[0.6025,51.71150000000287],[0.6404999999999994,51.702000000002876],[0.6499999999999995,51.68300000000287],[0.6689999999999996,51.68300000000287],[0.6784999999999997,51.66400000000287],[0.6974999999999998,51.66400000000287],[0.7069999999999999,51.645000000002874],[0.859,51.626000000002875],[0.8685,51.645000000002874],[0.8875000000000002,51.645000000002874],[0.8875000000000002,51.66400000000287],[0.9064999999999994,51.66400000000287],[0.9064999999999994,51.68300000000287],[0.9254999999999995,51.68300000000287],[0.9257999999999988,51.72459999999906],[0.8648999999999987,51.72459999999906],[0.8648999999999987,51.765199999999055],[0.9000000000000021,51.765199999999055],[0.9000000000000021,51.80000000000406],[0.8200000000000003,51.80000000000406],[0.8200000000000003,51.820000000004065],[0.9064999999999994,51.820000000004065],[0.9064999999999994,51.968000000002874],[0.9159999999999995,51.968000000002874],[0.9159999999999995,51.95850000000287],[0.9349999999999996,51.949000000002876],[0.9444999999999997,51.93000000000287],[0.9634999999999998,51.93000000000287],[0.9729999999999999,51.91100000000287],[0.9824999999999999,51.91100000000287],[0.9824999999999999,51.901500000002876],[1.0015,51.901500000002876],[1.0015,51.892000000002874],[1.0300000000000002,51.892000000002874],[1.0300000000000002,51.88250000000287],[1.0489999999999995,51.88250000000287],[1.0489999999999995,51.873000000002875],[1.1059999999999999,51.873000000002875],[1.1059999999999999,51.86350000000287],[1.1155,51.86350000000287],[1.1155,51.85400000000287],[1.1400000000000006,51.83350000000287],[1.1400000000000006,51.860000000004064],[1.1799999999999997,51.860000000004064],[1.1799999999999997,51.88000000000406],[1.1999999999999993,51.88000000000406],[1.1999999999999993,51.98000000000407],[1.1799999999999997,51.98000000000407],[1.1799999999999997,52.000000000004064],[1.0599999999999987,52.000000000004064],[1.0599999999999987,52.02000000000406],[1.4162500000020302,52.02000000000406],[1.4200000000000017,52.06000000000407],[1.4400000000000013,52.0625],[1.4400000000000013,52.08000000000406],[1.5,52.08000000000406],[1.5,52.12000000000406],[1.5199999999999996,52.12000000000406],[1.5199999999999996,52.140000000004065],[1.5599999999999987,52.140000000004065],[1.5599999999999987,52.180000000004064],[1.620000000000001,52.180000000004064],[1.620000000000001,52.22000000000406],[1.6362999999999985,52.22000000000406],[1.6400000000000006,52.40000000000406],[1.6799999999999997,52.40000000000406],[1.6799999999999997,52.420000000004066],[1.7377999999999982,52.420000000004066],[1.7377999999999982,52.678699999999054],[1.7174999999999994,52.678699999999054],[1.7174999999999994,52.69899999999906],[1.6768999999999998,52.69899999999906],[1.6768999999999998,52.72000000000406],[1.6400000000000006,52.72000000000406],[1.6363999999974936,52.780000000004065],[1.5599999999999987,52.780000000004065],[1.5599999999999987,52.820000000004065],[1.5,52.820000000004065],[1.5,52.86139999999906],[1.4535999999999998,52.86139999999906],[1.4535999999999998,52.88000000000406],[1.3200000000000003,52.88000000000406],[1.3200000000000003,52.91749999999905],[1.2600000000000016,52.920000000004066],[1.2600000000000016,52.90000000000406],[1.0800000000000018,52.90000000000406],[1.0800000000000018,52.920000000004066],[1.0599999999999987,52.920000000004066],[1.0599999999999987,52.960000000004065],[1.0069999999999997,52.960000000004065],[1.0069999999999997,52.94259999999906],[0.8648999999999987,52.94259999999906],[0.8648999999999987,52.96289999999906],[0.6821999999999999,52.96289999999906],[0.6821999999999999,52.98000000000407],[0.5399999999999991,52.98000000000407],[0.5399999999999991,52.94000000000406],[0.5199999999999996,52.94000000000406],[0.5199999999999996,52.920000000004066],[0.5,52.920000000004066],[0.5,52.875],[0.4385999999999992,52.875],[0.4385999999999992,52.82079999999905],[0.2558999999999987,52.82079999999905],[0.2355999999999998,52.86139999999906],[0.17469999999999963,52.86139999999906],[0.17469999999999963,52.88169999999906],[0.13409999999999833,52.88169999999906],[0.11379999999999946,52.922299999999055],[0.07319999999999993,52.922299999999055],[0.07319999999999993,52.96289999999906],[0.11379999999999946,52.96289999999906],[0.1323500000004696,53.0],[3.0,53.0],[3.0,52.00441252454678],[4.177631589361686,52.00441252454678],[4.1745,51.86350000000287]],[[-3.112,48.84000000000407],[-3.1400000000000006,48.84000000000407],[-3.1400000000000006,48.86150000000288],[-3.15,48.86150000000288],[-3.15,48.833000000002876],[-3.1405000000000003,48.833000000002876],[-3.1405000000000003,48.82350000000287],[-3.112,48.82350000000287],[-3.112,48.84000000000407]],[[1.904,50.885000000002876],[1.9325,50.885000000002876],[1.9325,50.960000000004065],[1.904,50.960000000004065],[1.904,50.885000000002876]],[[0.19399999999999995,49.680000000004064],[0.19399999999999995,49.669000000002875],[0.17999999999999972,49.66299999999928],[0.17999999999999972,49.62000000000406],[0.16000000000000014,49.62000000000406],[0.16000000000000014,49.61350000000287],[0.16549999999999976,49.60250000000288],[0.1844999999999999,49.60250000000288],[0.19399999999999995,49.58350000000287],[0.21300000000000008,49.58350000000287],[0.22250000000000014,49.56450000000287],[0.2320000000000002,49.56450000000287],[0.2320000000000002,49.55500000000287],[0.20350000000000001,49.550949999999276],[0.20350000000000001,49.460000000004065],[0.35999999999999943,49.460000000004065],[0.35999999999999943,49.445399999999275],[0.3969999999999998,49.45219999999928],[0.40039999999999987,49.48619999999928],[0.3799999999999999,49.58479999999928],[0.38339999999999996,49.59839999999928],[0.3990500000017986,49.60250000000288],[0.3745000000000003,49.60250000000288],[0.3745000000000003,49.593000000002874],[0.2889999999999997,49.593000000002874],[0.2889999999999997,49.61200000000287],[0.27949999999999964,49.61200000000287],[0.27949999999999964,49.63100000000287],[0.2699999999999996,49.63100000000287],[0.2699999999999996,49.650000000002876],[0.25099999999999945,49.650000000002876],[0.25099999999999945,49.67850000000287],[0.240000000000002,49.68400000000287],[0.19399999999999995,49.680000000004064]],[[-1.4495000000000005,49.64050000000287],[-1.4210000000000003,49.64050000000287],[-1.4210000000000003,49.66000000000406],[-1.4495000000000005,49.66000000000406],[-1.4495000000000005,49.64050000000287]],[[-3.919999999999998,48.640000000004065],[-3.9800000000000004,48.640000000004065],[-3.9868000000000006,48.69989999999906],[-4.039999999999999,48.69989999999906],[-4.039999999999999,48.680000000004064],[-4.079999999999998,48.680000000004064],[-4.079999999999998,48.66000000000406],[-4.199999999999999,48.66000000000406],[-4.199999999999999,48.640000000004065],[-4.243058823529518,48.66088235294024],[-4.2898,48.648999999999276],[-4.29,48.666749999999055],[-4.300000000000001,48.667999999999054],[-4.300000000000001,48.66000000000406],[-4.34,48.66000000000406],[-4.359999999999999,48.62000000000407],[-4.460000000000001,48.62000000000407],[-4.48,48.58000000000406],[-4.5085,48.58000000000406],[-4.5085,48.557500000002875],[-4.4990000000000006,48.557500000002875],[-4.4990000000000006,48.51950000000287],[-4.4895,48.51950000000287],[-4.4895,48.50050000000287],[-4.4990000000000006,48.50050000000287],[-4.4990000000000006,48.49100000000287],[-4.5275,48.49100000000287],[-4.5275,48.481500000002875],[-4.537,48.481500000002875],[-4.537,48.44350000000287],[-4.5275,48.44350000000287],[-4.5275,48.42450000000287],[-4.518,48.42450000000287],[-4.518,48.386500000002876],[-4.5,48.38000000000406],[-4.5,48.40000000000406],[-4.461,48.40000000000406],[-4.461,48.41500000000288],[-4.4515,48.41500000000288],[-4.4515,48.40000000000406],[-4.440000000000001,48.40000000000406],[-4.440000000000001,48.420000000004066],[-4.419999999999998,48.420000000004066],[-4.406438095235816,48.3928761904757],[-4.3714,48.40419999999928],[-4.3612,48.39739999999928],[-4.399999999999999,48.38000000000406],[-4.280000000000001,48.38000000000406],[-4.280000000000001,48.34000000000407],[-4.252,48.34000000000407],[-4.252,48.34850000000287],[-4.2330000000000005,48.34850000000287],[-4.2235,48.36750000000287],[-4.2045,48.36750000000287],[-4.195,48.386500000002876],[-4.176,48.39600000000287],[-4.176,48.405500000002874],[-4.157,48.405500000002874],[-4.1475,48.42450000000287],[-4.1285,48.42450000000287],[-4.1285,48.434000000002875],[-4.109500000000001,48.44350000000287],[-4.1,48.462500000002876],[-4.0715,48.462500000002876],[-4.0715,48.45300000000287],[-4.062,48.45300000000287],[-4.0715,48.434000000002875],[-4.0905000000000005,48.434000000002875],[-4.0905000000000005,48.42450000000287],[-4.109500000000001,48.41500000000288],[-4.119,48.39600000000287],[-4.138,48.39600000000287],[-4.138,48.386500000002876],[-4.1475,48.386500000002876],[-4.1475,48.37700000000287],[-4.157,48.37700000000287],[-4.1665,48.358000000002875],[-4.1855,48.358000000002875],[-4.195,48.33900000000287],[-4.214,48.33900000000287],[-4.214,48.30100000000287],[-3.9290000000000003,48.30100000000287],[-3.9290000000000003,48.33900000000287],[-3.9385,48.33900000000287],[-3.9385,48.358000000002875],[-3.9575,48.358000000002875],[-3.9575,48.405500000002874],[-3.948,48.405500000002874],[-3.948,48.462500000002876],[-3.9385,48.462500000002876],[-3.9385,48.50050000000287],[-3.9290000000000003,48.50050000000287],[-3.9290000000000003,48.529000000002874],[-3.9195,48.529000000002874],[-3.9195,48.557500000002875],[-3.91,48.557500000002875],[-3.91,48.586000000002876],[-3.9195,48.586000000002876],[-3.9195,48.61450000000287],[-3.91,48.62000000000407],[-3.919999999999998,48.62000000000407],[-3.919999999999998,48.640000000004065]],[[-4.600000000000001,48.56700000000287],[-4.6035,48.510000000002876],[-4.594,48.510000000002876],[-4.594,48.481500000002875],[-4.5655,48.481500000002875],[-4.5655,48.53850000000287],[-4.575,48.53850000000287],[-4.575,48.56700000000287],[-4.600000000000001,48.56700000000287]],[[-4.640000000000001,48.54000000000406],[-4.6795,48.54000000000406],[-4.6795,48.51950000000287],[-4.67,48.51950000000287],[-4.67,48.481500000002875],[-4.632,48.481500000002875],[-4.632,48.56000000000407],[-4.640000000000001,48.56000000000407],[-4.640000000000001,48.54000000000406]],[[-4.75,48.460000000004065],[-4.75,48.45300000000287],[-4.7364999999999995,48.45300000000287],[-4.7364999999999995,48.44350000000287],[-4.6985,48.44350000000287],[-4.6985,48.434000000002875],[-4.727,48.434000000002875],[-4.727,48.41500000000288],[-4.75,48.40925000000288],[-4.75,48.38000000000406],[-4.632,48.375],[-4.632,48.386500000002876],[-4.6225000000000005,48.386500000002876],[-4.6225000000000005,48.405500000002874],[-4.6129999999999995,48.405500000002874],[-4.6129999999999995,48.45300000000287],[-4.6225000000000005,48.45300000000287],[-4.6225000000000005,48.462500000002876],[-4.67,48.462500000002876],[-4.67,48.47200000000287],[-4.689,48.47200000000287],[-4.6985,48.49100000000287],[-4.719999999999999,48.49100000000287],[-4.719999999999999,48.460000000004065],[-4.75,48.460000000004065]],[[-4.2913000000000014,47.70519999999906],[-4.331900000000001,47.70519999999906],[-4.331900000000001,47.68489999999906],[-4.375,47.68489999999906],[-4.375,47.522499999999056],[-4.3522,47.522499999999056],[-4.3522,47.50219999999906],[-4.2913000000000014,47.50219999999906],[-4.27650000000011,47.472599999999275],[-4.2316,47.462299999999274],[-4.2316,47.72549999999906],[-4.2913000000000014,47.72549999999906],[-4.2913000000000014,47.70519999999906]],[[-2.5,47.400699999999055],[-2.5,47.34000000000407],[-2.4800000000000004,47.34000000000407],[-2.4755000000000003,47.33200000000287],[-2.4755000000000003,47.341500000002874],[-2.466,47.341500000002874],[-2.4755000000000003,47.417500000002875],[-2.4846000000000004,47.417500000002875],[-2.4846000000000004,47.400699999999055],[-2.5,47.400699999999055]],[[-1.1875,45.76000000000406],[-1.1875,45.688500000002875],[-1.1740000000000004,45.688500000002875],[-1.1740000000000004,45.707500000002874],[-1.1455000000000002,45.707500000002874],[-1.1455000000000002,45.75500000000287],[-1.1875,45.76000000000406]],[[-9.42,52.920000000004066],[-9.42,52.98319999999906],[-9.4678,52.98319999999906],[-9.4678,52.94259999999906],[-9.48,52.94259999999906],[-9.48,52.920000000004066],[-9.42,52.920000000004066]],[[-2.6875,51.5],[-2.7399999999999984,51.5],[-2.7399999999999984,51.460000000004065],[-2.8125,51.460000000004065],[-2.8125,51.4375],[-2.879999999999999,51.4375],[-2.879999999999999,51.38000000000406],[-2.9375,51.38000000000406],[-2.951500000000001,51.375],[-2.951500000000001,51.359199999999056],[-2.9800000000000004,51.359199999999056],[-2.9800000000000004,51.240000000004066],[-3.0,51.240000000004066],[-3.0,51.22000000000406],[-3.053000000000001,51.21709999999906],[-3.0599999999999987,51.180000000004064],[-3.5799999999999983,51.180000000004064],[-3.5799999999999983,51.21709999999906],[-3.7026000000000003,51.22000000000406],[-3.9800000000000004,51.21709999999906],[-3.9800000000000004,51.180000000004064],[-4.159999999997968,51.180000000004064],[-4.1875,51.125],[-4.219999999999999,51.1225],[-4.219999999999999,51.100000000004066],[-4.230400000000001,51.100000000004066],[-4.230400000000001,51.07499999999906],[-4.210100000000001,51.07499999999906],[-4.210100000000001,51.05469999999906],[-4.230400000000001,51.05469999999906],[-4.230400000000001,51.03439999999906],[-4.259999999999998,51.03439999999906],[-4.259999999999998,51.02000000000406],[-4.331900000000001,51.01409999999906],[-4.34,50.98000000000407],[-4.5,50.98000000000407],[-4.5,50.9375],[-4.5625,50.9375],[-4.5625,50.8125],[-4.5755,50.8125],[-4.5755,50.77049999999906],[-4.5958000000000006,50.77049999999906],[-4.5958000000000006,50.750199999999055],[-4.656700000000001,50.75],[-4.656700000000001,50.70959999999906],[-4.677000000000001,50.70959999999906],[-4.677000000000001,50.68929999999906],[-4.717600000000001,50.68929999999906],[-4.717600000000001,50.66899999999906],[-4.7280000000004705,50.66899999999906],[-4.75,50.625],[-4.778500000000001,50.62000000000406],[-4.778500000000001,50.608099999999055],[-4.84,50.608099999999055],[-4.84,50.58000000000406],[-4.859999999999999,50.58000000000406],[-4.859999999999999,50.608099999999055],[-4.900300000000001,50.608099999999055],[-4.9206,50.56749999999906],[-4.960000000000001,50.56000000000407],[-4.960000000000001,50.54000000000406],[-5.0,50.54000000000406],[-5.0,50.5],[-5.02,50.5],[-5.02,50.48000000000407],[-5.039999999999999,50.48000000000407],[-5.039999999999999,50.38000000000406],[-5.08,50.38000000000406],[-5.08,50.360000000004064],[-5.139999999999999,50.360000000004064],[-5.16,50.320000000004065],[-5.219999999999999,50.3125],[-5.2251,50.28329999999906],[-5.279999999999999,50.280000000004065],[-5.279999999999999,50.240000000004066],[-5.3125,50.240000000004066],[-5.3125,50.100000000004066],[-5.279999999999999,50.100000000004066],[-5.279999999999999,50.0625],[-5.1925,50.0625],[-5.1925,50.07750000000287],[-5.164,50.07750000000287],[-5.16,50.069500000002876],[-5.16,50.08000000000406],[-5.1,50.08000000000406],[-5.1,50.22000000000406],[-4.952499999997968,50.22000000000406],[-4.9375,50.25],[-4.919999999999998,50.25],[-4.919999999999998,50.280000000004065],[-4.780000000000001,50.280000000004065],[-4.780000000000001,50.30000000000406],[-4.759999999999998,50.30000000000406],[-4.759999999999998,50.280000000004065],[-4.75,50.280000000004065],[-4.75,50.3125],[-4.677000000000001,50.3125],[-4.677000000000001,50.32389999999906],[-4.656700000000001,50.32389999999906],[-4.656700000000001,50.3125],[-4.625,50.3125],[-4.625,50.34000000000407],[-4.739999999999998,50.34000000000407],[-4.739999999999998,50.38000000000406],[-4.5465,50.375],[-4.5465,50.50500000000287],[-4.537,50.50500000000287],[-4.537,50.46700000000288],[-4.5275,50.46700000000288],[-4.5275,50.438500000002875],[-4.518,50.438500000002875],[-4.518,50.40050000000287],[-4.5085,50.40050000000287],[-4.5085,50.375],[-4.419999999999998,50.38000000000406],[-4.419999999999998,50.420000000004066],[-4.34,50.420000000004066],[-4.34,50.38000000000406],[-4.16,50.375],[-4.079500000001436,50.375],[-4.0715,50.391000000002876],[-4.0525,50.391000000002876],[-4.043,50.410000000002874],[-4.0335,50.410000000002874],[-4.0335,50.362500000002875],[-4.0145,50.35300000000287],[-4.0145,50.34000000000407],[-3.9800000000000004,50.34000000000407],[-3.9800000000000004,50.3125],[-3.919999999999998,50.3125],[-3.919999999999998,50.320000000004065],[-3.8999999999999986,50.320000000004065],[-3.8999999999999986,50.3125],[-3.891,50.3125],[-3.8815,50.315000000002875],[-3.8815,50.334000000002874],[-3.872,50.334000000002874],[-3.872,50.35300000000287],[-3.8625000000000003,50.35300000000287],[-3.8625000000000003,50.37200000000287],[-3.853,50.37200000000287],[-3.853,50.391000000002876],[-3.8435,50.391000000002876],[-3.8435,50.410000000002874],[-3.834,50.410000000002874],[-3.834,50.42900000000287],[-3.8245,50.42900000000287],[-3.8245,50.44800000000287],[-3.815,50.44800000000287],[-3.815,50.46700000000288],[-3.8055,50.46700000000288],[-3.8055,50.486000000002875],[-3.7960000000000003,50.486000000002875],[-3.7960000000000003,50.49550000000287],[-3.7865,50.49550000000287],[-3.7865,50.46700000000288],[-3.758,50.46700000000288],[-3.758,50.457500000002874],[-3.72,50.44800000000287],[-3.7105,50.42900000000287],[-3.682,50.42900000000287],[-3.6725,50.410000000002874],[-3.644,50.410000000002874],[-3.6345,50.391000000002876],[-3.6155,50.391000000002876],[-3.6155,50.38150000000287],[-3.587,50.38150000000287],[-3.587,50.37200000000287],[-3.5799999999999983,50.37200000000287],[-3.5799999999999983,50.38000000000406],[-3.5205,50.38150000000287],[-3.5205,50.391000000002876],[-3.5015,50.40050000000287],[-3.5015,50.44569999999906],[-3.5199,50.44569999999906],[-3.5199,50.465999999999056],[-3.5,50.46700000000288],[-3.499600000000001,50.54719999999906],[-3.465966666667303,50.54719999999906],[-3.4590000000000014,50.562000000002875],[-3.4590000000000014,50.58000000000406],[-3.5,50.58000000000406],[-3.5,50.62000000000406],[-3.4590000000000014,50.62000000000406],[-3.4590000000000014,50.64869999999906],[-3.4387000000000008,50.64869999999906],[-3.4387000000000008,50.62839999999906],[-3.419999999999998,50.62839999999906],[-3.419999999999998,50.680000000004064],[-3.3999999999999986,50.680000000004064],[-3.3999999999999986,50.66000000000406],[-3.3875,50.66000000000406],[-3.3875,50.74250000000287],[-3.3970000000000002,50.74250000000287],[-3.3970000000000002,50.761500000002876],[-3.3875,50.761500000002876],[-3.3875,50.75200000000287],[-3.3685,50.74250000000287],[-3.3685,50.72350000000287],[-3.359,50.72350000000287],[-3.359,50.714000000002876],[-3.34,50.714000000002876],[-3.3305000000000002,50.69500000000287],[-3.321,50.69500000000287],[-3.321,50.67600000000287],[-3.302,50.67600000000287],[-3.302,50.657000000002874],[-3.3000000000000007,50.680000000004064],[-3.280000000000001,50.680000000004064],[-3.280000000000001,50.657000000002874],[-3.2560000000000002,50.657000000002874],[-3.25,50.6875],[-3.188,50.68929999999906],[-3.188,50.70000000000407],[-3.259999999999998,50.70000000000407],[-3.259999999999998,50.740000000004066],[-3.1799999999999997,50.740000000004066],[-3.1785,50.704500000002874],[-3.1785,51.008500000002876],[-3.169,51.008500000002876],[-3.169,50.94200000000287],[-3.1595,50.94200000000287],[-3.1595,50.885000000002876],[-3.15,50.885000000002876],[-3.15,50.84700000000287],[-3.1310000000000002,50.837500000002876],[-3.1310000000000002,50.809000000002875],[-3.1215,50.809000000002875],[-3.1215,50.79000000000288],[-3.112,50.79000000000288],[-3.112,50.77100000000287],[-3.1025,50.77100000000287],[-3.1025,50.75200000000287],[-3.093,50.75200000000287],[-3.093,50.733000000002875],[-3.0835,50.733000000002875],[-3.0835,50.72350000000287],[-3.0799999999999983,50.780000000004065],[-3.055,50.780000000004065],[-3.055,51.04650000000287],[-3.0455,51.04650000000287],[-3.0455,50.98950000000287],[-3.036,50.98950000000287],[-3.036,50.932500000002875],[-3.0265,50.932500000002875],[-3.0265,50.89450000000287],[-3.017,50.89450000000287],[-3.0075000000000003,50.837500000002876],[-2.9885,50.82800000000287],[-2.9885,50.809000000002875],[-2.979,50.809000000002875],[-2.979,50.79000000000288],[-2.9695,50.79000000000288],[-2.96,50.75200000000287],[-2.8365,50.75],[-2.8365,50.77100000000287],[-2.827,50.77100000000287],[-2.827,50.809000000002875],[-2.8175,50.809000000002875],[-2.8175,50.84700000000287],[-2.8080000000000003,50.84700000000287],[-2.8080000000000003,50.89450000000287],[-2.7985,50.89450000000287],[-2.7985,50.95150000000287],[-2.7795,50.95150000000287],[-2.7795,51.01800000000287],[-2.77,51.01800000000287],[-2.7605,51.151000000002874],[-2.751,51.151000000002874],[-2.751,51.19850000000287],[-2.7415000000000003,51.19850000000287],[-2.7415000000000003,51.24600000000287],[-2.732,51.24600000000287],[-2.732,51.29350000000287],[-2.7225,51.29350000000287],[-2.713,51.38850000000287],[-2.7035,51.38850000000287],[-2.7035,51.426500000002875],[-2.694,51.426500000002875],[-2.694,51.474000000002874],[-2.6845,51.474000000002874],[-2.6845,51.521500000002874],[-2.6750000000000003,51.521500000002874],[-2.6750000000000003,51.56219999999906],[-2.6875,51.56219999999906],[-2.6875,51.5]],[[-3.7960000000000003,50.280000000004065],[-3.7960000000000003,50.29600000000287],[-3.777,50.30550000000287],[-3.777,50.280000000004065],[-3.759999999999998,50.280000000004065],[-3.759999999999998,50.30000000000406],[-3.739,50.30000000000406],[-3.739,50.32450000000287],[-3.7485,50.32450000000287],[-3.758,50.362500000002875],[-3.7960000000000003,50.362500000002875],[-3.8055,50.34350000000288],[-3.815,50.34350000000288],[-3.815,50.32450000000287],[-3.8245,50.32450000000287],[-3.8609999999994034,50.280000000004065],[-3.7960000000000003,50.280000000004065]],[[-0.8795000000000002,50.8125],[-0.8605,50.82800000000287],[-0.8593500000008997,50.832599999999275],[-0.8746,50.829199999999275],[-0.8916000000000002,50.8125],[-0.8795000000000002,50.8125]],[[1.3599999999999994,51.28819999999928],[1.2675,51.28400000000288],[1.2675,51.255500000002876],[1.2770000000000001,51.255500000002876],[1.2770000000000001,51.24600000000287],[1.3244999999999996,51.24600000000287],[1.3244999999999996,51.255500000002876],[1.3529999999999998,51.255500000002876],[1.3599999999999994,51.26950000000287],[1.3599999999999994,51.28819999999928]],[[1.3339999999999996,51.360000000004064],[1.3149999999999995,51.350500000002874],[1.3149999999999995,51.331500000002876],[1.2959999999999994,51.32200000000287],[1.2959999999999994,51.303000000002875],[1.2770000000000001,51.301799999999275],[1.3599999999999994,51.301799999999275],[1.3599999999999994,51.360000000004064],[1.3339999999999996,51.360000000004064]],[[0.5400999999999989,51.521599999999054],[0.5800000000000018,51.52091666666954],[0.5800000000000018,51.54000000000406],[0.5074999999999994,51.54000000000406],[0.5074999999999994,51.521500000002874],[0.5264999999999995,51.521500000002874],[0.5264999999999995,51.51200000000287],[0.5400999999999989,51.514266666669535],[0.5400999999999989,51.521599999999054]],[[-9.75,52.625],[-9.68,52.625],[-9.68,52.640000000004065],[-9.75,52.640000000004065],[-9.75,52.625]],[[-4.25,51.58000000000406],[-4.219999999999999,51.58000000000406],[-4.219999999999999,51.600000000004066],[-4.18,51.600000000004066],[-4.18,51.64339999999906],[-4.271000000000001,51.64339999999906],[-4.271000000000001,51.625],[-4.25,51.625],[-4.25,51.58000000000406]],[[-13.68,52.88000000000406],[-13.74,52.88000000000406],[-13.74,52.780000000004065],[-13.719999999999999,52.780000000004065],[-13.719999999999999,52.72000000000406],[-13.68,52.72000000000406],[-13.68,52.70000000000407],[-13.620000000000001,52.70000000000407],[-13.620000000000001,52.72000000000406],[-13.559999999999999,52.72000000000406],[-13.559999999999999,52.740000000004066],[-13.36,52.740000000004066],[-13.36,52.80000000000406],[-13.379999999999999,52.80000000000406],[-13.379999999999999,52.820000000004065],[-13.42,52.820000000004065],[-13.42,52.84000000000407],[-13.559999999999999,52.84000000000407],[-13.58,52.88000000000406],[-13.620000000000001,52.88000000000406],[-13.620000000000001,52.90000000000406],[-13.68,52.90000000000406],[-13.68,52.88000000000406]],[[-9.42,52.90000000000406],[-9.48,52.90000000000406],[-9.48,52.84000000000407],[-9.42,52.84000000000407],[-9.42,52.90000000000406]],[[-4.300000000000001,52.88169999999906],[-4.271000000000001,52.88169999999906],[-4.271000000000001,52.875],[-4.18,52.875],[-4.18,52.90000000000406],[-4.300000000000001,52.90000000000406],[-4.300000000000001,52.88169999999906]],[[-9.92,52.420000000004066],[-9.9347,52.420000000004066],[-9.9347,52.360000000004064],[-9.92,52.360000000004064],[-9.92,52.420000000004066]],[[-10.1,51.780000000004065],[-10.16,51.780000000004065],[-10.16,51.6875],[-10.04,51.70000000000407],[-10.04,51.72000000000406],[-10.0,51.72000000000406],[-10.0,51.740000000004066],[-9.92,51.740000000004066],[-9.92,51.84000000000407],[-9.98,51.84000000000407],[-9.98,51.80000000000406],[-10.02,51.80000000000406],[-10.02,51.780000000004065],[-10.04,51.780000000004065],[-10.04,51.80000000000406],[-10.1,51.80000000000406],[-10.1,51.780000000004065]],[[-9.74,51.680000000004064],[-9.82,51.680000000004064],[-9.82,51.66000000000406],[-9.84,51.66000000000406],[-9.84,51.58000000000406],[-9.74,51.58000000000406],[-9.74,51.680000000004064]],[[-8.98,51.600000000004066],[-8.98,51.5625],[-8.879100000000001,51.5625],[-8.879100000000001,51.58249999999906],[-8.811249999997496,51.58249999999906],[-8.82,51.600000000004066],[-8.98,51.600000000004066]],[[-2.5861,47.3125],[-2.5199999999999996,47.31300000000287],[-2.5199999999999996,47.360000000004064],[-2.5860000000000003,47.359999999999516],[-2.5861,47.3125]],[[-1.259999999999998,45.960000000004065],[-1.3599999999999994,45.960000000004065],[-1.3599999999999994,45.94000000000406],[-1.375,45.94000000000406],[-1.375,45.84579999999904],[-1.368,45.83899999999904],[-1.319400000002514,45.820000000004065],[-1.2800000000000011,45.820000000004065],[-1.2800000000000011,45.84000000000407],[-1.2199999999999989,45.840500000002876],[-1.2204999999999977,45.90000000000406],[-1.259999999999998,45.90000000000406],[-1.259999999999998,45.960000000004065]],[[-1.1999999999999993,45.16579999999904],[-1.2014,45.14199999999904],[-1.2048,45.140000000004065],[-1.1999999999999993,45.140000000004065],[-1.1999999999999993,45.16579999999904]],[[3.9301999999999992,51.53100000000288],[3.9275,51.51200000000287],[3.9179999999999993,51.51200000000287],[3.9179999999999993,51.46450000000287],[3.9375,51.463500000002874],[3.9375,51.521599999999054],[3.9301999999999992,51.521599999999054],[3.9301999999999992,51.53100000000288]],[[3.9085,51.455000000002876],[3.8895,51.455000000002876],[3.8895,51.474000000002874],[3.860999999999999,51.474000000002874],[3.860999999999999,51.44550000000287],[3.879999999999999,51.44550000000287],[3.879999999999999,51.4375],[3.917250000001435,51.4375],[3.9085,51.455000000002876]],[[4.0722999999999985,51.42009999999906],[4.0722999999999985,51.48099999999906],[4.0625,51.48099999999906],[4.0625,51.4375],[4.011399999999998,51.4375],[4.011399999999998,51.42009999999906],[4.0722999999999985,51.42009999999906]],[[0.41249999999999964,49.61200000000287],[0.4139999999999997,49.61199999999928],[0.42760000000179765,49.61200000000287],[0.41249999999999964,49.61200000000287]],[[-0.3570000000000002,51.26500000000287],[-0.3285,51.26500000000287],[-0.3285,51.303000000002875],[-0.3570000000000002,51.303000000002875],[-0.3570000000000002,51.26500000000287]],[[1.1535000000000002,51.23650000000287],[1.1819999999999995,51.23650000000287],[1.1819999999999995,51.26500000000287],[1.1535000000000002,51.26500000000287],[1.1535000000000002,51.23650000000287]],[[-1.117,51.103500000002875],[-1.0884999999999998,51.103500000002875],[-1.0884999999999998,51.11300000000287],[-1.0695000000000006,51.11300000000287],[-1.0695000000000006,51.19850000000287],[-1.0979999999999999,51.19850000000287],[-1.1075,51.14150000000287],[-1.117,51.14150000000287],[-1.117,51.103500000002875]],[[1.9135,50.82800000000287],[1.9420000000000002,50.82800000000287],[1.9420000000000002,50.856500000002875],[1.9135,50.856500000002875],[1.9135,50.82800000000287]],[[-3.8055,50.391000000002876],[-3.7865,50.40050000000287],[-3.7865,50.410000000002874],[-3.777,50.410000000002874],[-3.777,50.457500000002874],[-3.8055,50.457500000002874],[-3.815,50.41950000000287],[-3.8245,50.41950000000287],[-3.8245,50.40050000000287],[-3.834,50.40050000000287],[-3.834,50.37200000000287],[-3.8055,50.37200000000287],[-3.8055,50.391000000002876]]],[[[-4.309,43.389500000002876],[-4.328,43.389500000002876],[-4.328,43.39900000000287],[-4.3375,43.39900000000287],[-4.328,43.41800000000288],[-4.309,43.41800000000288],[-4.309,43.408500000002874],[-4.2995,43.408500000002874],[-4.309,43.389500000002876]]],[[[-2.133,43.71059999999903],[-2.1262,43.68679999999904],[-2.133,43.68679999999904],[-2.1398,43.66639999999904],[-2.1806,43.642599999999035],[-2.1738,43.618799999999034],[-2.1296,43.59159999999903],[-2.116,43.57119999999904],[-2.0684,43.550799999999036],[-2.0446,43.54399999999904],[-1.9562000000000002,43.550799999999036],[-1.9494,43.54059999999904],[-1.9562000000000002,43.523599999999036],[-1.9528,43.499799999999034],[-1.9596,43.492999999999036],[-1.9562000000000002,43.44879999999904],[-1.9664000000000001,43.44539999999904],[-1.9766000000000001,43.407999999999035],[-1.9664000000000001,43.38419999999903],[-1.946,43.37059999999904],[-1.946,43.353599999999034],[-1.98,43.346799999999035],[-1.9868000000000001,43.36379999999904],[-2.0038,43.36379999999904],[-2.0174000000000003,43.353599999999034],[-2.0174000000000003,43.33319999999904],[-2.0718,43.32639999999904],[-2.0786,43.31279999999904],[-2.1772,43.31279999999904],[-2.1942,43.319599999999035],[-2.1976,43.523599999999036],[-2.1942,43.649399999999034],[-2.1874000000000002,43.65959999999904],[-2.1942,43.737799999999034],[-2.1908000000000003,43.761599999999035],[-2.1772,43.764999999999034],[-2.1772,43.77859999999904],[-2.1568,43.77179999999904],[-2.1704,43.74459999999904],[-2.1534,43.737799999999034],[-2.133,43.71059999999903]],[[-2.1602,43.581399999999036],[-2.167,43.60179999999904],[-2.184,43.60179999999904],[-2.184,43.57799999999904],[-2.1602,43.581399999999036]]],[[[-6.199999999999999,43.680000000004064],[-6.140000000000001,43.680000000004064],[-6.140000000000001,43.640000000004065],[-6.18,43.640000000004065],[-6.18,43.62000000000407],[-6.24,43.62000000000407],[-6.24,43.56000000000407],[-6.26,43.56000000000407],[-6.26,43.58000000000406],[-6.279999999999999,43.58000000000406],[-6.279999999999999,43.640000000004065],[-6.199999999999999,43.640000000004065],[-6.199999999999999,43.680000000004064]]],[[[-1.4836,43.819399999999035],[-1.4734,43.80579999999904],[-1.4564000000000001,43.80239999999904],[-1.4360000000000002,43.80579999999904],[-1.4224,43.785399999999036],[-1.4734,43.77859999999904],[-1.4768000000000001,43.80239999999904],[-1.487,43.80919999999904],[-1.538,43.80579999999904],[-1.589,43.815999999999036],[-1.5992000000000002,43.822799999999035],[-1.5958,43.83979999999904],[-1.6162,43.846599999999036],[-1.5652000000000001,43.846599999999036],[-1.5652000000000001,43.85679999999903],[-1.5788,43.85679999999903],[-1.5788,43.86359999999904],[-1.5448000000000002,43.877199999999036],[-1.5346000000000002,43.87039999999904],[-1.538,43.85679999999903],[-1.5074,43.849999999999035],[-1.5176,43.819399999999035],[-1.4836,43.819399999999035]],[[-1.5482,43.849999999999035],[-1.5618,43.853399999999034],[-1.5618,43.83979999999904],[-1.5482,43.83979999999904],[-1.5482,43.849999999999035]],[[-1.5414,43.826199999999034],[-1.5244,43.826199999999034],[-1.5244,43.83979999999904],[-1.5414,43.83979999999904],[-1.5414,43.826199999999034]]],[[[-1.487,43.90099999999904],[-1.4666000000000001,43.883999999999034],[-1.5006000000000002,43.88739999999903],[-1.5074,43.90099999999904],[-1.487,43.90099999999904]]],[[[-1.3952,43.92139999999904],[-1.4122000000000001,43.92139999999904],[-1.4122000000000001,43.938399999999035],[-1.3986,43.938399999999035],[-1.3918000000000001,43.93159999999904],[-1.3952,43.92139999999904]]],[[[-1.4904000000000002,43.934999999999036],[-1.5924,43.90099999999904],[-1.5924,43.911199999999035],[-1.5108000000000001,43.93159999999904],[-1.5108000000000001,43.941799999999034],[-1.5482,43.938399999999035],[-1.5414,43.95199999999904],[-1.5550000000000002,43.95199999999904],[-1.5482,43.968999999999035],[-1.5414,43.968999999999035],[-1.5414,43.95879999999904],[-1.5108000000000001,43.96219999999904],[-1.5074,43.95539999999904],[-1.487,43.95539999999904],[-1.487,43.94859999999904],[-1.504,43.94859999999904],[-1.504,43.938399999999035],[-1.4904000000000002,43.934999999999036]],[[-1.5244,43.94519999999903],[-1.5244,43.95539999999904],[-1.538,43.95539999999904],[-1.538,43.94519999999903],[-1.5244,43.94519999999903]]],[[[-1.6196000000000002,43.94519999999903],[-1.5924,43.94519999999903],[-1.5754000000000001,43.94859999999904],[-1.6162,43.934999999999036],[-1.623,43.938399999999035],[-1.6196000000000002,43.94519999999903]]],[[[-1.5754000000000001,43.96219999999904],[-1.5992000000000002,43.95539999999904],[-1.6094000000000002,43.95879999999904],[-1.6094000000000002,43.965599999999036],[-1.5754000000000001,43.96219999999904]]],[[[-1.4394,43.95539999999904],[-1.4700000000000002,43.95879999999904],[-1.4734,43.972399999999034],[-1.5550000000000002,43.97919999999904],[-1.5618,43.98939999999904],[-1.589,43.992799999999036],[-1.5618,44.00639999999904],[-1.5652000000000001,44.023399999999036],[-1.538,44.026799999999035],[-1.453,44.01659999999904],[-1.4564000000000001,44.030199999999034],[-1.4496,44.030199999999034],[-1.4326,44.023399999999036],[-1.4462000000000002,44.01999999999904],[-1.4428,43.999599999999035],[-1.419,43.992799999999036],[-1.419,43.97919999999904],[-1.453,43.97919999999904],[-1.453,43.968999999999035],[-1.4394,43.965599999999036],[-1.4394,43.95539999999904]]],[[[-2.1908000000000003,44.1896000000006],[-2.1874000000000002,44.325999999999034],[-2.1024000000000003,44.32939999999904],[-2.0684,44.346399999999036],[-2.0684,44.36339999999904],[-2.133,44.34299999999904],[-2.167,44.34299999999904],[-2.1704,44.349799999999036],[-2.167,44.376999999999036],[-2.1806,44.380399999999035],[-2.1806,44.39739999999904],[-2.1942,44.410999999999035],[-2.1908000000000003,44.645599999999035],[-2.1364,44.652399999999034],[-2.1364,44.645599999999035],[-2.1228,44.642199999999036],[-2.1194,44.62859999999904],[-2.0956,44.63199999999904],[-2.0718,44.59799999999904],[-2.0514,44.59459999999903],[-2.0412,44.59799999999904],[-2.0412,44.60819999999904],[-2.0514,44.614999999999036],[-2.048,44.62519999999904],[-2.0208,44.62519999999904],[-2.0208,44.63199999999904],[-2.0038,44.63879999999904],[-1.997,44.65919999999904],[-1.9732,44.65579999999903],[-1.963,44.63199999999904],[-1.9664000000000001,44.560599999999035],[-1.9528,44.472199999999035],[-1.8984,44.410999999999035],[-1.8236,44.36679999999904],[-1.776,44.319199999999036],[-1.7624,44.288599999999036],[-1.7454,44.27159999999904],[-1.708,44.25119999999904],[-1.708,44.22739999999904],[-1.6842000000000001,44.203599999999035],[-1.657,44.18999999999904],[-1.657,44.179799999999034],[-1.6706,44.176399999999035],[-1.6706,44.16619999999904],[-1.6400000000000001,44.149199999999034],[-1.6400000000000001,44.13899999999904],[-1.6842000000000001,44.149199999999034],[-1.6842000000000001,44.13899999999904],[-1.6706,44.13899999999904],[-1.657,44.12199999999903],[-1.6978,44.12879999999904],[-1.6978,44.118599999999034],[-1.6706,44.10499999999904],[-1.6672,44.09479999999904],[-1.7148,44.09819999999904],[-1.725,44.03699999999904],[-1.7114,44.03359999999903],[-1.7182000000000002,43.999599999999035],[-1.708,43.992799999999036],[-1.708,43.98259999999904],[-1.7216,43.98259999999904],[-1.7114,43.96219999999904],[-1.7284000000000002,43.96219999999904],[-1.7284000000000002,43.95199999999904],[-1.7114,43.95199999999904],[-1.7114,43.941799999999034],[-1.7386000000000001,43.934999999999036],[-1.742,43.92139999999904],[-1.7556,43.91799999999904],[-1.7624,43.904399999999036],[-1.7556,43.83979999999904],[-1.7624,43.83639999999904],[-1.7624,43.77519999999904],[-1.7658,43.76839999999903],[-1.7862,43.76839999999903],[-1.7930000000000001,43.74459999999904],[-1.8066,43.734399999999034],[-1.8168,43.71059999999903],[-1.7998,43.645999999999034],[-1.8168,43.645999999999034],[-1.8406,43.66299999999904],[-1.8678000000000001,43.66299999999904],[-1.8678000000000001,43.669799999999036],[-1.929,43.669799999999036],[-1.9562000000000002,43.69359999999904],[-1.98,43.700399999999036],[-1.9902,43.71399999999904],[-2.0174000000000003,43.71399999999904],[-2.0004,43.72419999999904],[-2.0004,43.734399999999034],[-2.0446,43.727599999999036],[-2.0446,43.737799999999034],[-2.0140000000000002,43.74459999999904],[-2.0140000000000002,43.758199999999036],[-2.0072,43.761599999999035],[-2.0072,43.77519999999904],[-2.0174000000000003,43.78199999999904],[-2.0072,43.80239999999904],[-2.0208,43.815999999999036],[-2.0208,43.83639999999904],[-2.0276,43.83639999999904],[-2.0276,43.846599999999036],[-2.0174000000000003,43.853399999999034],[-2.0208,43.86699999999904],[-2.0616000000000003,43.86699999999904],[-2.0786,43.853399999999034],[-2.1058,43.853399999999034],[-2.133,43.83639999999904],[-2.1262,43.815999999999036],[-2.1534,43.80919999999904],[-2.1806,43.80919999999904],[-2.1942,43.8488000000006],[-2.3423999999999996,43.8488000000006],[-2.3423999999999996,43.9624000000006],[-2.3991999999999996,43.9624000000006],[-2.3991999999999996,44.0192000000006],[-2.5127999999999995,44.0192000000006],[-2.5127999999999995,44.1328000000006],[-2.3423999999999996,44.1328000000006],[-2.3423999999999996,44.1896000000006],[-2.1908000000000003,44.1896000000006]],[[-2.1719999999999997,44.076000000000604],[-2.1568,44.076000000000604],[-2.167,44.10159999999904],[-2.1719999999999997,44.10159999999904],[-2.1719999999999997,44.076000000000604]],[[-2.1151999999999997,43.95199999999904],[-2.0854,44.00639999999904],[-2.0854,44.030199999999034],[-2.0786,44.03699999999904],[-2.082,44.07779999999904],[-2.0752,44.07779999999904],[-2.0752,44.091399999999034],[-2.0922,44.10159999999904],[-2.1262,44.10499999999904],[-2.1398,44.087999999999035],[-2.1534,44.084599999999035],[-2.1534,44.076000000000604],[-2.1151999999999997,44.076000000000604],[-2.1151999999999997,43.95199999999904]],[[-2.1568,44.444999999999034],[-2.1738,44.42799999999904],[-2.1738,44.410999999999035],[-2.1568,44.407599999999036],[-2.1568,44.39739999999904],[-2.116,44.39739999999904],[-2.1194,44.41779999999903],[-2.082,44.43139999999904],[-2.065,44.45179999999904],[-2.0412,44.45179999999904],[-2.0412,44.46199999999904],[-2.0684,44.475599999999034],[-2.0922,44.499399999999035],[-2.0956,44.51639999999904],[-2.1466000000000003,44.523199999999036],[-2.1466000000000003,44.50619999999903],[-2.1194,44.499399999999035],[-2.1228,44.49259999999904],[-2.15,44.502799999999034],[-2.1568,44.48239999999904],[-2.1534,44.45179999999904],[-2.1228,44.44839999999904],[-2.1568,44.444999999999034]],[[-2.0888,44.39399999999904],[-2.1398,44.387199999999034],[-2.1398,44.376999999999036],[-2.0888,44.383799999999034],[-2.0888,44.39399999999904]],[[-2.0412,44.230799999999036],[-2.0412,44.24099999999903],[-2.1194,44.24779999999904],[-2.1194,44.237599999999034],[-2.099,44.230799999999036],[-2.0412,44.230799999999036]],[[-2.0616000000000003,44.203599999999035],[-2.0956,44.210399999999034],[-2.0956,44.200199999999036],[-2.0616000000000003,44.19339999999904],[-2.0616000000000003,44.203599999999035]]],[[[-1.5006000000000002,44.03359999999903],[-1.5686,44.053999999999036],[-1.5788,44.06759999999904],[-1.5550000000000002,44.07099999999904],[-1.5142,44.05059999999904],[-1.4802000000000002,44.04379999999904],[-1.4700000000000002,44.03359999999903],[-1.5006000000000002,44.03359999999903]]],[[[-1.3952,44.16279999999904],[-1.3374000000000001,44.12879999999904],[-1.3374000000000001,44.115199999999035],[-1.3510000000000002,44.10839999999904],[-1.3544,44.09479999999904],[-1.3714000000000002,44.087999999999035],[-1.3714000000000002,44.030199999999034],[-1.3952,44.03359999999903],[-1.3986,44.053999999999036],[-1.4394,44.053999999999036],[-1.4394,44.06419999999903],[-1.453,44.07439999999904],[-1.4802000000000002,44.07439999999904],[-1.5244,44.09819999999904],[-1.5244,44.10499999999904],[-1.5108000000000001,44.10159999999904],[-1.5108000000000001,44.111799999999036],[-1.4598,44.10839999999904],[-1.4598,44.118599999999034],[-1.4734,44.12199999999903],[-1.5074,44.15599999999904],[-1.5074,44.16279999999904],[-1.4768000000000001,44.15939999999904],[-1.4768000000000001,44.172999999999035],[-1.4292,44.15939999999904],[-1.3952,44.16279999999904]]],[[[-1.0586000000000002,44.69659999999904],[-1.046900000002515,44.680000000004064],[-1.0199999999999996,44.680000000004064],[-1.0178,44.65579999999903],[-1.0199999999999996,44.640000000004065],[-1.0599999999999987,44.640000000004065],[-1.0505000000000004,44.58650000000287],[-1.0789999999999997,44.58650000000287],[-1.0789999999999997,44.472500000002874],[-1.0979999999999999,44.472500000002874],[-1.0979999999999999,44.49150000000287],[-1.1075,44.49150000000287],[-1.117,44.52950000000287],[-1.1455000000000002,44.52950000000287],[-1.1550000000000002,44.548500000002875],[-1.1740000000000004,44.548500000002875],[-1.1740000000000004,44.55800000000288],[-1.1930000000000005,44.56750000000287],[-1.1930000000000005,44.58650000000287],[-1.1999999999999993,44.58650000000287],[-1.1999999999999993,44.56000000000407],[-1.2199999999999989,44.56000000000407],[-1.2218,44.58000000000406],[-1.2422000000000002,44.553799999999036],[-1.2626000000000002,44.553799999999036],[-1.2694,44.53679999999903],[-1.3,44.53679999999903],[-1.3136,44.54359999999904],[-1.3170000000000002,44.560599999999035],[-1.3272000000000002,44.56739999999904],[-1.3272000000000002,44.584399999999036],[-1.3374000000000001,44.587799999999035],[-1.3374000000000001,44.60479999999904],[-1.3102,44.625550000002875],[-1.3102,44.63879999999904],[-1.3,44.642199999999036],[-1.2800000000000011,44.63199999999904],[-1.2800000000000011,44.66000000000406],[-1.259999999999998,44.66000000000406],[-1.259999999999998,44.680000000004064],[-1.25,44.680000000004064],[-1.25,44.71000000000287],[-1.2405,44.71000000000287],[-1.2405,44.72900000000287],[-1.2309999999999999,44.72900000000287],[-1.2214999999999998,44.748000000002875],[-1.2119999999999997,44.748000000002875],[-1.2119999999999997,44.75750000000287],[-1.2024999999999997,44.75750000000287],[-1.2024999999999997,44.750000000004064],[-1.1999999999999993,44.76000000000406],[-1.1600000000000001,44.76000000000406],[-1.1600000000000001,44.780000000004065],[-1.1400000000000006,44.780000000004065],[-1.120000000000001,44.74000000000406],[-1.0599999999999987,44.74000000000406],[-1.0586000000000002,44.69659999999904]]],[[[-2.0208,44.71359999999903],[-2.0038,44.71359999999903],[-1.9936,44.703399999999036],[-1.9936,44.68639999999904],[-2.0446,44.66259999999904],[-2.0446,44.676199999999035],[-2.0208,44.71359999999903]]],[[[-5.3919999999999995,45.359000000000755],[-5.23,45.359000000000755],[-5.189499999999999,45.27800000000076],[-5.108499999999999,45.27800000000076],[-5.108499999999999,45.197000000000756],[-5.068,45.197000000000756],[-5.068,45.11600000000076],[-5.0275,45.11600000000076],[-5.0275,45.07550000000076],[-4.9465,45.03500000000076],[-4.9465,44.95400000000076],[-4.987,44.95400000000076],[-4.987,44.994500000000755],[-5.068,44.994500000000755],[-5.068,45.03500000000076],[-5.148999999999999,45.03500000000076],[-5.148999999999999,45.07550000000076],[-5.23,45.07550000000076],[-5.23,45.11600000000076],[-5.311,45.11600000000076],[-5.311,45.15650000000076],[-5.3919999999999995,45.15650000000076],[-5.3919999999999995,45.359000000000755]]],[[[-3.3578,47.74079999999952],[-3.3495,47.74079999999952],[-3.3495,47.75950000000287],[-3.34,47.75950000000287],[-3.34,47.80700000000287],[-3.3305000000000002,47.80700000000287],[-3.3305000000000002,47.84500000000287],[-3.321,47.84500000000287],[-3.321,47.75509999999952],[-3.3102,47.75779999999952],[-3.317,47.750999999999515],[-3.3115,47.75000000000287],[-3.3115,47.73100000000287],[-3.321,47.73100000000287],[-3.321,47.70250000000287],[-3.34,47.693000000002876],[-3.34,47.68350000000287],[-3.3495,47.68350000000287],[-3.3495,47.69782499999952],[-3.3578,47.70339999999952],[-3.3680000000000003,47.70339999999952],[-3.3646000000000003,47.689799999999515],[-3.385,47.69659999999952],[-3.3714000000000004,47.70339999999952],[-3.3714000000000004,47.720399999999515],[-3.3646000000000003,47.720399999999515],[-3.3578,47.74079999999952]],[[-3.3495,47.720399999999515],[-3.3612,47.716999999999516],[-3.3612,47.70679999999952],[-3.3495,47.70679999999952],[-3.3495,47.720399999999515]]],[[[-3.8002000000000002,47.741199999999274],[-3.8138,47.76159999999928],[-3.8342,47.76159999999928],[-3.8342,47.768399999999275],[-3.8104,47.771799999999274],[-3.8002000000000002,47.792199999999276],[-3.7866,47.77859999999928],[-3.7934,47.764999999999276],[-3.7764,47.74799999999928],[-3.8002000000000002,47.741199999999274]]],[[[-3.8682000000000003,47.77519999999928],[-3.8886000000000003,47.77859999999928],[-3.8716,47.795599999999276],[-3.8546,47.792199999999276],[-3.8546,47.78199999999928],[-3.8682000000000003,47.78199999999928],[-3.8682000000000003,47.77519999999928]]],[[[-4.1776,47.86359999999928],[-4.1636,47.85639999999952],[-4.1636,47.832599999999516],[-4.1776,47.83639999999928],[-4.1776,47.86359999999928]]],[[[-4.3408,48.41099999999928],[-4.351,48.40079999999928],[-4.3442,48.414399999999276],[-4.3408,48.41099999999928]]],[[[-3.0892,48.81939999999928],[-3.0824,48.81599999999928],[-3.0824,48.80579999999928],[-3.0926,48.80919999999928],[-3.0892,48.81939999999928]]],[[[0.8494999999999999,51.74000000000287],[0.8494999999999999,51.721000000002874],[0.8209999999999997,51.721000000002874],[0.8209999999999997,51.749500000002875],[0.8114999999999997,51.749500000002875],[0.8114999999999997,51.768500000002874],[0.8304999999999998,51.75900000000287],[0.8399999999999999,51.74000000000287],[0.8494999999999999,51.74000000000287]]],[[[1.1535000000000002,51.920500000002875],[1.1345,51.91100000000287],[1.1345,51.949000000002876],[1.1535000000000002,51.949000000002876],[1.1535000000000002,51.920500000002875]]]]}},{"type":"Feature","properties":{"status":"target","area_deg2":46.73},"geometry":{"type":"MultiPolygon","coordinates":[[[[-119.6875,33.875],[-119.875,33.875],[-119.875,33.8125],[-119.9375,33.8125],[-119.9375,33.875],[-120.0625,33.875],[-120.0625,33.9375],[-119.6875,33.9375],[-119.6875,33.875]]],[[[-71.875,41.0],[-71.875,41.0625],[-72.0,41.0625],[-72.0,41.3125],[-71.875,41.3125],[-71.8125,41.1875],[-71.6875,41.1875],[-71.6875,41.125],[-71.8125,41.0625],[-71.8125,41.0],[-71.875,41.0]]],[[[-67.1875,41.4375],[-67.3125,41.4375],[-67.375,41.3125],[-67.5625,41.3125],[-67.5625,41.25],[-67.6875,41.25],[-67.6875,41.1875],[-67.8125,41.1875],[-67.875,41.0625],[-68.0,41.0625],[-68.0,41.0],[-68.0625,41.0],[-68.0625,40.9375],[-68.1875,40.9375],[-68.25,40.8125],[-68.375,40.8125],[-68.375,40.75],[-68.9375,40.75],[-68.9375,40.6875],[-69.4375,40.6875],[-69.4375,40.75],[-69.6875,40.75],[-69.6875,40.8125],[-69.9375,40.8125],[-69.9375,40.875],[-70.0,40.875],[-70.0,40.9375],[-70.125,41.0],[-70.125,41.25],[-70.1875,41.25],[-70.1875,41.3125],[-70.4375,41.3125],[-70.4375,41.375],[-70.5,41.375],[-70.5,41.5],[-70.75,41.5],[-70.6875,41.625],[-70.625,41.625],[-70.625,41.5625],[-70.375,41.5625],[-70.375,41.625],[-70.125,41.625],[-70.125,41.6875],[-69.875,41.6875],[-69.875,41.625],[-69.75,41.625],[-69.75,41.5625],[-69.4375,41.5625],[-69.4375,41.5],[-69.3125,41.5],[-69.3125,41.375],[-69.25,41.375],[-69.25,41.3125],[-69.125,41.3125],[-69.125,41.25],[-68.75,41.25],[-68.75,41.3125],[-68.5625,41.3125],[-68.5625,41.375],[-68.375,41.375],[-68.375,41.6875],[-68.0625,41.6875],[-68.0625,41.75],[-68.0,41.75],[-67.9375,41.875],[-67.8125,41.875],[-67.8125,41.9375],[-67.625,41.9375],[-67.625,42.0],[-67.4375,42.0],[-67.4375,42.0625],[-67.25,42.0625],[-67.25,42.125],[-67.125,42.125],[-67.125,42.1875],[-66.375,42.1875],[-66.375,42.125],[-66.0,42.125],[-66.0,42.0625],[-65.875,42.0],[-65.875,41.875],[-66.0,41.875],[-66.0,41.8125],[-66.375,41.8125],[-66.375,41.5],[-66.5,41.5],[-66.5,41.4375],[-66.625,41.4375],[-66.625,41.375],[-66.6875,41.375],[-66.6875,41.4375],[-66.8125,41.5],[-66.8125,41.75],[-67.0,41.75],[-67.0,41.6875],[-67.125,41.625],[-67.125,41.5],[-67.1875,41.5],[-67.1875,41.4375]],[[-66.5,41.6875],[-66.5,41.875],[-66.75,41.875],[-66.75,41.6875],[-66.5,41.6875]]],[[[-65.5625,42.5],[-65.5625,42.4375],[-65.5,42.4375],[-65.5,42.1875],[-65.625,42.125],[-65.625,42.5],[-65.5625,42.5]]],[[[-65.5,44.8125],[-65.6875,44.8125],[-65.75,44.6875],[-65.875,44.6875],[-65.875,44.625],[-66.0,44.625],[-66.0625,44.5],[-66.1875,44.5],[-66.1875,44.4375],[-66.25,44.4375],[-66.25,44.3125],[-66.3125,44.3125],[-66.3125,44.125],[-66.1875,44.0625],[-66.1875,43.8125],[-66.0,43.8125],[-66.0,43.75],[-65.875,43.75],[-65.875,43.6875],[-65.75,43.6875],[-65.75,43.5625],[-65.6875,43.5625],[-65.6875,43.5],[-65.5,43.5],[-65.4375,43.375],[-65.5,43.375],[-65.5,43.1875],[-65.625,43.1875],[-65.625,43.125],[-65.75,43.125],[-65.75,43.0625],[-65.9375,43.0625],[-65.9375,42.75],[-66.0,42.75],[-66.0,42.6875],[-66.25,42.6875],[-66.25,42.75],[-66.375,42.75],[-66.375,42.8125],[-66.1875,42.8125],[-66.1875,42.875],[-66.0625,42.875],[-66.0625,43.0625],[-66.3125,43.0625],[-66.3125,43.125],[-66.4375,43.125],[-66.4375,43.1875],[-66.5625,43.1875],[-66.5625,43.375],[-66.5,43.375],[-66.5,43.5],[-66.375,43.5],[-66.375,43.5625],[-66.3125,43.5625],[-66.3125,43.75],[-66.375,43.75],[-66.375,43.8125],[-66.5,43.875],[-66.5,44.0625],[-66.6875,44.0625],[-66.6875,44.125],[-66.75,44.125],[-66.75,44.5],[-66.9375,44.5],[-66.9375,44.5625],[-67.125,44.5625],[-67.1875,44.6875],[-67.0625,44.6875],[-67.0625,44.75],[-67.0,44.75],[-66.9375,44.875],[-66.8125,44.875],[-66.8125,44.6875],[-66.625,44.6875],[-66.625,44.625],[-66.25,44.625],[-66.25,44.8125],[-66.1875,44.8125],[-66.1875,45.0625],[-66.0,45.0625],[-66.0,45.1875],[-65.9375,45.1875],[-65.9375,45.25],[-65.75,45.25],[-65.75,45.3125],[-65.5625,45.3125],[-65.5625,45.375],[-65.375,45.375],[-65.3125,45.5],[-65.125,45.5],[-65.125,45.5625],[-64.9375,45.5625],[-64.9375,45.625],[-64.6875,45.625],[-64.5625,45.875],[-64.5,45.875],[-64.5,45.8125],[-64.375,45.8125],[-64.375,45.75],[-64.4375,45.75],[-64.5,45.625],[-64.625,45.625],[-64.625,45.4375],[-63.625,45.4375],[-63.625,45.375],[-63.75,45.375],[-63.75,45.3125],[-63.9375,45.3125],[-63.9375,45.25],[-64.625,45.25],[-64.625,45.1875],[-64.875,45.1875],[-64.875,45.125],[-65.0,45.125],[-65.0,45.0625],[-65.1875,45.0625],[-65.25,44.9375],[-65.375,44.9375],[-65.375,44.875],[-65.5,44.875],[-65.5,44.8125]]],[[[-70.0625,47.625],[-70.0625,47.6875],[-70.0,47.6875],[-70.0,47.75],[-69.9375,47.75],[-69.9375,47.8125],[-69.875,47.8125],[-69.875,47.875],[-69.75,47.9375],[-69.75,48.0625],[-69.6875,48.0625],[-69.6875,48.125],[-69.5625,48.125],[-69.5625,48.0625],[-69.375,48.0625],[-69.375,48.0],[-69.4375,48.0],[-69.4375,47.9375],[-69.5625,47.875],[-69.5625,47.8125],[-69.625,47.8125],[-69.625,47.75],[-69.6875,47.75],[-69.75,47.625],[-69.875,47.625],[-69.875,47.5625],[-69.9375,47.5625],[-69.9375,47.5],[-70.0,47.5],[-70.0,47.4375],[-70.0625,47.4375],[-70.125,47.3125],[-70.375,47.3125],[-70.375,47.5],[-70.25,47.5],[-70.1875,47.625],[-70.0625,47.625]]],[[[-64.0,50.125],[-63.75,50.125],[-63.75,50.0625],[-63.875,50.0625],[-63.875,50.0],[-64.0,49.9375],[-64.0,50.125]]],[[[-128.9375,51.0],[-128.8125,51.0],[-128.8125,50.9375],[-128.5,50.9375],[-128.5,50.875],[-128.875,50.875],[-128.9375,51.0]]],[[[-56.5,51.4375],[-56.5,51.375],[-57.0625,51.375],[-57.0625,51.4375],[-56.9375,51.4375],[-56.9375,51.5],[-56.8125,51.5],[-56.8125,51.5625],[-56.6875,51.5625],[-56.6875,51.625],[-56.5625,51.625],[-56.5625,51.6875],[-56.4375,51.6875],[-56.4375,51.75],[-56.25,51.75],[-56.25,51.625],[-56.1875,51.625],[-56.1875,51.5],[-56.375,51.5],[-56.375,51.4375],[-56.5,51.4375]]],[[[-130.6875,51.8125],[-131.0,51.8125],[-131.0,52.0625],[-130.8125,52.0625],[-130.8125,52.0],[-130.6875,52.0],[-130.6875,51.8125]]],[[[-131.5625,54.25],[-131.375,54.25],[-131.375,54.3125],[-131.125,54.3125],[-131.125,54.25],[-131.25,54.25],[-131.25,54.1875],[-131.375,54.1875],[-131.375,54.125],[-131.5625,54.125],[-131.5625,54.0625],[-131.625,54.0625],[-131.625,54.1875],[-131.5625,54.1875],[-131.5625,54.25]]],[[[-132.6875,54.8125],[-132.625,54.6875],[-132.8125,54.6875],[-132.8125,54.75],[-132.875,54.75],[-132.875,54.8125],[-132.6875,54.8125]]],[[[-132.3125,55.625],[-132.3125,55.6875],[-132.1875,55.6875],[-132.1875,55.8125],[-132.125,55.8125],[-132.125,55.625],[-132.0625,55.625],[-132.0625,55.5625],[-132.125,55.5625],[-132.125,55.375],[-132.1875,55.375],[-132.1875,55.5],[-132.25,55.5],[-132.25,55.625],[-132.3125,55.625]]],[[[-133.5,56.25],[-133.4375,56.25],[-133.4375,56.1875],[-133.625,56.1875],[-133.625,56.0625],[-133.6875,56.0625],[-133.6875,56.125],[-133.875,56.125],[-133.875,55.9375],[-134.1875,55.9375],[-134.1875,55.875],[-134.5625,55.875],[-134.5625,56.0],[-134.25,56.0],[-134.25,56.125],[-134.1875,56.125],[-134.1875,56.0],[-134.0,56.0],[-134.0,56.0625],[-133.9375,56.0625],[-133.9375,56.1875],[-133.6875,56.1875],[-133.6875,56.25],[-133.625,56.25],[-133.625,56.375],[-133.5,56.375],[-133.5,56.25]]],[[[-7.0318000000000005,56.45449999999906],[-7.1333,56.45449999999906],[-7.153600000000001,56.495099999999056],[-7.2145,56.495099999999056],[-7.2145,56.515399999999055],[-7.1942,56.515399999999055],[-7.1942,56.53569999999905],[-7.092700000000001,56.53569999999905],[-7.092700000000001,56.55599999999906],[-6.9912,56.55599999999906],[-6.9912,56.41389999999906],[-7.011500000000001,56.41389999999906],[-7.0318000000000005,56.45449999999906]]],[[[-132.5625,56.4375],[-132.6875,56.4375],[-132.6875,56.5],[-132.875,56.5],[-132.875,56.4375],[-132.9375,56.4375],[-132.9375,56.25],[-133.0625,56.25],[-133.0625,56.3125],[-133.125,56.3125],[-133.125,56.5],[-133.0625,56.5],[-133.0625,56.5625],[-132.6875,56.5625],[-132.6875,56.8125],[-132.5625,56.8125],[-132.5625,56.625],[-132.5,56.625],[-132.5,56.5625],[-132.5625,56.5625],[-132.5625,56.4375]]],[[[-7.633050000000473,56.92139999999905],[-7.625,56.9375],[-7.5,56.9375],[-7.528350000000472,56.880799999999056],[-7.478400000000001,56.880799999999056],[-7.478400000000001,56.84019999999906],[-7.4987,56.84019999999906],[-7.4987,56.81989999999906],[-7.5588000000004705,56.81989999999906],[-7.5596000000000005,56.738699999999056],[-7.599400000000472,56.738699999999056],[-7.6002,56.71839999999906],[-7.609550000000471,56.71839999999906],[-7.620500000000001,56.6965],[-7.620500000000001,56.67779999999906],[-7.6814,56.67779999999906],[-7.6814,56.65749999999906],[-7.701700000000001,56.65749999999906],[-7.701700000000001,56.67779999999906],[-7.7423,56.67779999999906],[-7.75,56.69809999999906],[-7.8032,56.69809999999906],[-7.8032,56.79959999999906],[-7.684018181818695,56.81946363636261],[-7.6814,56.92139999999905],[-7.633050000000473,56.92139999999905]]],[[[-133.9375,57.0625],[-133.9375,57.0],[-134.0625,56.9375],[-134.0625,57.0],[-134.25,57.0],[-134.25,56.9375],[-134.3125,56.9375],[-134.3125,56.8125],[-134.375,56.8125],[-134.375,56.9375],[-134.5625,56.9375],[-134.5625,56.875],[-134.625,56.875],[-134.625,57.125],[-134.5625,57.125],[-134.5625,57.0625],[-134.125,57.0625],[-134.125,57.1875],[-133.875,57.1875],[-133.8125,57.0625],[-133.9375,57.0625]]],[[[-133.125,57.0625],[-132.8125,57.0625],[-132.8125,56.9375],[-132.75,56.9375],[-132.75,56.875],[-132.875,56.875],[-132.875,56.9375],[-133.0,56.9375],[-133.0,57.0],[-133.25,57.0],[-133.25,57.0625],[-133.625,57.0625],[-133.625,57.1875],[-133.5625,57.1875],[-133.5625,57.25],[-133.4375,57.25],[-133.4375,57.1875],[-133.3125,57.1875],[-133.3125,57.125],[-133.125,57.125],[-133.125,57.0625]]],[[[-7.4378,57.124399999999056],[-7.3769,57.124399999999056],[-7.3769,57.10409999999906],[-7.3566,57.10409999999906],[-7.3566,57.06349999999906],[-7.4175,57.06349999999906],[-7.4175,57.04319999999906],[-7.4581,57.06349999999906],[-7.4581,57.10409999999906],[-7.4378,57.10409999999906],[-7.4378,57.124399999999056]]],[[[-134.8125,58.375],[-134.9375,58.375],[-134.9375,58.4375],[-134.8125,58.4375],[-134.8125,58.5],[-134.75,58.5],[-134.75,58.4375],[-134.6875,58.4375],[-134.6875,58.3125],[-134.8125,58.3125],[-134.8125,58.375]]],[[[-136.125,58.5625],[-135.9375,58.5625],[-135.9375,58.625],[-135.8125,58.625],[-135.8125,58.4375],[-135.6875,58.4375],[-135.6875,58.375],[-135.5625,58.375],[-135.5625,58.25],[-136.4375,58.25],[-136.4375,58.3125],[-136.5,58.3125],[-136.5,58.375],[-136.125,58.375],[-136.125,58.5625]]],[[[-135.25,59.25],[-135.25,59.1875],[-135.1875,59.1875],[-135.25,59.0625],[-135.375,59.0625],[-135.375,59.125],[-135.4375,59.125],[-135.4375,59.25],[-135.25,59.25]]],[[[-151.4375,60.25],[-151.4375,60.1875],[-151.5625,60.1875],[-151.5625,60.125],[-151.625,60.125],[-151.625,60.0625],[-151.6875,60.0625],[-151.6875,60.0],[-151.8125,59.9375],[-151.8125,59.75],[-151.75,59.75],[-151.75,59.6875],[-151.8125,59.6875],[-151.8125,59.5],[-151.75,59.5],[-151.75,59.4375],[-151.8125,59.4375],[-151.8125,59.25],[-151.1875,59.25],[-151.1875,59.0625],[-151.3125,59.0],[-151.3125,58.875],[-151.8125,58.875],[-151.8125,58.6875],[-151.9375,58.6875],[-151.9375,58.625],[-152.0,58.625],[-152.0,58.5],[-152.0625,58.5],[-152.0625,58.5625],[-152.3125,58.5625],[-152.3125,58.625],[-152.5,58.625],[-152.5625,58.75],[-152.4375,58.75],[-152.4375,58.8125],[-152.375,58.8125],[-152.375,59.1875],[-152.5,59.1875],[-152.5625,59.3125],[-152.8125,59.3125],[-152.8125,59.375],[-153.0,59.375],[-153.0,59.625],[-153.125,59.6875],[-153.125,59.75],[-153.0625,59.75],[-153.0625,59.9375],[-153.0,59.9375],[-153.0,59.875],[-152.8125,59.875],[-152.8125,59.9375],[-152.6875,59.9375],[-152.6875,60.0],[-152.625,60.0],[-152.625,60.125],[-152.5625,60.125],[-152.5625,60.25],[-152.5,60.25],[-152.5,60.3125],[-152.375,60.3125],[-152.375,60.375],[-152.3125,60.375],[-152.3125,60.5],[-152.25,60.5],[-152.1875,60.625],[-152.0625,60.625],[-152.0625,60.6875],[-151.9375,60.6875],[-151.9375,60.75],[-151.8125,60.75],[-151.8125,60.8125],[-151.75,60.8125],[-151.75,60.9375],[-151.625,60.9375],[-151.625,61.0],[-151.375,61.0],[-151.375,61.0625],[-151.1875,61.0625],[-151.1875,61.125],[-151.0625,61.125],[-151.0625,61.1875],[-150.9375,61.1875],[-150.9375,61.25],[-150.75,61.25],[-150.75,61.3125],[-150.4375,61.3125],[-150.4375,61.25],[-150.25,61.25],[-150.25,61.3125],[-149.9375,61.3125],[-149.9375,61.375],[-149.8125,61.375],[-149.875,61.25],[-150.0,61.25],[-150.0,61.1875],[-150.125,61.125],[-150.1875,61.0],[-150.3125,61.0],[-150.3125,61.0625],[-150.5,61.0625],[-150.5,61.0],[-150.6875,61.0],[-150.6875,60.9375],[-150.8125,60.9375],[-150.8125,60.875],[-151.0,60.875],[-151.0,60.8125],[-151.25,60.8125],[-151.25,60.75],[-151.3125,60.75],[-151.3125,60.375],[-151.375,60.375],[-151.375,60.25],[-151.4375,60.25]]],[[[-7.8844,60.595699999999056],[-7.925000000000001,60.595699999999056],[-7.925000000000001,60.615999999999055],[-7.8844,60.615999999999055],[-7.8844,60.65659999999906],[-7.8641000000000005,60.65659999999906],[-7.8641000000000005,60.67689999999906],[-7.8032,60.67689999999906],[-7.8032,60.69719999999906],[-7.7626,60.69719999999906],[-7.7626,60.717499999999056],[-7.701700000000001,60.717499999999056],[-7.701700000000001,60.737799999999055],[-7.5596000000000005,60.737799999999055],[-7.5596000000000005,60.717499999999056],[-7.478400000000001,60.717499999999056],[-7.478400000000001,60.69719999999906],[-7.4378,60.69719999999906],[-7.4378,60.67689999999906],[-7.3769,60.67689999999906],[-7.3566,60.63629999999905],[-7.316000000000001,60.63629999999905],[-7.316000000000001,60.53479999999906],[-7.3769,60.53479999999906],[-7.3769,60.51449999999906],[-7.4175,60.51449999999906],[-7.4175,60.494199999999054],[-7.478400000000001,60.494199999999054],[-7.4987,60.45359999999906],[-7.5596000000000005,60.45359999999906],[-7.5596000000000005,60.43329999999906],[-7.620500000000001,60.43329999999906],[-7.620500000000001,60.45359999999906],[-7.701700000000001,60.45359999999906],[-7.701700000000001,60.473899999999055],[-7.7423,60.473899999999055],[-7.7423,60.494199999999054],[-7.8235,60.494199999999054],[-7.8235,60.51449999999906],[-7.8641000000000005,60.51449999999906],[-7.8641000000000005,60.53479999999906],[-7.8844,60.53479999999906],[-7.8844,60.595699999999056]]],[[[-10.5234,60.758099999999054],[-10.125,60.75],[-10.125,60.6875],[-10.0625,60.6875],[-10.0625,60.625],[-10.071150000000474,60.625],[-10.0565,60.595699999999056],[-10.0159,60.595699999999056],[-10.0159,60.55509999999906],[-10.2595,60.55509999999906],[-10.2595,60.53479999999906],[-10.4625,60.53479999999906],[-10.4625,60.55509999999906],[-10.5031,60.55509999999906],[-10.5031,60.57539999999906],[-10.5843,60.57539999999906],[-10.5843,60.595699999999056],[-10.6249,60.595699999999056],[-10.645199999999999,60.67689999999906],[-10.6858,60.67689999999906],[-10.6858,60.717499999999056],[-10.6249,60.717499999999056],[-10.6249,60.737799999999055],[-10.5234,60.737799999999055],[-10.5234,60.758099999999054]]],[[[-9.3125,60.9375],[-9.25,60.9375],[-9.25,60.8125],[-9.1875,60.8125],[-9.1875,60.75],[-9.375,60.75],[-9.375,61.0],[-9.3125,61.0],[-9.3125,60.9375]]],[[[-9.0618,60.65659999999906],[-9.1227,60.65659999999906],[-9.1227,60.69719999999906],[-9.1633,60.69719999999906],[-9.1633,60.717499999999056],[-9.1227,60.717499999999056],[-9.1227,60.77839999999906],[-9.1633,60.77839999999906],[-9.1633,60.81899999999906],[-9.1227,60.81899999999906],[-9.1227,60.859599999999055],[-9.1024,60.859599999999055],[-9.1024,60.879899999999054],[-9.0415,60.879899999999054],[-9.0415,60.92049999999906],[-9.0009,60.92049999999906],[-8.980599999999999,60.96109999999906],[-8.940000000000001,60.96109999999906],[-8.9197,61.001699999999055],[-8.879100000000001,61.001699999999055],[-8.8588,61.04229999999906],[-8.7776,61.06259999999906],[-8.7776,61.08289999999906],[-8.6761,61.08289999999906],[-8.6558,61.123499999999055],[-8.554300000000001,61.123499999999055],[-8.554300000000001,61.143799999999054],[-8.4528,61.143799999999054],[-8.4528,61.123499999999055],[-8.3919,61.123499999999055],[-8.3919,61.08289999999906],[-8.3513,61.08289999999906],[-8.3513,60.981399999999056],[-8.3919,60.981399999999056],[-8.4122,60.94079999999906],[-8.5137,60.94079999999906],[-8.5137,60.92049999999906],[-8.6355,60.92049999999906],[-8.6355,60.90019999999906],[-8.7167,60.90019999999906],[-8.7167,60.879899999999054],[-8.7573,60.879899999999054],[-8.7573,60.859599999999055],[-8.7776,60.859599999999055],[-8.7776,60.81899999999906],[-8.7979,60.81899999999906],[-8.7979,60.758099999999054],[-8.8385,60.758099999999054],[-8.8385,60.737799999999055],[-8.8588,60.737799999999055],[-8.8588,60.69719999999906],[-8.8994,60.69719999999906],[-8.9197,60.65659999999906],[-8.980599999999999,60.65659999999906],[-8.980599999999999,60.63629999999905],[-9.0618,60.63629999999905],[-9.0618,60.65659999999906]]],[[[-5.955900000000001,62.422699999999054],[-5.874700000000001,62.422699999999054],[-5.874700000000001,62.402399999999055],[-5.8341,62.402399999999055],[-5.8341,62.32119999999906],[-5.874700000000001,62.32119999999906],[-5.874700000000001,62.280599999999055],[-5.935600000000001,62.280599999999055],[-5.955900000000001,62.23999999999906],[-5.9965,62.23999999999906],[-6.016800000000001,62.19939999999906],[-6.0574,62.19939999999906],[-6.0574,62.17909999999906],[-6.1183000000000005,62.17909999999906],[-6.1183000000000005,62.158799999999054],[-6.260400000000001,62.158799999999054],[-6.260400000000001,62.17909999999906],[-6.321300000000001,62.17909999999906],[-6.321300000000001,62.19939999999906],[-6.341600000000001,62.19939999999906],[-6.341600000000001,62.36179999999906],[-6.3822,62.36179999999906],[-6.3822,62.375],[-6.483700000000001,62.382099999999056],[-6.483700000000001,62.36179999999906],[-6.5243,62.36179999999906],[-6.5243,62.382099999999056],[-6.6867,62.382099999999056],[-6.6867,62.36179999999906],[-6.930300000000001,62.36179999999906],[-6.9506000000000006,62.32119999999906],[-7.125,62.32119999999906],[-7.125,62.3125],[-7.173900000000001,62.3125],[-7.173900000000001,62.300899999999054],[-7.193300000000473,62.300899999999054],[-7.25,62.1875],[-7.375,62.1875],[-7.375,62.0625],[-7.4175,62.0625],[-7.4175,62.05729999999906],[-7.3769,62.05729999999906],[-7.3769,61.996399999999056],[-7.4987,61.996399999999056],[-7.4987,61.97609999999906],[-7.539300000000001,61.97609999999906],[-7.539300000000001,61.95579999999906],[-7.6611,61.95579999999906],[-7.6611,61.93549999999906],[-7.8032,61.93549999999906],[-7.8032,61.915199999999054],[-8.4122,61.915199999999054],[-8.432500000000001,61.95579999999906],[-8.534,61.95579999999906],[-8.554300000000001,61.996399999999056],[-8.594899999999999,61.996399999999056],[-8.615200000000002,62.036999999999054],[-8.6558,62.036999999999054],[-8.6761,62.07759999999906],[-8.7167,62.07759999999906],[-8.7167,62.11819999999906],[-8.737,62.11819999999906],[-8.737,62.138499999999055],[-8.7776,62.138499999999055],[-8.7776,62.21969999999906],[-8.737,62.21969999999906],[-8.7167,62.300899999999054],[-8.6761,62.300899999999054],[-8.6761,62.32119999999906],[-8.6558,62.32119999999906],[-8.6558,62.34149999999906],[-8.615200000000002,62.34149999999906],[-8.594899999999999,62.382099999999056],[-8.534,62.382099999999056],[-8.534,62.402399999999055],[-8.493400000000001,62.402399999999055],[-8.493400000000001,62.422699999999054],[-8.3716,62.422699999999054],[-8.3716,62.44299999999906],[-8.3107,62.44299999999906],[-8.3107,62.46329999999906],[-8.229500000000002,62.46329999999906],[-8.229500000000002,62.48359999999906],[-8.1889,62.48359999999906],[-8.1889,62.50389999999906],[-8.0062,62.50389999999906],[-8.0062,62.524199999999055],[-7.9375,62.524199999999055],[-7.9375,62.5625],[-7.8032,62.56479999999906],[-7.8032,62.58509999999906],[-7.7626,62.58509999999906],[-7.75,62.625],[-7.620500000000001,62.62569999999906],[-7.620500000000001,62.645999999999056],[-7.5596000000000005,62.645999999999056],[-7.5596000000000005,62.666299999999055],[-7.397200000000001,62.666299999999055],[-7.397200000000001,62.68659999999905],[-7.1333,62.68659999999905],[-7.1333,62.666299999999055],[-6.9506000000000006,62.666299999999055],[-6.9506000000000006,62.645999999999056],[-6.8897,62.645999999999056],[-6.8897,62.62569999999906],[-6.625800000000001,62.62569999999906],[-6.625,62.60539999999906],[-6.564900000000001,62.60539999999906],[-6.564900000000001,62.58509999999906],[-6.483700000000001,62.58509999999906],[-6.483700000000001,62.56479999999906],[-6.25,62.5625],[-6.25,62.544499999999054],[-6.179200000000001,62.544499999999054],[-6.179200000000001,62.524199999999055],[-6.0574,62.50389999999906],[-6.0574,62.46329999999906],[-5.9965,62.46329999999906],[-5.9965,62.44299999999906],[-5.955900000000001,62.44299999999906],[-5.955900000000001,62.422699999999054]]],[[[-6.2616,35.8968000000006],[-6.2616,35.992800000000756],[-6.2829999999999995,36.003500000000756],[-6.2829999999999995,36.0104000000006],[-6.3751999999999995,36.0104000000006],[-6.3751999999999995,36.1808000000006],[-6.2616,36.2376000000006],[-6.2616,36.2944000000006],[-6.2048,36.2944000000006],[-6.202,36.24650000000076],[-6.0,36.25],[-5.999499999999999,36.08450000000076],[-5.959,36.08450000000076],[-5.959,36.0672000000006],[-5.8375,36.0672000000006],[-5.8375,36.08450000000076],[-5.8125,36.08450000000076],[-5.8125,36.125],[-5.6875,36.125],[-5.6875,36.0672000000006],[-5.2392,36.0672000000006],[-5.2392,36.003500000000756],[-5.23,36.003500000000756],[-5.23,35.92250000000076],[-5.295999999999999,35.92250000000076],[-5.295999999999999,35.8968000000006],[-5.4096,35.8968000000006],[-5.4096,35.8400000000006],[-5.75,35.8400000000006],[-5.7504,35.783200000000605],[-5.9208,35.783200000000605],[-5.9208,35.7264000000006],[-5.9375,35.7264000000006],[-5.9375,35.6875],[-5.959,35.6875],[-5.959,35.67950000000076],[-6.121,35.67950000000076],[-6.121,35.76050000000076],[-6.0912,35.76050000000076],[-6.0912,35.8400000000006],[-6.2048,35.8400000000006],[-6.2048,35.8968000000006],[-6.2616,35.8968000000006]]],[[[-6.0625,53.4375],[-5.9762,53.4375],[-5.9762,53.53129999999906],[-6.016800000000001,53.53129999999906],[-6.016800000000001,53.551599999999056],[-6.037100000000001,53.551599999999056],[-6.037100000000001,53.59219999999905],[-6.016800000000001,53.59219999999905],[-6.016800000000001,53.57189999999906],[-5.874700000000001,53.57189999999906],[-5.874700000000001,53.551599999999056],[-5.8138000000000005,53.551599999999056],[-5.8138000000000005,53.53129999999906],[-5.765600000000472,53.53129999999906],[-5.75,53.5625],[-5.6560999999995305,53.5625],[-5.651400000000001,53.57189999999906],[-5.5905000000000005,53.57189999999906],[-5.5905000000000005,53.59219999999905],[-5.549900000000001,53.59219999999905],[-5.549900000000001,53.61249999999906],[-5.5,53.61249999999906],[-5.5,53.625],[-5.4827499999995295,53.625],[-5.4687,53.65309999999906],[-5.428100000000001,53.65309999999906],[-5.407800000000001,53.693699999999055],[-5.346900000000001,53.693699999999055],[-5.346900000000001,53.71399999999906],[-5.3063,53.71399999999906],[-5.3063,53.73429999999906],[-5.25,53.73429999999906],[-5.245400000000001,53.77489999999906],[-5.1642,53.815499999999055],[-5.1642,53.85609999999906],[-5.07195000000047,53.85609999999906],[-5.0627,53.87639999999906],[-5.042400000000001,53.87639999999906],[-5.042400000000001,53.95759999999906],[-5.0018,53.95759999999906],[-5.0018,54.01849999999906],[-4.9815000000000005,54.01849999999906],[-4.9815000000000005,54.03879999999906],[-4.940900000000001,54.03879999999906],[-4.940900000000001,54.079399999999055],[-4.9206,54.079399999999055],[-4.9206,54.09969999999906],[-4.875,54.09969999999906],[-4.875,54.125],[-4.491799999999531,54.125],[-4.474,54.16059999999906],[-4.419700000000471,54.16059999999906],[-4.4131,54.201199999999055],[-4.3994000000004725,54.201199999999055],[-4.375,54.25],[-4.3125,54.25],[-4.3125,54.221499999999054],[-4.108600000000001,54.221499999999054],[-4.108600000000001,54.201199999999055],[-3.9665,54.201199999999055],[-3.9665,54.180899999999056],[-3.9055999999999997,54.180899999999056],[-3.9055999999999997,54.16059999999906],[-3.865,54.16059999999906],[-3.865,54.14029999999906],[-3.722900000000001,54.14029999999906],[-3.722900000000001,54.11999999999906],[-3.6823000000000015,54.11999999999906],[-3.6823000000000015,54.09969999999906],[-3.4793000000000003,54.09969999999906],[-3.4793000000000003,54.079399999999055],[-3.2728000000004727,54.079399999999055],[-3.25,54.125],[-3.125,54.125],[-3.125,54.09969999999906],[-3.0936000000000003,54.09969999999906],[-3.0936000000000003,54.14029999999906],[-2.890600000000001,54.14029999999906],[-2.890600000000001,54.11999999999906],[-2.8703000000000003,54.11999999999906],[-2.8703000000000003,54.079399999999055],[-2.890600000000001,54.079399999999055],[-2.890600000000001,53.99819999999906],[-2.9312000000000005,53.99819999999906],[-2.9375,53.9375],[-3.0,53.937299999999055],[-3.0,53.875],[-3.053000000000001,53.875],[-3.053000000000001,53.795199999999056],[-3.113900000000001,53.795199999999056],[-3.113900000000001,53.673399999999056],[-3.174800000000001,53.673399999999056],[-3.174800000000001,53.63279999999906],[-3.1951,53.63279999999906],[-3.1951,53.49069999999906],[-3.174800000000001,53.49069999999906],[-3.1951,53.36889999999906],[-3.174800000000001,53.36889999999906],[-3.174800000000001,53.34859999999906],[-3.1342,53.34859999999906],[-3.1342,53.32829999999906],[-3.174800000000001,53.32829999999906],[-3.174800000000001,53.307999999999055],[-3.276300000000001,53.307999999999055],[-3.276300000000001,53.32829999999906],[-3.3169000000000004,53.32829999999906],[-3.3169000000000004,53.34859999999906],[-3.4184,53.34859999999906],[-3.4184,53.32829999999906],[-3.4793000000000003,53.32829999999906],[-3.4793000000000003,53.307999999999055],[-3.499600000000001,53.307999999999055],[-3.499600000000001,53.32829999999906],[-3.560500000000001,53.32829999999906],[-3.560500000000001,53.307999999999055],[-3.7635000000000005,53.307999999999055],[-3.7635000000000005,53.32829999999906],[-3.8244000000000007,53.32829999999906],[-3.8244000000000007,53.34859999999906],[-3.9665,53.34859999999906],[-3.9665,53.307999999999055],[-4.047700000000001,53.307999999999055],[-4.047700000000001,53.32829999999906],[-4.108600000000001,53.32829999999906],[-4.108600000000001,53.34859999999906],[-4.2507,53.34859999999906],[-4.2507,53.38919999999906],[-4.2913000000000014,53.38919999999906],[-4.2913000000000014,53.429799999999055],[-4.474,53.429799999999055],[-4.474,53.409499999999056],[-4.5349,53.409499999999056],[-4.5349,53.38919999999906],[-4.5625,53.38919999999906],[-4.5625,53.25],[-4.5,53.25],[-4.5,53.1875],[-4.5625,53.1875],[-4.5625,53.00349999999906],[-4.5349,53.0],[-6.016800000000001,53.0],[-6.016800000000001,53.023799999999056],[-6.037100000000001,53.023799999999056],[-6.037100000000001,53.25],[-6.0625,53.25],[-6.0625,53.34859999999906],[-6.0777,53.34859999999906],[-6.0777,53.409499999999056],[-6.0625,53.409499999999056],[-6.0625,53.4375]]],[[[-5.5905000000000005,54.38389999999906],[-5.651400000000001,54.38389999999906],[-5.651400000000001,54.40419999999906],[-5.570200000000001,54.40419999999906],[-5.570200000000001,54.38389999999906],[-5.5296,54.38389999999906],[-5.5093000000000005,54.30269999999906],[-5.549900000000001,54.322999999999055],[-5.549900000000001,54.36359999999905],[-5.5905000000000005,54.36359999999905],[-5.5905000000000005,54.38389999999906]]],[[[-1.2260000000000009,54.91169999999906],[-1.286900000000001,54.91169999999906],[-1.286900000000001,54.93199999999906],[-1.3072000000000017,54.93199999999906],[-1.3072000000000017,54.972599999999055],[-1.3681,54.972599999999055],[-1.3681,55.03349999999906],[-1.286900000000001,55.03349999999906],[-1.286900000000001,55.01319999999906],[-1.2666000000000004,55.01319999999906],[-1.2666000000000004,54.972599999999055],[-1.2260000000000009,54.972599999999055],[-1.2260000000000009,54.91169999999906]]],[[[-3.2966000000000015,54.93199999999906],[-3.2966000000000015,54.89139999999906],[-3.375,54.89139999999906],[-3.3778000000000006,54.87109999999906],[-3.4184,54.87109999999906],[-3.4375,54.75],[-3.4793000000000003,54.74929999999905],[-3.4793000000000003,54.72899999999906],[-3.499600000000001,54.72899999999906],[-3.5,54.6875],[-3.560500000000001,54.65725],[-3.560500000000001,54.607199999999054],[-3.6011000000000006,54.607199999999054],[-3.6214000000000013,54.52599999999906],[-3.662000000000001,54.52599999999906],[-3.662000000000001,54.48539999999906],[-3.6823000000000015,54.48539999999906],[-3.6823000000000015,54.566599999999056],[-3.8447000000000013,54.566599999999056],[-3.8447000000000013,54.50569999999906],[-3.8041,54.50569999999906],[-3.8041,54.48539999999906],[-3.783800000000001,54.48539999999906],[-3.8041,54.40419999999906],[-3.9259000000000004,54.40419999999906],[-3.9259000000000004,54.38389999999906],[-3.9868000000000006,54.38389999999906],[-3.9868000000000006,54.36359999999905],[-4.108600000000001,54.36359999999905],[-4.108600000000001,54.34329999999906],[-4.169500000000001,54.34329999999906],[-4.169500000000001,54.36359999999905],[-4.3725000000000005,54.36359999999905],[-4.3725000000000005,54.40419999999906],[-4.474,54.40419999999906],[-4.474,54.38389999999906],[-4.5,54.38389999999906],[-4.5,54.375],[-4.5146,54.375],[-4.5146,54.36359999999905],[-4.5755,54.36359999999905],[-4.5958000000000006,54.322999999999055],[-4.819100000000001,54.322999999999055],[-4.819100000000001,54.34329999999906],[-4.8597,54.34329999999906],[-4.8597,54.36359999999905],[-4.880000000000001,54.36359999999905],[-4.880000000000001,54.40419999999906],[-4.9206,54.40419999999906],[-4.9206,54.444799999999056],[-4.940900000000001,54.444799999999056],[-4.940900000000001,54.465099999999055],[-4.9815000000000005,54.465099999999055],[-4.9815000000000005,54.48539999999906],[-5.042400000000001,54.48539999999906],[-5.042400000000001,54.465099999999055],[-5.083,54.465099999999055],[-5.103300000000001,54.42449999999906],[-5.1439,54.42449999999906],[-5.1439,54.40419999999906],[-5.2048000000000005,54.40419999999906],[-5.2048000000000005,54.38389999999906],[-5.245400000000001,54.38389999999906],[-5.245400000000001,54.40419999999906],[-5.346900000000001,54.40419999999906],[-5.346900000000001,54.38389999999906],[-5.3672,54.38389999999906],[-5.3672,54.40419999999906],[-5.407800000000001,54.40419999999906],[-5.428100000000001,54.48539999999906],[-5.4687,54.48539999999906],[-5.4687,54.607199999999054],[-5.489000000000001,54.607199999999054],[-5.489000000000001,54.625],[-5.5,54.625],[-5.511399999999529,54.64779999999906],[-5.549900000000001,54.64779999999906],[-5.549900000000001,54.708699999999055],[-5.5905000000000005,54.708699999999055],[-5.5905000000000005,54.72899999999906],[-5.651400000000001,54.72899999999906],[-5.656650000000235,54.75],[-5.6875,54.75],[-5.6875,54.81019999999906],[-5.712300000000001,54.81019999999906],[-5.712300000000001,54.850799999999055],[-5.7732,54.850799999999055],[-5.7732,54.81019999999906],[-5.793500000000001,54.81019999999906],[-5.793500000000001,54.87109999999906],[-5.8341,54.87109999999906],[-5.8341,54.89139999999906],[-5.8950000000000005,54.89139999999906],[-5.9153,55.01319999999906],[-5.9762,55.01319999999906],[-5.9762,55.0506],[-6.0,55.0625],[-6.0,55.074099999999056],[-6.037100000000001,55.074099999999056],[-6.037100000000001,55.19589999999906],[-6.0777,55.19589999999906],[-6.0777,55.216199999999056],[-6.564900000000001,55.236499999999054],[-6.564900000000001,55.216199999999056],[-6.6664,55.216199999999056],[-6.6664,55.19589999999906],[-6.7273000000000005,55.19589999999906],[-6.7273000000000005,55.216199999999056],[-6.7679,55.216199999999056],[-6.7679,55.236499999999054],[-6.9506000000000006,55.236499999999054],[-6.9506000000000006,55.25679999999906],[-7.0724,55.25679999999906],[-7.0724,55.27709999999906],[-7.1333,55.27709999999906],[-7.1333,55.29739999999906],[-7.153600000000001,55.29739999999906],[-7.153600000000001,55.337999999999056],[-7.1942,55.337999999999056],[-7.1942,55.358299999999055],[-7.316000000000001,55.358299999999055],[-7.316000000000001,55.375],[-7.375,55.378599999999054],[-7.3769,55.358299999999055],[-7.4581,55.358299999999055],[-7.4581,55.39889999999906],[-7.4987,55.39889999999906],[-7.4987,55.50039999999906],[-7.4581,55.50039999999906],[-7.4581,55.56129999999906],[-7.4378,55.56129999999906],[-7.4378,55.601899999999056],[-7.397200000000001,55.601899999999056],[-7.397200000000001,55.64249999999906],[-7.3769,55.64249999999906],[-7.3769,55.70339999999906],[-7.3363000000000005,55.70339999999906],[-7.3363000000000005,55.764299999999054],[-7.397200000000001,55.764299999999054],[-7.397200000000001,55.80489999999906],[-7.3769,55.80489999999906],[-7.3769,55.82519999999906],[-7.3363000000000005,55.82519999999906],[-7.316000000000001,55.865799999999055],[-7.2551000000000005,55.865799999999055],[-7.2551000000000005,55.88609999999906],[-7.1942,55.88609999999906],[-7.1942,55.90639999999906],[-7.092700000000001,55.90639999999906],[-7.0724,55.94699999999906],[-6.849100000000001,55.94699999999906],[-6.849100000000001,55.96729999999906],[-6.8125,55.96729999999906],[-6.8125,56.0],[-6.3125,56.0],[-6.3125,55.875],[-6.4375,55.875],[-6.4375,55.865799999999055],[-6.4228000000000005,55.865799999999055],[-6.4228000000000005,55.845499999999056],[-6.4375,55.845499999999056],[-6.4375,55.6875],[-6.3125,55.6875],[-6.3125,55.625],[-6.0625,55.625],[-6.0625,55.50039999999906],[-5.75,55.5],[-5.75,55.3125],[-5.6717,55.3125],[-5.6717,55.31769999999906],[-5.5625,55.3125],[-5.5625,55.375],[-5.4375,55.375],[-5.4375,55.27709999999906],[-5.407800000000001,55.27709999999906],[-5.407800000000001,55.17559999999906],[-5.3875,55.17559999999906],[-5.3875,55.15529999999906],[-5.346900000000001,55.15529999999906],[-5.339325000000236,55.125],[-5.3125,55.125],[-5.287049999999528,55.074099999999056],[-5.2251,55.074099999999056],[-5.2048000000000005,55.03349999999906],[-5.1439,55.03349999999906],[-5.1439,55.01319999999906],[-5.1642,55.01319999999906],[-5.1642,55.0],[-5.125,55.0],[-5.125,54.875],[-5.0625,54.875],[-5.0,54.75],[-4.25,54.75],[-4.25,54.72899999999906],[-4.169500000000001,54.72899999999906],[-4.169500000000001,54.74929999999905],[-3.9868000000000006,54.74929999999905],[-3.9868000000000006,54.76959999999906],[-3.9375,54.76959999999906],[-3.9375,54.8125],[-3.865,54.8125],[-3.865,54.830499999999056],[-3.8244000000000007,54.830499999999056],[-3.8125,54.85429999999906],[-3.8125,54.875],[-3.625,54.875],[-3.625,54.9375],[-3.5808,54.9375],[-3.5808,54.952299999999056],[-3.4590000000000014,54.952299999999056],[-3.4387000000000008,54.992899999999054],[-3.4184,54.992899999999054],[-3.4184,54.972599999999055],[-3.174800000000001,54.972599999999055],[-3.174800000000001,54.93199999999906],[-3.2966000000000015,54.93199999999906]]],[[[-1.2057000000000002,55.39889999999906],[-1.2057000000000002,55.29739999999906],[-1.2260000000000009,55.29739999999906],[-1.2260000000000009,55.27709999999906],[-1.3275000000000006,55.27709999999906],[-1.3275000000000006,55.236499999999054],[-1.4087000000000014,55.236499999999054],[-1.4087000000000014,55.216199999999056],[-1.4696000000000016,55.216199999999056],[-1.4899000000000004,55.337999999999056],[-1.5305,55.337999999999056],[-1.5305,55.41919999999906],[-1.5914000000000001,55.41919999999906],[-1.5914000000000001,55.480099999999055],[-1.6117000000000008,55.480099999999055],[-1.6117000000000008,55.50039999999906],[-1.5914000000000001,55.50039999999906],[-1.5914000000000001,55.56129999999906],[-1.6523000000000003,55.56129999999906],[-1.6523000000000003,55.601899999999056],[-1.672600000000001,55.601899999999056],[-1.672600000000001,55.625],[-1.6875,55.625],[-1.672600000000001,55.66279999999906],[-1.7132000000000005,55.66279999999906],[-1.7132000000000005,55.68309999999906],[-1.7741000000000007,55.68309999999906],[-1.7944000000000013,55.723699999999056],[-1.8553000000000015,55.723699999999056],[-1.8553000000000015,55.764299999999054],[-1.895900000000001,55.764299999999054],[-1.895900000000001,55.78459999999906],[-1.9162,55.78459999999906],[-1.9162,55.80489999999906],[-1.9568000000000012,55.80489999999906],[-1.9568000000000012,55.82519999999906],[-2.0786000000000016,55.845499999999056],[-2.0786000000000016,55.90639999999906],[-2.0989000000000004,55.90639999999906],[-2.0989000000000004,55.92669999999906],[-2.1395,55.92669999999906],[-2.1395,55.94699999999906],[-1.8756000000000004,55.94699999999906],[-1.8756000000000004,55.92669999999906],[-1.8350000000000009,55.92669999999906],[-1.8350000000000009,55.865799999999055],[-1.7741000000000007,55.865799999999055],[-1.7741000000000007,55.845499999999056],[-1.7132000000000005,55.845499999999056],[-1.7132000000000005,55.82519999999906],[-1.5508000000000006,55.82519999999906],[-1.5305,55.865799999999055],[-1.4087000000000014,55.865799999999055],[-1.4087000000000014,55.90639999999906],[-1.1448,55.90639999999906],[-1.1448,55.88609999999906],[-1.1651000000000007,55.88609999999906],[-1.1651000000000007,55.82519999999906],[-1.0839000000000016,55.78459999999906],[-1.0839000000000016,55.743999999999055],[-1.0433000000000003,55.743999999999055],[-1.0433000000000003,55.68309999999906],[-1.1448,55.68309999999906],[-1.1448,55.622199999999054],[-1.0839000000000016,55.622199999999054],[-1.0839000000000016,55.601899999999056],[-1.1042000000000005,55.601899999999056],[-1.1042000000000005,55.56129999999906],[-1.1651000000000007,55.56129999999906],[-1.1651000000000007,55.39889999999906],[-1.2057000000000002,55.39889999999906]]],[[[-3.2560000000000002,56.02819999999906],[-3.2560000000000002,56.04849999999906],[-3.1342,56.04849999999906],[-3.1342,56.02819999999906],[-3.174800000000001,56.02819999999906],[-3.174800000000001,56.007899999999054],[-3.2560000000000002,56.007899999999054],[-3.2560000000000002,55.96729999999906],[-3.276300000000001,55.96729999999906],[-3.276300000000001,56.007899999999054],[-3.3575,56.007899999999054],[-3.3575,55.987599999999055],[-3.499600000000001,55.987599999999055],[-3.499600000000001,56.007899999999054],[-3.5808,56.007899999999054],[-3.5808,56.02819999999906],[-3.2560000000000002,56.02819999999906]]],[[[-5.712300000000001,56.231199999999056],[-5.651400000000001,56.231199999999056],[-5.651400000000001,56.17029999999906],[-5.5905000000000005,56.17029999999906],[-5.5905000000000005,56.129699999999055],[-5.570200000000001,56.129699999999055],[-5.570200000000001,56.08909999999906],[-5.5905000000000005,56.08909999999906],[-5.5905000000000005,56.06879999999906],[-5.631100000000001,56.06879999999906],[-5.631100000000001,56.04849999999906],[-5.651400000000001,56.04849999999906],[-5.651400000000001,56.007899999999054],[-5.692,56.007899999999054],[-5.692,55.88609999999906],[-5.712300000000001,55.88609999999906],[-5.712300000000001,55.865799999999055],[-5.7529,55.865799999999055],[-5.7529,55.845499999999056],[-5.8544,55.845499999999056],[-5.8544,55.94699999999906],[-5.8341,55.94699999999906],[-5.8341,55.987599999999055],[-5.793500000000001,55.987599999999055],[-5.793500000000001,56.02819999999906],[-5.712300000000001,56.06879999999906],[-5.712300000000001,56.129699999999055],[-5.793500000000001,56.129699999999055],[-5.793500000000001,56.17029999999906],[-5.712300000000001,56.17029999999906],[-5.712300000000001,56.231199999999056]]],[[[-2.6064000000000007,56.251499999999055],[-2.6064000000000007,56.27179999999906],[-2.504900000000001,56.27179999999906],[-2.504900000000001,56.231199999999056],[-2.5455000000000005,56.231199999999056],[-2.5455000000000005,56.251499999999055],[-2.6064000000000007,56.251499999999055]]],[[[-6.5243,56.35299999999906],[-6.5243,56.373299999999055],[-6.4431,56.373299999999055],[-6.4431,56.35299999999906],[-6.4228000000000005,56.35299999999906],[-6.4228000000000005,56.33269999999906],[-6.4431,56.33269999999906],[-6.4431,56.27179999999906],[-6.483700000000001,56.27179999999906],[-6.483700000000001,56.251499999999055],[-6.5040000000000004,56.251499999999055],[-6.5243,56.29209999999906],[-6.5852,56.29209999999906],[-6.5852,56.31239999999906],[-6.564900000000001,56.31239999999906],[-6.564900000000001,56.35299999999906],[-6.5243,56.35299999999906]]],[[[-2.7079000000000004,56.41389999999906],[-2.7891000000000012,56.41389999999906],[-2.7891000000000012,56.43419999999906],[-2.951500000000001,56.43419999999906],[-2.951500000000001,56.41389999999906],[-3.0327,56.41389999999906],[-3.0327,56.43419999999906],[-2.9718,56.43419999999906],[-2.951500000000001,56.47479999999906],[-2.7485,56.47479999999906],[-2.7485,56.45449999999906],[-2.6876000000000015,56.45449999999906],[-2.7079000000000004,56.41389999999906]]],[[[-6.5040000000000004,56.59659999999906],[-6.5040000000000004,56.637199999999055],[-6.4634,56.637199999999055],[-6.4431,56.71839999999906],[-6.240100000000001,56.71839999999906],[-6.240100000000001,56.69809999999906],[-6.301,56.69809999999906],[-6.301,56.65749999999906],[-6.321300000000001,56.65749999999906],[-6.321300000000001,56.53569999999905],[-6.3619,56.53569999999905],[-6.3619,56.495099999999056],[-6.5040000000000004,56.495099999999056],[-6.5040000000000004,56.53569999999905],[-6.5243,56.53569999999905],[-6.5243,56.59659999999906],[-6.5040000000000004,56.59659999999906]]],[[[-6.6867,57.022899999999055],[-6.6867,57.06349999999906],[-6.6055,57.06349999999906],[-6.6055,57.022899999999055],[-6.6867,57.022899999999055]]],[[[-1.7944000000000013,57.4375],[-1.7944000000000013,57.44919999999906],[-1.7741000000000007,57.44919999999906],[-1.7741000000000007,57.510099999999056],[-1.7944000000000013,57.510099999999056],[-1.7944000000000013,57.550699999999054],[-1.8350000000000009,57.550699999999054],[-1.8350000000000009,57.63189999999906],[-1.895900000000001,57.63189999999906],[-1.9162,57.672499999999054],[-1.9771,57.672499999999054],[-1.9771,57.69279999999905],[-2.0786000000000016,57.69279999999905],[-2.0786000000000016,57.81459999999906],[-1.9771,57.81459999999906],[-1.9771,57.83489999999906],[-1.895900000000001,57.83489999999906],[-1.895900000000001,57.85519999999906],[-1.75,57.85519999999906],[-1.75,57.875],[-1.4696000000000016,57.87549999999906],[-1.4696000000000016,57.895799999999056],[-1.4087000000000014,57.895799999999056],[-1.4087000000000014,57.85519999999906],[-1.3275000000000006,57.85519999999906],[-1.3275000000000006,57.83489999999906],[-1.2666000000000004,57.83489999999906],[-1.2666000000000004,57.81459999999906],[-1.1448,57.81459999999906],[-1.1448,57.794299999999055],[-1.1042000000000005,57.794299999999055],[-1.1042000000000005,57.773999999999056],[-1.0230000000000015,57.773999999999056],[-1.0230000000000015,57.75369999999906],[-0.9824000000000002,57.75369999999906],[-0.9824000000000002,57.69279999999905],[-1.0433000000000003,57.69279999999905],[-1.0433000000000003,57.672499999999054],[-1.0839000000000016,57.672499999999054],[-1.0839000000000016,57.652199999999056],[-1.1042000000000005,57.652199999999056],[-1.1042000000000005,57.61159999999906],[-1.1448,57.61159999999906],[-1.1448,57.530399999999055],[-0.9012000000000011,57.530399999999055],[-0.9012000000000011,57.510099999999056],[-0.8403000000000009,57.510099999999056],[-0.8403000000000009,57.48979999999906],[-0.7388000000000012,57.48979999999906],[-0.7388000000000012,57.46949999999906],[-0.6779000000000011,57.46949999999906],[-0.6779000000000011,57.44919999999906],[-0.5358,57.44919999999906],[-0.5358,57.42889999999906],[-0.47490000000000165,57.42889999999906],[-0.47490000000000165,57.408599999999055],[-0.33280000000000065,57.408599999999055],[-0.33280000000000065,57.388299999999056],[-0.2110000000000003,57.388299999999056],[-0.2110000000000003,57.36799999999906],[-0.1095000000000006,57.36799999999906],[-0.1095000000000006,57.32739999999906],[-0.15010000000000012,57.32739999999906],[-0.15010000000000012,57.30709999999905],[-0.2110000000000003,57.30709999999905],[-0.23130000000000095,57.266499999999056],[-0.33280000000000065,57.266499999999056],[-0.33280000000000065,57.24619999999906],[-0.3937000000000008,57.24619999999906],[-0.3937000000000008,57.22589999999906],[-0.5561000000000007,57.22589999999906],[-0.5561000000000007,57.20559999999906],[-0.5967000000000002,57.20559999999906],[-0.5967000000000002,57.18529999999906],[-0.6576000000000004,57.18529999999906],[-0.6779000000000011,57.144699999999055],[-0.7185000000000006,57.144699999999055],[-0.7185000000000006,57.08379999999906],[-0.6779000000000011,57.08379999999906],[-0.6576000000000004,57.04319999999906],[-0.6170000000000009,57.04319999999906],[-0.6170000000000009,57.022899999999055],[-0.6576000000000004,57.022899999999055],[-0.6576000000000004,56.98229999999906],[-0.7185000000000006,56.98229999999906],[-0.7185000000000006,56.901099999999055],[-0.8606000000000016,56.901099999999055],[-0.8606000000000016,56.86049999999906],[-0.9215,56.86049999999906],[-0.9215,56.84019999999906],[-0.9621000000000013,56.84019999999906],[-0.9621000000000013,56.81989999999906],[-1.0230000000000015,56.81989999999906],[-1.0230000000000015,56.779299999999054],[-1.0839000000000016,56.779299999999054],[-1.1042000000000005,56.738699999999056],[-1.1448,56.738699999999056],[-1.1448,56.69809999999906],[-1.2666000000000004,56.67779999999906],[-1.286900000000001,56.637199999999055],[-1.3275000000000006,56.637199999999055],[-1.3275000000000006,56.616899999999056],[-1.3478000000000012,56.616899999999056],[-1.3478000000000012,56.55599999999906],[-1.3275000000000006,56.55599999999906],[-1.3275000000000006,56.495099999999056],[-1.3478000000000012,56.495099999999056],[-1.3478000000000012,56.45449999999906],[-1.449300000000001,56.45449999999906],[-1.449300000000001,56.43419999999906],[-1.5305,56.43419999999906],[-1.5305,56.393599999999054],[-1.5914000000000001,56.393599999999054],[-1.5914000000000001,56.33269999999906],[-1.6117000000000008,56.33269999999906],[-1.6117000000000008,56.35299999999906],[-1.672600000000001,56.35299999999906],[-1.672600000000001,56.373299999999055],[-1.7538,56.373299999999055],[-1.7538,56.31239999999906],[-1.8350000000000009,56.31239999999906],[-1.8350000000000009,56.35299999999906],[-1.7741000000000007,56.35299999999906],[-1.7741000000000007,56.41389999999906],[-1.7944000000000013,56.41389999999906],[-1.7944000000000013,56.43419999999906],[-1.8350000000000009,56.43419999999906],[-1.8350000000000009,56.45449999999906],[-1.9568000000000012,56.45449999999906],[-1.9568000000000012,56.495099999999056],[-2.0177000000000014,56.495099999999056],[-2.0177000000000014,56.41389999999906],[-2.1395,56.43419999999906],[-2.1395,56.41389999999906],[-2.2004,56.41389999999906],[-2.2004,56.373299999999055],[-2.3831000000000007,56.373299999999055],[-2.3831000000000007,56.41389999999906],[-2.444000000000001,56.41389999999906],[-2.444000000000001,56.393599999999054],[-2.504900000000001,56.393599999999054],[-2.504900000000001,56.41389999999906],[-2.6064000000000007,56.41389999999906],[-2.6064000000000007,56.45449999999906],[-2.5861,56.45449999999906],[-2.5861,56.47479999999906],[-2.5455000000000005,56.47479999999906],[-2.5252,56.55599999999906],[-2.4643000000000015,56.55599999999906],[-2.4643000000000015,56.59659999999906],[-2.444000000000001,56.59659999999906],[-2.444000000000001,56.67779999999906],[-2.3831000000000007,56.67779999999906],[-2.3831000000000007,56.71839999999906],[-2.342500000000001,56.71839999999906],[-2.3222000000000005,56.79959999999906],[-2.2613000000000003,56.79959999999906],[-2.2613000000000003,56.81989999999906],[-2.220700000000001,56.81989999999906],[-2.220700000000001,56.880799999999056],[-2.2004,56.880799999999056],[-2.2004,56.92139999999905],[-2.1875,56.92139999999905],[-2.1875,56.9375],[-2.1598000000000006,56.9375],[-2.1598000000000006,56.96199999999906],[-2.1395,56.96199999999906],[-2.1395,57.04319999999906],[-2.0786000000000016,57.04319999999906],[-2.0786000000000016,57.164999999999054],[-2.0177000000000014,57.164999999999054],[-2.0177000000000014,57.22589999999906],[-1.9771,57.22589999999906],[-1.9771,57.30709999999905],[-1.9162,57.30709999999905],[-1.9162,57.32739999999906],[-1.895900000000001,57.32739999999906],[-1.895900000000001,57.388299999999056],[-1.875,57.388299999999056],[-1.875,57.4375],[-1.7944000000000013,57.4375]],[[-1.3681,56.59659999999906],[-1.449300000000001,56.59659999999906],[-1.449300000000001,56.53569999999905],[-1.3681,56.53569999999905],[-1.3681,56.59659999999906]],[[-1.672600000000001,56.45449999999906],[-1.7538,56.45449999999906],[-1.7538,56.393599999999054],[-1.672600000000001,56.393599999999054],[-1.672600000000001,56.45449999999906]]],[[[-6.7679,57.48979999999906],[-6.7679,57.408599999999055],[-6.707000000000001,57.408599999999055],[-6.707000000000001,57.34769999999906],[-6.6867,57.34769999999906],[-6.6867,57.32739999999906],[-6.707000000000001,57.32739999999906],[-6.707000000000001,57.30709999999905],[-6.849100000000001,57.30709999999905],[-6.849100000000001,57.32739999999906],[-6.8897,57.32739999999906],[-6.8897,57.46949999999906],[-6.849100000000001,57.46949999999906],[-6.849100000000001,57.48979999999906],[-6.7679,57.48979999999906]]],[[[-4.047700000000001,57.59129999999906],[-4.047700000000001,57.550699999999054],[-4.1289,57.550699999999054],[-4.1289,57.59129999999906],[-4.108600000000001,57.59129999999906],[-4.108600000000001,57.61159999999906],[-4.068000000000001,57.61159999999906],[-4.047700000000001,57.652199999999056],[-3.9868000000000006,57.652199999999056],[-3.9868000000000006,57.63189999999906],[-3.9665,57.63189999999906],[-3.9665,57.59129999999906],[-4.047700000000001,57.59129999999906]]],[[[-7.1333,57.73339999999906],[-7.153600000000001,57.73339999999906],[-7.153600000000001,57.75],[-7.1875,57.75],[-7.1875,57.875],[-7.0625,57.875],[-7.0625,57.8125],[-7.0,57.8125],[-7.0,57.6875],[-7.0625,57.6875],[-7.0625,57.75],[-7.0724,57.75],[-7.0724,57.71309999999906],[-7.1333,57.71309999999906],[-7.1333,57.73339999999906]]],[[[-6.625800000000001,57.85519999999906],[-6.625800000000001,57.87549999999906],[-6.5852,57.87549999999906],[-6.5852,57.916099999999055],[-6.4634,57.936399999999054],[-6.4634,57.95669999999906],[-6.4375,57.95669999999906],[-6.4375,58.0],[-6.3125,58.0],[-6.3125,57.9375],[-6.25,57.9375],[-6.25,57.85519999999906],[-6.240100000000001,57.85519999999906],[-6.240100000000001,57.71309999999906],[-6.301,57.71309999999906],[-6.301,57.69279999999905],[-6.3619,57.6875],[-6.3619,57.672499999999054],[-6.4431,57.672499999999054],[-6.4431,57.6875],[-6.544600000000001,57.6875],[-6.544600000000001,57.63189999999906],[-6.564900000000001,57.63189999999906],[-6.564900000000001,57.61159999999906],[-6.6867,57.61159999999906],[-6.6867,57.59129999999906],[-6.707000000000001,57.59129999999906],[-6.707000000000001,57.71309999999906],[-6.7273000000000005,57.71309999999906],[-6.7273000000000005,57.73339999999906],[-6.646100000000001,57.73339999999906],[-6.646100000000001,57.75369999999906],[-6.625800000000001,57.75369999999906],[-6.625800000000001,57.81459999999906],[-6.646100000000001,57.81459999999906],[-6.646100000000001,57.85519999999906],[-6.625800000000001,57.85519999999906]]],[[[-5.3875,58.24089999999906],[-5.4687,58.24089999999906],[-5.4687,58.301799999999055],[-5.3875,58.301799999999055],[-5.3875,58.24089999999906]]],[[[-6.260400000000001,58.50479999999906],[-6.260400000000001,58.52509999999906],[-6.3822,58.50479999999906],[-6.3822,58.52509999999906],[-6.402500000000001,58.52509999999906],[-6.402500000000001,58.60629999999906],[-6.341600000000001,58.60629999999906],[-6.341600000000001,58.62659999999906],[-6.240100000000001,58.62659999999906],[-6.240100000000001,58.60629999999906],[-6.1995000000000005,58.60629999999906],[-6.1995000000000005,58.565699999999055],[-6.179200000000001,58.565699999999055],[-6.179200000000001,58.545399999999056],[-6.1386,58.545399999999056],[-6.1386,58.46419999999905],[-6.1995000000000005,58.46419999999905],[-6.1995000000000005,58.50479999999906],[-6.260400000000001,58.50479999999906]]],[[[-5.346900000000001,58.64689999999906],[-5.346900000000001,58.76869999999906],[-5.3063,58.76869999999906],[-5.3063,58.78899999999906],[-5.245400000000001,58.78899999999906],[-5.245400000000001,58.829599999999054],[-5.0627,58.829599999999054],[-5.0627,58.87019999999906],[-5.042400000000001,58.87019999999906],[-5.042400000000001,58.931099999999056],[-5.0627,58.931099999999056],[-5.0627,59.03259999999906],[-5.042400000000001,59.03259999999906],[-5.042400000000001,59.073199999999055],[-4.940900000000001,59.073199999999055],[-4.940900000000001,59.11379999999906],[-4.900300000000001,59.11379999999906],[-4.900300000000001,59.073199999999055],[-4.8597,59.073199999999055],[-4.8597,59.01229999999906],[-4.839400000000001,59.01229999999906],[-4.839400000000001,58.91079999999906],[-4.778500000000001,58.91079999999906],[-4.778500000000001,58.89049999999906],[-4.717600000000001,58.89049999999906],[-4.717600000000001,58.87019999999906],[-4.6364,58.87019999999906],[-4.616100000000001,58.91079999999906],[-4.5958000000000006,58.91079999999906],[-4.5958000000000006,58.951399999999055],[-4.5755,58.951399999999055],[-4.5755,58.931099999999056],[-4.5349,58.931099999999056],[-4.5349,58.91079999999906],[-4.2913000000000014,58.91079999999906],[-4.2913000000000014,58.99199999999906],[-4.3116,58.99199999999906],[-4.3116,59.01229999999906],[-4.433400000000001,59.01229999999906],[-4.433400000000001,59.052899999999056],[-4.474,59.052899999999056],[-4.474,59.093499999999054],[-4.433400000000001,59.093499999999054],[-4.433400000000001,59.13409999999906],[-4.4131,59.13409999999906],[-4.4131,59.15439999999906],[-4.3522,59.15439999999906],[-4.3522,59.174699999999056],[-4.331900000000001,59.174699999999056],[-4.331900000000001,59.073199999999055],[-4.271000000000001,59.073199999999055],[-4.271000000000001,59.052899999999056],[-4.230400000000001,59.052899999999056],[-4.230400000000001,59.03259999999906],[-4.210100000000001,59.03259999999906],[-4.210100000000001,58.99199999999906],[-4.169500000000001,58.99199999999906],[-4.1492,58.951399999999055],[-4.108600000000001,58.951399999999055],[-4.108600000000001,58.89049999999906],[-4.0883,58.89049999999906],[-4.0883,58.87019999999906],[-4.0274,58.87019999999906],[-4.0274,58.78899999999906],[-3.9868000000000006,58.78899999999906],[-3.9665,58.707799999999054],[-3.8244000000000007,58.707799999999054],[-3.8244000000000007,58.78899999999906],[-3.7432,58.78899999999906],[-3.7432,58.829599999999054],[-3.647700000000473,58.829599999999054],[-3.625,58.875],[-3.5199,58.875],[-3.5199,58.89049999999906],[-3.4387000000000008,58.89049999999906],[-3.4375,58.875],[-3.4375,58.9375],[-3.3778000000000006,58.9375],[-3.3778000000000006,58.951399999999055],[-3.276300000000001,58.951399999999055],[-3.276300000000001,58.97169999999906],[-3.2357000000000014,58.97169999999906],[-3.2357000000000014,58.931099999999056],[-3.371799999999528,58.931099999999056],[-3.3125,58.8125],[-3.125,58.8125],[-3.125,58.875],[-3.0625,58.875],[-3.0625,58.8125],[-2.75,58.8125],[-2.7485,58.707799999999054],[-2.7079000000000004,58.707799999999054],[-2.6977500000004735,58.6875],[-2.6875,58.6875],[-2.6875,58.667199999999056],[-2.6470000000000002,58.667199999999056],[-2.6267000000000014,58.62659999999906],[-2.565800000000001,58.62659999999906],[-2.565800000000001,58.565699999999055],[-2.5861,58.565699999999055],[-2.5861,58.48449999999906],[-2.565800000000001,58.48449999999906],[-2.565800000000001,58.443899999999054],[-2.6267000000000014,58.443899999999054],[-2.6267000000000014,58.38299999999906],[-2.5861,58.38299999999906],[-2.565800000000001,58.34239999999906],[-2.6876000000000015,58.34239999999906],[-2.6876000000000015,58.322099999999054],[-2.7688000000000006,58.322099999999054],[-2.7688000000000006,58.301799999999055],[-2.9312000000000005,58.301799999999055],[-2.9312000000000005,58.281499999999056],[-3.1545000000000005,58.281499999999056],[-3.1545000000000005,58.301799999999055],[-3.1951,58.301799999999055],[-3.1951,58.322099999999054],[-3.1342,58.322099999999054],[-3.1342,58.34239999999906],[-3.0936000000000003,58.34239999999906],[-3.0936000000000003,58.423599999999055],[-3.0733000000000015,58.423599999999055],[-3.0733000000000015,58.443899999999054],[-3.0625,58.443899999999054],[-3.0625,58.52509999999906],[-3.0936000000000003,58.52509999999906],[-3.0936000000000003,58.545399999999056],[-3.0733000000000015,58.545399999999056],[-3.0733000000000015,58.58599999999906],[-3.0625,58.58599999999906],[-3.0625,58.64689999999906],[-3.337200000000001,58.64689999999906],[-3.337200000000001,58.667199999999056],[-3.499600000000001,58.64689999999906],[-3.499600000000001,58.62659999999906],[-3.662000000000001,58.625],[-3.662000000000001,58.60629999999906],[-3.7635000000000005,58.60629999999906],[-3.7635000000000005,58.62659999999906],[-3.8041,58.62659999999906],[-3.8041,58.64689999999906],[-3.865,58.64689999999906],[-3.865,58.687499999999055],[-3.9259000000000004,58.687499999999055],[-3.9259000000000004,58.667199999999056],[-3.9665,58.667199999999056],[-3.9665,58.60629999999906],[-4.1289,58.60629999999906],[-4.1289,58.62659999999906],[-4.230400000000001,58.62659999999906],[-4.230400000000001,58.64689999999906],[-4.4131,58.64689999999906],[-4.4131,58.60629999999906],[-4.453700000000001,58.60629999999906],[-4.453700000000001,58.58599999999906],[-4.5146,58.58599999999906],[-4.5146,58.565699999999055],[-4.555200000000001,58.565699999999055],[-4.555200000000001,58.58599999999906],[-4.616100000000001,58.58599999999906],[-4.616100000000001,58.60629999999906],[-5.022100000000001,58.60629999999906],[-5.022100000000001,58.58599999999906],[-5.0625,58.58599999999906],[-5.0625,58.5625],[-5.083,58.5625],[-5.083,58.52509999999906],[-5.1439,58.52509999999906],[-5.1642,58.48449999999906],[-5.245400000000001,58.48449999999906],[-5.245400000000001,58.50479999999906],[-5.3063,58.50479999999906],[-5.3063,58.52509999999906],[-5.407800000000001,58.52509999999906],[-5.407800000000001,58.545399999999056],[-5.3672,58.545399999999056],[-5.3672,58.565699999999055],[-5.346900000000001,58.565699999999055],[-5.346900000000001,58.58599999999906],[-5.3063,58.58599999999906],[-5.3063,58.64689999999906],[-5.346900000000001,58.64689999999906]],[[-4.047700000000001,58.76869999999906],[-4.047700000000001,58.84989999999906],[-4.169500000000001,58.84989999999906],[-4.169500000000001,58.809299999999055],[-4.230400000000001,58.809299999999055],[-4.230400000000001,58.707799999999054],[-4.007100000000001,58.707799999999054],[-4.007100000000001,58.76869999999906],[-4.047700000000001,58.76869999999906]]],[[[-2.890600000000001,58.91079999999906],[-2.8703000000000003,58.91079999999906],[-2.8703000000000003,58.89049999999906],[-2.8297000000000008,58.89049999999906],[-2.8297000000000008,58.87019999999906],[-2.8703000000000003,58.87019999999906],[-2.8703000000000003,58.84989999999906],[-2.951500000000001,58.84989999999906],[-2.951500000000001,58.89049999999906],[-2.890600000000001,58.89049999999906],[-2.890600000000001,58.91079999999906]]],[[[-3.0124000000000013,59.174699999999056],[-3.0124000000000013,59.11379999999906],[-3.0936000000000003,59.11379999999906],[-3.0936000000000003,59.13409999999906],[-3.0327,59.13409999999906],[-3.0327,59.194999999999055],[-3.1545000000000005,59.194999999999055],[-3.1545000000000005,59.23559999999906],[-3.1342,59.23559999999906],[-3.1342,59.25589999999906],[-3.125,59.25589999999906],[-3.125,59.337099999999054],[-3.1545000000000005,59.337099999999054],[-3.1545000000000005,59.35739999999906],[-3.1951,59.35739999999906],[-3.1951,59.37769999999906],[-3.3169000000000004,59.37769999999906],[-3.337200000000001,59.458899999999055],[-3.3778000000000006,59.458899999999055],[-3.3778000000000006,59.49949999999906],[-3.3981000000000012,59.49949999999906],[-3.3778000000000006,59.66189999999906],[-3.337200000000001,59.66189999999906],[-3.337200000000001,59.702499999999056],[-3.3169000000000004,59.702499999999056],[-3.3169000000000004,59.722799999999054],[-3.276300000000001,59.722799999999054],[-3.276300000000001,59.76339999999906],[-3.2560000000000002,59.76339999999906],[-3.2560000000000002,59.78369999999906],[-3.2154000000000007,59.78369999999906],[-3.1951,59.824299999999056],[-3.1545000000000005,59.824299999999056],[-3.1545000000000005,59.844599999999055],[-3.0936000000000003,59.844599999999055],[-3.0936000000000003,59.88519999999906],[-3.0733000000000015,59.88519999999906],[-3.0733000000000015,59.90549999999906],[-2.951500000000001,59.90549999999906],[-2.951500000000001,59.92579999999906],[-2.9109,59.92579999999906],[-2.9109,59.946099999999056],[-2.8500000000000014,59.946099999999056],[-2.8500000000000014,60.02729999999906],[-2.8094,60.02729999999906],[-2.8094,59.90549999999906],[-2.7079000000000004,59.90549999999906],[-2.7079000000000004,59.92579999999906],[-2.667300000000001,59.92579999999906],[-2.667300000000001,59.946099999999056],[-2.5861,59.946099999999056],[-2.5861,59.966399999999055],[-2.565800000000001,59.966399999999055],[-2.565800000000001,59.946099999999056],[-2.444000000000001,59.946099999999056],[-2.444000000000001,59.90549999999906],[-2.342500000000001,59.90549999999906],[-2.3222000000000005,59.946099999999056],[-2.281600000000001,59.946099999999056],[-2.281600000000001,59.966399999999055],[-2.2613000000000003,59.966399999999055],[-2.2613000000000003,60.06789999999906],[-2.220700000000001,60.06789999999906],[-2.220700000000001,60.14909999999906],[-2.1875,60.14909999999906],[-2.1875,60.1875],[-2.0786000000000016,60.1875],[-2.0786000000000016,60.209999999999056],[-2.0989000000000004,60.209999999999056],[-2.0989000000000004,60.230299999999055],[-2.0786000000000016,60.230299999999055],[-2.0786000000000016,60.250599999999054],[-2.0380000000000003,60.250599999999054],[-2.0380000000000003,60.27089999999906],[-2.0177000000000014,60.27089999999906],[-2.0177000000000014,60.31149999999906],[-1.9375,60.3125],[-1.9375,60.375],[-1.5625,60.375],[-1.5625,60.3125],[-1.7132000000000005,60.3125],[-1.7132000000000005,60.27089999999906],[-1.6929000000000016,60.27089999999906],[-1.6929000000000016,60.230299999999055],[-1.6523000000000003,60.230299999999055],[-1.6523000000000003,60.209999999999056],[-1.6320000000000014,60.209999999999056],[-1.6523000000000003,60.16939999999906],[-1.6929000000000016,60.16939999999906],[-1.7132000000000005,60.12879999999906],[-1.8350000000000009,60.12879999999906],[-1.8350000000000009,60.108499999999054],[-1.895900000000001,60.108499999999054],[-1.895900000000001,60.088199999999055],[-1.9375,60.088199999999055],[-1.9375,60.0625],[-1.9974000000000007,60.0625],[-1.9974000000000007,60.02729999999906],[-1.9365000000000006,60.02729999999906],[-1.9365000000000006,60.00699999999906],[-1.895900000000001,60.00699999999906],[-1.895900000000001,59.966399999999055],[-1.9365000000000006,59.966399999999055],[-1.9365000000000006,59.90549999999906],[-1.895900000000001,59.90549999999906],[-1.895900000000001,59.88519999999906],[-1.7944000000000013,59.88519999999906],[-1.7944000000000013,59.90549999999906],[-1.672600000000001,59.90549999999906],[-1.672600000000001,59.92579999999906],[-1.625,59.92579999999906],[-1.625,59.9375],[-1.6117000000000008,59.9375],[-1.6117000000000008,59.946099999999056],[-1.5,59.946099999999056],[-1.5,60.0],[-1.375,60.0],[-1.375,59.9375],[-1.1875,59.9375],[-1.1875,59.875],[-1.125,59.875],[-1.125,59.8125],[-1.1651000000000007,59.8125],[-1.1651000000000007,59.78369999999906],[-1.2057000000000002,59.78369999999906],[-1.2057000000000002,59.702499999999056],[-1.2260000000000009,59.702499999999056],[-1.2260000000000009,59.66189999999906],[-1.2666000000000004,59.66189999999906],[-1.2666000000000004,59.580699999999055],[-1.286900000000001,59.580699999999055],[-1.286900000000001,59.51979999999906],[-1.3275000000000006,59.51979999999906],[-1.3275000000000006,59.479199999999054],[-1.3478000000000012,59.479199999999054],[-1.3478000000000012,59.458899999999055],[-1.3884000000000007,59.458899999999055],[-1.4087000000000014,59.37769999999906],[-1.449300000000001,59.37769999999906],[-1.449300000000001,59.337099999999054],[-1.5305,59.29649999999906],[-1.5305,59.23559999999906],[-1.5711000000000013,59.23559999999906],[-1.5711000000000013,59.215299999999054],[-1.5914000000000001,59.215299999999054],[-1.5914000000000001,59.174699999999056],[-1.6320000000000014,59.174699999999056],[-1.6523000000000003,59.13409999999906],[-1.6929000000000016,59.13409999999906],[-1.6929000000000016,59.093499999999054],[-1.7132000000000005,59.093499999999054],[-1.7132000000000005,59.073199999999055],[-1.7538,59.073199999999055],[-1.7538,59.052899999999056],[-1.8147000000000002,59.052899999999056],[-1.8147000000000002,59.03259999999906],[-1.8756000000000004,59.03259999999906],[-1.8756000000000004,59.01229999999906],[-1.9568000000000012,59.01229999999906],[-1.9568000000000012,58.99199999999906],[-2.1598000000000006,58.99199999999906],[-2.1598000000000006,59.01229999999906],[-2.4846000000000004,59.03259999999906],[-2.4846000000000004,59.01229999999906],[-2.5252,59.01229999999906],[-2.5252,58.99199999999906],[-2.5625,58.99199999999906],[-2.565800000000001,58.87019999999906],[-2.667300000000001,58.87019999999906],[-2.667300000000001,58.9375],[-2.6875,58.9375],[-2.7045999999995303,58.97169999999906],[-2.728200000000001,58.97169999999906],[-2.728200000000001,59.01229999999906],[-2.7688000000000006,59.01229999999906],[-2.7688000000000006,59.052899999999056],[-2.7891000000000012,59.052899999999056],[-2.7891000000000012,59.0625],[-2.890600000000001,59.0625],[-2.890600000000001,59.052899999999056],[-2.951500000000001,59.052899999999056],[-2.951500000000001,59.174699999999056],[-3.0124000000000013,59.174699999999056]],[[-1.9375,60.3125],[-1.9162,60.31149999999906],[-1.9156999999995286,60.3125],[-1.9375,60.3125]],[[-2.6064000000000007,59.29649999999906],[-2.6064000000000007,59.316799999999056],[-2.6470000000000002,59.316799999999056],[-2.6470000000000002,59.375],[-2.75,59.375],[-2.75,59.1875],[-2.7079000000000004,59.1875],[-2.7079000000000004,59.194999999999055],[-2.5861,59.194999999999055],[-2.5861,59.1875],[-2.5625,59.1875],[-2.5625,59.29649999999906],[-2.6064000000000007,59.29649999999906]]],[[[-0.9418000000000006,60.39269999999906],[-0.8403000000000009,60.39269999999906],[-0.8403000000000009,60.372399999999054],[-0.8606000000000016,60.372399999999054],[-0.8606000000000016,60.331799999999056],[-0.9418000000000006,60.331799999999056],[-0.9418000000000006,60.39269999999906]]],[[[-1.2260000000000009,60.51449999999906],[-1.1651000000000007,60.51449999999906],[-1.1651000000000007,60.494199999999054],[-1.1448,60.494199999999054],[-1.1448,60.473899999999055],[-1.1042000000000005,60.473899999999055],[-1.1042000000000005,60.45359999999906],[-1.1651000000000007,60.45359999999906],[-1.1854000000000013,60.494199999999054],[-1.2260000000000009,60.494199999999054],[-1.2260000000000009,60.51449999999906]]],[[[-0.6170000000000009,60.90019999999906],[-0.6170000000000009,60.879899999999054],[-0.5967000000000002,60.879899999999054],[-0.5967000000000002,60.81899999999906],[-0.6170000000000009,60.81899999999906],[-0.6170000000000009,60.77839999999906],[-0.7591000000000001,60.77839999999906],[-0.7591000000000001,60.8125],[-0.9375,60.8125],[-0.9375,60.9375],[-0.87239999999953,60.9375],[-0.8606000000000016,60.96109999999906],[-0.7997000000000014,60.96109999999906],[-0.7997000000000014,60.94079999999906],[-0.625,60.9375],[-0.625,60.90019999999906],[-0.6170000000000009,60.90019999999906]]],[[[-6.301,60.65659999999906],[-6.321300000000001,60.65659999999906],[-6.321300000000001,60.595699999999056],[-6.260400000000001,60.595699999999056],[-6.240100000000001,60.55509999999906],[-6.1995000000000005,60.55509999999906],[-6.1995000000000005,60.494199999999054],[-6.260400000000001,60.494199999999054],[-6.260400000000001,60.473899999999055],[-6.5040000000000004,60.494199999999054],[-6.5243,60.53479999999906],[-6.5852,60.53479999999906],[-6.5852,60.55509999999906],[-6.625800000000001,60.55509999999906],[-6.625800000000001,60.57539999999906],[-6.6867,60.57539999999906],[-6.6867,60.595699999999056],[-6.7273000000000005,60.615999999999055],[-6.7273000000000005,60.65659999999906],[-6.788200000000001,60.65659999999906],[-6.788200000000001,60.69719999999906],[-6.8288,60.69719999999906],[-6.8288,60.717499999999056],[-6.849100000000001,60.717499999999056],[-6.849100000000001,60.77839999999906],[-6.8897,60.77839999999906],[-6.91,60.859599999999055],[-6.9506000000000006,60.859599999999055],[-6.9506000000000006,60.96109999999906],[-6.9709,60.96109999999906],[-6.9709,61.04229999999906],[-7.011500000000001,61.04229999999906],[-7.0318000000000005,61.16409999999906],[-7.0724,61.16409999999906],[-7.092700000000001,61.245299999999055],[-7.1333,61.245299999999055],[-7.1333,61.28589999999906],[-7.153600000000001,61.28589999999906],[-7.153600000000001,61.30619999999906],[-7.1942,61.30619999999906],[-7.1942,61.32649999999906],[-7.2145,61.32649999999906],[-7.2145,61.367099999999056],[-7.2551000000000005,61.367099999999056],[-7.2551000000000005,61.387399999999055],[-7.2754,61.387399999999055],[-7.2754,61.42799999999906],[-7.316000000000001,61.42799999999906],[-7.316000000000001,61.488899999999056],[-7.2754,61.488899999999056],[-7.2754,61.529499999999054],[-7.153600000000001,61.529499999999054],[-7.153600000000001,61.59039999999906],[-7.1942,61.59039999999906],[-7.1942,61.752799999999056],[-7.2145,61.752799999999056],[-7.2145,61.81369999999906],[-7.1942,61.81369999999906],[-7.1942,61.83399999999906],[-7.153600000000001,61.83399999999906],[-7.153600000000001,61.85429999999906],[-6.91,61.85429999999906],[-6.91,61.915199999999054],[-6.9506000000000006,61.915199999999054],[-6.9506000000000006,61.93549999999906],[-6.91,61.93549999999906],[-6.91,61.97609999999906],[-6.8288,61.97609999999906],[-6.8288,61.915199999999054],[-6.869400000000001,61.915199999999054],[-6.869400000000001,61.894899999999055],[-6.8897,61.894899999999055],[-6.8897,61.83399999999906],[-6.869400000000001,61.83399999999906],[-6.869400000000001,61.81369999999906],[-6.7679,61.81369999999906],[-6.7476,61.773099999999054],[-6.6867,61.773099999999054],[-6.6867,61.79339999999905],[-6.646100000000001,61.79339999999905],[-6.646100000000001,61.83399999999906],[-6.625800000000001,61.83399999999906],[-6.625800000000001,61.85429999999906],[-6.3619,61.85429999999906],[-6.3619,61.83399999999906],[-6.321300000000001,61.83399999999906],[-6.321300000000001,61.81369999999906],[-6.301,61.81369999999906],[-6.301,61.79339999999905],[-6.260400000000001,61.79339999999905],[-6.260400000000001,61.752799999999056],[-6.301,61.752799999999056],[-6.321300000000001,61.71219999999906],[-6.3619,61.71219999999906],[-6.3822,61.67159999999906],[-6.4228000000000005,61.67159999999906],[-6.4431,61.59039999999906],[-6.483700000000001,61.59039999999906],[-6.483700000000001,61.57009999999906],[-6.5040000000000004,61.57009999999906],[-6.5040000000000004,61.529499999999054],[-6.514749999999527,61.529499999999054],[-6.5,61.5],[-6.3125,61.5],[-6.3125,61.4375],[-6.4375,61.4375],[-6.4375,61.367099999999056],[-6.3822,61.367099999999056],[-6.3822,61.32649999999906],[-6.3619,61.32649999999906],[-6.3619,61.245299999999055],[-6.321300000000001,61.245299999999055],[-6.321300000000001,61.143799999999054],[-6.3619,61.143799999999054],[-6.3619,61.0625],[-6.3125,61.0625],[-6.3125,61.02469999999906],[-6.301,61.001699999999055],[-6.260400000000001,61.001699999999055],[-6.260400000000001,60.97395],[-6.1875,60.9375],[-6.179200000000001,60.8125],[-6.125,60.8125],[-6.125,60.75],[-6.1386,60.75],[-6.1386,60.717499999999056],[-6.179200000000001,60.717499999999056],[-6.1995000000000005,60.67689999999906],[-6.301,60.67689999999906],[-6.301,60.65659999999906]],[[-6.9912,61.630999999999055],[-6.9912,61.57009999999906],[-6.9506000000000006,61.57009999999906],[-6.9506000000000006,61.5625],[-6.7679,61.5625],[-6.7679,61.57009999999906],[-6.8288,61.57009999999906],[-6.8288,61.59039999999906],[-6.8897,61.59039999999906],[-6.8897,61.630999999999055],[-6.9912,61.630999999999055]]],[[[-6.625800000000001,61.97609999999906],[-6.544600000000001,61.97609999999906],[-6.544600000000001,61.93549999999906],[-6.564900000000001,61.93549999999906],[-6.564900000000001,61.915199999999054],[-6.625800000000001,61.915199999999054],[-6.625800000000001,61.97609999999906]]],[[[-6.7273000000000005,62.23999999999906],[-6.646100000000001,62.23999999999906],[-6.646100000000001,62.260299999999056],[-6.625800000000001,62.260299999999056],[-6.625800000000001,62.19939999999906],[-6.707000000000001,62.19939999999906],[-6.7273000000000005,62.23999999999906]]],[[[153.375,-24.5625],[153.4375,-24.5625],[153.4375,-24.6875],[153.3125,-24.6875],[153.3125,-24.75],[153.25,-24.75],[153.25,-24.5],[153.125,-24.5],[153.125,-24.375],[153.0625,-24.375],[153.0,-24.25],[153.125,-24.25],[153.125,-24.3125],[153.1875,-24.3125],[153.1875,-24.375],[153.25,-24.375],[153.25,-24.4375],[153.375,-24.5],[153.375,-24.5625]]],[[[150.9375,-23.4375],[150.9375,-23.375],[150.875,-23.375],[150.875,-23.25],[150.8125,-23.25],[150.8125,-22.875],[150.875,-22.875],[150.875,-22.9375],[151.0,-22.9375],[151.0,-23.0],[151.1875,-23.0],[151.1875,-23.0625],[151.25,-23.0625],[151.25,-23.3125],[151.1875,-23.3125],[151.1875,-23.4375],[150.9375,-23.4375]]],[[[151.75,-23.5],[151.75,-23.125],[151.625,-23.125],[151.625,-23.0],[151.6875,-23.0],[151.6875,-22.8125],[151.75,-22.8125],[151.75,-22.75],[151.875,-22.6875],[151.875,-22.8125],[151.9375,-22.8125],[151.9375,-23.1875],[152.0625,-23.25],[152.0625,-23.4375],[151.8125,-23.4375],[151.8125,-23.5],[151.75,-23.5]]],[[[152.5625,-21.3125],[152.5625,-21.4375],[152.5,-21.4375],[152.5,-21.75],[152.5625,-21.75],[152.5625,-21.875],[152.6875,-21.875],[152.6875,-22.0625],[152.625,-22.0625],[152.625,-22.0],[152.375,-22.0],[152.375,-21.625],[152.3125,-21.625],[152.3125,-21.5625],[152.375,-21.5625],[152.375,-21.375],[152.25,-21.375],[152.25,-21.3125],[152.4375,-21.3125],[152.4375,-21.25],[152.5625,-21.25],[152.5625,-21.1875],[152.625,-21.1875],[152.625,-21.3125],[152.5625,-21.3125]]],[[[150.375,-21.3125],[150.375,-21.375],[150.4375,-21.375],[150.4375,-21.75],[150.5,-21.75],[150.5,-21.8125],[150.625,-21.8125],[150.625,-21.875],[150.6875,-21.875],[150.6875,-21.9375],[150.8125,-22.0],[150.8125,-22.125],[150.875,-22.125],[150.875,-22.3125],[150.8125,-22.3125],[150.8125,-22.375],[150.75,-22.375],[150.75,-22.3125],[150.5625,-22.3125],[150.5625,-22.5],[150.5,-22.5],[150.5,-22.3125],[150.375,-22.3125],[150.375,-22.25],[150.1875,-22.25],[150.1875,-22.1875],[150.0,-22.1875],[150.0,-22.5],[149.9375,-22.5],[149.9375,-22.4375],[149.75,-22.4375],[149.75,-22.3125],[149.625,-22.25],[149.625,-22.125],[149.5625,-22.125],[149.5625,-22.0],[149.5,-22.0],[149.5,-21.4375],[149.375,-21.375],[149.375,-21.3125],[149.5,-21.25],[149.5,-20.9375],[149.4375,-20.9375],[149.4375,-20.875],[149.3125,-20.875],[149.3125,-20.75],[149.1875,-20.75],[149.1875,-20.6875],[149.0625,-20.6875],[149.0625,-20.625],[148.875,-20.625],[148.875,-20.5],[148.8125,-20.5],[148.8125,-20.125],[148.6875,-20.125],[148.6875,-20.0625],[148.8125,-20.0625],[148.8125,-20.0],[149.0625,-20.0],[149.0625,-20.125],[149.3125,-20.125],[149.3125,-20.25],[149.375,-20.25],[149.375,-20.5625],[149.5,-20.5625],[149.5,-20.625],[149.5625,-20.625],[149.5625,-20.6875],[149.8125,-20.6875],[149.8125,-20.75],[149.75,-20.75],[149.75,-20.875],[149.5625,-20.875],[149.5625,-21.125],[149.625,-21.125],[149.625,-21.1875],[149.875,-21.1875],[149.875,-21.25],[150.0625,-21.25],[150.0625,-21.1875],[150.125,-21.1875],[150.125,-21.25],[150.25,-21.25],[150.25,-21.3125],[150.375,-21.3125]]],[[[152.25,-21.0],[152.3125,-21.0],[152.375,-21.125],[152.125,-21.125],[152.125,-20.9375],[152.25,-20.9375],[152.25,-21.0]]],[[[150.1875,-20.625],[150.1875,-20.5625],[150.0,-20.5625],[150.0,-20.5],[150.125,-20.5],[150.125,-20.3125],[150.0,-20.3125],[149.9375,-20.1875],[149.8125,-20.1875],[149.8125,-20.0625],[149.75,-20.0625],[149.75,-20.0],[149.625,-20.0],[149.625,-19.9375],[149.5625,-19.9375],[149.5625,-19.8125],[149.125,-19.8125],[149.125,-19.5625],[149.0625,-19.5625],[149.0625,-19.5],[148.875,-19.5],[148.875,-19.4375],[148.6875,-19.4375],[148.6875,-19.3125],[148.8125,-19.3125],[148.8125,-19.375],[149.25,-19.375],[149.25,-19.4375],[149.3125,-19.4375],[149.375,-19.5625],[149.6875,-19.5625],[149.6875,-19.5],[149.75,-19.5],[149.75,-19.5625],[150.0625,-19.5625],[150.0625,-19.625],[150.1875,-19.625],[150.1875,-19.6875],[150.3125,-19.75],[150.3125,-19.875],[150.375,-19.875],[150.375,-19.9375],[150.4375,-19.9375],[150.5,-20.0625],[150.625,-20.0625],[150.625,-20.125],[150.75,-20.125],[150.75,-20.1875],[150.8125,-20.1875],[150.8125,-20.375],[150.9375,-20.375],[150.9375,-20.4375],[151.0,-20.4375],[151.0,-20.625],[151.125,-20.625],[151.125,-20.6875],[151.25,-20.6875],[151.25,-20.75],[151.3125,-20.75],[151.375,-20.875],[151.5,-20.875],[151.5,-20.9375],[151.6875,-20.9375],[151.6875,-21.0],[151.75,-21.0],[151.8125,-21.125],[151.9375,-21.125],[151.9375,-21.1875],[152.0625,-21.1875],[152.0625,-21.25],[151.9375,-21.25],[151.9375,-21.4375],[152.0,-21.4375],[152.0,-21.5],[151.875,-21.5],[151.875,-21.6875],[151.6875,-21.6875],[151.6875,-21.75],[151.5625,-21.75],[151.5625,-21.625],[151.4375,-21.5625],[151.4375,-21.375],[151.3125,-21.375],[151.3125,-21.25],[151.25,-21.25],[151.25,-20.9375],[151.0625,-20.9375],[151.0625,-20.8125],[150.9375,-20.8125],[150.9375,-20.6875],[150.8125,-20.6875],[150.8125,-20.625],[150.1875,-20.625]],[[151.625,-21.125],[151.625,-21.3125],[151.8125,-21.3125],[151.8125,-21.125],[151.625,-21.125]],[[150.625,-20.3125],[150.375,-20.3125],[150.375,-20.5],[150.625,-20.5],[150.625,-20.3125]]],[[[152.9375,-11.0],[152.9375,-11.0625],[153.0625,-11.0625],[153.125,-11.1875],[153.0625,-11.1875],[153.0625,-11.25],[152.9375,-11.25],[152.9375,-11.1875],[152.6875,-11.1875],[152.6875,-11.125],[152.875,-11.125],[152.875,-11.0],[152.9375,-11.0]]],[[[151.125,-11.0625],[151.0625,-11.0625],[151.0625,-10.9375],[150.9375,-10.875],[150.9375,-10.6875],[151.0,-10.6875],[151.0,-10.5625],[151.125,-10.5625],[151.125,-10.6875],[151.0625,-10.6875],[151.0625,-10.875],[151.125,-10.875],[151.1875,-11.0],[151.4375,-11.0],[151.4375,-11.0625],[152.0,-11.0625],[152.0625,-11.1875],[152.25,-11.1875],[152.25,-11.125],[152.5,-11.125],[152.5,-11.1875],[152.3125,-11.1875],[152.3125,-11.3125],[152.25,-11.3125],[152.25,-11.25],[152.0,-11.25],[152.0,-11.1875],[151.375,-11.1875],[151.375,-11.125],[151.125,-11.125],[151.125,-11.0625]]],[[[152.5625,-10.8125],[152.4375,-10.8125],[152.4375,-10.75],[152.375,-10.75],[152.375,-10.6875],[152.5,-10.6875],[152.5,-10.75],[152.6875,-10.75],[152.6875,-10.875],[152.5625,-10.875],[152.5625,-10.8125]]],[[[143.75,-9.0625],[143.75,-9.3125],[143.8125,-9.3125],[143.8125,-9.375],[143.9375,-9.375],[143.9375,-9.625],[144.125,-9.625],[144.125,-9.5625],[144.1875,-9.5625],[144.1875,-9.5],[144.3125,-9.4375],[144.3125,-9.5625],[144.25,-9.5625],[144.25,-9.75],[144.3125,-9.75],[144.3125,-9.8125],[144.25,-9.8125],[144.25,-9.875],[144.125,-9.9375],[144.125,-10.0625],[144.0,-10.0625],[144.0,-10.8125],[144.0625,-10.8125],[144.0625,-11.3125],[144.0,-11.3125],[144.0,-11.5],[143.875,-11.5],[143.875,-11.75],[143.8125,-11.75],[143.8125,-11.9375],[143.875,-11.9375],[143.875,-12.0],[143.75,-12.0625],[143.75,-12.3125],[143.8125,-12.3125],[143.8125,-12.375],[143.75,-12.375],[143.75,-12.5],[143.5,-12.5],[143.5,-12.4375],[143.5625,-12.4375],[143.5625,-12.0],[143.4375,-12.0],[143.4375,-11.9375],[143.1875,-11.9375],[143.1875,-11.875],[143.125,-11.875],[143.125,-11.8125],[143.25,-11.8125],[143.25,-11.625],[143.1875,-11.625],[143.1875,-11.5625],[143.0625,-11.5625],[143.0625,-11.5],[143.1875,-11.5],[143.1875,-11.1875],[143.0,-11.1875],[143.0,-11.3125],[142.9375,-11.3125],[142.9375,-11.125],[142.8125,-11.125],[142.8125,-11.0],[142.75,-11.0],[142.75,-10.9375],[142.625,-10.875],[142.625,-10.75],[142.4375,-10.75],[142.375,-10.875],[142.1875,-10.875],[142.125,-11.0],[142.0625,-11.0],[142.0625,-10.9375],[142.0,-10.9375],[142.0,-9.1875],[142.0625,-9.1875],[142.0625,-9.25],[142.25,-9.25],[142.25,-9.1875],[142.375,-9.1875],[142.375,-9.25],[142.8125,-9.25],[142.8125,-9.3125],[143.0,-9.3125],[143.0,-9.125],[143.125,-9.125],[143.1875,-9.0],[143.4375,-9.0],[143.4375,-8.75],[143.5625,-8.6875],[143.5625,-8.5],[143.375,-8.5],[143.375,-8.4375],[143.5,-8.4375],[143.5,-8.1875],[143.8125,-8.1875],[143.8125,-8.125],[143.875,-8.125],[143.875,-8.0],[144.5625,-8.0],[144.5625,-8.125],[144.3125,-8.125],[144.3125,-8.1875],[144.1875,-8.25],[144.1875,-8.375],[144.125,-8.375],[144.125,-8.4375],[144.0,-8.4375],[144.0,-8.5625],[143.9375,-8.5625],[143.9375,-8.625],[143.875,-8.625],[143.875,-8.75],[143.8125,-8.75],[143.8125,-9.0625],[143.75,-9.0625]],[[143.75,-11.75],[143.5625,-11.75],[143.5625,-11.9375],[143.75,-11.9375],[143.75,-11.75]]],[[[130.3125,33.0],[130.3125,33.0625],[130.4375,33.0625],[130.4375,33.0],[130.3125,33.0]]],[[[124.125,33.125],[124.125,33.0625],[124.375,33.0625],[124.375,33.0],[124.0,33.0],[124.0,33.125],[124.125,33.125]]],[[[129.5,33.0625],[129.5,33.0],[129.1875,33.0],[129.1875,33.0625],[129.125,33.0625],[129.125,33.1875],[129.0,33.1875],[129.0625,33.3125],[129.4375,33.3125],[129.4375,33.0625],[129.5,33.0625]]],[[[126.3125,33.125],[126.3125,33.0625],[126.125,33.0625],[126.125,33.125],[126.0,33.125],[126.0,33.375],[126.1875,33.375],[126.25,33.25],[126.375,33.25],[126.375,33.125],[126.3125,33.125]]],[[[132.0,33.5],[132.0,33.4375],[131.9375,33.4375],[131.9375,33.5],[132.0,33.5]]],[[[129.8125,33.6875],[129.75,33.6875],[129.75,33.8125],[129.9375,33.8125],[129.9375,33.5625],[129.8125,33.5625],[129.8125,33.6875]]],[[[124.9375,38.125],[124.9375,38.0625],[125.0,38.0625],[125.0,37.9375],[125.125,37.9375],[125.125,37.875],[125.1875,37.875],[125.1875,37.8125],[125.3125,37.8125],[125.3125,37.75],[125.5625,37.75],[125.5625,37.8125],[125.6875,37.8125],[125.6875,37.875],[125.8125,37.9375],[125.8125,37.875],[126.0,37.875],[126.0,37.8125],[126.1875,37.8125],[126.1875,37.875],[126.25,37.875],[126.25,37.75],[126.3125,37.75],[126.3125,37.625],[126.5,37.625],[126.5,37.5625],[126.6875,37.5625],[126.6875,37.5],[126.625,37.5],[126.625,37.125],[126.75,37.125],[126.8125,37.0],[126.3125,37.0],[126.3125,36.9375],[126.1875,36.9375],[126.1875,36.6875],[126.25,36.6875],[126.25,36.625],[126.5,36.625],[126.5,36.375],[126.5625,36.375],[126.5625,36.3125],[126.4375,36.25],[126.4375,36.0625],[126.5,36.0625],[126.5,36.0],[126.5625,36.0],[126.5625,35.875],[126.625,35.875],[126.625,35.75],[126.5,35.6875],[126.5,35.5],[126.4375,35.5],[126.4375,35.375],[126.3125,35.375],[126.3125,35.1875],[126.25,35.1875],[126.25,34.9375],[126.3125,34.9375],[126.3125,34.4375],[126.375,34.4375],[126.375,34.375],[126.6875,34.375],[126.6875,34.3125],[126.875,34.3125],[126.875,34.375],[127.0,34.375],[127.0,34.5],[127.1875,34.5],[127.1875,34.4375],[127.3125,34.4375],[127.3125,34.375],[127.4375,34.375],[127.4375,34.3125],[127.3125,34.3125],[127.3125,34.25],[127.25,34.25],[127.25,34.3125],[127.0625,34.3125],[127.0625,34.25],[127.0,34.25],[127.0,34.125],[126.8125,34.125],[126.8125,34.0],[126.75,34.0],[126.75,33.75],[126.875,33.75],[126.875,33.6875],[127.0,33.6875],[127.0,33.5625],[127.0625,33.5625],[127.0625,33.5],[126.9375,33.5],[126.9375,33.5625],[126.6875,33.5625],[126.5625,33.8125],[126.3125,33.8125],[126.3125,33.875],[125.9375,33.875],[125.9375,33.8125],[125.8125,33.8125],[125.8125,33.75],[125.5625,33.75],[125.5625,33.8125],[125.4375,33.8125],[125.375,33.9375],[124.6875,33.9375],[124.6875,34.125],[124.625,34.125],[124.625,34.1875],[124.875,34.1875],[124.875,34.375],[124.8125,34.375],[124.8125,34.6875],[124.6875,34.6875],[124.6875,34.75],[124.75,34.75],[124.75,34.875],[124.8125,34.875],[124.8125,34.9375],[125.0,34.9375],[125.0,35.125],[125.125,35.1875],[125.125,35.3125],[125.1875,35.3125],[125.1875,35.4375],[125.25,35.4375],[125.25,35.5],[125.3125,35.5],[125.3125,35.5625],[125.4375,35.625],[125.4375,35.75],[125.5,35.75],[125.5625,35.875],[125.9375,35.875],[125.9375,35.9375],[126.0625,35.9375],[126.0625,35.875],[126.3125,35.875],[126.3125,35.9375],[126.375,35.9375],[126.375,36.3125],[126.1875,36.3125],[126.1875,36.375],[125.9375,36.375],[125.9375,36.3125],[125.75,36.3125],[125.75,36.375],[125.625,36.4375],[125.625,36.5625],[125.5625,36.5625],[125.5625,36.75],[125.4375,36.8125],[125.4375,37.0625],[125.0625,37.0625],[125.0,37.1875],[124.75,37.1875],[124.75,37.25],[124.5,37.25],[124.5,37.3125],[124.375,37.3125],[124.375,37.375],[124.125,37.375],[124.125,37.4375],[124.0,37.4375],[124.0,39.0],[125.1875,39.0],[125.1875,38.6875],[125.0625,38.6875],[125.0625,38.625],[125.0,38.625],[125.0,38.5],[124.9375,38.5],[124.9375,38.375],[124.8125,38.3125],[124.8125,38.125],[124.9375,38.125]]],[[[0.3573999999999984,53.24709999999906],[0.31679999999999886,53.24709999999906],[0.31679999999999886,53.26739999999906],[0.2964999999999982,53.26739999999906],[0.2964999999999982,53.32829999999906],[0.2558999999999987,53.32829999999906],[0.2558999999999987,53.34859999999906],[0.2355999999999998,53.34859999999906],[0.2355999999999998,53.429799999999055],[0.1949999999999985,53.429799999999055],[0.1949999999999985,53.450099999999054],[0.17469999999999963,53.450099999999054],[0.17469999999999963,53.51099999999906],[0.13409999999999833,53.51099999999906],[0.13409999999999833,53.53129999999906],[0.05289999999999928,53.53129999999906],[0.05289999999999928,53.551599999999056],[-0.008000000000000895,53.551599999999056],[-0.008000000000000895,53.57189999999906],[-0.04860000000000042,53.57189999999906],[-0.04860000000000042,53.59219999999905],[-0.12980000000000125,53.59219999999905],[-0.12980000000000125,53.61249999999906],[-0.17040000000000077,53.61249999999906],[-0.17040000000000077,53.63279999999906],[-0.23130000000000095,53.63279999999906],[-0.23130000000000095,53.673399999999056],[-0.2516000000000016,53.673399999999056],[-0.2516000000000016,53.71399999999906],[-0.23130000000000095,53.71399999999906],[-0.23130000000000095,53.693699999999055],[-0.17040000000000077,53.693699999999055],[-0.17040000000000077,53.65309999999906],[-0.1095000000000006,53.65309999999906],[-0.1095000000000006,53.63279999999906],[-0.04860000000000042,53.63279999999906],[-0.04860000000000042,53.65309999999906],[0.0625,53.65309999999906],[0.0625,53.71399999999906],[0.05289999999999928,53.71399999999906],[0.05289999999999928,53.73429999999906],[0.012299999999999756,53.73429999999906],[0.012299999999999756,53.77489999999906],[-0.04860000000000042,53.77489999999906],[-0.04860000000000042,53.835799999999054],[-0.1095000000000006,53.835799999999054],[-0.1095000000000006,53.85609999999906],[-0.06890000000000107,53.85609999999906],[-0.06890000000000107,53.87639999999906],[-0.04860000000000042,53.87639999999906],[-0.04860000000000042,53.937299999999055],[-0.06890000000000107,53.937299999999055],[-0.06890000000000107,53.97789999999905],[-0.1095000000000006,53.97789999999905],[-0.1095000000000006,54.14029999999906],[-0.17040000000000077,54.14029999999906],[-0.17040000000000077,54.16059999999906],[-0.19070000000000142,54.16059999999906],[-0.19070000000000142,54.201199999999055],[-0.3125,54.221499999999054],[-0.3125,54.28239999999906],[-0.3531000000000013,54.28239999999906],[-0.3531000000000013,54.30269999999906],[-0.4140000000000015,54.30269999999906],[-0.4140000000000015,54.34329999999906],[-0.454600000000001,54.36359999999905],[-0.454600000000001,54.42449999999906],[-0.49520000000000053,54.42449999999906],[-0.5155000000000012,54.465099999999055],[-0.5561000000000007,54.465099999999055],[-0.5764000000000014,54.50569999999906],[-0.6170000000000009,54.50569999999906],[-0.6170000000000009,54.52599999999906],[-0.6982000000000017,54.52599999999906],[-0.6982000000000017,54.54629999999906],[-0.7591000000000001,54.54629999999906],[-0.7591000000000001,54.566599999999056],[-0.7997000000000014,54.566599999999056],[-0.7997000000000014,54.586899999999055],[-0.8606000000000016,54.586899999999055],[-0.8606000000000016,54.607199999999054],[-0.9418000000000006,54.607199999999054],[-0.9418000000000006,54.64779999999906],[-0.9215,54.64779999999906],[-0.9215,54.66809999999906],[-0.8809000000000005,54.66809999999906],[-0.8809000000000005,54.708699999999055],[-0.8606000000000016,54.708699999999055],[-0.8606000000000016,54.78989999999906],[-0.8200000000000003,54.78989999999906],[-0.8200000000000003,54.87109999999906],[-0.7591000000000001,54.87109999999906],[-0.7388000000000012,54.91169999999906],[-0.6576000000000004,54.91169999999906],[-0.6576000000000004,54.89139999999906],[-0.5561000000000007,54.89139999999906],[-0.5561000000000007,54.87109999999906],[-0.33280000000000065,54.87109999999906],[-0.33280000000000065,54.850799999999055],[-0.2719000000000005,54.850799999999055],[-0.2719000000000005,54.830499999999056],[0.03259999999999863,54.830499999999056],[0.03259999999999863,54.78989999999906],[0.07319999999999993,54.78989999999906],[0.0934999999999988,54.74929999999905],[0.15439999999999898,54.74929999999905],[0.15439999999999898,54.72899999999906],[0.1949999999999985,54.72899999999906],[0.1949999999999985,54.708699999999055],[0.31679999999999886,54.708699999999055],[0.31679999999999886,54.688399999999056],[0.37769999999999904,54.688399999999056],[0.37769999999999904,54.66809999999906],[0.6212999999999997,54.66809999999906],[0.6212999999999997,54.64779999999906],[0.7836999999999996,54.64779999999906],[0.7836999999999996,54.66809999999906],[0.8648999999999987,54.66809999999906],[0.8648999999999987,54.688399999999056],[0.9257999999999988,54.688399999999056],[0.9257999999999988,54.708699999999055],[1.0272999999999985,54.708699999999055],[1.0272999999999985,54.72899999999906],[1.149099999999999,54.74929999999905],[1.1693999999999996,54.78989999999906],[1.3520999999999983,54.78989999999906],[1.3520999999999983,54.66809999999906],[1.372399999999999,54.66809999999906],[1.372399999999999,54.64779999999906],[1.4941999999999993,54.64779999999906],[1.4941999999999993,54.586899999999055],[1.5550999999999995,54.586899999999055],[1.5550999999999995,54.50569999999906],[1.595699999999999,54.50569999999906],[1.6159999999999997,54.465099999999055],[1.6768999999999998,54.465099999999055],[1.6768999999999998,54.444799999999056],[1.7377999999999982,54.444799999999056],[1.7377999999999982,54.42449999999906],[1.7986999999999984,54.42449999999906],[1.818999999999999,54.38389999999906],[1.9407999999999994,54.38389999999906],[1.9407999999999994,54.36359999999905],[1.981399999999999,54.36359999999905],[1.981399999999999,54.322999999999055],[2.0625999999999998,54.322999999999055],[2.0625999999999998,54.26209999999906],[2.143799999999999,54.26209999999906],[2.143799999999999,54.30269999999906],[2.2452999999999985,54.30269999999906],[2.2452999999999985,54.26209999999906],[2.3061999999999987,54.26209999999906],[2.3061999999999987,54.16059999999906],[2.2452999999999985,54.16059999999906],[2.2452999999999985,54.14029999999906],[2.1640999999999995,54.14029999999906],[2.1640999999999995,54.059099999999056],[2.2452999999999985,54.059099999999056],[2.2452999999999985,54.03879999999906],[2.2859,54.03879999999906],[2.3061999999999987,53.99819999999906],[2.346799999999998,53.99819999999906],[2.346799999999998,53.97789999999905],[2.6309999999999985,53.97789999999905],[2.6309999999999985,53.99819999999906],[2.651299999999999,53.99819999999906],[2.651299999999999,53.97789999999905],[2.6715999999999998,53.97789999999905],[2.6715999999999998,53.937299999999055],[2.7121999999999993,53.937299999999055],[2.7121999999999993,53.89669999999906],[2.7730999999999995,53.89669999999906],[2.7730999999999995,53.795199999999056],[2.8339999999999996,53.795199999999056],[2.8339999999999996,53.77489999999906],[2.7933999999999983,53.77489999999906],[2.7933999999999983,53.75459999999906],[2.7121999999999993,53.75459999999906],[2.7121999999999993,53.71399999999906],[2.6715999999999998,53.71399999999906],[2.6715999999999998,53.65309999999906],[2.732499999999998,53.65309999999906],[2.732499999999998,53.61249999999906],[2.7933999999999983,53.61249999999906],[2.7933999999999983,53.57189999999906],[2.8339999999999996,53.57189999999906],[2.8542999999999985,53.409499999999056],[2.894899999999998,53.409499999999056],[2.9151999999999987,53.36889999999906],[3.036999999999999,53.36889999999906],[3.036999999999999,53.32829999999906],[3.118199999999998,53.32829999999906],[3.118199999999998,53.34859999999906],[3.1587999999999994,53.34859999999906],[3.1587999999999994,53.307999999999055],[3.199399999999997,53.307999999999055],[3.199399999999997,53.26739999999906],[3.2196999999999996,53.26739999999906],[3.2196999999999996,53.24709999999906],[3.3008999999999986,53.24709999999906],[3.3008999999999986,53.287699999999056],[3.3211999999999975,53.287699999999056],[3.3211999999999975,53.20649999999905],[3.422699999999999,53.20649999999905],[3.422699999999999,53.22679999999906],[3.442999999999998,53.22679999999906],[3.442999999999998,53.165899999999056],[3.5242000000000004,53.165899999999056],[3.5242000000000004,53.12529999999906],[3.5851000000000006,53.12529999999906],[3.5851000000000006,53.10499999999906],[3.6662999999999997,53.10499999999906],[3.6662999999999997,53.12529999999906],[3.7677999999999976,53.12529999999906],[3.7677999999999976,53.10499999999906],[3.8286999999999978,53.10499999999906],[3.8286999999999978,53.12529999999906],[3.849,53.12529999999906],[3.849,53.064399999999054],[3.9301999999999992,53.064399999999054],[3.950499999999998,53.10499999999906],[4.011399999999998,53.10499999999906],[4.011399999999998,53.08469999999906],[4.1129,53.08469999999906],[4.133199999999999,53.12529999999906],[4.2347,53.12529999999906],[4.254999999999999,53.165899999999056],[4.2956,53.165899999999056],[4.315899999999999,53.20649999999905],[4.3565000000000005,53.20649999999905],[4.3565000000000005,53.24709999999906],[4.417399999999997,53.24709999999906],[4.4376999999999995,53.287699999999056],[4.4986,53.287699999999056],[4.4986,53.32829999999906],[4.5595,53.32829999999906],[4.5595,53.34859999999906],[4.600099999999998,53.34859999999906],[4.600099999999998,53.36889999999906],[4.660999999999998,53.36889999999906],[4.660999999999998,53.409499999999056],[4.7422,53.409499999999056],[4.7422,53.450099999999054],[4.782799999999998,53.450099999999054],[4.803099999999997,53.49069999999906],[4.863999999999997,53.49069999999906],[4.863999999999997,53.51099999999906],[4.9045999999999985,53.51099999999906],[4.9045999999999985,53.53129999999906],[4.921899999999528,53.53129999999906],[4.9375,53.5625],[4.965499999999999,53.5625],[4.965499999999999,53.57189999999906],[5.026399999999999,53.57189999999906],[5.026399999999999,53.61249999999906],[5.0625,53.61249999999906],[5.0625,53.625],[5.087299999999999,53.625],[5.087299999999999,53.65309999999906],[5.107599999999998,53.65309999999906],[5.107599999999998,53.673399999999056],[5.148199999999999,53.673399999999056],[5.148199999999999,53.693699999999055],[5.209099999999999,53.693699999999055],[5.209099999999999,53.71399999999906],[5.229399999999998,53.71399999999906],[5.229399999999998,53.73429999999906],[5.27,53.73429999999906],[5.2902999999999984,53.77489999999906],[5.412099999999999,53.77489999999906],[5.412099999999999,53.795199999999056],[5.472999999999999,53.795199999999056],[5.472999999999999,53.815499999999055],[5.7775,53.815499999999055],[5.7775,53.77489999999906],[5.797799999999999,53.77489999999906],[5.797799999999999,53.75459999999906],[5.858699999999999,53.75459999999906],[5.858699999999999,53.795199999999056],[5.919599999999999,53.795199999999056],[5.919599999999999,53.815499999999055],[6.021099999999997,53.815499999999055],[6.021099999999997,53.85609999999906],[6.1023,53.85609999999906],[6.1023,53.89669999999906],[6.142899999999997,53.89669999999906],[6.142899999999997,53.91699999999906],[6.1625,53.91699999999906],[6.1625,54.150000000000915],[6.1736,54.150000000000915],[6.1736,53.550000000000914],[6.1625,53.550000000000914],[6.1625,53.57189999999906],[6.1225999999999985,53.57189999999906],[6.1225999999999985,53.551599999999056],[5.939899999999998,53.551599999999056],[5.939899999999998,53.47039999999906],[5.8993,53.47039999999906],[5.8993,53.53129999999906],[5.8125,53.53129999999906],[5.8125,53.5],[5.554199999999998,53.5],[5.554199999999998,53.450099999999054],[5.615099999999998,53.450099999999054],[5.594799999999999,53.409499999999056],[5.5136,53.409499999999056],[5.5136,53.429799999999055],[5.472999999999999,53.429799999999055],[5.472999999999999,53.4375],[5.25,53.4375],[5.25,53.375],[5.1279,53.375],[5.1279,53.36889999999906],[5.168499999999998,53.36889999999906],[5.168499999999998,53.32829999999906],[5.229399999999998,53.32829999999906],[5.229399999999998,53.287699999999056],[5.1888000000000005,53.287699999999056],[5.1888000000000005,53.26739999999906],[5.087299999999999,53.26739999999906],[5.087299999999999,53.287699999999056],[4.987599999999528,53.287699999999056],[4.9452,53.2029],[4.9452,53.14559999999906],[4.8125,53.14559999999906],[4.8125,53.125],[4.762499999999999,53.125],[4.762499999999999,53.10499999999906],[4.7399999999995295,53.10499999999906],[4.689249999999529,53.00349999999906],[4.843699999999998,53.00349999999906],[4.843699999999998,53.023799999999056],[4.863999999999997,53.023799999999056],[4.863999999999997,52.94259999999906],[4.701599999999999,52.94259999999906],[4.701599999999999,52.901999999999056],[4.6813,52.901999999999056],[4.6813,52.780199999999056],[4.640699999999999,52.780199999999056],[4.640699999999999,52.69899999999906],[4.6204,52.69899999999906],[4.6204,52.638099999999056],[4.579799999999999,52.638099999999056],[4.579799999999999,52.57719999999906],[4.5595,52.57719999999906],[4.5595,52.516299999999056],[4.579799999999999,52.516299999999056],[4.579799999999999,52.49599999999906],[4.5595,52.49599999999906],[4.5595,52.41479999999906],[4.518899999999999,52.41479999999906],[4.518899999999999,52.37419999999906],[4.4986,52.37419999999906],[4.4986,52.33359999999906],[4.457999999999998,52.33359999999906],[4.4376999999999995,52.25239999999906],[4.376799999999999,52.25239999999906],[4.376799999999999,52.21179999999906],[4.336199999999998,52.21179999999906],[4.336199999999998,52.150899999999055],[4.315899999999999,52.150899999999055],[4.315899999999999,52.130599999999056],[4.275299999999998,52.130599999999056],[4.254999999999999,52.08999999999906],[4.214399999999998,52.08999999999906],[4.214399999999998,52.04939999999905],[4.1534999999999975,52.04939999999905],[4.1534999999999975,52.008799999999056],[4.125,52.008799999999056],[4.183999999999999,52.00600000000287],[4.183999999999999,51.873000000002875],[4.177631589361686,51.873000000002875],[4.177631589361686,52.00441252454678],[3.0,52.00441252454678],[3.0,53.0],[0.1949999999999985,53.0],[0.1949999999999985,53.023799999999056],[0.2355999999999998,53.023799999999056],[0.2558999999999987,53.064399999999054],[0.2964999999999982,53.064399999999054],[0.3125,53.09639999999906],[0.3125,53.125],[0.3573999999999984,53.125],[0.3573999999999984,53.24709999999906]],[[2.5497999999999994,53.85609999999906],[2.6309999999999985,53.85609999999906],[2.6309999999999985,53.91699999999906],[2.5497999999999994,53.91699999999906],[2.5497999999999994,53.85609999999906]]],[[[6.1625,53.409499999999056],[6.081999999999997,53.409499999999056],[6.081999999999997,53.450099999999054],[6.1736,53.450099999999054],[6.1736,53.400000000000915],[6.1625,53.400000000000915],[6.1625,53.409499999999056]]],[[[9.493071,53.72500000000091],[9.5,53.72500000000091],[9.5,53.68750000000091],[9.493071,53.68750000000091],[9.493071,53.72500000000091]]],[[[37.3125,64.3125],[37.0,64.3125],[37.0,64.4375],[37.1875,64.4375],[37.1875,64.375],[37.3125,64.375],[37.3125,64.3125]]],[[[36.8125,64.6875],[36.8125,64.3125],[36.6875,64.3125],[36.6875,64.5],[36.4375,64.5],[36.4375,64.4375],[36.25,64.4375],[36.25,64.25],[36.3125,64.25],[36.3125,64.1875],[36.125,64.1875],[36.125,64.375],[35.9375,64.375],[35.9375,64.4375],[36.0,64.4375],[36.0,64.5],[36.125,64.5],[36.125,64.5625],[36.375,64.5625],[36.375,64.625],[36.5625,64.625],[36.5625,64.75],[36.6875,64.75],[36.6875,64.6875],[36.8125,64.6875]]],[[[35.125,65.0625],[35.3125,65.0625],[35.375,65.1875],[35.5625,65.1875],[35.5625,65.0625],[35.4375,65.0625],[35.4375,65.0],[35.1875,65.0],[35.1875,64.8125],[35.3125,64.8125],[35.3125,64.75],[35.0,64.75],[35.0,64.8125],[35.125,64.875],[35.125,65.0625]]],[[[36.5625,65.0],[36.5625,64.9375],[36.5,64.9375],[36.5,64.8125],[36.1875,64.8125],[36.1875,64.875],[36.0,64.875],[36.0,64.9375],[35.875,64.9375],[35.875,65.1875],[36.0,65.1875],[36.0,65.0625],[36.1875,65.0625],[36.1875,65.1875],[36.375,65.1875],[36.375,65.0625],[36.4375,65.0625],[36.4375,65.0],[36.5625,65.0]]],[[[34.9375,65.0],[34.8125,65.0],[34.8125,65.125],[35.125,65.125],[35.125,65.0625],[34.9375,65.0625],[34.9375,65.0]]],[[[12.75,67.875],[13.0,67.875],[13.0,67.8125],[12.875,67.8125],[12.875,67.75],[12.6875,67.75],[12.75,67.875]]],[[[23.0,70.3125],[23.0,70.375],[22.875,70.375],[22.875,70.5625],[23.0625,70.5625],[23.0625,70.3125],[23.0,70.3125]]],[[[19.75,74.4375],[19.6875,74.4375],[19.625,74.3125],[19.4375,74.3125],[19.4375,74.25],[19.3125,74.25],[19.3125,74.1875],[19.125,74.1875],[19.125,74.125],[18.875,74.125],[18.875,74.0625],[18.8125,74.0625],[18.8125,74.125],[18.6875,74.125],[18.6875,74.1875],[18.5625,74.1875],[18.5625,74.25],[18.4375,74.3125],[18.4375,74.5625],[18.625,74.5625],[18.625,74.6875],[18.8125,74.6875],[18.8125,74.625],[19.0,74.625],[19.0,74.6875],[19.125,74.6875],[19.125,74.75],[19.3125,74.75],[19.3125,74.8125],[19.6875,74.8125],[19.6875,75.0625],[19.3125,75.0625],[19.3125,75.0],[19.25,75.0],[19.25,75.0625],[18.5625,75.0625],[18.5625,75.1875],[18.1875,75.1875],[18.1875,75.2],[21.13125,75.2],[21.125,75.1875],[21.0,75.1875],[21.0,75.125],[20.875,75.125],[20.8125,75.0],[20.5625,75.0],[20.4375,74.75],[20.1875,74.75],[20.1875,74.6875],[20.0625,74.6875],[20.0625,74.625],[19.9375,74.625],[19.9375,74.5625],[19.8125,74.5625],[19.8125,74.5],[19.75,74.5],[19.75,74.4375]],[[19.0,74.5625],[19.0,74.375],[19.1875,74.375],[19.1875,74.5625],[19.0,74.5625]]]]}},{"type":"Feature","properties":{"status":"blocked","area_deg2":71.0},"geometry":{"type":"MultiPolygon","coordinates":[[[[-80.3125,52.3125],[-80.5,52.3125],[-80.5,52.375],[-80.625,52.375],[-80.625,52.4375],[-80.75,52.4375],[-80.75,52.5625],[-80.875,52.625],[-80.875,52.75],[-80.6875,52.75],[-80.6875,52.875],[-80.4375,52.875],[-80.4375,52.6875],[-80.375,52.6875],[-80.3125,52.5625],[-80.125,52.5625],[-80.125,52.1875],[-80.25,52.1875],[-80.3125,52.3125]]],[[[-80.3125,52.9375],[-80.4375,52.9375],[-80.4375,53.0625],[-80.1875,53.0625],[-80.1875,53.0],[-80.3125,53.0],[-80.3125,52.9375]]],[[[-81.875,53.4375],[-81.875,53.375],[-81.75,53.3125],[-81.75,53.1875],[-81.9375,53.1875],[-81.9375,53.0],[-81.75,53.0],[-81.75,52.8125],[-81.875,52.8125],[-81.875,52.75],[-81.9375,52.75],[-81.9375,52.8125],[-82.0,52.8125],[-82.0625,52.9375],[-82.25,52.9375],[-82.25,53.25],[-82.125,53.3125],[-82.125,53.5625],[-82.0,53.5625],[-82.0,53.5],[-81.9375,53.5],[-81.9375,53.4375],[-81.875,53.4375]]],[[[-81.75,55.1875],[-81.75,55.125],[-81.8125,55.125],[-81.8125,54.875],[-81.6875,54.875],[-81.6875,54.8125],[-81.9375,54.8125],[-81.9375,54.75],[-82.1875,54.75],[-82.1875,55.0625],[-82.25,55.0625],[-82.25,55.1875],[-82.5625,55.1875],[-82.625,55.3125],[-82.5625,55.3125],[-82.5,55.4375],[-82.125,55.4375],[-82.125,55.375],[-82.0,55.375],[-82.0,55.3125],[-81.8125,55.3125],[-81.8125,55.1875],[-81.75,55.1875]]],[[[-85.5,62.9375],[-85.5,63.0],[-85.625,63.0],[-85.625,63.0625],[-85.3125,63.0625],[-85.3125,63.0],[-85.1875,63.0],[-85.25,62.875],[-85.3125,62.875],[-85.3125,62.9375],[-85.5,62.9375]]],[[[-88.0625,63.75],[-88.0625,63.9375],[-88.125,63.9375],[-88.1875,64.0625],[-88.125,64.0625],[-88.125,64.125],[-88.0,64.125],[-87.9375,64.25],[-87.75,64.25],[-87.75,64.3125],[-87.6875,64.3125],[-87.6875,64.25],[-87.5625,64.25],[-87.5625,64.1875],[-87.1875,64.1875],[-87.1875,64.125],[-87.0,64.125],[-87.0,63.9375],[-87.125,63.9375],[-87.125,63.875],[-87.1875,63.875],[-87.1875,63.625],[-87.125,63.625],[-87.125,63.5625],[-87.0625,63.5625],[-87.0625,63.5],[-86.9375,63.4375],[-86.9375,63.3125],[-87.0,63.3125],[-87.0,63.25],[-87.4375,63.25],[-87.4375,63.3125],[-87.625,63.3125],[-87.625,63.5625],[-87.75,63.5625],[-87.8125,63.6875],[-88.0,63.6875],[-88.0,63.75],[-88.0625,63.75]]],[[[-87.125,65.3125],[-88.4375,65.3125],[-88.4375,65.375],[-88.5,65.375],[-88.5,65.4375],[-88.0625,65.4375],[-88.0625,65.375],[-87.125,65.375],[-87.125,65.3125]]],[[[-85.375,66.0],[-85.4375,65.875],[-85.5,65.875],[-85.5,65.9375],[-85.6875,65.9375],[-85.6875,65.875],[-85.8125,65.875],[-85.8125,65.8125],[-85.9375,65.8125],[-85.9375,65.75],[-86.0,65.75],[-86.0,65.625],[-86.0625,65.625],[-86.0625,65.5],[-86.5625,65.5],[-86.5625,65.625],[-86.625,65.625],[-86.5625,65.75],[-86.4375,65.75],[-86.4375,65.875],[-86.3125,65.875],[-86.3125,65.9375],[-86.25,65.9375],[-86.25,66.0],[-86.125,66.0],[-86.0625,66.125],[-85.3125,66.125],[-85.3125,66.1875],[-85.25,66.1875],[-85.25,66.25],[-85.1875,66.25],[-85.125,66.375],[-85.0625,66.375],[-85.0625,66.3125],[-84.875,66.3125],[-84.875,66.25],[-84.75,66.25],[-84.75,66.1875],[-84.5625,66.1875],[-84.5625,66.125],[-84.4375,66.125],[-84.375,66.0],[-84.1875,66.0],[-84.1875,65.875],[-84.125,65.875],[-84.125,65.8125],[-84.5,65.8125],[-84.5,65.75],[-84.625,65.75],[-84.625,65.8125],[-84.6875,65.8125],[-84.6875,65.875],[-84.75,65.875],[-84.75,65.9375],[-84.8125,65.9375],[-84.875,66.0625],[-85.125,66.0625],[-85.125,66.0],[-85.375,66.0]]],[[[-83.8125,66.0625],[-83.9375,66.0625],[-83.9375,66.125],[-83.625,66.125],[-83.625,66.0625],[-83.5,66.0625],[-83.5,65.9375],[-83.625,65.9375],[-83.625,66.0],[-83.8125,66.0],[-83.8125,66.0625]]],[[[-80.8125,66.4375],[-80.8125,66.375],[-81.0625,66.375],[-81.0625,66.4375],[-81.3125,66.4375],[-81.3125,66.5],[-81.5625,66.5],[-81.625,66.625],[-81.375,66.625],[-81.375,66.5625],[-80.9375,66.5625],[-80.9375,66.4375],[-80.8125,66.4375]]],[[[-81.5625,66.9375],[-81.625,67.0625],[-81.125,67.0625],[-81.125,67.25],[-81.0625,67.25],[-81.0625,67.0],[-81.1875,67.0],[-81.25,66.875],[-81.3125,66.875],[-81.3125,66.9375],[-81.5625,66.9375]]],[[[-87.0625,68.625],[-87.0625,68.5],[-86.6875,68.5],[-86.6875,68.4375],[-86.5625,68.4375],[-86.5625,68.3125],[-86.75,68.3125],[-86.75,68.25],[-86.875,68.25],[-86.875,68.1875],[-87.0,68.1875],[-87.0,68.125],[-87.625,68.125],[-87.625,68.0625],[-87.6875,68.0625],[-87.6875,68.125],[-88.0,68.125],[-88.0,68.1875],[-87.9375,68.1875],[-87.9375,68.25],[-87.8125,68.3125],[-87.8125,68.4375],[-87.75,68.4375],[-87.75,68.5],[-87.5625,68.5],[-87.5625,68.5625],[-87.125,68.5625],[-87.125,68.625],[-87.0625,68.625]]],[[[-113.5625,68.6875],[-113.5,68.6875],[-113.5,68.625],[-113.25,68.625],[-113.25,68.5625],[-113.5,68.5625],[-113.5,68.5],[-113.625,68.5],[-113.625,68.5625],[-114.0,68.5625],[-114.0,68.5],[-114.0625,68.5],[-114.0625,68.625],[-113.5625,68.625],[-113.5625,68.6875]]],[[[-101.1875,68.9375],[-100.8125,68.9375],[-100.8125,68.875],[-101.1875,68.875],[-101.1875,68.9375]]],[[[-100.0,69.0],[-100.0,69.0625],[-99.875,69.0625],[-99.875,69.125],[-99.5,69.125],[-99.5,69.0],[-99.8125,69.0],[-99.8125,68.9375],[-99.875,68.9375],[-99.875,69.0],[-100.0,69.0]]],[[[-88.1875,69.625],[-88.1875,69.5625],[-88.0625,69.5625],[-88.0625,69.375],[-88.0,69.375],[-88.0,69.125],[-88.125,69.125],[-88.125,69.0],[-88.1875,69.0],[-88.1875,69.125],[-88.3125,69.1875],[-88.3125,69.5],[-88.25,69.5],[-88.25,69.625],[-88.1875,69.625]]],[[[-90.125,69.4375],[-90.125,69.5625],[-90.3125,69.5625],[-90.3125,69.625],[-90.1875,69.625],[-90.1875,69.6875],[-90.0625,69.6875],[-90.0625,69.75],[-90.0,69.75],[-90.0,69.625],[-90.0625,69.625],[-90.0625,69.4375],[-90.125,69.4375]]],[[[-95.375,69.6875],[-95.125,69.6875],[-95.1875,69.5625],[-95.5,69.5625],[-95.5,69.625],[-95.625,69.625],[-95.625,69.75],[-95.375,69.75],[-95.375,69.6875]]],[[[-89.8125,69.875],[-89.8125,69.9375],[-89.75,69.9375],[-89.75,70.125],[-89.5625,70.125],[-89.5625,70.1875],[-89.4375,70.1875],[-89.4375,70.125],[-89.375,70.125],[-89.375,70.0625],[-89.3125,70.0625],[-89.25,69.9375],[-89.125,69.9375],[-89.125,69.875],[-89.25,69.875],[-89.25,69.8125],[-89.375,69.8125],[-89.375,69.625],[-89.3125,69.625],[-89.3125,69.5],[-89.25,69.5],[-89.1875,69.375],[-89.4375,69.375],[-89.4375,69.4375],[-89.5625,69.5],[-89.5625,69.5625],[-89.5,69.5625],[-89.5,69.75],[-89.6875,69.75],[-89.6875,69.8125],[-89.8125,69.875]]],[[[-91.3125,70.1875],[-91.5625,70.1875],[-91.5625,70.25],[-91.625,70.25],[-91.625,70.3125],[-91.125,70.3125],[-91.125,70.25],[-91.3125,70.25],[-91.3125,70.1875]]],[[[-90.3125,73.9375],[-90.3125,73.8125],[-90.375,73.8125],[-90.375,73.9375],[-90.4375,73.9375],[-90.4375,74.0625],[-90.3125,74.0625],[-90.3125,74.125],[-90.25,74.125],[-90.25,74.0625],[-90.125,74.0625],[-90.125,73.9375],[-90.3125,73.9375]]],[[[-99.8125,74.8125],[-100.125,74.8125],[-100.125,75.0625],[-100.0625,75.0625],[-100.0625,75.0],[-99.8125,75.0],[-99.8125,74.8125]]],[[[-96.9375,75.5],[-97.375,75.5],[-97.375,75.625],[-97.1875,75.625],[-97.1875,75.5625],[-96.9375,75.5625],[-96.9375,75.5]]],[[[-94.375,75.625],[-94.625,75.625],[-94.5625,75.75],[-94.375,75.75],[-94.375,75.625]]],[[[-94.8125,76.1875],[-94.6875,76.1875],[-94.625,76.0625],[-94.5,76.0625],[-94.5,76.0],[-94.8125,76.0],[-94.8125,75.8125],[-94.75,75.8125],[-94.75,75.75],[-94.875,75.75],[-94.875,75.625],[-94.9375,75.625],[-94.9375,75.75],[-95.0,75.75],[-95.0,75.8125],[-94.9375,75.8125],[-94.9375,76.0],[-95.0,76.0],[-95.0,76.0625],[-95.25,76.0625],[-95.25,76.25],[-95.375,76.25],[-95.375,76.3125],[-94.8125,76.3125],[-94.8125,76.1875]]],[[[-88.375,76.5],[-88.375,76.4375],[-88.875,76.4375],[-88.875,76.5],[-88.375,76.5]]],[[[-90.375,76.6875],[-90.375,76.625],[-90.25,76.625],[-90.25,76.5625],[-89.8125,76.5625],[-89.8125,76.6875],[-89.75,76.6875],[-89.6875,76.8125],[-89.5625,76.8125],[-89.5625,76.9375],[-89.5,76.9375],[-89.5,76.875],[-89.4375,76.875],[-89.4375,76.8125],[-89.5,76.8125],[-89.5,76.5625],[-89.375,76.5625],[-89.375,76.5],[-89.125,76.5],[-89.125,76.4375],[-89.0625,76.4375],[-89.0625,76.25],[-89.125,76.25],[-89.125,76.3125],[-89.5625,76.3125],[-89.5625,76.375],[-90.0625,76.375],[-90.0625,76.4375],[-90.3125,76.4375],[-90.3125,76.5],[-90.5,76.5],[-90.5,76.5625],[-90.6875,76.5625],[-90.6875,76.625],[-90.5625,76.625],[-90.5625,76.6875],[-90.4375,76.75],[-90.4375,76.6875],[-90.375,76.6875]]],[[[-80.5625,77.375],[-80.5625,77.3125],[-80.4375,77.3125],[-80.4375,77.25],[-80.75,77.25],[-80.6875,77.375],[-80.5625,77.375]]],[[[-115.4375,77.8125],[-115.4375,77.875],[-115.0625,77.875],[-115.0625,77.8125],[-115.4375,77.8125]]],[[[-72.0,41.125],[-72.125,41.125],[-72.125,41.1875],[-72.3125,41.1875],[-72.3125,41.125],[-72.5,41.125],[-72.5,41.0625],[-72.5625,41.0625],[-72.5625,41.125],[-72.625,41.125],[-72.625,41.25],[-72.5625,41.25],[-72.5625,41.3125],[-72.0,41.3125],[-72.0,41.125]]],[[[-79.9375,51.875],[-80.0,51.875],[-80.0,51.9375],[-80.125,52.0],[-80.125,52.1875],[-79.9375,52.1875],[-79.9375,52.125],[-79.6875,52.125],[-79.6875,52.0625],[-79.5625,52.0625],[-79.5625,51.9375],[-79.625,51.9375],[-79.625,51.875],[-79.875,51.875],[-79.875,51.8125],[-79.9375,51.8125],[-79.9375,51.875]]],[[[-79.25,52.125],[-79.1875,52.125],[-79.1875,52.1875],[-79.0625,52.1875],[-79.0625,52.125],[-79.0,52.125],[-79.0,52.0625],[-79.0625,52.0625],[-79.0625,51.9375],[-79.25,51.9375],[-79.25,52.125]]],[[[-79.5625,52.5625],[-79.5625,52.5],[-79.6875,52.5625],[-79.6875,52.625],[-79.375,52.625],[-79.375,52.5625],[-79.5625,52.5625]]],[[[-79.5625,53.25],[-79.625,53.25],[-79.625,53.3125],[-80.0625,53.3125],[-80.0625,53.375],[-79.5,53.375],[-79.5625,53.25]]],[[[-79.9375,55.75],[-80.125,55.75],[-80.125,55.9375],[-79.9375,55.9375],[-79.9375,55.875],[-79.8125,55.875],[-79.8125,55.625],[-79.875,55.625],[-79.875,55.5625],[-79.9375,55.5625],[-79.9375,55.75]]],[[[-78.8125,56.75],[-78.6875,56.75],[-78.6875,56.5],[-78.8125,56.5],[-78.8125,56.75]]],[[[-67.75,58.8125],[-67.75,58.75],[-67.5,58.75],[-67.5,58.875],[-67.375,58.875],[-67.3125,58.75],[-67.125,58.75],[-67.125,58.8125],[-66.9375,58.8125],[-66.9375,58.875],[-66.5625,58.875],[-66.5625,58.9375],[-66.25,58.9375],[-66.25,58.875],[-66.375,58.875],[-66.375,58.75],[-66.4375,58.75],[-66.5,58.625],[-66.625,58.625],[-66.625,58.5625],[-66.8125,58.5625],[-66.8125,58.5],[-67.0,58.5],[-67.0,58.4375],[-67.125,58.4375],[-67.125,58.375],[-67.1875,58.375],[-67.1875,58.4375],[-67.625,58.4375],[-67.625,58.5],[-67.75,58.5],[-67.75,58.5625],[-67.8125,58.5625],[-67.8125,58.6875],[-67.875,58.6875],[-67.875,58.75],[-68.0,58.75],[-68.0,58.8125],[-67.75,58.8125]]],[[[-69.0625,60.75],[-69.125,60.75],[-69.125,60.8125],[-69.25,60.8125],[-69.25,60.875],[-68.9375,60.875],[-68.9375,60.8125],[-69.0625,60.8125],[-69.0625,60.75]]],[[[-64.125,61.9375],[-64.4375,61.9375],[-64.4375,61.875],[-64.625,61.875],[-64.625,61.75],[-64.75,61.75],[-64.75,61.8125],[-64.875,61.8125],[-64.875,61.875],[-65.1875,61.875],[-65.1875,61.8125],[-65.3125,61.75],[-65.3125,61.5625],[-65.1875,61.5625],[-65.1875,61.5],[-65.0625,61.5],[-65.0625,61.4375],[-64.6875,61.4375],[-64.625,61.5625],[-64.4375,61.5625],[-64.4375,61.625],[-64.25,61.625],[-64.25,61.5625],[-64.125,61.5625],[-64.0625,61.4375],[-63.9375,61.4375],[-63.875,61.3125],[-63.75,61.3125],[-63.75,61.1875],[-63.6875,61.1875],[-63.6875,61.125],[-63.5625,61.125],[-63.5625,61.0],[-63.5,61.0],[-63.5,60.875],[-63.4375,60.875],[-63.4375,60.8125],[-63.5,60.8125],[-63.5,60.6875],[-63.5625,60.6875],[-63.5625,60.4375],[-63.5,60.4375],[-63.5,60.375],[-63.125,60.375],[-63.125,60.3125],[-62.8125,60.3125],[-62.8125,60.125],[-62.875,60.125],[-62.875,60.1875],[-63.4375,60.1875],[-63.4375,60.125],[-63.5625,60.125],[-63.5625,59.875],[-63.625,59.875],[-63.625,59.9375],[-63.875,59.9375],[-63.875,59.8125],[-64.0,59.8125],[-64.0,59.875],[-64.125,59.875],[-64.125,59.9375],[-63.9375,59.9375],[-63.9375,60.1875],[-64.375,60.1875],[-64.375,60.3125],[-64.4375,60.3125],[-64.4375,60.4375],[-64.625,60.4375],[-64.625,60.5],[-64.8125,60.5],[-64.8125,60.3125],[-64.875,60.3125],[-64.875,60.1875],[-64.9375,60.1875],[-65.0,60.0625],[-65.125,60.0625],[-65.1875,59.9375],[-65.375,59.9375],[-65.375,59.8125],[-65.4375,59.8125],[-65.4375,59.75],[-65.6875,59.75],[-65.6875,59.6875],[-65.75,59.6875],[-65.75,59.8125],[-65.8125,59.8125],[-65.8125,59.875],[-66.5625,59.875],[-66.5625,59.75],[-66.6875,59.75],[-66.6875,59.6875],[-67.125,59.6875],[-67.125,59.75],[-67.375,59.75],[-67.375,59.8125],[-67.5625,59.8125],[-67.5625,59.875],[-67.6875,59.875],[-67.6875,59.9375],[-67.875,59.9375],[-67.875,60.0],[-68.0,60.0],[-68.0,60.0625],[-68.0625,60.0625],[-68.0625,60.125],[-68.125,60.125],[-68.1875,60.25],[-68.5625,60.25],[-68.5625,60.375],[-68.625,60.375],[-68.625,60.4375],[-68.4375,60.4375],[-68.4375,60.375],[-68.3125,60.375],[-68.3125,60.3125],[-68.0,60.3125],[-68.0,60.375],[-67.875,60.375],[-67.875,60.5625],[-68.375,60.5625],[-68.375,60.625],[-68.25,60.625],[-68.25,60.75],[-68.125,60.75],[-68.125,60.8125],[-67.9375,60.8125],[-67.9375,60.75],[-67.8125,60.75],[-67.8125,60.6875],[-67.6875,60.6875],[-67.6875,60.625],[-66.625,60.625],[-66.625,60.6875],[-66.375,60.6875],[-66.375,60.75],[-65.5625,60.75],[-65.5625,60.9375],[-65.6875,61.0],[-65.6875,61.25],[-65.75,61.25],[-65.75,61.3125],[-65.375,61.3125],[-65.375,61.625],[-65.5625,61.625],[-65.5625,61.5625],[-65.625,61.5625],[-65.625,61.625],[-66.0,61.625],[-66.0,61.5],[-66.0625,61.5],[-66.0625,61.5625],[-66.5,61.5625],[-66.5,61.625],[-66.9375,61.625],[-67.0,61.75],[-67.125,61.75],[-67.125,61.8125],[-67.1875,61.8125],[-67.1875,62.0625],[-67.0,62.0625],[-67.0,62.0],[-66.625,62.0],[-66.625,61.9375],[-66.0625,61.9375],[-66.0625,62.0],[-66.0,62.0],[-66.0,62.125],[-65.8125,62.125],[-65.8125,62.1875],[-65.75,62.1875],[-65.75,62.125],[-65.3125,62.125],[-65.3125,62.375],[-65.375,62.375],[-65.375,62.4375],[-65.5,62.5],[-65.5,62.5625],[-65.4375,62.5625],[-65.375,62.6875],[-65.3125,62.6875],[-65.3125,62.625],[-65.1875,62.625],[-65.1875,62.375],[-65.0,62.375],[-65.0,62.4375],[-64.9375,62.4375],[-64.9375,62.5625],[-64.875,62.5625],[-64.8125,62.4375],[-64.5,62.4375],[-64.5,62.5625],[-64.4375,62.5625],[-64.4375,62.625],[-64.1875,62.625],[-64.1875,62.6875],[-64.125,62.6875],[-64.125,62.625],[-63.9375,62.625],[-63.9375,62.5625],[-63.875,62.5625],[-63.875,62.25],[-63.9375,62.25],[-63.9375,62.125],[-64.0,62.125],[-64.0,62.0],[-64.125,62.0],[-64.125,61.9375]]],[[[-71.25,61.625],[-71.4375,61.625],[-71.4375,61.5625],[-71.5625,61.5625],[-71.5625,61.6875],[-71.625,61.6875],[-71.625,61.75],[-71.375,61.75],[-71.375,61.8125],[-71.3125,61.8125],[-71.3125,61.6875],[-71.25,61.6875],[-71.25,61.625]]],[[[-71.25,62.6875],[-71.25,62.9375],[-71.1875,62.9375],[-71.125,62.8125],[-71.0,62.8125],[-71.0,62.6875],[-70.75,62.6875],[-70.75,62.625],[-70.625,62.625],[-70.625,62.5625],[-70.3125,62.5625],[-70.3125,62.6875],[-70.0625,62.6875],[-70.0625,62.5625],[-70.25,62.5625],[-70.25,62.5],[-70.4375,62.5],[-70.4375,62.375],[-70.5,62.375],[-70.5,62.4375],[-70.75,62.4375],[-70.75,62.375],[-70.8125,62.375],[-70.8125,62.4375],[-70.9375,62.4375],[-70.9375,62.5],[-71.1875,62.5],[-71.1875,62.6875],[-71.25,62.6875]]],[[[-74.6875,62.6875],[-74.6875,62.75],[-74.8125,62.75],[-74.8125,62.8125],[-74.9375,62.8125],[-74.9375,62.875],[-75.125,62.875],[-75.125,62.9375],[-75.25,62.9375],[-75.25,63.0],[-75.5,63.0],[-75.5,62.9375],[-75.625,62.9375],[-75.625,63.0],[-75.8125,63.0],[-75.8125,63.0625],[-75.75,63.0625],[-75.75,63.1875],[-75.6875,63.1875],[-75.625,63.0625],[-75.4375,63.0625],[-75.4375,63.125],[-75.125,63.125],[-75.125,63.3125],[-75.0625,63.3125],[-75.0625,63.125],[-74.75,63.125],[-74.75,63.1875],[-74.625,63.1875],[-74.625,63.0625],[-74.4375,63.0625],[-74.4375,62.9375],[-74.3125,62.9375],[-74.3125,62.875],[-73.625,62.875],[-73.625,62.6875],[-73.5625,62.6875],[-73.5625,62.5625],[-73.375,62.5625],[-73.375,62.5],[-73.5,62.5],[-73.5,62.4375],[-73.5625,62.4375],[-73.5625,62.5],[-73.8125,62.5],[-73.8125,62.4375],[-74.1875,62.4375],[-74.1875,62.375],[-74.25,62.375],[-74.25,62.5],[-74.4375,62.5],[-74.4375,62.6875],[-74.6875,62.6875]]],[[[-68.0,63.375],[-68.0,63.4375],[-67.875,63.4375],[-67.875,63.5],[-67.75,63.5],[-67.75,63.4375],[-67.625,63.4375],[-67.6875,63.3125],[-67.8125,63.3125],[-67.8125,63.1875],[-68.125,63.1875],[-68.125,63.25],[-68.1875,63.25],[-68.25,63.375],[-68.0,63.375]]],[[[-72.125,63.5],[-72.3125,63.5],[-72.375,63.625],[-72.125,63.625],[-72.125,63.6875],[-71.8125,63.6875],[-71.8125,63.625],[-71.6875,63.625],[-71.6875,63.5625],[-71.625,63.5625],[-71.625,63.4375],[-71.8125,63.4375],[-71.8125,63.375],[-72.0,63.375],[-72.0,63.4375],[-72.125,63.4375],[-72.125,63.5]]],[[[-80.1875,63.875],[-80.25,63.875],[-80.25,63.9375],[-80.0,63.9375],[-80.0,64.0],[-79.875,64.0],[-79.875,63.6875],[-80.1875,63.6875],[-80.1875,63.875]]],[[[-75.1875,64.0],[-75.0625,63.9375],[-75.0625,63.8125],[-75.25,63.8125],[-75.25,64.0],[-75.3125,64.0],[-75.3125,64.0625],[-75.1875,64.0625],[-75.1875,64.0]]],[[[-73.875,64.125],[-73.8125,64.25],[-73.625,64.25],[-73.625,64.125],[-73.875,64.125]]],[[[-74.9375,64.3125],[-75.9375,64.3125],[-75.9375,64.375],[-75.8125,64.375],[-75.8125,64.4375],[-75.625,64.4375],[-75.625,64.375],[-74.9375,64.375],[-74.9375,64.3125]]],[[[-67.625,65.9375],[-67.3125,65.9375],[-67.3125,65.8125],[-67.25,65.8125],[-67.25,65.5625],[-67.5,65.6875],[-67.5,65.875],[-67.625,65.875],[-67.625,65.9375]]],[[[-73.8125,68.1875],[-74.0,68.1875],[-74.0,68.125],[-74.25,68.125],[-74.25,68.1875],[-74.5625,68.1875],[-74.5625,68.125],[-74.625,68.125],[-74.625,67.875],[-74.5,67.875],[-74.5,67.8125],[-74.6875,67.8125],[-74.6875,67.625],[-74.625,67.625],[-74.625,67.5625],[-74.5625,67.5625],[-74.5,67.4375],[-74.375,67.4375],[-74.375,67.375],[-74.1875,67.375],[-74.1875,67.3125],[-73.75,67.3125],[-73.75,67.25],[-73.5,67.25],[-73.5,67.1875],[-73.3125,67.1875],[-73.3125,67.125],[-72.8125,67.125],[-72.8125,67.0],[-72.875,67.0],[-72.875,66.875],[-73.0625,66.875],[-73.0625,66.8125],[-73.125,66.8125],[-73.1875,66.6875],[-73.3125,66.6875],[-73.3125,66.625],[-73.4375,66.625],[-73.4375,66.5625],[-73.5625,66.5625],[-73.5625,66.5],[-73.6875,66.5],[-73.6875,66.4375],[-73.875,66.4375],[-73.875,66.375],[-74.0,66.375],[-74.0,66.3125],[-74.25,66.3125],[-74.25,66.25],[-74.3125,66.25],[-74.3125,66.0625],[-74.25,66.0625],[-74.25,66.0],[-74.3125,66.0],[-74.375,65.875],[-74.625,65.875],[-74.625,65.8125],[-74.8125,65.8125],[-74.8125,65.625],[-74.625,65.625],[-74.625,65.4375],[-75.0,65.4375],[-75.0,65.375],[-75.0625,65.375],[-75.0625,65.4375],[-75.4375,65.4375],[-75.5,65.3125],[-75.875,65.3125],[-75.875,65.375],[-76.5,65.375],[-76.5,65.4375],[-77.0,65.4375],[-77.0,65.5],[-77.25,65.5],[-77.25,65.4375],[-77.4375,65.4375],[-77.5,65.3125],[-77.875,65.3125],[-77.875,65.1875],[-77.9375,65.1875],[-77.9375,65.0625],[-78.0,65.0625],[-78.0,65.0],[-78.125,64.9375],[-78.125,64.5625],[-78.0,64.5625],[-77.9375,64.4375],[-77.75,64.4375],[-77.75,64.375],[-77.625,64.375],[-77.625,64.3125],[-77.125,64.3125],[-77.125,64.25],[-77.0,64.25],[-77.0,64.1875],[-76.8125,64.1875],[-76.8125,64.3125],[-76.5,64.3125],[-76.5,64.25],[-76.375,64.25],[-76.375,64.1875],[-76.0,64.1875],[-76.0,64.125],[-75.8125,64.125],[-75.8125,63.875],[-75.875,63.875],[-75.9375,63.75],[-76.25,63.75],[-76.25,63.6875],[-76.4375,63.6875],[-76.4375,63.625],[-76.5,63.625],[-76.5,63.4375],[-76.4375,63.4375],[-76.4375,63.375],[-76.3125,63.375],[-76.3125,63.3125],[-76.1875,63.3125],[-76.1875,63.25],[-76.0625,63.25],[-76.0625,63.1875],[-76.375,63.1875],[-76.375,63.25],[-77.3125,63.25],[-77.3125,63.0],[-77.1875,63.0],[-77.1875,62.9375],[-77.25,62.9375],[-77.25,62.8125],[-77.375,62.75],[-77.375,62.625],[-77.5,62.625],[-77.5,62.5625],[-77.5625,62.5625],[-77.5625,62.625],[-77.875,62.625],[-77.875,62.5625],[-78.0,62.5625],[-78.0,62.4375],[-78.25,62.4375],[-78.25,62.5],[-78.625,62.5],[-78.625,62.5625],[-78.4375,62.5625],[-78.4375,62.625],[-78.1875,62.625],[-78.1875,62.9375],[-78.25,62.9375],[-78.25,63.25],[-78.125,63.25],[-78.125,63.1875],[-77.9375,63.1875],[-77.9375,63.125],[-77.75,63.125],[-77.75,63.1875],[-77.5,63.1875],[-77.5,63.375],[-77.625,63.375],[-77.625,63.4375],[-77.8125,63.4375],[-77.8125,63.5],[-78.5625,63.5],[-78.5625,63.8125],[-78.6875,63.8125],[-78.6875,63.9375],[-78.75,63.9375],[-78.75,64.0],[-78.875,64.0],[-78.875,64.125],[-79.0,64.125],[-79.0,64.1875],[-79.25,64.1875],[-79.25,64.125],[-79.3125,64.125],[-79.3125,64.1875],[-79.5,64.1875],[-79.5,64.0625],[-79.625,64.0625],[-79.625,64.0],[-79.8125,64.0],[-79.75,64.125],[-79.5625,64.125],[-79.5625,64.3125],[-79.75,64.3125],[-79.75,64.4375],[-79.5625,64.4375],[-79.5,64.5625],[-79.3125,64.5625],[-79.3125,64.625],[-79.25,64.625],[-79.25,64.8125],[-79.6875,64.8125],[-79.6875,64.875],[-79.875,64.875],[-79.875,64.9375],[-80.1875,64.9375],[-80.1875,65.0],[-80.125,65.0],[-80.125,65.25],[-80.1875,65.25],[-80.1875,65.3125],[-80.3125,65.3125],[-80.3125,65.375],[-80.1875,65.375],[-80.1875,65.5625],[-80.25,65.5625],[-80.25,65.625],[-80.0,65.625],[-80.0,65.8125],[-80.0625,65.8125],[-80.0625,65.875],[-80.1875,65.875],[-80.1875,66.0],[-80.25,66.0],[-80.25,66.0625],[-80.125,66.0625],[-80.125,66.1875],[-79.875,66.1875],[-79.875,66.25],[-79.75,66.25],[-79.75,66.3125],[-79.6875,66.3125],[-79.6875,66.4375],[-79.625,66.4375],[-79.625,66.625],[-79.375,66.625],[-79.375,66.6875],[-79.1875,66.6875],[-79.1875,66.625],[-79.0,66.625],[-79.0,66.8125],[-79.0625,66.8125],[-79.0625,66.875],[-79.3125,66.875],[-79.3125,66.9375],[-79.5,66.9375],[-79.5,67.0],[-79.625,67.0],[-79.625,67.0625],[-78.5,67.0625],[-78.5,67.0],[-78.0625,67.0],[-78.0625,67.1875],[-78.125,67.1875],[-78.125,67.25],[-78.25,67.25],[-78.25,67.3125],[-78.4375,67.3125],[-78.4375,67.375],[-78.5,67.375],[-78.5,67.4375],[-78.375,67.4375],[-78.375,67.625],[-78.5625,67.625],[-78.5625,67.6875],[-78.6875,67.6875],[-78.6875,68.0625],[-78.75,68.0625],[-78.75,68.125],[-78.875,68.125],[-78.875,68.375],[-79.125,68.375],[-79.125,68.3125],[-79.4375,68.3125],[-79.4375,68.25],[-79.5,68.25],[-79.5,68.3125],[-80.3125,68.3125],[-80.3125,68.375],[-80.0625,68.375],[-80.0625,68.4375],[-80.0,68.4375],[-80.0,68.375],[-79.8125,68.375],[-79.75,68.5],[-79.625,68.5],[-79.625,68.6875],[-79.25,68.6875],[-79.25,68.875],[-79.0625,68.875],[-79.0625,68.9375],[-78.8125,68.9375],[-78.8125,69.0],[-78.6875,69.0],[-78.6875,69.0625],[-78.625,69.0625],[-78.625,69.0],[-78.5,69.0],[-78.5,68.9375],[-78.4375,68.9375],[-78.4375,68.875],[-78.375,68.875],[-78.3125,68.75],[-78.5625,68.75],[-78.5625,68.6875],[-78.8125,68.6875],[-78.8125,68.5],[-78.5625,68.5],[-78.5625,68.5625],[-78.5,68.5625],[-78.5,68.5],[-78.0,68.5],[-78.0,68.5625],[-77.5,68.5625],[-77.5,68.625],[-76.9375,68.625],[-76.9375,68.6875],[-76.8125,68.6875],[-76.8125,68.75],[-76.6875,68.75],[-76.6875,68.8125],[-76.625,68.8125],[-76.625,69.0],[-76.9375,69.0],[-76.9375,69.0625],[-77.0,69.0625],[-77.0,69.125],[-76.875,69.125],[-76.875,69.1875],[-76.6875,69.1875],[-76.6875,69.125],[-76.4375,69.125],[-76.4375,69.0625],[-76.5625,69.0625],[-76.5625,68.75],[-75.8125,68.75],[-75.8125,68.8125],[-75.75,68.8125],[-75.75,68.875],[-75.625,68.875],[-75.625,68.8125],[-75.375,68.8125],[-75.375,68.75],[-75.25,68.75],[-75.25,68.6875],[-75.3125,68.6875],[-75.3125,68.5],[-75.1875,68.5],[-75.1875,68.4375],[-75.0,68.4375],[-75.0,68.375],[-74.8125,68.375],[-74.8125,68.4375],[-74.3125,68.4375],[-74.25,68.3125],[-73.8125,68.3125],[-73.8125,68.1875]],[[-79.125,68.625],[-79.125,68.4375],[-78.875,68.4375],[-78.875,68.625],[-79.125,68.625]],[[-76.8125,67.3125],[-76.8125,67.25],[-76.125,67.25],[-76.125,67.3125],[-75.625,67.3125],[-75.625,67.375],[-75.3125,67.375],[-75.3125,67.4375],[-75.1875,67.4375],[-75.1875,67.5],[-75.0625,67.5625],[-75.0625,67.9375],[-75.0,67.9375],[-75.0,68.0],[-74.875,68.0],[-74.875,68.1875],[-75.0625,68.1875],[-75.0625,68.25],[-75.25,68.25],[-75.25,68.3125],[-75.625,68.3125],[-75.625,68.375],[-76.0625,68.375],[-76.0625,68.3125],[-76.625,68.3125],[-76.625,68.25],[-76.75,68.25],[-76.75,68.1875],[-76.875,68.1875],[-76.9375,68.0625],[-77.0,68.0625],[-77.0625,67.9375],[-77.1875,67.9375],[-77.3125,67.6875],[-77.6875,67.6875],[-77.6875,67.75],[-78.0625,67.75],[-78.0625,67.6875],[-78.125,67.6875],[-78.125,67.375],[-78.0,67.375],[-78.0,67.3125],[-77.4375,67.3125],[-77.4375,67.375],[-77.25,67.375],[-77.25,67.4375],[-77.125,67.4375],[-77.0625,67.3125],[-76.8125,67.3125]],[[-76.6875,63.4375],[-76.6875,63.625],[-76.8125,63.625],[-76.8125,63.6875],[-77.125,63.6875],[-77.125,63.5],[-77.0,63.5],[-77.0,63.4375],[-76.6875,63.4375]]],[[[-72.6875,66.75],[-72.0,66.75],[-72.0,66.6875],[-72.6875,66.6875],[-72.6875,66.75]]],[[[-72.875,68.0],[-72.8125,68.0],[-72.8125,67.9375],[-72.6875,67.875],[-72.6875,67.75],[-72.625,67.75],[-72.625,67.6875],[-73.125,67.6875],[-73.125,67.75],[-73.375,67.75],[-73.375,67.8125],[-73.5,67.8125],[-73.5,68.0],[-73.5625,68.0],[-73.5625,68.0625],[-73.5,68.0625],[-73.5,68.125],[-73.375,68.125],[-73.375,68.1875],[-73.25,68.1875],[-73.25,68.0625],[-72.875,68.0625],[-72.875,68.0]]],[[[-80.9375,68.875],[-80.625,68.875],[-80.625,68.9375],[-80.5625,68.9375],[-80.5625,69.0],[-80.4375,69.0],[-80.4375,69.0625],[-80.25,69.0625],[-80.25,69.0],[-79.9375,69.0],[-79.9375,69.1875],[-79.1875,69.1875],[-79.1875,69.125],[-79.125,69.125],[-79.125,69.0625],[-79.25,69.0625],[-79.25,68.9375],[-79.6875,68.9375],[-79.6875,69.0],[-79.875,69.0],[-79.875,68.9375],[-80.1875,68.9375],[-80.1875,68.8125],[-80.6875,68.8125],[-80.6875,68.75],[-80.75,68.75],[-80.75,68.5625],[-80.6875,68.5625],[-80.6875,68.5],[-81.3125,68.5],[-81.3125,68.5625],[-81.4375,68.5625],[-81.4375,68.625],[-81.25,68.625],[-81.25,68.875],[-81.0,68.875],[-81.0,68.9375],[-80.9375,68.9375],[-80.9375,68.875]]],[[[-78.125,69.0625],[-78.125,69.125],[-77.875,69.125],[-77.875,69.1875],[-77.8125,69.1875],[-77.8125,69.125],[-77.6875,69.125],[-77.6875,69.0625],[-78.125,69.0625]]],[[[-79.0625,69.75],[-79.0625,69.6875],[-78.75,69.6875],[-78.75,69.5],[-78.375,69.5],[-78.375,69.375],[-78.75,69.375],[-78.75,69.4375],[-78.8125,69.4375],[-78.8125,69.5625],[-79.0,69.5625],[-79.0,69.625],[-79.1875,69.625],[-79.1875,69.75],[-79.0625,69.75]]],[[[-72.125,77.4375],[-71.6875,77.4375],[-71.6875,77.375],[-72.125,77.375],[-72.125,77.4375]]],[[[-71.375,77.4375],[-71.375,77.5],[-71.0,77.5],[-71.0,77.4375],[-71.375,77.4375]]],[[[-66.875,80.5625],[-66.875,80.6875],[-67.0625,80.6875],[-67.0625,80.75],[-66.75,80.75],[-66.75,80.625],[-66.5625,80.625],[-66.5625,80.6875],[-66.4375,80.6875],[-66.5,80.5625],[-66.875,80.5625]]],[[[115.25,-21.0625],[115.375,-21.0],[115.375,-20.6875],[115.5,-20.625],[115.5,-20.3125],[115.625,-20.3125],[115.625,-20.5],[115.5625,-20.5],[115.5625,-20.6875],[115.5,-20.6875],[115.5,-21.125],[115.5625,-21.125],[115.5625,-21.25],[115.4375,-21.25],[115.4375,-21.125],[115.25,-21.125],[115.25,-21.0625]]],[[[117.0625,-20.3125],[117.0625,-20.4375],[116.875,-20.4375],[116.875,-20.3125],[117.0625,-20.3125]]],[[[124.9375,-15.3125],[124.8125,-15.3125],[124.8125,-15.125],[124.5625,-15.125],[124.5625,-15.3125],[124.6875,-15.3125],[124.6875,-15.375],[124.5,-15.375],[124.5,-15.5625],[124.4375,-15.5625],[124.4375,-15.8125],[124.5,-15.8125],[124.5625,-15.9375],[124.5,-15.9375],[124.5,-16.0],[124.3125,-16.0],[124.3125,-16.1875],[124.4375,-16.1875],[124.4375,-16.25],[124.5625,-16.25],[124.625,-16.375],[124.3125,-16.375],[124.3125,-16.3125],[124.1875,-16.3125],[124.1875,-16.25],[123.6875,-16.25],[123.6875,-16.6875],[123.8125,-16.75],[123.8125,-16.9375],[123.6875,-16.9375],[123.6875,-17.0],[123.625,-17.0],[123.625,-17.1875],[123.5625,-17.1875],[123.5625,-17.25],[123.4375,-17.25],[123.4375,-17.1875],[123.375,-17.1875],[123.375,-17.0625],[123.3125,-17.0625],[123.3125,-16.9375],[123.1875,-16.875],[123.1875,-16.75],[123.125,-16.75],[123.125,-16.625],[123.0625,-16.625],[123.0625,-16.5],[122.75,-16.5],[122.75,-16.5625],[122.5,-16.5625],[122.5,-16.625],[122.375,-16.6875],[122.375,-17.0625],[122.3125,-17.0625],[122.3125,-17.125],[122.25,-17.125],[122.1875,-17.25],[122.125,-17.25],[122.125,-17.1875],[121.9375,-17.1875],[121.9375,-17.25],[121.875,-17.25],[121.875,-17.375],[121.75,-17.4375],[121.75,-17.625],[122.0625,-17.625],[122.0625,-17.75],[122.1875,-17.75],[122.1875,-17.8125],[122.3125,-17.8125],[122.3125,-17.875],[122.25,-17.875],[122.25,-18.0],[122.1875,-18.0],[122.1875,-18.0625],[122.125,-18.0625],[122.0625,-18.1875],[121.8125,-18.1875],[121.8125,-18.3125],[121.75,-18.3125],[121.75,-18.125],[121.5625,-18.125],[121.5625,-18.1875],[121.5,-18.1875],[121.5,-18.25],[121.4375,-18.25],[121.4375,-18.3125],[121.375,-18.3125],[121.375,-18.375],[121.25,-18.4375],[121.25,-18.625],[121.625,-18.625],[121.625,-18.6875],[121.5625,-18.6875],[121.5625,-18.9375],[121.4375,-18.9375],[121.4375,-19.0],[121.375,-19.0],[121.375,-19.0625],[121.25,-19.0625],[121.25,-19.125],[121.1875,-19.125],[121.1875,-19.1875],[121.125,-19.1875],[121.125,-19.25],[121.0625,-19.25],[121.0,-19.375],[120.875,-19.375],[120.8125,-19.5],[120.625,-19.5],[120.625,-19.5625],[120.5,-19.5625],[120.5,-19.625],[120.375,-19.625],[120.375,-19.5625],[120.4375,-19.5625],[120.4375,-19.5],[120.5625,-19.4375],[120.5625,-19.25],[120.1875,-19.25],[120.1875,-19.3125],[120.0625,-19.3125],[120.0625,-19.375],[119.9375,-19.375],[119.9375,-19.4375],[119.8125,-19.4375],[119.75,-19.5625],[119.625,-19.5625],[119.625,-19.6875],[119.5625,-19.6875],[119.5625,-19.75],[119.4375,-19.75],[119.4375,-19.8125],[119.125,-19.8125],[119.125,-19.875],[119.0,-19.875],[119.0,-19.9375],[118.9375,-19.9375],[118.9375,-20.0625],[118.875,-20.0625],[118.875,-20.125],[118.8125,-20.125],[118.75,-20.25],[118.6875,-20.25],[118.625,-20.125],[118.25,-20.125],[118.25,-19.9375],[118.3125,-19.9375],[118.3125,-19.625],[118.4375,-19.625],[118.5,-19.5],[118.75,-19.5],[118.75,-19.4375],[118.875,-19.4375],[118.875,-19.375],[119.0,-19.3125],[119.0,-19.1875],[119.125,-19.1875],[119.125,-19.125],[119.1875,-19.125],[119.25,-19.0],[119.4375,-19.0],[119.4375,-18.9375],[119.5625,-18.9375],[119.5625,-18.875],[119.6875,-18.875],[119.6875,-18.8125],[119.8125,-18.8125],[119.8125,-18.75],[119.9375,-18.75],[119.9375,-18.6875],[120.0625,-18.6875],[120.0625,-18.25],[120.1875,-18.25],[120.1875,-18.1875],[120.25,-18.1875],[120.25,-18.125],[120.375,-18.0625],[120.375,-17.9375],[120.4375,-17.9375],[120.4375,-17.8125],[120.5,-17.8125],[120.5,-17.6875],[120.5625,-17.6875],[120.5625,-17.5625],[120.625,-17.5625],[120.625,-17.5],[120.6875,-17.5],[120.6875,-17.4375],[120.8125,-17.375],[120.8125,-17.25],[120.875,-17.25],[120.875,-17.1875],[120.9375,-17.1875],[120.9375,-17.0625],[121.0625,-17.0],[121.0625,-16.75],[121.125,-16.75],[121.125,-16.625],[121.1875,-16.625],[121.1875,-16.4375],[121.0625,-16.4375],[121.0625,-16.0],[121.125,-16.0],[121.125,-15.875],[121.1875,-15.875],[121.1875,-16.1875],[121.25,-16.1875],[121.25,-16.3125],[121.4375,-16.3125],[121.4375,-15.625],[121.5625,-15.5625],[121.5625,-15.4375],[121.625,-15.4375],[121.625,-15.3125],[121.75,-15.25],[121.75,-15.125],[121.8125,-15.125],[121.8125,-15.0625],[121.875,-15.0625],[121.875,-15.0],[121.9375,-15.0],[122.0,-14.875],[122.125,-14.875],[122.125,-14.8125],[122.25,-14.8125],[122.3125,-14.6875],[122.4375,-14.6875],[122.4375,-14.625],[122.5625,-14.625],[122.5625,-14.5625],[122.6875,-14.5625],[122.6875,-14.5],[122.75,-14.5],[122.8125,-14.375],[122.875,-14.375],[122.875,-14.4375],[123.0625,-14.4375],[123.0625,-14.375],[123.1875,-14.375],[123.1875,-14.3125],[123.3125,-14.3125],[123.375,-14.1875],[123.5,-14.1875],[123.5,-14.125],[123.6875,-14.125],[123.6875,-14.0625],[123.9375,-14.0625],[123.9375,-14.0],[124.0,-14.0],[124.0,-14.125],[124.0625,-14.125],[124.0625,-14.25],[124.125,-14.25],[124.125,-14.3125],[124.9375,-14.3125],[124.9375,-14.375],[125.1875,-14.375],[125.1875,-14.4375],[125.3125,-14.4375],[125.3125,-14.5],[125.375,-14.5],[125.375,-14.5625],[125.25,-14.625],[125.25,-14.8125],[125.3125,-14.8125],[125.3125,-15.0],[125.25,-15.0],[125.25,-15.0625],[125.1875,-15.0625],[125.1875,-15.0],[125.0,-15.0],[125.0,-15.25],[125.0625,-15.25],[125.0,-15.375],[124.9375,-15.375],[124.9375,-15.3125]]],[[[136.4375,-13.9375],[136.3125,-14.0],[136.3125,-14.0625],[136.1875,-14.0],[136.1875,-13.8125],[136.3125,-13.8125],[136.3125,-13.625],[136.5625,-13.625],[136.5625,-13.6875],[136.4375,-13.75],[136.4375,-13.9375]]],[[[129.5625,-13.9375],[129.5625,-14.125],[129.4375,-14.1875],[129.4375,-14.4375],[129.5,-14.4375],[129.5,-14.5],[129.625,-14.5],[129.625,-14.625],[129.6875,-14.625],[129.6875,-14.75],[129.625,-14.75],[129.5625,-14.875],[129.1875,-14.875],[129.1875,-14.9375],[129.125,-14.9375],[129.125,-14.875],[129.0,-14.875],[129.0,-14.8125],[128.8125,-14.8125],[128.8125,-14.75],[128.625,-14.75],[128.625,-14.6875],[128.4375,-14.6875],[128.4375,-14.875],[128.1875,-14.875],[128.1875,-14.625],[128.125,-14.625],[128.125,-14.5625],[128.0625,-14.5625],[128.0,-14.4375],[127.875,-14.4375],[127.875,-14.3125],[127.8125,-14.3125],[127.8125,-14.25],[127.75,-14.25],[127.75,-14.1875],[127.6875,-14.1875],[127.6875,-14.125],[127.625,-14.125],[127.625,-14.0625],[127.5625,-14.0625],[127.5625,-14.0],[127.5,-14.0],[127.4375,-13.875],[127.3125,-13.875],[127.3125,-13.8125],[127.0625,-13.8125],[127.0625,-13.75],[126.8125,-13.75],[126.8125,-13.875],[126.5625,-13.875],[126.5625,-13.9375],[126.4375,-13.9375],[126.4375,-14.0],[126.375,-14.0],[126.375,-13.9375],[126.0625,-13.9375],[126.0625,-14.0625],[125.9375,-14.0625],[125.9375,-14.125],[125.75,-14.125],[125.75,-14.0625],[125.6875,-14.0625],[125.6875,-13.9375],[125.5625,-13.9375],[125.5625,-13.875],[125.6875,-13.875],[125.6875,-13.5625],[125.625,-13.5625],[125.625,-13.3125],[125.9375,-13.3125],[125.9375,-13.0625],[126.0,-13.0625],[126.0,-12.9375],[126.125,-12.9375],[126.1875,-12.8125],[126.25,-12.8125],[126.25,-12.875],[126.4375,-12.875],[126.4375,-12.9375],[126.5,-12.9375],[126.5,-13.0625],[126.75,-13.0625],[126.75,-13.0],[127.25,-13.0],[127.25,-12.9375],[127.3125,-12.9375],[127.3125,-12.75],[127.4375,-12.6875],[127.4375,-12.75],[127.5,-12.75],[127.5,-12.8125],[127.625,-12.875],[127.625,-13.0],[127.6875,-13.0],[127.6875,-13.125],[127.75,-13.125],[127.75,-13.25],[127.8125,-13.25],[127.8125,-13.5625],[128.25,-13.5625],[128.25,-13.625],[128.5,-13.625],[128.5,-13.5625],[128.6875,-13.5625],[128.6875,-13.5],[128.9375,-13.5],[128.9375,-13.5625],[129.4375,-13.5625],[129.4375,-13.5],[129.5625,-13.5],[129.5625,-13.875],[129.625,-13.875],[129.625,-13.9375],[129.5625,-13.9375]]],[[[136.0,-12.125],[136.0,-12.0625],[136.0625,-12.0625],[136.125,-11.9375],[136.25,-11.9375],[136.25,-12.1875],[136.1875,-12.1875],[136.1875,-12.25],[136.0625,-12.25],[136.0625,-12.125],[136.0,-12.125]]],[[[134.875,-12.0625],[134.75,-12.0],[134.75,-11.875],[135.0,-11.875],[135.0,-11.8125],[135.125,-11.8125],[135.125,-11.9375],[135.0,-11.9375],[135.0,-12.0],[134.875,-12.0],[134.875,-12.0625]]],[[[136.5,-11.9375],[136.4375,-11.9375],[136.4375,-11.75],[136.5,-11.75],[136.5,-11.6875],[136.625,-11.6875],[136.625,-11.875],[136.5,-11.875],[136.5,-11.9375]]],[[[131.125,-12.125],[131.0625,-12.25],[130.875,-12.25],[130.875,-12.375],[130.8125,-12.375],[130.8125,-12.4375],[130.5,-12.4375],[130.5,-12.6875],[130.375,-12.6875],[130.375,-12.5625],[130.3125,-12.5625],[130.3125,-12.4375],[130.25,-12.4375],[130.25,-12.375],[130.125,-12.375],[130.125,-12.25],[129.8125,-12.25],[129.8125,-12.0625],[129.75,-12.0625],[129.75,-11.9375],[129.6875,-11.9375],[129.6875,-11.875],[129.5625,-11.8125],[129.5625,-11.5625],[129.5,-11.5625],[129.5,-11.375],[129.4375,-11.375],[129.4375,-11.3125],[129.625,-11.3125],[129.625,-11.25],[129.75,-11.25],[129.75,-11.125],[129.9375,-11.125],[129.9375,-11.0625],[130.0625,-11.0625],[130.0625,-11.0],[130.25,-11.0],[130.25,-11.0625],[130.4375,-11.0625],[130.4375,-11.1875],[130.375,-11.1875],[130.375,-11.25],[130.3125,-11.25],[130.3125,-11.375],[130.25,-11.375],[130.25,-11.5625],[130.125,-11.5625],[130.125,-11.75],[130.4375,-11.75],[130.4375,-11.8125],[130.625,-11.8125],[130.625,-11.75],[130.6875,-11.75],[130.6875,-11.8125],[130.875,-11.8125],[130.875,-11.875],[131.0625,-11.875],[131.0625,-11.8125],[131.1875,-11.8125],[131.1875,-11.75],[131.25,-11.75],[131.3125,-11.625],[131.4375,-11.625],[131.4375,-11.5625],[131.5,-11.5625],[131.5,-11.25],[131.125,-11.25],[131.125,-11.1875],[131.1875,-11.1875],[131.1875,-11.125],[131.25,-11.125],[131.25,-11.0625],[131.3125,-11.0625],[131.375,-10.9375],[131.8125,-10.9375],[131.8125,-11.0],[131.9375,-11.0625],[131.9375,-11.375],[132.0,-11.375],[132.0,-11.4375],[132.3125,-11.4375],[132.3125,-11.5],[132.375,-11.5],[132.375,-11.6875],[132.4375,-11.6875],[132.4375,-11.8125],[132.375,-11.8125],[132.375,-11.9375],[132.3125,-11.9375],[132.3125,-12.1875],[132.25,-12.1875],[132.25,-12.125],[131.9375,-12.125],[131.9375,-12.1875],[131.875,-12.1875],[131.875,-12.125],[131.5,-12.125],[131.5,-12.1875],[131.375,-12.1875],[131.375,-12.125],[131.125,-12.125]]],[[[136.1875,-11.5],[136.3125,-11.75],[136.0,-11.75],[136.0,-11.625],[135.9375,-11.625],[136.0,-11.5],[136.1875,-11.5]]],[[[133.0,-11.125],[132.875,-11.125],[132.875,-11.0],[133.0,-11.0],[133.0,-10.9375],[133.0625,-10.9375],[133.0625,-11.0625],[133.0,-11.0625],[133.0,-11.125]]],[[[132.5625,-11.0625],[132.5625,-11.125],[132.4375,-11.125],[132.4375,-11.1875],[132.3125,-11.1875],[132.3125,-11.0625],[132.5,-11.0625],[132.5,-11.0],[132.5625,-11.0],[132.5625,-10.875],[132.625,-10.875],[132.625,-11.0625],[132.5625,-11.0625]]],[[[122.6875,25.8125],[122.6875,25.6875],[122.4375,25.6875],[122.4375,25.5625],[122.25,25.5625],[122.25,25.4375],[122.125,25.375],[122.125,25.0625],[122.0625,25.0625],[122.0625,25.0],[122.0,25.0],[122.0,26.0],[122.375,26.0],[122.375,25.9375],[122.75,25.9375],[122.8125,25.8125],[122.6875,25.8125]]],[[[124.4375,31.0625],[124.3125,31.0625],[124.3125,31.0],[124.25,31.0],[124.25,30.9375],[124.125,30.875],[124.125,30.8125],[123.9375,30.8125],[123.9375,31.0],[124.0,31.0],[124.0,31.125],[124.4375,31.125],[124.4375,31.0625]]],[[[122.6875,34.0],[122.75,33.875],[122.875,33.875],[122.875,33.75],[122.9375,33.75],[122.9375,33.6875],[123.0,33.6875],[123.0,33.625],[123.0625,33.625],[123.125,33.5],[123.25,33.5],[123.25,33.4375],[123.375,33.4375],[123.4375,33.3125],[123.5625,33.3125],[123.5625,33.25],[123.875,33.25],[123.9375,33.125],[124.0,33.125],[124.0,33.0],[124.4375,33.0],[124.4375,32.9375],[124.5,32.9375],[124.5,32.875],[124.5625,32.875],[124.625,32.75],[124.5625,32.75],[124.5625,32.625],[124.5,32.625],[124.5,32.5625],[124.375,32.5625],[124.375,32.5],[124.25,32.5],[124.25,32.4375],[124.125,32.4375],[124.125,32.1875],[124.1875,32.1875],[124.1875,32.125],[124.4375,32.125],[124.4375,32.1875],[124.5625,32.25],[124.5625,32.375],[124.625,32.375],[124.6875,32.5],[124.8125,32.5],[124.8125,32.5625],[125.0625,32.5625],[125.0625,32.5],[125.125,32.5],[125.125,32.4375],[125.0625,32.4375],[125.0625,32.25],[125.375,32.25],[125.375,32.3125],[125.5,32.3125],[125.5,32.1875],[125.4375,32.1875],[125.4375,31.875],[125.5625,31.875],[125.5625,31.8125],[125.375,31.8125],[125.375,31.75],[125.3125,31.75],[125.3125,31.625],[125.25,31.625],[125.25,31.375],[124.75,31.375],[124.75,31.3125],[124.5625,31.3125],[124.5625,31.375],[124.25,31.375],[124.25,31.3125],[124.0,31.3125],[124.0,31.1875],[123.8125,31.1875],[123.8125,31.125],[123.6875,31.125],[123.6875,31.0],[123.5625,31.0],[123.5625,30.9375],[123.4375,30.875],[123.4375,30.75],[123.375,30.75],[123.375,30.6875],[123.0625,30.6875],[123.0625,30.25],[123.25,30.25],[123.25,30.1875],[123.1875,30.1875],[123.1875,30.125],[122.875,30.125],[122.875,29.9375],[122.75,29.9375],[122.75,29.8125],[122.6875,29.8125],[122.6875,29.75],[122.625,29.75],[122.625,29.6875],[122.5,29.625],[122.5,29.5],[122.25,29.375],[122.25,29.25],[122.1875,29.25],[122.1875,29.0625],[122.125,29.0625],[122.0625,28.9375],[122.0,28.9375],[122.0,29.3125],[122.125,29.3125],[122.125,29.6875],[122.1875,29.6875],[122.1875,29.875],[122.125,29.875],[122.125,29.9375],[122.0,29.9375],[122.0,30.0],[122.1875,30.0],[122.1875,30.1875],[122.0,30.1875],[122.0,34.375],[122.0625,34.25],[122.25,34.25],[122.25,34.1875],[122.375,34.1875],[122.375,34.125],[122.5,34.125],[122.5625,34.0],[122.6875,34.0]]],[[[130.375,32.6875],[130.375,32.875],[130.3125,32.875],[130.3125,33.0],[130.4375,33.0],[130.4375,32.9375],[130.5,32.9375],[130.5,32.625],[130.25,32.5],[130.25,32.5625],[130.0,32.5625],[130.0,32.625],[130.125,32.625],[130.125,32.6875],[130.375,32.6875]]],[[[129.1875,33.0],[129.375,33.0],[129.375,32.9375],[129.1875,32.9375],[129.1875,33.0]]],[[[132.125,33.4375],[132.125,33.25],[132.0,33.25],[132.0,33.5],[132.0625,33.5],[132.0625,33.5625],[132.1875,33.5625],[132.1875,33.5],[132.25,33.5],[132.25,33.4375],[132.125,33.4375]]],[[[132.25,33.9375],[132.1875,33.9375],[132.1875,34.0625],[132.25,34.0625],[132.25,34.0],[132.375,34.0],[132.375,33.9375],[132.625,33.9375],[132.625,33.8125],[132.375,33.8125],[132.375,33.875],[132.25,33.875],[132.25,33.9375]]],[[[132.8125,33.9375],[132.625,33.9375],[132.625,34.25],[132.75,34.25],[132.75,34.3125],[132.9375,34.3125],[132.9375,34.375],[133.0,34.375],[133.0,34.3125],[133.1875,34.3125],[133.1875,34.0],[133.0625,34.0],[133.0625,34.0625],[132.8125,34.0625],[132.8125,33.9375]]],[[[134.375,34.375],[134.625,34.375],[134.625,34.4375],[134.75,34.4375],[134.75,34.3125],[134.875,34.25],[134.875,34.1875],[134.8125,34.1875],[134.8125,34.0625],[134.75,34.0625],[134.75,34.0],[134.625,34.0625],[134.625,34.25],[134.375,34.25],[134.375,34.375]]],[[[134.3125,34.375],[133.875,34.375],[133.875,34.3125],[133.75,34.3125],[133.75,34.25],[133.625,34.3125],[133.625,34.5],[133.6875,34.5],[133.6875,34.5625],[133.75,34.5625],[133.75,34.5],[134.0,34.5],[134.0,34.5625],[134.0625,34.5625],[134.0625,34.5],[134.1875,34.5],[134.1875,34.4375],[134.3125,34.4375],[134.3125,34.375]]],[[[123.0,37.25],[123.0,37.125],[122.9375,37.125],[122.9375,37.0625],[122.875,37.0625],[122.875,37.0],[122.8125,37.0],[122.8125,36.9375],[122.75,36.9375],[122.75,36.875],[122.6875,36.875],[122.625,36.75],[122.4375,36.75],[122.4375,36.6875],[122.125,36.6875],[122.125,36.75],[122.0625,36.75],[122.0625,36.875],[122.4375,36.875],[122.4375,36.9375],[122.5625,36.9375],[122.5625,37.1875],[122.625,37.1875],[122.625,37.4375],[122.4375,37.4375],[122.4375,37.625],[122.5,37.625],[122.5,37.6875],[122.625,37.6875],[122.625,37.75],[123.1875,37.75],[123.1875,37.8125],[123.25,37.8125],[123.25,38.0625],[123.375,38.0625],[123.375,38.125],[123.5,38.125],[123.5,38.1875],[123.5625,38.1875],[123.5625,38.4375],[123.5,38.4375],[123.5,38.5625],[123.5625,38.5625],[123.5625,38.8125],[123.625,38.8125],[123.625,39.0],[123.6875,39.0],[123.6875,39.125],[123.75,39.125],[123.8125,39.25],[123.9375,39.25],[123.9375,39.5],[124.0625,39.5625],[124.0625,39.75],[124.125,39.75],[124.125,39.875],[124.1875,39.875],[124.1875,39.75],[124.4375,39.75],[124.4375,39.6875],[124.5625,39.6875],[124.5625,39.625],[124.875,39.625],[124.875,39.6875],[124.9375,39.6875],[124.9375,39.5],[125.375,39.5],[125.375,39.25],[125.3125,39.25],[125.3125,39.125],[125.25,39.125],[125.25,39.0],[124.0,39.0],[124.0,37.4375],[123.9375,37.4375],[123.9375,37.5],[123.4375,37.5],[123.4375,37.4375],[123.3125,37.4375],[123.3125,37.375],[123.1875,37.375],[123.125,37.25],[123.0,37.25]]],[[[122.4375,39.3125],[122.4375,39.4375],[122.5625,39.4375],[122.625,39.3125],[122.875,39.3125],[122.875,39.25],[122.9375,39.25],[122.9375,39.125],[123.1875,39.125],[123.1875,39.0625],[122.625,39.0625],[122.625,39.1875],[122.4375,39.1875],[122.4375,39.0625],[122.25,39.0625],[122.25,39.0],[122.125,39.0],[122.125,38.9375],[122.0625,38.9375],[122.0,38.8125],[122.0,39.0625],[122.0625,39.0625],[122.0625,39.125],[122.125,39.125],[122.125,39.1875],[122.1875,39.1875],[122.25,39.3125],[122.4375,39.3125]]],[[[-51.5625,64.375],[-51.5625,64.4375],[-51.5,64.4375],[-51.4375,64.5625],[-51.1875,64.5625],[-51.1875,64.5],[-51.3125,64.5],[-51.3125,64.4375],[-51.4375,64.4375],[-51.4375,64.1875],[-51.875,64.1875],[-51.875,64.25],[-51.75,64.25],[-51.75,64.3125],[-51.625,64.3125],[-51.625,64.375],[-51.5625,64.375]]],[[[-63.5625,65.0625],[-63.4375,65.0625],[-63.4375,65.0],[-63.1875,65.0],[-63.1875,64.9375],[-63.125,64.9375],[-63.125,64.8125],[-63.375,64.8125],[-63.375,64.875],[-63.4375,64.875],[-63.4375,64.9375],[-63.75,64.9375],[-63.75,65.0],[-63.5625,65.0],[-63.5625,65.0625]]],[[[-54.375,67.9375],[-54.375,67.875],[-54.1875,67.875],[-54.1875,68.0],[-54.125,68.0],[-54.125,67.875],[-53.875,67.875],[-53.875,67.9375],[-53.8125,67.9375],[-53.8125,67.5625],[-54.125,67.5625],[-54.125,67.5],[-54.1875,67.5],[-54.1875,67.625],[-54.625,67.625],[-54.625,67.6875],[-54.75,67.6875],[-54.75,67.8125],[-54.8125,67.8125],[-54.8125,67.875],[-54.6875,67.875],[-54.625,68.0],[-54.5,68.0],[-54.5,67.9375],[-54.375,67.9375]]],[[[-63.875,81.1875],[-63.875,81.25],[-63.625,81.25],[-63.625,81.3125],[-63.5,81.3125],[-63.5,81.25],[-63.125,81.25],[-63.125,81.1875],[-63.875,81.1875]]],[[[-60.3125,82.125],[-59.75,82.125],[-59.75,82.0625],[-60.3125,82.0625],[-60.3125,82.125]]],[[[167.3125,-47.5625],[167.1875,-47.5625],[167.1875,-47.625],[167.0,-47.625],[167.0,-47.5625],[167.125,-47.5],[167.125,-47.375],[167.1875,-47.375],[167.1875,-47.25],[167.25,-47.25],[167.25,-47.125],[167.375,-47.125],[167.375,-47.0625],[167.4375,-47.0625],[167.4375,-47.125],[167.625,-47.125],[167.625,-47.1875],[167.8125,-47.1875],[167.8125,-47.25],[167.9375,-47.25],[167.9375,-47.4375],[167.875,-47.4375],[167.875,-47.5],[167.75,-47.5625],[167.75,-47.75],[167.875,-47.8125],[167.875,-48.0],[167.75,-48.0],[167.625,-47.9375],[167.625,-47.875],[167.6875,-47.875],[167.6875,-47.3125],[167.375,-47.3125],[167.375,-47.4375],[167.3125,-47.4375],[167.3125,-47.5625]]],[[[168.4375,-46.8125],[168.4375,-46.75],[168.25,-46.75],[168.25,-46.8125],[168.125,-46.8125],[168.0625,-46.6875],[167.75,-46.6875],[167.75,-46.625],[167.8125,-46.625],[167.8125,-46.5625],[168.0625,-46.5625],[168.0625,-46.5],[168.4375,-46.5],[168.4375,-46.5625],[168.6875,-46.5625],[168.6875,-46.625],[168.625,-46.625],[168.625,-46.75],[168.5,-46.75],[168.5,-46.8125],[168.4375,-46.8125]]],[[[174.6875,-41.5],[174.375,-41.5],[174.375,-41.625],[174.25,-41.6875],[174.25,-40.8125],[174.5,-40.8125],[174.5,-40.875],[174.8125,-40.875],[174.8125,-40.9375],[174.875,-40.9375],[174.875,-41.0],[174.75,-41.0],[174.75,-41.3125],[174.8125,-41.3125],[174.8125,-41.4375],[174.6875,-41.4375],[174.6875,-41.5]]],[[[173.8125,-40.625],[174.0625,-40.625],[174.0625,-40.75],[173.8125,-40.75],[173.8125,-40.625]]],[[[148.1875,-40.8125],[148.1875,-40.75],[147.9375,-40.75],[147.9375,-40.6875],[147.875,-40.6875],[147.875,-40.5625],[147.9375,-40.5625],[147.9375,-40.5],[148.0625,-40.4375],[148.0625,-40.25],[148.25,-40.25],[148.25,-40.4375],[148.375,-40.4375],[148.375,-40.5],[148.4375,-40.5],[148.4375,-40.6875],[148.375,-40.6875],[148.375,-40.8125],[148.1875,-40.8125]]],[[[144.9375,-40.5625],[144.9375,-40.625],[144.8125,-40.625],[144.8125,-40.6875],[144.75,-40.6875],[144.75,-40.625],[144.625,-40.625],[144.5625,-40.5],[144.375,-40.5],[144.375,-40.4375],[144.3125,-40.4375],[144.3125,-40.3125],[144.5625,-40.3125],[144.625,-40.1875],[144.9375,-40.1875],[144.9375,-40.25],[145.0625,-40.3125],[145.0625,-40.375],[145.0,-40.375],[145.0,-40.5625],[144.9375,-40.5625]]],[[[144.0625,-40.125],[144.0625,-40.0625],[144.125,-40.0625],[144.1875,-39.9375],[144.3125,-40.0],[144.3125,-40.25],[144.1875,-40.25],[144.1875,-40.1875],[143.9375,-40.1875],[143.9375,-40.125],[144.0625,-40.125]]],[[[147.75,-39.8125],[147.6875,-39.8125],[147.6875,-39.75],[147.5625,-39.6875],[147.5625,-39.5],[147.6875,-39.5],[147.6875,-39.4375],[148.0,-39.4375],[148.0,-39.5],[148.0625,-39.5],[148.0625,-39.625],[148.0,-39.625],[148.0,-39.6875],[147.875,-39.75],[147.875,-39.8125],[147.75,-39.875],[147.75,-39.8125]]],[[[138.1875,-35.875],[138.125,-35.875],[138.125,-35.8125],[138.0,-35.75],[138.0,-35.5],[138.1875,-35.5],[138.1875,-35.625],[138.3125,-35.625],[138.3125,-35.6875],[138.1875,-35.75],[138.1875,-35.875]]],[[[172.625,-34.5],[172.5,-34.5],[172.4375,-34.375],[172.3125,-34.375],[172.3125,-34.3125],[172.125,-34.3125],[172.125,-34.25],[171.9375,-34.25],[171.9375,-34.1875],[172.25,-34.1875],[172.25,-34.25],[172.5,-34.25],[172.5,-34.0625],[172.8125,-34.0625],[172.8125,-34.25],[172.875,-34.25],[172.875,-34.375],[172.75,-34.375],[172.75,-34.5625],[172.625,-34.5625],[172.625,-34.5]]],[[[137.1875,-33.625],[137.25,-33.625],[137.25,-33.5625],[137.4375,-33.5625],[137.4375,-33.5],[137.625,-33.5],[137.625,-33.5625],[137.5,-33.5625],[137.5,-33.75],[137.4375,-33.75],[137.4375,-34.0],[137.375,-34.0],[137.375,-33.8125],[137.25,-33.8125],[137.25,-33.75],[137.1875,-33.75],[137.1875,-33.625]]],[[[139.0,-16.6875],[139.0625,-16.5625],[139.1875,-16.5625],[139.1875,-16.625],[139.25,-16.625],[139.25,-16.8125],[139.1875,-16.8125],[139.1875,-16.9375],[139.0625,-16.9375],[139.0625,-16.875],[139.0,-16.875],[139.0,-16.75],[138.9375,-16.75],[138.9375,-16.6875],[139.0,-16.6875]]],[[[139.6875,-16.25],[139.8125,-16.25],[139.8125,-16.3125],[139.9375,-16.3125],[139.9375,-16.375],[140.0,-16.375],[140.0,-16.5],[140.125,-16.5625],[140.125,-16.6875],[140.1875,-16.6875],[140.1875,-16.8125],[140.125,-16.8125],[140.125,-16.875],[140.0,-16.875],[140.0,-16.8125],[139.875,-16.8125],[139.875,-16.75],[139.75,-16.75],[139.75,-16.625],[139.625,-16.625],[139.625,-16.5625],[139.6875,-16.5625],[139.6875,-16.375],[139.625,-16.375],[139.625,-16.3125],[139.6875,-16.3125],[139.6875,-16.25]]],[[[136.875,-14.25],[136.9375,-14.25],[137.0,-14.125],[137.125,-14.125],[137.0,-14.375],[136.875,-14.3125],[136.875,-14.25]]],[[[136.8125,-12.1875],[136.8125,-11.9375],[136.875,-11.9375],[136.875,-12.0],[136.9375,-12.0],[136.9375,-12.0625],[137.0,-12.0625],[137.0,-12.125],[137.125,-12.1875],[137.125,-12.375],[137.0,-12.375],[137.0,-12.3125],[136.9375,-12.3125],[136.9375,-12.1875],[136.8125,-12.1875]]],[[[136.875,-11.0625],[136.8125,-11.0625],[136.8125,-11.125],[136.6875,-11.125],[136.6875,-10.875],[136.75,-10.875],[136.75,-10.9375],[136.875,-10.9375],[136.875,-11.0625]]],[[[141.875,-10.125],[141.875,-9.9375],[141.75,-9.9375],[141.75,-9.8125],[141.5625,-9.8125],[141.5625,-10.125],[141.5,-10.125],[141.5,-10.1875],[141.25,-10.1875],[141.25,-10.125],[141.1875,-10.125],[141.125,-10.0],[140.9375,-10.0],[140.9375,-9.9375],[140.8125,-9.9375],[140.8125,-9.875],[140.75,-9.875],[140.75,-9.75],[140.625,-9.75],[140.625,-9.5625],[140.25,-9.5625],[140.25,-9.3125],[140.125,-9.3125],[140.125,-9.25],[139.875,-9.25],[139.875,-9.1875],[139.6875,-9.1875],[139.6875,-9.125],[139.5625,-9.125],[139.5625,-9.0625],[139.4375,-9.0625],[139.40625,-9.0],[140.375,-9.0],[140.375,-9.1875],[140.4375,-9.1875],[140.4375,-9.25],[140.75,-9.25],[140.75,-9.125],[140.875,-9.125],[140.875,-9.1875],[141.0625,-9.1875],[141.0625,-9.125],[141.125,-9.125],[141.125,-9.1875],[141.25,-9.1875],[141.25,-9.25],[141.125,-9.25],[141.125,-9.3125],[140.9375,-9.3125],[140.9375,-9.5],[141.25,-9.5],[141.3125,-9.375],[141.5,-9.375],[141.5625,-9.25],[141.8125,-9.25],[141.8125,-9.1875],[142.0,-9.1875],[142.0,-10.875],[141.875,-10.8125],[141.875,-10.75],[141.9375,-10.75],[141.9375,-10.5625],[141.875,-10.5625],[141.875,-10.3125],[141.9375,-10.3125],[141.9375,-10.125],[141.875,-10.125]]],[[[138.9375,-9.0],[138.9375,-9.0625],[138.6875,-9.0625],[138.65625,-9.0],[138.9375,-9.0]]],[[[142.0625,27.9375],[142.375,27.9375],[142.375,27.8125],[142.25,27.8125],[142.25,27.625],[142.4375,27.625],[142.4375,27.4375],[142.5,27.4375],[142.5,27.375],[142.375,27.375],[142.375,27.0625],[142.4375,27.0625],[142.4375,27.0],[142.25,27.0],[142.25,27.0625],[142.1875,27.0625],[142.1875,27.125],[142.25,27.125],[142.25,27.375],[142.1875,27.375],[142.1875,27.5],[142.0,27.5],[142.0,27.5625],[142.125,27.5625],[142.125,27.75],[141.875,27.75],[141.875,27.8125],[142.0625,27.8125],[142.0625,27.9375]]],[[[139.375,34.125],[139.25,34.125],[139.25,34.5],[139.1875,34.5],[139.1875,34.5625],[139.25,34.5625],[139.25,34.6875],[139.3125,34.6875],[139.3125,34.75],[139.4375,34.6875],[139.4375,34.4375],[139.375,34.4375],[139.375,34.25],[139.5,34.1875],[139.5,34.0625],[139.375,34.0625],[139.375,34.125]]],[[[141.5,41.3125],[141.4375,41.3125],[141.4375,41.4375],[141.3125,41.4375],[141.3125,41.5],[141.5625,41.5],[141.5625,41.4375],[141.5,41.4375],[141.5,41.3125]]],[[[140.3125,41.1875],[140.3125,41.3125],[140.25,41.3125],[140.25,41.375],[140.0625,41.375],[140.0625,41.1875],[140.0,41.1875],[140.0,41.25],[139.875,41.3125],[139.875,41.4375],[140.0,41.5],[140.0,41.6875],[140.0625,41.6875],[140.0625,41.5],[140.375,41.5],[140.375,41.375],[140.4375,41.375],[140.4375,41.3125],[140.375,41.3125],[140.375,41.1875],[140.3125,41.1875]]],[[[140.9375,41.5],[140.9375,41.4375],[140.8125,41.4375],[140.8125,41.5625],[140.875,41.5625],[140.875,41.75],[141.0625,41.75],[141.0625,41.8125],[141.125,41.8125],[141.125,41.5625],[141.0625,41.5625],[141.0625,41.5],[140.9375,41.5]]],[[[146.0,43.625],[146.0,43.4375],[145.9375,43.4375],[145.9375,43.375],[145.8125,43.375],[145.8125,43.5],[145.9375,43.5],[145.9375,43.625],[146.0,43.625]]],[[[145.5,43.75],[145.5625,43.75],[145.625,43.625],[145.4375,43.625],[145.4375,43.5625],[145.375,43.5625],[145.375,43.625],[145.3125,43.625],[145.3125,43.75],[145.375,43.75],[145.375,43.8125],[145.5,43.875],[145.5,43.75]]],[[[141.625,46.0],[142.25,46.0],[142.25,45.9375],[142.3125,45.9375],[142.3125,45.875],[142.375,45.875],[142.375,45.6875],[142.4375,45.6875],[142.4375,45.5625],[142.375,45.5625],[142.3125,45.4375],[142.1875,45.4375],[142.1875,45.5],[141.9375,45.5],[141.9375,45.5625],[141.875,45.5625],[141.875,45.75],[141.8125,45.75],[141.8125,45.875],[141.5625,45.875],[141.5625,45.9375],[141.625,45.9375],[141.625,46.0]]]]}},{"type":"Feature","properties":{"status":"unknown","area_deg2":138.75},"geometry":{"type":"MultiPolygon","coordinates":[[[[-158.1875,-81.1875],[-158.5,-81.1875],[-158.5,-81.125],[-158.3125,-81.125],[-158.3125,-81.0625],[-158.25,-81.0625],[-158.25,-81.125],[-157.8125,-81.125],[-157.8125,-81.1875],[-158.0,-81.1875],[-158.0,-81.25],[-158.1875,-81.25],[-158.1875,-81.1875]]],[[[-162.9375,-79.75],[-163.0,-79.875],[-163.125,-79.875],[-163.125,-79.8125],[-163.25,-79.8125],[-163.25,-79.75],[-162.9375,-79.75]]],[[[-165.3125,-79.4375],[-165.3125,-79.375],[-165.5,-79.375],[-165.5,-79.3125],[-165.25,-79.3125],[-165.25,-79.375],[-165.0625,-79.375],[-165.0625,-79.4375],[-165.3125,-79.4375]]],[[[-148.8125,-77.125],[-148.75,-77.0],[-148.4375,-77.0],[-148.4375,-77.125],[-148.8125,-77.125]]],[[[-176.8125,-43.375],[-176.75,-43.5],[-176.625,-43.5],[-176.625,-43.5625],[-176.5,-43.625],[-176.5,-43.6875],[-176.625,-43.6875],[-176.625,-43.75],[-176.75,-43.75],[-176.8125,-43.875],[-176.9375,-43.875],[-176.9375,-43.6875],[-176.875,-43.6875],[-176.875,-43.5],[-176.9375,-43.5],[-176.9375,-43.375],[-176.8125,-43.375]]],[[[-175.0,-20.625],[-175.0,-20.8125],[-174.9375,-20.8125],[-174.9375,-20.9375],[-175.1875,-20.8125],[-175.1875,-20.75],[-175.0625,-20.75],[-175.0625,-20.625],[-175.0,-20.625]]],[[[-174.0,-18.8125],[-174.0,-18.9375],[-174.125,-19.0],[-174.125,-18.8125],[-174.0625,-18.8125],[-174.0625,-18.75],[-173.9375,-18.75],[-173.9375,-18.8125],[-174.0,-18.8125]]],[[[-144.75,-16.9375],[-144.8125,-16.9375],[-144.8125,-16.75],[-144.875,-16.75],[-144.875,-16.6875],[-144.625,-16.6875],[-144.625,-16.8125],[-144.6875,-16.8125],[-144.75,-16.9375]]],[[[-147.5625,-15.1875],[-147.75,-15.1875],[-147.75,-14.9375],[-147.6875,-14.9375],[-147.6875,-15.0],[-147.5,-15.0],[-147.5,-15.0625],[-147.4375,-15.0625],[-147.4375,-15.125],[-147.5,-15.125],[-147.5,-15.25],[-147.5625,-15.25],[-147.5625,-15.1875]]],[[[-146.3125,-14.4375],[-146.3125,-14.375],[-146.1875,-14.375],[-146.1875,-14.25],[-146.125,-14.25],[-146.125,-14.375],[-145.875,-14.375],[-145.875,-14.4375],[-146.3125,-14.4375]]],[[[-81.75,7.3125],[-81.75,7.375],[-81.5,7.375],[-81.5,7.4375],[-81.4375,7.4375],[-81.4375,7.3125],[-81.75,7.3125]]],[[[-166.25,23.75],[-166.25,23.875],[-166.4375,23.875],[-166.375,24.0],[-166.3125,24.0],[-166.3125,23.9375],[-166.1875,23.9375],[-166.1875,23.875],[-165.9375,23.875],[-165.9375,23.8125],[-166.1875,23.8125],[-166.1875,23.75],[-166.25,23.75]]],[[[-166.9375,24.25],[-166.875,24.25],[-166.8125,24.125],[-167.0625,24.125],[-167.0625,24.3125],[-166.9375,24.3125],[-166.9375,24.25]]],[[[-81.75,24.5625],[-82.375,24.5625],[-82.375,24.625],[-81.75,24.625],[-81.75,24.5625]]],[[[-167.75,24.6875],[-167.75,24.625],[-168.0,24.625],[-168.0,24.75],[-167.875,24.8125],[-167.875,24.875],[-167.8125,24.875],[-167.8125,24.6875],[-167.75,24.6875]]],[[[-112.6875,28.75],[-112.6875,28.8125],[-112.5625,28.875],[-112.5625,29.0],[-112.4375,29.0625],[-112.4375,28.8125],[-112.3125,28.8125],[-112.3125,28.75],[-112.4375,28.75],[-112.5,28.625],[-112.625,28.625],[-112.625,28.4375],[-112.6875,28.4375],[-112.6875,28.3125],[-112.8125,28.25],[-112.8125,28.375],[-112.875,28.375],[-112.875,28.4375],[-113.0,28.4375],[-113.0,28.5625],[-112.8125,28.5625],[-112.8125,28.75],[-112.6875,28.75]]],[[[-113.0,29.0625],[-113.0,29.0],[-112.875,28.9375],[-112.875,28.875],[-113.0,28.875],[-113.0,28.8125],[-113.0625,28.8125],[-113.0625,28.5625],[-113.125,28.5625],[-113.125,28.8125],[-113.3125,28.8125],[-113.3125,28.9375],[-113.125,28.9375],[-113.125,29.1875],[-113.0625,29.1875],[-113.0625,29.0625],[-113.0,29.0625]]],[[[-113.625,29.25],[-113.625,29.3125],[-113.6875,29.3125],[-113.6875,29.4375],[-113.5,29.4375],[-113.5,29.3125],[-113.4375,29.3125],[-113.4375,29.25],[-113.625,29.25]]],[[[-114.6875,31.0],[-114.5625,31.0],[-114.5625,31.1875],[-114.5,31.1875],[-114.5,31.3125],[-114.375,31.375],[-114.375,31.125],[-114.4375,31.125],[-114.4375,30.875],[-114.5625,30.875],[-114.5625,30.8125],[-114.6875,30.875],[-114.6875,31.0]]],[[[-177.375,51.6875],[-177.375,51.625],[-177.4375,51.625],[-177.4375,51.6875],[-177.6875,51.6875],[-177.6875,51.625],[-178.0625,51.625],[-178.0625,51.5625],[-178.25,51.5625],[-178.25,51.5],[-178.4375,51.5],[-178.4375,51.4375],[-178.5625,51.4375],[-178.5625,51.5625],[-179.0625,51.5625],[-179.0625,51.625],[-179.125,51.625],[-179.125,51.6875],[-178.875,51.6875],[-178.875,51.875],[-178.6875,51.875],[-178.6875,51.6875],[-178.5625,51.6875],[-178.5625,51.625],[-178.375,51.625],[-178.375,51.6875],[-178.25,51.6875],[-178.25,51.8125],[-178.1875,51.8125],[-178.1875,51.9375],[-178.0,51.9375],[-178.0,51.6875],[-177.8125,51.6875],[-177.8125,51.75],[-177.75,51.75],[-177.75,52.0],[-177.6875,52.0],[-177.625,51.875],[-177.5,51.875],[-177.5,51.75],[-177.125,51.75],[-177.125,51.9375],[-177.0,51.9375],[-177.0,52.0],[-176.875,52.0],[-176.875,51.9375],[-176.6875,51.9375],[-176.6875,51.875],[-176.8125,51.875],[-176.8125,51.8125],[-176.875,51.8125],[-176.875,51.5625],[-177.0625,51.5625],[-177.125,51.6875],[-177.375,51.6875]]],[[[-176.25,52.0],[-176.3125,52.0],[-176.3125,52.0625],[-176.1875,52.0625],[-176.1875,51.875],[-176.125,51.875],[-176.125,51.8125],[-176.25,51.8125],[-176.25,52.0]]],[[[-174.0,52.25],[-174.0,52.375],[-173.9375,52.375],[-173.9375,52.1875],[-173.875,52.1875],[-173.875,52.0625],[-173.375,52.0625],[-173.4375,51.9375],[-173.75,51.9375],[-173.75,51.8125],[-173.8125,51.8125],[-173.8125,51.875],[-174.125,51.875],[-174.125,51.9375],[-174.0625,51.9375],[-174.0625,52.125],[-174.1875,52.125],[-174.1875,52.1875],[-174.125,52.1875],[-174.125,52.25],[-174.0,52.25]]],[[[-175.0625,52.0625],[-175.0625,52.0],[-175.25,52.0],[-175.25,51.9375],[-175.6875,51.9375],[-175.6875,52.0],[-175.8125,52.0],[-175.8125,52.125],[-175.75,52.125],[-175.75,52.1875],[-175.5,52.1875],[-175.5,52.25],[-175.25,52.25],[-175.25,52.1875],[-174.9375,52.1875],[-174.9375,52.0625],[-175.0625,52.0625]]],[[[-168.9375,52.75],[-168.9375,52.6875],[-169.125,52.6875],[-169.125,52.625],[-169.5,52.625],[-169.5,52.5625],[-169.8125,52.5625],[-169.8125,52.5],[-169.9375,52.5],[-169.9375,52.4375],[-170.1875,52.4375],[-170.1875,52.3125],[-170.25,52.3125],[-170.25,52.375],[-170.5625,52.375],[-170.5625,52.25],[-170.75,52.25],[-170.75,52.3125],[-170.875,52.3125],[-170.875,52.375],[-171.0,52.375],[-171.0,52.4375],[-171.1875,52.4375],[-171.1875,52.375],[-171.375,52.375],[-171.375,52.3125],[-171.4375,52.3125],[-171.4375,52.1875],[-171.5625,52.1875],[-171.5625,52.125],[-171.75,52.125],[-171.75,52.0],[-172.0,52.0],[-172.0625,51.875],[-172.125,51.875],[-172.1875,52.0],[-172.5,52.0],[-172.5,52.0625],[-172.6875,52.0625],[-172.6875,52.0],[-172.75,52.0],[-172.75,51.875],[-172.8125,51.875],[-172.8125,51.9375],[-173.0,51.9375],[-173.0,52.0625],[-173.125,52.0625],[-173.125,52.125],[-173.1875,52.125],[-173.1875,52.1875],[-173.0625,52.1875],[-173.0625,52.25],[-172.9375,52.25],[-172.875,52.375],[-172.625,52.375],[-172.625,52.5],[-172.5,52.5],[-172.5,52.5625],[-172.4375,52.5625],[-172.375,52.6875],[-172.25,52.6875],[-172.25,52.75],[-171.75,52.75],[-171.75,52.8125],[-171.625,52.8125],[-171.625,52.875],[-171.4375,52.875],[-171.4375,53.0625],[-171.375,53.0625],[-171.375,53.0],[-171.0625,53.0],[-171.0625,52.9375],[-170.875,52.9375],[-170.875,52.875],[-170.625,52.875],[-170.625,52.9375],[-170.4375,52.9375],[-170.4375,53.0],[-170.375,53.0],[-170.3125,53.125],[-170.0,53.125],[-170.0,53.1875],[-169.6875,53.1875],[-169.6875,53.125],[-169.5625,53.125],[-169.5625,53.0625],[-169.4375,53.0625],[-169.4375,53.0],[-169.1875,53.0],[-169.1875,53.0625],[-169.125,53.0625],[-169.125,53.0],[-168.9375,53.0],[-168.9375,53.125],[-168.875,53.125],[-168.875,52.9375],[-168.8125,52.9375],[-168.8125,52.875],[-168.6875,52.875],[-168.6875,52.8125],[-168.8125,52.8125],[-168.8125,52.75],[-168.9375,52.75]]],[[[-167.6875,53.3125],[-168.0,53.3125],[-168.0,53.375],[-167.875,53.375],[-167.8125,53.5],[-167.6875,53.5],[-167.6875,53.4375],[-167.625,53.4375],[-167.6875,53.3125]]],[[[-166.0,54.25],[-166.0,54.125],[-165.875,54.0625],[-165.875,54.0],[-165.9375,54.0],[-165.9375,53.8125],[-166.0,53.8125],[-166.0,53.75],[-166.1875,53.75],[-166.1875,53.6875],[-166.25,53.6875],[-166.25,54.0],[-166.375,54.0],[-166.375,54.125],[-166.25,54.125],[-166.25,54.1875],[-166.0625,54.1875],[-166.0625,54.25],[-166.0,54.25]]],[[[-165.5,54.0],[-165.5,54.0625],[-165.625,54.0625],[-165.625,54.1875],[-165.5625,54.1875],[-165.5625,54.375],[-165.5,54.375],[-165.5,54.3125],[-165.1875,54.3125],[-165.1875,54.5],[-165.125,54.5],[-165.0625,54.625],[-164.875,54.625],[-164.875,54.6875],[-164.8125,54.6875],[-164.8125,54.4375],[-164.5625,54.4375],[-164.5625,54.375],[-164.5,54.375],[-164.5,54.3125],[-164.5625,54.3125],[-164.5625,54.1875],[-164.6875,54.1875],[-164.6875,54.125],[-164.75,54.125],[-164.8125,54.0],[-164.875,54.0],[-164.875,54.0625],[-165.0,54.0625],[-165.0,54.125],[-165.3125,54.125],[-165.3125,54.0625],[-165.4375,54.0625],[-165.4375,54.0],[-165.5,54.0]]],[[[-168.4375,56.0625],[-168.4375,55.875],[-168.25,55.875],[-168.25,55.8125],[-168.625,55.8125],[-168.625,55.875],[-168.5625,55.875],[-168.5625,56.0],[-168.5,56.0],[-168.5,56.0625],[-168.4375,56.0625]]],[[[-161.6875,56.0],[-161.6875,56.0625],[-161.5625,56.0625],[-161.5625,56.1875],[-161.5,56.1875],[-161.5,56.0625],[-161.375,56.0625],[-161.375,56.0],[-161.6875,56.0]]],[[[-155.6875,55.75],[-155.8125,55.75],[-155.8125,55.8125],[-155.875,55.8125],[-155.875,55.9375],[-155.9375,55.9375],[-155.875,56.0625],[-155.75,56.0625],[-155.75,56.125],[-155.5625,56.125],[-155.5625,56.375],[-155.3125,56.375],[-155.3125,56.5],[-155.1875,56.5],[-155.1875,56.5625],[-154.9375,56.5625],[-154.9375,56.625],[-154.875,56.625],[-154.875,56.5625],[-154.6875,56.5625],[-154.6875,56.625],[-154.625,56.625],[-154.625,56.375],[-154.6875,56.375],[-154.6875,56.3125],[-154.8125,56.3125],[-154.8125,56.25],[-154.9375,56.25],[-154.9375,56.1875],[-155.0,56.1875],[-155.0,56.125],[-155.0625,56.125],[-155.125,56.0],[-155.25,56.0],[-155.25,55.9375],[-155.4375,55.9375],[-155.5,55.8125],[-155.6875,55.8125],[-155.6875,55.75]]],[[[-152.9375,56.5],[-152.9375,56.4375],[-152.5625,56.4375],[-152.5625,56.5],[-152.4375,56.5],[-152.4375,56.375],[-153.25,56.375],[-153.25,56.4375],[-153.0625,56.4375],[-153.0625,56.5],[-152.9375,56.5]]],[[[-171.375,56.625],[-171.375,56.5625],[-171.75,56.5625],[-171.75,56.625],[-171.375,56.625]]],[[[-154.0,56.875],[-154.0,56.8125],[-153.875,56.8125],[-153.875,56.625],[-153.8125,56.625],[-153.8125,56.5625],[-153.9375,56.5625],[-153.9375,56.625],[-154.25,56.625],[-154.25,56.75],[-154.0,56.875]]],[[[-170.125,57.25],[-170.125,57.3125],[-170.0,57.3125],[-170.0,57.1875],[-170.125,57.1875],[-170.125,57.125],[-170.1875,57.125],[-170.1875,57.0625],[-170.25,57.0625],[-170.25,57.125],[-170.4375,57.125],[-170.4375,57.1875],[-170.5625,57.1875],[-170.5625,57.25],[-170.4375,57.25],[-170.4375,57.3125],[-170.3125,57.3125],[-170.3125,57.25],[-170.125,57.25]]],[[[-161.0,58.875],[-160.8125,58.875],[-160.8125,58.9375],[-160.5625,58.9375],[-160.5625,58.875],[-160.625,58.875],[-160.625,58.6875],[-160.5,58.6875],[-160.5,58.625],[-160.375,58.625],[-160.375,58.5625],[-160.1875,58.5625],[-160.1875,58.4375],[-160.125,58.4375],[-160.125,58.375],[-159.9375,58.375],[-159.9375,58.3125],[-159.875,58.3125],[-159.875,58.125],[-159.8125,58.125],[-159.8125,58.0625],[-159.625,58.0625],[-159.625,58.0],[-159.4375,58.0],[-159.4375,58.0625],[-159.3125,58.0625],[-159.3125,58.125],[-159.1875,58.1875],[-159.1875,58.3125],[-159.125,58.3125],[-159.125,58.5],[-159.0,58.5],[-159.0,58.4375],[-158.8125,58.4375],[-158.8125,58.5],[-158.75,58.5],[-158.75,58.875],[-158.6875,58.875],[-158.625,59.0],[-158.5,59.0],[-158.5,59.0625],[-158.375,59.0625],[-158.375,59.0],[-158.4375,59.0],[-158.4375,58.8125],[-158.375,58.8125],[-158.375,58.75],[-158.25,58.75],[-158.25,58.625],[-158.0,58.625],[-158.0,58.6875],[-157.75,58.6875],[-157.75,58.75],[-157.5625,58.75],[-157.5625,58.8125],[-157.3125,58.8125],[-157.3125,58.75],[-157.0625,58.75],[-157.0625,58.6875],[-157.1875,58.6875],[-157.1875,58.625],[-157.3125,58.625],[-157.375,58.5],[-157.5,58.5],[-157.5,58.3125],[-157.4375,58.3125],[-157.4375,58.25],[-157.5625,58.1875],[-157.5625,58.0],[-157.6875,57.9375],[-157.6875,57.75],[-157.75,57.75],[-157.75,57.5625],[-157.875,57.5625],[-157.875,57.5],[-158.0,57.5],[-158.0625,57.375],[-158.25,57.375],[-158.25,57.3125],[-158.375,57.3125],[-158.375,57.25],[-158.4375,57.25],[-158.4375,57.1875],[-158.5625,57.1875],[-158.5625,57.125],[-158.8125,57.125],[-158.8125,57.1875],[-159.0,57.1875],[-159.0,56.8125],[-159.5,56.8125],[-159.5,56.625],[-159.75,56.625],[-159.75,56.5625],[-159.875,56.5625],[-159.875,56.5],[-160.0,56.5],[-160.0,56.5625],[-160.125,56.5625],[-160.125,56.75],[-160.1875,56.75],[-160.1875,56.8125],[-159.8125,56.8125],[-159.75,56.9375],[-159.5,56.9375],[-159.5,57.125],[-159.4375,57.125],[-159.4375,57.1875],[-159.3125,57.1875],[-159.3125,57.0625],[-159.125,57.0625],[-159.125,57.3125],[-159.1875,57.3125],[-159.1875,57.375],[-159.25,57.375],[-159.3125,57.5],[-159.4375,57.5],[-159.5,57.625],[-159.6875,57.625],[-159.6875,57.6875],[-159.8125,57.6875],[-159.8125,57.75],[-159.9375,57.75],[-159.9375,57.8125],[-160.0625,57.8125],[-160.0625,57.875],[-160.125,57.875],[-160.125,58.0],[-160.25,58.0],[-160.25,58.0625],[-160.3125,58.0625],[-160.3125,58.125],[-160.4375,58.125],[-160.4375,58.1875],[-160.6875,58.1875],[-160.75,58.3125],[-161.0625,58.3125],[-161.0625,58.25],[-161.4375,58.25],[-161.4375,58.1875],[-161.5625,58.125],[-161.625,58.25],[-161.875,58.25],[-161.875,58.5],[-162.0625,58.5],[-162.0625,58.4375],[-162.75,58.4375],[-162.75,58.375],[-162.8125,58.375],[-162.8125,58.625],[-162.9375,58.6875],[-162.9375,58.8125],[-163.0,58.8125],[-163.0625,58.9375],[-163.25,58.9375],[-163.25,59.0],[-163.375,59.0],[-163.375,59.0625],[-163.3125,59.0625],[-163.3125,59.375],[-163.25,59.375],[-163.25,59.4375],[-163.125,59.4375],[-163.0625,59.5625],[-162.3125,59.5625],[-162.3125,59.625],[-162.125,59.625],[-162.125,59.5625],[-161.9375,59.5625],[-161.9375,59.6875],[-161.8125,59.6875],[-161.8125,59.4375],[-161.9375,59.375],[-161.9375,59.1875],[-162.0625,59.125],[-162.0625,58.9375],[-161.8125,58.9375],[-161.8125,58.875],[-161.9375,58.875],[-161.9375,58.6875],[-161.8125,58.6875],[-161.8125,58.625],[-161.5,58.625],[-161.5,58.6875],[-161.3125,58.6875],[-161.3125,58.75],[-161.0625,58.75],[-161.0,58.875]]],[[[-151.5,58.25],[-151.625,58.25],[-151.625,58.1875],[-152.0625,58.1875],[-152.0625,58.25],[-151.9375,58.25],[-151.9375,58.3125],[-151.875,58.3125],[-151.875,58.4375],[-151.5,58.4375],[-151.5,58.25]]],[[[-150.6875,58.3125],[-150.6875,58.375],[-150.9375,58.375],[-150.9375,58.4375],[-150.0625,58.4375],[-150.0625,58.375],[-149.9375,58.375],[-149.9375,58.3125],[-150.3125,58.3125],[-150.3125,58.25],[-150.625,58.25],[-150.625,58.3125],[-150.6875,58.3125]]],[[[-164.0,59.875],[-164.0,59.8125],[-164.375,59.8125],[-164.375,59.75],[-164.4375,59.75],[-164.4375,59.8125],[-164.625,59.8125],[-164.625,59.75],[-164.6875,59.75],[-164.6875,59.8125],[-164.875,59.8125],[-164.875,59.75],[-165.25,59.75],[-165.25,59.8125],[-165.5625,59.8125],[-165.5625,59.875],[-165.625,59.875],[-165.625,60.0625],[-165.4375,60.0625],[-165.4375,60.25],[-165.5,60.25],[-165.5,60.4375],[-165.625,60.4375],[-165.625,60.5],[-165.6875,60.5],[-165.6875,60.6875],[-165.4375,60.6875],[-165.4375,60.625],[-165.125,60.625],[-165.125,60.5625],[-165.375,60.5625],[-165.375,60.0625],[-165.0625,60.0625],[-165.0625,60.0],[-164.6875,60.0],[-164.6875,60.0625],[-164.5625,60.0625],[-164.5625,60.1875],[-164.4375,60.1875],[-164.4375,60.125],[-164.3125,60.125],[-164.3125,60.0625],[-164.25,60.0625],[-164.25,60.0],[-164.1875,60.0],[-164.125,59.875],[-164.0,59.875]]],[[[-167.25,60.375],[-167.25,60.3125],[-167.1875,60.3125],[-167.1875,60.25],[-167.3125,60.25],[-167.3125,60.125],[-167.5625,60.125],[-167.5625,60.25],[-167.625,60.25],[-167.625,60.375],[-167.25,60.375]]],[[[-166.0,60.5625],[-166.0,60.5],[-166.125,60.4375],[-166.125,60.375],[-166.1875,60.375],[-166.1875,60.4375],[-166.375,60.4375],[-166.375,60.625],[-166.3125,60.625],[-166.25,60.75],[-166.1875,60.75],[-166.1875,60.6875],[-166.0625,60.6875],[-166.0625,60.5625],[-166.0,60.5625]]],[[[-62.0,-81.0],[-62.0,-81.0625],[-62.0625,-81.0625],[-62.0625,-81.25],[-61.625,-81.25],[-61.625,-81.1875],[-61.4375,-81.1875],[-61.4375,-81.25],[-61.1875,-81.25],[-61.1875,-81.3125],[-61.3125,-81.3125],[-61.375,-81.4375],[-61.5,-81.4375],[-61.5,-81.5625],[-61.6875,-81.5625],[-61.6875,-81.625],[-61.875,-81.625],[-61.875,-81.6875],[-61.9375,-81.6875],[-61.9375,-81.625],[-62.25,-81.625],[-62.25,-81.5625],[-62.6875,-81.5625],[-62.6875,-81.5],[-63.1875,-81.5],[-63.1875,-81.4375],[-63.375,-81.4375],[-63.4375,-81.3125],[-63.8125,-81.3125],[-63.8125,-81.25],[-64.875,-81.25],[-64.875,-81.1875],[-65.1875,-81.1875],[-65.1875,-81.3125],[-65.25,-81.3125],[-65.25,-81.375],[-66.125,-81.375],[-66.125,-81.3125],[-66.25,-81.25],[-66.25,-81.1875],[-65.4375,-81.1875],[-65.4375,-81.0625],[-65.375,-81.0625],[-65.375,-81.0],[-65.25,-81.0],[-65.25,-80.8125],[-65.1875,-80.8125],[-65.1875,-80.75],[-64.4375,-80.75],[-64.4375,-80.6875],[-64.125,-80.6875],[-64.125,-80.75],[-64.0,-80.75],[-64.0,-80.8125],[-64.125,-80.8125],[-64.125,-81.0],[-63.625,-81.0],[-63.625,-81.0625],[-63.0625,-81.0625],[-63.0625,-81.0],[-63.0,-81.0],[-63.0,-80.875],[-62.8125,-80.875],[-62.8125,-80.9375],[-62.4375,-80.9375],[-62.4375,-80.875],[-62.0,-80.875],[-62.0,-80.9375],[-61.75,-80.9375],[-61.75,-81.0],[-62.0,-81.0]],[[-64.4375,-81.0625],[-64.25,-81.0625],[-64.25,-80.875],[-64.4375,-80.875],[-64.4375,-81.0625]]],[[[-61.1875,-81.125],[-61.1875,-80.9375],[-60.625,-80.9375],[-60.625,-80.875],[-60.5625,-80.875],[-60.5625,-81.0],[-60.4375,-81.0],[-60.4375,-81.125],[-60.5,-81.125],[-60.5,-81.0625],[-60.8125,-81.0625],[-60.8125,-81.125],[-61.1875,-81.125]]],[[[-70.25,-80.75],[-70.25,-80.6875],[-70.4375,-80.6875],[-70.4375,-80.625],[-69.625,-80.625],[-69.625,-80.6875],[-70.1875,-80.6875],[-70.1875,-80.75],[-70.25,-80.75]]],[[[-66.0625,-80.125],[-66.125,-80.25],[-66.3125,-80.25],[-66.3125,-80.1875],[-66.5625,-80.1875],[-66.5625,-80.0625],[-66.3125,-80.0625],[-66.3125,-80.0],[-65.6875,-80.0],[-65.6875,-79.9375],[-65.5625,-79.9375],[-65.5625,-80.1875],[-65.75,-80.1875],[-65.75,-80.125],[-66.0625,-80.125]]],[[[-76.25,-80.0625],[-76.25,-80.125],[-77.25,-80.125],[-77.25,-80.0625],[-77.5,-80.0625],[-77.5,-80.0],[-77.125,-80.0],[-77.125,-79.9375],[-76.5625,-79.9375],[-76.5625,-79.875],[-76.5,-79.875],[-76.5,-79.9375],[-76.4375,-79.9375],[-76.375,-80.0625],[-76.25,-80.0625]]],[[[-68.25,-79.0625],[-68.25,-79.125],[-68.125,-79.125],[-68.125,-79.25],[-68.5625,-79.25],[-68.5625,-79.1875],[-68.875,-79.1875],[-68.875,-79.125],[-68.3125,-79.125],[-68.3125,-79.0625],[-68.25,-79.0625]]],[[[-62.0625,-74.875],[-61.9375,-74.875],[-61.9375,-74.8125],[-61.875,-74.8125],[-61.875,-74.875],[-61.4375,-74.875],[-61.4375,-74.9375],[-62.0625,-74.9375],[-62.0625,-74.875]]],[[[-62.1875,-63.3125],[-62.0,-63.3125],[-62.0,-63.25],[-61.9375,-63.25],[-61.9375,-63.4375],[-62.0,-63.4375],[-62.0,-63.375],[-62.3125,-63.375],[-62.25,-63.25],[-62.1875,-63.25],[-62.1875,-63.3125]]],[[[-72.1875,-54.5625],[-72.1875,-54.4375],[-72.125,-54.4375],[-72.125,-54.375],[-71.9375,-54.375],[-71.9375,-54.5],[-72.0,-54.5],[-72.0,-54.5625],[-72.1875,-54.5625]]],[[[-60.125,-54.3125],[-60.125,-54.5625],[-60.1875,-54.5625],[-60.1875,-54.625],[-60.3125,-54.625],[-60.3125,-54.5625],[-60.875,-54.5625],[-60.875,-54.75],[-61.0625,-54.75],[-61.0625,-54.5625],[-61.1875,-54.5625],[-61.1875,-54.5],[-61.5,-54.5],[-61.5,-54.4375],[-61.75,-54.4375],[-61.75,-54.5],[-61.875,-54.5],[-61.875,-54.5625],[-62.1875,-54.5625],[-62.1875,-54.4375],[-62.25,-54.4375],[-62.25,-54.375],[-61.9375,-54.375],[-61.9375,-54.3125],[-61.8125,-54.3125],[-61.8125,-54.0],[-61.75,-54.0],[-61.75,-53.9375],[-61.625,-53.9375],[-61.625,-53.875],[-61.4375,-53.875],[-61.4375,-53.8125],[-61.25,-53.8125],[-61.25,-53.75],[-61.0625,-53.75],[-61.0625,-53.8125],[-60.875,-53.8125],[-60.875,-53.75],[-60.5625,-53.75],[-60.5625,-53.8125],[-60.3125,-53.8125],[-60.3125,-53.875],[-60.25,-53.875],[-60.25,-54.0],[-60.125,-54.0625],[-60.125,-54.1875],[-59.5625,-54.1875],[-59.5625,-54.25],[-59.4375,-54.25],[-59.4375,-54.3125],[-59.625,-54.3125],[-59.625,-54.375],[-59.75,-54.375],[-59.75,-54.3125],[-60.125,-54.3125]]],[[[-67.8125,-52.5625],[-67.8125,-52.625],[-67.375,-52.625],[-67.375,-52.5625],[-67.25,-52.5625],[-67.25,-52.4375],[-67.125,-52.4375],[-67.0625,-52.3125],[-67.0,-52.3125],[-67.0,-52.4375],[-66.625,-52.4375],[-66.625,-52.3125],[-66.5,-52.3125],[-66.5,-52.25],[-66.25,-52.25],[-66.25,-52.1875],[-66.1875,-52.1875],[-66.1875,-52.25],[-66.0,-52.25],[-66.0,-52.1875],[-65.8125,-52.1875],[-65.8125,-52.125],[-65.4375,-52.125],[-65.4375,-52.1875],[-65.0625,-52.1875],[-65.0625,-52.125],[-64.875,-52.125],[-64.875,-52.0625],[-64.75,-52.0625],[-64.75,-52.125],[-64.6875,-52.125],[-64.6875,-52.3125],[-64.625,-52.3125],[-64.625,-52.4375],[-64.5625,-52.4375],[-64.5625,-52.8125],[-64.5,-52.8125],[-64.5,-52.9375],[-64.375,-52.9375],[-64.375,-53.0],[-64.3125,-53.0],[-64.3125,-53.0625],[-64.1875,-53.125],[-64.1875,-53.3125],[-64.125,-53.3125],[-64.125,-53.375],[-64.0,-53.4375],[-64.0,-53.8125],[-63.9375,-53.8125],[-63.9375,-53.9375],[-63.875,-53.9375],[-63.8125,-54.0625],[-63.6875,-54.0625],[-63.6875,-54.125],[-63.1875,-54.125],[-63.1875,-54.1875],[-63.125,-54.1875],[-63.125,-54.3125],[-63.25,-54.3125],[-63.25,-54.375],[-63.3125,-54.375],[-63.3125,-54.5625],[-63.0625,-54.5625],[-63.0,-54.6875],[-63.3125,-54.6875],[-63.375,-54.8125],[-63.4375,-54.8125],[-63.4375,-54.75],[-63.75,-54.75],[-63.75,-54.8125],[-63.8125,-54.8125],[-63.8125,-54.75],[-63.9375,-54.75],[-63.9375,-54.6875],[-64.5,-54.6875],[-64.5,-54.75],[-64.5625,-54.75],[-64.5625,-54.875],[-64.6875,-54.875],[-64.6875,-54.9375],[-65.125,-54.9375],[-65.125,-54.875],[-65.25,-54.875],[-65.25,-54.625],[-65.3125,-54.625],[-65.3125,-54.5625],[-65.5625,-54.5625],[-65.5625,-54.625],[-65.6875,-54.625],[-65.6875,-54.5625],[-65.8125,-54.5625],[-65.8125,-54.5],[-66.125,-54.5],[-66.125,-54.5625],[-66.1875,-54.5625],[-66.1875,-54.5],[-66.3125,-54.5],[-66.3125,-54.4375],[-66.4375,-54.4375],[-66.4375,-54.3125],[-66.6875,-54.3125],[-66.6875,-54.25],[-66.8125,-54.25],[-66.875,-54.125],[-67.125,-54.125],[-67.25,-53.875],[-67.5,-53.875],[-67.5,-53.8125],[-67.625,-53.75],[-67.625,-53.625],[-67.6875,-53.625],[-67.6875,-53.4375],[-68.0625,-53.4375],[-68.125,-53.3125],[-68.25,-53.3125],[-68.25,-53.25],[-68.3125,-53.25],[-68.3125,-53.1875],[-68.25,-53.1875],[-68.25,-52.9375],[-68.3125,-52.9375],[-68.3125,-52.75],[-68.5,-52.75],[-68.5,-52.6875],[-68.5625,-52.6875],[-68.5625,-52.625],[-68.6875,-52.625],[-68.6875,-52.5625],[-68.875,-52.5625],[-68.875,-52.625],[-69.0,-52.625],[-69.0,-52.5625],[-69.1875,-52.5625],[-69.1875,-52.625],[-69.25,-52.625],[-69.3125,-52.5],[-69.5625,-52.5],[-69.4375,-52.25],[-69.375,-52.25],[-69.375,-52.3125],[-69.125,-52.3125],[-69.125,-52.25],[-68.8125,-52.25],[-68.8125,-52.3125],[-68.5625,-52.3125],[-68.5625,-52.375],[-68.4375,-52.375],[-68.4375,-52.4375],[-68.3125,-52.4375],[-68.3125,-52.5],[-68.1875,-52.5],[-68.1875,-52.5625],[-67.8125,-52.5625]]],[[[-70.3125,-52.625],[-70.125,-52.625],[-70.125,-52.5625],[-69.9375,-52.5625],[-69.9375,-52.5],[-69.5625,-52.5],[-69.5625,-52.625],[-69.625,-52.625],[-69.6875,-52.75],[-70.0,-52.75],[-70.0,-52.8125],[-70.0625,-52.8125],[-70.0625,-52.75],[-70.3125,-52.75],[-70.3125,-52.875],[-70.375,-52.875],[-70.375,-52.9375],[-70.5,-52.9375],[-70.5,-52.875],[-70.625,-52.875],[-70.625,-52.75],[-70.5625,-52.75],[-70.5625,-52.6875],[-70.3125,-52.6875],[-70.3125,-52.625]]],[[[-68.0,-52.3125],[-68.0625,-52.3125],[-68.0625,-52.25],[-68.3125,-52.25],[-68.3125,-52.125],[-67.875,-52.125],[-67.875,-52.1875],[-67.9375,-52.1875],[-68.0,-52.3125]]],[[[-61.0625,-51.75],[-61.0625,-51.875],[-60.8125,-51.875],[-60.875,-52.0],[-61.0,-52.0],[-61.0,-52.0625],[-61.125,-52.0625],[-61.125,-51.875],[-61.3125,-51.875],[-61.3125,-51.8125],[-61.4375,-51.8125],[-61.4375,-51.75],[-61.375,-51.75],[-61.375,-51.6875],[-61.1875,-51.6875],[-61.1875,-51.75],[-61.0625,-51.75]]],[[[-59.875,-51.9375],[-59.875,-51.875],[-59.75,-51.875],[-59.6875,-51.75],[-59.5,-51.75],[-59.5,-51.6875],[-59.375,-51.75],[-59.375,-51.8125],[-59.5,-51.8125],[-59.5,-51.875],[-59.6875,-51.875],[-59.6875,-51.9375],[-59.875,-51.9375]]],[[[-68.875,-51.6875],[-68.875,-51.625],[-68.9375,-51.625],[-69.0,-51.5],[-68.875,-51.5],[-68.875,-51.5625],[-68.625,-51.5625],[-68.625,-51.6875],[-68.6875,-51.6875],[-68.6875,-51.75],[-68.8125,-51.75],[-68.8125,-51.6875],[-68.875,-51.6875]]],[[[-74.625,-51.5],[-74.5625,-51.5],[-74.5625,-51.625],[-74.9375,-51.625],[-74.9375,-51.6875],[-75.0625,-51.75],[-75.0625,-51.6875],[-75.125,-51.6875],[-75.125,-51.625],[-75.25,-51.625],[-75.25,-51.5625],[-75.0,-51.5625],[-75.0,-51.5],[-74.8125,-51.5],[-74.8125,-51.4375],[-74.6875,-51.4375],[-74.6875,-51.375],[-74.625,-51.375],[-74.625,-51.5]]],[[[-60.875,-51.125],[-61.0,-51.125],[-61.0,-51.0625],[-61.1875,-51.0625],[-61.1875,-51.0],[-61.3125,-50.9375],[-61.3125,-50.8125],[-61.1875,-50.8125],[-61.1875,-50.875],[-61.0625,-50.875],[-61.0625,-50.9375],[-60.6875,-50.9375],[-60.6875,-50.875],[-60.625,-50.875],[-60.625,-50.9375],[-60.5,-50.9375],[-60.5,-51.0],[-60.4375,-51.0],[-60.4375,-51.0625],[-60.375,-51.0625],[-60.3125,-51.1875],[-60.1875,-51.1875],[-60.1875,-51.25],[-60.625,-51.25],[-60.625,-51.3125],[-60.8125,-51.3125],[-60.8125,-51.25],[-60.875,-51.25],[-60.875,-51.125]]],[[[-74.6875,-50.125],[-74.6875,-50.1875],[-74.75,-50.1875],[-74.75,-50.4375],[-74.8125,-50.4375],[-74.8125,-50.3125],[-74.875,-50.3125],[-74.875,-50.25],[-74.8125,-50.25],[-74.8125,-50.125],[-74.6875,-50.125]]],[[[-68.3125,-50.3125],[-68.3125,-50.25],[-68.4375,-50.1875],[-68.4375,-50.0],[-68.375,-50.0],[-68.375,-50.0625],[-68.0625,-50.0625],[-68.0625,-50.0],[-67.9375,-50.0],[-67.9375,-49.9375],[-67.8125,-49.9375],[-67.8125,-49.8125],[-67.75,-49.8125],[-67.75,-49.75],[-67.6875,-49.75],[-67.6875,-49.625],[-67.5625,-49.625],[-67.5625,-49.5625],[-67.4375,-49.5625],[-67.4375,-49.625],[-67.25,-49.625],[-67.1875,-49.75],[-67.0625,-49.75],[-67.0625,-49.8125],[-67.125,-49.8125],[-67.1875,-49.9375],[-67.3125,-49.9375],[-67.3125,-50.0625],[-67.375,-50.0625],[-67.4375,-50.1875],[-67.6875,-50.1875],[-67.8125,-50.4375],[-68.0,-50.4375],[-68.0,-50.375],[-68.1875,-50.375],[-68.1875,-50.3125],[-68.3125,-50.3125]]],[[[-64.375,-47.9375],[-64.375,-48.125],[-64.3125,-48.125],[-64.3125,-48.1875],[-64.375,-48.1875],[-64.375,-48.5],[-64.5625,-48.5],[-64.5625,-48.625],[-64.8125,-48.625],[-64.8125,-48.6875],[-64.9375,-48.6875],[-64.9375,-48.75],[-65.3125,-48.75],[-65.3125,-48.8125],[-65.5,-48.8125],[-65.5,-48.875],[-65.625,-48.875],[-65.625,-48.9375],[-65.75,-48.9375],[-65.75,-49.0],[-65.9375,-49.0],[-65.9375,-49.0625],[-66.25,-49.0625],[-66.25,-49.0],[-66.4375,-49.0],[-66.4375,-49.0625],[-66.5,-49.0625],[-66.5,-48.9375],[-66.5625,-48.9375],[-66.5625,-48.875],[-66.625,-48.875],[-66.625,-48.8125],[-66.75,-48.75],[-66.75,-48.625],[-66.875,-48.625],[-66.875,-48.5],[-66.625,-48.5],[-66.625,-48.375],[-66.4375,-48.375],[-66.375,-48.25],[-66.25,-48.25],[-66.25,-48.1875],[-66.125,-48.1875],[-66.125,-48.0625],[-66.0,-48.0625],[-66.0,-48.0],[-65.875,-47.9375],[-65.875,-47.75],[-65.8125,-47.75],[-65.8125,-47.625],[-65.75,-47.625],[-65.75,-47.5],[-65.6875,-47.5],[-65.6875,-47.1875],[-65.75,-47.1875],[-65.8125,-47.0625],[-66.125,-47.0625],[-66.1875,-46.9375],[-66.0625,-46.9375],[-66.0625,-46.875],[-66.0,-46.875],[-66.0,-46.75],[-65.875,-46.75],[-65.8125,-46.625],[-65.6875,-46.625],[-65.6875,-46.5625],[-65.625,-46.5625],[-65.625,-46.5],[-65.5,-46.5],[-65.5,-46.4375],[-65.4375,-46.4375],[-65.4375,-46.5],[-65.375,-46.5],[-65.3125,-46.625],[-65.1875,-46.625],[-65.1875,-46.75],[-64.9375,-46.75],[-64.9375,-46.8125],[-64.8125,-46.8125],[-64.75,-46.9375],[-64.5625,-46.9375],[-64.5625,-47.1875],[-64.4375,-47.25],[-64.4375,-47.4375],[-64.375,-47.4375],[-64.375,-47.6875],[-64.4375,-47.6875],[-64.4375,-47.9375],[-64.375,-47.9375]]],[[[-65.5625,-45.125],[-65.625,-45.125],[-65.6875,-45.0],[-65.5625,-44.9375],[-65.5625,-44.8125],[-65.375,-44.8125],[-65.375,-44.875],[-65.25,-44.9375],[-65.25,-45.125],[-65.5,-45.125],[-65.5,-45.1875],[-65.5625,-45.1875],[-65.5625,-45.125]]],[[[-65.3125,-44.375],[-65.25,-44.375],[-65.25,-44.25],[-65.125,-44.25],[-65.125,-44.3125],[-65.0,-44.3125],[-65.0,-44.4375],[-65.125,-44.4375],[-65.125,-44.5],[-65.1875,-44.5],[-65.1875,-44.4375],[-65.3125,-44.4375],[-65.3125,-44.375]]],[[[-73.6875,-44.0],[-73.6875,-44.0625],[-73.4375,-44.0625],[-73.4375,-44.25],[-73.5625,-44.25],[-73.5625,-44.375],[-73.625,-44.375],[-73.625,-44.25],[-73.8125,-44.25],[-73.8125,-44.125],[-73.9375,-44.0625],[-73.9375,-44.0],[-73.8125,-44.0],[-73.8125,-43.8125],[-74.0,-43.8125],[-74.0,-44.0],[-74.25,-44.0],[-74.25,-43.9375],[-74.1875,-43.9375],[-74.1875,-43.5],[-74.3125,-43.4375],[-74.3125,-43.3125],[-74.0,-43.3125],[-74.0,-43.375],[-73.6875,-43.375],[-73.6875,-43.3125],[-73.5625,-43.25],[-73.5625,-43.0625],[-73.4375,-43.0625],[-73.4375,-42.875],[-73.25,-42.875],[-73.25,-42.9375],[-73.1875,-42.9375],[-73.1875,-43.0625],[-73.375,-43.0625],[-73.375,-43.3125],[-73.1875,-43.3125],[-73.1875,-43.25],[-73.0,-43.25],[-73.0625,-43.375],[-73.3125,-43.375],[-73.3125,-43.5625],[-73.375,-43.5625],[-73.375,-43.5],[-73.625,-43.5],[-73.625,-43.5625],[-73.6875,-43.5625],[-73.6875,-43.8125],[-73.75,-43.8125],[-73.75,-44.0],[-73.6875,-44.0]]],[[[-74.8125,-43.5625],[-74.8125,-43.4375],[-74.75,-43.4375],[-74.75,-43.5],[-74.5625,-43.5],[-74.5625,-43.625],[-74.75,-43.625],[-74.75,-43.6875],[-74.875,-43.625],[-74.875,-43.5625],[-74.8125,-43.5625]]],[[[-64.125,-43.0625],[-64.125,-43.125],[-64.5625,-43.125],[-64.5625,-43.0625],[-64.4375,-43.0625],[-64.4375,-42.8125],[-64.375,-42.8125],[-64.3125,-42.6875],[-64.1875,-42.6875],[-64.1875,-42.8125],[-64.0,-42.8125],[-64.0,-42.875],[-64.0625,-42.875],[-64.0625,-43.0625],[-64.125,-43.0625]]],[[[-73.1875,-42.5],[-73.0,-42.5],[-73.0,-42.625],[-72.8125,-42.625],[-72.8125,-42.75],[-72.75,-42.75],[-72.75,-42.8125],[-72.9375,-42.8125],[-72.9375,-42.75],[-73.125,-42.75],[-73.125,-42.6875],[-73.25,-42.6875],[-73.25,-42.625],[-73.4375,-42.625],[-73.4375,-42.5625],[-73.375,-42.5625],[-73.375,-42.5],[-73.25,-42.5],[-73.25,-42.4375],[-73.1875,-42.4375],[-73.1875,-42.5]]],[[[-73.9375,-41.6875],[-73.75,-41.6875],[-73.75,-41.625],[-73.625,-41.625],[-73.625,-41.75],[-73.4375,-41.75],[-73.4375,-41.8125],[-73.6875,-41.8125],[-73.6875,-41.875],[-73.75,-41.875],[-73.75,-41.8125],[-73.875,-41.8125],[-73.9375,-41.6875]]],[[[-62.5,-42.3125],[-62.5,-42.375],[-62.625,-42.4375],[-62.625,-42.5625],[-62.6875,-42.5625],[-62.6875,-42.625],[-62.8125,-42.625],[-62.8125,-42.6875],[-62.875,-42.6875],[-62.875,-42.75],[-62.9375,-42.75],[-62.9375,-42.8125],[-63.0,-42.8125],[-63.0,-42.875],[-63.0625,-42.875],[-63.125,-43.0],[-63.25,-43.0],[-63.25,-43.0625],[-63.625,-43.0625],[-63.625,-43.0],[-63.8125,-43.0],[-63.8125,-42.8125],[-63.75,-42.8125],[-63.75,-42.75],[-63.625,-42.75],[-63.625,-42.625],[-63.5625,-42.625],[-63.5625,-42.25],[-63.6875,-42.1875],[-63.6875,-42.0625],[-63.9375,-42.0625],[-63.9375,-42.125],[-64.125,-42.125],[-64.1875,-42.25],[-64.375,-42.25],[-64.375,-42.1875],[-64.25,-42.1875],[-64.25,-42.125],[-64.1875,-42.125],[-64.1875,-42.0],[-64.125,-42.0],[-64.125,-41.8125],[-64.0625,-41.8125],[-64.0625,-41.6875],[-64.0,-41.6875],[-64.0,-41.5625],[-63.9375,-41.5625],[-63.9375,-41.0625],[-63.875,-41.0625],[-63.875,-41.125],[-63.0,-41.125],[-63.0,-41.0625],[-62.8125,-41.0625],[-62.8125,-41.0],[-62.625,-41.0],[-62.625,-40.9375],[-62.4375,-40.9375],[-62.4375,-40.875],[-62.3125,-40.875],[-62.3125,-40.8125],[-62.25,-40.8125],[-62.25,-40.6875],[-62.1875,-40.6875],[-62.1875,-40.4375],[-61.6875,-40.1875],[-61.6875,-40.4375],[-61.625,-40.4375],[-61.625,-40.75],[-61.875,-40.75],[-61.875,-41.0],[-61.9375,-41.0],[-61.9375,-41.25],[-62.0,-41.25],[-62.0,-41.4375],[-62.0625,-41.4375],[-62.0625,-41.5625],[-62.1875,-41.625],[-62.1875,-41.75],[-62.25,-41.75],[-62.25,-42.0],[-62.3125,-42.0],[-62.3125,-42.0625],[-62.4375,-42.125],[-62.4375,-42.3125],[-62.5,-42.3125]]],[[[-61.9375,-39.25],[-61.9375,-39.375],[-62.0625,-39.375],[-62.0625,-39.1875],[-62.125,-39.1875],[-62.125,-39.125],[-62.0,-39.125],[-62.0,-38.9375],[-61.875,-38.9375],[-61.875,-39.0],[-61.9375,-39.0],[-61.9375,-39.1875],[-61.875,-39.1875],[-61.875,-39.25],[-61.9375,-39.25]]],[[[-78.5625,-33.5625],[-78.5625,-33.6875],[-78.75,-33.6875],[-78.75,-33.8125],[-78.8125,-33.8125],[-78.8125,-33.6875],[-78.9375,-33.6875],[-78.9375,-33.625],[-78.875,-33.625],[-78.875,-33.5625],[-78.5625,-33.5625]]],[[[-61.1875,13.0],[-61.0625,13.0],[-61.0625,12.9375],[-61.125,12.9375],[-61.125,12.6875],[-61.3125,12.6875],[-61.3125,12.5],[-61.375,12.5],[-61.375,12.375],[-61.4375,12.375],[-61.4375,12.5],[-61.5,12.5],[-61.5,12.5625],[-61.4375,12.5625],[-61.4375,12.6875],[-61.375,12.6875],[-61.375,12.75],[-61.25,12.75],[-61.25,13.0625],[-61.1875,13.0625],[-61.1875,13.0]]],[[[-65.0625,18.25],[-65.1875,18.25],[-65.1875,18.3125],[-64.8125,18.3125],[-64.8125,18.25],[-65.0,18.25],[-65.0,18.125],[-65.0625,18.125],[-65.0625,18.25]]],[[[-77.5,23.625],[-77.4375,23.625],[-77.4375,23.5],[-77.1875,23.5],[-77.1875,23.4375],[-77.0,23.4375],[-77.0,23.375],[-77.25,23.375],[-77.25,23.25],[-77.3125,23.25],[-77.3125,23.3125],[-77.375,23.3125],[-77.4375,23.4375],[-77.5625,23.4375],[-77.625,23.5625],[-77.75,23.5625],[-77.75,23.6875],[-77.5,23.6875],[-77.5,23.625]]],[[[-76.5,23.375],[-76.5,23.25],[-76.8125,23.25],[-76.8125,23.3125],[-76.875,23.3125],[-76.875,23.375],[-76.6875,23.375],[-76.6875,23.4375],[-76.5625,23.4375],[-76.5625,23.5],[-76.5,23.5],[-76.5,23.75],[-76.4375,23.75],[-76.4375,23.5],[-76.375,23.5],[-76.375,23.375],[-76.5,23.375]]],[[[-78.25,25.1875],[-78.25,25.3125],[-78.125,25.3125],[-78.125,25.375],[-78.0625,25.375],[-78.0625,25.3125],[-78.0,25.3125],[-78.0,25.1875],[-78.25,25.1875]]],[[[-76.25,35.125],[-76.0625,35.125],[-76.0625,35.1875],[-75.9375,35.1875],[-75.9375,35.125],[-76.0,35.125],[-76.0,35.0625],[-76.125,35.0625],[-76.125,35.0],[-76.3125,35.0],[-76.3125,35.0625],[-76.25,35.0625],[-76.25,35.125]]],[[[-75.0,39.0625],[-74.9375,39.0625],[-74.9375,39.0],[-74.875,39.0],[-74.875,38.875],[-74.9375,38.875],[-74.9375,38.8125],[-75.0625,38.875],[-75.125,39.0],[-75.0,39.0],[-75.0,39.0625]]],[[[-37.0625,-80.5],[-37.0625,-80.625],[-37.25,-80.625],[-37.25,-80.4375],[-37.1875,-80.4375],[-37.1875,-80.5],[-37.0625,-80.5]]],[[[-35.75,-79.0625],[-35.75,-79.0],[-35.6875,-79.0],[-35.625,-78.875],[-35.5,-78.875],[-35.5,-78.9375],[-35.4375,-78.9375],[-35.4375,-79.0],[-35.5625,-79.0],[-35.5625,-79.125],[-35.6875,-79.125],[-35.6875,-79.0625],[-35.75,-79.0625]]],[[[-49.3125,-77.5],[-49.3125,-77.3125],[-49.5,-77.3125],[-49.5,-77.25],[-49.0625,-77.25],[-49.0625,-77.3125],[-48.625,-77.3125],[-48.625,-77.375],[-48.4375,-77.375],[-48.4375,-77.4375],[-48.25,-77.4375],[-48.25,-77.5625],[-48.125,-77.5625],[-48.125,-77.75],[-48.4375,-77.75],[-48.4375,-77.9375],[-48.8125,-77.9375],[-48.8125,-78.0],[-48.875,-78.0],[-48.9375,-77.875],[-49.125,-77.875],[-49.125,-77.9375],[-49.5,-77.9375],[-49.5,-78.0625],[-49.6875,-78.0625],[-49.6875,-78.0],[-49.875,-78.0],[-49.875,-78.125],[-50.0,-78.125],[-50.0,-78.1875],[-50.1875,-78.1875],[-50.1875,-78.25],[-50.25,-78.25],[-50.25,-78.1875],[-50.375,-78.1875],[-50.375,-78.125],[-50.5,-78.125],[-50.5,-78.0625],[-50.75,-78.0625],[-50.75,-78.0],[-50.9375,-78.0],[-50.9375,-77.9375],[-51.25,-77.9375],[-51.25,-77.75],[-51.625,-77.75],[-51.625,-77.5625],[-51.9375,-77.5625],[-51.9375,-77.625],[-52.625,-77.625],[-52.625,-77.5625],[-52.875,-77.5625],[-52.875,-77.5],[-53.0625,-77.5],[-53.0625,-77.4375],[-53.25,-77.4375],[-53.25,-77.375],[-53.4375,-77.375],[-53.4375,-77.3125],[-53.625,-77.3125],[-53.625,-77.25],[-53.9375,-77.25],[-53.9375,-77.1875],[-54.375,-77.1875],[-54.4375,-77.0625],[-54.625,-77.0625],[-54.625,-77.0],[-54.9375,-77.0],[-54.9375,-76.9375],[-55.125,-76.9375],[-55.125,-76.875],[-54.75,-76.875],[-54.75,-76.8125],[-53.75,-76.8125],[-53.75,-76.875],[-53.25,-76.875],[-53.25,-76.9375],[-52.0625,-76.9375],[-52.0625,-76.6875],[-52.0,-76.6875],[-52.0,-76.75],[-51.75,-76.75],[-51.75,-76.8125],[-51.375,-76.8125],[-51.375,-77.0],[-50.375,-77.0],[-50.375,-77.125],[-50.1875,-77.125],[-50.1875,-77.0625],[-50.125,-77.0625],[-50.125,-77.125],[-49.9375,-77.125],[-49.9375,-77.1875],[-50.0,-77.1875],[-50.0,-77.375],[-49.9375,-77.375],[-49.9375,-77.4375],[-49.5,-77.4375],[-49.5,-77.5],[-49.3125,-77.5]]],[[[-56.1875,-76.4375],[-56.125,-76.3125],[-55.625,-76.3125],[-55.625,-76.4375],[-56.1875,-76.4375]]],[[[-58.0625,-76.125],[-58.0625,-76.0625],[-58.1875,-76.0625],[-58.1875,-76.0],[-57.5625,-76.0],[-57.5625,-76.0625],[-57.75,-76.0625],[-57.75,-76.125],[-58.0625,-76.125]]],[[[-56.8125,-75.75],[-56.8125,-75.8125],[-56.6875,-75.8125],[-56.6875,-75.875],[-56.5625,-75.875],[-56.5625,-75.9375],[-56.75,-75.9375],[-56.75,-75.875],[-57.0,-75.875],[-57.0,-75.9375],[-57.125,-75.9375],[-57.125,-75.8125],[-57.3125,-75.8125],[-57.3125,-75.75],[-57.0625,-75.75],[-57.0625,-75.6875],[-57.0,-75.6875],[-57.0,-75.75],[-56.8125,-75.75]]],[[[-16.0,-73.9375],[-15.75,-73.9375],[-15.75,-74.0],[-16.0,-74.0],[-16.0,-74.0625],[-16.0625,-74.0625],[-16.0625,-74.0],[-16.875,-74.0],[-16.8125,-73.875],[-16.0,-73.875],[-16.0,-73.9375]]],[[[-19.6875,-73.625],[-19.5,-73.625],[-19.5,-73.5625],[-18.375,-73.5625],[-18.375,-73.625],[-18.9375,-73.625],[-18.9375,-73.6875],[-19.5,-73.6875],[-19.5,-73.75],[-19.875,-73.75],[-19.875,-73.8125],[-20.5,-73.8125],[-20.5,-73.75],[-20.5625,-73.75],[-20.5625,-73.6875],[-20.6875,-73.6875],[-20.6875,-73.625],[-20.125,-73.625],[-20.125,-73.5625],[-19.6875,-73.5625],[-19.6875,-73.625]]],[[[-50.3125,-72.6875],[-50.375,-72.6875],[-50.375,-72.625],[-50.625,-72.625],[-50.625,-72.5625],[-50.9375,-72.5625],[-50.9375,-72.5],[-51.125,-72.5],[-51.125,-72.375],[-51.0625,-72.375],[-51.0625,-72.25],[-50.9375,-72.25],[-50.9375,-72.1875],[-50.8125,-72.1875],[-50.8125,-72.125],[-50.5,-72.125],[-50.5,-72.0625],[-49.4375,-72.0625],[-49.4375,-72.125],[-48.625,-72.125],[-48.625,-72.1875],[-48.25,-72.1875],[-48.25,-72.25],[-48.125,-72.25],[-48.125,-72.3125],[-47.9375,-72.3125],[-47.9375,-72.375],[-47.8125,-72.375],[-47.8125,-72.4375],[-47.6875,-72.4375],[-47.6875,-72.5],[-47.75,-72.5],[-47.75,-72.5625],[-49.125,-72.5625],[-49.125,-72.625],[-50.3125,-72.625],[-50.3125,-72.6875]]],[[[-56.625,-64.25],[-56.625,-64.375],[-56.75,-64.375],[-56.75,-64.4375],[-56.8125,-64.4375],[-56.8125,-64.375],[-56.9375,-64.375],[-56.9375,-64.3125],[-56.75,-64.3125],[-56.75,-64.25],[-56.625,-64.25]]],[[[-54.625,-63.4375],[-54.625,-63.5],[-54.75,-63.5],[-54.75,-63.4375],[-54.875,-63.4375],[-54.875,-63.375],[-55.125,-63.375],[-55.125,-63.3125],[-55.0,-63.3125],[-55.0,-63.25],[-54.6875,-63.25],[-54.6875,-63.3125],[-54.375,-63.3125],[-54.4375,-63.4375],[-54.625,-63.4375]]],[[[-56.5625,-63.125],[-56.625,-63.125],[-56.625,-63.1875],[-56.75,-63.1875],[-56.75,-63.3125],[-56.8125,-63.3125],[-56.8125,-63.375],[-56.875,-63.375],[-56.875,-63.3125],[-57.0,-63.3125],[-57.0625,-63.1875],[-56.8125,-63.1875],[-56.8125,-63.0],[-56.9375,-63.0],[-56.9375,-62.9375],[-56.625,-62.9375],[-56.625,-63.0],[-56.5625,-63.0],[-56.5625,-63.125]]],[[[-59.25,-62.375],[-59.4375,-62.375],[-59.4375,-62.3125],[-59.625,-62.3125],[-59.625,-62.375],[-59.6875,-62.375],[-59.75,-62.25],[-59.6875,-62.25],[-59.6875,-62.1875],[-59.3125,-62.1875],[-59.3125,-62.125],[-59.0625,-62.125],[-59.0625,-62.1875],[-59.125,-62.1875],[-59.125,-62.3125],[-59.25,-62.3125],[-59.25,-62.375]]],[[[-55.375,-61.1875],[-55.375,-61.25],[-55.5,-61.25],[-55.5,-61.0625],[-55.4375,-61.0625],[-55.4375,-61.125],[-55.25,-61.125],[-55.25,-61.1875],[-55.375,-61.1875]]],[[[-44.1875,-60.5625],[-44.1875,-60.625],[-44.3125,-60.625],[-44.375,-60.75],[-44.625,-60.75],[-44.625,-60.6875],[-45.3125,-60.6875],[-45.3125,-60.625],[-45.5,-60.625],[-45.5,-60.5625],[-45.125,-60.5625],[-45.125,-60.625],[-44.5625,-60.625],[-44.5,-60.5],[-44.4375,-60.5],[-44.4375,-60.5625],[-44.1875,-60.5625]]],[[[-46.6875,-60.5],[-46.6875,-60.5625],[-47.0625,-60.5625],[-47.0625,-60.5],[-46.6875,-60.5]]],[[[-45.5,-60.5625],[-45.8125,-60.5625],[-45.8125,-60.625],[-45.875,-60.625],[-45.875,-60.5625],[-46.0625,-60.5625],[-46.0625,-60.375],[-46.0,-60.375],[-46.0,-60.4375],[-45.6875,-60.4375],[-45.6875,-60.375],[-45.625,-60.375],[-45.625,-60.5],[-45.5,-60.5],[-45.5,-60.5625]]],[[[-46.625,-60.4375],[-46.5,-60.4375],[-46.5,-60.3125],[-46.4375,-60.3125],[-46.4375,-60.4375],[-46.25,-60.4375],[-46.25,-60.5],[-46.625,-60.5],[-46.625,-60.4375]]],[[[-57.75,-51.5],[-57.75,-51.4375],[-57.8125,-51.4375],[-57.8125,-51.375],[-58.0,-51.375],[-58.0,-51.25],[-57.9375,-51.25],[-57.9375,-51.1875],[-57.625,-51.1875],[-57.625,-51.25],[-57.5,-51.25],[-57.5,-51.375],[-57.5625,-51.375],[-57.5625,-51.5],[-57.75,-51.5]]],[[[-6.75,-39.625],[-6.75,-39.5625],[-6.6875,-39.5625],[-6.6875,-39.375],[-6.625,-39.375],[-6.625,-39.5625],[-6.5625,-39.5625],[-6.5625,-39.625],[-6.75,-39.625]]],[[[-48.1875,-25.4375],[-48.25,-25.5625],[-48.375,-25.5625],[-48.375,-25.5],[-48.4375,-25.5],[-48.4375,-25.4375],[-48.3125,-25.4375],[-48.3125,-25.375],[-48.1875,-25.4375]]],[[[-37.75,-18.375],[-37.8125,-18.375],[-37.8125,-18.0625],[-37.625,-18.0625],[-37.625,-18.125],[-37.75,-18.125],[-37.75,-18.375]]],[[[-35.8125,-17.875],[-35.875,-17.875],[-35.9375,-18.0],[-36.0625,-17.9375],[-36.0,-17.8125],[-35.875,-17.8125],[-35.875,-17.75],[-35.8125,-17.75],[-35.8125,-17.875]]],[[[-50.6875,-0.3125],[-50.6875,-0.4375],[-50.8125,-0.5],[-50.8125,-0.375],[-50.75,-0.375],[-50.75,-0.25],[-50.625,-0.25],[-50.625,-0.3125],[-50.6875,-0.3125]]],[[[-45.125,0.375],[-45.125,0.4375],[-45.3125,0.4375],[-45.3125,0.5],[-45.0625,0.5],[-45.0625,0.4375],[-44.9375,0.4375],[-44.9375,0.375],[-45.125,0.375]]],[[[-49.75,3.3125],[-49.75,3.25],[-49.625,3.25],[-49.625,3.1875],[-49.5625,3.1875],[-49.5625,3.0625],[-49.5,3.0625],[-49.4375,2.9375],[-49.3125,2.9375],[-49.3125,2.875],[-49.25,2.875],[-49.25,2.8125],[-49.1875,2.8125],[-49.1875,2.75],[-49.125,2.75],[-49.125,2.6875],[-49.0625,2.6875],[-49.0,2.5625],[-48.875,2.5625],[-48.875,2.4375],[-48.8125,2.4375],[-48.8125,2.25],[-48.75,2.25],[-48.75,2.1875],[-48.625,2.125],[-48.625,1.9375],[-48.5,1.875],[-48.5,1.75],[-48.375,1.6875],[-48.375,1.5625],[-48.3125,1.5625],[-48.3125,1.5],[-48.25,1.5],[-48.25,1.4375],[-48.1875,1.4375],[-48.1875,1.375],[-48.0625,1.3125],[-48.0625,1.1875],[-48.0,1.1875],[-48.0,1.0625],[-47.9375,1.0625],[-47.9375,0.9375],[-47.8125,0.9375],[-47.8125,0.875],[-47.6875,0.875],[-47.6875,0.8125],[-47.5625,0.8125],[-47.5625,0.75],[-47.3125,0.75],[-47.3125,0.875],[-47.25,0.875],[-47.25,1.0625],[-47.125,1.0625],[-47.125,1.0],[-46.6875,1.0],[-46.6875,0.9375],[-46.4375,0.9375],[-46.4375,0.875],[-46.25,0.875],[-46.25,1.0625],[-46.1875,1.0625],[-46.1875,0.875],[-46.0,0.875],[-46.0,0.9375],[-45.9375,0.9375],[-45.9375,0.875],[-45.6875,0.875],[-45.6875,0.75],[-45.9375,0.75],[-45.9375,0.5625],[-45.875,0.5625],[-45.875,0.5],[-45.6875,0.5],[-45.6875,0.4375],[-45.625,0.4375],[-45.625,0.3125],[-45.5,0.3125],[-45.4375,0.1875],[-45.3125,0.1875],[-45.25,0.0625],[-45.0625,0.0625],[-45.0,-0.0625],[-44.875,-0.0625],[-44.875,-0.125],[-44.75,-0.125],[-44.75,-0.1875],[-44.375,-0.1875],[-44.375,-0.25],[-44.3125,-0.25],[-44.3125,-0.3125],[-44.25,-0.3125],[-44.1875,-0.4375],[-43.9375,-0.4375],[-43.9375,-0.5],[-44.0,-0.5],[-44.0,-0.6875],[-43.9375,-0.6875],[-43.9375,-0.8125],[-43.8125,-0.875],[-43.8125,-1.0],[-43.625,-1.0],[-43.625,-0.9375],[-43.5625,-0.9375],[-43.5625,-1.0625],[-43.75,-1.0625],[-43.75,-1.25],[-43.6875,-1.25],[-43.6875,-1.375],[-43.625,-1.375],[-43.625,-1.4375],[-43.5625,-1.4375],[-43.5625,-1.5],[-43.4375,-1.5625],[-43.4375,-1.6875],[-43.375,-1.6875],[-43.375,-1.8125],[-43.25,-1.875],[-43.25,-2.0625],[-43.3125,-2.0625],[-43.3125,-2.3125],[-43.5,-2.3125],[-43.5,-2.25],[-43.6875,-2.25],[-43.6875,-2.3125],[-43.75,-2.3125],[-43.75,-2.375],[-43.875,-2.4375],[-43.875,-2.5625],[-43.9375,-2.5625],[-43.9375,-2.625],[-44.0625,-2.625],[-44.0625,-2.4375],[-44.25,-2.4375],[-44.25,-2.5],[-44.3125,-2.5],[-44.3125,-2.6875],[-44.375,-2.6875],[-44.375,-2.9375],[-44.4375,-2.9375],[-44.4375,-3.0],[-44.5625,-3.0625],[-44.5625,-2.9375],[-44.5,-2.9375],[-44.5,-2.625],[-44.5625,-2.625],[-44.5625,-2.5625],[-44.4375,-2.5],[-44.4375,-2.375],[-44.375,-2.375],[-44.375,-2.1875],[-44.25,-2.1875],[-44.25,-1.6875],[-44.3125,-1.6875],[-44.3125,-1.5625],[-44.375,-1.5625],[-44.375,-1.5],[-44.5,-1.4375],[-44.5,-1.3125],[-44.625,-1.3125],[-44.625,-1.25],[-44.6875,-1.25],[-44.6875,-1.125],[-44.75,-1.125],[-44.75,-1.0625],[-44.875,-1.0625],[-44.9375,-0.9375],[-45.0625,-0.9375],[-45.0625,-0.875],[-45.125,-0.875],[-45.125,-0.6875],[-45.0625,-0.6875],[-45.0625,-0.625],[-44.875,-0.625],[-44.875,-0.4375],[-44.9375,-0.4375],[-44.9375,-0.375],[-45.0625,-0.375],[-45.0625,-0.3125],[-45.125,-0.3125],[-45.125,-0.25],[-45.1875,-0.25],[-45.25,-0.125],[-45.5,-0.125],[-45.5,-0.1875],[-45.5625,-0.1875],[-45.5625,-0.375],[-45.5,-0.375],[-45.5,-0.4375],[-45.375,-0.5],[-45.375,-0.75],[-45.5625,-0.75],[-45.5625,-0.6875],[-45.6875,-0.6875],[-45.6875,-0.625],[-45.875,-0.625],[-45.875,-0.5625],[-46.0,-0.5625],[-46.0,-0.5],[-46.125,-0.5],[-46.125,-0.4375],[-46.3125,-0.4375],[-46.3125,-0.5],[-46.375,-0.5],[-46.375,-0.4375],[-46.5,-0.4375],[-46.5,-0.375],[-46.6875,-0.375],[-46.6875,-0.3125],[-46.875,-0.3125],[-46.875,-0.375],[-47.0,-0.375],[-47.0,-0.4375],[-47.0625,-0.4375],[-47.0625,-0.625],[-47.1875,-0.625],[-47.1875,-0.5625],[-47.875,-0.5625],[-47.875,-0.625],[-48.0625,-0.625],[-48.0625,-0.75],[-48.125,-0.75],[-48.125,-0.8125],[-48.25,-0.875],[-48.25,-1.0],[-48.375,-1.0],[-48.375,-1.125],[-48.4375,-1.125],[-48.4375,-1.25],[-48.5,-1.25],[-48.5,-1.3125],[-48.5625,-1.3125],[-48.5625,-1.375],[-48.625,-1.375],[-48.625,-1.4375],[-48.6875,-1.4375],[-48.75,-1.5625],[-48.9375,-1.5625],[-48.9375,-1.625],[-49.0625,-1.6875],[-49.0625,-1.8125],[-49.125,-1.8125],[-49.125,-1.875],[-49.25,-1.9375],[-49.25,-2.0625],[-49.3125,-2.0625],[-49.3125,-2.25],[-49.4375,-2.25],[-49.4375,-2.0625],[-49.375,-2.0625],[-49.375,-1.8125],[-49.625,-1.8125],[-49.625,-1.875],[-49.8125,-1.875],[-49.8125,-1.8125],[-49.6875,-1.8125],[-49.6875,-1.75],[-49.5625,-1.75],[-49.5625,-1.6875],[-49.3125,-1.6875],[-49.3125,-1.625],[-49.125,-1.625],[-49.125,-1.5625],[-49.0,-1.5625],[-49.0,-1.5],[-48.875,-1.5],[-48.875,-1.4375],[-48.75,-1.375],[-48.75,-1.125],[-48.6875,-1.125],[-48.6875,-1.0625],[-48.5625,-1.0],[-48.5625,-0.875],[-48.4375,-0.8125],[-48.4375,-0.4375],[-48.3125,-0.4375],[-48.3125,-0.25],[-48.4375,-0.25],[-48.4375,-0.1875],[-48.6875,-0.1875],[-48.6875,-0.25],[-48.75,-0.25],[-48.8125,-0.125],[-49.3125,-0.125],[-49.3125,-0.1875],[-49.875,-0.1875],[-49.875,-0.125],[-50.4375,-0.125],[-50.4375,-0.1875],[-50.5625,-0.1875],[-50.5625,-0.125],[-50.5,-0.125],[-50.5,0.0],[-50.125,0.0],[-50.125,-0.0625],[-49.9375,-0.0625],[-49.9375,0.0],[-49.875,0.0],[-49.875,-0.0625],[-49.6875,-0.0625],[-49.6875,-0.125],[-49.5,-0.125],[-49.5,-0.0625],[-49.375,-0.0625],[-49.375,0.0],[-49.25,0.0],[-49.25,0.25],[-49.3125,0.25],[-49.3125,0.375],[-49.4375,0.375],[-49.4375,0.5625],[-49.5625,0.5625],[-49.5625,0.625],[-49.9375,0.625],[-49.9375,0.5625],[-50.0625,0.5625],[-50.0625,0.625],[-50.375,0.625],[-50.375,0.4375],[-50.4375,0.4375],[-50.4375,0.3125],[-50.5,0.3125],[-50.5,0.25],[-50.5625,0.25],[-50.5625,0.1875],[-50.625,0.1875],[-50.6875,0.0625],[-50.875,0.0625],[-50.9375,-0.0625],[-51.0625,-0.0625],[-51.0625,0.0625],[-51.0,0.0625],[-50.9375,0.1875],[-50.8125,0.1875],[-50.75,0.3125],[-50.625,0.3125],[-50.625,0.375],[-50.5625,0.375],[-50.5625,0.5],[-50.5,0.5],[-50.5,0.625],[-50.4375,0.625],[-50.375,0.75],[-50.25,0.75],[-50.25,0.8125],[-50.0,0.8125],[-50.0,0.875],[-49.9375,0.875],[-49.9375,1.0625],[-49.875,1.0625],[-49.875,1.6875],[-49.9375,1.6875],[-50.0,1.8125],[-50.375,1.8125],[-50.375,1.875],[-50.4375,1.875],[-50.4375,1.9375],[-50.5625,2.0],[-50.5625,2.125],[-50.6875,2.1875],[-50.6875,2.375],[-50.75,2.375],[-50.75,2.5],[-50.8125,2.5],[-50.8125,2.75],[-50.875,2.75],[-50.875,2.875],[-50.9375,2.875],[-50.9375,3.0625],[-51.0,3.0625],[-51.0,3.25],[-51.0625,3.25],[-51.0625,3.875],[-51.125,3.875],[-51.125,4.125],[-51.0625,4.125],[-51.0625,4.0],[-51.0,4.0],[-51.0,3.875],[-50.9375,3.875],[-50.9375,3.8125],[-50.75,3.8125],[-50.75,3.875],[-50.625,3.875],[-50.625,3.8125],[-50.5625,3.8125],[-50.5625,3.75],[-50.5,3.75],[-50.4375,3.625],[-50.3125,3.625],[-50.25,3.5],[-50.125,3.5],[-50.125,3.4375],[-49.9375,3.4375],[-49.875,3.3125],[-49.75,3.3125]]],[[[-15.1875,11.0],[-15.3125,11.0],[-15.3125,10.625],[-15.1875,10.625],[-15.1875,10.5625],[-14.9375,10.5625],[-14.9375,10.5],[-14.75,10.5],[-14.75,10.3125],[-15.25,10.3125],[-15.25,10.375],[-15.375,10.375],[-15.375,10.4375],[-15.5625,10.4375],[-15.5625,10.3125],[-15.625,10.3125],[-15.625,10.25],[-15.75,10.25],[-15.75,10.3125],[-15.875,10.3125],[-15.875,10.375],[-16.0,10.375],[-16.0,10.4375],[-16.125,10.4375],[-16.125,10.5],[-16.25,10.5],[-16.25,10.5625],[-16.3125,10.5625],[-16.3125,10.625],[-16.375,10.625],[-16.375,10.6875],[-16.4375,10.6875],[-16.4375,10.75],[-16.5,10.75],[-16.5,10.8125],[-16.625,10.875],[-16.625,11.0],[-16.6875,11.0],[-16.6875,11.0625],[-16.8125,11.125],[-16.8125,11.25],[-16.875,11.25],[-16.875,11.4375],[-16.9375,11.4375],[-16.9375,11.8125],[-17.0,11.8125],[-17.0,12.0625],[-16.9375,12.0625],[-16.9375,11.875],[-16.6875,11.875],[-16.6875,11.75],[-16.375,11.75],[-16.375,11.875],[-16.1875,11.875],[-16.1875,11.8125],[-15.8125,11.8125],[-15.8125,11.6875],[-15.875,11.6875],[-15.875,11.5],[-15.625,11.5],[-15.625,11.625],[-15.5625,11.625],[-15.5625,11.3125],[-15.5,11.3125],[-15.5,11.25],[-15.375,11.25],[-15.375,11.0625],[-15.1875,11.0625],[-15.1875,11.0]],[[-16.5,11.375],[-16.5,11.5625],[-16.6875,11.5625],[-16.6875,11.375],[-16.5,11.375]],[[-15.875,11.0625],[-15.875,11.25],[-16.125,11.25],[-16.125,11.125],[-16.3125,11.125],[-16.3125,10.9375],[-16.0625,10.9375],[-16.0625,11.0625],[-15.875,11.0625]]],[[[-17.125,20.1875],[-17.0625,20.1875],[-17.0625,20.125],[-16.875,20.125],[-16.875,20.25],[-16.8125,20.25],[-16.8125,19.9375],[-16.75,19.9375],[-16.75,19.875],[-16.5625,19.875],[-16.5625,19.8125],[-16.5,19.8125],[-16.5,19.75],[-16.6875,19.75],[-16.6875,19.5625],[-16.75,19.5625],[-16.75,19.625],[-16.8125,19.625],[-16.8125,19.6875],[-16.875,19.6875],[-16.875,19.75],[-16.9375,19.75],[-16.9375,19.8125],[-17.0625,19.875],[-17.0625,20.0625],[-17.125,20.0625],[-17.125,20.1875]]],[[[-28.5625,30.0625],[-28.4375,30.0],[-28.4375,29.8125],[-28.5625,29.875],[-28.5625,30.0625]]],[[[-12.9375,64.1875],[-13.4375,64.1875],[-13.4375,64.25],[-13.0625,64.25],[-13.0625,64.3125],[-12.875,64.3125],[-12.9375,64.1875]]],[[[-14.375,64.5],[-14.375,64.4375],[-14.125,64.4375],[-14.125,64.375],[-14.5625,64.375],[-14.5,64.5],[-14.375,64.5]]],[[[-13.5,64.9375],[-13.5,65.1875],[-13.3125,65.1875],[-13.3125,65.25],[-13.0625,65.25],[-13.0625,65.125],[-13.0,65.125],[-13.0,65.0625],[-13.25,65.0625],[-13.25,65.0],[-13.375,65.0],[-13.375,64.8125],[-13.1875,64.8125],[-13.1875,64.5625],[-13.3125,64.5625],[-13.3125,64.625],[-13.5,64.625],[-13.5,64.6875],[-13.6875,64.6875],[-13.6875,64.75],[-13.8125,64.75],[-13.875,64.875],[-13.75,64.875],[-13.75,64.9375],[-13.5,64.9375]]],[[[-24.375,65.5],[-24.375,65.4375],[-24.4375,65.4375],[-24.4375,65.5],[-24.6875,65.5],[-24.6875,65.4375],[-24.8125,65.4375],[-24.8125,65.5625],[-24.875,65.5625],[-24.875,65.625],[-24.5625,65.625],[-24.5625,65.6875],[-24.3125,65.6875],[-24.3125,65.5625],[-24.25,65.5625],[-24.25,65.5],[-24.375,65.5]]],[[[-37.75,65.8125],[-37.875,65.8125],[-37.875,65.625],[-37.9375,65.625],[-37.9375,65.6875],[-38.125,65.6875],[-38.125,65.875],[-38.0,65.875],[-38.0,65.9375],[-37.9375,65.9375],[-37.9375,66.0625],[-37.875,66.0625],[-37.875,66.0],[-37.6875,66.0],[-37.6875,65.9375],[-37.75,65.9375],[-37.75,65.8125]]],[[[-23.75,66.0625],[-24.125,66.0625],[-24.125,66.125],[-23.75,66.125],[-23.75,66.0625]]],[[[-19.0,78.125],[-18.9375,78.0],[-19.125,78.0],[-19.125,78.0625],[-19.1875,78.0625],[-19.1875,78.125],[-19.0,78.125]]],[[[25.125,-70.4375],[25.125,-70.5],[24.5625,-70.5],[24.5625,-70.5625],[24.5,-70.5625],[24.5,-70.5],[24.3125,-70.5],[24.3125,-70.4375],[24.125,-70.4375],[24.125,-70.375],[24.5,-70.375],[24.5,-70.3125],[24.75,-70.3125],[24.75,-70.375],[25.25,-70.375],[25.25,-70.4375],[25.125,-70.4375]]],[[[42.6875,-46.3125],[42.6875,-46.25],[42.5625,-46.25],[42.5625,-46.125],[42.75,-46.125],[42.75,-46.3125],[42.6875,-46.3125]]],[[[42.25,-45.9375],[42.25,-46.0],[42.4375,-46.0],[42.4375,-46.0625],[42.125,-46.0625],[42.125,-46.0],[42.25,-45.9375]]],[[[43.9375,-24.5],[43.9375,-24.75],[44.0,-24.75],[44.0,-24.8125],[43.8125,-24.8125],[43.8125,-24.6875],[43.75,-24.6875],[43.75,-24.625],[43.875,-24.625],[43.875,-24.5],[43.9375,-24.5]]],[[[35.9375,-20.3125],[35.9375,-20.4375],[35.875,-20.4375],[35.875,-20.5625],[35.8125,-20.5625],[35.8125,-20.625],[35.75,-20.625],[35.75,-20.6875],[35.6875,-20.6875],[35.6875,-20.75],[35.625,-20.75],[35.625,-20.8125],[35.5,-20.875],[35.5,-21.0625],[35.4375,-21.0625],[35.4375,-20.75],[35.25,-20.75],[35.25,-20.8125],[35.1875,-20.8125],[35.1875,-20.9375],[35.125,-20.9375],[35.125,-20.8125],[35.0625,-20.8125],[35.0625,-20.75],[34.9375,-20.6875],[34.9375,-20.5625],[35.0,-20.5625],[35.0,-20.4375],[35.25,-20.4375],[35.25,-20.3125],[35.3125,-20.3125],[35.3125,-20.1875],[35.375,-20.1875],[35.375,-20.0625],[35.4375,-20.0625],[35.4375,-20.4375],[35.625,-20.4375],[35.625,-20.375],[35.6875,-20.375],[35.6875,-20.1875],[35.8125,-20.1875],[35.8125,-19.9375],[35.9375,-19.9375],[35.9375,-19.875],[36.0,-19.875],[36.0,-19.8125],[36.0625,-19.8125],[36.0625,-19.75],[36.1875,-19.6875],[36.1875,-19.5625],[36.375,-19.5625],[36.375,-19.5],[36.5,-19.4375],[36.5,-19.25],[36.6875,-19.25],[36.6875,-19.1875],[36.75,-19.1875],[36.75,-19.0],[36.875,-19.0],[36.875,-19.125],[36.8125,-19.125],[36.8125,-19.25],[36.75,-19.25],[36.75,-19.375],[36.625,-19.4375],[36.625,-19.625],[36.4375,-19.625],[36.4375,-19.75],[36.375,-19.75],[36.375,-19.8125],[36.25,-19.8125],[36.25,-19.875],[36.125,-19.9375],[36.125,-20.125],[36.0,-20.1875],[36.0,-20.3125],[35.9375,-20.3125]]],[[[43.375,-17.5],[43.4375,-17.5],[43.4375,-17.75],[43.375,-17.75],[43.375,-17.5625],[43.3125,-17.5625],[43.3125,-17.4375],[43.25,-17.4375],[43.25,-17.375],[43.375,-17.3125],[43.375,-17.5]]],[[[43.375,-16.625],[43.5625,-16.625],[43.5625,-16.5625],[43.625,-16.5625],[43.625,-16.5],[43.6875,-16.5],[43.6875,-16.4375],[43.8125,-16.375],[43.8125,-16.5],[43.75,-16.5],[43.75,-16.625],[43.625,-16.625],[43.625,-16.6875],[43.375,-16.6875],[43.375,-16.625]]],[[[50.5,-10.5],[50.5,-10.375],[50.5625,-10.375],[50.5625,-10.25],[50.6875,-10.25],[50.6875,-10.3125],[50.625,-10.3125],[50.625,-10.5],[50.5,-10.5]]],[[[50.6875,25.75],[50.6875,25.8125],[50.625,25.8125],[50.625,26.0625],[50.6875,26.0625],[50.6875,26.125],[50.875,26.125],[50.875,26.0625],[51.0625,26.0625],[51.0625,26.0],[50.9375,25.9375],[50.9375,25.75],[50.6875,25.75]]],[[[50.1875,26.125],[50.1875,26.1875],[50.25,26.1875],[50.25,26.4375],[50.3125,26.4375],[50.3125,26.375],[50.4375,26.375],[50.4375,26.3125],[50.5625,26.3125],[50.5625,26.25],[50.5,26.25],[50.5,26.125],[50.1875,26.125]]],[[[43.9375,67.5],[43.8125,67.4375],[43.8125,67.1875],[44.125,67.1875],[44.125,67.125],[44.1875,67.125],[44.1875,67.0],[44.125,67.0],[44.125,66.8125],[44.0625,66.8125],[44.0625,66.75],[43.9375,66.75],[43.9375,66.6875],[43.8125,66.6875],[43.8125,66.625],[43.6875,66.625],[43.6875,66.5625],[43.5625,66.5625],[43.5625,66.375],[43.5,66.375],[43.5,66.4375],[42.6875,66.4375],[42.6875,66.5],[42.4375,66.5],[42.4375,66.5625],[42.125,66.5625],[42.125,66.5],[42.0625,66.5],[42.0,66.375],[41.9375,66.375],[41.9375,66.4375],[41.625,66.4375],[41.625,66.3125],[41.5,66.3125],[41.5,66.1875],[41.3125,66.1875],[41.3125,66.0625],[40.8125,66.0625],[40.8125,66.0],[40.6875,66.0],[40.6875,65.9375],[40.5625,65.9375],[40.5625,65.875],[40.4375,65.875],[40.4375,65.8125],[40.3125,65.8125],[40.3125,65.75],[40.125,65.75],[40.125,65.6875],[39.875,65.6875],[39.875,65.625],[39.8125,65.625],[39.75,65.5],[39.625,65.5],[39.625,65.625],[39.5,65.625],[39.5,65.6875],[39.3125,65.6875],[39.3125,65.75],[39.125,65.75],[39.125,65.8125],[39.0,65.8125],[39.0,65.875],[38.6875,65.875],[38.6875,65.9375],[38.5625,65.9375],[38.5625,66.0],[38.375,66.0],[38.375,66.0625],[39.0,66.0625],[39.0,66.125],[39.25,66.125],[39.25,66.1875],[39.625,66.1875],[39.625,66.25],[40.0,66.25],[40.0,66.3125],[40.1875,66.3125],[40.1875,66.375],[40.375,66.375],[40.375,66.4375],[40.5625,66.4375],[40.5625,66.5],[40.6875,66.5],[40.75,66.625],[40.875,66.625],[40.875,66.6875],[41.0,66.6875],[41.0,66.75],[41.125,66.75],[41.125,66.8125],[41.25,66.8125],[41.25,66.875],[41.3125,66.875],[41.3125,67.0],[41.375,67.0],[41.375,67.25],[41.25,67.25],[41.25,67.3125],[41.1875,67.3125],[41.1875,67.4375],[41.125,67.4375],[41.125,67.5625],[41.0625,67.5625],[41.0625,67.75],[40.8125,67.75],[40.8125,67.8125],[40.5625,67.8125],[40.5625,67.875],[40.375,67.875],[40.375,67.9375],[40.25,67.9375],[40.25,68.0],[40.0625,68.0],[40.0,68.125],[39.6875,68.125],[39.6875,68.3125],[39.625,68.3125],[39.625,68.375],[39.75,68.375],[39.75,68.4375],[40.0625,68.4375],[40.0625,68.5],[40.625,68.5],[40.625,68.5625],[40.6875,68.5625],[40.6875,68.5],[40.875,68.5],[40.875,68.5625],[41.1875,68.5625],[41.1875,68.625],[41.4375,68.625],[41.4375,68.6875],[41.625,68.6875],[41.625,68.625],[42.3125,68.625],[42.3125,68.5625],[42.75,68.5625],[42.75,68.625],[42.875,68.625],[42.875,68.6875],[43.0,68.6875],[43.0,68.75],[43.375,68.75],[43.375,68.6875],[43.3125,68.6875],[43.3125,68.5625],[42.9375,68.5625],[42.9375,68.5],[42.75,68.5],[42.75,68.375],[42.6875,68.375],[42.6875,68.1875],[42.75,68.1875],[42.75,68.125],[42.9375,68.125],[42.9375,68.0625],[43.5625,68.0625],[43.5625,68.0],[43.8125,68.0],[43.8125,67.9375],[43.875,67.9375],[43.875,67.625],[43.9375,67.625],[43.9375,67.5]]],[[[48.0625,67.75],[48.0,67.625],[47.875,67.625],[47.875,67.375],[47.75,67.3125],[47.75,67.1875],[47.5625,67.1875],[47.5625,67.25],[46.5625,67.25],[46.5625,67.3125],[46.3125,67.3125],[46.3125,67.375],[46.1875,67.375],[46.1875,67.4375],[46.0625,67.4375],[46.0625,67.5],[46.0,67.5],[46.0,67.75],[46.125,67.75],[46.125,67.8125],[46.6875,67.8125],[46.6875,68.0625],[46.625,68.0625],[46.625,68.125],[46.5,68.1875],[46.5,68.375],[46.1875,68.375],[46.1875,68.4375],[46.125,68.4375],[46.125,68.5],[46.0,68.5],[46.0,68.5625],[46.375,68.5625],[46.375,68.5],[46.5,68.5],[46.5,68.4375],[46.625,68.4375],[46.625,68.375],[47.0,68.375],[47.0,68.3125],[47.25,68.3125],[47.25,68.25],[47.4375,68.25],[47.4375,68.1875],[47.5625,68.1875],[47.5625,68.125],[47.75,68.125],[47.75,68.0625],[47.8125,68.0625],[47.8125,68.0],[47.9375,67.9375],[47.9375,67.8125],[48.0625,67.75]]],[[[18.3125,75.25],[18.3125,75.4375],[18.75,75.4375],[18.75,75.375],[19.0625,75.375],[19.0625,75.4375],[19.125,75.4375],[19.1875,75.3125],[20.0,75.3125],[20.0,75.375],[20.4375,75.375],[20.4375,75.4375],[20.6875,75.4375],[20.6875,75.5],[21.0625,75.5],[21.0625,75.5625],[21.1875,75.5625],[21.1875,75.75],[20.9375,75.75],[20.9375,75.8125],[20.125,75.8125],[20.125,75.875],[21.25,75.875],[21.25,75.9375],[21.5,75.9375],[21.5,76.0],[21.875,76.0],[21.875,75.875],[21.5625,75.875],[21.5625,75.5],[21.4375,75.5],[21.4375,75.4375],[21.3125,75.375],[21.3125,75.3125],[21.1875,75.3125],[21.13125,75.2],[18.1875,75.2],[18.1875,75.25],[18.3125,75.25]]],[[[16.0625,76.625],[17.0,76.625],[17.0,76.5625],[17.0625,76.5625],[17.0625,76.5],[16.875,76.5],[16.8125,76.375],[16.125,76.375],[16.125,76.4375],[16.0,76.5],[16.0625,76.625]]],[[[24.625,76.9375],[24.625,76.875],[24.75,76.875],[24.75,76.8125],[25.625,76.8125],[25.625,76.75],[25.6875,76.75],[25.6875,76.6875],[25.625,76.6875],[25.625,76.625],[25.5,76.625],[25.5,76.4375],[25.25,76.4375],[25.25,76.375],[24.6875,76.375],[24.6875,76.5625],[24.625,76.5625],[24.625,76.625],[24.5,76.625],[24.5,76.875],[24.625,76.9375]]],[[[21.6875,76.8125],[21.375,76.8125],[21.3125,76.6875],[21.25,76.6875],[21.25,76.75],[21.125,76.75],[21.125,76.8125],[21.1875,76.8125],[21.1875,76.9375],[21.4375,76.9375],[21.4375,77.0],[21.5625,77.0],[21.5625,77.0625],[21.75,77.0625],[21.875,77.3125],[22.375,77.3125],[22.375,77.4375],[22.4375,77.4375],[22.4375,77.3125],[23.0,77.3125],[23.0,77.25],[22.9375,77.25],[22.9375,77.1875],[22.8125,77.1875],[22.8125,77.125],[22.75,77.125],[22.75,77.1875],[22.5625,77.1875],[22.5625,77.125],[22.4375,77.125],[22.4375,77.0625],[22.3125,77.0625],[22.3125,76.9375],[22.0625,76.9375],[22.0625,76.875],[21.6875,76.875],[21.6875,76.8125]]],[[[22.3125,78.3125],[22.3125,78.25],[21.9375,78.25],[21.9375,78.3125],[22.3125,78.3125]]],[[[29.6875,78.875],[29.375,78.875],[29.375,78.9375],[29.625,78.9375],[29.625,79.0],[29.75,79.0],[29.6875,78.875]]],[[[32.0,80.0625],[31.375,80.0625],[31.375,80.125],[32.0,80.125],[32.0,80.0625]]],[[[36.3125,80.125],[36.3125,80.1875],[36.0625,80.1875],[36.0625,80.25],[37.125,80.25],[37.125,80.1875],[37.1875,80.1875],[37.1875,80.125],[36.625,80.125],[36.625,80.0625],[36.5625,80.0625],[36.5625,80.125],[36.3125,80.125]]],[[[27.5625,80.1875],[27.5625,80.125],[27.4375,80.125],[27.4375,80.0625],[27.3125,80.125],[27.375,80.25],[27.4375,80.25],[27.4375,80.1875],[27.5625,80.1875]]],[[[33.0625,80.25],[33.0625,80.3125],[32.875,80.3125],[32.875,80.375],[33.125,80.375],[33.125,80.3125],[33.5625,80.3125],[33.5625,80.25],[33.0625,80.25]]],[[[73.75,-52.875],[73.75,-52.9375],[73.9375,-52.9375],[73.9375,-53.0],[74.0625,-53.0],[74.0625,-53.0625],[73.6875,-53.0625],[73.6875,-53.1875],[73.5,-53.1875],[73.5,-53.25],[73.0625,-53.25],[73.0625,-53.1875],[73.125,-53.1875],[73.125,-52.875],[73.25,-52.875],[73.25,-52.8125],[73.5625,-52.8125],[73.5625,-52.875],[73.75,-52.875]]],[[[72.625,-52.875],[72.625,-52.9375],[72.6875,-52.9375],[72.6875,-53.0625],[72.5625,-53.0625],[72.5625,-53.0],[72.5,-53.0],[72.5,-52.9375],[72.5625,-52.9375],[72.5625,-52.875],[72.625,-52.875]]],[[[74.375,-52.8125],[74.375,-52.875],[74.25,-52.875],[74.25,-52.625],[74.375,-52.625],[74.4375,-52.5],[74.6875,-52.5],[74.6875,-52.625],[74.625,-52.625],[74.625,-52.6875],[74.5625,-52.6875],[74.5,-52.8125],[74.375,-52.8125]]],[[[76.5625,-51.625],[76.5625,-51.6875],[76.5,-51.6875],[76.5,-51.8125],[76.0625,-51.8125],[76.0625,-51.625],[76.0,-51.625],[76.0,-51.5],[75.9375,-51.5],[75.9375,-51.4375],[75.875,-51.4375],[75.8125,-51.3125],[76.0625,-51.3125],[76.0625,-51.5],[76.125,-51.5],[76.125,-51.625],[76.5625,-51.625]]],[[[70.75,-51.25],[70.5,-51.25],[70.5,-51.1875],[70.4375,-51.1875],[70.4375,-51.125],[70.375,-51.125],[70.375,-51.0625],[70.3125,-51.0625],[70.25,-50.9375],[70.375,-50.9375],[70.4375,-51.0625],[70.6875,-51.0625],[70.6875,-51.1875],[70.75,-51.1875],[70.75,-51.25]]],[[[65.25,-49.875],[64.875,-49.875],[64.875,-49.8125],[65.25,-49.8125],[65.25,-49.875]]],[[[69.0,-48.5],[69.125,-48.5],[69.125,-48.625],[69.1875,-48.625],[69.1875,-48.6875],[68.9375,-48.6875],[68.9375,-48.75],[68.8125,-48.75],[68.8125,-48.6875],[68.6875,-48.6875],[68.6875,-48.625],[68.625,-48.625],[68.625,-48.5],[68.75,-48.5],[68.75,-48.5625],[69.0,-48.5625],[69.0,-48.5]]],[[[51.6875,-46.625],[51.6875,-46.75],[51.4375,-46.75],[51.4375,-46.625],[51.6875,-46.625]]],[[[57.6875,-19.75],[57.8125,-19.75],[57.8125,-20.0],[57.75,-20.0],[57.75,-20.125],[57.6875,-20.125],[57.6875,-20.0],[57.625,-20.0],[57.625,-19.6875],[57.6875,-19.6875],[57.6875,-19.75]]],[[[62.3125,-19.5625],[62.375,-19.6875],[62.0625,-19.6875],[62.0625,-19.625],[62.0,-19.625],[62.0625,-19.5],[62.25,-19.5],[62.25,-19.5625],[62.3125,-19.5625]]],[[[61.6875,-19.4375],[61.6875,-19.375],[61.75,-19.375],[61.75,-19.25],[61.8125,-19.25],[61.8125,-19.375],[61.875,-19.375],[61.875,-19.4375],[61.8125,-19.4375],[61.8125,-19.5625],[61.75,-19.5625],[61.75,-19.4375],[61.6875,-19.4375]]],[[[59.8125,-16.0],[59.8125,-15.9375],[59.5625,-15.9375],[59.5625,-16.0],[59.5,-16.0],[59.5,-15.875],[59.6875,-15.875],[59.6875,-15.8125],[59.8125,-15.8125],[59.8125,-15.75],[59.875,-15.75],[59.9375,-15.875],[60.0625,-15.875],[60.0625,-16.0],[59.8125,-16.0]]],[[[60.625,-14.9375],[60.6875,-14.9375],[60.6875,-15.125],[60.625,-15.125],[60.625,-15.3125],[60.5,-15.375],[60.5,-15.25],[60.5625,-15.25],[60.5625,-15.0625],[60.625,-15.0625],[60.625,-14.9375]]],[[[61.125,-14.3125],[61.0625,-14.3125],[61.0625,-14.5],[61.0,-14.5],[61.0,-14.625],[60.9375,-14.625],[60.9375,-14.375],[61.0,-14.375],[61.0,-14.25],[61.125,-14.1875],[61.125,-14.3125]]],[[[60.6875,-13.3125],[60.6875,-13.4375],[60.5625,-13.4375],[60.5625,-13.625],[60.625,-13.625],[60.6875,-13.75],[60.5,-13.75],[60.5,-13.625],[60.4375,-13.625],[60.4375,-13.25],[60.625,-13.25],[60.625,-13.0625],[60.6875,-13.0625],[60.6875,-13.25],[60.75,-13.25],[60.75,-13.3125],[60.6875,-13.3125]]],[[[60.875,-12.9375],[60.875,-13.0],[60.8125,-13.0],[60.8125,-12.75],[60.9375,-12.75],[60.9375,-12.9375],[60.875,-12.9375]]],[[[61.0625,-12.3125],[61.0625,-12.25],[61.375,-12.25],[61.375,-12.0625],[61.4375,-12.0625],[61.4375,-12.4375],[61.3125,-12.4375],[61.3125,-12.5],[61.25,-12.5],[61.25,-12.375],[61.125,-12.375],[61.125,-12.3125],[61.0625,-12.3125]]],[[[59.8125,-9.75],[59.75,-9.75],[59.75,-9.625],[59.8125,-9.625],[59.8125,-9.6875],[59.875,-9.6875],[59.875,-9.9375],[59.8125,-9.9375],[59.8125,-9.75]]],[[[51.375,-9.5625],[51.25,-9.5625],[51.25,-9.6875],[51.125,-9.625],[51.125,-9.5],[51.375,-9.5],[51.375,-9.5625]]],[[[115.5625,-8.625],[115.625,-8.625],[115.625,-8.6875],[115.8125,-8.6875],[115.8125,-8.625],[115.9375,-8.625],[115.9375,-8.8125],[116.0,-8.8125],[116.0,-8.875],[115.625,-8.875],[115.5625,-8.75],[115.4375,-8.75],[115.4375,-8.6875],[115.375,-8.6875],[115.375,-8.5625],[115.5,-8.5625],[115.5,-8.5],[115.5625,-8.5],[115.5625,-8.625]]],[[[116.625,-8.6875],[116.625,-8.5625],[116.6875,-8.5625],[116.6875,-8.4375],[116.8125,-8.375],[116.8125,-8.4375],[116.875,-8.4375],[116.875,-8.5625],[116.8125,-8.5625],[116.8125,-8.875],[116.5625,-8.875],[116.5625,-8.6875],[116.625,-8.6875]]],[[[114.5625,-8.25],[114.5625,-8.3125],[114.4375,-8.3125],[114.4375,-8.0],[114.5,-8.0],[114.5,-8.25],[114.5625,-8.25]]],[[[56.875,-7.1875],[57.0,-7.1875],[57.0,-7.25],[57.0625,-7.25],[57.0,-7.375],[56.875,-7.3125],[56.875,-7.1875]]],[[[112.8125,-7.1875],[112.6875,-7.1875],[112.6875,-7.0],[112.75,-7.0],[112.75,-7.125],[112.875,-7.125],[112.875,-7.25],[112.8125,-7.25],[112.8125,-7.1875]]],[[[56.3125,-6.125],[56.3125,-5.9375],[56.25,-5.9375],[56.25,-5.875],[56.3125,-5.875],[56.3125,-5.75],[56.4375,-5.75],[56.4375,-6.25],[56.375,-6.25],[56.375,-6.3125],[56.25,-6.375],[56.25,-6.125],[56.3125,-6.125]]],[[[105.8125,-5.9375],[105.8125,-5.875],[105.75,-5.875],[105.8125,-5.75],[105.9375,-5.75],[105.9375,-5.8125],[106.125,-5.8125],[106.125,-5.875],[106.0,-5.875],[106.0,-6.0],[105.875,-6.0],[105.875,-5.9375],[105.8125,-5.9375]]],[[[53.1875,-5.5],[53.1875,-5.625],[53.375,-5.625],[53.3125,-5.75],[53.125,-5.75],[53.125,-5.5],[53.1875,-5.5]]],[[[53.375,-5.4375],[53.1875,-5.4375],[53.1875,-5.3125],[53.125,-5.3125],[53.125,-5.125],[53.1875,-5.125],[53.1875,-5.0],[53.3125,-5.0],[53.3125,-5.125],[53.375,-5.125],[53.375,-5.1875],[53.3125,-5.1875],[53.3125,-5.375],[53.375,-5.375],[53.375,-5.4375]]],[[[117.9375,-3.4375],[117.8125,-3.5],[117.8125,-3.3125],[117.75,-3.3125],[117.75,-3.25],[118.0625,-3.25],[118.0625,-3.1875],[118.3125,-3.1875],[118.3125,-3.0625],[118.375,-3.0625],[118.375,-3.25],[118.1875,-3.25],[118.1875,-3.375],[117.9375,-3.375],[117.9375,-3.4375]]],[[[110.0625,-3.5],[110.0625,-3.25],[110.0,-3.25],[110.0,-3.1875],[110.125,-3.125],[110.125,-2.9375],[110.1875,-2.9375],[110.1875,-2.875],[110.25,-2.875],[110.25,-2.9375],[110.375,-2.9375],[110.375,-3.125],[110.1875,-3.125],[110.1875,-3.5],[110.0625,-3.5]]],[[[106.0,-2.75],[106.0,-2.8125],[106.1875,-2.8125],[106.1875,-2.875],[106.25,-2.875],[106.25,-2.9375],[106.1875,-2.9375],[106.1875,-3.0625],[106.0625,-3.0625],[106.0625,-2.9375],[106.0,-2.9375],[106.0,-2.875],[105.9375,-2.875],[105.9375,-2.8125],[105.8125,-2.75],[105.8125,-2.625],[105.9375,-2.625],[105.9375,-2.75],[106.0,-2.75]]],[[[105.5625,-1.25],[105.5625,-1.5],[105.4375,-1.5],[105.375,-1.625],[105.25,-1.5625],[105.25,-1.3125],[105.375,-1.3125],[105.375,-1.25],[105.5625,-1.25]]],[[[104.5,-0.1875],[104.5625,-0.1875],[104.5625,-0.25],[104.9375,-0.25],[104.9375,-0.125],[105.0,-0.125],[105.0,-0.0625],[105.1875,-0.0625],[105.1875,-0.125],[105.25,-0.125],[105.25,-0.1875],[105.375,-0.25],[105.375,-0.375],[105.1875,-0.375],[105.1875,-0.625],[105.0625,-0.625],[105.0625,-0.75],[104.9375,-0.75],[104.9375,-0.8125],[104.6875,-0.8125],[104.6875,-0.875],[104.625,-0.875],[104.625,-0.9375],[104.5,-1.0],[104.5,-1.125],[104.4375,-1.125],[104.375,-1.0],[104.25,-1.0],[104.25,-0.9375],[104.1875,-0.9375],[104.1875,-0.625],[104.3125,-0.625],[104.3125,-0.5625],[104.5,-0.5625],[104.5,-0.625],[104.6875,-0.625],[104.6875,-0.5625],[104.75,-0.5625],[104.75,-0.375],[104.6875,-0.375],[104.6875,-0.3125],[104.5,-0.3125],[104.5,-0.25],[104.4375,-0.25],[104.4375,0.0],[104.375,0.0],[104.3125,0.125],[104.1875,0.125],[104.1875,0.25],[104.25,0.25],[104.25,0.4375],[104.1875,0.4375],[104.1875,0.5],[104.25,0.5],[104.25,0.6875],[104.3125,0.6875],[104.3125,0.75],[104.375,0.75],[104.375,0.6875],[104.5625,0.6875],[104.5625,0.75],[104.75,0.75],[104.75,1.0],[104.6875,1.0],[104.6875,1.0625],[104.875,1.0625],[104.875,1.0],[105.0625,1.0],[105.0625,0.9375],[105.125,0.9375],[105.125,0.875],[105.25,0.8125],[105.25,0.625],[105.1875,0.625],[105.1875,0.5625],[105.0,0.5625],[105.0,0.625],[104.8125,0.625],[104.8125,0.3125],[104.75,0.3125],[104.75,0.25],[104.625,0.25],[104.625,0.1875],[104.5,0.1875],[104.5,-0.1875]]],[[[103.75,-0.0625],[103.75,0.125],[103.8125,0.125],[103.8125,0.25],[104.0625,0.125],[104.0625,-0.125],[103.9375,-0.125],[103.9375,-0.1875],[103.875,-0.1875],[103.875,-0.125],[103.75,-0.0625]]],[[[107.625,0.9375],[107.625,1.125],[107.6875,1.125],[107.6875,1.0625],[107.75,1.0625],[107.75,1.0],[107.6875,1.0],[107.6875,0.8125],[107.5625,0.875],[107.5625,0.9375],[107.625,0.9375]]],[[[102.125,2.375],[102.1875,2.25],[102.3125,2.25],[102.3125,2.125],[102.4375,2.125],[102.5,2.0],[102.625,2.0],[102.625,1.9375],[102.75,1.9375],[102.75,1.8125],[102.875,1.8125],[102.875,1.75],[103.0,1.75],[103.0,1.6875],[103.125,1.6875],[103.125,1.5625],[103.1875,1.5625],[103.1875,1.5],[103.3125,1.5],[103.3125,1.375],[103.5,1.375],[103.5625,1.25],[103.75,1.25],[103.75,1.3125],[103.9375,1.3125],[103.9375,1.375],[104.25,1.375],[104.25,1.4375],[104.3125,1.4375],[104.3125,1.625],[104.4375,1.6875],[104.4375,1.625],[104.5625,1.625],[104.5625,1.5],[104.625,1.5],[104.625,1.25],[104.5,1.25],[104.5,1.1875],[104.375,1.1875],[104.375,1.125],[104.3125,1.125],[104.3125,1.0],[104.1875,1.0],[104.1875,1.1875],[103.9375,1.1875],[103.9375,0.9375],[104.0,0.9375],[104.0,0.8125],[103.8125,0.8125],[103.8125,0.6875],[103.75,0.6875],[103.75,0.5625],[103.625,0.5625],[103.625,0.5],[103.4375,0.5],[103.4375,0.5625],[103.375,0.5625],[103.3125,0.6875],[103.1875,0.6875],[103.1875,0.75],[103.125,0.75],[103.125,1.0625],[103.0625,1.0625],[103.0625,1.1875],[102.9375,1.1875],[102.9375,1.25],[102.875,1.25],[102.8125,1.375],[102.5625,1.375],[102.5625,1.4375],[102.5,1.4375],[102.5,1.5625],[102.375,1.5625],[102.375,1.625],[102.125,1.625],[102.125,1.8125],[101.9375,1.8125],[101.9375,1.875],[101.8125,1.875],[101.8125,2.0625],[101.75,2.0625],[101.75,2.125],[101.25,2.125],[101.25,2.1875],[101.125,2.1875],[101.125,2.3125],[100.875,2.3125],[100.875,2.25],[100.8125,2.25],[100.8125,2.375],[100.75,2.375],[100.75,2.4375],[100.8125,2.4375],[100.8125,2.625],[100.625,2.625],[100.625,2.5],[100.5,2.4375],[100.5,2.5625],[100.4375,2.5625],[100.4375,2.6875],[100.3125,2.6875],[100.375,2.8125],[100.6875,2.8125],[100.6875,2.9375],[100.75,2.9375],[100.75,3.0625],[100.875,3.125],[100.875,3.25],[100.9375,3.25],[100.9375,3.3125],[101.0625,3.3125],[101.0625,3.1875],[101.125,3.1875],[101.125,3.0625],[101.25,3.0625],[101.25,2.9375],[101.375,2.875],[101.375,2.8125],[101.4375,2.8125],[101.5,2.6875],[101.6875,2.6875],[101.6875,2.625],[101.75,2.625],[101.75,2.5625],[101.8125,2.5625],[101.875,2.4375],[102.0,2.4375],[102.0,2.375],[102.125,2.375]],[[103.375,0.75],[103.5625,0.75],[103.5625,1.125],[103.375,1.125],[103.375,0.75]]],[[[109.375,1.9375],[109.375,1.8125],[109.1875,1.8125],[109.1875,1.6875],[109.125,1.6875],[109.125,1.5625],[109.0625,1.5625],[109.0625,1.5],[108.9375,1.5],[108.9375,1.25],[108.875,1.25],[108.875,1.1875],[108.75,1.1875],[108.6875,1.3125],[108.5625,1.3125],[108.5625,1.5],[108.875,1.5],[108.875,1.6875],[108.8125,1.6875],[108.8125,1.75],[108.75,1.75],[108.75,1.8125],[108.625,1.875],[108.625,1.9375],[108.9375,1.9375],[108.9375,2.25],[108.875,2.25],[108.875,2.375],[108.9375,2.375],[108.9375,2.5625],[108.875,2.5625],[108.875,2.6875],[108.8125,2.6875],[108.8125,2.875],[108.875,2.875],[108.875,3.125],[108.9375,3.125],[108.9375,2.875],[109.0,2.875],[109.0,2.8125],[109.125,2.75],[109.125,2.5625],[109.25,2.5625],[109.25,2.375],[109.4375,2.375],[109.4375,2.3125],[109.625,2.3125],[109.625,2.25],[109.75,2.25],[109.75,2.0625],[109.5625,2.0625],[109.5625,2.0],[109.4375,2.0],[109.4375,1.9375],[109.375,1.9375]]],[[[111.375,2.75],[111.3125,2.75],[111.3125,2.6875],[111.25,2.6875],[111.25,2.75],[111.125,2.75],[111.125,2.8125],[111.1875,2.8125],[111.1875,2.9375],[111.375,2.9375],[111.375,2.75]]],[[[73.0625,2.8125],[72.875,2.8125],[72.875,3.0],[72.9375,3.0],[72.9375,2.9375],[73.0625,2.9375],[73.0625,2.8125]]],[[[99.625,4.0625],[99.625,4.125],[99.75,4.125],[99.75,4.0625],[99.6875,4.0625],[99.6875,3.875],[100.0625,3.875],[100.0625,3.8125],[99.9375,3.8125],[99.9375,3.75],[99.6875,3.75],[99.6875,3.625],[99.625,3.625],[99.625,3.4375],[99.5,3.375],[99.5,3.5],[99.375,3.5],[99.375,3.5625],[99.4375,3.5625],[99.4375,4.0],[99.3125,4.0],[99.3125,4.0625],[99.625,4.0625]]],[[[100.1875,4.0],[100.1875,4.0625],[100.3125,4.0625],[100.3125,4.125],[100.4375,4.125],[100.4375,4.3125],[100.5625,4.375],[100.5625,4.1875],[100.5,4.1875],[100.5,4.0],[100.625,4.0],[100.625,3.9375],[100.75,3.9375],[100.75,3.875],[100.8125,3.875],[100.8125,3.75],[100.6875,3.75],[100.6875,3.8125],[100.5,3.8125],[100.5,3.75],[100.4375,3.75],[100.4375,3.9375],[100.125,3.9375],[100.125,3.875],[100.0625,3.875],[100.0625,4.0],[100.1875,4.0]]],[[[100.0,4.25],[99.9375,4.125],[99.8125,4.125],[99.8125,4.25],[99.9375,4.25],[99.9375,4.3125],[100.0625,4.3125],[100.0625,4.25],[100.0,4.25]]],[[[72.9375,4.4375],[72.875,4.4375],[72.875,4.875],[72.9375,4.875],[72.9375,4.4375]]],[[[73.0625,6.3125],[73.0,6.3125],[73.0,6.5625],[73.0625,6.5625],[73.0625,6.4375],[73.1875,6.4375],[73.1875,6.375],[73.0625,6.375],[73.0625,6.3125]]],[[[93.875,6.8125],[93.875,6.6875],[93.9375,6.6875],[93.9375,6.5],[93.8125,6.5],[93.8125,6.625],[93.75,6.625],[93.75,6.6875],[93.8125,6.6875],[93.8125,6.8125],[93.875,6.8125]]],[[[93.6875,7.6875],[93.6875,7.625],[93.75,7.625],[93.75,7.25],[93.625,7.1875],[93.625,7.375],[93.5625,7.375],[93.5625,7.5625],[93.5,7.5625],[93.5,7.6875],[93.4375,7.6875],[93.4375,7.8125],[93.375,7.8125],[93.375,7.875],[93.5625,7.875],[93.5625,7.6875],[93.6875,7.6875]]],[[[105.25,8.25],[105.0,8.25],[105.0,8.1875],[104.5625,8.1875],[104.5625,8.25],[104.375,8.25],[104.375,8.1875],[104.25,8.1875],[104.25,8.125],[104.0,8.125],[104.0,8.1875],[103.9375,8.1875],[104.0,8.3125],[104.125,8.3125],[104.125,8.6875],[104.1875,8.6875],[104.25,8.8125],[104.4375,8.8125],[104.4375,8.875],[104.5625,8.875],[104.5625,8.8125],[104.625,8.8125],[104.625,8.75],[104.75,8.75],[104.8125,8.625],[105.125,8.625],[105.125,8.6875],[105.1875,8.6875],[105.25,8.5625],[105.375,8.5625],[105.375,8.5],[105.5,8.5],[105.5,8.4375],[105.375,8.4375],[105.375,8.375],[105.3125,8.375],[105.25,8.25]]],[[[92.75,9.375],[92.875,9.3125],[92.875,8.9375],[92.9375,8.9375],[92.9375,8.75],[92.875,8.75],[92.875,8.875],[92.8125,8.875],[92.8125,9.0625],[92.75,9.0625],[92.75,9.375]]],[[[98.375,10.6875],[98.5,10.6875],[98.5,10.625],[98.3125,10.625],[98.3125,10.4375],[98.25,10.4375],[98.25,10.6875],[98.3125,10.6875],[98.3125,10.75],[98.375,10.75],[98.375,10.6875]]],[[[92.5,11.1875],[92.5,11.3125],[92.5625,11.3125],[92.5625,11.375],[92.75,11.375],[92.75,11.0],[92.6875,11.0],[92.6875,10.9375],[92.5,10.9375],[92.5,11.0],[92.5625,11.0],[92.5625,11.1875],[92.5,11.1875]]],[[[98.125,11.4375],[98.125,11.5],[98.3125,11.5],[98.3125,11.3125],[98.375,11.3125],[98.375,11.1875],[98.25,11.125],[98.25,11.375],[98.0,11.375],[98.0,11.4375],[98.125,11.4375]]],[[[97.3125,11.5],[97.3125,11.5625],[97.375,11.5625],[97.375,11.8125],[97.3125,11.8125],[97.3125,12.0625],[97.25,12.0625],[97.25,12.1875],[97.1875,12.1875],[97.1875,12.25],[97.25,12.25],[97.25,12.375],[97.3125,12.375],[97.3125,12.625],[97.4375,12.5625],[97.4375,12.375],[97.375,12.375],[97.375,12.125],[97.5,12.0625],[97.5,12.0],[97.4375,12.0],[97.4375,11.8125],[97.5,11.8125],[97.5,11.375],[97.625,11.3125],[97.625,11.125],[97.5,11.125],[97.5,11.3125],[97.375,11.3125],[97.375,11.5],[97.3125,11.5]]],[[[98.4375,12.125],[98.375,12.125],[98.375,11.9375],[98.25,11.9375],[98.25,12.0],[98.1875,12.0],[98.1875,12.125],[98.0,12.125],[98.0,12.1875],[98.4375,12.1875],[98.4375,12.125]]],[[[52.4375,12.25],[52.5,12.25],[52.5,12.125],[52.4375,12.125],[52.4375,12.1875],[52.1875,12.1875],[52.1875,12.25],[52.3125,12.25],[52.3125,12.3125],[52.4375,12.3125],[52.4375,12.25]]],[[[97.4375,13.0625],[97.4375,13.0],[97.25,13.0],[97.25,12.9375],[97.1875,12.9375],[97.1875,13.0],[97.125,13.0],[97.125,13.5],[97.1875,13.5],[97.1875,14.0625],[97.125,14.0625],[97.125,14.1875],[97.25,14.1875],[97.25,14.0],[97.3125,14.0],[97.3125,13.0625],[97.4375,13.0625]]],[[[93.4375,14.4375],[93.4375,14.375],[93.5,14.375],[93.5,14.1875],[93.4375,14.1875],[93.4375,14.0],[93.3125,14.0],[93.3125,13.9375],[93.25,13.9375],[93.25,13.75],[93.125,13.6875],[93.125,13.5625],[93.0,13.5625],[93.0,13.6875],[93.0625,13.6875],[93.0625,13.875],[93.1875,13.9375],[93.1875,14.125],[93.375,14.125],[93.375,14.4375],[93.4375,14.4375]]],[[[97.75,15.4375],[97.75,15.25],[97.8125,15.25],[97.8125,14.8125],[97.875,14.8125],[97.875,14.75],[97.125,14.75],[97.125,14.8125],[96.875,14.8125],[96.8125,14.9375],[96.4375,14.9375],[96.4375,15.0],[96.3125,15.0],[96.25,15.125],[96.0625,15.125],[96.0625,15.1875],[95.875,15.1875],[95.875,15.25],[95.75,15.25],[95.6875,15.375],[95.5,15.375],[95.5,15.4375],[95.375,15.4375],[95.375,15.5],[95.0625,15.5],[95.0625,15.5625],[94.9375,15.625],[94.9375,15.75],[94.875,15.75],[94.875,15.8125],[95.0625,15.8125],[95.125,15.6875],[95.3125,15.6875],[95.3125,15.75],[95.5,15.75],[95.5,15.8125],[95.5625,15.8125],[95.5625,15.875],[95.625,15.875],[95.625,15.9375],[95.75,16.0],[95.75,16.125],[95.9375,16.125],[95.9375,16.25],[96.0625,16.25],[96.125,16.375],[96.3125,16.375],[96.3125,16.4375],[96.4375,16.4375],[96.4375,16.5],[96.5625,16.5],[96.5625,16.5625],[96.6875,16.5625],[96.8125,16.8125],[96.875,16.8125],[96.875,16.75],[97.0,16.75],[97.0,16.6875],[97.25,16.6875],[97.25,16.75],[97.375,16.6875],[97.375,16.5625],[97.5,16.5],[97.5,16.25],[97.625,16.1875],[97.625,16.0],[97.6875,16.0],[97.6875,15.875],[97.75,15.875],[97.75,15.5],[97.8125,15.5],[97.8125,15.4375],[97.75,15.4375]]],[[[109.25,18.0],[109.1875,18.0],[109.1875,17.875],[109.125,17.875],[109.125,17.75],[109.0625,17.75],[109.0625,17.5625],[109.0,17.5625],[109.0,17.625],[108.5625,17.625],[108.5625,17.6875],[108.375,17.6875],[108.375,17.625],[108.3125,17.625],[108.3125,17.8125],[108.1875,17.875],[108.1875,18.0],[108.0625,18.0],[108.0625,18.0625],[107.9375,18.0625],[107.9375,18.125],[107.75,18.125],[107.75,18.1875],[107.625,18.25],[107.625,18.5],[107.6875,18.5],[107.6875,18.75],[107.625,18.75],[107.625,18.8125],[107.6875,18.8125],[107.6875,19.25],[107.875,19.25],[107.875,19.3125],[108.0,19.375],[108.0,19.5],[108.0625,19.5],[108.125,19.625],[108.25,19.625],[108.25,19.5625],[108.375,19.5625],[108.375,19.5],[108.5625,19.5],[108.5625,19.5625],[108.625,19.5625],[108.625,19.5],[108.75,19.5],[108.75,19.375],[108.6875,19.375],[108.6875,18.75],[108.75,18.75],[108.75,18.5625],[108.8125,18.5625],[108.875,18.4375],[109.0,18.4375],[109.0,18.375],[109.125,18.375],[109.125,18.3125],[109.25,18.3125],[109.25,18.0]]],[[[111.0,20.375],[111.0625,20.375],[111.0625,20.0625],[111.125,20.0625],[111.125,20.0],[110.9375,20.0],[110.9375,20.0625],[110.125,20.0625],[110.125,20.0],[109.5625,20.0],[109.5625,20.0625],[109.5,20.0625],[109.5,20.1875],[109.4375,20.1875],[109.4375,20.5],[109.5,20.5],[109.5,20.9375],[109.5625,20.9375],[109.5625,20.75],[109.75,20.75],[109.75,20.8125],[109.8125,20.8125],[109.8125,20.625],[109.875,20.625],[109.875,20.4375],[109.9375,20.4375],[109.9375,20.3125],[110.4375,20.3125],[110.4375,20.375],[110.5,20.375],[110.5,20.5625],[110.4375,20.5625],[110.4375,20.625],[110.8125,20.625],[110.8125,20.5625],[110.9375,20.5625],[110.9375,20.5],[111.0,20.5],[111.0,20.375]]],[[[72.8125,19.5],[72.8125,19.25],[72.3125,19.25],[72.3125,19.3125],[72.25,19.3125],[72.25,19.375],[72.125,19.375],[72.0625,19.5],[71.9375,19.5],[71.9375,19.5625],[71.8125,19.5625],[71.75,19.6875],[71.625,19.6875],[71.5625,19.8125],[71.4375,19.8125],[71.4375,19.875],[71.3125,19.9375],[71.3125,20.125],[71.25,20.125],[71.25,20.25],[71.125,20.3125],[71.125,20.4375],[71.0625,20.4375],[71.0625,20.5],[71.0,20.5],[71.0,20.5625],[70.875,20.625],[70.875,20.75],[71.1875,20.75],[71.1875,20.8125],[71.3125,20.8125],[71.3125,20.875],[71.5,20.875],[71.5,20.9375],[71.625,20.9375],[71.625,21.0],[71.75,21.0],[71.75,21.0625],[71.875,21.0625],[71.875,21.125],[72.0625,21.125],[72.0625,21.1875],[72.125,21.1875],[72.125,21.3125],[72.1875,21.3125],[72.1875,21.4375],[72.25,21.4375],[72.25,22.0],[72.375,22.0625],[72.375,22.1875],[72.5,22.1875],[72.5,22.125],[72.5625,22.125],[72.5625,21.5625],[72.625,21.5625],[72.625,21.125],[72.75,21.0625],[72.75,20.875],[72.875,20.8125],[72.875,20.4375],[72.8125,20.4375],[72.8125,20.3125],[72.75,20.3125],[72.75,20.0625],[72.6875,20.0625],[72.6875,19.75],[72.75,19.75],[72.75,19.5],[72.8125,19.5]]],[[[87.4375,20.8125],[87.4375,20.75],[87.25,20.75],[87.1875,20.625],[87.0,20.625],[87.0,20.6875],[87.0625,20.6875],[87.0625,20.875],[87.0,20.875],[86.9375,21.0],[87.125,21.0],[87.125,20.875],[87.3125,20.875],[87.3125,21.0625],[87.375,21.0625],[87.375,20.8125],[87.4375,20.8125]]],[[[88.375,21.0625],[87.8125,21.0625],[87.8125,21.0],[87.75,21.0],[87.75,21.125],[87.5,21.125],[87.5,21.0625],[87.4375,21.0625],[87.4375,21.25],[87.5,21.25],[87.5,21.3125],[87.625,21.3125],[87.625,21.375],[88.0,21.375],[88.0,21.4375],[88.0625,21.4375],[88.0625,21.625],[88.0,21.625],[88.0,21.875],[88.125,21.875],[88.125,21.625],[88.3125,21.625],[88.3125,21.5625],[88.1875,21.5625],[88.1875,21.375],[88.25,21.375],[88.25,21.3125],[88.4375,21.3125],[88.4375,21.25],[88.5625,21.25],[88.5625,21.1875],[88.6875,21.1875],[88.6875,21.125],[88.625,21.125],[88.625,21.0625],[88.4375,21.0625],[88.4375,21.0],[88.375,21.0],[88.375,21.0625]]],[[[90.25,21.4375],[90.3125,21.4375],[90.3125,21.6875],[90.1875,21.6875],[90.1875,21.8125],[90.3125,21.875],[90.3125,22.0],[90.375,22.0],[90.375,22.125],[90.5,22.125],[90.5,22.1875],[90.5625,22.1875],[90.5625,22.0625],[90.75,22.0625],[90.75,22.125],[90.875,22.1875],[90.875,22.375],[91.375,22.375],[91.375,22.5],[91.4375,22.5],[91.4375,22.4375],[91.75,22.4375],[91.75,22.375],[91.8125,22.375],[91.8125,22.1875],[91.875,22.1875],[91.875,21.8125],[91.9375,21.8125],[91.9375,21.5625],[92.0,21.5625],[92.0,21.25],[91.5625,21.25],[91.5625,21.1875],[90.8125,21.1875],[90.8125,21.25],[90.5625,21.25],[90.5625,21.3125],[90.4375,21.3125],[90.4375,21.375],[90.25,21.375],[90.25,21.4375]]],[[[113.875,22.125],[113.75,22.125],[113.75,22.25],[113.8125,22.25],[113.8125,22.3125],[113.875,22.3125],[113.9375,22.1875],[113.875,22.1875],[113.875,22.125]]],[[[69.0,22.4375],[69.0,22.25],[68.9375,22.25],[68.9375,22.3125],[68.75,22.3125],[68.75,22.375],[68.625,22.375],[68.625,22.5],[68.5625,22.5],[68.5625,22.75],[68.5,22.75],[68.5625,22.875],[68.875,22.875],[68.875,23.0625],[68.9375,23.0625],[68.9375,23.0],[69.0625,23.0],[69.0625,22.9375],[69.1875,22.9375],[69.1875,22.875],[69.375,22.875],[69.375,22.8125],[69.6875,22.8125],[69.6875,22.875],[69.75,22.875],[69.75,22.75],[69.6875,22.75],[69.6875,22.625],[69.625,22.625],[69.625,22.4375],[69.5,22.4375],[69.5,22.375],[69.4375,22.375],[69.4375,22.4375],[69.0,22.4375]]],[[[119.4375,23.0],[119.4375,22.9375],[119.3125,22.9375],[119.3125,22.875],[119.0625,22.875],[119.0625,22.8125],[118.8125,22.8125],[118.8125,22.75],[118.5625,22.75],[118.5625,22.6875],[118.3125,22.6875],[118.3125,22.625],[118.0625,22.625],[118.0625,22.6875],[117.875,22.6875],[117.875,22.625],[117.6875,22.625],[117.6875,22.875],[117.5625,22.9375],[117.5625,23.0625],[117.5,23.0625],[117.5,23.1875],[117.4375,23.1875],[117.4375,23.25],[117.3125,23.25],[117.3125,23.3125],[117.125,23.3125],[117.125,23.4375],[117.25,23.4375],[117.25,23.375],[117.4375,23.375],[117.4375,23.6875],[117.625,23.6875],[117.625,23.8125],[117.875,23.8125],[117.875,23.6875],[117.9375,23.6875],[117.9375,23.5625],[118.0,23.5625],[118.0625,23.4375],[118.875,23.4375],[118.875,23.5],[118.9375,23.5],[118.9375,23.5625],[119.0625,23.5625],[119.125,23.6875],[119.25,23.6875],[119.25,23.75],[119.625,23.75],[119.625,23.875],[119.75,23.875],[119.75,24.125],[119.625,24.125],[119.625,24.1875],[119.5,24.1875],[119.5,24.25],[119.875,24.25],[119.875,24.1875],[120.0625,24.1875],[120.0625,24.125],[120.125,24.125],[120.125,24.0625],[120.25,24.0],[120.3125,23.875],[120.1875,23.8125],[120.1875,23.4375],[120.125,23.4375],[120.125,23.0625],[120.1875,23.0625],[120.1875,23.0],[119.75,23.0],[119.75,23.0625],[119.5,23.0625],[119.5,23.0],[119.4375,23.0]]],[[[68.3125,23.5625],[68.3125,23.625],[68.375,23.625],[68.375,23.6875],[68.4375,23.6875],[68.5,23.8125],[68.625,23.8125],[68.625,23.75],[68.5625,23.75],[68.5625,23.6875],[68.5,23.6875],[68.4375,23.5625],[68.3125,23.5625]]],[[[56.25,26.25],[56.1875,26.25],[56.125,26.375],[56.1875,26.375],[56.1875,26.4375],[56.3125,26.4375],[56.375,26.5625],[56.5625,26.5625],[56.5625,26.5],[56.625,26.5],[56.625,26.3125],[56.5,26.3125],[56.5,26.375],[56.25,26.375],[56.25,26.25]]],[[[55.3125,26.6875],[55.375,26.6875],[55.375,26.625],[55.3125,26.625],[55.3125,26.4375],[55.4375,26.375],[55.4375,26.3125],[55.375,26.3125],[55.375,26.25],[55.25,26.1875],[55.25,26.5],[54.9375,26.5],[54.9375,26.5625],[55.0,26.5625],[55.0,26.625],[55.0625,26.625],[55.125,26.75],[55.3125,26.75],[55.3125,26.6875]]],[[[55.9375,26.9375],[55.8125,26.9375],[55.8125,27.0625],[56.0625,27.0625],[56.0625,27.125],[56.125,27.125],[56.125,27.0],[55.9375,27.0],[55.9375,26.9375]]],[[[51.875,27.625],[51.875,27.5625],[51.8125,27.5625],[51.75,27.4375],[51.375,27.4375],[51.375,27.625],[51.3125,27.625],[51.3125,27.8125],[51.25,27.8125],[51.25,28.0],[51.4375,28.0],[51.5,27.875],[51.8125,27.875],[51.8125,27.625],[51.875,27.625]]],[[[119.0,38.0625],[119.0,38.1875],[118.6875,38.1875],[118.6875,38.3125],[118.5625,38.3125],[118.5625,38.4375],[118.6875,38.4375],[118.6875,38.5],[118.8125,38.5],[118.8125,38.4375],[119.0,38.4375],[119.0,38.375],[119.0625,38.375],[119.0625,38.0625],[119.0,38.0625]]],[[[118.25,38.9375],[118.1875,38.9375],[118.1875,39.125],[118.25,39.125],[118.25,39.0625],[118.4375,39.0625],[118.4375,38.875],[118.25,38.875],[118.25,38.9375]]],[[[54.625,68.9375],[54.5,68.9375],[54.5,69.0],[54.375,69.0],[54.375,69.0625],[54.5625,69.0625],[54.5625,69.125],[55.1875,69.125],[55.1875,69.0625],[55.5,69.0625],[55.5,68.9375],[55.375,68.9375],[55.375,68.875],[54.625,68.875],[54.625,68.9375]]],[[[59.375,69.125],[59.4375,69.0],[58.9375,69.0],[58.9375,69.0625],[59.0625,69.0625],[59.125,69.1875],[59.3125,69.1875],[59.3125,69.125],[59.375,69.125]]],[[[109.875,74.1875],[109.875,74.25],[110.125,74.25],[110.125,74.1875],[110.1875,74.1875],[110.1875,74.125],[110.125,74.125],[110.0625,74.0],[109.625,74.0],[109.625,73.75],[109.5625,73.75],[109.5625,73.8125],[109.375,73.8125],[109.375,73.9375],[109.5,73.9375],[109.5,74.0625],[109.5625,74.0625],[109.5625,74.125],[109.6875,74.125],[109.6875,74.1875],[109.875,74.1875]]],[[[68.5,89.5625],[68.5,89.625],[63.25,89.625],[63.25,89.6875],[73.375,89.6875],[73.375,89.625],[92.25,89.625],[92.25,89.5625],[87.8125,89.5625],[87.8125,89.5],[84.8125,89.5],[84.8125,89.5625],[68.5,89.5625]]],[[[119.4375,-8.5625],[119.625,-8.5625],[119.625,-8.6875],[119.4375,-8.6875],[119.4375,-8.75],[119.1875,-8.75],[119.1875,-8.5625],[119.125,-8.5625],[119.1875,-8.4375],[119.4375,-8.4375],[119.4375,-8.5625]]],[[[135.75,-8.4375],[135.6875,-8.4375],[135.6875,-8.25],[135.8125,-8.25],[135.8125,-8.5],[135.75,-8.5],[135.75,-8.4375]]],[[[127.375,-8.25],[127.375,-8.4375],[127.25,-8.5],[127.25,-8.3125],[127.375,-8.25]]],[[[123.5,-8.25],[123.5,-8.375],[123.375,-8.375],[123.375,-8.4375],[123.3125,-8.4375],[123.3125,-8.5],[123.1875,-8.5],[123.1875,-8.4375],[123.25,-8.4375],[123.25,-8.1875],[123.4375,-8.1875],[123.4375,-8.125],[123.5,-8.125],[123.5,-8.1875],[123.5625,-8.1875],[123.5625,-8.25],[123.5,-8.25]]],[[[124.4375,-8.25],[124.4375,-8.4375],[124.3125,-8.375],[124.3125,-8.1875],[124.25,-8.1875],[124.25,-8.125],[124.5,-8.125],[124.5,-8.25],[124.4375,-8.25]]],[[[123.75,-8.125],[123.9375,-8.125],[123.9375,-8.0625],[124.0,-8.0625],[124.125,-8.3125],[124.0,-8.3125],[124.0,-8.4375],[123.9375,-8.4375],[123.9375,-8.375],[123.75,-8.375],[123.75,-8.125]]],[[[127.6875,-7.5625],[127.5,-7.5625],[127.5,-7.5],[127.3125,-7.5],[127.3125,-7.4375],[127.4375,-7.375],[127.4375,-7.4375],[127.625,-7.4375],[127.6875,-7.5625]]],[[[135.4375,-7.5625],[135.4375,-7.4375],[135.375,-7.4375],[135.375,-7.25],[135.5625,-7.25],[135.5625,-7.625],[135.5,-7.625],[135.5,-7.5625],[135.4375,-7.5625]]],[[[121.5,-7.25],[121.5,-7.1875],[121.625,-7.1875],[121.625,-7.0625],[121.6875,-7.0625],[121.6875,-7.1875],[121.9375,-7.1875],[121.9375,-7.375],[121.6875,-7.375],[121.6875,-7.4375],[121.625,-7.4375],[121.625,-7.3125],[121.4375,-7.3125],[121.4375,-7.375],[121.25,-7.375],[121.25,-7.5],[121.1875,-7.5],[121.1875,-7.375],[120.8125,-7.375],[120.875,-7.25],[121.25,-7.25],[121.25,-7.1875],[121.3125,-7.1875],[121.3125,-7.25],[121.5,-7.25]]],[[[134.6875,-7.5625],[134.625,-7.6875],[134.5625,-7.6875],[134.5625,-7.625],[134.375,-7.625],[134.375,-7.6875],[134.25,-7.6875],[134.25,-7.75],[134.1875,-7.75],[134.1875,-7.6875],[134.125,-7.6875],[134.125,-7.625],[134.0,-7.5625],[134.0,-7.4375],[133.9375,-7.4375],[133.9375,-7.375],[133.6875,-7.375],[133.6875,-7.5],[133.5625,-7.5],[133.5625,-7.4375],[133.5,-7.4375],[133.5,-7.125],[133.625,-7.0625],[133.625,-6.9375],[133.6875,-6.9375],[133.6875,-6.8125],[133.8125,-6.8125],[133.8125,-6.75],[133.875,-6.75],[133.9375,-6.625],[134.125,-6.625],[134.125,-6.8125],[134.375,-6.8125],[134.375,-6.75],[134.4375,-6.75],[134.4375,-6.8125],[134.6875,-6.8125],[134.6875,-6.75],[134.75,-6.75],[134.75,-6.8125],[134.9375,-6.8125],[134.9375,-7.0],[134.875,-7.0],[134.875,-7.25],[134.9375,-7.25],[134.9375,-7.3125],[134.875,-7.3125],[134.875,-7.4375],[134.8125,-7.4375],[134.8125,-7.5625],[134.6875,-7.5625]]],[[[120.8125,-6.9375],[120.875,-6.9375],[120.875,-7.0625],[120.75,-7.0625],[120.75,-7.0],[120.5625,-7.0],[120.5625,-6.9375],[120.6875,-6.9375],[120.6875,-6.875],[120.8125,-6.875],[120.8125,-6.9375]]],[[[131.5625,-6.9375],[131.5,-6.9375],[131.5,-6.75],[131.4375,-6.75],[131.4375,-6.6875],[131.6875,-6.6875],[131.6875,-6.8125],[131.625,-6.8125],[131.5625,-6.9375]]],[[[121.1875,-6.375],[121.1875,-6.5],[121.25,-6.5],[121.25,-6.6875],[121.125,-6.6875],[121.125,-6.625],[121.0625,-6.625],[121.0625,-6.5],[121.0,-6.5],[121.0625,-6.375],[121.1875,-6.375]]],[[[135.5625,-5.5],[135.5625,-5.5625],[135.75,-5.5625],[135.75,-5.375],[135.8125,-5.375],[135.8125,-5.25],[135.875,-5.25],[135.875,-5.1875],[136.0,-5.125],[136.0,-4.875],[136.125,-4.8125],[136.125,-4.625],[136.25,-4.625],[136.3125,-4.75],[136.5,-4.75],[136.5,-4.8125],[136.625,-4.8125],[136.625,-4.875],[136.8125,-4.875],[136.8125,-5.0],[136.9375,-5.0],[136.9375,-5.0625],[137.0,-5.0625],[137.0,-5.125],[137.0625,-5.125],[137.125,-5.25],[137.25,-5.25],[137.25,-5.3125],[137.375,-5.3125],[137.375,-5.375],[137.5,-5.4375],[137.5,-5.5625],[137.625,-5.5625],[137.625,-5.6875],[137.5625,-5.6875],[137.5625,-5.875],[137.625,-5.875],[137.625,-5.9375],[137.8125,-5.9375],[137.8125,-6.0],[138.0,-6.0],[138.0,-6.1875],[138.0625,-6.1875],[138.0625,-6.375],[138.125,-6.375],[138.125,-6.4375],[138.25,-6.4375],[138.25,-6.625],[138.1875,-6.625],[138.1875,-6.8125],[138.125,-6.8125],[138.125,-6.9375],[138.0625,-6.9375],[138.0625,-7.0625],[137.9375,-7.0625],[137.9375,-7.125],[137.875,-7.125],[137.875,-7.1875],[137.75,-7.25],[137.75,-7.5],[137.625,-7.5625],[137.625,-7.8125],[137.5625,-7.8125],[137.5625,-8.0625],[137.625,-8.0625],[137.625,-8.1875],[137.75,-8.1875],[137.75,-8.5],[137.5625,-8.5],[137.5625,-8.4375],[137.3125,-8.4375],[137.3125,-8.375],[136.9375,-8.375],[136.9375,-8.3125],[136.8125,-8.25],[136.8125,-8.0625],[136.75,-8.0625],[136.75,-7.9375],[137.0,-7.9375],[137.0,-7.6875],[136.9375,-7.6875],[136.9375,-7.625],[136.75,-7.625],[136.75,-7.3125],[136.875,-7.3125],[136.875,-7.25],[137.1875,-7.25],[137.1875,-7.1875],[137.25,-7.1875],[137.25,-6.875],[137.1875,-6.875],[137.1875,-6.5],[137.125,-6.5],[137.125,-6.4375],[137.0625,-6.4375],[137.0625,-6.3125],[137.0,-6.3125],[137.0,-6.125],[137.0625,-6.125],[137.0625,-5.875],[136.9375,-5.875],[136.9375,-5.8125],[136.8125,-5.8125],[136.75,-5.6875],[136.625,-5.6875],[136.625,-5.625],[136.5625,-5.625],[136.5625,-5.5],[136.5,-5.5],[136.5,-5.4375],[136.375,-5.4375],[136.375,-5.25],[136.1875,-5.25],[136.1875,-5.375],[136.0625,-5.375],[136.0625,-5.4375],[135.9375,-5.4375],[135.9375,-5.625],[136.0625,-5.6875],[136.0625,-5.875],[136.0,-5.875],[136.0,-5.8125],[135.875,-5.8125],[135.875,-5.75],[135.8125,-5.75],[135.8125,-5.625],[135.4375,-5.625],[135.4375,-5.6875],[135.375,-5.6875],[135.375,-5.75],[135.3125,-5.75],[135.25,-5.875],[135.0625,-5.875],[135.0625,-5.8125],[135.0,-5.8125],[135.0,-5.6875],[134.75,-5.6875],[134.75,-5.5],[134.6875,-5.5],[134.625,-5.375],[134.5,-5.375],[134.5,-5.125],[134.5625,-5.125],[134.5625,-5.0],[134.625,-5.0],[134.625,-4.75],[134.6875,-4.75],[134.6875,-4.6875],[134.8125,-4.625],[134.8125,-4.375],[134.75,-4.375],[134.8125,-4.25],[134.875,-4.25],[134.875,-4.3125],[135.0,-4.3125],[135.0,-4.375],[135.1875,-4.375],[135.1875,-4.4375],[135.5,-4.4375],[135.5,-4.5],[135.75,-4.5],[135.75,-4.625],[135.625,-4.6875],[135.625,-5.1875],[135.5625,-5.1875],[135.5625,-4.9375],[135.3125,-4.9375],[135.3125,-5.25],[135.375,-5.25],[135.375,-5.4375],[135.4375,-5.4375],[135.4375,-5.5],[135.5625,-5.5]]],[[[119.375,-5.5625],[119.375,-5.5],[119.125,-5.5],[119.125,-5.4375],[119.4375,-5.4375],[119.4375,-5.5625],[119.375,-5.5625]]],[[[130.9375,-3.8125],[131.0625,-3.8125],[131.0625,-3.9375],[131.0,-3.9375],[131.0,-3.875],[130.8125,-3.875],[130.8125,-3.8125],[130.875,-3.8125],[130.875,-3.75],[130.9375,-3.75],[130.9375,-3.8125]]],[[[127.375,-3.5625],[127.25,-3.5625],[127.25,-3.3125],[127.375,-3.375],[127.375,-3.5625]]],[[[127.625,-3.1875],[127.625,-3.125],[127.9375,-3.125],[127.9375,-3.25],[127.875,-3.25],[127.875,-3.1875],[127.6875,-3.1875],[127.625,-3.3125],[127.5,-3.3125],[127.5,-3.1875],[127.625,-3.1875]]],[[[132.875,-2.6875],[132.8125,-2.6875],[132.8125,-2.625],[132.625,-2.625],[132.625,-2.6875],[132.375,-2.6875],[132.375,-2.625],[132.1875,-2.625],[132.1875,-2.6875],[132.0625,-2.75],[132.0625,-2.875],[131.9375,-2.8125],[131.9375,-2.625],[132.0,-2.625],[132.0,-2.375],[132.0625,-2.375],[132.0625,-2.3125],[132.1875,-2.25],[132.1875,-2.125],[132.25,-2.125],[132.25,-2.1875],[132.625,-2.1875],[132.625,-2.25],[133.0625,-2.25],[133.0625,-2.1875],[133.6875,-2.1875],[133.6875,-2.25],[133.75,-2.25],[133.75,-2.375],[133.6875,-2.375],[133.625,-2.5],[133.4375,-2.5],[133.4375,-2.4375],[133.0625,-2.4375],[133.0625,-2.5],[133.0,-2.5],[133.0,-2.5625],[132.9375,-2.5625],[132.875,-2.6875]]],[[[126.0,-2.4375],[126.0,-2.375],[125.9375,-2.375],[125.9375,-2.25],[126.125,-2.25],[126.125,-2.3125],[126.0625,-2.3125],[126.0625,-2.4375],[126.0,-2.4375]]],[[[137.0,-1.875],[136.875,-1.875],[136.875,-1.75],[137.1875,-1.75],[137.1875,-1.8125],[137.0,-1.8125],[137.0,-1.875]]],[[[123.5625,-1.6875],[123.375,-1.6875],[123.375,-1.75],[123.3125,-1.75],[123.3125,-1.5625],[123.25,-1.5625],[123.25,-1.5],[123.375,-1.5],[123.375,-1.4375],[124.0,-1.4375],[124.0,-1.5],[124.25,-1.5],[124.25,-1.5625],[124.4375,-1.5625],[124.4375,-1.6875],[124.375,-1.6875],[124.375,-2.0],[124.3125,-2.0],[124.3125,-1.9375],[124.0,-1.9375],[124.0,-2.125],[123.9375,-2.125],[123.875,-2.0],[123.6875,-2.0],[123.6875,-2.125],[123.625,-2.125],[123.625,-1.9375],[123.4375,-1.9375],[123.4375,-1.875],[123.5625,-1.875],[123.5625,-1.6875]]],[[[129.8125,-1.6875],[129.8125,-1.875],[129.75,-1.875],[129.75,-1.8125],[129.6875,-1.8125],[129.625,-1.6875],[129.8125,-1.6875]]],[[[130.5,-1.3125],[130.5,-1.125],[130.75,-1.125],[130.75,-1.1875],[130.8125,-1.1875],[130.8125,-1.25],[130.5625,-1.25],[130.5625,-1.4375],[130.625,-1.4375],[130.625,-1.625],[130.6875,-1.625],[130.6875,-1.6875],[130.75,-1.6875],[130.75,-2.0],[130.5,-2.0],[130.5,-1.875],[130.4375,-1.875],[130.4375,-1.75],[130.3125,-1.6875],[130.3125,-1.375],[130.375,-1.375],[130.375,-1.3125],[130.5,-1.3125]]],[[[135.125,-1.5],[135.125,-1.4375],[135.375,-1.4375],[135.375,-1.375],[135.5,-1.375],[135.5,-1.625],[135.4375,-1.625],[135.4375,-1.5],[135.125,-1.5]]],[[[130.875,-1.25],[130.875,-1.3125],[130.9375,-1.3125],[130.9375,-1.375],[131.0625,-1.375],[131.0625,-1.4375],[130.875,-1.4375],[130.875,-1.375],[130.8125,-1.375],[130.8125,-1.25],[130.875,-1.25]]],[[[122.5625,-1.3125],[122.5625,-1.25],[122.8125,-1.25],[122.8125,-1.125],[122.9375,-1.125],[122.9375,-1.1875],[122.875,-1.1875],[122.875,-1.3125],[122.5625,-1.3125]]],[[[123.3125,-1.1875],[123.3125,-1.125],[123.1875,-1.125],[123.1875,-1.0625],[123.125,-1.0625],[123.125,-0.9375],[123.25,-0.9375],[123.25,-1.0],[123.375,-1.0],[123.375,-1.0625],[123.5,-1.125],[123.5,-1.1875],[123.3125,-1.1875]]],[[[131.0625,-0.6875],[131.0625,-0.75],[131.0,-0.75],[131.0,-0.875],[130.8125,-0.875],[130.8125,-0.9375],[130.625,-0.9375],[130.625,-0.875],[130.375,-0.875],[130.375,-0.6875],[130.5,-0.6875],[130.5,-0.4375],[130.75,-0.4375],[130.75,-0.5625],[130.8125,-0.5625],[130.8125,-0.6875],[131.0625,-0.6875]]],[[[129.8125,0.4375],[129.9375,0.4375],[129.9375,0.375],[130.0,0.375],[130.0,0.3125],[130.0625,0.3125],[130.125,0.1875],[130.5,0.1875],[130.5,0.125],[130.375,0.125],[130.375,-0.0625],[130.3125,-0.0625],[130.3125,-0.25],[130.1875,-0.25],[130.1875,-0.1875],[130.0625,-0.1875],[130.0625,0.125],[129.9375,0.1875],[129.9375,0.3125],[129.875,0.3125],[129.8125,0.4375]]],[[[129.125,0.6875],[128.9375,0.6875],[128.9375,0.625],[128.8125,0.5625],[128.8125,0.75],[129.125,0.75],[129.125,0.6875]]],[[[125.125,1.9375],[125.125,1.875],[125.1875,1.875],[125.1875,1.6875],[125.125,1.6875],[125.125,1.75],[125.0,1.75],[125.0,1.8125],[125.0625,1.8125],[125.0625,1.9375],[125.125,1.9375]]],[[[125.5,2.4375],[125.5,2.3125],[125.4375,2.3125],[125.4375,2.125],[125.375,2.125],[125.375,2.375],[125.5,2.4375]]],[[[119.25,4.8125],[119.25,4.875],[119.375,4.875],[119.375,4.9375],[119.5,4.9375],[119.5,5.0],[119.5625,5.0],[119.5625,5.125],[119.6875,5.125],[119.6875,5.25],[119.8125,5.25],[119.875,5.125],[120.0,5.125],[120.0,4.875],[119.9375,4.875],[119.9375,4.8125],[119.8125,4.8125],[119.8125,4.75],[119.625,4.75],[119.625,4.625],[119.4375,4.625],[119.375,4.5],[119.3125,4.5],[119.25,4.625],[119.0,4.625],[119.0,4.75],[119.125,4.75],[119.125,4.8125],[119.25,4.8125]]],[[[125.375,5.375],[125.375,5.5],[125.4375,5.5],[125.4375,5.5625],[125.625,5.5625],[125.625,5.4375],[125.5,5.4375],[125.5,5.375],[125.375,5.375]]],[[[122.0,6.3125],[121.875,6.25],[121.875,6.125],[121.8125,6.125],[121.8125,6.0625],[121.6875,6.0625],[121.625,5.9375],[121.4375,5.9375],[121.4375,5.875],[121.125,5.875],[121.125,5.75],[121.0625,5.75],[121.0625,5.625],[121.0,5.625],[120.9375,5.5],[120.8125,5.5],[120.8125,5.4375],[120.6875,5.4375],[120.6875,5.25],[120.5,5.25],[120.5,5.125],[120.3125,5.125],[120.3125,5.0625],[120.25,5.0625],[120.25,5.3125],[120.125,5.3125],[120.125,5.375],[120.1875,5.375],[120.1875,5.5],[120.3125,5.5],[120.3125,5.5625],[120.4375,5.5625],[120.4375,5.6875],[120.625,5.6875],[120.625,5.75],[120.6875,5.75],[120.6875,5.8125],[120.75,5.8125],[120.75,5.875],[120.8125,5.875],[120.875,6.0],[121.0,6.0],[121.0,5.9375],[121.3125,5.9375],[121.3125,6.125],[121.375,6.125],[121.375,6.3125],[121.1875,6.3125],[121.1875,6.375],[120.875,6.375],[120.875,6.3125],[120.75,6.3125],[120.75,6.25],[120.625,6.25],[120.625,6.125],[120.5625,6.125],[120.5,6.0],[120.375,6.0],[120.375,5.875],[119.8125,5.875],[119.8125,5.8125],[119.625,5.8125],[119.625,5.75],[119.5625,5.75],[119.5625,5.5625],[119.5,5.5625],[119.5,5.375],[119.625,5.375],[119.625,5.3125],[119.5,5.3125],[119.5,5.1875],[119.375,5.1875],[119.375,5.125],[119.25,5.125],[119.25,5.1875],[119.3125,5.1875],[119.3125,5.375],[119.1875,5.4375],[119.1875,5.625],[119.25,5.625],[119.25,5.8125],[119.5625,5.8125],[119.5625,5.875],[119.6875,5.875],[119.6875,5.9375],[120.0625,5.9375],[120.0625,6.0],[120.25,6.0],[120.25,6.125],[120.4375,6.125],[120.4375,6.25],[120.5,6.25],[120.5,6.375],[120.625,6.375],[120.6875,6.5],[120.8125,6.5],[120.8125,6.5625],[120.9375,6.5625],[120.9375,6.625],[121.0625,6.625],[121.0625,6.6875],[121.125,6.6875],[121.125,6.75],[121.25,6.75],[121.25,6.8125],[121.5625,6.8125],[121.5625,6.875],[121.625,6.875],[121.6875,7.0],[121.875,7.0],[121.875,7.0625],[122.0,7.0625],[122.0,7.0],[122.3125,7.0],[122.3125,6.875],[122.4375,6.8125],[122.4375,6.75],[122.375,6.75],[122.375,6.625],[122.3125,6.625],[122.3125,6.6875],[122.1875,6.6875],[122.1875,6.75],[122.0,6.75],[122.0,6.6875],[121.9375,6.6875],[121.9375,6.5],[122.0,6.5],[122.0625,6.375],[122.0,6.375],[122.0,6.3125]]],[[[123.375,9.625],[123.375,9.5],[123.4375,9.5],[123.4375,9.4375],[123.25,9.4375],[123.25,9.5625],[123.375,9.625]]],[[[125.625,9.9375],[125.625,9.875],[125.75,9.875],[125.75,9.75],[125.6875,9.75],[125.6875,9.6875],[125.625,9.6875],[125.625,9.8125],[125.5625,9.8125],[125.5625,9.9375],[125.625,9.9375]]],[[[125.1875,10.625],[125.1875,10.6875],[125.5,10.6875],[125.5,10.75],[125.625,10.75],[125.625,11.0],[125.6875,11.0],[125.6875,11.125],[125.75,11.125],[125.75,11.0625],[125.8125,11.0625],[125.8125,11.0],[125.9375,10.9375],[125.9375,10.8125],[126.0,10.8125],[126.0,10.625],[125.9375,10.625],[125.9375,10.375],[126.0625,10.375],[126.0625,10.3125],[125.5625,10.3125],[125.5625,10.125],[125.375,10.125],[125.375,10.25],[125.25,10.25],[125.25,10.625],[125.1875,10.625]]],[[[124.25,13.0],[124.3125,13.0],[124.3125,12.875],[124.625,12.875],[124.625,12.8125],[124.6875,12.8125],[124.6875,12.75],[124.5625,12.75],[124.5625,12.625],[124.5,12.625],[124.5,12.5625],[124.375,12.5625],[124.375,12.375],[124.125,12.375],[124.125,12.4375],[124.0,12.5],[124.0,12.625],[124.125,12.625],[124.125,12.75],[124.1875,12.75],[124.1875,12.875],[124.25,12.875],[124.25,13.0]]],[[[122.0,19.0],[121.9375,19.0],[121.9375,18.8125],[121.875,18.8125],[121.875,19.125],[121.9375,19.125],[122.0,19.0]]],[[[121.375,19.375],[121.375,19.4375],[121.5,19.4375],[121.5,19.6875],[121.5625,19.6875],[121.5625,19.3125],[121.625,19.3125],[121.625,19.25],[121.3125,19.25],[121.3125,19.0],[121.4375,18.9375],[121.4375,18.875],[121.3125,18.8125],[121.3125,18.625],[121.1875,18.625],[121.1875,18.6875],[121.0625,18.6875],[121.0625,18.75],[121.1875,18.8125],[121.1875,19.3125],[121.25,19.3125],[121.25,19.375],[121.375,19.375]]],[[[122.0,21.125],[122.0,20.6875],[122.0625,20.6875],[122.0625,20.4375],[122.125,20.4375],[122.125,20.375],[122.0,20.375],[122.0,20.25],[121.9375,20.25],[121.9375,20.1875],[121.875,20.1875],[121.875,20.0625],[121.8125,20.0625],[121.8125,20.4375],[121.9375,20.4375],[121.9375,20.6875],[121.8125,20.6875],[121.8125,20.8125],[121.9375,20.875],[121.9375,21.125],[122.0,21.125]]],[[[120.75,21.75],[120.75,21.875],[120.6875,21.875],[120.6875,22.0],[120.9375,22.0],[120.9375,21.625],[120.875,21.625],[120.875,21.75],[120.75,21.75]]],[[[119.5,25.4375],[119.6875,25.4375],[119.6875,25.5],[119.875,25.5],[119.875,25.5625],[120.0,25.5],[120.0,25.4375],[119.875,25.4375],[119.875,25.3125],[119.8125,25.3125],[119.8125,25.25],[119.5,25.25],[119.5,25.4375]]],[[[121.9375,25.125],[121.9375,25.1875],[121.75,25.1875],[121.6875,25.3125],[121.5,25.3125],[121.5,25.25],[121.375,25.25],[121.375,25.1875],[121.25,25.1875],[121.25,25.125],[121.125,25.125],[121.125,25.0625],[121.0,25.0625],[121.0,25.0],[120.9375,25.0],[120.9375,25.0625],[120.875,25.0625],[120.875,25.1875],[120.8125,25.1875],[120.8125,25.5],[120.875,25.5],[120.875,25.625],[120.9375,25.625],[120.9375,25.8125],[121.0,25.8125],[121.0,25.9375],[121.0625,25.9375],[121.0625,26.0],[121.1875,26.0],[121.1875,26.125],[121.25,26.125],[121.25,26.1875],[121.3125,26.1875],[121.375,26.3125],[121.5,26.3125],[121.5625,26.4375],[121.6875,26.375],[121.6875,26.0625],[121.8125,26.0625],[121.8125,26.0],[122.0,26.0],[122.0,25.125],[121.9375,25.125]]],[[[119.8125,26.5],[119.8125,26.625],[119.6875,26.625],[119.6875,26.6875],[119.9375,26.6875],[119.9375,26.625],[119.875,26.625],[119.875,26.5],[119.8125,26.5]]],[[[121.0625,27.4375],[121.0625,27.6875],[121.0,27.6875],[121.0,27.8125],[121.0625,27.8125],[121.0625,28.0],[121.125,28.0],[121.125,28.1875],[121.1875,28.1875],[121.1875,28.125],[121.375,28.125],[121.375,28.1875],[121.5625,28.1875],[121.5625,28.0625],[121.625,28.0625],[121.625,28.0],[121.5,28.0],[121.5,27.9375],[121.4375,27.9375],[121.4375,27.8125],[121.3125,27.8125],[121.3125,27.75],[121.25,27.75],[121.25,27.625],[121.1875,27.625],[121.1875,27.5625],[121.125,27.5625],[121.125,27.4375],[121.0625,27.4375]]],[[[121.5,34.4375],[121.625,34.4375],[121.625,34.375],[122.0,34.375],[122.0,29.9375],[121.875,29.9375],[121.875,30.0],[121.6875,30.0],[121.6875,30.0625],[121.5625,30.125],[121.5625,30.25],[121.5,30.25],[121.5,30.3125],[121.375,30.3125],[121.375,30.375],[121.1875,30.375],[121.1875,30.3125],[121.0625,30.3125],[121.0625,30.25],[120.9375,30.3125],[120.9375,30.4375],[121.0,30.4375],[121.0,30.5625],[121.0625,30.5625],[121.0625,30.625],[121.1875,30.625],[121.1875,30.6875],[121.3125,30.6875],[121.3125,30.75],[121.4375,30.75],[121.5,30.875],[121.875,30.875],[121.875,31.1875],[121.8125,31.1875],[121.8125,31.3125],[121.75,31.3125],[121.75,31.375],[121.625,31.375],[121.625,31.4375],[121.5,31.4375],[121.5,31.5],[121.375,31.5],[121.375,31.5625],[121.3125,31.5625],[121.3125,31.625],[121.1875,31.6875],[121.1875,31.75],[121.3125,31.75],[121.375,31.625],[121.5625,31.625],[121.5625,31.5625],[121.75,31.5625],[121.75,31.75],[121.875,31.75],[121.875,32.0],[121.625,32.125],[121.625,32.3125],[121.5625,32.3125],[121.5625,32.5],[121.5,32.5],[121.5,32.875],[121.4375,32.875],[121.375,33.0],[121.0,33.0],[121.0,32.875],[120.9375,32.875],[120.9375,33.0625],[120.875,33.0625],[120.875,33.125],[120.75,33.1875],[120.75,33.3125],[120.6875,33.3125],[120.6875,33.4375],[120.625,33.4375],[120.625,33.5625],[120.5625,33.5625],[120.5625,33.8125],[120.4375,33.875],[120.4375,34.0625],[120.375,34.0625],[120.375,34.25],[120.3125,34.25],[120.3125,34.375],[120.1875,34.375],[120.1875,34.4375],[120.0625,34.4375],[120.0625,34.5],[119.8125,34.5],[119.8125,34.5625],[119.75,34.5625],[119.75,34.6875],[120.0,34.8125],[120.0,35.0625],[119.875,35.0625],[119.8125,35.1875],[119.5625,35.1875],[119.5,35.0625],[119.375,35.0625],[119.375,35.125],[119.5,35.1875],[119.5,35.3125],[119.5625,35.3125],[119.5625,35.4375],[119.8125,35.4375],[119.8125,35.625],[119.875,35.625],[119.875,35.6875],[120.0,35.6875],[120.0625,35.8125],[120.25,35.8125],[120.25,35.625],[120.3125,35.625],[120.3125,35.4375],[120.25,35.4375],[120.25,35.1875],[120.375,35.1875],[120.375,35.0625],[120.4375,35.0625],[120.4375,35.0],[120.625,35.0],[120.625,34.8125],[120.9375,34.8125],[120.9375,34.75],[121.25,34.75],[121.25,34.8125],[121.3125,34.8125],[121.3125,34.6875],[121.375,34.6875],[121.375,34.5625],[121.4375,34.5625],[121.5,34.4375]]],[[[121.9375,28.9375],[121.9375,29.0],[121.8125,29.0],[121.75,29.125],[122.0,29.125],[122.0,28.9375],[121.9375,28.9375]]],[[[121.625,35.3125],[121.375,35.3125],[121.4375,35.4375],[121.6875,35.4375],[121.625,35.3125]]],[[[120.75,36.0],[120.625,36.0],[120.625,36.125],[120.75,36.1875],[120.75,36.25],[120.8125,36.25],[120.8125,36.125],[120.75,36.125],[120.75,36.0]]],[[[121.375,39.125],[121.375,39.0625],[121.25,39.0625],[121.25,39.0],[121.125,39.0],[121.125,38.8125],[121.5,38.8125],[121.5,38.875],[121.6875,38.875],[121.6875,38.9375],[121.8125,38.9375],[121.8125,39.0],[122.0,39.0],[122.0,38.8125],[121.875,38.8125],[121.875,38.75],[121.8125,38.75],[121.8125,38.6875],[121.75,38.6875],[121.6875,38.5625],[121.5625,38.5625],[121.5625,38.5],[121.4375,38.5],[121.375,38.375],[121.25,38.375],[121.25,38.3125],[121.125,38.3125],[121.125,38.1875],[121.0625,38.1875],[121.0625,37.8125],[120.9375,37.8125],[120.9375,37.875],[120.75,37.875],[120.75,37.8125],[120.5625,37.8125],[120.5625,38.5],[120.5,38.5],[120.5,38.625],[120.375,38.6875],[120.375,39.0],[120.25,39.0],[120.25,39.0625],[120.3125,39.0625],[120.3125,39.1875],[120.375,39.1875],[120.375,39.3125],[120.4375,39.3125],[120.5,39.4375],[120.625,39.4375],[120.625,39.5],[120.6875,39.5],[120.6875,39.5625],[120.75,39.5625],[120.75,39.625],[120.8125,39.625],[120.8125,39.6875],[120.875,39.6875],[120.875,39.75],[120.9375,39.75],[120.9375,39.8125],[121.0,39.8125],[121.0,39.875],[121.0625,39.875],[121.0625,39.9375],[121.125,39.9375],[121.1875,40.0625],[121.375,40.0625],[121.375,40.1875],[121.4375,40.1875],[121.4375,40.25],[121.8125,40.25],[121.8125,40.1875],[122.0,40.1875],[121.9375,40.0625],[121.875,40.0625],[121.875,40.125],[121.6875,40.125],[121.6875,39.9375],[121.625,39.9375],[121.625,39.875],[121.5,39.875],[121.5,39.75],[121.4375,39.75],[121.4375,39.6875],[121.3125,39.625],[121.3125,39.3125],[121.25,39.3125],[121.25,39.125],[121.375,39.125]]],[[[120.4375,40.125],[120.4375,40.25],[120.5625,40.3125],[120.5625,40.25],[120.625,40.25],[120.625,40.1875],[120.6875,40.1875],[120.75,40.0625],[120.5,40.0625],[120.5,40.125],[120.4375,40.125]]],[[[137.5625,54.75],[137.5625,54.8125],[137.625,54.8125],[137.625,54.6875],[137.8125,54.6875],[137.8125,54.75],[137.9375,54.75],[138.0,54.875],[138.25,54.875],[138.25,54.8125],[138.3125,54.8125],[138.3125,54.625],[138.125,54.625],[138.125,54.5625],[138.0,54.5625],[138.0,54.5],[137.75,54.5],[137.75,54.4375],[137.375,54.4375],[137.375,54.375],[137.3125,54.375],[137.3125,54.25],[137.1875,54.25],[137.1875,54.0625],[136.75,54.0625],[136.75,54.125],[136.8125,54.125],[136.8125,54.6875],[136.4375,54.6875],[136.4375,54.625],[136.3125,54.625],[136.3125,54.6875],[136.25,54.6875],[136.25,54.875],[136.125,54.875],[136.125,54.9375],[135.625,54.9375],[135.5625,54.8125],[135.5,54.8125],[135.5,54.9375],[135.375,54.9375],[135.375,55.0625],[135.75,55.0625],[135.75,55.1875],[135.875,55.1875],[135.875,55.25],[136.0,55.25],[136.0,55.3125],[136.1875,55.3125],[136.1875,55.375],[136.25,55.375],[136.3125,55.5],[136.5,55.5],[136.5625,55.625],[136.6875,55.625],[136.6875,55.6875],[136.8125,55.6875],[136.8125,55.75],[136.9375,55.75],[136.9375,55.8125],[137.0625,55.8125],[137.0625,55.875],[137.1875,55.875],[137.1875,55.9375],[137.3125,55.9375],[137.3125,56.0],[137.4375,56.0],[137.4375,56.0625],[137.75,56.0625],[137.75,55.9375],[137.875,55.875],[137.875,55.5625],[137.9375,55.5625],[137.9375,55.4375],[138.0,55.4375],[138.0,55.25],[137.9375,55.25],[137.9375,55.125],[137.875,55.125],[137.875,55.1875],[137.5625,55.1875],[137.5625,55.125],[137.5,55.125],[137.5,55.0625],[137.375,55.0],[137.375,54.75],[137.5625,54.75]]],[[[170.3125,-72.5],[170.3125,-72.375],[170.25,-72.375],[170.25,-72.3125],[170.625,-72.3125],[170.625,-72.375],[170.75,-72.375],[170.75,-72.4375],[170.5625,-72.4375],[170.5625,-72.375],[170.375,-72.375],[170.375,-72.5],[170.3125,-72.5]]],[[[170.75,-71.6875],[170.75,-71.625],[170.625,-71.625],[170.625,-71.5625],[170.1875,-71.5625],[170.1875,-71.5],[170.0625,-71.5],[170.0625,-71.4375],[170.25,-71.4375],[170.25,-71.5],[170.8125,-71.5],[170.8125,-71.4375],[170.9375,-71.4375],[170.9375,-71.5],[171.1875,-71.5],[171.1875,-71.5625],[171.375,-71.5625],[171.4375,-71.6875],[171.375,-71.6875],[171.375,-71.8125],[171.3125,-71.8125],[171.3125,-71.875],[171.25,-71.875],[171.1875,-72.0],[170.8125,-72.0],[170.8125,-71.875],[170.875,-71.875],[170.875,-71.6875],[170.75,-71.6875]]],[[[158.8125,-54.6875],[158.8125,-54.875],[159.0,-54.875],[159.0,-54.9375],[158.8125,-54.9375],[158.8125,-55.0],[158.6875,-55.0],[158.6875,-54.8125],[158.75,-54.8125],[158.75,-54.6875],[158.8125,-54.6875]]],[[[169.3125,-52.5],[169.1875,-52.5],[169.1875,-52.375],[169.3125,-52.375],[169.3125,-52.4375],[169.375,-52.4375],[169.375,-52.625],[169.3125,-52.625],[169.3125,-52.5]]],[[[166.25,-50.5],[166.125,-50.5],[166.125,-50.4375],[166.25,-50.4375],[166.25,-50.375],[166.5625,-50.375],[166.5625,-50.4375],[166.6875,-50.4375],[166.625,-50.5625],[166.375,-50.5625],[166.375,-50.625],[166.25,-50.625],[166.25,-50.5]]],[[[167.1875,-50.3125],[167.375,-50.3125],[167.375,-50.375],[167.3125,-50.375],[167.3125,-50.4375],[167.125,-50.4375],[167.1875,-50.3125]]],[[[167.375,-48.625],[167.375,-48.5625],[167.625,-48.5625],[167.625,-48.5],[167.6875,-48.5],[167.6875,-48.625],[167.375,-48.625]]],[[[166.8125,-48.4375],[166.875,-48.3125],[167.0,-48.3125],[167.0,-48.25],[167.125,-48.25],[167.125,-48.375],[167.0625,-48.375],[167.0625,-48.4375],[167.0,-48.4375],[167.0,-48.5],[166.875,-48.5625],[166.8125,-48.6875],[166.6875,-48.6875],[166.6875,-48.75],[166.625,-48.75],[166.625,-48.625],[166.5625,-48.625],[166.5625,-48.5625],[166.4375,-48.5625],[166.4375,-48.5],[166.75,-48.5],[166.75,-48.4375],[166.8125,-48.4375]]],[[[167.6875,-48.25],[167.75,-48.25],[167.75,-48.0],[167.875,-48.0],[167.875,-48.0625],[167.9375,-48.0625],[167.9375,-48.1875],[167.875,-48.1875],[167.875,-48.375],[167.8125,-48.375],[167.8125,-48.4375],[167.6875,-48.5],[167.6875,-48.25]]],[[[167.25,-22.5],[167.3125,-22.5],[167.375,-22.625],[167.25,-22.625],[167.25,-22.5625],[167.125,-22.5625],[167.125,-22.4375],[167.25,-22.4375],[167.25,-22.5]]],[[[173.75,-11.9375],[173.6875,-11.9375],[173.6875,-11.8125],[173.9375,-11.8125],[173.9375,-11.875],[173.8125,-11.875],[173.8125,-12.0625],[173.75,-12.0625],[173.75,-11.9375]]],[[[139.375,-8.9375],[138.9375,-8.9375],[138.9375,-9.0],[138.65625,-9.0],[138.625,-8.9375],[138.5,-8.9375],[138.5,-8.875],[138.3125,-8.875],[138.3125,-8.5625],[138.125,-8.5625],[138.125,-8.5],[138.3125,-8.5],[138.3125,-8.375],[138.4375,-8.375],[138.4375,-8.5],[138.6875,-8.5],[138.6875,-8.625],[138.75,-8.625],[138.75,-8.6875],[138.9375,-8.6875],[138.9375,-8.5],[138.8125,-8.4375],[138.8125,-8.375],[138.9375,-8.375],[138.9375,-8.25],[139.5,-8.25],[139.5,-8.3125],[139.6875,-8.3125],[139.6875,-8.1875],[139.875,-8.1875],[139.875,-8.25],[139.9375,-8.25],[139.9375,-8.375],[139.8125,-8.375],[139.8125,-8.5625],[139.875,-8.5625],[139.875,-8.6875],[140.125,-8.6875],[140.125,-8.5],[140.0,-8.5],[140.0,-8.4375],[140.1875,-8.4375],[140.1875,-8.5],[140.25,-8.5],[140.25,-8.5625],[140.375,-8.625],[140.375,-8.75],[140.4375,-8.75],[140.4375,-8.8125],[140.375,-8.8125],[140.375,-9.0],[139.40625,-9.0],[139.375,-8.9375]]],[[[144.125,-7.9375],[144.125,-7.875],[144.3125,-7.875],[144.3125,-7.8125],[144.6875,-7.8125],[144.6875,-7.75],[144.875,-7.75],[144.875,-7.6875],[144.9375,-7.6875],[145.0,-7.8125],[144.75,-7.9375],[144.75,-8.0],[144.0,-8.0],[144.0,-7.9375],[144.125,-7.9375]]],[[[160.0,-8.6875],[160.0625,-8.6875],[160.0625,-8.8125],[160.125,-8.8125],[160.125,-8.9375],[160.0,-8.9375],[159.875,-8.6875],[159.625,-8.6875],[159.625,-8.625],[159.6875,-8.625],[159.6875,-8.375],[159.75,-8.375],[159.75,-8.5],[159.9375,-8.5],[159.9375,-8.5625],[160.0,-8.5625],[160.0,-8.6875]]],[[[160.125,-8.1875],[160.375,-8.1875],[160.375,-8.25],[160.0625,-8.25],[160.0,-8.125],[160.125,-8.125],[160.125,-8.1875]]],[[[158.125,-7.3125],[158.125,-7.25],[158.1875,-7.25],[158.25,-7.375],[158.375,-7.375],[158.375,-7.5625],[158.125,-7.5625],[158.125,-7.5],[157.8125,-7.5],[157.8125,-7.4375],[157.5625,-7.4375],[157.5,-7.3125],[157.5625,-7.3125],[157.5625,-7.25],[157.6875,-7.25],[157.6875,-7.3125],[158.125,-7.3125]]],[[[156.25,-6.875],[156.25,-6.9375],[156.0625,-6.9375],[156.0625,-6.8125],[156.0,-6.8125],[155.9375,-6.6875],[156.4375,-6.6875],[156.4375,-6.5],[156.5,-6.5],[156.5,-6.75],[156.5625,-6.75],[156.5625,-6.8125],[156.375,-6.8125],[156.375,-6.875],[156.25,-6.875]]],[[[149.875,8.75],[149.875,8.6875],[149.8125,8.6875],[149.8125,8.8125],[150.1875,8.8125],[150.1875,8.75],[149.875,8.75]]],[[[139.8125,10.0625],[139.75,10.0625],[139.75,10.1875],[139.875,10.1875],[139.875,10.0],[139.9375,10.0],[139.9375,9.9375],[139.8125,9.9375],[139.8125,10.0625]]],[[[145.6875,15.125],[145.6875,14.9375],[145.625,14.9375],[145.625,15.1875],[145.6875,15.1875],[145.6875,15.25],[145.8125,15.1875],[145.8125,15.125],[145.6875,15.125]]],[[[146.0,43.5],[146.0,43.5625],[146.1875,43.5625],[146.1875,43.625],[146.25,43.625],[146.25,43.5],[146.0,43.5]]],[[[147.125,44.0625],[147.1875,44.1875],[147.5,44.1875],[147.5,44.125],[147.4375,44.125],[147.375,44.0],[147.25,44.0],[147.25,43.9375],[147.1875,43.9375],[147.1875,43.625],[146.625,43.625],[146.625,43.75],[146.5,43.75],[146.5,43.875],[146.625,43.875],[146.625,43.9375],[146.8125,43.9375],[146.8125,44.0],[146.9375,44.0],[146.9375,44.0625],[147.125,44.0625]]],[[[146.125,44.4375],[146.0625,44.4375],[146.0625,44.5625],[146.125,44.5625],[146.125,44.6875],[146.1875,44.6875],[146.1875,44.625],[146.5625,44.625],[146.5625,44.6875],[146.625,44.6875],[146.6875,44.8125],[146.8125,44.8125],[146.8125,44.75],[146.875,44.75],[146.875,44.625],[147.0625,44.625],[147.0625,44.8125],[147.1875,44.8125],[147.1875,44.875],[147.3125,44.875],[147.3125,44.9375],[147.375,44.9375],[147.375,44.8125],[147.5,44.8125],[147.5,44.75],[147.4375,44.75],[147.4375,44.6875],[147.3125,44.625],[147.3125,44.6875],[147.125,44.6875],[147.125,44.5],[147.0625,44.5],[147.0625,44.375],[146.9375,44.375],[146.9375,44.3125],[146.375,44.3125],[146.375,44.4375],[146.3125,44.4375],[146.3125,44.5],[146.125,44.5],[146.125,44.4375]]],[[[149.3125,44.875],[149.125,44.875],[149.0625,44.75],[148.8125,44.75],[148.8125,44.6875],[148.625,44.6875],[148.625,44.625],[148.375,44.625],[148.375,44.8125],[148.5,44.8125],[148.5,44.875],[148.625,44.875],[148.6875,45.0],[148.8125,45.0],[148.8125,45.1875],[148.4375,45.1875],[148.4375,45.3125],[148.6875,45.3125],[148.6875,45.5],[148.625,45.5],[148.625,45.5625],[148.75,45.5625],[148.75,45.6875],[148.8125,45.6875],[148.8125,45.5625],[149.0,45.5625],[149.0,45.625],[149.25,45.625],[149.3125,45.75],[149.5625,45.75],[149.5625,45.875],[149.6875,45.875],[149.6875,45.6875],[149.875,45.6875],[149.875,45.8125],[150.0,45.8125],[150.0,45.6875],[149.875,45.625],[149.875,45.5625],[149.6875,45.5625],[149.625,45.4375],[149.3125,45.4375],[149.3125,45.375],[149.125,45.375],[149.125,45.1875],[149.3125,45.1875],[149.3125,45.0625],[149.375,45.0625],[149.375,45.0],[149.3125,45.0],[149.3125,44.875]]],[[[141.6875,46.0625],[141.75,46.0625],[141.8125,46.1875],[141.9375,46.1875],[141.9375,46.0625],[142.0,46.0625],[142.0,46.0],[141.6875,46.0],[141.6875,46.0625]]],[[[142.1875,46.0625],[142.25,46.0625],[142.25,46.0],[142.1875,46.0],[142.1875,46.0625]]],[[[150.5,46.25],[150.5,46.3125],[150.625,46.3125],[150.625,46.375],[150.6875,46.375],[150.6875,46.4375],[150.75,46.4375],[150.75,46.5],[150.8125,46.5],[150.8125,46.5625],[150.9375,46.625],[150.9375,46.5625],[151.0,46.5625],[151.0,46.3125],[150.9375,46.3125],[150.9375,46.25],[150.75,46.25],[150.75,46.1875],[150.625,46.1875],[150.625,46.125],[150.4375,46.125],[150.4375,46.0625],[150.3125,46.0625],[150.3125,46.0],[150.1875,45.9375],[150.1875,46.125],[150.125,46.125],[150.125,46.1875],[150.3125,46.1875],[150.3125,46.25],[150.5,46.25]]],[[[152.375,47.125],[152.375,47.0],[152.3125,47.0],[152.3125,47.0625],[152.0625,47.0625],[152.0625,46.875],[151.9375,46.875],[151.9375,46.625],[151.8125,46.625],[151.8125,46.6875],[151.6875,46.6875],[151.6875,46.75],[151.75,46.75],[151.75,47.0],[151.9375,47.0],[151.9375,47.125],[152.125,47.125],[152.125,47.1875],[152.1875,47.1875],[152.1875,47.3125],[152.3125,47.3125],[152.375,47.4375],[152.5,47.4375],[152.5,47.5],[152.75,47.5],[152.75,47.625],[152.875,47.625],[152.875,47.75],[153.125,47.875],[153.125,48.0625],[153.25,48.125],[153.25,48.25],[153.375,48.25],[153.375,48.0625],[153.25,48.0],[153.25,47.875],[153.1875,47.875],[153.1875,47.75],[153.125,47.75],[153.125,47.625],[153.0,47.625],[153.0,47.5625],[152.9375,47.5625],[152.875,47.4375],[152.75,47.4375],[152.75,47.3125],[152.5625,47.3125],[152.5625,47.25],[152.5,47.25],[152.5,47.1875],[152.375,47.125]]],[[[154.3125,47.75],[154.375,47.75],[154.375,47.9375],[154.4375,47.9375],[154.4375,48.125],[154.5,48.125],[154.5,48.375],[154.5625,48.375],[154.5625,48.4375],[154.625,48.4375],[154.625,48.5],[154.75,48.5625],[154.75,48.75],[154.875,48.8125],[154.875,48.9375],[155.3125,48.9375],[155.3125,48.875],[155.25,48.875],[155.25,48.75],[155.0625,48.75],[155.0625,48.5],[155.0,48.5],[155.0,48.25],[155.0625,48.25],[155.0625,48.1875],[154.9375,48.1875],[154.9375,48.125],[154.75,48.125],[154.75,48.0625],[154.625,48.0],[154.625,47.875],[154.5625,47.875],[154.5625,47.6875],[154.375,47.6875],[154.375,47.625],[154.3125,47.625],[154.3125,47.75]]],[[[153.875,48.4375],[153.75,48.375],[153.75,48.5],[153.6875,48.5],[153.6875,48.5625],[153.75,48.5625],[153.75,48.6875],[153.9375,48.6875],[153.9375,48.75],[154.0625,48.75],[154.0625,49.0],[153.9375,49.0],[153.9375,49.0625],[154.3125,49.0625],[154.3125,49.25],[154.5,49.25],[154.5,49.3125],[154.5625,49.3125],[154.625,49.4375],[154.8125,49.4375],[154.8125,49.6875],[155.0,49.6875],[155.0,49.8125],[155.0625,49.8125],[155.0625,49.375],[155.0,49.375],[155.0,49.25],[154.9375,49.25],[154.875,49.125],[154.75,49.125],[154.6875,49.0],[154.5,49.0],[154.5,48.875],[154.4375,48.875],[154.4375,48.9375],[154.25,48.9375],[154.25,48.8125],[154.125,48.8125],[154.125,48.6875],[154.0625,48.6875],[154.0625,48.5],[153.875,48.5],[153.875,48.4375]]],[[[155.625,49.5],[155.625,49.4375],[155.5625,49.4375],[155.5,49.3125],[155.375,49.3125],[155.375,49.25],[155.3125,49.25],[155.3125,49.375],[155.25,49.375],[155.25,49.4375],[155.375,49.4375],[155.4375,49.5625],[155.5625,49.5625],[155.5625,49.625],[155.6875,49.625],[155.6875,49.5],[155.625,49.5]]],[[[155.125,49.875],[155.125,50.0625],[155.0625,50.0625],[155.0625,50.1875],[155.125,50.1875],[155.125,50.125],[155.5,50.125],[155.5,50.0625],[155.4375,50.0625],[155.4375,49.9375],[155.25,49.9375],[155.25,49.875],[155.125,49.875]]],[[[156.4375,50.875],[156.4375,50.9375],[156.5625,50.9375],[156.5625,51.0],[156.6875,51.0],[156.6875,51.0625],[156.8125,51.0],[156.8125,50.875],[156.75,50.875],[156.75,50.8125],[156.5,50.8125],[156.5,50.875],[156.4375,50.875]]],[[[179.0625,51.375],[179.0,51.375],[179.0625,51.5],[179.375,51.5],[179.375,51.4375],[179.5,51.4375],[179.5,51.375],[179.4375,51.375],[179.4375,51.25],[179.25,51.25],[179.25,51.3125],[179.0625,51.3125],[179.0625,51.375]]],[[[178.875,51.5625],[178.8125,51.5625],[178.8125,51.625],[178.5,51.625],[178.5,51.6875],[178.375,51.6875],[178.375,51.75],[178.1875,51.75],[178.1875,51.8125],[177.8125,51.8125],[177.8125,51.875],[177.625,51.875],[177.625,52.0625],[177.4375,52.0625],[177.4375,51.875],[177.3125,51.875],[177.3125,51.8125],[177.1875,51.8125],[177.1875,51.875],[177.25,51.875],[177.25,52.0625],[177.3125,52.0625],[177.375,52.1875],[177.4375,52.1875],[177.4375,52.125],[177.625,52.125],[177.625,52.1875],[177.6875,52.1875],[177.6875,52.0],[177.8125,52.0],[177.8125,51.9375],[177.9375,51.9375],[177.9375,51.875],[178.125,51.875],[178.125,52.0],[178.1875,52.0],[178.1875,52.0625],[178.5,52.0625],[178.5625,51.9375],[178.4375,51.9375],[178.4375,51.75],[178.625,51.75],[178.625,51.6875],[178.875,51.6875],[178.875,51.5625]]],[[[179.875,52.3125],[179.875,52.25],[180.0,52.25],[180.0,52.0625],[179.875,52.0625],[179.875,52.0],[179.75,51.9375],[179.75,51.875],[179.5,51.875],[179.5,51.9375],[179.375,51.9375],[179.375,52.0],[179.4375,52.0],[179.4375,52.0625],[179.625,52.0625],[179.625,52.125],[179.8125,52.125],[179.8125,52.3125],[179.875,52.3125]]],[[[141.5,52.1875],[141.4375,52.3125],[141.625,52.3125],[141.625,52.375],[141.6875,52.375],[141.6875,51.9375],[141.75,51.9375],[141.75,51.875],[141.4375,51.875],[141.4375,52.0],[141.625,52.0],[141.625,52.1875],[141.5,52.1875]]],[[[174.5625,52.8125],[174.5625,52.6875],[174.6875,52.6875],[174.6875,52.625],[174.375,52.625],[174.375,52.6875],[174.25,52.6875],[174.25,52.75],[174.5,52.75],[174.5,52.8125],[174.5625,52.8125]]],[[[172.4375,53.0],[172.625,53.0],[172.625,53.0625],[172.6875,53.0625],[172.6875,52.875],[172.5625,52.875],[172.5625,52.9375],[172.3125,52.9375],[172.375,53.0625],[172.4375,53.0625],[172.4375,53.0]]],[[[170.875,53.1875],[171.0,53.1875],[171.0,53.125],[170.9375,53.125],[170.9375,53.0],[170.875,53.0],[170.875,53.125],[170.8125,53.125],[170.75,53.25],[170.875,53.25],[170.875,53.1875]]],[[[138.4375,54.25],[138.4375,54.375],[138.375,54.375],[138.375,54.625],[138.4375,54.625],[138.4375,54.5625],[138.625,54.5625],[138.625,54.5],[138.75,54.5],[138.75,54.4375],[138.875,54.4375],[138.875,54.3125],[138.75,54.3125],[138.75,54.125],[138.8125,54.125],[138.8125,54.0625],[138.6875,54.0625],[138.6875,53.875],[138.75,53.875],[138.75,53.8125],[138.5625,53.8125],[138.5625,54.0625],[138.625,54.0625],[138.625,54.25],[138.4375,54.25]]],[[[168.3125,54.3125],[168.3125,54.375],[168.4375,54.375],[168.4375,54.4375],[168.5625,54.4375],[168.5625,54.3125],[168.3125,54.3125]]],[[[142.75,54.4375],[142.75,54.625],[142.8125,54.625],[142.8125,54.6875],[143.0,54.6875],[143.0,54.625],[143.0625,54.625],[143.0625,54.4375],[142.9375,54.4375],[142.9375,54.375],[142.875,54.375],[142.875,54.4375],[142.75,54.4375]]],[[[144.875,55.375],[144.5,55.375],[144.5,55.3125],[144.375,55.3125],[144.375,55.4375],[144.5,55.4375],[144.5,55.5],[144.6875,55.5],[144.6875,55.6875],[144.875,55.6875],[144.875,55.8125],[144.9375,55.8125],[144.9375,55.875],[145.0,55.875],[145.0625,55.75],[145.5625,55.75],[145.5625,55.6875],[145.9375,55.6875],[145.9375,55.625],[146.125,55.625],[146.1875,55.5],[146.3125,55.5],[146.3125,55.4375],[146.375,55.4375],[146.3125,55.3125],[146.125,55.3125],[146.125,55.375],[145.9375,55.375],[145.9375,55.4375],[145.4375,55.4375],[145.4375,55.5],[144.9375,55.5],[144.875,55.375]]],[[[138.0625,56.1875],[137.9375,56.1875],[137.9375,56.125],[137.75,56.125],[137.8125,56.25],[138.0625,56.25],[138.0625,56.1875]]],[[[163.875,61.3125],[163.875,61.375],[163.6875,61.375],[163.6875,61.125],[163.625,61.125],[163.625,60.9375],[163.5625,60.9375],[163.5625,60.875],[163.3125,60.875],[163.3125,60.8125],[163.0,60.8125],[163.0,60.75],[162.8125,60.75],[162.8125,60.6875],[162.6875,60.6875],[162.6875,60.625],[162.4375,60.625],[162.4375,60.5625],[162.1875,60.5625],[162.1875,60.5],[162.0,60.5],[162.0,60.4375],[161.9375,60.4375],[161.9375,60.3125],[161.875,60.3125],[161.875,60.25],[161.75,60.25],[161.6875,60.125],[161.5625,60.125],[161.5625,60.0625],[161.4375,60.0625],[161.4375,60.0],[161.125,60.0],[161.125,59.9375],[161.0625,59.9375],[161.0625,59.75],[160.9375,59.75],[160.9375,59.6875],[160.875,59.6875],[160.875,59.75],[160.6875,59.75],[160.6875,59.625],[160.625,59.625],[160.625,59.5625],[160.5,59.5625],[160.5,59.5],[160.25,59.5],[160.25,59.4375],[160.125,59.4375],[160.125,59.375],[160.0625,59.375],[160.0625,59.3125],[160.0,59.3125],[159.9375,59.1875],[159.8125,59.1875],[159.8125,59.0625],[159.5,59.0625],[159.5,58.875],[159.625,58.875],[159.625,58.8125],[159.3125,58.8125],[159.3125,58.6875],[159.25,58.6875],[159.25,58.625],[159.0,58.625],[159.0,58.5625],[158.8125,58.5625],[158.8125,58.4375],[158.75,58.4375],[158.75,58.375],[158.625,58.375],[158.625,58.3125],[158.5625,58.3125],[158.5,58.1875],[158.3125,58.1875],[158.3125,58.125],[158.0,58.125],[157.9375,58.0],[157.375,58.0],[157.375,57.9375],[157.1875,57.9375],[157.1875,57.8125],[156.875,57.8125],[156.875,57.75],[156.8125,57.75],[156.8125,57.5625],[156.75,57.5625],[156.6875,57.4375],[156.5625,57.4375],[156.5625,57.375],[156.125,57.375],[156.125,57.4375],[155.9375,57.4375],[155.9375,57.5],[155.75,57.5],[155.75,57.8125],[155.4375,57.8125],[155.4375,57.875],[155.375,57.875],[155.375,57.9375],[155.3125,57.9375],[155.3125,58.0],[155.25,58.0],[155.1875,58.125],[155.0625,58.125],[155.0625,58.1875],[154.9375,58.1875],[154.875,58.3125],[154.6875,58.3125],[154.6875,58.375],[154.4375,58.375],[154.4375,58.4375],[154.375,58.4375],[154.3125,58.5625],[154.1875,58.5625],[154.1875,58.6875],[154.125,58.6875],[154.0625,58.8125],[153.9375,58.8125],[153.9375,58.9375],[153.875,58.9375],[153.875,59.0625],[153.9375,59.0625],[153.9375,59.125],[154.5,59.125],[154.5,59.1875],[154.875,59.1875],[154.875,59.25],[155.125,59.25],[155.125,59.4375],[155.0625,59.4375],[155.0625,59.5625],[156.0,59.5625],[156.0,59.625],[156.375,59.625],[156.375,59.5625],[156.5625,59.5625],[156.5625,59.625],[157.1875,59.625],[157.25,59.5],[157.4375,59.5],[157.4375,59.4375],[157.625,59.4375],[157.625,59.5],[157.75,59.5],[157.75,59.6875],[157.6875,59.6875],[157.6875,59.75],[157.8125,59.75],[157.8125,59.6875],[157.9375,59.6875],[157.9375,59.5625],[158.0,59.5625],[158.0,59.5],[158.125,59.5],[158.125,59.4375],[158.25,59.4375],[158.25,59.375],[158.4375,59.375],[158.4375,59.3125],[159.0,59.3125],[159.0,59.375],[159.125,59.375],[159.125,59.4375],[159.25,59.4375],[159.25,59.5625],[159.375,59.5625],[159.375,59.625],[159.4375,59.625],[159.5,59.75],[160.125,59.75],[160.125,59.9375],[160.0625,59.9375],[160.0625,60.0625],[160.0,60.0625],[160.0,60.1875],[159.9375,60.1875],[159.9375,60.4375],[160.0,60.4375],[160.0,60.5625],[160.0625,60.5625],[160.0625,60.6875],[160.125,60.6875],[160.1875,60.8125],[160.25,60.8125],[160.25,60.75],[160.6875,60.75],[160.6875,60.8125],[160.8125,60.8125],[160.8125,60.875],[161.0,60.875],[161.0,60.9375],[161.0625,60.9375],[161.0625,61.0],[161.1875,61.0],[161.1875,61.0625],[161.375,61.0625],[161.375,61.125],[161.5,61.125],[161.5,61.1875],[161.625,61.1875],[161.6875,61.3125],[161.875,61.3125],[161.875,61.375],[162.0,61.375],[162.0,61.5],[162.1875,61.5],[162.1875,61.5625],[162.4375,61.5625],[162.4375,61.625],[162.5,61.625],[162.5,61.5625],[162.6875,61.5625],[162.6875,61.625],[163.25,61.625],[163.25,61.8125],[163.1875,61.8125],[163.1875,61.875],[163.125,61.875],[163.0625,62.0],[163.125,62.0],[163.125,62.1875],[163.1875,62.1875],[163.1875,62.3125],[163.25,62.3125],[163.25,62.5],[163.4375,62.5],[163.4375,62.625],[163.625,62.625],[163.6875,62.5],[164.5,62.5],[164.4375,62.375],[164.25,62.375],[164.25,62.3125],[164.125,62.3125],[164.125,61.875],[164.0625,61.875],[164.0625,61.75],[164.0,61.75],[164.0,61.6875],[163.875,61.6875],[163.875,61.5],[164.0,61.5],[164.0,61.3125],[163.875,61.3125]]],[[[178.0,62.125],[178.0625,62.0],[178.0,62.0],[178.0,61.9375],[177.875,61.875],[177.875,61.8125],[177.8125,61.8125],[177.8125,61.6875],[177.75,61.6875],[177.75,61.9375],[177.6875,61.9375],[177.6875,62.0],[177.5625,62.0],[177.5625,62.0625],[177.9375,62.0625],[177.9375,62.125],[178.0,62.125]]],[[[179.125,62.125],[179.125,62.1875],[178.9375,62.1875],[178.9375,62.3125],[179.0,62.3125],[179.0,62.375],[179.1875,62.375],[179.1875,62.3125],[179.375,62.3125],[179.375,62.25],[179.3125,62.25],[179.25,62.125],[179.125,62.125]]],[[[164.875,62.5],[164.5,62.5],[164.5,62.5625],[164.6875,62.5625],[164.6875,62.625],[164.8125,62.625],[164.875,62.5]]],[[[178.5,64.375],[178.25,64.375],[178.25,64.5],[178.375,64.5625],[178.375,64.625],[178.5625,64.625],[178.5625,64.5],[178.5,64.5],[178.5,64.375]]]]}}]}